source_doc,source_pdf,source_page,reference_page,classification,assigned_to_block,block_start_page,block_reference_start,office,funding_year,word_count,visual_row_count,reason
113sdoc22,GPO-CDOC-113sdoc22.pdf,10,10,other,False,,,,,0,0,non_data
113sdoc22,GPO-CDOC-113sdoc22.pdf,11,11,other,False,,,,,138,44,non_data
113sdoc22,GPO-CDOC-113sdoc22.pdf,12,12,other,False,,,,,194,38,non_data
113sdoc22,GPO-CDOC-113sdoc22.pdf,13,13,other,False,,,,,181,42,non_data
113sdoc22,GPO-CDOC-113sdoc22.pdf,14,14,other,False,,,,,145,43,non_data
113sdoc22,GPO-CDOC-113sdoc22.pdf,15,15,other,False,,,,,136,46,non_data
113sdoc22,GPO-CDOC-113sdoc22.pdf,16,16,other,False,,,,,65,24,non_data
113sdoc22,GPO-CDOC-113sdoc22.pdf,17,17,banner,True,17,17,CHAIRMAN MAJORITY CONFERENCE COMMITTEE (D),2012,57,27,block_start
113sdoc22,GPO-CDOC-113sdoc22.pdf,18,18,banner,True,18,18,CHAIRMAN MAJORITY CONFERENCE COMMITTEE (D),2013,54,26,block_start
113sdoc22,GPO-CDOC-113sdoc22.pdf,19,19,banner,True,19,19,CHAIRMAN MAJORITY CONFERENCE COMMITTEE (D),2014,54,26,block_start
113sdoc22,GPO-CDOC-113sdoc22.pdf,20,20,banner,True,20,20,CHAIRMAN MAJORITY POLICY COMMITTEE (D),2012,54,26,block_start
113sdoc22,GPO-CDOC-113sdoc22.pdf,21,21,banner,True,21,21,CHAIRMAN MAJORITY POLICY COMMITTEE (D),2013,54,26,block_start
113sdoc22,GPO-CDOC-113sdoc22.pdf,22,22,banner,True,22,22,CHAIRMAN MAJORITY POLICY COMMITTEE (D),2014,54,26,block_start
113sdoc22,GPO-CDOC-113sdoc22.pdf,23,23,banner,True,23,23,MAJORITY LEADER (D),2012,54,26,block_start
113sdoc22,GPO-CDOC-113sdoc22.pdf,24,24,banner,True,24,24,MAJORITY LEADER (D),2013,54,26,block_start
113sdoc22,GPO-CDOC-113sdoc22.pdf,25,25,banner,True,25,25,MAJORITY LEADER (D),2014,54,26,block_start
113sdoc22,GPO-CDOC-113sdoc22.pdf,26,26,banner,True,26,26,MAJORITY WHIP (D),2012,55,27,block_start
113sdoc22,GPO-CDOC-113sdoc22.pdf,27,27,banner,True,27,27,MAJORITY WHIP (D),2013,55,27,block_start
113sdoc22,GPO-CDOC-113sdoc22.pdf,28,28,banner,True,28,28,MAJORITY WHIP (D),2014,55,27,block_start
113sdoc22,GPO-CDOC-113sdoc22.pdf,29,29,banner,True,29,29,OFFICE OF THE VICE PRESIDENT (D) - BIDEN,2012,55,27,block_start
113sdoc22,GPO-CDOC-113sdoc22.pdf,30,30,banner,True,30,30,OFFICE OF THE VICE PRESIDENT (D) - BIDEN,2013,58,28,block_start
113sdoc22,GPO-CDOC-113sdoc22.pdf,31,31,banner,True,31,31,OFFICE OF THE VICE PRESIDENT (D) - BIDEN,2014,55,27,block_start
113sdoc22,GPO-CDOC-113sdoc22.pdf,32,32,banner,True,32,32,PRESIDENT PRO TEMPORE (D),2012,64,30,block_start
113sdoc22,GPO-CDOC-113sdoc22.pdf,33,33,banner,True,33,33,PRESIDENT PRO TEMPORE (D),2013,62,29,block_start
113sdoc22,GPO-CDOC-113sdoc22.pdf,34,34,banner,True,34,34,PRESIDENT PRO TEMPORE (D),2014,62,29,block_start
113sdoc22,GPO-CDOC-113sdoc22.pdf,35,35,banner,True,35,35,MINORITY LEADER (R),2012,58,28,block_start
113sdoc22,GPO-CDOC-113sdoc22.pdf,36,36,banner,True,36,36,MINORITY LEADER (R),2013,61,29,block_start
113sdoc22,GPO-CDOC-113sdoc22.pdf,37,37,banner,True,37,37,MINORITY LEADER (R),2014,83,35,block_start
113sdoc22,GPO-CDOC-113sdoc22.pdf,38,38,banner,True,38,38,MINORITY WHIP (R),2012,55,27,block_start
113sdoc22,GPO-CDOC-113sdoc22.pdf,39,39,banner,True,39,39,MINORITY WHIP (R),2013,55,27,block_start
113sdoc22,GPO-CDOC-113sdoc22.pdf,40,40,banner,True,40,40,MINORITY WHIP (R),2014,55,27,block_start
113sdoc22,GPO-CDOC-113sdoc22.pdf,41,41,banner,True,41,41,CHAIRMAN MINORITY CONFERENCE COMMITTEE (R),2012,55,27,block_start
113sdoc22,GPO-CDOC-113sdoc22.pdf,42,42,banner,True,42,42,CHAIRMAN MINORITY CONFERENCE COMMITTEE (R),2013,55,27,block_start
113sdoc22,GPO-CDOC-113sdoc22.pdf,43,43,banner,True,43,43,CHAIRMAN MINORITY CONFERENCE COMMITTEE (R),2014,55,27,block_start
113sdoc22,GPO-CDOC-113sdoc22.pdf,44,44,banner,True,44,44,CHAIRMAN MINORITY POLICY COMMITTEE (R),2012,55,27,block_start
113sdoc22,GPO-CDOC-113sdoc22.pdf,45,45,banner,True,45,45,CHAIRMAN MINORITY POLICY COMMITTEE (R),2013,55,27,block_start
113sdoc22,GPO-CDOC-113sdoc22.pdf,46,46,banner,True,46,46,CHAIRMAN MINORITY POLICY COMMITTEE (R),2014,55,27,block_start
113sdoc22,GPO-CDOC-113sdoc22.pdf,47,47,banner,True,47,47,MAJORITY LEADER (D),2012,51,25,block_start
113sdoc22,GPO-CDOC-113sdoc22.pdf,48,48,banner,True,48,48,MAJORITY LEADER (D),2013,51,25,block_start
113sdoc22,GPO-CDOC-113sdoc22.pdf,49,49,banner,True,49,49,MAJORITY LEADER (D),2014,51,25,block_start
113sdoc22,GPO-CDOC-113sdoc22.pdf,50,50,banner,True,50,50,MINORITY LEADER (R),2012,51,25,block_start
113sdoc22,GPO-CDOC-113sdoc22.pdf,51,51,banner,True,51,51,MINORITY LEADER (R),2013,51,25,block_start
113sdoc22,GPO-CDOC-113sdoc22.pdf,52,52,banner,True,52,52,MINORITY LEADER (R),2014,51,25,block_start
113sdoc22,GPO-CDOC-113sdoc22.pdf,53,53,banner,True,53,53,APPROPRIATIONS,2012,52,25,block_start
113sdoc22,GPO-CDOC-113sdoc22.pdf,54,54,banner,True,54,54,APPROPRIATIONS,2013,56,27,block_start
113sdoc22,GPO-CDOC-113sdoc22.pdf,55,55,banner,True,55,55,APPROPRIATIONS,2014,160,61,block_start
113sdoc22,GPO-CDOC-113sdoc22.pdf,56,56,data,True,55,55,APPROPRIATIONS,2014,200,69,block_data
113sdoc22,GPO-CDOC-113sdoc22.pdf,57,57,data,True,55,55,APPROPRIATIONS,2014,64,27,block_data
113sdoc22,GPO-CDOC-113sdoc22.pdf,58,58,banner,True,58,58,CHAPLAIN,2012,52,25,block_start
113sdoc22,GPO-CDOC-113sdoc22.pdf,59,59,banner,True,59,59,CHAPLAIN,2013,52,25,block_start
113sdoc22,GPO-CDOC-113sdoc22.pdf,60,60,banner,True,60,60,CHAPLAIN,2014,68,31,block_start
113sdoc22,GPO-CDOC-113sdoc22.pdf,61,61,banner,True,61,61,MAJORITY CONFERENCE COMMITTEE (D),2012,52,25,block_start
113sdoc22,GPO-CDOC-113sdoc22.pdf,62,62,banner,True,62,62,MAJORITY CONFERENCE COMMITTEE (D),2013,52,25,block_start
113sdoc22,GPO-CDOC-113sdoc22.pdf,63,63,banner,True,63,63,MAJORITY CONFERENCE COMMITTEE (D),2014,136,54,block_start
113sdoc22,GPO-CDOC-113sdoc22.pdf,64,64,banner,True,64,64,MAJORITY POLICY COMMITTEE (D),2012,52,25,block_start
113sdoc22,GPO-CDOC-113sdoc22.pdf,65,65,banner,True,65,65,MAJORITY POLICY COMMITTEE (D),2013,52,25,block_start
113sdoc22,GPO-CDOC-113sdoc22.pdf,66,66,banner,True,66,66,MAJORITY POLICY COMMITTEE (D),2014,132,53,block_start
113sdoc22,GPO-CDOC-113sdoc22.pdf,67,67,banner,True,67,67,MAJORITY LEADER (D),2012,52,25,block_start
113sdoc22,GPO-CDOC-113sdoc22.pdf,68,68,banner,True,68,68,MAJORITY LEADER (D),2013,52,25,block_start
113sdoc22,GPO-CDOC-113sdoc22.pdf,69,69,banner,True,69,69,MAJORITY LEADER (D),2014,153,59,block_start
113sdoc22,GPO-CDOC-113sdoc22.pdf,70,70,data,True,69,69,MAJORITY LEADER (D),2014,16,10,block_data
113sdoc22,GPO-CDOC-113sdoc22.pdf,71,71,banner,True,71,71,"SECRETARY, MAJORITY CONFERENCE COMM (D)",2012,52,25,block_start
113sdoc22,GPO-CDOC-113sdoc22.pdf,72,72,banner,True,72,72,"SECRETARY, MAJORITY CONFERENCE COMM (D)",2013,52,25,block_start
113sdoc22,GPO-CDOC-113sdoc22.pdf,73,73,banner,True,73,73,"SECRETARY, MAJORITY CONFERENCE COMM (D)",2014,68,31,block_start
113sdoc22,GPO-CDOC-113sdoc22.pdf,74,74,banner,True,74,74,MAJORITY WHIP (D),2012,52,25,block_start
113sdoc22,GPO-CDOC-113sdoc22.pdf,75,75,banner,True,75,75,MAJORITY WHIP (D),2013,52,25,block_start
113sdoc22,GPO-CDOC-113sdoc22.pdf,76,76,banner,True,76,76,MAJORITY WHIP (D),2014,119,48,block_start
113sdoc22,GPO-CDOC-113sdoc22.pdf,77,77,banner,True,77,77,OFFICE OF THE VICE PRESIDENT (D) - BIDEN,2012,52,25,block_start
113sdoc22,GPO-CDOC-113sdoc22.pdf,78,78,banner,True,78,78,OFFICE OF THE VICE PRESIDENT (D) - BIDEN,2013,52,25,block_start
113sdoc22,GPO-CDOC-113sdoc22.pdf,79,79,banner,True,79,79,OFFICE OF THE VICE PRESIDENT (D) - BIDEN,2014,155,60,block_start
113sdoc22,GPO-CDOC-113sdoc22.pdf,80,80,data,True,79,79,OFFICE OF THE VICE PRESIDENT (D) - BIDEN,2014,18,11,block_data
113sdoc22,GPO-CDOC-113sdoc22.pdf,81,81,banner,True,81,81,PRESIDENT PRO TEMPORE (D),2012,52,25,block_start
113sdoc22,GPO-CDOC-113sdoc22.pdf,82,82,banner,True,82,82,PRESIDENT PRO TEMPORE (D),2013,52,25,block_start
113sdoc22,GPO-CDOC-113sdoc22.pdf,83,83,banner,True,83,83,PRESIDENT PRO TEMPORE (D),2014,59,28,block_start
113sdoc22,GPO-CDOC-113sdoc22.pdf,84,84,banner,True,84,84,MINORITY LEADER (R),2012,52,25,block_start
113sdoc22,GPO-CDOC-113sdoc22.pdf,85,85,banner,True,85,85,MINORITY LEADER (R),2013,52,25,block_start
113sdoc22,GPO-CDOC-113sdoc22.pdf,86,86,banner,True,86,86,MINORITY LEADER (R),2014,120,48,block_start
113sdoc22,GPO-CDOC-113sdoc22.pdf,87,87,banner,True,87,87,"SECRETARY, MINORITY CONFERENCE COMM (R)",2012,52,25,block_start
113sdoc22,GPO-CDOC-113sdoc22.pdf,88,88,banner,True,88,88,"SECRETARY, MINORITY CONFERENCE COMM (R)",2013,52,25,block_start
113sdoc22,GPO-CDOC-113sdoc22.pdf,89,89,banner,True,89,89,"SECRETARY, MINORITY CONFERENCE COMM (R)",2014,83,36,block_start
113sdoc22,GPO-CDOC-113sdoc22.pdf,90,90,banner,True,90,90,MINORITY WHIP (R),2012,52,25,block_start
113sdoc22,GPO-CDOC-113sdoc22.pdf,91,91,banner,True,91,91,MINORITY WHIP (R),2013,52,25,block_start
113sdoc22,GPO-CDOC-113sdoc22.pdf,92,92,banner,True,92,92,MINORITY WHIP (R),2014,83,36,block_start
113sdoc22,GPO-CDOC-113sdoc22.pdf,93,93,banner,True,93,93,MINORITY CONFERENCE COMMITTEE (R),2012,52,25,block_start
113sdoc22,GPO-CDOC-113sdoc22.pdf,94,94,banner,True,94,94,MINORITY CONFERENCE COMMITTEE (R),2013,52,25,block_start
113sdoc22,GPO-CDOC-113sdoc22.pdf,95,95,banner,True,95,95,MINORITY CONFERENCE COMMITTEE (R),2014,118,48,block_start
113sdoc22,GPO-CDOC-113sdoc22.pdf,96,96,banner,True,96,96,MINORITY POLICY COMMITTEE (R),2012,52,25,block_start
113sdoc22,GPO-CDOC-113sdoc22.pdf,97,97,banner,True,97,97,MINORITY POLICY COMMITTEE (R),2013,52,25,block_start
113sdoc22,GPO-CDOC-113sdoc22.pdf,98,98,banner,True,98,98,MINORITY POLICY COMMITTEE (R),2014,104,43,block_start
113sdoc22,GPO-CDOC-113sdoc22.pdf,99,99,banner,True,99,99,SECRETARY FOR THE MAJORITY (D),2012,52,25,block_start
113sdoc22,GPO-CDOC-113sdoc22.pdf,100,100,banner,True,100,100,SECRETARY FOR THE MAJORITY (D),2013,52,25,block_start
113sdoc22,GPO-CDOC-113sdoc22.pdf,101,101,banner,True,101,101,SECRETARY FOR THE MAJORITY (D),2014,86,37,block_start
113sdoc22,GPO-CDOC-113sdoc22.pdf,102,102,banner,True,102,102,SECRETARY FOR THE MINORITY (R),2012,52,25,block_start
113sdoc22,GPO-CDOC-113sdoc22.pdf,103,103,banner,True,103,103,SECRETARY FOR THE MINORITY (R),2013,52,25,block_start
113sdoc22,GPO-CDOC-113sdoc22.pdf,104,104,banner,True,104,104,SECRETARY FOR THE MINORITY (R),2014,83,36,block_start
113sdoc22,GPO-CDOC-113sdoc22.pdf,105,105,banner,True,105,105,SGT @ ARMS - CENTRAL OPERATIONS,2012,52,25,block_start
113sdoc22,GPO-CDOC-113sdoc22.pdf,106,106,banner,True,106,106,SGT @ ARMS - CAPITOL DIVISION,2012,52,25,block_start
113sdoc22,GPO-CDOC-113sdoc22.pdf,107,107,banner,True,107,107,SGT @ ARMS - IT SUPPORT SERVICES,2012,52,25,block_start
113sdoc22,GPO-CDOC-113sdoc22.pdf,108,108,banner,True,108,108,SGT @ ARMS - STAFF OFFICES,2012,52,25,block_start
113sdoc22,GPO-CDOC-113sdoc22.pdf,109,109,banner,True,109,109,SGT @ ARMS - TECHNOLOGY DEVELOPMENT SERVICES,2012,52,25,block_start
113sdoc22,GPO-CDOC-113sdoc22.pdf,110,110,banner,True,110,110,SGT @ ARMS - CENTRAL OPERATIONS,2013,56,27,block_start
113sdoc22,GPO-CDOC-113sdoc22.pdf,111,111,banner,True,111,111,SGT @ ARMS - CAPITOL DIVISION,2013,56,27,block_start
113sdoc22,GPO-CDOC-113sdoc22.pdf,112,112,banner,True,112,112,SGT @ ARMS - IT SUPPORT SERVICES,2013,56,27,block_start
113sdoc22,GPO-CDOC-113sdoc22.pdf,113,113,banner,True,113,113,SGT @ ARMS - STAFF OFFICES,2013,52,25,block_start
113sdoc22,GPO-CDOC-113sdoc22.pdf,114,114,banner,True,114,114,SGT @ ARMS - TECHNOLOGY DEVELOPMENT SERVICES,2013,56,27,block_start
113sdoc22,GPO-CDOC-113sdoc22.pdf,115,115,banner,True,115,115,SGT @ ARMS - CENTRAL OPERATIONS,2014,160,61,block_start
113sdoc22,GPO-CDOC-113sdoc22.pdf,116,116,data,True,115,115,SGT @ ARMS - CENTRAL OPERATIONS,2014,201,70,block_data
113sdoc22,GPO-CDOC-113sdoc22.pdf,117,117,data,True,115,115,SGT @ ARMS - CENTRAL OPERATIONS,2014,201,70,block_data
113sdoc22,GPO-CDOC-113sdoc22.pdf,118,118,data,True,115,115,SGT @ ARMS - CENTRAL OPERATIONS,2014,201,70,block_data
113sdoc22,GPO-CDOC-113sdoc22.pdf,119,119,data,True,115,115,SGT @ ARMS - CENTRAL OPERATIONS,2014,201,70,block_data
113sdoc22,GPO-CDOC-113sdoc22.pdf,120,120,data,True,115,115,SGT @ ARMS - CENTRAL OPERATIONS,2014,147,53,block_data
113sdoc22,GPO-CDOC-113sdoc22.pdf,121,121,banner,True,121,121,SGT @ ARMS - CAPITOL DIVISION,2014,161,59,block_start
113sdoc22,GPO-CDOC-113sdoc22.pdf,122,122,data,True,121,121,SGT @ ARMS - CAPITOL DIVISION,2014,201,70,block_data
113sdoc22,GPO-CDOC-113sdoc22.pdf,123,123,data,True,121,121,SGT @ ARMS - CAPITOL DIVISION,2014,201,70,block_data
113sdoc22,GPO-CDOC-113sdoc22.pdf,124,124,data,True,121,121,SGT @ ARMS - CAPITOL DIVISION,2014,201,70,block_data
113sdoc22,GPO-CDOC-113sdoc22.pdf,125,125,data,True,121,121,SGT @ ARMS - CAPITOL DIVISION,2014,39,19,block_data
113sdoc22,GPO-CDOC-113sdoc22.pdf,126,126,banner,True,126,126,SGT @ ARMS - IT SUPPORT SERVICES,2014,161,59,block_start
113sdoc22,GPO-CDOC-113sdoc22.pdf,127,127,data,True,126,126,SGT @ ARMS - IT SUPPORT SERVICES,2014,201,70,block_data
113sdoc22,GPO-CDOC-113sdoc22.pdf,128,128,data,True,126,126,SGT @ ARMS - IT SUPPORT SERVICES,2014,36,18,block_data
113sdoc22,GPO-CDOC-113sdoc22.pdf,129,129,banner,True,129,129,SGT @ ARMS - STAFF OFFICES,2014,161,59,block_start
113sdoc22,GPO-CDOC-113sdoc22.pdf,130,130,data,True,129,129,SGT @ ARMS - STAFF OFFICES,2014,178,63,block_data
113sdoc22,GPO-CDOC-113sdoc22.pdf,131,131,banner,True,131,131,SGT @ ARMS - TECHNOLOGY DEVELOPMENT SERVICES,2014,161,59,block_start
113sdoc22,GPO-CDOC-113sdoc22.pdf,132,132,data,True,131,131,SGT @ ARMS - TECHNOLOGY DEVELOPMENT SERVICES,2014,201,70,block_data
113sdoc22,GPO-CDOC-113sdoc22.pdf,133,133,data,True,131,131,SGT @ ARMS - TECHNOLOGY DEVELOPMENT SERVICES,2014,120,44,block_data
113sdoc22,GPO-CDOC-113sdoc22.pdf,134,134,banner,True,134,134,SECRETARY OF THE SENATE - ADMINISTRATIVE SERV.,2012,53,26,block_start
113sdoc22,GPO-CDOC-113sdoc22.pdf,135,135,banner,True,135,135,SECRETARY OF THE SENATE - EXECUTIVE OFFICE,2012,53,26,block_start
113sdoc22,GPO-CDOC-113sdoc22.pdf,136,136,banner,True,136,136,SECRETARY OF THE SENATE - LEGISLATIVE SERVICES,2012,53,26,block_start
113sdoc22,GPO-CDOC-113sdoc22.pdf,137,137,banner,True,137,137,SECRETARY OF THE SENATE - ADMINISTRATIVE SERV.,2013,53,26,block_start
113sdoc22,GPO-CDOC-113sdoc22.pdf,138,138,banner,True,138,138,SECRETARY OF THE SENATE - EXECUTIVE OFFICE,2013,53,26,block_start
113sdoc22,GPO-CDOC-113sdoc22.pdf,139,139,banner,True,139,139,SECRETARY OF THE SENATE - LEGISLATIVE SERVICES,2013,53,26,block_start
113sdoc22,GPO-CDOC-113sdoc22.pdf,140,140,banner,True,140,140,SECRETARY OF THE SENATE - ADMINISTRATIVE SERV.,2014,161,59,block_start
113sdoc22,GPO-CDOC-113sdoc22.pdf,141,141,data,True,140,140,SECRETARY OF THE SENATE - ADMINISTRATIVE SERV.,2014,201,70,block_data
113sdoc22,GPO-CDOC-113sdoc22.pdf,142,142,data,True,140,140,SECRETARY OF THE SENATE - ADMINISTRATIVE SERV.,2014,201,70,block_data
113sdoc22,GPO-CDOC-113sdoc22.pdf,143,143,data,True,140,140,SECRETARY OF THE SENATE - ADMINISTRATIVE SERV.,2014,27,15,block_data
113sdoc22,GPO-CDOC-113sdoc22.pdf,144,144,banner,True,144,144,SECRETARY OF THE SENATE - EXECUTIVE OFFICE,2014,145,54,block_start
113sdoc22,GPO-CDOC-113sdoc22.pdf,145,145,banner,True,145,145,SECRETARY OF THE SENATE - LEGISLATIVE SERVICES,2014,161,59,block_start
113sdoc22,GPO-CDOC-113sdoc22.pdf,146,146,data,True,145,145,SECRETARY OF THE SENATE - LEGISLATIVE SERVICES,2014,52,23,block_data
113sdoc22,GPO-CDOC-113sdoc22.pdf,147,147,banner,True,147,147,APPROPRIATIONS,,191,53,block_start
113sdoc22,GPO-CDOC-113sdoc22.pdf,148,148,banner,True,148,148,APPROPRIATIONS,,78,32,block_start
113sdoc22,GPO-CDOC-113sdoc22.pdf,149,149,banner,True,149,149,APPROPRIATIONS,,103,35,block_start
113sdoc22,GPO-CDOC-113sdoc22.pdf,150,150,banner,True,150,150,CHAPLAIN,,89,36,block_start
113sdoc22,GPO-CDOC-113sdoc22.pdf,151,151,banner,True,151,151,CHAPLAIN,,160,54,block_start
113sdoc22,GPO-CDOC-113sdoc22.pdf,152,152,banner,True,152,152,CHAPLAIN,,96,34,block_start
113sdoc22,GPO-CDOC-113sdoc22.pdf,153,153,banner,True,153,153,MAJORITY CONFERENCE COMMITTEE (D),2012,56,27,block_start
113sdoc22,GPO-CDOC-113sdoc22.pdf,154,154,banner,True,154,154,MAJORITY CONFERENCE COMMITTEE (D),2013,81,31,block_start
113sdoc22,GPO-CDOC-113sdoc22.pdf,155,155,banner,True,155,155,MAJORITY CONFERENCE COMMITTEE (D),,77,31,block_start
113sdoc22,GPO-CDOC-113sdoc22.pdf,156,156,banner,True,156,156,MAJORITY CONFERENCE COMMITTEE (D),,134,45,block_start
113sdoc22,GPO-CDOC-113sdoc22.pdf,157,157,banner,True,157,157,MAJORITY CONFERENCE COMMITTEE (D),,125,39,block_start
113sdoc22,GPO-CDOC-113sdoc22.pdf,158,158,banner,True,158,158,MAJORITY POLICY COMMITTEE (D),2012,56,27,block_start
113sdoc22,GPO-CDOC-113sdoc22.pdf,159,159,banner,True,159,159,MAJORITY POLICY COMMITTEE (D),2013,100,36,block_start
113sdoc22,GPO-CDOC-113sdoc22.pdf,160,160,banner,True,160,160,MAJORITY POLICY COMMITTEE (D),,71,31,block_start
113sdoc22,GPO-CDOC-113sdoc22.pdf,161,161,banner,True,161,161,MAJORITY POLICY COMMITTEE (D),,84,35,block_start
113sdoc22,GPO-CDOC-113sdoc22.pdf,162,162,banner,True,162,162,MAJORITY POLICY COMMITTEE (D),,164,51,block_start
113sdoc22,GPO-CDOC-113sdoc22.pdf,163,163,banner,True,163,163,MAJORITY LEADER (D),2013,74,30,block_start
113sdoc22,GPO-CDOC-113sdoc22.pdf,164,164,banner,True,164,164,MAJORITY LEADER (D),2014,53,26,block_start
113sdoc22,GPO-CDOC-113sdoc22.pdf,165,165,banner,True,165,165,MINORITY LEADER (R),2012,68,29,block_start
113sdoc22,GPO-CDOC-113sdoc22.pdf,166,166,banner,True,166,166,MINORITY LEADER (R),2013,96,38,block_start
113sdoc22,GPO-CDOC-113sdoc22.pdf,167,167,banner,True,167,167,MINORITY LEADER (R),2014,148,48,block_start
113sdoc22,GPO-CDOC-113sdoc22.pdf,168,168,banner,True,168,168,"SECRETARY, MINORITY CONFERENCE COMM (R)",2012,56,27,block_start
113sdoc22,GPO-CDOC-113sdoc22.pdf,169,169,banner,True,169,169,"SECRETARY, MINORITY CONFERENCE COMM (R)",2013,53,26,block_start
113sdoc22,GPO-CDOC-113sdoc22.pdf,170,170,banner,True,170,170,MINORITY WHIP (R),2012,65,29,block_start
113sdoc22,GPO-CDOC-113sdoc22.pdf,171,171,banner,True,171,171,MINORITY WHIP (R),2013,62,29,block_start
113sdoc22,GPO-CDOC-113sdoc22.pdf,172,172,banner,True,172,172,MINORITY WHIP (R),2014,56,27,block_start
113sdoc22,GPO-CDOC-113sdoc22.pdf,173,173,banner,True,173,173,MINORITY CONFERENCE COMMITTEE (R),2012,65,29,block_start
113sdoc22,GPO-CDOC-113sdoc22.pdf,174,174,banner,True,174,174,MINORITY CONFERENCE COMMITTEE (R),,72,31,block_start
113sdoc22,GPO-CDOC-113sdoc22.pdf,175,175,banner,True,175,175,MINORITY CONFERENCE COMMITTEE (R),,100,38,block_start
113sdoc22,GPO-CDOC-113sdoc22.pdf,176,176,banner,True,176,176,MINORITY CONFERENCE COMMITTEE (R),,132,40,block_start
113sdoc22,GPO-CDOC-113sdoc22.pdf,177,177,banner,True,177,177,MINORITY POLICY COMMITTEE (R),,71,31,block_start
113sdoc22,GPO-CDOC-113sdoc22.pdf,178,178,banner,True,178,178,MINORITY POLICY COMMITTEE (R),,84,35,block_start
113sdoc22,GPO-CDOC-113sdoc22.pdf,179,179,banner,True,179,179,MINORITY POLICY COMMITTEE (R),,88,38,block_start
113sdoc22,GPO-CDOC-113sdoc22.pdf,180,180,banner,True,180,180,SENATE CHILD CARE CENTER,,102,38,block_start
113sdoc22,GPO-CDOC-113sdoc22.pdf,181,181,banner,True,181,181,SENATE CHILD CARE CENTER,,224,53,block_start
113sdoc22,GPO-CDOC-113sdoc22.pdf,182,182,banner,True,182,182,SENATE CHILD CARE CENTER,,57,27,block_start
113sdoc22,GPO-CDOC-113sdoc22.pdf,183,183,banner,True,183,183,CONSULTANTS,,53,26,block_start
113sdoc22,GPO-CDOC-113sdoc22.pdf,184,184,banner,True,184,184,CONSULTANTS,,53,26,block_start
113sdoc22,GPO-CDOC-113sdoc22.pdf,185,185,banner,True,185,185,CONSULTANTS,,117,45,block_start
113sdoc22,GPO-CDOC-113sdoc22.pdf,186,186,banner,True,186,186,EMPLOYEE COMPENSATION FUND,,53,26,block_start
113sdoc22,GPO-CDOC-113sdoc22.pdf,187,187,banner,True,187,187,EMPLOYEE COMPENSATION FUND,,53,26,block_start
113sdoc22,GPO-CDOC-113sdoc22.pdf,188,188,banner,True,188,188,EMPLOYEE COMPENSATION FUND,,51,26,block_start
113sdoc22,GPO-CDOC-113sdoc22.pdf,189,189,banner,True,189,189,FEDERAL EMPLOYEES COMPENSATION ACCOUNT,,57,27,block_start
113sdoc22,GPO-CDOC-113sdoc22.pdf,190,190,banner,True,190,190,FEDERAL EMPLOYEES COMPENSATION ACCOUNT,,57,27,block_start
113sdoc22,GPO-CDOC-113sdoc22.pdf,191,191,banner,True,191,191,FEDERAL EMPLOYEES COMPENSATION ACCOUNT,,51,26,block_start
113sdoc22,GPO-CDOC-113sdoc22.pdf,192,192,banner,True,192,192,FOREIGN TRAVEL - MEMBERS & EMPLOYEES,,53,26,block_start
113sdoc22,GPO-CDOC-113sdoc22.pdf,193,193,banner,True,193,193,FOREIGN TRAVEL - MEMBERS & EMPLOYEES,,100,38,block_start
113sdoc22,GPO-CDOC-113sdoc22.pdf,194,194,banner,True,194,194,FOREIGN TRAVEL - MEMBERS & EMPLOYEES,,108,41,block_start
113sdoc22,GPO-CDOC-113sdoc22.pdf,195,195,banner,True,195,195,POSTAGE,,53,26,block_start
113sdoc22,GPO-CDOC-113sdoc22.pdf,196,196,banner,True,196,196,POSTAGE,,53,26,block_start
113sdoc22,GPO-CDOC-113sdoc22.pdf,197,197,banner,True,197,197,POSTAGE,,51,26,block_start
113sdoc22,GPO-CDOC-113sdoc22.pdf,198,198,banner,True,198,198,MOBILE COMMUNICATIONS DEVICES,,56,27,block_start
113sdoc22,GPO-CDOC-113sdoc22.pdf,199,199,banner,True,199,199,MOBILE COMMUNICATIONS DEVICES,,56,27,block_start
113sdoc22,GPO-CDOC-113sdoc22.pdf,200,200,banner,True,200,200,MOBILE COMMUNICATIONS DEVICES,,65,27,block_start
113sdoc22,GPO-CDOC-113sdoc22.pdf,201,201,banner,True,201,201,RESERVE FOR CONTINGENCIES,,59,28,block_start
113sdoc22,GPO-CDOC-113sdoc22.pdf,202,202,banner,True,202,202,RESERVE FOR CONTINGENCIES,,75,33,block_start
113sdoc22,GPO-CDOC-113sdoc22.pdf,203,203,banner,True,203,203,RESERVE FOR CONTINGENCIES,,110,36,block_start
113sdoc22,GPO-CDOC-113sdoc22.pdf,204,204,banner,True,204,204,RECEPTION OF FOREIGN DIGNITARIES,,153,37,block_start
113sdoc22,GPO-CDOC-113sdoc22.pdf,205,205,banner,True,205,205,RECEPTION OF FOREIGN DIGNITARIES,,51,26,block_start
113sdoc22,GPO-CDOC-113sdoc22.pdf,206,206,banner,True,206,206,RECEPTION OF FOREIGN DIGNITARIES,,76,28,block_start
113sdoc22,GPO-CDOC-113sdoc22.pdf,207,207,banner,True,207,207,RESOLUTION & REORGANIZATION RESERVE,,154,55,block_start
113sdoc22,GPO-CDOC-113sdoc22.pdf,208,208,data,True,207,207,RESOLUTION & REORGANIZATION RESERVE,,116,34,block_data
113sdoc22,GPO-CDOC-113sdoc22.pdf,209,209,banner,True,209,209,RESOLUTION & REORGANIZATION RESERVE,,86,35,block_start
113sdoc22,GPO-CDOC-113sdoc22.pdf,210,210,banner,True,210,210,RESOLUTION & REORGANIZATION RESERVE,,155,60,block_start
113sdoc22,GPO-CDOC-113sdoc22.pdf,211,211,data,True,210,210,RESOLUTION & REORGANIZATION RESERVE,,170,60,block_data
113sdoc22,GPO-CDOC-113sdoc22.pdf,212,212,banner,True,212,212,JOINT SELECT COMMITTEE ON DEFICIT REDUCTION,,62,29,block_start
113sdoc22,GPO-CDOC-113sdoc22.pdf,213,213,banner,True,213,213,NATL SECURITY WORKING GRP-MAJ ADMIN CO-CHAIR (KERRY),,54,27,block_start
113sdoc22,GPO-CDOC-113sdoc22.pdf,214,214,banner,True,214,214,NATL SECURITY WORKING GRP-MAJ ADMIN CO-CHAIR (FEINSTEIN),,54,27,block_start
113sdoc22,GPO-CDOC-113sdoc22.pdf,215,215,banner,True,215,215,NATL SECURITY WORKING GRP-MAJ ADMIN CO-CHAIR (FEINSTEIN),,52,27,block_start
113sdoc22,GPO-CDOC-113sdoc22.pdf,216,216,banner,True,216,216,NATL SECURITY WORKING GRP-MAJ CO-CHAIR (LEVIN),,53,26,block_start
113sdoc22,GPO-CDOC-113sdoc22.pdf,217,217,banner,True,217,217,NATL SECURITY WORKING GRP-MAJ CO-CHAIR (LEVIN),,53,26,block_start
113sdoc22,GPO-CDOC-113sdoc22.pdf,218,218,banner,True,218,218,NATL SECURITY WORKING GRP-MAJ CO-CHAIR (LEVIN),,51,26,block_start
113sdoc22,GPO-CDOC-113sdoc22.pdf,219,219,banner,True,219,219,NATL SECURITY WORKING GRP-MAJ CO-CHAIR (INOUYE),,52,27,block_start
113sdoc22,GPO-CDOC-113sdoc22.pdf,220,220,banner,True,220,220,NATL SECURITY WORKING GRP-MAJ CO-CHAIR (MIKULSKI),,58,28,block_start
113sdoc22,GPO-CDOC-113sdoc22.pdf,221,221,banner,True,221,221,NATL SECURITY (MIKULSKI),,53,27,block_start
113sdoc22,GPO-CDOC-113sdoc22.pdf,222,222,banner,True,222,222,NATL SECURITY WORKING GRP-DEM CO-CHAIR (MENENDEZ),,52,27,block_start
113sdoc22,GPO-CDOC-113sdoc22.pdf,223,223,banner,True,223,223,NATL SECURITY WORKING GRP-DEM CO-CHAIR (MENENDEZ),,52,27,block_start
113sdoc22,GPO-CDOC-113sdoc22.pdf,224,224,banner,True,224,224,NATL SECURITY WORKING GRP-DEM CO-CHAIR (MENENDEZ),,52,27,block_start
113sdoc22,GPO-CDOC-113sdoc22.pdf,225,225,banner,True,225,225,NATL SECURITY WORKING GRP-MAJ LEADER (REID),,53,26,block_start
113sdoc22,GPO-CDOC-113sdoc22.pdf,226,226,banner,True,226,226,NATL SECURITY WORKING GRP-MAJ LEADER (REID),,53,26,block_start
113sdoc22,GPO-CDOC-113sdoc22.pdf,227,227,banner,True,227,227,NATL SECURITY WORKING GRP-MAJ LEADER (REID),,51,26,block_start
113sdoc22,GPO-CDOC-113sdoc22.pdf,228,228,banner,True,228,228,NATL SECURITY WORKING GRP-MIN ADM. CO-CHAIR (KYL),,54,27,block_start
113sdoc22,GPO-CDOC-113sdoc22.pdf,229,229,banner,True,229,229,NATL SECURITY WORKING GRP-MIN ADMIN CO-CHAIR (RUBIO),,54,27,block_start
113sdoc22,GPO-CDOC-113sdoc22.pdf,230,230,banner,True,230,230,NATL SECURITY WORKING GRP-MIN ADMIN CO-CHAIR (RUBIO),,52,27,block_start
113sdoc22,GPO-CDOC-113sdoc22.pdf,231,231,banner,True,231,231,NATL SECURITY WORKING GRP-MIN CO-CHAIR (L. GRAHAM),,54,27,block_start
113sdoc22,GPO-CDOC-113sdoc22.pdf,232,232,banner,True,232,232,NATL SECURITY WORKING GRP-MIN CO-CHAIR (L. GRAHAM),,54,27,block_start
113sdoc22,GPO-CDOC-113sdoc22.pdf,233,233,banner,True,233,233,NATL SECURITY WORKING GRP-MIN CO-CHAIR (L. GRAHAM),,52,27,block_start
113sdoc22,GPO-CDOC-113sdoc22.pdf,234,234,banner,True,234,234,NATL SECURITY WORKING GRP-MIN LEADER (MCCONNELL),,52,27,block_start
113sdoc22,GPO-CDOC-113sdoc22.pdf,235,235,banner,True,235,235,NATL SECURITY WORKING GRP-MIN LEADER (MCCONNELL),,52,27,block_start
113sdoc22,GPO-CDOC-113sdoc22.pdf,236,236,banner,True,236,236,NATL SECURITY WORKING GRP-MIN LEADER (MCCONNELL),,52,27,block_start
113sdoc22,GPO-CDOC-113sdoc22.pdf,237,237,banner,True,237,237,NATL SECURITY WORKING GRP-MIN CO-CHAIR (COCHRAN),,54,27,block_start
113sdoc22,GPO-CDOC-113sdoc22.pdf,238,238,banner,True,238,238,NATL SECURITY WORKING GRP-MIN CO-CHAIR (COCHRAN),,54,27,block_start
113sdoc22,GPO-CDOC-113sdoc22.pdf,239,239,banner,True,239,239,NATL SECURITY WORKING GRP-MIN CO-CHAIR (COCHRAN),,52,27,block_start
113sdoc22,GPO-CDOC-113sdoc22.pdf,240,240,banner,True,240,240,STATIONERY,,53,26,block_start
113sdoc22,GPO-CDOC-113sdoc22.pdf,241,241,banner,True,241,241,STATIONERY,,53,26,block_start
113sdoc22,GPO-CDOC-113sdoc22.pdf,242,242,banner,True,242,242,STATIONERY,,53,26,block_start
113sdoc22,GPO-CDOC-113sdoc22.pdf,243,243,banner,True,243,243,MISC ITEMS - STUDENT LOANS,,53,26,block_start
113sdoc22,GPO-CDOC-113sdoc22.pdf,244,244,banner,True,244,244,MISC ITEMS - STUDENT LOANS,,57,27,block_start
113sdoc22,GPO-CDOC-113sdoc22.pdf,245,245,banner,True,245,245,MISC ITEMS - STUDENT LOANS,,57,27,block_start
113sdoc22,GPO-CDOC-113sdoc22.pdf,246,246,banner,True,246,246,EMERGENCY APPROPRIATION PUBLIC LAW 109-13,,51,26,block_start
113sdoc22,GPO-CDOC-113sdoc22.pdf,247,247,banner,True,247,247,SECRETARY OF THE SENATE - ADMINISTRATIVE SERV.,2012,92,35,block_start
113sdoc22,GPO-CDOC-113sdoc22.pdf,248,248,banner,True,248,248,SECRETARY OF THE SENATE - EXECUTIVE OFFICE,2012,87,33,block_start
113sdoc22,GPO-CDOC-113sdoc22.pdf,249,249,banner,True,249,249,SECRETARY OF THE SENATE - LEGISLATIVE SERVICES,2012,62,29,block_start
113sdoc22,GPO-CDOC-113sdoc22.pdf,250,250,banner,True,250,250,SECRETARY OF THE SENATE - ADMINISTRATIVE SERV.,2013,222,55,block_start
113sdoc22,GPO-CDOC-113sdoc22.pdf,251,251,data,True,250,250,SECRETARY OF THE SENATE - ADMINISTRATIVE SERV.,2013,72,21,block_data
113sdoc22,GPO-CDOC-113sdoc22.pdf,252,252,banner,True,252,252,SECRETARY OF THE SENATE - EXECUTIVE OFFICE,2013,231,55,block_start
113sdoc22,GPO-CDOC-113sdoc22.pdf,253,253,data,True,252,252,SECRETARY OF THE SENATE - EXECUTIVE OFFICE,2013,94,22,block_data
113sdoc22,GPO-CDOC-113sdoc22.pdf,254,254,banner,True,254,254,SECRETARY OF THE SENATE - LEGISLATIVE SERVICES,2013,68,30,block_start
113sdoc22,GPO-CDOC-113sdoc22.pdf,255,255,banner,True,255,255,SECRETARY OF THE SENATE - ADMINISTRATIVE SERV.,2014,184,56,block_start
113sdoc22,GPO-CDOC-113sdoc22.pdf,256,256,data,True,255,255,SECRETARY OF THE SENATE - ADMINISTRATIVE SERV.,2014,163,34,block_data
113sdoc22,GPO-CDOC-113sdoc22.pdf,257,257,banner,True,257,257,SECRETARY OF THE SENATE - EXECUTIVE OFFICE,2014,240,57,block_start
113sdoc22,GPO-CDOC-113sdoc22.pdf,258,258,data,True,257,257,SECRETARY OF THE SENATE - EXECUTIVE OFFICE,2014,39,17,block_data
113sdoc22,GPO-CDOC-113sdoc22.pdf,259,259,banner,True,259,259,SECRETARY OF THE SENATE - LEGISLATIVE SERVICES,2014,68,30,block_start
113sdoc22,GPO-CDOC-113sdoc22.pdf,260,260,banner,True,260,260,SECRETARY OF THE SENATE - ADMINISTRATIVE SERV.,,56,27,block_start
113sdoc22,GPO-CDOC-113sdoc22.pdf,261,261,banner,True,261,261,SECRETARY OF THE SENATE - ADMINISTRATIVE SERV.,,53,26,block_start
113sdoc22,GPO-CDOC-113sdoc22.pdf,262,262,banner,True,262,262,SECRETARY OF THE SENATE - ADMINISTRATIVE SERV.,,53,26,block_start
113sdoc22,GPO-CDOC-113sdoc22.pdf,263,263,banner,True,263,263,SECRETARY OF THE SENATE - ADMINISTRATIVE SERV.,,53,26,block_start
113sdoc22,GPO-CDOC-113sdoc22.pdf,264,264,banner,True,264,264,SECRETARY OF THE SENATE - (LIS PROJECT),,68,29,block_start
113sdoc22,GPO-CDOC-113sdoc22.pdf,265,265,banner,True,265,265,SEC - EMRGCY APPROPS FOR TERR RESPONSE,,71,31,block_start
113sdoc22,GPO-CDOC-113sdoc22.pdf,266,266,banner,True,266,266,SEC OF THE SENATE - SENATE COLLECTION,,212,50,block_start
113sdoc22,GPO-CDOC-113sdoc22.pdf,267,267,banner,True,267,267,SGT @ ARMS - CENTRAL OPERATIONS,,71,31,block_start
113sdoc22,GPO-CDOC-113sdoc22.pdf,268,268,banner,True,268,268,SGT @ ARMS - CAPITOL DIVISION,,71,31,block_start
113sdoc22,GPO-CDOC-113sdoc22.pdf,269,269,banner,True,269,269,SGT @ ARMS - IT SUPPORT SERVICES,,71,31,block_start
113sdoc22,GPO-CDOC-113sdoc22.pdf,270,270,banner,True,270,270,SGT @ ARMS - STAFF OFFICES,,74,31,block_start
113sdoc22,GPO-CDOC-113sdoc22.pdf,271,271,banner,True,271,271,SGT @ ARMS - TECHNOLOGY DEVELOPMENT SERVICES,,95,34,block_start
113sdoc22,GPO-CDOC-113sdoc22.pdf,272,272,banner,True,272,272,SGT @ ARMS - CENTRAL OPERATIONS,,71,31,block_start
113sdoc22,GPO-CDOC-113sdoc22.pdf,273,273,banner,True,273,273,SGT @ ARMS - CAPITOL DIVISION,,153,44,block_start
113sdoc22,GPO-CDOC-113sdoc22.pdf,274,274,banner,True,274,274,SGT @ ARMS - IT SUPPORT SERVICES,,225,55,block_start
113sdoc22,GPO-CDOC-113sdoc22.pdf,275,275,banner,True,275,275,SGT @ ARMS - STAFF OFFICES,,83,33,block_start
113sdoc22,GPO-CDOC-113sdoc22.pdf,276,276,banner,True,276,276,SGT @ ARMS - TECHNOLOGY DEVELOPMENT SERVICES,,87,34,block_start
113sdoc22,GPO-CDOC-113sdoc22.pdf,277,277,banner,True,277,277,SGT @ ARMS - CENTRAL OPERATIONS,,117,39,block_start
113sdoc22,GPO-CDOC-113sdoc22.pdf,278,278,banner,True,278,278,SGT @ ARMS - CAPITOL DIVISION,,111,39,block_start
113sdoc22,GPO-CDOC-113sdoc22.pdf,279,279,banner,True,279,279,SGT @ ARMS - IT SUPPORT SERVICES,,232,56,block_start
113sdoc22,GPO-CDOC-113sdoc22.pdf,280,280,data,True,279,279,SGT @ ARMS - IT SUPPORT SERVICES,,276,46,block_data
113sdoc22,GPO-CDOC-113sdoc22.pdf,281,281,banner,True,281,281,SGT @ ARMS - STAFF OFFICES,,138,43,block_start
113sdoc22,GPO-CDOC-113sdoc22.pdf,282,282,banner,True,282,282,SGT @ ARMS - TECHNOLOGY DEVELOPMENT SERVICES,,86,32,block_start
113sdoc22,GPO-CDOC-113sdoc22.pdf,283,283,banner,True,283,283,SGT @ ARMS - CENTRAL OPERATIONS,,254,57,block_start
113sdoc22,GPO-CDOC-113sdoc22.pdf,284,284,data,True,283,283,SGT @ ARMS - CENTRAL OPERATIONS,,31,13,block_data
113sdoc22,GPO-CDOC-113sdoc22.pdf,285,285,banner,True,285,285,SGT @ ARMS - CAPITOL DIVISION,,131,41,block_start
113sdoc22,GPO-CDOC-113sdoc22.pdf,286,286,banner,True,286,286,SGT @ ARMS - IT SUPPORT SERVICES,,254,57,block_start
113sdoc22,GPO-CDOC-113sdoc22.pdf,287,287,data,True,286,286,SGT @ ARMS - IT SUPPORT SERVICES,,427,67,block_data
113sdoc22,GPO-CDOC-113sdoc22.pdf,288,288,data,True,286,286,SGT @ ARMS - IT SUPPORT SERVICES,,449,70,block_data
113sdoc22,GPO-CDOC-113sdoc22.pdf,289,289,data,True,286,286,SGT @ ARMS - IT SUPPORT SERVICES,,430,68,block_data
113sdoc22,GPO-CDOC-113sdoc22.pdf,290,290,banner,True,290,290,SGT @ ARMS - STAFF OFFICES,,211,52,block_start
113sdoc22,GPO-CDOC-113sdoc22.pdf,291,291,banner,True,291,291,SGT @ ARMS - TECHNOLOGY DEVELOPMENT SERVICES,,142,40,block_start
113sdoc22,GPO-CDOC-113sdoc22.pdf,292,292,banner,True,292,292,SGT @ ARMS - CENTRAL OPERATIONS,,87,34,block_start
113sdoc22,GPO-CDOC-113sdoc22.pdf,293,293,banner,True,293,293,SGT @ ARMS - CAPITOL DIVISION,,241,56,block_start
113sdoc22,GPO-CDOC-113sdoc22.pdf,294,294,data,True,293,293,SGT @ ARMS - CAPITOL DIVISION,,122,26,block_data
113sdoc22,GPO-CDOC-113sdoc22.pdf,295,295,banner,True,295,295,SGT @ ARMS - IT SUPPORT SERVICES,,241,56,block_start
113sdoc22,GPO-CDOC-113sdoc22.pdf,296,296,data,True,295,295,SGT @ ARMS - IT SUPPORT SERVICES,,449,70,block_data
113sdoc22,GPO-CDOC-113sdoc22.pdf,297,297,data,True,295,295,SGT @ ARMS - IT SUPPORT SERVICES,,449,70,block_data
113sdoc22,GPO-CDOC-113sdoc22.pdf,298,298,data,True,295,295,SGT @ ARMS - IT SUPPORT SERVICES,,449,70,block_data
113sdoc22,GPO-CDOC-113sdoc22.pdf,299,299,data,True,295,295,SGT @ ARMS - IT SUPPORT SERVICES,,38,14,block_data
113sdoc22,GPO-CDOC-113sdoc22.pdf,300,300,banner,True,300,300,SGT @ ARMS - STAFF OFFICES,,138,42,block_start
113sdoc22,GPO-CDOC-113sdoc22.pdf,301,301,banner,True,301,301,SGT @ ARMS - TECHNOLOGY DEVELOPMENT SERVICES,,259,56,block_start
113sdoc22,GPO-CDOC-113sdoc22.pdf,302,302,data,True,301,301,SGT @ ARMS - TECHNOLOGY DEVELOPMENT SERVICES,,112,26,block_data
113sdoc22,GPO-CDOC-113sdoc22.pdf,303,303,banner,True,303,303,SGT @ ARMS - CENTRAL OPERATIONS,,167,57,block_start
113sdoc22,GPO-CDOC-113sdoc22.pdf,304,304,data,True,303,303,SGT @ ARMS - CENTRAL OPERATIONS,,373,67,block_data
113sdoc22,GPO-CDOC-113sdoc22.pdf,305,305,data,True,303,303,SGT @ ARMS - CENTRAL OPERATIONS,,449,70,block_data
113sdoc22,GPO-CDOC-113sdoc22.pdf,306,306,data,True,303,303,SGT @ ARMS - CENTRAL OPERATIONS,,432,69,block_data
113sdoc22,GPO-CDOC-113sdoc22.pdf,307,307,data,True,303,303,SGT @ ARMS - CENTRAL OPERATIONS,,434,70,block_data
113sdoc22,GPO-CDOC-113sdoc22.pdf,308,308,data,True,303,303,SGT @ ARMS - CENTRAL OPERATIONS,,108,24,block_data
113sdoc22,GPO-CDOC-113sdoc22.pdf,309,309,banner,True,309,309,SGT @ ARMS - CAPITOL DIVISION,,150,55,block_start
113sdoc22,GPO-CDOC-113sdoc22.pdf,310,310,data,True,309,309,SGT @ ARMS - CAPITOL DIVISION,,354,67,block_data
113sdoc22,GPO-CDOC-113sdoc22.pdf,311,311,data,True,309,309,SGT @ ARMS - CAPITOL DIVISION,,449,70,block_data
113sdoc22,GPO-CDOC-113sdoc22.pdf,312,312,data,True,309,309,SGT @ ARMS - CAPITOL DIVISION,,266,44,block_data
113sdoc22,GPO-CDOC-113sdoc22.pdf,313,313,banner,True,313,313,SGT @ ARMS - IT SUPPORT SERVICES,,218,56,block_start
113sdoc22,GPO-CDOC-113sdoc22.pdf,314,314,data,True,313,313,SGT @ ARMS - IT SUPPORT SERVICES,,444,70,block_data
113sdoc22,GPO-CDOC-113sdoc22.pdf,315,315,data,True,313,313,SGT @ ARMS - IT SUPPORT SERVICES,,435,69,block_data
113sdoc22,GPO-CDOC-113sdoc22.pdf,316,316,data,True,313,313,SGT @ ARMS - IT SUPPORT SERVICES,,449,70,block_data
113sdoc22,GPO-CDOC-113sdoc22.pdf,317,317,data,True,313,313,SGT @ ARMS - IT SUPPORT SERVICES,,449,70,block_data
113sdoc22,GPO-CDOC-113sdoc22.pdf,318,318,data,True,313,313,SGT @ ARMS - IT SUPPORT SERVICES,,449,70,block_data
113sdoc22,GPO-CDOC-113sdoc22.pdf,319,319,data,True,313,313,SGT @ ARMS - IT SUPPORT SERVICES,,449,70,block_data
113sdoc22,GPO-CDOC-113sdoc22.pdf,320,320,data,True,313,313,SGT @ ARMS - IT SUPPORT SERVICES,,449,70,block_data
113sdoc22,GPO-CDOC-113sdoc22.pdf,321,321,data,True,313,313,SGT @ ARMS - IT SUPPORT SERVICES,,439,70,block_data
113sdoc22,GPO-CDOC-113sdoc22.pdf,322,322,data,True,313,313,SGT @ ARMS - IT SUPPORT SERVICES,,178,34,block_data
113sdoc22,GPO-CDOC-113sdoc22.pdf,323,323,banner,True,323,323,SGT @ ARMS - STAFF OFFICES,,144,54,block_start
113sdoc22,GPO-CDOC-113sdoc22.pdf,324,324,data,True,323,323,SGT @ ARMS - STAFF OFFICES,,282,70,block_data
113sdoc22,GPO-CDOC-113sdoc22.pdf,325,325,data,True,323,323,SGT @ ARMS - STAFF OFFICES,,242,42,block_data
113sdoc22,GPO-CDOC-113sdoc22.pdf,326,326,banner,True,326,326,SGT @ ARMS - TECHNOLOGY DEVELOPMENT SERVICES,,220,55,block_start
113sdoc22,GPO-CDOC-113sdoc22.pdf,327,327,data,True,326,326,SGT @ ARMS - TECHNOLOGY DEVELOPMENT SERVICES,,439,70,block_data
113sdoc22,GPO-CDOC-113sdoc22.pdf,328,328,data,True,326,326,SGT @ ARMS - TECHNOLOGY DEVELOPMENT SERVICES,,394,63,block_data
113sdoc22,GPO-CDOC-113sdoc22.pdf,329,329,banner,True,329,329,SGT @ ARMS - CENTRAL OPERATIONS,,264,56,block_start
113sdoc22,GPO-CDOC-113sdoc22.pdf,330,330,data,True,329,329,SGT @ ARMS - CENTRAL OPERATIONS,,444,70,block_data
113sdoc22,GPO-CDOC-113sdoc22.pdf,331,331,data,True,329,329,SGT @ ARMS - CENTRAL OPERATIONS,,449,70,block_data
113sdoc22,GPO-CDOC-113sdoc22.pdf,332,332,data,True,329,329,SGT @ ARMS - CENTRAL OPERATIONS,,435,67,block_data
113sdoc22,GPO-CDOC-113sdoc22.pdf,333,333,data,True,329,329,SGT @ ARMS - CENTRAL OPERATIONS,,136,28,block_data
113sdoc22,GPO-CDOC-113sdoc22.pdf,334,334,banner,True,334,334,SGT @ ARMS - CAPITOL DIVISION,,163,57,block_start
113sdoc22,GPO-CDOC-113sdoc22.pdf,335,335,data,True,334,334,SGT @ ARMS - CAPITOL DIVISION,,257,70,block_data
113sdoc22,GPO-CDOC-113sdoc22.pdf,336,336,data,True,334,334,SGT @ ARMS - CAPITOL DIVISION,,439,70,block_data
113sdoc22,GPO-CDOC-113sdoc22.pdf,337,337,data,True,334,334,SGT @ ARMS - CAPITOL DIVISION,,259,43,block_data
113sdoc22,GPO-CDOC-113sdoc22.pdf,338,338,banner,True,338,338,SGT @ ARMS - IT SUPPORT SERVICES,,230,56,block_start
113sdoc22,GPO-CDOC-113sdoc22.pdf,339,339,data,True,338,338,SGT @ ARMS - IT SUPPORT SERVICES,,424,70,block_data
113sdoc22,GPO-CDOC-113sdoc22.pdf,340,340,data,True,338,338,SGT @ ARMS - IT SUPPORT SERVICES,,432,67,block_data
113sdoc22,GPO-CDOC-113sdoc22.pdf,341,341,data,True,338,338,SGT @ ARMS - IT SUPPORT SERVICES,,449,70,block_data
113sdoc22,GPO-CDOC-113sdoc22.pdf,342,342,data,True,338,338,SGT @ ARMS - IT SUPPORT SERVICES,,449,70,block_data
113sdoc22,GPO-CDOC-113sdoc22.pdf,343,343,data,True,338,338,SGT @ ARMS - IT SUPPORT SERVICES,,411,66,block_data
113sdoc22,GPO-CDOC-113sdoc22.pdf,344,344,banner,True,344,344,SGT @ ARMS - STAFF OFFICES,,150,55,block_start
113sdoc22,GPO-CDOC-113sdoc22.pdf,345,345,data,True,344,344,SGT @ ARMS - STAFF OFFICES,,421,67,block_data
113sdoc22,GPO-CDOC-113sdoc22.pdf,346,346,data,True,344,344,SGT @ ARMS - STAFF OFFICES,,91,23,block_data
113sdoc22,GPO-CDOC-113sdoc22.pdf,347,347,banner,True,347,347,SGT @ ARMS - TECHNOLOGY DEVELOPMENT SERVICES,,162,55,block_start
113sdoc22,GPO-CDOC-113sdoc22.pdf,348,348,data,True,347,347,SGT @ ARMS - TECHNOLOGY DEVELOPMENT SERVICES,,393,67,block_data
113sdoc22,GPO-CDOC-113sdoc22.pdf,349,349,data,True,347,347,SGT @ ARMS - TECHNOLOGY DEVELOPMENT SERVICES,,429,70,block_data
113sdoc22,GPO-CDOC-113sdoc22.pdf,350,350,data,True,347,347,SGT @ ARMS - TECHNOLOGY DEVELOPMENT SERVICES,,422,69,block_data
113sdoc22,GPO-CDOC-113sdoc22.pdf,351,351,data,True,347,347,SGT @ ARMS - TECHNOLOGY DEVELOPMENT SERVICES,,346,56,block_data
113sdoc22,GPO-CDOC-113sdoc22.pdf,352,352,banner,True,352,352,SAA - EMERG SUPP NO YEAR FUNDS,,68,29,block_start
113sdoc22,GPO-CDOC-113sdoc22.pdf,353,353,banner,True,353,353,SAA - RECORD STUDIO NO YEAR FUNDS,,56,27,block_start
113sdoc22,GPO-CDOC-113sdoc22.pdf,354,354,banner,True,354,354,SMI PROJECT,,56,27,block_start
113sdoc22,GPO-CDOC-113sdoc22.pdf,355,355,banner,True,355,355,CAUCUS - INTERNATIONAL NARCOTICS CONTROL,2012,69,29,block_start
113sdoc22,GPO-CDOC-113sdoc22.pdf,356,356,banner,True,356,356,CAUCUS - INTERNATIONAL NARCOTICS CONTROL,2013,91,35,block_start
113sdoc22,GPO-CDOC-113sdoc22.pdf,357,357,banner,True,357,357,CAUCUS - INTERNATIONAL NARCOTICS CONTROL,2014,118,45,block_start
113sdoc22,GPO-CDOC-113sdoc22.pdf,358,358,banner,True,358,358,SENATOR DANIEL K. AKAKA,2012,69,29,block_start
113sdoc22,GPO-CDOC-113sdoc22.pdf,359,359,banner,True,359,359,SENATOR DANIEL K. AKAKA,2013,69,29,block_start
113sdoc22,GPO-CDOC-113sdoc22.pdf,360,360,banner,True,360,360,SENATOR LAMAR ALEXANDER,2012,72,31,block_start
113sdoc22,GPO-CDOC-113sdoc22.pdf,361,361,banner,True,361,361,SENATOR LAMAR ALEXANDER,2013,157,56,block_start
113sdoc22,GPO-CDOC-113sdoc22.pdf,362,362,data,True,361,361,SENATOR LAMAR ALEXANDER,2013,236,70,block_data
113sdoc22,GPO-CDOC-113sdoc22.pdf,363,363,data,True,361,361,SENATOR LAMAR ALEXANDER,2013,194,48,block_data
113sdoc22,GPO-CDOC-113sdoc22.pdf,364,364,banner,True,364,364,SENATOR LAMAR ALEXANDER,2014,150,57,block_start
113sdoc22,GPO-CDOC-113sdoc22.pdf,365,365,data,True,364,364,SENATOR LAMAR ALEXANDER,2014,224,66,block_data
113sdoc22,GPO-CDOC-113sdoc22.pdf,366,366,data,True,364,364,SENATOR LAMAR ALEXANDER,2014,248,71,block_data
113sdoc22,GPO-CDOC-113sdoc22.pdf,367,367,data,True,364,364,SENATOR LAMAR ALEXANDER,2014,241,70,block_data
113sdoc22,GPO-CDOC-113sdoc22.pdf,368,368,data,True,364,364,SENATOR LAMAR ALEXANDER,2014,225,71,block_data
113sdoc22,GPO-CDOC-113sdoc22.pdf,369,369,data,True,364,364,SENATOR LAMAR ALEXANDER,2014,250,71,block_data
113sdoc22,GPO-CDOC-113sdoc22.pdf,370,370,data,True,364,364,SENATOR LAMAR ALEXANDER,2014,180,44,block_data
113sdoc22,GPO-CDOC-113sdoc22.pdf,371,371,banner,True,371,371,SENATOR KELLY AYOTTE,2012,72,31,block_start
113sdoc22,GPO-CDOC-113sdoc22.pdf,372,372,banner,True,372,372,SENATOR KELLY AYOTTE,2013,176,57,block_start
113sdoc22,GPO-CDOC-113sdoc22.pdf,373,373,data,True,372,372,SENATOR KELLY AYOTTE,2013,263,71,block_data
113sdoc22,GPO-CDOC-113sdoc22.pdf,374,374,data,True,372,372,SENATOR KELLY AYOTTE,2013,254,71,block_data
113sdoc22,GPO-CDOC-113sdoc22.pdf,375,375,data,True,372,372,SENATOR KELLY AYOTTE,2013,257,71,block_data
113sdoc22,GPO-CDOC-113sdoc22.pdf,376,376,data,True,372,372,SENATOR KELLY AYOTTE,2013,102,32,block_data
113sdoc22,GPO-CDOC-113sdoc22.pdf,377,377,banner,True,377,377,SENATOR KELLY AYOTTE,2014,150,57,block_start
113sdoc22,GPO-CDOC-113sdoc22.pdf,378,378,data,True,377,377,SENATOR KELLY AYOTTE,2014,211,65,block_data
113sdoc22,GPO-CDOC-113sdoc22.pdf,379,379,data,True,377,377,SENATOR KELLY AYOTTE,2014,239,70,block_data
113sdoc22,GPO-CDOC-113sdoc22.pdf,380,380,data,True,377,377,SENATOR KELLY AYOTTE,2014,243,70,block_data
113sdoc22,GPO-CDOC-113sdoc22.pdf,381,381,data,True,377,377,SENATOR KELLY AYOTTE,2014,251,71,block_data
113sdoc22,GPO-CDOC-113sdoc22.pdf,382,382,data,True,377,377,SENATOR KELLY AYOTTE,2014,263,71,block_data
113sdoc22,GPO-CDOC-113sdoc22.pdf,383,383,data,True,377,377,SENATOR KELLY AYOTTE,2014,253,70,block_data
113sdoc22,GPO-CDOC-113sdoc22.pdf,384,384,data,True,377,377,SENATOR KELLY AYOTTE,2014,247,70,block_data
113sdoc22,GPO-CDOC-113sdoc22.pdf,385,385,data,True,377,377,SENATOR KELLY AYOTTE,2014,252,71,block_data
113sdoc22,GPO-CDOC-113sdoc22.pdf,386,386,data,True,377,377,SENATOR KELLY AYOTTE,2014,212,67,block_data
113sdoc22,GPO-CDOC-113sdoc22.pdf,387,387,data,True,377,377,SENATOR KELLY AYOTTE,2014,246,70,block_data
113sdoc22,GPO-CDOC-113sdoc22.pdf,388,388,data,True,377,377,SENATOR KELLY AYOTTE,2014,247,70,block_data
113sdoc22,GPO-CDOC-113sdoc22.pdf,389,389,data,True,377,377,SENATOR KELLY AYOTTE,2014,258,71,block_data
113sdoc22,GPO-CDOC-113sdoc22.pdf,390,390,data,True,377,377,SENATOR KELLY AYOTTE,2014,245,70,block_data
113sdoc22,GPO-CDOC-113sdoc22.pdf,391,391,data,True,377,377,SENATOR KELLY AYOTTE,2014,256,70,block_data
113sdoc22,GPO-CDOC-113sdoc22.pdf,392,392,data,True,377,377,SENATOR KELLY AYOTTE,2014,269,64,block_data
113sdoc22,GPO-CDOC-113sdoc22.pdf,393,393,banner,True,393,393,SENATOR TAMMY BALDWIN,2013,151,55,block_start
113sdoc22,GPO-CDOC-113sdoc22.pdf,394,394,data,True,393,393,SENATOR TAMMY BALDWIN,2013,223,69,block_data
113sdoc22,GPO-CDOC-113sdoc22.pdf,395,395,data,True,393,393,SENATOR TAMMY BALDWIN,2013,258,68,block_data
113sdoc22,GPO-CDOC-113sdoc22.pdf,396,396,data,True,393,393,SENATOR TAMMY BALDWIN,2013,17,11,block_data
113sdoc22,GPO-CDOC-113sdoc22.pdf,397,397,banner,True,397,397,SENATOR TAMMY BALDWIN,2014,150,57,block_start
113sdoc22,GPO-CDOC-113sdoc22.pdf,398,398,data,True,397,397,SENATOR TAMMY BALDWIN,2014,215,66,block_data
113sdoc22,GPO-CDOC-113sdoc22.pdf,399,399,data,True,397,397,SENATOR TAMMY BALDWIN,2014,230,70,block_data
113sdoc22,GPO-CDOC-113sdoc22.pdf,400,400,data,True,397,397,SENATOR TAMMY BALDWIN,2014,241,71,block_data
113sdoc22,GPO-CDOC-113sdoc22.pdf,401,401,data,True,397,397,SENATOR TAMMY BALDWIN,2014,239,71,block_data
113sdoc22,GPO-CDOC-113sdoc22.pdf,402,402,data,True,397,397,SENATOR TAMMY BALDWIN,2014,234,70,block_data
113sdoc22,GPO-CDOC-113sdoc22.pdf,403,403,data,True,397,397,SENATOR TAMMY BALDWIN,2014,175,44,block_data
113sdoc22,GPO-CDOC-113sdoc22.pdf,404,404,banner,True,404,404,SENATOR JOHN BARRASSO,2012,72,31,block_start
113sdoc22,GPO-CDOC-113sdoc22.pdf,405,405,banner,True,405,405,SENATOR JOHN BARRASSO,2013,167,57,block_start
113sdoc22,GPO-CDOC-113sdoc22.pdf,406,406,data,True,405,405,SENATOR JOHN BARRASSO,2013,237,69,block_data
113sdoc22,GPO-CDOC-113sdoc22.pdf,407,407,data,True,405,405,SENATOR JOHN BARRASSO,2013,21,13,block_data
113sdoc22,GPO-CDOC-113sdoc22.pdf,408,408,banner,True,408,408,SENATOR JOHN BARRASSO,2014,150,57,block_start
113sdoc22,GPO-CDOC-113sdoc22.pdf,409,409,data,True,408,408,SENATOR JOHN BARRASSO,2014,211,65,block_data
113sdoc22,GPO-CDOC-113sdoc22.pdf,410,410,data,True,408,408,SENATOR JOHN BARRASSO,2014,239,71,block_data
113sdoc22,GPO-CDOC-113sdoc22.pdf,411,411,data,True,408,408,SENATOR JOHN BARRASSO,2014,238,71,block_data
113sdoc22,GPO-CDOC-113sdoc22.pdf,412,412,data,True,408,408,SENATOR JOHN BARRASSO,2014,220,69,block_data
113sdoc22,GPO-CDOC-113sdoc22.pdf,413,413,data,True,408,408,SENATOR JOHN BARRASSO,2014,226,70,block_data
113sdoc22,GPO-CDOC-113sdoc22.pdf,414,414,data,True,408,408,SENATOR JOHN BARRASSO,2014,298,69,block_data
113sdoc22,GPO-CDOC-113sdoc22.pdf,415,415,data,True,408,408,SENATOR JOHN BARRASSO,2014,23,14,block_data
113sdoc22,GPO-CDOC-113sdoc22.pdf,416,416,banner,True,416,416,SENATOR MAX BAUCUS,2012,69,29,block_start
113sdoc22,GPO-CDOC-113sdoc22.pdf,417,417,banner,True,417,417,SENATOR MAX BAUCUS,2013,146,55,block_start
113sdoc22,GPO-CDOC-113sdoc22.pdf,418,418,data,True,417,417,SENATOR MAX BAUCUS,2013,217,71,block_data
113sdoc22,GPO-CDOC-113sdoc22.pdf,419,419,data,True,417,417,SENATOR MAX BAUCUS,2013,231,70,block_data
113sdoc22,GPO-CDOC-113sdoc22.pdf,420,420,data,True,417,417,SENATOR MAX BAUCUS,2013,30,15,block_data
113sdoc22,GPO-CDOC-113sdoc22.pdf,421,421,banner,True,421,421,SENATOR MAX BAUCUS,2014,153,57,block_start
113sdoc22,GPO-CDOC-113sdoc22.pdf,422,422,data,True,421,421,SENATOR MAX BAUCUS,2014,207,66,block_data
113sdoc22,GPO-CDOC-113sdoc22.pdf,423,423,data,True,421,421,SENATOR MAX BAUCUS,2014,224,70,block_data
113sdoc22,GPO-CDOC-113sdoc22.pdf,424,424,data,True,421,421,SENATOR MAX BAUCUS,2014,225,70,block_data
113sdoc22,GPO-CDOC-113sdoc22.pdf,425,425,data,True,421,421,SENATOR MAX BAUCUS,2014,131,37,block_data
113sdoc22,GPO-CDOC-113sdoc22.pdf,426,426,banner,True,426,426,SENATOR MARK BEGICH,2012,72,31,block_start
113sdoc22,GPO-CDOC-113sdoc22.pdf,427,427,banner,True,427,427,SENATOR MARK BEGICH,2013,173,55,block_start
113sdoc22,GPO-CDOC-113sdoc22.pdf,428,428,data,True,427,427,SENATOR MARK BEGICH,2013,19,12,block_data
113sdoc22,GPO-CDOC-113sdoc22.pdf,429,429,banner,True,429,429,SENATOR MARK BEGICH,2014,153,57,block_start
113sdoc22,GPO-CDOC-113sdoc22.pdf,430,430,data,True,429,429,SENATOR MARK BEGICH,2014,206,68,block_data
113sdoc22,GPO-CDOC-113sdoc22.pdf,431,431,data,True,429,429,SENATOR MARK BEGICH,2014,223,69,block_data
113sdoc22,GPO-CDOC-113sdoc22.pdf,432,432,data,True,429,429,SENATOR MARK BEGICH,2014,244,70,block_data
113sdoc22,GPO-CDOC-113sdoc22.pdf,433,433,data,True,429,429,SENATOR MARK BEGICH,2014,104,27,block_data
113sdoc22,GPO-CDOC-113sdoc22.pdf,434,434,banner,True,434,434,SENATOR MICHAEL BENNET,2012,69,29,block_start
113sdoc22,GPO-CDOC-113sdoc22.pdf,435,435,banner,True,435,435,SENATOR MICHAEL BENNET,2013,160,55,block_start
113sdoc22,GPO-CDOC-113sdoc22.pdf,436,436,data,True,435,435,SENATOR MICHAEL BENNET,2013,225,70,block_data
113sdoc22,GPO-CDOC-113sdoc22.pdf,437,437,data,True,435,435,SENATOR MICHAEL BENNET,2013,105,32,block_data
113sdoc22,GPO-CDOC-113sdoc22.pdf,438,438,banner,True,438,438,SENATOR MICHAEL BENNET,2014,153,57,block_start
113sdoc22,GPO-CDOC-113sdoc22.pdf,439,439,data,True,438,438,SENATOR MICHAEL BENNET,2014,222,66,block_data
113sdoc22,GPO-CDOC-113sdoc22.pdf,440,440,data,True,438,438,SENATOR MICHAEL BENNET,2014,245,70,block_data
113sdoc22,GPO-CDOC-113sdoc22.pdf,441,441,data,True,438,438,SENATOR MICHAEL BENNET,2014,224,71,block_data
113sdoc22,GPO-CDOC-113sdoc22.pdf,442,442,data,True,438,438,SENATOR MICHAEL BENNET,2014,248,69,block_data
113sdoc22,GPO-CDOC-113sdoc22.pdf,443,443,data,True,438,438,SENATOR MICHAEL BENNET,2014,235,70,block_data
113sdoc22,GPO-CDOC-113sdoc22.pdf,444,444,data,True,438,438,SENATOR MICHAEL BENNET,2014,241,71,block_data
113sdoc22,GPO-CDOC-113sdoc22.pdf,445,445,data,True,438,438,SENATOR MICHAEL BENNET,2014,235,69,block_data
113sdoc22,GPO-CDOC-113sdoc22.pdf,446,446,data,True,438,438,SENATOR MICHAEL BENNET,2014,208,48,block_data
113sdoc22,GPO-CDOC-113sdoc22.pdf,447,447,banner,True,447,447,SENATOR JEFF BINGAMAN,2012,72,31,block_start
113sdoc22,GPO-CDOC-113sdoc22.pdf,448,448,banner,True,448,448,SENATOR JEFF BINGAMAN,2013,69,29,block_start
113sdoc22,GPO-CDOC-113sdoc22.pdf,449,449,banner,True,449,449,SENATOR RICHARD BLUMENTHAL,2012,90,38,block_start
113sdoc22,GPO-CDOC-113sdoc22.pdf,450,450,banner,True,450,450,SENATOR RICHARD BLUMENTHAL,2013,146,57,block_start
113sdoc22,GPO-CDOC-113sdoc22.pdf,451,451,data,True,450,450,SENATOR RICHARD BLUMENTHAL,2013,206,69,block_data
113sdoc22,GPO-CDOC-113sdoc22.pdf,452,452,data,True,450,450,SENATOR RICHARD BLUMENTHAL,2013,119,43,block_data
113sdoc22,GPO-CDOC-113sdoc22.pdf,453,453,banner,True,453,453,SENATOR RICHARD BLUMENTHAL,2014,153,57,block_start
113sdoc22,GPO-CDOC-113sdoc22.pdf,454,454,data,True,453,453,SENATOR RICHARD BLUMENTHAL,2014,213,65,block_data
113sdoc22,GPO-CDOC-113sdoc22.pdf,455,455,data,True,453,453,SENATOR RICHARD BLUMENTHAL,2014,210,70,block_data
113sdoc22,GPO-CDOC-113sdoc22.pdf,456,456,data,True,453,453,SENATOR RICHARD BLUMENTHAL,2014,221,68,block_data
113sdoc22,GPO-CDOC-113sdoc22.pdf,457,457,data,True,453,453,SENATOR RICHARD BLUMENTHAL,2014,202,70,block_data
113sdoc22,GPO-CDOC-113sdoc22.pdf,458,458,data,True,453,453,SENATOR RICHARD BLUMENTHAL,2014,200,70,block_data
113sdoc22,GPO-CDOC-113sdoc22.pdf,459,459,data,True,453,453,SENATOR RICHARD BLUMENTHAL,2014,246,57,block_data
113sdoc22,GPO-CDOC-113sdoc22.pdf,460,460,banner,True,460,460,SENATOR ROY BLUNT,2012,72,31,block_start
113sdoc22,GPO-CDOC-113sdoc22.pdf,461,461,banner,True,461,461,SENATOR ROY BLUNT,2013,163,56,block_start
113sdoc22,GPO-CDOC-113sdoc22.pdf,462,462,data,True,461,461,SENATOR ROY BLUNT,2013,248,70,block_data
113sdoc22,GPO-CDOC-113sdoc22.pdf,463,463,data,True,461,461,SENATOR ROY BLUNT,2013,257,70,block_data
113sdoc22,GPO-CDOC-113sdoc22.pdf,464,464,data,True,461,461,SENATOR ROY BLUNT,2013,257,70,block_data
113sdoc22,GPO-CDOC-113sdoc22.pdf,465,465,data,True,461,461,SENATOR ROY BLUNT,2013,256,70,block_data
113sdoc22,GPO-CDOC-113sdoc22.pdf,466,466,data,True,461,461,SENATOR ROY BLUNT,2013,247,70,block_data
113sdoc22,GPO-CDOC-113sdoc22.pdf,467,467,data,True,461,461,SENATOR ROY BLUNT,2013,107,31,block_data
113sdoc22,GPO-CDOC-113sdoc22.pdf,468,468,banner,True,468,468,SENATOR ROY BLUNT,2014,150,57,block_start
113sdoc22,GPO-CDOC-113sdoc22.pdf,469,469,data,True,468,468,SENATOR ROY BLUNT,2014,231,66,block_data
113sdoc22,GPO-CDOC-113sdoc22.pdf,470,470,data,True,468,468,SENATOR ROY BLUNT,2014,254,71,block_data
113sdoc22,GPO-CDOC-113sdoc22.pdf,471,471,data,True,468,468,SENATOR ROY BLUNT,2014,263,71,block_data
113sdoc22,GPO-CDOC-113sdoc22.pdf,472,472,data,True,468,468,SENATOR ROY BLUNT,2014,249,71,block_data
113sdoc22,GPO-CDOC-113sdoc22.pdf,473,473,data,True,468,468,SENATOR ROY BLUNT,2014,257,70,block_data
113sdoc22,GPO-CDOC-113sdoc22.pdf,474,474,data,True,468,468,SENATOR ROY BLUNT,2014,252,70,block_data
113sdoc22,GPO-CDOC-113sdoc22.pdf,475,475,data,True,468,468,SENATOR ROY BLUNT,2014,252,70,block_data
113sdoc22,GPO-CDOC-113sdoc22.pdf,476,476,data,True,468,468,SENATOR ROY BLUNT,2014,252,70,block_data
113sdoc22,GPO-CDOC-113sdoc22.pdf,477,477,data,True,468,468,SENATOR ROY BLUNT,2014,245,71,block_data
113sdoc22,GPO-CDOC-113sdoc22.pdf,478,478,data,True,468,468,SENATOR ROY BLUNT,2014,252,71,block_data
113sdoc22,GPO-CDOC-113sdoc22.pdf,479,479,data,True,468,468,SENATOR ROY BLUNT,2014,249,71,block_data
113sdoc22,GPO-CDOC-113sdoc22.pdf,480,480,data,True,468,468,SENATOR ROY BLUNT,2014,254,71,block_data
113sdoc22,GPO-CDOC-113sdoc22.pdf,481,481,data,True,468,468,SENATOR ROY BLUNT,2014,253,71,block_data
113sdoc22,GPO-CDOC-113sdoc22.pdf,482,482,data,True,468,468,SENATOR ROY BLUNT,2014,246,70,block_data
113sdoc22,GPO-CDOC-113sdoc22.pdf,483,483,data,True,468,468,SENATOR ROY BLUNT,2014,253,71,block_data
113sdoc22,GPO-CDOC-113sdoc22.pdf,484,484,data,True,468,468,SENATOR ROY BLUNT,2014,258,71,block_data
113sdoc22,GPO-CDOC-113sdoc22.pdf,485,485,data,True,468,468,SENATOR ROY BLUNT,2014,110,32,block_data
113sdoc22,GPO-CDOC-113sdoc22.pdf,486,486,banner,True,486,486,SENATOR CORY BOOKER,2014,153,57,block_start
113sdoc22,GPO-CDOC-113sdoc22.pdf,487,487,data,True,486,486,SENATOR CORY BOOKER,2014,214,66,block_data
113sdoc22,GPO-CDOC-113sdoc22.pdf,488,488,data,True,486,486,SENATOR CORY BOOKER,2014,200,58,block_data
113sdoc22,GPO-CDOC-113sdoc22.pdf,489,489,banner,True,489,489,SENATOR JOHN BOOZMAN,2012,69,29,block_start
113sdoc22,GPO-CDOC-113sdoc22.pdf,490,490,banner,True,490,490,SENATOR JOHN BOOZMAN,2013,156,56,block_start
113sdoc22,GPO-CDOC-113sdoc22.pdf,491,491,data,True,490,490,SENATOR JOHN BOOZMAN,2013,249,70,block_data
113sdoc22,GPO-CDOC-113sdoc22.pdf,492,492,data,True,490,490,SENATOR JOHN BOOZMAN,2013,237,70,block_data
113sdoc22,GPO-CDOC-113sdoc22.pdf,493,493,data,True,490,490,SENATOR JOHN BOOZMAN,2013,266,69,block_data
113sdoc22,GPO-CDOC-113sdoc22.pdf,494,494,data,True,490,490,SENATOR JOHN BOOZMAN,2013,84,22,block_data
113sdoc22,GPO-CDOC-113sdoc22.pdf,495,495,banner,True,495,495,SENATOR JOHN BOOZMAN,2014,153,58,block_start
113sdoc22,GPO-CDOC-113sdoc22.pdf,496,496,data,True,495,495,SENATOR JOHN BOOZMAN,2014,225,66,block_data
113sdoc22,GPO-CDOC-113sdoc22.pdf,497,497,data,True,495,495,SENATOR JOHN BOOZMAN,2014,233,71,block_data
113sdoc22,GPO-CDOC-113sdoc22.pdf,498,498,data,True,495,495,SENATOR JOHN BOOZMAN,2014,241,70,block_data
113sdoc22,GPO-CDOC-113sdoc22.pdf,499,499,data,True,495,495,SENATOR JOHN BOOZMAN,2014,237,70,block_data
113sdoc22,GPO-CDOC-113sdoc22.pdf,500,500,data,True,495,495,SENATOR JOHN BOOZMAN,2014,224,69,block_data
113sdoc22,GPO-CDOC-113sdoc22.pdf,501,501,data,True,495,495,SENATOR JOHN BOOZMAN,2014,214,67,block_data
113sdoc22,GPO-CDOC-113sdoc22.pdf,502,502,data,True,495,495,SENATOR JOHN BOOZMAN,2014,233,69,block_data
113sdoc22,GPO-CDOC-113sdoc22.pdf,503,503,data,True,495,495,SENATOR JOHN BOOZMAN,2014,234,71,block_data
113sdoc22,GPO-CDOC-113sdoc22.pdf,504,504,data,True,495,495,SENATOR JOHN BOOZMAN,2014,224,69,block_data
113sdoc22,GPO-CDOC-113sdoc22.pdf,505,505,data,True,495,495,SENATOR JOHN BOOZMAN,2014,244,70,block_data
113sdoc22,GPO-CDOC-113sdoc22.pdf,506,506,data,True,495,495,SENATOR JOHN BOOZMAN,2014,218,70,block_data
113sdoc22,GPO-CDOC-113sdoc22.pdf,507,507,data,True,495,495,SENATOR JOHN BOOZMAN,2014,242,71,block_data
113sdoc22,GPO-CDOC-113sdoc22.pdf,508,508,data,True,495,495,SENATOR JOHN BOOZMAN,2014,240,71,block_data
113sdoc22,GPO-CDOC-113sdoc22.pdf,509,509,data,True,495,495,SENATOR JOHN BOOZMAN,2014,243,71,block_data
113sdoc22,GPO-CDOC-113sdoc22.pdf,510,510,data,True,495,495,SENATOR JOHN BOOZMAN,2014,301,52,block_data
113sdoc22,GPO-CDOC-113sdoc22.pdf,511,511,banner,True,511,511,SENATOR BARBARA BOXER,2012,72,31,block_start
113sdoc22,GPO-CDOC-113sdoc22.pdf,512,512,banner,True,512,512,SENATOR BARBARA BOXER,2013,151,55,block_start
113sdoc22,GPO-CDOC-113sdoc22.pdf,513,513,data,True,512,512,SENATOR BARBARA BOXER,2013,217,68,block_data
113sdoc22,GPO-CDOC-113sdoc22.pdf,514,514,data,True,512,512,SENATOR BARBARA BOXER,2013,166,54,block_data
113sdoc22,GPO-CDOC-113sdoc22.pdf,515,515,banner,True,515,515,SENATOR BARBARA BOXER,2014,150,57,block_start
113sdoc22,GPO-CDOC-113sdoc22.pdf,516,516,data,True,515,515,SENATOR BARBARA BOXER,2014,200,68,block_data
113sdoc22,GPO-CDOC-113sdoc22.pdf,517,517,data,True,515,515,SENATOR BARBARA BOXER,2014,211,67,block_data
113sdoc22,GPO-CDOC-113sdoc22.pdf,518,518,data,True,515,515,SENATOR BARBARA BOXER,2014,206,67,block_data
113sdoc22,GPO-CDOC-113sdoc22.pdf,519,519,data,True,515,515,SENATOR BARBARA BOXER,2014,219,70,block_data
113sdoc22,GPO-CDOC-113sdoc22.pdf,520,520,data,True,515,515,SENATOR BARBARA BOXER,2014,214,70,block_data
113sdoc22,GPO-CDOC-113sdoc22.pdf,521,521,data,True,515,515,SENATOR BARBARA BOXER,2014,227,71,block_data
113sdoc22,GPO-CDOC-113sdoc22.pdf,522,522,data,True,515,515,SENATOR BARBARA BOXER,2014,216,70,block_data
113sdoc22,GPO-CDOC-113sdoc22.pdf,523,523,data,True,515,515,SENATOR BARBARA BOXER,2014,218,70,block_data
113sdoc22,GPO-CDOC-113sdoc22.pdf,524,524,data,True,515,515,SENATOR BARBARA BOXER,2014,124,35,block_data
113sdoc22,GPO-CDOC-113sdoc22.pdf,525,525,banner,True,525,525,SENATOR SCOTT P. BROWN,2012,72,31,block_start
113sdoc22,GPO-CDOC-113sdoc22.pdf,526,526,banner,True,526,526,SENATOR SCOTT P. BROWN,2013,69,29,block_start
113sdoc22,GPO-CDOC-113sdoc22.pdf,527,527,banner,True,527,527,SENATOR SHERROD BROWN,2012,72,31,block_start
113sdoc22,GPO-CDOC-113sdoc22.pdf,528,528,banner,True,528,528,SENATOR SHERROD BROWN,2013,164,57,block_start
113sdoc22,GPO-CDOC-113sdoc22.pdf,529,529,data,True,528,528,SENATOR SHERROD BROWN,2013,233,70,block_data
113sdoc22,GPO-CDOC-113sdoc22.pdf,530,530,data,True,528,528,SENATOR SHERROD BROWN,2013,259,71,block_data
113sdoc22,GPO-CDOC-113sdoc22.pdf,531,531,data,True,528,528,SENATOR SHERROD BROWN,2013,125,36,block_data
113sdoc22,GPO-CDOC-113sdoc22.pdf,532,532,banner,True,532,532,SENATOR SHERROD BROWN,2014,150,57,block_start
113sdoc22,GPO-CDOC-113sdoc22.pdf,533,533,data,True,532,532,SENATOR SHERROD BROWN,2014,213,67,block_data
113sdoc22,GPO-CDOC-113sdoc22.pdf,534,534,data,True,532,532,SENATOR SHERROD BROWN,2014,247,71,block_data
113sdoc22,GPO-CDOC-113sdoc22.pdf,535,535,data,True,532,532,SENATOR SHERROD BROWN,2014,246,71,block_data
113sdoc22,GPO-CDOC-113sdoc22.pdf,536,536,data,True,532,532,SENATOR SHERROD BROWN,2014,251,71,block_data
113sdoc22,GPO-CDOC-113sdoc22.pdf,537,537,data,True,532,532,SENATOR SHERROD BROWN,2014,230,71,block_data
113sdoc22,GPO-CDOC-113sdoc22.pdf,538,538,data,True,532,532,SENATOR SHERROD BROWN,2014,251,71,block_data
113sdoc22,GPO-CDOC-113sdoc22.pdf,539,539,data,True,532,532,SENATOR SHERROD BROWN,2014,237,70,block_data
113sdoc22,GPO-CDOC-113sdoc22.pdf,540,540,data,True,532,532,SENATOR SHERROD BROWN,2014,257,70,block_data
113sdoc22,GPO-CDOC-113sdoc22.pdf,541,541,data,True,532,532,SENATOR SHERROD BROWN,2014,257,71,block_data
113sdoc22,GPO-CDOC-113sdoc22.pdf,542,542,data,True,532,532,SENATOR SHERROD BROWN,2014,232,70,block_data
113sdoc22,GPO-CDOC-113sdoc22.pdf,543,543,data,True,532,532,SENATOR SHERROD BROWN,2014,259,71,block_data
113sdoc22,GPO-CDOC-113sdoc22.pdf,544,544,data,True,532,532,SENATOR SHERROD BROWN,2014,231,70,block_data
113sdoc22,GPO-CDOC-113sdoc22.pdf,545,545,data,True,532,532,SENATOR SHERROD BROWN,2014,247,71,block_data
113sdoc22,GPO-CDOC-113sdoc22.pdf,546,546,data,True,532,532,SENATOR SHERROD BROWN,2014,243,71,block_data
113sdoc22,GPO-CDOC-113sdoc22.pdf,547,547,data,True,532,532,SENATOR SHERROD BROWN,2014,135,33,block_data
113sdoc22,GPO-CDOC-113sdoc22.pdf,548,548,banner,True,548,548,SENATOR RICHARD BURR,2012,72,31,block_start
113sdoc22,GPO-CDOC-113sdoc22.pdf,549,549,banner,True,549,549,SENATOR RICHARD BURR,2013,141,56,block_start
113sdoc22,GPO-CDOC-113sdoc22.pdf,550,550,data,True,549,549,SENATOR RICHARD BURR,2013,104,40,block_data
113sdoc22,GPO-CDOC-113sdoc22.pdf,551,551,banner,True,551,551,SENATOR RICHARD BURR,2014,151,57,block_start
113sdoc22,GPO-CDOC-113sdoc22.pdf,552,552,data,True,551,551,SENATOR RICHARD BURR,2014,178,65,block_data
113sdoc22,GPO-CDOC-113sdoc22.pdf,553,553,data,True,551,551,SENATOR RICHARD BURR,2014,185,68,block_data
113sdoc22,GPO-CDOC-113sdoc22.pdf,554,554,data,True,551,551,SENATOR RICHARD BURR,2014,196,69,block_data
113sdoc22,GPO-CDOC-113sdoc22.pdf,555,555,data,True,551,551,SENATOR RICHARD BURR,2014,193,70,block_data
113sdoc22,GPO-CDOC-113sdoc22.pdf,556,556,data,True,551,551,SENATOR RICHARD BURR,2014,190,52,block_data
113sdoc22,GPO-CDOC-113sdoc22.pdf,557,557,banner,True,557,557,SENATOR MARIA CANTWELL,2012,72,31,block_start
113sdoc22,GPO-CDOC-113sdoc22.pdf,558,558,banner,True,558,558,SENATOR MARIA CANTWELL,2013,145,56,block_start
113sdoc22,GPO-CDOC-113sdoc22.pdf,559,559,data,True,558,558,SENATOR MARIA CANTWELL,2013,232,65,block_data
113sdoc22,GPO-CDOC-113sdoc22.pdf,560,560,banner,True,560,560,SENATOR MARIA CANTWELL,2014,153,58,block_start
113sdoc22,GPO-CDOC-113sdoc22.pdf,561,561,data,True,560,560,SENATOR MARIA CANTWELL,2014,223,66,block_data
113sdoc22,GPO-CDOC-113sdoc22.pdf,562,562,data,True,560,560,SENATOR MARIA CANTWELL,2014,233,70,block_data
113sdoc22,GPO-CDOC-113sdoc22.pdf,563,563,data,True,560,560,SENATOR MARIA CANTWELL,2014,250,70,block_data
113sdoc22,GPO-CDOC-113sdoc22.pdf,564,564,data,True,560,560,SENATOR MARIA CANTWELL,2014,228,68,block_data
113sdoc22,GPO-CDOC-113sdoc22.pdf,565,565,data,True,560,560,SENATOR MARIA CANTWELL,2014,235,69,block_data
113sdoc22,GPO-CDOC-113sdoc22.pdf,566,566,data,True,560,560,SENATOR MARIA CANTWELL,2014,236,70,block_data
113sdoc22,GPO-CDOC-113sdoc22.pdf,567,567,data,True,560,560,SENATOR MARIA CANTWELL,2014,235,70,block_data
113sdoc22,GPO-CDOC-113sdoc22.pdf,568,568,data,True,560,560,SENATOR MARIA CANTWELL,2014,249,70,block_data
113sdoc22,GPO-CDOC-113sdoc22.pdf,569,569,data,True,560,560,SENATOR MARIA CANTWELL,2014,267,70,block_data
113sdoc22,GPO-CDOC-113sdoc22.pdf,570,570,data,True,560,560,SENATOR MARIA CANTWELL,2014,48,19,block_data
113sdoc22,GPO-CDOC-113sdoc22.pdf,571,571,banner,True,571,571,SENATOR BENJAMIN L CARDIN,2012,69,29,block_start
113sdoc22,GPO-CDOC-113sdoc22.pdf,572,572,banner,True,572,572,SENATOR BENJAMIN L CARDIN,2013,174,56,block_start
113sdoc22,GPO-CDOC-113sdoc22.pdf,573,573,data,True,572,572,SENATOR BENJAMIN L CARDIN,2013,28,14,block_data
113sdoc22,GPO-CDOC-113sdoc22.pdf,574,574,banner,True,574,574,SENATOR BENJAMIN L CARDIN,2014,150,57,block_start
113sdoc22,GPO-CDOC-113sdoc22.pdf,575,575,data,True,574,574,SENATOR BENJAMIN L CARDIN,2014,204,64,block_data
113sdoc22,GPO-CDOC-113sdoc22.pdf,576,576,data,True,574,574,SENATOR BENJAMIN L CARDIN,2014,132,39,block_data
113sdoc22,GPO-CDOC-113sdoc22.pdf,577,577,banner,True,577,577,SENATOR THOMAS R. CARPER,2012,82,34,block_start
113sdoc22,GPO-CDOC-113sdoc22.pdf,578,578,banner,True,578,578,SENATOR THOMAS R. CARPER,2013,167,57,block_start
113sdoc22,GPO-CDOC-113sdoc22.pdf,579,579,data,True,578,578,SENATOR THOMAS R. CARPER,2013,250,71,block_data
113sdoc22,GPO-CDOC-113sdoc22.pdf,580,580,data,True,578,578,SENATOR THOMAS R. CARPER,2013,126,32,block_data
113sdoc22,GPO-CDOC-113sdoc22.pdf,581,581,banner,True,581,581,SENATOR THOMAS R. CARPER,2014,153,57,block_start
113sdoc22,GPO-CDOC-113sdoc22.pdf,582,582,data,True,581,581,SENATOR THOMAS R. CARPER,2014,218,65,block_data
113sdoc22,GPO-CDOC-113sdoc22.pdf,583,583,data,True,581,581,SENATOR THOMAS R. CARPER,2014,244,70,block_data
113sdoc22,GPO-CDOC-113sdoc22.pdf,584,584,data,True,581,581,SENATOR THOMAS R. CARPER,2014,248,70,block_data
113sdoc22,GPO-CDOC-113sdoc22.pdf,585,585,data,True,581,581,SENATOR THOMAS R. CARPER,2014,250,71,block_data
113sdoc22,GPO-CDOC-113sdoc22.pdf,586,586,data,True,581,581,SENATOR THOMAS R. CARPER,2014,259,69,block_data
113sdoc22,GPO-CDOC-113sdoc22.pdf,587,587,data,True,581,581,SENATOR THOMAS R. CARPER,2014,39,17,block_data
113sdoc22,GPO-CDOC-113sdoc22.pdf,588,588,banner,True,588,588,"SENATOR ROBERT CASEY, JR.",2012,69,29,block_start
113sdoc22,GPO-CDOC-113sdoc22.pdf,589,589,banner,True,589,589,"SENATOR ROBERT CASEY, JR.",2013,160,56,block_start
113sdoc22,GPO-CDOC-113sdoc22.pdf,590,590,data,True,589,589,"SENATOR ROBERT CASEY, JR.",2013,236,71,block_data
113sdoc22,GPO-CDOC-113sdoc22.pdf,591,591,data,True,589,589,"SENATOR ROBERT CASEY, JR.",2013,236,68,block_data
113sdoc22,GPO-CDOC-113sdoc22.pdf,592,592,data,True,589,589,"SENATOR ROBERT CASEY, JR.",2013,44,17,block_data
113sdoc22,GPO-CDOC-113sdoc22.pdf,593,593,banner,True,593,593,"SENATOR ROBERT CASEY, JR.",2014,153,57,block_start
113sdoc22,GPO-CDOC-113sdoc22.pdf,594,594,data,True,593,593,"SENATOR ROBERT CASEY, JR.",2014,222,66,block_data
113sdoc22,GPO-CDOC-113sdoc22.pdf,595,595,data,True,593,593,"SENATOR ROBERT CASEY, JR.",2014,241,70,block_data
113sdoc22,GPO-CDOC-113sdoc22.pdf,596,596,data,True,593,593,"SENATOR ROBERT CASEY, JR.",2014,246,70,block_data
113sdoc22,GPO-CDOC-113sdoc22.pdf,597,597,data,True,593,593,"SENATOR ROBERT CASEY, JR.",2014,247,71,block_data
113sdoc22,GPO-CDOC-113sdoc22.pdf,598,598,data,True,593,593,"SENATOR ROBERT CASEY, JR.",2014,248,71,block_data
113sdoc22,GPO-CDOC-113sdoc22.pdf,599,599,data,True,593,593,"SENATOR ROBERT CASEY, JR.",2014,250,70,block_data
113sdoc22,GPO-CDOC-113sdoc22.pdf,600,600,data,True,593,593,"SENATOR ROBERT CASEY, JR.",2014,228,70,block_data
113sdoc22,GPO-CDOC-113sdoc22.pdf,601,601,data,True,593,593,"SENATOR ROBERT CASEY, JR.",2014,123,33,block_data
113sdoc22,GPO-CDOC-113sdoc22.pdf,602,602,banner,True,602,602,SENATOR SAXBY CHAMBLISS,2012,69,29,block_start
113sdoc22,GPO-CDOC-113sdoc22.pdf,603,603,banner,True,603,603,SENATOR SAXBY CHAMBLISS,2013,167,56,block_start
113sdoc22,GPO-CDOC-113sdoc22.pdf,604,604,data,True,603,603,SENATOR SAXBY CHAMBLISS,2013,249,70,block_data
113sdoc22,GPO-CDOC-113sdoc22.pdf,605,605,data,True,603,603,SENATOR SAXBY CHAMBLISS,2013,253,70,block_data
113sdoc22,GPO-CDOC-113sdoc22.pdf,606,606,data,True,603,603,SENATOR SAXBY CHAMBLISS,2013,246,71,block_data
113sdoc22,GPO-CDOC-113sdoc22.pdf,607,607,data,True,603,603,SENATOR SAXBY CHAMBLISS,2013,255,70,block_data
113sdoc22,GPO-CDOC-113sdoc22.pdf,608,608,data,True,603,603,SENATOR SAXBY CHAMBLISS,2013,42,16,block_data
113sdoc22,GPO-CDOC-113sdoc22.pdf,609,609,banner,True,609,609,SENATOR SAXBY CHAMBLISS,2014,153,57,block_start
113sdoc22,GPO-CDOC-113sdoc22.pdf,610,610,data,True,609,609,SENATOR SAXBY CHAMBLISS,2014,225,66,block_data
113sdoc22,GPO-CDOC-113sdoc22.pdf,611,611,data,True,609,609,SENATOR SAXBY CHAMBLISS,2014,251,71,block_data
113sdoc22,GPO-CDOC-113sdoc22.pdf,612,612,data,True,609,609,SENATOR SAXBY CHAMBLISS,2014,257,70,block_data
113sdoc22,GPO-CDOC-113sdoc22.pdf,613,613,data,True,609,609,SENATOR SAXBY CHAMBLISS,2014,246,71,block_data
113sdoc22,GPO-CDOC-113sdoc22.pdf,614,614,data,True,609,609,SENATOR SAXBY CHAMBLISS,2014,252,70,block_data
113sdoc22,GPO-CDOC-113sdoc22.pdf,615,615,data,True,609,609,SENATOR SAXBY CHAMBLISS,2014,245,70,block_data
113sdoc22,GPO-CDOC-113sdoc22.pdf,616,616,data,True,609,609,SENATOR SAXBY CHAMBLISS,2014,255,71,block_data
113sdoc22,GPO-CDOC-113sdoc22.pdf,617,617,data,True,609,609,SENATOR SAXBY CHAMBLISS,2014,245,70,block_data
113sdoc22,GPO-CDOC-113sdoc22.pdf,618,618,data,True,609,609,SENATOR SAXBY CHAMBLISS,2014,238,70,block_data
113sdoc22,GPO-CDOC-113sdoc22.pdf,619,619,data,True,609,609,SENATOR SAXBY CHAMBLISS,2014,245,70,block_data
113sdoc22,GPO-CDOC-113sdoc22.pdf,620,620,data,True,609,609,SENATOR SAXBY CHAMBLISS,2014,230,69,block_data
113sdoc22,GPO-CDOC-113sdoc22.pdf,621,621,data,True,609,609,SENATOR SAXBY CHAMBLISS,2014,255,71,block_data
113sdoc22,GPO-CDOC-113sdoc22.pdf,622,622,data,True,609,609,SENATOR SAXBY CHAMBLISS,2014,243,71,block_data
113sdoc22,GPO-CDOC-113sdoc22.pdf,623,623,data,True,609,609,SENATOR SAXBY CHAMBLISS,2014,263,71,block_data
113sdoc22,GPO-CDOC-113sdoc22.pdf,624,624,data,True,609,609,SENATOR SAXBY CHAMBLISS,2014,224,69,block_data
113sdoc22,GPO-CDOC-113sdoc22.pdf,625,625,data,True,609,609,SENATOR SAXBY CHAMBLISS,2014,162,42,block_data
113sdoc22,GPO-CDOC-113sdoc22.pdf,626,626,banner,True,626,626,SENATOR JEFFREY CHIESA,2013,162,56,block_start
113sdoc22,GPO-CDOC-113sdoc22.pdf,627,627,data,True,626,626,SENATOR JEFFREY CHIESA,2013,61,23,block_data
113sdoc22,GPO-CDOC-113sdoc22.pdf,628,628,banner,True,628,628,SENATOR JEFFREY CHIESA,2014,161,56,block_start
113sdoc22,GPO-CDOC-113sdoc22.pdf,629,629,data,True,628,628,SENATOR JEFFREY CHIESA,2014,21,13,block_data
113sdoc22,GPO-CDOC-113sdoc22.pdf,630,630,banner,True,630,630,SENATOR DANIEL R. COATS,2012,72,31,block_start
113sdoc22,GPO-CDOC-113sdoc22.pdf,631,631,banner,True,631,631,SENATOR DANIEL R. COATS,2013,153,57,block_start
113sdoc22,GPO-CDOC-113sdoc22.pdf,632,632,data,True,631,631,SENATOR DANIEL R. COATS,2013,227,70,block_data
113sdoc22,GPO-CDOC-113sdoc22.pdf,633,633,data,True,631,631,SENATOR DANIEL R. COATS,2013,224,67,block_data
113sdoc22,GPO-CDOC-113sdoc22.pdf,634,634,banner,True,634,634,SENATOR DANIEL R. COATS,2014,150,57,block_start
113sdoc22,GPO-CDOC-113sdoc22.pdf,635,635,data,True,634,634,SENATOR DANIEL R. COATS,2014,217,65,block_data
113sdoc22,GPO-CDOC-113sdoc22.pdf,636,636,data,True,634,634,SENATOR DANIEL R. COATS,2014,229,71,block_data
113sdoc22,GPO-CDOC-113sdoc22.pdf,637,637,data,True,634,634,SENATOR DANIEL R. COATS,2014,237,70,block_data
113sdoc22,GPO-CDOC-113sdoc22.pdf,638,638,data,True,634,634,SENATOR DANIEL R. COATS,2014,235,71,block_data
113sdoc22,GPO-CDOC-113sdoc22.pdf,639,639,data,True,634,634,SENATOR DANIEL R. COATS,2014,222,69,block_data
113sdoc22,GPO-CDOC-113sdoc22.pdf,640,640,data,True,634,634,SENATOR DANIEL R. COATS,2014,217,69,block_data
113sdoc22,GPO-CDOC-113sdoc22.pdf,641,641,data,True,634,634,SENATOR DANIEL R. COATS,2014,224,68,block_data
113sdoc22,GPO-CDOC-113sdoc22.pdf,642,642,data,True,634,634,SENATOR DANIEL R. COATS,2014,235,70,block_data
113sdoc22,GPO-CDOC-113sdoc22.pdf,643,643,data,True,634,634,SENATOR DANIEL R. COATS,2014,243,69,block_data
113sdoc22,GPO-CDOC-113sdoc22.pdf,644,644,data,True,634,634,SENATOR DANIEL R. COATS,2014,235,70,block_data
113sdoc22,GPO-CDOC-113sdoc22.pdf,645,645,data,True,634,634,SENATOR DANIEL R. COATS,2014,140,35,block_data
113sdoc22,GPO-CDOC-113sdoc22.pdf,646,646,banner,True,646,646,SENATOR TOM COBURN,2012,69,29,block_start
113sdoc22,GPO-CDOC-113sdoc22.pdf,647,647,banner,True,647,647,SENATOR TOM COBURN,2013,168,57,block_start
113sdoc22,GPO-CDOC-113sdoc22.pdf,648,648,data,True,647,647,SENATOR TOM COBURN,2013,247,70,block_data
113sdoc22,GPO-CDOC-113sdoc22.pdf,649,649,data,True,647,647,SENATOR TOM COBURN,2013,82,29,block_data
113sdoc22,GPO-CDOC-113sdoc22.pdf,650,650,banner,True,650,650,SENATOR TOM COBURN,2014,150,57,block_start
113sdoc22,GPO-CDOC-113sdoc22.pdf,651,651,data,True,650,650,SENATOR TOM COBURN,2014,233,66,block_data
113sdoc22,GPO-CDOC-113sdoc22.pdf,652,652,data,True,650,650,SENATOR TOM COBURN,2014,255,71,block_data
113sdoc22,GPO-CDOC-113sdoc22.pdf,653,653,data,True,650,650,SENATOR TOM COBURN,2014,243,71,block_data
113sdoc22,GPO-CDOC-113sdoc22.pdf,654,654,data,True,650,650,SENATOR TOM COBURN,2014,228,70,block_data
113sdoc22,GPO-CDOC-113sdoc22.pdf,655,655,data,True,650,650,SENATOR TOM COBURN,2014,263,71,block_data
113sdoc22,GPO-CDOC-113sdoc22.pdf,656,656,data,True,650,650,SENATOR TOM COBURN,2014,247,71,block_data
113sdoc22,GPO-CDOC-113sdoc22.pdf,657,657,data,True,650,650,SENATOR TOM COBURN,2014,249,70,block_data
113sdoc22,GPO-CDOC-113sdoc22.pdf,658,658,data,True,650,650,SENATOR TOM COBURN,2014,253,71,block_data
113sdoc22,GPO-CDOC-113sdoc22.pdf,659,659,data,True,650,650,SENATOR TOM COBURN,2014,145,42,block_data
113sdoc22,GPO-CDOC-113sdoc22.pdf,660,660,banner,True,660,660,SENATOR THAD COCHRAN,2012,69,29,block_start
113sdoc22,GPO-CDOC-113sdoc22.pdf,661,661,banner,True,661,661,SENATOR THAD COCHRAN,2013,174,57,block_start
113sdoc22,GPO-CDOC-113sdoc22.pdf,662,662,data,True,661,661,SENATOR THAD COCHRAN,2013,241,70,block_data
113sdoc22,GPO-CDOC-113sdoc22.pdf,663,663,data,True,661,661,SENATOR THAD COCHRAN,2013,72,26,block_data
113sdoc22,GPO-CDOC-113sdoc22.pdf,664,664,banner,True,664,664,SENATOR THAD COCHRAN,2014,150,57,block_start
113sdoc22,GPO-CDOC-113sdoc22.pdf,665,665,data,True,664,664,SENATOR THAD COCHRAN,2014,234,65,block_data
113sdoc22,GPO-CDOC-113sdoc22.pdf,666,666,data,True,664,664,SENATOR THAD COCHRAN,2014,252,71,block_data
113sdoc22,GPO-CDOC-113sdoc22.pdf,667,667,data,True,664,664,SENATOR THAD COCHRAN,2014,260,71,block_data
113sdoc22,GPO-CDOC-113sdoc22.pdf,668,668,data,True,664,664,SENATOR THAD COCHRAN,2014,245,70,block_data
113sdoc22,GPO-CDOC-113sdoc22.pdf,669,669,data,True,664,664,SENATOR THAD COCHRAN,2014,253,70,block_data
113sdoc22,GPO-CDOC-113sdoc22.pdf,670,670,data,True,664,664,SENATOR THAD COCHRAN,2014,255,70,block_data
113sdoc22,GPO-CDOC-113sdoc22.pdf,671,671,data,True,664,664,SENATOR THAD COCHRAN,2014,76,23,block_data
113sdoc22,GPO-CDOC-113sdoc22.pdf,672,672,banner,True,672,672,SENATOR SUSAN M. COLLINS,2012,168,57,block_start
113sdoc22,GPO-CDOC-113sdoc22.pdf,673,673,data,True,672,672,SENATOR SUSAN M. COLLINS,2012,257,70,block_data
113sdoc22,GPO-CDOC-113sdoc22.pdf,674,674,data,True,672,672,SENATOR SUSAN M. COLLINS,2012,244,70,block_data
113sdoc22,GPO-CDOC-113sdoc22.pdf,675,675,data,True,672,672,SENATOR SUSAN M. COLLINS,2012,166,48,block_data
113sdoc22,GPO-CDOC-113sdoc22.pdf,676,676,banner,True,676,676,SENATOR SUSAN M. COLLINS,2013,156,55,block_start
113sdoc22,GPO-CDOC-113sdoc22.pdf,677,677,data,True,676,676,SENATOR SUSAN M. COLLINS,2013,247,70,block_data
113sdoc22,GPO-CDOC-113sdoc22.pdf,678,678,data,True,676,676,SENATOR SUSAN M. COLLINS,2013,241,70,block_data
113sdoc22,GPO-CDOC-113sdoc22.pdf,679,679,data,True,676,676,SENATOR SUSAN M. COLLINS,2013,253,70,block_data
113sdoc22,GPO-CDOC-113sdoc22.pdf,680,680,data,True,676,676,SENATOR SUSAN M. COLLINS,2013,259,71,block_data
113sdoc22,GPO-CDOC-113sdoc22.pdf,681,681,data,True,676,676,SENATOR SUSAN M. COLLINS,2013,249,70,block_data
113sdoc22,GPO-CDOC-113sdoc22.pdf,682,682,data,True,676,676,SENATOR SUSAN M. COLLINS,2013,130,30,block_data
113sdoc22,GPO-CDOC-113sdoc22.pdf,683,683,banner,True,683,683,SENATOR SUSAN M. COLLINS,2014,150,57,block_start
113sdoc22,GPO-CDOC-113sdoc22.pdf,684,684,data,True,683,683,SENATOR SUSAN M. COLLINS,2014,201,67,block_data
113sdoc22,GPO-CDOC-113sdoc22.pdf,685,685,data,True,683,683,SENATOR SUSAN M. COLLINS,2014,233,69,block_data
113sdoc22,GPO-CDOC-113sdoc22.pdf,686,686,data,True,683,683,SENATOR SUSAN M. COLLINS,2014,242,70,block_data
113sdoc22,GPO-CDOC-113sdoc22.pdf,687,687,data,True,683,683,SENATOR SUSAN M. COLLINS,2014,248,70,block_data
113sdoc22,GPO-CDOC-113sdoc22.pdf,688,688,data,True,683,683,SENATOR SUSAN M. COLLINS,2014,244,70,block_data
113sdoc22,GPO-CDOC-113sdoc22.pdf,689,689,data,True,683,683,SENATOR SUSAN M. COLLINS,2014,243,71,block_data
113sdoc22,GPO-CDOC-113sdoc22.pdf,690,690,data,True,683,683,SENATOR SUSAN M. COLLINS,2014,236,70,block_data
113sdoc22,GPO-CDOC-113sdoc22.pdf,691,691,data,True,683,683,SENATOR SUSAN M. COLLINS,2014,240,70,block_data
113sdoc22,GPO-CDOC-113sdoc22.pdf,692,692,data,True,683,683,SENATOR SUSAN M. COLLINS,2014,235,71,block_data
113sdoc22,GPO-CDOC-113sdoc22.pdf,693,693,data,True,683,683,SENATOR SUSAN M. COLLINS,2014,229,70,block_data
113sdoc22,GPO-CDOC-113sdoc22.pdf,694,694,data,True,683,683,SENATOR SUSAN M. COLLINS,2014,247,71,block_data
113sdoc22,GPO-CDOC-113sdoc22.pdf,695,695,data,True,683,683,SENATOR SUSAN M. COLLINS,2014,233,71,block_data
113sdoc22,GPO-CDOC-113sdoc22.pdf,696,696,data,True,683,683,SENATOR SUSAN M. COLLINS,2014,285,70,block_data
113sdoc22,GPO-CDOC-113sdoc22.pdf,697,697,data,True,683,683,SENATOR SUSAN M. COLLINS,2014,372,64,block_data
113sdoc22,GPO-CDOC-113sdoc22.pdf,698,698,banner,True,698,698,SENATOR KENT CONRAD,2012,72,31,block_start
113sdoc22,GPO-CDOC-113sdoc22.pdf,699,699,banner,True,699,699,SENATOR KENT CONRAD,2013,69,29,block_start
113sdoc22,GPO-CDOC-113sdoc22.pdf,700,700,banner,True,700,700,SENATOR CHRISTOPHER A. COONS,2012,72,31,block_start
113sdoc22,GPO-CDOC-113sdoc22.pdf,701,701,banner,True,701,701,SENATOR CHRISTOPHER A. COONS,2013,160,57,block_start
113sdoc22,GPO-CDOC-113sdoc22.pdf,702,702,data,True,701,701,SENATOR CHRISTOPHER A. COONS,2013,253,71,block_data
113sdoc22,GPO-CDOC-113sdoc22.pdf,703,703,data,True,701,701,SENATOR CHRISTOPHER A. COONS,2013,137,42,block_data
113sdoc22,GPO-CDOC-113sdoc22.pdf,704,704,banner,True,704,704,SENATOR CHRISTOPHER A. COONS,2014,151,57,block_start
113sdoc22,GPO-CDOC-113sdoc22.pdf,705,705,data,True,704,704,SENATOR CHRISTOPHER A. COONS,2014,218,65,block_data
113sdoc22,GPO-CDOC-113sdoc22.pdf,706,706,data,True,704,704,SENATOR CHRISTOPHER A. COONS,2014,231,70,block_data
113sdoc22,GPO-CDOC-113sdoc22.pdf,707,707,data,True,704,704,SENATOR CHRISTOPHER A. COONS,2014,244,71,block_data
113sdoc22,GPO-CDOC-113sdoc22.pdf,708,708,data,True,704,704,SENATOR CHRISTOPHER A. COONS,2014,237,70,block_data
113sdoc22,GPO-CDOC-113sdoc22.pdf,709,709,data,True,704,704,SENATOR CHRISTOPHER A. COONS,2014,235,70,block_data
113sdoc22,GPO-CDOC-113sdoc22.pdf,710,710,data,True,704,704,SENATOR CHRISTOPHER A. COONS,2014,270,68,block_data
113sdoc22,GPO-CDOC-113sdoc22.pdf,711,711,data,True,704,704,SENATOR CHRISTOPHER A. COONS,2014,17,11,block_data
113sdoc22,GPO-CDOC-113sdoc22.pdf,712,712,banner,True,712,712,SENATOR BOB CORKER,2012,72,31,block_start
113sdoc22,GPO-CDOC-113sdoc22.pdf,713,713,banner,True,713,713,SENATOR BOB CORKER,2013,152,55,block_start
113sdoc22,GPO-CDOC-113sdoc22.pdf,714,714,data,True,713,713,SENATOR BOB CORKER,2013,241,70,block_data
113sdoc22,GPO-CDOC-113sdoc22.pdf,715,715,data,True,713,713,SENATOR BOB CORKER,2013,245,71,block_data
113sdoc22,GPO-CDOC-113sdoc22.pdf,716,716,data,True,713,713,SENATOR BOB CORKER,2013,255,70,block_data
113sdoc22,GPO-CDOC-113sdoc22.pdf,717,717,data,True,713,713,SENATOR BOB CORKER,2013,95,25,block_data
113sdoc22,GPO-CDOC-113sdoc22.pdf,718,718,banner,True,718,718,SENATOR BOB CORKER,2014,150,57,block_start
113sdoc22,GPO-CDOC-113sdoc22.pdf,719,719,data,True,718,718,SENATOR BOB CORKER,2014,226,66,block_data
113sdoc22,GPO-CDOC-113sdoc22.pdf,720,720,data,True,718,718,SENATOR BOB CORKER,2014,243,71,block_data
113sdoc22,GPO-CDOC-113sdoc22.pdf,721,721,data,True,718,718,SENATOR BOB CORKER,2014,259,71,block_data
113sdoc22,GPO-CDOC-113sdoc22.pdf,722,722,data,True,718,718,SENATOR BOB CORKER,2014,251,71,block_data
113sdoc22,GPO-CDOC-113sdoc22.pdf,723,723,data,True,718,718,SENATOR BOB CORKER,2014,243,71,block_data
113sdoc22,GPO-CDOC-113sdoc22.pdf,724,724,data,True,718,718,SENATOR BOB CORKER,2014,237,70,block_data
113sdoc22,GPO-CDOC-113sdoc22.pdf,725,725,data,True,718,718,SENATOR BOB CORKER,2014,243,69,block_data
113sdoc22,GPO-CDOC-113sdoc22.pdf,726,726,data,True,718,718,SENATOR BOB CORKER,2014,233,70,block_data
113sdoc22,GPO-CDOC-113sdoc22.pdf,727,727,data,True,718,718,SENATOR BOB CORKER,2014,242,70,block_data
113sdoc22,GPO-CDOC-113sdoc22.pdf,728,728,data,True,718,718,SENATOR BOB CORKER,2014,253,70,block_data
113sdoc22,GPO-CDOC-113sdoc22.pdf,729,729,data,True,718,718,SENATOR BOB CORKER,2014,239,71,block_data
113sdoc22,GPO-CDOC-113sdoc22.pdf,730,730,data,True,718,718,SENATOR BOB CORKER,2014,251,71,block_data
113sdoc22,GPO-CDOC-113sdoc22.pdf,731,731,data,True,718,718,SENATOR BOB CORKER,2014,250,71,block_data
113sdoc22,GPO-CDOC-113sdoc22.pdf,732,732,data,True,718,718,SENATOR BOB CORKER,2014,251,71,block_data
113sdoc22,GPO-CDOC-113sdoc22.pdf,733,733,data,True,718,718,SENATOR BOB CORKER,2014,270,66,block_data
113sdoc22,GPO-CDOC-113sdoc22.pdf,734,734,banner,True,734,734,SENATOR JOHN CORNYN,2012,69,29,block_start
113sdoc22,GPO-CDOC-113sdoc22.pdf,735,735,banner,True,735,735,SENATOR JOHN CORNYN,2013,164,57,block_start
113sdoc22,GPO-CDOC-113sdoc22.pdf,736,736,data,True,735,735,SENATOR JOHN CORNYN,2013,212,61,block_data
113sdoc22,GPO-CDOC-113sdoc22.pdf,737,737,banner,True,737,737,SENATOR JOHN CORNYN,2014,153,57,block_start
113sdoc22,GPO-CDOC-113sdoc22.pdf,738,738,data,True,737,737,SENATOR JOHN CORNYN,2014,206,67,block_data
113sdoc22,GPO-CDOC-113sdoc22.pdf,739,739,data,True,737,737,SENATOR JOHN CORNYN,2014,231,69,block_data
113sdoc22,GPO-CDOC-113sdoc22.pdf,740,740,data,True,737,737,SENATOR JOHN CORNYN,2014,230,71,block_data
113sdoc22,GPO-CDOC-113sdoc22.pdf,741,741,data,True,737,737,SENATOR JOHN CORNYN,2014,238,71,block_data
113sdoc22,GPO-CDOC-113sdoc22.pdf,742,742,data,True,737,737,SENATOR JOHN CORNYN,2014,259,71,block_data
113sdoc22,GPO-CDOC-113sdoc22.pdf,743,743,data,True,737,737,SENATOR JOHN CORNYN,2014,243,70,block_data
113sdoc22,GPO-CDOC-113sdoc22.pdf,744,744,data,True,737,737,SENATOR JOHN CORNYN,2014,166,44,block_data
113sdoc22,GPO-CDOC-113sdoc22.pdf,745,745,banner,True,745,745,SENATOR WILLIAM COWAN,2013,66,29,block_start
113sdoc22,GPO-CDOC-113sdoc22.pdf,746,746,banner,True,746,746,SENATOR MICHAEL D. CRAPO,2012,72,31,block_start
113sdoc22,GPO-CDOC-113sdoc22.pdf,747,747,banner,True,747,747,SENATOR MICHAEL D. CRAPO,2013,161,56,block_start
113sdoc22,GPO-CDOC-113sdoc22.pdf,748,748,data,True,747,747,SENATOR MICHAEL D. CRAPO,2013,125,35,block_data
113sdoc22,GPO-CDOC-113sdoc22.pdf,749,749,banner,True,749,749,SENATOR MICHAEL D. CRAPO,2014,153,57,block_start
113sdoc22,GPO-CDOC-113sdoc22.pdf,750,750,data,True,749,749,SENATOR MICHAEL D. CRAPO,2014,215,66,block_data
113sdoc22,GPO-CDOC-113sdoc22.pdf,751,751,data,True,749,749,SENATOR MICHAEL D. CRAPO,2014,237,70,block_data
113sdoc22,GPO-CDOC-113sdoc22.pdf,752,752,data,True,749,749,SENATOR MICHAEL D. CRAPO,2014,218,70,block_data
113sdoc22,GPO-CDOC-113sdoc22.pdf,753,753,data,True,749,749,SENATOR MICHAEL D. CRAPO,2014,229,69,block_data
113sdoc22,GPO-CDOC-113sdoc22.pdf,754,754,data,True,749,749,SENATOR MICHAEL D. CRAPO,2014,209,54,block_data
113sdoc22,GPO-CDOC-113sdoc22.pdf,755,755,banner,True,755,755,SENATOR TED CRUZ,2013,150,55,block_start
113sdoc22,GPO-CDOC-113sdoc22.pdf,756,756,data,True,755,755,SENATOR TED CRUZ,2013,234,71,block_data
113sdoc22,GPO-CDOC-113sdoc22.pdf,757,757,data,True,755,755,SENATOR TED CRUZ,2013,192,68,block_data
113sdoc22,GPO-CDOC-113sdoc22.pdf,758,758,data,True,755,755,SENATOR TED CRUZ,2013,213,69,block_data
113sdoc22,GPO-CDOC-113sdoc22.pdf,759,759,data,True,755,755,SENATOR TED CRUZ,2013,253,70,block_data
113sdoc22,GPO-CDOC-113sdoc22.pdf,760,760,data,True,755,755,SENATOR TED CRUZ,2013,268,45,block_data
113sdoc22,GPO-CDOC-113sdoc22.pdf,761,761,banner,True,761,761,SENATOR TED CRUZ,2014,153,57,block_start
113sdoc22,GPO-CDOC-113sdoc22.pdf,762,762,data,True,761,761,SENATOR TED CRUZ,2014,210,67,block_data
113sdoc22,GPO-CDOC-113sdoc22.pdf,763,763,data,True,761,761,SENATOR TED CRUZ,2014,243,69,block_data
113sdoc22,GPO-CDOC-113sdoc22.pdf,764,764,data,True,761,761,SENATOR TED CRUZ,2014,231,69,block_data
113sdoc22,GPO-CDOC-113sdoc22.pdf,765,765,data,True,761,761,SENATOR TED CRUZ,2014,249,70,block_data
113sdoc22,GPO-CDOC-113sdoc22.pdf,766,766,data,True,761,761,SENATOR TED CRUZ,2014,240,71,block_data
113sdoc22,GPO-CDOC-113sdoc22.pdf,767,767,data,True,761,761,SENATOR TED CRUZ,2014,236,70,block_data
113sdoc22,GPO-CDOC-113sdoc22.pdf,768,768,data,True,761,761,SENATOR TED CRUZ,2014,249,71,block_data
113sdoc22,GPO-CDOC-113sdoc22.pdf,769,769,data,True,761,761,SENATOR TED CRUZ,2014,258,68,block_data
113sdoc22,GPO-CDOC-113sdoc22.pdf,770,770,banner,True,770,770,SENATOR JIM DEMINT,2012,72,31,block_start
113sdoc22,GPO-CDOC-113sdoc22.pdf,771,771,banner,True,771,771,SENATOR JIM DEMINT,2013,72,31,block_start
113sdoc22,GPO-CDOC-113sdoc22.pdf,772,772,banner,True,772,772,SENATOR JOE DONNELLY,2013,167,57,block_start
113sdoc22,GPO-CDOC-113sdoc22.pdf,773,773,data,True,772,772,SENATOR JOE DONNELLY,2013,243,70,block_data
113sdoc22,GPO-CDOC-113sdoc22.pdf,774,774,data,True,772,772,SENATOR JOE DONNELLY,2013,277,69,block_data
113sdoc22,GPO-CDOC-113sdoc22.pdf,775,775,data,True,772,772,SENATOR JOE DONNELLY,2013,28,14,block_data
113sdoc22,GPO-CDOC-113sdoc22.pdf,776,776,banner,True,776,776,SENATOR JOE DONNELLY,2014,150,57,block_start
113sdoc22,GPO-CDOC-113sdoc22.pdf,777,777,data,True,776,776,SENATOR JOE DONNELLY,2014,215,65,block_data
113sdoc22,GPO-CDOC-113sdoc22.pdf,778,778,data,True,776,776,SENATOR JOE DONNELLY,2014,244,70,block_data
113sdoc22,GPO-CDOC-113sdoc22.pdf,779,779,data,True,776,776,SENATOR JOE DONNELLY,2014,231,69,block_data
113sdoc22,GPO-CDOC-113sdoc22.pdf,780,780,data,True,776,776,SENATOR JOE DONNELLY,2014,233,69,block_data
113sdoc22,GPO-CDOC-113sdoc22.pdf,781,781,data,True,776,776,SENATOR JOE DONNELLY,2014,240,70,block_data
113sdoc22,GPO-CDOC-113sdoc22.pdf,782,782,data,True,776,776,SENATOR JOE DONNELLY,2014,249,71,block_data
113sdoc22,GPO-CDOC-113sdoc22.pdf,783,783,data,True,776,776,SENATOR JOE DONNELLY,2014,232,70,block_data
113sdoc22,GPO-CDOC-113sdoc22.pdf,784,784,data,True,776,776,SENATOR JOE DONNELLY,2014,213,67,block_data
113sdoc22,GPO-CDOC-113sdoc22.pdf,785,785,data,True,776,776,SENATOR JOE DONNELLY,2014,223,69,block_data
113sdoc22,GPO-CDOC-113sdoc22.pdf,786,786,data,True,776,776,SENATOR JOE DONNELLY,2014,237,70,block_data
113sdoc22,GPO-CDOC-113sdoc22.pdf,787,787,data,True,776,776,SENATOR JOE DONNELLY,2014,229,70,block_data
113sdoc22,GPO-CDOC-113sdoc22.pdf,788,788,data,True,776,776,SENATOR JOE DONNELLY,2014,225,70,block_data
113sdoc22,GPO-CDOC-113sdoc22.pdf,789,789,data,True,776,776,SENATOR JOE DONNELLY,2014,227,70,block_data
113sdoc22,GPO-CDOC-113sdoc22.pdf,790,790,data,True,776,776,SENATOR JOE DONNELLY,2014,259,71,block_data
113sdoc22,GPO-CDOC-113sdoc22.pdf,791,791,data,True,776,776,SENATOR JOE DONNELLY,2014,230,69,block_data
113sdoc22,GPO-CDOC-113sdoc22.pdf,792,792,data,True,776,776,SENATOR JOE DONNELLY,2014,135,33,block_data
113sdoc22,GPO-CDOC-113sdoc22.pdf,793,793,banner,True,793,793,SENATOR RICHARD J. DURBIN,2012,72,31,block_start
113sdoc22,GPO-CDOC-113sdoc22.pdf,794,794,banner,True,794,794,SENATOR RICHARD J. DURBIN,2013,153,54,block_start
113sdoc22,GPO-CDOC-113sdoc22.pdf,795,795,data,True,794,794,SENATOR RICHARD J. DURBIN,2013,240,71,block_data
113sdoc22,GPO-CDOC-113sdoc22.pdf,796,796,data,True,794,794,SENATOR RICHARD J. DURBIN,2013,226,66,block_data
113sdoc22,GPO-CDOC-113sdoc22.pdf,797,797,banner,True,797,797,SENATOR RICHARD J. DURBIN,2014,153,57,block_start
113sdoc22,GPO-CDOC-113sdoc22.pdf,798,798,data,True,797,797,SENATOR RICHARD J. DURBIN,2014,196,64,block_data
113sdoc22,GPO-CDOC-113sdoc22.pdf,799,799,data,True,797,797,SENATOR RICHARD J. DURBIN,2014,230,71,block_data
113sdoc22,GPO-CDOC-113sdoc22.pdf,800,800,data,True,797,797,SENATOR RICHARD J. DURBIN,2014,236,70,block_data
113sdoc22,GPO-CDOC-113sdoc22.pdf,801,801,data,True,797,797,SENATOR RICHARD J. DURBIN,2014,221,70,block_data
113sdoc22,GPO-CDOC-113sdoc22.pdf,802,802,data,True,797,797,SENATOR RICHARD J. DURBIN,2014,239,70,block_data
113sdoc22,GPO-CDOC-113sdoc22.pdf,803,803,data,True,797,797,SENATOR RICHARD J. DURBIN,2014,229,70,block_data
113sdoc22,GPO-CDOC-113sdoc22.pdf,804,804,data,True,797,797,SENATOR RICHARD J. DURBIN,2014,221,54,block_data
113sdoc22,GPO-CDOC-113sdoc22.pdf,805,805,banner,True,805,805,SENATOR MICHAEL B. ENZI,2012,113,43,block_start
113sdoc22,GPO-CDOC-113sdoc22.pdf,806,806,banner,True,806,806,SENATOR MICHAEL B. ENZI,2013,157,54,block_start
113sdoc22,GPO-CDOC-113sdoc22.pdf,807,807,data,True,806,806,SENATOR MICHAEL B. ENZI,2013,211,70,block_data
113sdoc22,GPO-CDOC-113sdoc22.pdf,808,808,data,True,806,806,SENATOR MICHAEL B. ENZI,2013,159,42,block_data
113sdoc22,GPO-CDOC-113sdoc22.pdf,809,809,banner,True,809,809,SENATOR MICHAEL B. ENZI,2014,153,57,block_start
113sdoc22,GPO-CDOC-113sdoc22.pdf,810,810,data,True,809,809,SENATOR MICHAEL B. ENZI,2014,225,65,block_data
113sdoc22,GPO-CDOC-113sdoc22.pdf,811,811,data,True,809,809,SENATOR MICHAEL B. ENZI,2014,225,71,block_data
113sdoc22,GPO-CDOC-113sdoc22.pdf,812,812,data,True,809,809,SENATOR MICHAEL B. ENZI,2014,232,70,block_data
113sdoc22,GPO-CDOC-113sdoc22.pdf,813,813,data,True,809,809,SENATOR MICHAEL B. ENZI,2014,287,69,block_data
113sdoc22,GPO-CDOC-113sdoc22.pdf,814,814,data,True,809,809,SENATOR MICHAEL B. ENZI,2014,50,20,block_data
113sdoc22,GPO-CDOC-113sdoc22.pdf,815,815,banner,True,815,815,SENATOR DIANNE FEINSTEIN,2012,72,31,block_start
113sdoc22,GPO-CDOC-113sdoc22.pdf,816,816,banner,True,816,816,SENATOR DIANNE FEINSTEIN,2013,167,56,block_start
113sdoc22,GPO-CDOC-113sdoc22.pdf,817,817,data,True,816,816,SENATOR DIANNE FEINSTEIN,2013,19,12,block_data
113sdoc22,GPO-CDOC-113sdoc22.pdf,818,818,banner,True,818,818,SENATOR DIANNE FEINSTEIN,2014,150,57,block_start
113sdoc22,GPO-CDOC-113sdoc22.pdf,819,819,data,True,818,818,SENATOR DIANNE FEINSTEIN,2014,200,68,block_data
113sdoc22,GPO-CDOC-113sdoc22.pdf,820,820,data,True,818,818,SENATOR DIANNE FEINSTEIN,2014,253,71,block_data
113sdoc22,GPO-CDOC-113sdoc22.pdf,821,821,data,True,818,818,SENATOR DIANNE FEINSTEIN,2014,250,71,block_data
113sdoc22,GPO-CDOC-113sdoc22.pdf,822,822,data,True,818,818,SENATOR DIANNE FEINSTEIN,2014,245,70,block_data
113sdoc22,GPO-CDOC-113sdoc22.pdf,823,823,data,True,818,818,SENATOR DIANNE FEINSTEIN,2014,185,48,block_data
113sdoc22,GPO-CDOC-113sdoc22.pdf,824,824,banner,True,824,824,SENATOR DEB FISCHER,2013,171,57,block_start
113sdoc22,GPO-CDOC-113sdoc22.pdf,825,825,data,True,824,824,SENATOR DEB FISCHER,2013,215,57,block_data
113sdoc22,GPO-CDOC-113sdoc22.pdf,826,826,banner,True,826,826,SENATOR DEB FISCHER,2014,151,57,block_start
113sdoc22,GPO-CDOC-113sdoc22.pdf,827,827,data,True,826,826,SENATOR DEB FISCHER,2014,217,64,block_data
113sdoc22,GPO-CDOC-113sdoc22.pdf,828,828,data,True,826,826,SENATOR DEB FISCHER,2014,231,71,block_data
113sdoc22,GPO-CDOC-113sdoc22.pdf,829,829,data,True,826,826,SENATOR DEB FISCHER,2014,225,70,block_data
113sdoc22,GPO-CDOC-113sdoc22.pdf,830,830,data,True,826,826,SENATOR DEB FISCHER,2014,238,70,block_data
113sdoc22,GPO-CDOC-113sdoc22.pdf,831,831,data,True,826,826,SENATOR DEB FISCHER,2014,228,70,block_data
113sdoc22,GPO-CDOC-113sdoc22.pdf,832,832,data,True,826,826,SENATOR DEB FISCHER,2014,270,69,block_data
113sdoc22,GPO-CDOC-113sdoc22.pdf,833,833,data,True,826,826,SENATOR DEB FISCHER,2014,48,19,block_data
113sdoc22,GPO-CDOC-113sdoc22.pdf,834,834,banner,True,834,834,SENATOR JEFF FLAKE,2013,160,56,block_start
113sdoc22,GPO-CDOC-113sdoc22.pdf,835,835,data,True,834,834,SENATOR JEFF FLAKE,2013,236,70,block_data
113sdoc22,GPO-CDOC-113sdoc22.pdf,836,836,data,True,834,834,SENATOR JEFF FLAKE,2013,240,41,block_data
113sdoc22,GPO-CDOC-113sdoc22.pdf,837,837,banner,True,837,837,SENATOR JEFF FLAKE,2014,153,57,block_start
113sdoc22,GPO-CDOC-113sdoc22.pdf,838,838,data,True,837,837,SENATOR JEFF FLAKE,2014,203,63,block_data
113sdoc22,GPO-CDOC-113sdoc22.pdf,839,839,data,True,837,837,SENATOR JEFF FLAKE,2014,231,70,block_data
113sdoc22,GPO-CDOC-113sdoc22.pdf,840,840,data,True,837,837,SENATOR JEFF FLAKE,2014,235,70,block_data
113sdoc22,GPO-CDOC-113sdoc22.pdf,841,841,data,True,837,837,SENATOR JEFF FLAKE,2014,326,70,block_data
113sdoc22,GPO-CDOC-113sdoc22.pdf,842,842,data,True,837,837,SENATOR JEFF FLAKE,2014,118,29,block_data
113sdoc22,GPO-CDOC-113sdoc22.pdf,843,843,banner,True,843,843,SENATOR AL FRANKEN,2012,72,31,block_start
113sdoc22,GPO-CDOC-113sdoc22.pdf,844,844,banner,True,844,844,SENATOR AL FRANKEN,2013,181,57,block_start
113sdoc22,GPO-CDOC-113sdoc22.pdf,845,845,data,True,844,844,SENATOR AL FRANKEN,2013,192,54,block_data
113sdoc22,GPO-CDOC-113sdoc22.pdf,846,846,banner,True,846,846,SENATOR AL FRANKEN,2014,153,58,block_start
113sdoc22,GPO-CDOC-113sdoc22.pdf,847,847,data,True,846,846,SENATOR AL FRANKEN,2014,229,65,block_data
113sdoc22,GPO-CDOC-113sdoc22.pdf,848,848,data,True,846,846,SENATOR AL FRANKEN,2014,257,70,block_data
113sdoc22,GPO-CDOC-113sdoc22.pdf,849,849,data,True,846,846,SENATOR AL FRANKEN,2014,263,71,block_data
113sdoc22,GPO-CDOC-113sdoc22.pdf,850,850,data,True,846,846,SENATOR AL FRANKEN,2014,249,70,block_data
113sdoc22,GPO-CDOC-113sdoc22.pdf,851,851,data,True,846,846,SENATOR AL FRANKEN,2014,244,70,block_data
113sdoc22,GPO-CDOC-113sdoc22.pdf,852,852,data,True,846,846,SENATOR AL FRANKEN,2014,247,71,block_data
113sdoc22,GPO-CDOC-113sdoc22.pdf,853,853,data,True,846,846,SENATOR AL FRANKEN,2014,283,70,block_data
113sdoc22,GPO-CDOC-113sdoc22.pdf,854,854,data,True,846,846,SENATOR AL FRANKEN,2014,58,19,block_data
113sdoc22,GPO-CDOC-113sdoc22.pdf,855,855,banner,True,855,855,SENATOR KIRSTEN GILLIBRAND,2012,72,31,block_start
113sdoc22,GPO-CDOC-113sdoc22.pdf,856,856,banner,True,856,856,SENATOR KIRSTEN GILLIBRAND,2013,159,57,block_start
113sdoc22,GPO-CDOC-113sdoc22.pdf,857,857,data,True,856,856,SENATOR KIRSTEN GILLIBRAND,2013,236,69,block_data
113sdoc22,GPO-CDOC-113sdoc22.pdf,858,858,data,True,856,856,SENATOR KIRSTEN GILLIBRAND,2013,158,39,block_data
113sdoc22,GPO-CDOC-113sdoc22.pdf,859,859,banner,True,859,859,SENATOR KIRSTEN GILLIBRAND,2014,150,57,block_start
113sdoc22,GPO-CDOC-113sdoc22.pdf,860,860,data,True,859,859,SENATOR KIRSTEN GILLIBRAND,2014,205,68,block_data
113sdoc22,GPO-CDOC-113sdoc22.pdf,861,861,data,True,859,859,SENATOR KIRSTEN GILLIBRAND,2014,236,69,block_data
113sdoc22,GPO-CDOC-113sdoc22.pdf,862,862,data,True,859,859,SENATOR KIRSTEN GILLIBRAND,2014,220,69,block_data
113sdoc22,GPO-CDOC-113sdoc22.pdf,863,863,data,True,859,859,SENATOR KIRSTEN GILLIBRAND,2014,231,70,block_data
113sdoc22,GPO-CDOC-113sdoc22.pdf,864,864,data,True,859,859,SENATOR KIRSTEN GILLIBRAND,2014,220,71,block_data
113sdoc22,GPO-CDOC-113sdoc22.pdf,865,865,data,True,859,859,SENATOR KIRSTEN GILLIBRAND,2014,233,70,block_data
113sdoc22,GPO-CDOC-113sdoc22.pdf,866,866,data,True,859,859,SENATOR KIRSTEN GILLIBRAND,2014,237,70,block_data
113sdoc22,GPO-CDOC-113sdoc22.pdf,867,867,data,True,859,859,SENATOR KIRSTEN GILLIBRAND,2014,222,69,block_data
113sdoc22,GPO-CDOC-113sdoc22.pdf,868,868,data,True,859,859,SENATOR KIRSTEN GILLIBRAND,2014,234,71,block_data
113sdoc22,GPO-CDOC-113sdoc22.pdf,869,869,data,True,859,859,SENATOR KIRSTEN GILLIBRAND,2014,235,71,block_data
113sdoc22,GPO-CDOC-113sdoc22.pdf,870,870,data,True,859,859,SENATOR KIRSTEN GILLIBRAND,2014,237,71,block_data
113sdoc22,GPO-CDOC-113sdoc22.pdf,871,871,data,True,859,859,SENATOR KIRSTEN GILLIBRAND,2014,384,67,block_data
113sdoc22,GPO-CDOC-113sdoc22.pdf,872,872,data,True,859,859,SENATOR KIRSTEN GILLIBRAND,2014,123,29,block_data
113sdoc22,GPO-CDOC-113sdoc22.pdf,873,873,banner,True,873,873,SENATOR LINDSEY GRAHAM,2012,72,31,block_start
113sdoc22,GPO-CDOC-113sdoc22.pdf,874,874,banner,True,874,874,SENATOR LINDSEY GRAHAM,2013,167,57,block_start
113sdoc22,GPO-CDOC-113sdoc22.pdf,875,875,data,True,874,874,SENATOR LINDSEY GRAHAM,2013,98,29,block_data
113sdoc22,GPO-CDOC-113sdoc22.pdf,876,876,banner,True,876,876,SENATOR LINDSEY GRAHAM,2014,150,57,block_start
113sdoc22,GPO-CDOC-113sdoc22.pdf,877,877,data,True,876,876,SENATOR LINDSEY GRAHAM,2014,218,64,block_data
113sdoc22,GPO-CDOC-113sdoc22.pdf,878,878,data,True,876,876,SENATOR LINDSEY GRAHAM,2014,222,70,block_data
113sdoc22,GPO-CDOC-113sdoc22.pdf,879,879,data,True,876,876,SENATOR LINDSEY GRAHAM,2014,157,42,block_data
113sdoc22,GPO-CDOC-113sdoc22.pdf,880,880,banner,True,880,880,SENATOR CHARLES E. GRASSLEY,2012,69,29,block_start
113sdoc22,GPO-CDOC-113sdoc22.pdf,881,881,banner,True,881,881,SENATOR CHARLES E. GRASSLEY,2013,165,56,block_start
113sdoc22,GPO-CDOC-113sdoc22.pdf,882,882,data,True,881,881,SENATOR CHARLES E. GRASSLEY,2013,255,69,block_data
113sdoc22,GPO-CDOC-113sdoc22.pdf,883,883,data,True,881,881,SENATOR CHARLES E. GRASSLEY,2013,30,15,block_data
113sdoc22,GPO-CDOC-113sdoc22.pdf,884,884,banner,True,884,884,SENATOR CHARLES E. GRASSLEY,2014,153,58,block_start
113sdoc22,GPO-CDOC-113sdoc22.pdf,885,885,data,True,884,884,SENATOR CHARLES E. GRASSLEY,2014,219,65,block_data
113sdoc22,GPO-CDOC-113sdoc22.pdf,886,886,data,True,884,884,SENATOR CHARLES E. GRASSLEY,2014,238,71,block_data
113sdoc22,GPO-CDOC-113sdoc22.pdf,887,887,data,True,884,884,SENATOR CHARLES E. GRASSLEY,2014,214,68,block_data
113sdoc22,GPO-CDOC-113sdoc22.pdf,888,888,data,True,884,884,SENATOR CHARLES E. GRASSLEY,2014,219,62,block_data
113sdoc22,GPO-CDOC-113sdoc22.pdf,889,889,banner,True,889,889,SENATOR KAY HAGAN,2012,72,31,block_start
113sdoc22,GPO-CDOC-113sdoc22.pdf,890,890,banner,True,890,890,SENATOR KAY HAGAN,2013,168,57,block_start
113sdoc22,GPO-CDOC-113sdoc22.pdf,891,891,data,True,890,890,SENATOR KAY HAGAN,2013,239,70,block_data
113sdoc22,GPO-CDOC-113sdoc22.pdf,892,892,data,True,890,890,SENATOR KAY HAGAN,2013,102,26,block_data
113sdoc22,GPO-CDOC-113sdoc22.pdf,893,893,banner,True,893,893,SENATOR KAY HAGAN,2014,150,57,block_start
113sdoc22,GPO-CDOC-113sdoc22.pdf,894,894,data,True,893,893,SENATOR KAY HAGAN,2014,220,67,block_data
113sdoc22,GPO-CDOC-113sdoc22.pdf,895,895,data,True,893,893,SENATOR KAY HAGAN,2014,235,69,block_data
113sdoc22,GPO-CDOC-113sdoc22.pdf,896,896,data,True,893,893,SENATOR KAY HAGAN,2014,247,71,block_data
113sdoc22,GPO-CDOC-113sdoc22.pdf,897,897,data,True,893,893,SENATOR KAY HAGAN,2014,241,70,block_data
113sdoc22,GPO-CDOC-113sdoc22.pdf,898,898,data,True,893,893,SENATOR KAY HAGAN,2014,236,68,block_data
113sdoc22,GPO-CDOC-113sdoc22.pdf,899,899,data,True,893,893,SENATOR KAY HAGAN,2014,243,71,block_data
113sdoc22,GPO-CDOC-113sdoc22.pdf,900,900,data,True,893,893,SENATOR KAY HAGAN,2014,243,71,block_data
113sdoc22,GPO-CDOC-113sdoc22.pdf,901,901,data,True,893,893,SENATOR KAY HAGAN,2014,245,71,block_data
113sdoc22,GPO-CDOC-113sdoc22.pdf,902,902,data,True,893,893,SENATOR KAY HAGAN,2014,272,69,block_data
113sdoc22,GPO-CDOC-113sdoc22.pdf,903,903,data,True,893,893,SENATOR KAY HAGAN,2014,17,11,block_data
113sdoc22,GPO-CDOC-113sdoc22.pdf,904,904,banner,True,904,904,SENATOR TOM HARKIN,2012,85,35,block_start
113sdoc22,GPO-CDOC-113sdoc22.pdf,905,905,banner,True,905,905,SENATOR TOM HARKIN,2013,167,57,block_start
113sdoc22,GPO-CDOC-113sdoc22.pdf,906,906,data,True,905,905,SENATOR TOM HARKIN,2013,230,69,block_data
113sdoc22,GPO-CDOC-113sdoc22.pdf,907,907,data,True,905,905,SENATOR TOM HARKIN,2013,152,38,block_data
113sdoc22,GPO-CDOC-113sdoc22.pdf,908,908,banner,True,908,908,SENATOR TOM HARKIN,2014,153,57,block_start
113sdoc22,GPO-CDOC-113sdoc22.pdf,909,909,data,True,908,908,SENATOR TOM HARKIN,2014,223,65,block_data
113sdoc22,GPO-CDOC-113sdoc22.pdf,910,910,data,True,908,908,SENATOR TOM HARKIN,2014,273,63,block_data
113sdoc22,GPO-CDOC-113sdoc22.pdf,911,911,banner,True,911,911,SENATOR ORRIN G. HATCH,2012,72,31,block_start
113sdoc22,GPO-CDOC-113sdoc22.pdf,912,912,banner,True,912,912,SENATOR ORRIN G. HATCH,2013,167,56,block_start
113sdoc22,GPO-CDOC-113sdoc22.pdf,913,913,data,True,912,912,SENATOR ORRIN G. HATCH,2013,224,54,block_data
113sdoc22,GPO-CDOC-113sdoc22.pdf,914,914,banner,True,914,914,SENATOR ORRIN G. HATCH,2014,150,57,block_start
113sdoc22,GPO-CDOC-113sdoc22.pdf,915,915,data,True,914,914,SENATOR ORRIN G. HATCH,2014,208,68,block_data
113sdoc22,GPO-CDOC-113sdoc22.pdf,916,916,data,True,914,914,SENATOR ORRIN G. HATCH,2014,252,70,block_data
113sdoc22,GPO-CDOC-113sdoc22.pdf,917,917,data,True,914,914,SENATOR ORRIN G. HATCH,2014,232,69,block_data
113sdoc22,GPO-CDOC-113sdoc22.pdf,918,918,data,True,914,914,SENATOR ORRIN G. HATCH,2014,235,70,block_data
113sdoc22,GPO-CDOC-113sdoc22.pdf,919,919,data,True,914,914,SENATOR ORRIN G. HATCH,2014,177,48,block_data
113sdoc22,GPO-CDOC-113sdoc22.pdf,920,920,banner,True,920,920,SENATOR MARTIN HEINRICH,2013,164,57,block_start
113sdoc22,GPO-CDOC-113sdoc22.pdf,921,921,data,True,920,920,SENATOR MARTIN HEINRICH,2013,249,71,block_data
113sdoc22,GPO-CDOC-113sdoc22.pdf,922,922,data,True,920,920,SENATOR MARTIN HEINRICH,2013,198,50,block_data
113sdoc22,GPO-CDOC-113sdoc22.pdf,923,923,banner,True,923,923,SENATOR MARTIN HEINRICH,2014,150,57,block_start
113sdoc22,GPO-CDOC-113sdoc22.pdf,924,924,data,True,923,923,SENATOR MARTIN HEINRICH,2014,233,66,block_data
113sdoc22,GPO-CDOC-113sdoc22.pdf,925,925,data,True,923,923,SENATOR MARTIN HEINRICH,2014,251,71,block_data
113sdoc22,GPO-CDOC-113sdoc22.pdf,926,926,data,True,923,923,SENATOR MARTIN HEINRICH,2014,249,71,block_data
113sdoc22,GPO-CDOC-113sdoc22.pdf,927,927,data,True,923,923,SENATOR MARTIN HEINRICH,2014,253,71,block_data
113sdoc22,GPO-CDOC-113sdoc22.pdf,928,928,data,True,923,923,SENATOR MARTIN HEINRICH,2014,231,68,block_data
113sdoc22,GPO-CDOC-113sdoc22.pdf,929,929,data,True,923,923,SENATOR MARTIN HEINRICH,2014,232,70,block_data
113sdoc22,GPO-CDOC-113sdoc22.pdf,930,930,data,True,923,923,SENATOR MARTIN HEINRICH,2014,246,70,block_data
113sdoc22,GPO-CDOC-113sdoc22.pdf,931,931,data,True,923,923,SENATOR MARTIN HEINRICH,2014,254,65,block_data
113sdoc22,GPO-CDOC-113sdoc22.pdf,932,932,banner,True,932,932,SENATOR HEIDI HEITKAMP,2013,166,57,block_start
113sdoc22,GPO-CDOC-113sdoc22.pdf,933,933,data,True,932,932,SENATOR HEIDI HEITKAMP,2013,192,42,block_data
113sdoc22,GPO-CDOC-113sdoc22.pdf,934,934,banner,True,934,934,SENATOR HEIDI HEITKAMP,2014,150,57,block_start
113sdoc22,GPO-CDOC-113sdoc22.pdf,935,935,data,True,934,934,SENATOR HEIDI HEITKAMP,2014,208,67,block_data
113sdoc22,GPO-CDOC-113sdoc22.pdf,936,936,data,True,934,934,SENATOR HEIDI HEITKAMP,2014,229,70,block_data
113sdoc22,GPO-CDOC-113sdoc22.pdf,937,937,data,True,934,934,SENATOR HEIDI HEITKAMP,2014,242,71,block_data
113sdoc22,GPO-CDOC-113sdoc22.pdf,938,938,data,True,934,934,SENATOR HEIDI HEITKAMP,2014,229,69,block_data
113sdoc22,GPO-CDOC-113sdoc22.pdf,939,939,data,True,934,934,SENATOR HEIDI HEITKAMP,2014,231,70,block_data
113sdoc22,GPO-CDOC-113sdoc22.pdf,940,940,data,True,934,934,SENATOR HEIDI HEITKAMP,2014,235,70,block_data
113sdoc22,GPO-CDOC-113sdoc22.pdf,941,941,data,True,934,934,SENATOR HEIDI HEITKAMP,2014,147,37,block_data
113sdoc22,GPO-CDOC-113sdoc22.pdf,942,942,banner,True,942,942,SENATOR DEAN HELLER,2012,69,29,block_start
113sdoc22,GPO-CDOC-113sdoc22.pdf,943,943,banner,True,943,943,SENATOR DEAN HELLER,2013,165,57,block_start
113sdoc22,GPO-CDOC-113sdoc22.pdf,944,944,data,True,943,943,SENATOR DEAN HELLER,2013,237,69,block_data
113sdoc22,GPO-CDOC-113sdoc22.pdf,945,945,data,True,943,943,SENATOR DEAN HELLER,2013,142,38,block_data
113sdoc22,GPO-CDOC-113sdoc22.pdf,946,946,banner,True,946,946,SENATOR DEAN HELLER,2014,153,57,block_start
113sdoc22,GPO-CDOC-113sdoc22.pdf,947,947,data,True,946,946,SENATOR DEAN HELLER,2014,223,66,block_data
113sdoc22,GPO-CDOC-113sdoc22.pdf,948,948,data,True,946,946,SENATOR DEAN HELLER,2014,228,70,block_data
113sdoc22,GPO-CDOC-113sdoc22.pdf,949,949,data,True,946,946,SENATOR DEAN HELLER,2014,223,70,block_data
113sdoc22,GPO-CDOC-113sdoc22.pdf,950,950,data,True,946,946,SENATOR DEAN HELLER,2014,254,68,block_data
113sdoc22,GPO-CDOC-113sdoc22.pdf,951,951,data,True,946,946,SENATOR DEAN HELLER,2014,19,12,block_data
113sdoc22,GPO-CDOC-113sdoc22.pdf,952,952,banner,True,952,952,SENATOR MAZIE HIRONO,2013,166,56,block_start
113sdoc22,GPO-CDOC-113sdoc22.pdf,953,953,data,True,952,952,SENATOR MAZIE HIRONO,2013,209,39,block_data
113sdoc22,GPO-CDOC-113sdoc22.pdf,954,954,banner,True,954,954,SENATOR MAZIE HIRONO,2014,148,57,block_start
113sdoc22,GPO-CDOC-113sdoc22.pdf,955,955,data,True,954,954,SENATOR MAZIE HIRONO,2014,213,64,block_data
113sdoc22,GPO-CDOC-113sdoc22.pdf,956,956,data,True,954,954,SENATOR MAZIE HIRONO,2014,240,69,block_data
113sdoc22,GPO-CDOC-113sdoc22.pdf,957,957,data,True,954,954,SENATOR MAZIE HIRONO,2014,257,54,block_data
113sdoc22,GPO-CDOC-113sdoc22.pdf,958,958,banner,True,958,958,SENATOR JOHN HOEVEN,2012,72,31,block_start
113sdoc22,GPO-CDOC-113sdoc22.pdf,959,959,banner,True,959,959,SENATOR JOHN HOEVEN,2013,167,57,block_start
113sdoc22,GPO-CDOC-113sdoc22.pdf,960,960,data,True,959,959,SENATOR JOHN HOEVEN,2013,225,65,block_data
113sdoc22,GPO-CDOC-113sdoc22.pdf,961,961,banner,True,961,961,SENATOR JOHN HOEVEN,2014,150,57,block_start
113sdoc22,GPO-CDOC-113sdoc22.pdf,962,962,data,True,961,961,SENATOR JOHN HOEVEN,2014,226,65,block_data
113sdoc22,GPO-CDOC-113sdoc22.pdf,963,963,data,True,961,961,SENATOR JOHN HOEVEN,2014,239,70,block_data
113sdoc22,GPO-CDOC-113sdoc22.pdf,964,964,data,True,961,961,SENATOR JOHN HOEVEN,2014,273,69,block_data
113sdoc22,GPO-CDOC-113sdoc22.pdf,965,965,data,True,961,961,SENATOR JOHN HOEVEN,2014,19,12,block_data
113sdoc22,GPO-CDOC-113sdoc22.pdf,966,966,banner,True,966,966,SENATOR KAY BAILEY HUTCHISON,2012,72,31,block_start
113sdoc22,GPO-CDOC-113sdoc22.pdf,967,967,banner,True,967,967,SENATOR KAY BAILEY HUTCHISON,2013,69,29,block_start
113sdoc22,GPO-CDOC-113sdoc22.pdf,968,968,banner,True,968,968,SENATOR JAMES M. INHOFE,2012,72,31,block_start
113sdoc22,GPO-CDOC-113sdoc22.pdf,969,969,banner,True,969,969,SENATOR JAMES M. INHOFE,2013,159,56,block_start
113sdoc22,GPO-CDOC-113sdoc22.pdf,970,970,data,True,969,969,SENATOR JAMES M. INHOFE,2013,226,71,block_data
113sdoc22,GPO-CDOC-113sdoc22.pdf,971,971,data,True,969,969,SENATOR JAMES M. INHOFE,2013,237,70,block_data
113sdoc22,GPO-CDOC-113sdoc22.pdf,972,972,data,True,969,969,SENATOR JAMES M. INHOFE,2013,108,35,block_data
113sdoc22,GPO-CDOC-113sdoc22.pdf,973,973,banner,True,973,973,SENATOR JAMES M. INHOFE,2014,153,57,block_start
113sdoc22,GPO-CDOC-113sdoc22.pdf,974,974,data,True,973,973,SENATOR JAMES M. INHOFE,2014,214,66,block_data
113sdoc22,GPO-CDOC-113sdoc22.pdf,975,975,data,True,973,973,SENATOR JAMES M. INHOFE,2014,234,69,block_data
113sdoc22,GPO-CDOC-113sdoc22.pdf,976,976,data,True,973,973,SENATOR JAMES M. INHOFE,2014,223,69,block_data
113sdoc22,GPO-CDOC-113sdoc22.pdf,977,977,data,True,973,973,SENATOR JAMES M. INHOFE,2014,228,70,block_data
113sdoc22,GPO-CDOC-113sdoc22.pdf,978,978,data,True,973,973,SENATOR JAMES M. INHOFE,2014,228,70,block_data
113sdoc22,GPO-CDOC-113sdoc22.pdf,979,979,data,True,973,973,SENATOR JAMES M. INHOFE,2014,247,71,block_data
113sdoc22,GPO-CDOC-113sdoc22.pdf,980,980,data,True,973,973,SENATOR JAMES M. INHOFE,2014,221,69,block_data
113sdoc22,GPO-CDOC-113sdoc22.pdf,981,981,data,True,973,973,SENATOR JAMES M. INHOFE,2014,217,70,block_data
113sdoc22,GPO-CDOC-113sdoc22.pdf,982,982,data,True,973,973,SENATOR JAMES M. INHOFE,2014,220,56,block_data
113sdoc22,GPO-CDOC-113sdoc22.pdf,983,983,banner,True,983,983,SENATOR DANIEL K. INOUYE,2012,72,31,block_start
113sdoc22,GPO-CDOC-113sdoc22.pdf,984,984,banner,True,984,984,SENATOR DANIEL K. INOUYE,2013,69,29,block_start
113sdoc22,GPO-CDOC-113sdoc22.pdf,985,985,banner,True,985,985,SENATOR JOHNNY ISAKSON,2012,72,31,block_start
113sdoc22,GPO-CDOC-113sdoc22.pdf,986,986,banner,True,986,986,SENATOR JOHNNY ISAKSON,2013,172,57,block_start
113sdoc22,GPO-CDOC-113sdoc22.pdf,987,987,data,True,986,986,SENATOR JOHNNY ISAKSON,2013,243,69,block_data
113sdoc22,GPO-CDOC-113sdoc22.pdf,988,988,data,True,986,986,SENATOR JOHNNY ISAKSON,2013,233,70,block_data
113sdoc22,GPO-CDOC-113sdoc22.pdf,989,989,data,True,986,986,SENATOR JOHNNY ISAKSON,2013,263,71,block_data
113sdoc22,GPO-CDOC-113sdoc22.pdf,990,990,data,True,986,986,SENATOR JOHNNY ISAKSON,2013,263,71,block_data
113sdoc22,GPO-CDOC-113sdoc22.pdf,991,991,data,True,986,986,SENATOR JOHNNY ISAKSON,2013,263,71,block_data
113sdoc22,GPO-CDOC-113sdoc22.pdf,992,992,data,True,986,986,SENATOR JOHNNY ISAKSON,2013,264,71,block_data
113sdoc22,GPO-CDOC-113sdoc22.pdf,993,993,data,True,986,986,SENATOR JOHNNY ISAKSON,2013,263,71,block_data
113sdoc22,GPO-CDOC-113sdoc22.pdf,994,994,data,True,986,986,SENATOR JOHNNY ISAKSON,2013,263,71,block_data
113sdoc22,GPO-CDOC-113sdoc22.pdf,995,995,data,True,986,986,SENATOR JOHNNY ISAKSON,2013,238,70,block_data
113sdoc22,GPO-CDOC-113sdoc22.pdf,996,996,data,True,986,986,SENATOR JOHNNY ISAKSON,2013,232,70,block_data
113sdoc22,GPO-CDOC-113sdoc22.pdf,997,997,data,True,986,986,SENATOR JOHNNY ISAKSON,2013,259,70,block_data
113sdoc22,GPO-CDOC-113sdoc22.pdf,998,998,data,True,986,986,SENATOR JOHNNY ISAKSON,2013,74,22,block_data
113sdoc22,GPO-CDOC-113sdoc22.pdf,999,999,banner,True,999,999,SENATOR JOHNNY ISAKSON,2014,153,57,block_start
113sdoc22,GPO-CDOC-113sdoc22.pdf,1000,1000,data,True,999,999,SENATOR JOHNNY ISAKSON,2014,222,65,block_data
113sdoc22,GPO-CDOC-113sdoc22.pdf,1001,1001,data,True,999,999,SENATOR JOHNNY ISAKSON,2014,249,70,block_data
113sdoc22,GPO-CDOC-113sdoc22.pdf,1002,1002,data,True,999,999,SENATOR JOHNNY ISAKSON,2014,245,70,block_data
113sdoc22,GPO-CDOC-113sdoc22.pdf,1003,1003,data,True,999,999,SENATOR JOHNNY ISAKSON,2014,242,71,block_data
113sdoc22,GPO-CDOC-113sdoc22.pdf,1004,1004,data,True,999,999,SENATOR JOHNNY ISAKSON,2014,249,70,block_data
113sdoc22,GPO-CDOC-113sdoc22.pdf,1005,1005,data,True,999,999,SENATOR JOHNNY ISAKSON,2014,257,70,block_data
113sdoc22,GPO-CDOC-113sdoc22.pdf,1006,1006,data,True,999,999,SENATOR JOHNNY ISAKSON,2014,263,71,block_data
113sdoc22,GPO-CDOC-113sdoc22.pdf,1007,1007,data,True,999,999,SENATOR JOHNNY ISAKSON,2014,255,71,block_data
113sdoc22,GPO-CDOC-113sdoc22.pdf,1008,1008,data,True,999,999,SENATOR JOHNNY ISAKSON,2014,245,70,block_data
113sdoc22,GPO-CDOC-113sdoc22.pdf,1009,1009,data,True,999,999,SENATOR JOHNNY ISAKSON,2014,245,70,block_data
113sdoc22,GPO-CDOC-113sdoc22.pdf,1010,1010,data,True,999,999,SENATOR JOHNNY ISAKSON,2014,253,70,block_data
113sdoc22,GPO-CDOC-113sdoc22.pdf,1011,1011,data,True,999,999,SENATOR JOHNNY ISAKSON,2014,253,70,block_data
113sdoc22,GPO-CDOC-113sdoc22.pdf,1012,1012,data,True,999,999,SENATOR JOHNNY ISAKSON,2014,249,70,block_data
113sdoc22,GPO-CDOC-113sdoc22.pdf,1013,1013,data,True,999,999,SENATOR JOHNNY ISAKSON,2014,239,71,block_data
113sdoc22,GPO-CDOC-113sdoc22.pdf,1014,1014,data,True,999,999,SENATOR JOHNNY ISAKSON,2014,249,70,block_data
113sdoc22,GPO-CDOC-113sdoc22.pdf,1015,1015,data,True,999,999,SENATOR JOHNNY ISAKSON,2014,263,71,block_data
113sdoc22,GPO-CDOC-113sdoc22.pdf,1016,1016,data,True,999,999,SENATOR JOHNNY ISAKSON,2014,250,69,block_data
113sdoc22,GPO-CDOC-113sdoc22.pdf,1017,1017,data,True,999,999,SENATOR JOHNNY ISAKSON,2014,252,69,block_data
113sdoc22,GPO-CDOC-113sdoc22.pdf,1018,1018,data,True,999,999,SENATOR JOHNNY ISAKSON,2014,166,36,block_data
113sdoc22,GPO-CDOC-113sdoc22.pdf,1019,1019,banner,True,1019,1019,SENATOR MIKE JOHANNS,2012,73,32,block_start
113sdoc22,GPO-CDOC-113sdoc22.pdf,1020,1020,banner,True,1020,1020,SENATOR MIKE JOHANNS,2013,169,58,block_start
113sdoc22,GPO-CDOC-113sdoc22.pdf,1021,1021,data,True,1020,1020,SENATOR MIKE JOHANNS,2013,24,15,block_data
113sdoc22,GPO-CDOC-113sdoc22.pdf,1022,1022,banner,True,1022,1022,SENATOR MIKE JOHANNS,2014,152,59,block_start
113sdoc22,GPO-CDOC-113sdoc22.pdf,1023,1023,data,True,1022,1022,SENATOR MIKE JOHANNS,2014,223,71,block_data
113sdoc22,GPO-CDOC-113sdoc22.pdf,1024,1024,data,True,1022,1022,SENATOR MIKE JOHANNS,2014,232,68,block_data
113sdoc22,GPO-CDOC-113sdoc22.pdf,1025,1025,data,True,1022,1022,SENATOR MIKE JOHANNS,2014,218,67,block_data
113sdoc22,GPO-CDOC-113sdoc22.pdf,1026,1026,data,True,1022,1022,SENATOR MIKE JOHANNS,2014,230,69,block_data
113sdoc22,GPO-CDOC-113sdoc22.pdf,1027,1027,data,True,1022,1022,SENATOR MIKE JOHANNS,2014,266,68,block_data
113sdoc22,GPO-CDOC-113sdoc22.pdf,1028,1028,data,True,1022,1022,SENATOR MIKE JOHANNS,2014,49,20,block_data
113sdoc22,GPO-CDOC-113sdoc22.pdf,1029,1029,banner,True,1029,1029,SENATOR TIM JOHNSON,2012,70,31,block_start
113sdoc22,GPO-CDOC-113sdoc22.pdf,1030,1030,banner,True,1030,1030,SENATOR TIM JOHNSON,2013,155,56,block_start
113sdoc22,GPO-CDOC-113sdoc22.pdf,1031,1031,data,True,1030,1030,SENATOR TIM JOHNSON,2013,60,24,block_data
113sdoc22,GPO-CDOC-113sdoc22.pdf,1032,1032,banner,True,1032,1032,SENATOR TIM JOHNSON,2014,154,59,block_start
113sdoc22,GPO-CDOC-113sdoc22.pdf,1033,1033,data,True,1032,1032,SENATOR TIM JOHNSON,2014,215,70,block_data
113sdoc22,GPO-CDOC-113sdoc22.pdf,1034,1034,data,True,1032,1032,SENATOR TIM JOHNSON,2014,233,67,block_data
113sdoc22,GPO-CDOC-113sdoc22.pdf,1035,1035,data,True,1032,1032,SENATOR TIM JOHNSON,2014,258,65,block_data
113sdoc22,GPO-CDOC-113sdoc22.pdf,1036,1036,banner,True,1036,1036,SENATOR RON JOHNSON,2012,91,37,block_start
113sdoc22,GPO-CDOC-113sdoc22.pdf,1037,1037,banner,True,1037,1037,SENATOR RON JOHNSON,2013,170,57,block_start
113sdoc22,GPO-CDOC-113sdoc22.pdf,1038,1038,data,True,1037,1037,SENATOR RON JOHNSON,2013,233,69,block_data
113sdoc22,GPO-CDOC-113sdoc22.pdf,1039,1039,data,True,1037,1037,SENATOR RON JOHNSON,2013,230,68,block_data
113sdoc22,GPO-CDOC-113sdoc22.pdf,1040,1040,data,True,1037,1037,SENATOR RON JOHNSON,2013,217,68,block_data
113sdoc22,GPO-CDOC-113sdoc22.pdf,1041,1041,data,True,1037,1037,SENATOR RON JOHNSON,2013,211,66,block_data
113sdoc22,GPO-CDOC-113sdoc22.pdf,1042,1042,data,True,1037,1037,SENATOR RON JOHNSON,2013,280,68,block_data
113sdoc22,GPO-CDOC-113sdoc22.pdf,1043,1043,data,True,1037,1037,SENATOR RON JOHNSON,2013,50,18,block_data
113sdoc22,GPO-CDOC-113sdoc22.pdf,1044,1044,banner,True,1044,1044,SENATOR RON JOHNSON,2014,154,59,block_start
113sdoc22,GPO-CDOC-113sdoc22.pdf,1045,1045,data,True,1044,1044,SENATOR RON JOHNSON,2014,224,71,block_data
113sdoc22,GPO-CDOC-113sdoc22.pdf,1046,1046,data,True,1044,1044,SENATOR RON JOHNSON,2014,202,63,block_data
113sdoc22,GPO-CDOC-113sdoc22.pdf,1047,1047,data,True,1044,1044,SENATOR RON JOHNSON,2014,205,70,block_data
113sdoc22,GPO-CDOC-113sdoc22.pdf,1048,1048,data,True,1044,1044,SENATOR RON JOHNSON,2014,218,69,block_data
113sdoc22,GPO-CDOC-113sdoc22.pdf,1049,1049,data,True,1044,1044,SENATOR RON JOHNSON,2014,217,70,block_data
113sdoc22,GPO-CDOC-113sdoc22.pdf,1050,1050,data,True,1044,1044,SENATOR RON JOHNSON,2014,231,70,block_data
113sdoc22,GPO-CDOC-113sdoc22.pdf,1051,1051,data,True,1044,1044,SENATOR RON JOHNSON,2014,182,49,block_data
113sdoc22,GPO-CDOC-113sdoc22.pdf,1052,1052,banner,True,1052,1052,SENATOR TIM KAINE,2013,170,59,block_start
113sdoc22,GPO-CDOC-113sdoc22.pdf,1053,1053,data,True,1052,1052,SENATOR TIM KAINE,2013,241,69,block_data
113sdoc22,GPO-CDOC-113sdoc22.pdf,1054,1054,data,True,1052,1052,SENATOR TIM KAINE,2013,272,68,block_data
113sdoc22,GPO-CDOC-113sdoc22.pdf,1055,1055,data,True,1052,1052,SENATOR TIM KAINE,2013,183,37,block_data
113sdoc22,GPO-CDOC-113sdoc22.pdf,1056,1056,banner,True,1056,1056,SENATOR TIM KAINE,2014,151,58,block_start
113sdoc22,GPO-CDOC-113sdoc22.pdf,1057,1057,data,True,1056,1056,SENATOR TIM KAINE,2014,200,67,block_data
113sdoc22,GPO-CDOC-113sdoc22.pdf,1058,1058,data,True,1056,1056,SENATOR TIM KAINE,2014,239,68,block_data
113sdoc22,GPO-CDOC-113sdoc22.pdf,1059,1059,data,True,1056,1056,SENATOR TIM KAINE,2014,230,68,block_data
113sdoc22,GPO-CDOC-113sdoc22.pdf,1060,1060,data,True,1056,1056,SENATOR TIM KAINE,2014,238,70,block_data
113sdoc22,GPO-CDOC-113sdoc22.pdf,1061,1061,data,True,1056,1056,SENATOR TIM KAINE,2014,223,69,block_data
113sdoc22,GPO-CDOC-113sdoc22.pdf,1062,1062,data,True,1056,1056,SENATOR TIM KAINE,2014,238,70,block_data
113sdoc22,GPO-CDOC-113sdoc22.pdf,1063,1063,data,True,1056,1056,SENATOR TIM KAINE,2014,146,35,block_data
113sdoc22,GPO-CDOC-113sdoc22.pdf,1064,1064,banner,True,1064,1064,SENATOR JOHN F. KERRY,2012,73,32,block_start
113sdoc22,GPO-CDOC-113sdoc22.pdf,1065,1065,banner,True,1065,1065,SENATOR JOHN F. KERRY,2013,70,31,block_start
113sdoc22,GPO-CDOC-113sdoc22.pdf,1066,1066,banner,True,1066,1066,SENATOR ANGUS KING,2013,162,58,block_start
113sdoc22,GPO-CDOC-113sdoc22.pdf,1067,1067,data,True,1066,1066,SENATOR ANGUS KING,2013,215,60,block_data
113sdoc22,GPO-CDOC-113sdoc22.pdf,1068,1068,banner,True,1068,1068,SENATOR ANGUS KING,2014,151,58,block_start
113sdoc22,GPO-CDOC-113sdoc22.pdf,1069,1069,data,True,1068,1068,SENATOR ANGUS KING,2014,199,68,block_data
113sdoc22,GPO-CDOC-113sdoc22.pdf,1070,1070,data,True,1068,1068,SENATOR ANGUS KING,2014,226,69,block_data
113sdoc22,GPO-CDOC-113sdoc22.pdf,1071,1071,data,True,1068,1068,SENATOR ANGUS KING,2014,212,68,block_data
113sdoc22,GPO-CDOC-113sdoc22.pdf,1072,1072,data,True,1068,1068,SENATOR ANGUS KING,2014,220,69,block_data
113sdoc22,GPO-CDOC-113sdoc22.pdf,1073,1073,data,True,1068,1068,SENATOR ANGUS KING,2014,218,69,block_data
113sdoc22,GPO-CDOC-113sdoc22.pdf,1074,1074,data,True,1068,1068,SENATOR ANGUS KING,2014,231,70,block_data
113sdoc22,GPO-CDOC-113sdoc22.pdf,1075,1075,data,True,1068,1068,SENATOR ANGUS KING,2014,228,70,block_data
113sdoc22,GPO-CDOC-113sdoc22.pdf,1076,1076,data,True,1068,1068,SENATOR ANGUS KING,2014,228,70,block_data
113sdoc22,GPO-CDOC-113sdoc22.pdf,1077,1077,data,True,1068,1068,SENATOR ANGUS KING,2014,212,68,block_data
113sdoc22,GPO-CDOC-113sdoc22.pdf,1078,1078,data,True,1068,1068,SENATOR ANGUS KING,2014,203,69,block_data
113sdoc22,GPO-CDOC-113sdoc22.pdf,1079,1079,data,True,1068,1068,SENATOR ANGUS KING,2014,306,68,block_data
113sdoc22,GPO-CDOC-113sdoc22.pdf,1080,1080,data,True,1068,1068,SENATOR ANGUS KING,2014,20,13,block_data
113sdoc22,GPO-CDOC-113sdoc22.pdf,1081,1081,banner,True,1081,1081,SENATOR MARK KIRK,2012,73,32,block_start
113sdoc22,GPO-CDOC-113sdoc22.pdf,1082,1082,banner,True,1082,1082,SENATOR MARK KIRK,2013,173,58,block_start
113sdoc22,GPO-CDOC-113sdoc22.pdf,1083,1083,data,True,1082,1082,SENATOR MARK KIRK,2013,192,51,block_data
113sdoc22,GPO-CDOC-113sdoc22.pdf,1084,1084,banner,True,1084,1084,SENATOR MARK KIRK,2014,151,58,block_start
113sdoc22,GPO-CDOC-113sdoc22.pdf,1085,1085,data,True,1084,1084,SENATOR MARK KIRK,2014,216,71,block_data
113sdoc22,GPO-CDOC-113sdoc22.pdf,1086,1086,data,True,1084,1084,SENATOR MARK KIRK,2014,249,69,block_data
113sdoc22,GPO-CDOC-113sdoc22.pdf,1087,1087,data,True,1084,1084,SENATOR MARK KIRK,2014,242,70,block_data
113sdoc22,GPO-CDOC-113sdoc22.pdf,1088,1088,data,True,1084,1084,SENATOR MARK KIRK,2014,252,69,block_data
113sdoc22,GPO-CDOC-113sdoc22.pdf,1089,1089,data,True,1084,1084,SENATOR MARK KIRK,2014,234,69,block_data
113sdoc22,GPO-CDOC-113sdoc22.pdf,1090,1090,data,True,1084,1084,SENATOR MARK KIRK,2014,245,69,block_data
113sdoc22,GPO-CDOC-113sdoc22.pdf,1091,1091,data,True,1084,1084,SENATOR MARK KIRK,2014,228,68,block_data
113sdoc22,GPO-CDOC-113sdoc22.pdf,1092,1092,data,True,1084,1084,SENATOR MARK KIRK,2014,239,70,block_data
113sdoc22,GPO-CDOC-113sdoc22.pdf,1093,1093,data,True,1084,1084,SENATOR MARK KIRK,2014,223,55,block_data
113sdoc22,GPO-CDOC-113sdoc22.pdf,1094,1094,banner,True,1094,1094,SENATOR AMY KLOBUCHAR,2012,73,32,block_start
113sdoc22,GPO-CDOC-113sdoc22.pdf,1095,1095,banner,True,1095,1095,SENATOR AMY KLOBUCHAR,2013,167,58,block_start
113sdoc22,GPO-CDOC-113sdoc22.pdf,1096,1096,data,True,1095,1095,SENATOR AMY KLOBUCHAR,2013,258,69,block_data
113sdoc22,GPO-CDOC-113sdoc22.pdf,1097,1097,data,True,1095,1095,SENATOR AMY KLOBUCHAR,2013,134,41,block_data
113sdoc22,GPO-CDOC-113sdoc22.pdf,1098,1098,banner,True,1098,1098,SENATOR AMY KLOBUCHAR,2014,151,58,block_start
113sdoc22,GPO-CDOC-113sdoc22.pdf,1099,1099,data,True,1098,1098,SENATOR AMY KLOBUCHAR,2014,217,71,block_data
113sdoc22,GPO-CDOC-113sdoc22.pdf,1100,1100,data,True,1098,1098,SENATOR AMY KLOBUCHAR,2014,256,70,block_data
113sdoc22,GPO-CDOC-113sdoc22.pdf,1101,1101,data,True,1098,1098,SENATOR AMY KLOBUCHAR,2014,245,69,block_data
113sdoc22,GPO-CDOC-113sdoc22.pdf,1102,1102,data,True,1098,1098,SENATOR AMY KLOBUCHAR,2014,253,69,block_data
113sdoc22,GPO-CDOC-113sdoc22.pdf,1103,1103,data,True,1098,1098,SENATOR AMY KLOBUCHAR,2014,245,69,block_data
113sdoc22,GPO-CDOC-113sdoc22.pdf,1104,1104,data,True,1098,1098,SENATOR AMY KLOBUCHAR,2014,245,69,block_data
113sdoc22,GPO-CDOC-113sdoc22.pdf,1105,1105,data,True,1098,1098,SENATOR AMY KLOBUCHAR,2014,255,70,block_data
113sdoc22,GPO-CDOC-113sdoc22.pdf,1106,1106,data,True,1098,1098,SENATOR AMY KLOBUCHAR,2014,256,70,block_data
113sdoc22,GPO-CDOC-113sdoc22.pdf,1107,1107,data,True,1098,1098,SENATOR AMY KLOBUCHAR,2014,235,69,block_data
113sdoc22,GPO-CDOC-113sdoc22.pdf,1108,1108,data,True,1098,1098,SENATOR AMY KLOBUCHAR,2014,240,69,block_data
113sdoc22,GPO-CDOC-113sdoc22.pdf,1109,1109,data,True,1098,1098,SENATOR AMY KLOBUCHAR,2014,239,57,block_data
113sdoc22,GPO-CDOC-113sdoc22.pdf,1110,1110,banner,True,1110,1110,SENATOR HERBERT H. KOHL,2012,70,31,block_start
113sdoc22,GPO-CDOC-113sdoc22.pdf,1111,1111,banner,True,1111,1111,SENATOR HERBERT H. KOHL,2013,73,32,block_start
113sdoc22,GPO-CDOC-113sdoc22.pdf,1112,1112,banner,True,1112,1112,SENATOR JON KYL,2012,70,31,block_start
113sdoc22,GPO-CDOC-113sdoc22.pdf,1113,1113,banner,True,1113,1113,SENATOR JON KYL,2013,70,31,block_start
113sdoc22,GPO-CDOC-113sdoc22.pdf,1114,1114,banner,True,1114,1114,SENATOR MARY L. LANDRIEU,2012,82,34,block_start
113sdoc22,GPO-CDOC-113sdoc22.pdf,1115,1115,banner,True,1115,1115,SENATOR MARY L. LANDRIEU,2013,169,58,block_start
113sdoc22,GPO-CDOC-113sdoc22.pdf,1116,1116,data,True,1115,1115,SENATOR MARY L. LANDRIEU,2013,226,68,block_data
113sdoc22,GPO-CDOC-113sdoc22.pdf,1117,1117,data,True,1115,1115,SENATOR MARY L. LANDRIEU,2013,256,70,block_data
113sdoc22,GPO-CDOC-113sdoc22.pdf,1118,1118,data,True,1115,1115,SENATOR MARY L. LANDRIEU,2013,245,63,block_data
113sdoc22,GPO-CDOC-113sdoc22.pdf,1119,1119,banner,True,1119,1119,SENATOR MARY L. LANDRIEU,2014,149,58,block_start
113sdoc22,GPO-CDOC-113sdoc22.pdf,1120,1120,data,True,1119,1119,SENATOR MARY L. LANDRIEU,2014,211,70,block_data
113sdoc22,GPO-CDOC-113sdoc22.pdf,1121,1121,data,True,1119,1119,SENATOR MARY L. LANDRIEU,2014,224,70,block_data
113sdoc22,GPO-CDOC-113sdoc22.pdf,1122,1122,data,True,1119,1119,SENATOR MARY L. LANDRIEU,2014,232,68,block_data
113sdoc22,GPO-CDOC-113sdoc22.pdf,1123,1123,data,True,1119,1119,SENATOR MARY L. LANDRIEU,2014,250,69,block_data
113sdoc22,GPO-CDOC-113sdoc22.pdf,1124,1124,data,True,1119,1119,SENATOR MARY L. LANDRIEU,2014,252,70,block_data
113sdoc22,GPO-CDOC-113sdoc22.pdf,1125,1125,data,True,1119,1119,SENATOR MARY L. LANDRIEU,2014,238,70,block_data
113sdoc22,GPO-CDOC-113sdoc22.pdf,1126,1126,data,True,1119,1119,SENATOR MARY L. LANDRIEU,2014,248,70,block_data
113sdoc22,GPO-CDOC-113sdoc22.pdf,1127,1127,data,True,1119,1119,SENATOR MARY L. LANDRIEU,2014,261,69,block_data
113sdoc22,GPO-CDOC-113sdoc22.pdf,1128,1128,data,True,1119,1119,SENATOR MARY L. LANDRIEU,2014,40,18,block_data
113sdoc22,GPO-CDOC-113sdoc22.pdf,1129,1129,banner,True,1129,1129,SENATOR FRANK R. LAUTENBERG,2012,73,32,block_start
113sdoc22,GPO-CDOC-113sdoc22.pdf,1130,1130,banner,True,1130,1130,SENATOR FRANK R. LAUTENBERG,2013,70,31,block_start
113sdoc22,GPO-CDOC-113sdoc22.pdf,1131,1131,banner,True,1131,1131,SENATOR PATRICK J. LEAHY,2012,70,31,block_start
113sdoc22,GPO-CDOC-113sdoc22.pdf,1132,1132,banner,True,1132,1132,SENATOR PATRICK J. LEAHY,2013,168,56,block_start
113sdoc22,GPO-CDOC-113sdoc22.pdf,1133,1133,data,True,1132,1132,SENATOR PATRICK J. LEAHY,2013,235,69,block_data
113sdoc22,GPO-CDOC-113sdoc22.pdf,1134,1134,data,True,1132,1132,SENATOR PATRICK J. LEAHY,2013,240,68,block_data
113sdoc22,GPO-CDOC-113sdoc22.pdf,1135,1135,data,True,1132,1132,SENATOR PATRICK J. LEAHY,2013,87,28,block_data
113sdoc22,GPO-CDOC-113sdoc22.pdf,1136,1136,banner,True,1136,1136,SENATOR PATRICK J. LEAHY,2014,154,59,block_start
113sdoc22,GPO-CDOC-113sdoc22.pdf,1137,1137,data,True,1136,1136,SENATOR PATRICK J. LEAHY,2014,218,69,block_data
113sdoc22,GPO-CDOC-113sdoc22.pdf,1138,1138,data,True,1136,1136,SENATOR PATRICK J. LEAHY,2014,248,70,block_data
113sdoc22,GPO-CDOC-113sdoc22.pdf,1139,1139,data,True,1136,1136,SENATOR PATRICK J. LEAHY,2014,236,69,block_data
113sdoc22,GPO-CDOC-113sdoc22.pdf,1140,1140,data,True,1136,1136,SENATOR PATRICK J. LEAHY,2014,254,69,block_data
113sdoc22,GPO-CDOC-113sdoc22.pdf,1141,1141,data,True,1136,1136,SENATOR PATRICK J. LEAHY,2014,224,54,block_data
113sdoc22,GPO-CDOC-113sdoc22.pdf,1142,1142,banner,True,1142,1142,SENATOR MIKE LEE,2012,76,32,block_start
113sdoc22,GPO-CDOC-113sdoc22.pdf,1143,1143,banner,True,1143,1143,SENATOR MIKE LEE,2013,163,56,block_start
113sdoc22,GPO-CDOC-113sdoc22.pdf,1144,1144,data,True,1143,1143,SENATOR MIKE LEE,2013,202,68,block_data
113sdoc22,GPO-CDOC-113sdoc22.pdf,1145,1145,data,True,1143,1143,SENATOR MIKE LEE,2013,208,66,block_data
113sdoc22,GPO-CDOC-113sdoc22.pdf,1146,1146,banner,True,1146,1146,SENATOR MIKE LEE,2014,151,57,block_start
113sdoc22,GPO-CDOC-113sdoc22.pdf,1147,1147,data,True,1146,1146,SENATOR MIKE LEE,2014,203,66,block_data
113sdoc22,GPO-CDOC-113sdoc22.pdf,1148,1148,data,True,1146,1146,SENATOR MIKE LEE,2014,228,70,block_data
113sdoc22,GPO-CDOC-113sdoc22.pdf,1149,1149,data,True,1146,1146,SENATOR MIKE LEE,2014,237,69,block_data
113sdoc22,GPO-CDOC-113sdoc22.pdf,1150,1150,data,True,1146,1146,SENATOR MIKE LEE,2014,120,38,block_data
113sdoc22,GPO-CDOC-113sdoc22.pdf,1151,1151,banner,True,1151,1151,SENATOR CARL LEVIN,2012,73,32,block_start
113sdoc22,GPO-CDOC-113sdoc22.pdf,1152,1152,banner,True,1152,1152,SENATOR CARL LEVIN,2013,167,57,block_start
113sdoc22,GPO-CDOC-113sdoc22.pdf,1153,1153,data,True,1152,1152,SENATOR CARL LEVIN,2013,111,35,block_data
113sdoc22,GPO-CDOC-113sdoc22.pdf,1154,1154,banner,True,1154,1154,SENATOR CARL LEVIN,2014,154,59,block_start
113sdoc22,GPO-CDOC-113sdoc22.pdf,1155,1155,data,True,1154,1154,SENATOR CARL LEVIN,2014,215,71,block_data
113sdoc22,GPO-CDOC-113sdoc22.pdf,1156,1156,data,True,1154,1154,SENATOR CARL LEVIN,2014,236,70,block_data
113sdoc22,GPO-CDOC-113sdoc22.pdf,1157,1157,data,True,1154,1154,SENATOR CARL LEVIN,2014,239,70,block_data
113sdoc22,GPO-CDOC-113sdoc22.pdf,1158,1158,data,True,1154,1154,SENATOR CARL LEVIN,2014,244,70,block_data
113sdoc22,GPO-CDOC-113sdoc22.pdf,1159,1159,data,True,1154,1154,SENATOR CARL LEVIN,2014,258,66,block_data
113sdoc22,GPO-CDOC-113sdoc22.pdf,1160,1160,data,True,1154,1154,SENATOR CARL LEVIN,2014,26,16,block_data
113sdoc22,GPO-CDOC-113sdoc22.pdf,1161,1161,banner,True,1161,1161,SENATOR JOSEPH I. LIEBERMAN,2012,73,32,block_start
113sdoc22,GPO-CDOC-113sdoc22.pdf,1162,1162,banner,True,1162,1162,SENATOR JOSEPH I. LIEBERMAN,2013,70,31,block_start
113sdoc22,GPO-CDOC-113sdoc22.pdf,1163,1163,banner,True,1163,1163,SENATOR RICHARD G. LUGAR,2012,70,31,block_start
113sdoc22,GPO-CDOC-113sdoc22.pdf,1164,1164,banner,True,1164,1164,SENATOR RICHARD G. LUGAR,2013,70,31,block_start
113sdoc22,GPO-CDOC-113sdoc22.pdf,1165,1165,banner,True,1165,1165,SENATOR JOE MANCHIN,2012,73,32,block_start
113sdoc22,GPO-CDOC-113sdoc22.pdf,1166,1166,banner,True,1166,1166,SENATOR JOE MANCHIN,2013,177,58,block_start
113sdoc22,GPO-CDOC-113sdoc22.pdf,1167,1167,data,True,1166,1166,SENATOR JOE MANCHIN,2013,257,69,block_data
113sdoc22,GPO-CDOC-113sdoc22.pdf,1168,1168,data,True,1166,1166,SENATOR JOE MANCHIN,2013,145,43,block_data
113sdoc22,GPO-CDOC-113sdoc22.pdf,1169,1169,banner,True,1169,1169,SENATOR JOE MANCHIN,2014,154,59,block_start
113sdoc22,GPO-CDOC-113sdoc22.pdf,1170,1170,data,True,1169,1169,SENATOR JOE MANCHIN,2014,231,71,block_data
113sdoc22,GPO-CDOC-113sdoc22.pdf,1171,1171,data,True,1169,1169,SENATOR JOE MANCHIN,2014,258,69,block_data
113sdoc22,GPO-CDOC-113sdoc22.pdf,1172,1172,data,True,1169,1169,SENATOR JOE MANCHIN,2014,260,70,block_data
113sdoc22,GPO-CDOC-113sdoc22.pdf,1173,1173,data,True,1169,1169,SENATOR JOE MANCHIN,2014,246,69,block_data
113sdoc22,GPO-CDOC-113sdoc22.pdf,1174,1174,data,True,1169,1169,SENATOR JOE MANCHIN,2014,254,70,block_data
113sdoc22,GPO-CDOC-113sdoc22.pdf,1175,1175,data,True,1169,1169,SENATOR JOE MANCHIN,2014,252,70,block_data
113sdoc22,GPO-CDOC-113sdoc22.pdf,1176,1176,data,True,1169,1169,SENATOR JOE MANCHIN,2014,264,70,block_data
113sdoc22,GPO-CDOC-113sdoc22.pdf,1177,1177,data,True,1169,1169,SENATOR JOE MANCHIN,2014,253,69,block_data
113sdoc22,GPO-CDOC-113sdoc22.pdf,1178,1178,data,True,1169,1169,SENATOR JOE MANCHIN,2014,264,70,block_data
113sdoc22,GPO-CDOC-113sdoc22.pdf,1179,1179,data,True,1169,1169,SENATOR JOE MANCHIN,2014,224,57,block_data
113sdoc22,GPO-CDOC-113sdoc22.pdf,1180,1180,banner,True,1180,1180,SENATOR EDWARD MARKEY,2013,124,48,block_start
113sdoc22,GPO-CDOC-113sdoc22.pdf,1181,1181,banner,True,1181,1181,SENATOR EDWARD MARKEY,2014,150,58,block_start
113sdoc22,GPO-CDOC-113sdoc22.pdf,1182,1182,data,True,1181,1181,SENATOR EDWARD MARKEY,2014,212,70,block_data
113sdoc22,GPO-CDOC-113sdoc22.pdf,1183,1183,data,True,1181,1181,SENATOR EDWARD MARKEY,2014,193,52,block_data
113sdoc22,GPO-CDOC-113sdoc22.pdf,1184,1184,banner,True,1184,1184,SENATOR JOHN MCCAIN,2012,73,32,block_start
113sdoc22,GPO-CDOC-113sdoc22.pdf,1185,1185,banner,True,1185,1185,SENATOR JOHN MCCAIN,2013,171,57,block_start
113sdoc22,GPO-CDOC-113sdoc22.pdf,1186,1186,data,True,1185,1185,SENATOR JOHN MCCAIN,2013,86,27,block_data
113sdoc22,GPO-CDOC-113sdoc22.pdf,1187,1187,banner,True,1187,1187,SENATOR JOHN MCCAIN,2014,154,58,block_start
113sdoc22,GPO-CDOC-113sdoc22.pdf,1188,1188,data,True,1187,1187,SENATOR JOHN MCCAIN,2014,232,70,block_data
113sdoc22,GPO-CDOC-113sdoc22.pdf,1189,1189,data,True,1187,1187,SENATOR JOHN MCCAIN,2014,242,69,block_data
113sdoc22,GPO-CDOC-113sdoc22.pdf,1190,1190,data,True,1187,1187,SENATOR JOHN MCCAIN,2014,253,69,block_data
113sdoc22,GPO-CDOC-113sdoc22.pdf,1191,1191,data,True,1187,1187,SENATOR JOHN MCCAIN,2014,82,24,block_data
113sdoc22,GPO-CDOC-113sdoc22.pdf,1192,1192,banner,True,1192,1192,SENATOR CLAIRE MCCASKILL,2012,76,32,block_start
113sdoc22,GPO-CDOC-113sdoc22.pdf,1193,1193,banner,True,1193,1193,SENATOR CLAIRE MCCASKILL,2013,170,57,block_start
113sdoc22,GPO-CDOC-113sdoc22.pdf,1194,1194,data,True,1193,1193,SENATOR CLAIRE MCCASKILL,2013,246,69,block_data
113sdoc22,GPO-CDOC-113sdoc22.pdf,1195,1195,data,True,1193,1193,SENATOR CLAIRE MCCASKILL,2013,187,53,block_data
113sdoc22,GPO-CDOC-113sdoc22.pdf,1196,1196,banner,True,1196,1196,SENATOR CLAIRE MCCASKILL,2014,154,59,block_start
113sdoc22,GPO-CDOC-113sdoc22.pdf,1197,1197,data,True,1196,1196,SENATOR CLAIRE MCCASKILL,2014,231,70,block_data
113sdoc22,GPO-CDOC-113sdoc22.pdf,1198,1198,data,True,1196,1196,SENATOR CLAIRE MCCASKILL,2014,244,70,block_data
113sdoc22,GPO-CDOC-113sdoc22.pdf,1199,1199,data,True,1196,1196,SENATOR CLAIRE MCCASKILL,2014,251,69,block_data
113sdoc22,GPO-CDOC-113sdoc22.pdf,1200,1200,data,True,1196,1196,SENATOR CLAIRE MCCASKILL,2014,239,69,block_data
113sdoc22,GPO-CDOC-113sdoc22.pdf,1201,1201,data,True,1196,1196,SENATOR CLAIRE MCCASKILL,2014,251,69,block_data
113sdoc22,GPO-CDOC-113sdoc22.pdf,1202,1202,data,True,1196,1196,SENATOR CLAIRE MCCASKILL,2014,258,70,block_data
113sdoc22,GPO-CDOC-113sdoc22.pdf,1203,1203,data,True,1196,1196,SENATOR CLAIRE MCCASKILL,2014,167,45,block_data
113sdoc22,GPO-CDOC-113sdoc22.pdf,1204,1204,banner,True,1204,1204,"SENATOR A. MITCHELL MCCONNELL, JR.",2012,70,31,block_start
113sdoc22,GPO-CDOC-113sdoc22.pdf,1205,1205,banner,True,1205,1205,"SENATOR A. MITCHELL MCCONNELL, JR.",2013,138,57,block_start
113sdoc22,GPO-CDOC-113sdoc22.pdf,1206,1206,data,True,1205,1205,"SENATOR A. MITCHELL MCCONNELL, JR.",2013,211,68,block_data
113sdoc22,GPO-CDOC-113sdoc22.pdf,1207,1207,data,True,1205,1205,"SENATOR A. MITCHELL MCCONNELL, JR.",2013,18,12,block_data
113sdoc22,GPO-CDOC-113sdoc22.pdf,1208,1208,banner,True,1208,1208,"SENATOR A. MITCHELL MCCONNELL, JR.",2014,154,59,block_start
113sdoc22,GPO-CDOC-113sdoc22.pdf,1209,1209,data,True,1208,1208,"SENATOR A. MITCHELL MCCONNELL, JR.",2014,199,70,block_data
113sdoc22,GPO-CDOC-113sdoc22.pdf,1210,1210,data,True,1208,1208,"SENATOR A. MITCHELL MCCONNELL, JR.",2014,206,67,block_data
113sdoc22,GPO-CDOC-113sdoc22.pdf,1211,1211,data,True,1208,1208,"SENATOR A. MITCHELL MCCONNELL, JR.",2014,211,70,block_data
113sdoc22,GPO-CDOC-113sdoc22.pdf,1212,1212,data,True,1208,1208,"SENATOR A. MITCHELL MCCONNELL, JR.",2014,210,69,block_data
113sdoc22,GPO-CDOC-113sdoc22.pdf,1213,1213,data,True,1208,1208,"SENATOR A. MITCHELL MCCONNELL, JR.",2014,235,68,block_data
113sdoc22,GPO-CDOC-113sdoc22.pdf,1214,1214,data,True,1208,1208,"SENATOR A. MITCHELL MCCONNELL, JR.",2014,24,15,block_data
113sdoc22,GPO-CDOC-113sdoc22.pdf,1215,1215,banner,True,1215,1215,SENATOR ROBERT MENENDEZ,2012,73,32,block_start
113sdoc22,GPO-CDOC-113sdoc22.pdf,1216,1216,banner,True,1216,1216,SENATOR ROBERT MENENDEZ,2013,153,58,block_start
113sdoc22,GPO-CDOC-113sdoc22.pdf,1217,1217,data,True,1216,1216,SENATOR ROBERT MENENDEZ,2013,210,69,block_data
113sdoc22,GPO-CDOC-113sdoc22.pdf,1218,1218,data,True,1216,1216,SENATOR ROBERT MENENDEZ,2013,82,24,block_data
113sdoc22,GPO-CDOC-113sdoc22.pdf,1219,1219,banner,True,1219,1219,SENATOR ROBERT MENENDEZ,2014,151,58,block_start
113sdoc22,GPO-CDOC-113sdoc22.pdf,1220,1220,data,True,1219,1219,SENATOR ROBERT MENENDEZ,2014,219,70,block_data
113sdoc22,GPO-CDOC-113sdoc22.pdf,1221,1221,data,True,1219,1219,SENATOR ROBERT MENENDEZ,2014,240,69,block_data
113sdoc22,GPO-CDOC-113sdoc22.pdf,1222,1222,data,True,1219,1219,SENATOR ROBERT MENENDEZ,2014,192,58,block_data
113sdoc22,GPO-CDOC-113sdoc22.pdf,1223,1223,banner,True,1223,1223,SENATOR JEFF MERKLEY,2012,70,31,block_start
113sdoc22,GPO-CDOC-113sdoc22.pdf,1224,1224,banner,True,1224,1224,SENATOR JEFF MERKLEY,2013,159,58,block_start
113sdoc22,GPO-CDOC-113sdoc22.pdf,1225,1225,data,True,1224,1224,SENATOR JEFF MERKLEY,2013,235,69,block_data
113sdoc22,GPO-CDOC-113sdoc22.pdf,1226,1226,data,True,1224,1224,SENATOR JEFF MERKLEY,2013,64,24,block_data
113sdoc22,GPO-CDOC-113sdoc22.pdf,1227,1227,banner,True,1227,1227,SENATOR JEFF MERKLEY,2014,152,59,block_start
113sdoc22,GPO-CDOC-113sdoc22.pdf,1228,1228,data,True,1227,1227,SENATOR JEFF MERKLEY,2014,216,70,block_data
113sdoc22,GPO-CDOC-113sdoc22.pdf,1229,1229,data,True,1227,1227,SENATOR JEFF MERKLEY,2014,246,69,block_data
113sdoc22,GPO-CDOC-113sdoc22.pdf,1230,1230,data,True,1227,1227,SENATOR JEFF MERKLEY,2014,235,69,block_data
113sdoc22,GPO-CDOC-113sdoc22.pdf,1231,1231,data,True,1227,1227,SENATOR JEFF MERKLEY,2014,227,69,block_data
113sdoc22,GPO-CDOC-113sdoc22.pdf,1232,1232,data,True,1227,1227,SENATOR JEFF MERKLEY,2014,238,70,block_data
113sdoc22,GPO-CDOC-113sdoc22.pdf,1233,1233,data,True,1227,1227,SENATOR JEFF MERKLEY,2014,254,68,block_data
113sdoc22,GPO-CDOC-113sdoc22.pdf,1234,1234,data,True,1227,1227,SENATOR JEFF MERKLEY,2014,40,18,block_data
113sdoc22,GPO-CDOC-113sdoc22.pdf,1235,1235,banner,True,1235,1235,SENATOR BARBARA A. MIKULSKI,2012,73,32,block_start
113sdoc22,GPO-CDOC-113sdoc22.pdf,1236,1236,banner,True,1236,1236,SENATOR BARBARA A. MIKULSKI,2013,152,57,block_start
113sdoc22,GPO-CDOC-113sdoc22.pdf,1237,1237,data,True,1236,1236,SENATOR BARBARA A. MIKULSKI,2013,216,70,block_data
113sdoc22,GPO-CDOC-113sdoc22.pdf,1238,1238,data,True,1236,1236,SENATOR BARBARA A. MIKULSKI,2013,137,42,block_data
113sdoc22,GPO-CDOC-113sdoc22.pdf,1239,1239,banner,True,1239,1239,SENATOR BARBARA A. MIKULSKI,2014,154,59,block_start
113sdoc22,GPO-CDOC-113sdoc22.pdf,1240,1240,data,True,1239,1239,SENATOR BARBARA A. MIKULSKI,2014,214,70,block_data
113sdoc22,GPO-CDOC-113sdoc22.pdf,1241,1241,data,True,1239,1239,SENATOR BARBARA A. MIKULSKI,2014,235,69,block_data
113sdoc22,GPO-CDOC-113sdoc22.pdf,1242,1242,data,True,1239,1239,SENATOR BARBARA A. MIKULSKI,2014,224,70,block_data
113sdoc22,GPO-CDOC-113sdoc22.pdf,1243,1243,data,True,1239,1239,SENATOR BARBARA A. MIKULSKI,2014,241,70,block_data
113sdoc22,GPO-CDOC-113sdoc22.pdf,1244,1244,data,True,1239,1239,SENATOR BARBARA A. MIKULSKI,2014,242,70,block_data
113sdoc22,GPO-CDOC-113sdoc22.pdf,1245,1245,data,True,1239,1239,SENATOR BARBARA A. MIKULSKI,2014,233,68,block_data
113sdoc22,GPO-CDOC-113sdoc22.pdf,1246,1246,data,True,1239,1239,SENATOR BARBARA A. MIKULSKI,2014,190,55,block_data
113sdoc22,GPO-CDOC-113sdoc22.pdf,1247,1247,banner,True,1247,1247,SENATOR JERRY MORAN,2012,70,31,block_start
113sdoc22,GPO-CDOC-113sdoc22.pdf,1248,1248,banner,True,1248,1248,SENATOR JERRY MORAN,2013,161,58,block_start
113sdoc22,GPO-CDOC-113sdoc22.pdf,1249,1249,data,True,1248,1248,SENATOR JERRY MORAN,2013,196,69,block_data
113sdoc22,GPO-CDOC-113sdoc22.pdf,1250,1250,data,True,1248,1248,SENATOR JERRY MORAN,2013,131,41,block_data
113sdoc22,GPO-CDOC-113sdoc22.pdf,1251,1251,banner,True,1251,1251,SENATOR JERRY MORAN,2014,154,59,block_start
113sdoc22,GPO-CDOC-113sdoc22.pdf,1252,1252,data,True,1251,1251,SENATOR JERRY MORAN,2014,200,69,block_data
113sdoc22,GPO-CDOC-113sdoc22.pdf,1253,1253,data,True,1251,1251,SENATOR JERRY MORAN,2014,213,68,block_data
113sdoc22,GPO-CDOC-113sdoc22.pdf,1254,1254,data,True,1251,1251,SENATOR JERRY MORAN,2014,219,70,block_data
113sdoc22,GPO-CDOC-113sdoc22.pdf,1255,1255,data,True,1251,1251,SENATOR JERRY MORAN,2014,210,68,block_data
113sdoc22,GPO-CDOC-113sdoc22.pdf,1256,1256,data,True,1251,1251,SENATOR JERRY MORAN,2014,209,68,block_data
113sdoc22,GPO-CDOC-113sdoc22.pdf,1257,1257,data,True,1251,1251,SENATOR JERRY MORAN,2014,218,69,block_data
113sdoc22,GPO-CDOC-113sdoc22.pdf,1258,1258,data,True,1251,1251,SENATOR JERRY MORAN,2014,220,70,block_data
113sdoc22,GPO-CDOC-113sdoc22.pdf,1259,1259,data,True,1251,1251,SENATOR JERRY MORAN,2014,269,62,block_data
113sdoc22,GPO-CDOC-113sdoc22.pdf,1260,1260,banner,True,1260,1260,SENATOR LISA MURKOWSKI,2012,73,32,block_start
113sdoc22,GPO-CDOC-113sdoc22.pdf,1261,1261,banner,True,1261,1261,SENATOR LISA MURKOWSKI,2013,121,46,block_start
113sdoc22,GPO-CDOC-113sdoc22.pdf,1262,1262,data,True,1261,1261,SENATOR LISA MURKOWSKI,2013,189,69,block_data
113sdoc22,GPO-CDOC-113sdoc22.pdf,1263,1263,data,True,1261,1261,SENATOR LISA MURKOWSKI,2013,98,28,block_data
113sdoc22,GPO-CDOC-113sdoc22.pdf,1264,1264,banner,True,1264,1264,SENATOR LISA MURKOWSKI,2014,154,59,block_start
113sdoc22,GPO-CDOC-113sdoc22.pdf,1265,1265,data,True,1264,1264,SENATOR LISA MURKOWSKI,2014,210,71,block_data
113sdoc22,GPO-CDOC-113sdoc22.pdf,1266,1266,data,True,1264,1264,SENATOR LISA MURKOWSKI,2014,204,69,block_data
113sdoc22,GPO-CDOC-113sdoc22.pdf,1267,1267,data,True,1264,1264,SENATOR LISA MURKOWSKI,2014,263,69,block_data
113sdoc22,GPO-CDOC-113sdoc22.pdf,1268,1268,data,True,1264,1264,SENATOR LISA MURKOWSKI,2014,82,24,block_data
113sdoc22,GPO-CDOC-113sdoc22.pdf,1269,1269,banner,True,1269,1269,SENATOR CHRIS MURPHY,2013,152,55,block_start
113sdoc22,GPO-CDOC-113sdoc22.pdf,1270,1270,data,True,1269,1269,SENATOR CHRIS MURPHY,2013,237,66,block_data
113sdoc22,GPO-CDOC-113sdoc22.pdf,1271,1271,banner,True,1271,1271,SENATOR CHRIS MURPHY,2014,154,59,block_start
113sdoc22,GPO-CDOC-113sdoc22.pdf,1272,1272,data,True,1271,1271,SENATOR CHRIS MURPHY,2014,213,68,block_data
113sdoc22,GPO-CDOC-113sdoc22.pdf,1273,1273,data,True,1271,1271,SENATOR CHRIS MURPHY,2014,238,69,block_data
113sdoc22,GPO-CDOC-113sdoc22.pdf,1274,1274,data,True,1271,1271,SENATOR CHRIS MURPHY,2014,217,70,block_data
113sdoc22,GPO-CDOC-113sdoc22.pdf,1275,1275,data,True,1271,1271,SENATOR CHRIS MURPHY,2014,239,69,block_data
113sdoc22,GPO-CDOC-113sdoc22.pdf,1276,1276,data,True,1271,1271,SENATOR CHRIS MURPHY,2014,243,69,block_data
113sdoc22,GPO-CDOC-113sdoc22.pdf,1277,1277,data,True,1271,1271,SENATOR CHRIS MURPHY,2014,139,35,block_data
113sdoc22,GPO-CDOC-113sdoc22.pdf,1278,1278,banner,True,1278,1278,SENATOR PATTY MURRAY,2012,73,32,block_start
113sdoc22,GPO-CDOC-113sdoc22.pdf,1279,1279,banner,True,1279,1279,SENATOR PATTY MURRAY,2013,170,59,block_start
113sdoc22,GPO-CDOC-113sdoc22.pdf,1280,1280,data,True,1279,1279,SENATOR PATTY MURRAY,2013,231,67,block_data
113sdoc22,GPO-CDOC-113sdoc22.pdf,1281,1281,banner,True,1281,1281,SENATOR PATTY MURRAY,2014,154,59,block_start
113sdoc22,GPO-CDOC-113sdoc22.pdf,1282,1282,data,True,1281,1281,SENATOR PATTY MURRAY,2014,209,71,block_data
113sdoc22,GPO-CDOC-113sdoc22.pdf,1283,1283,data,True,1281,1281,SENATOR PATTY MURRAY,2014,244,68,block_data
113sdoc22,GPO-CDOC-113sdoc22.pdf,1284,1284,data,True,1281,1281,SENATOR PATTY MURRAY,2014,234,69,block_data
113sdoc22,GPO-CDOC-113sdoc22.pdf,1285,1285,data,True,1281,1281,SENATOR PATTY MURRAY,2014,228,70,block_data
113sdoc22,GPO-CDOC-113sdoc22.pdf,1286,1286,data,True,1281,1281,SENATOR PATTY MURRAY,2014,230,70,block_data
113sdoc22,GPO-CDOC-113sdoc22.pdf,1287,1287,data,True,1281,1281,SENATOR PATTY MURRAY,2014,226,69,block_data
113sdoc22,GPO-CDOC-113sdoc22.pdf,1288,1288,data,True,1281,1281,SENATOR PATTY MURRAY,2014,262,68,block_data
113sdoc22,GPO-CDOC-113sdoc22.pdf,1289,1289,data,True,1281,1281,SENATOR PATTY MURRAY,2014,20,13,block_data
113sdoc22,GPO-CDOC-113sdoc22.pdf,1290,1290,banner,True,1290,1290,SENATOR BEN NELSON,2012,73,32,block_start
113sdoc22,GPO-CDOC-113sdoc22.pdf,1291,1291,banner,True,1291,1291,SENATOR BEN NELSON,2013,67,29,block_start
113sdoc22,GPO-CDOC-113sdoc22.pdf,1292,1292,banner,True,1292,1292,SENATOR BILL NELSON,2012,73,32,block_start
113sdoc22,GPO-CDOC-113sdoc22.pdf,1293,1293,banner,True,1293,1293,SENATOR BILL NELSON,2013,161,56,block_start
113sdoc22,GPO-CDOC-113sdoc22.pdf,1294,1294,data,True,1293,1293,SENATOR BILL NELSON,2013,234,70,block_data
113sdoc22,GPO-CDOC-113sdoc22.pdf,1295,1295,data,True,1293,1293,SENATOR BILL NELSON,2013,115,32,block_data
113sdoc22,GPO-CDOC-113sdoc22.pdf,1296,1296,banner,True,1296,1296,SENATOR BILL NELSON,2014,149,58,block_start
113sdoc22,GPO-CDOC-113sdoc22.pdf,1297,1297,data,True,1296,1296,SENATOR BILL NELSON,2014,198,68,block_data
113sdoc22,GPO-CDOC-113sdoc22.pdf,1298,1298,data,True,1296,1296,SENATOR BILL NELSON,2014,248,70,block_data
113sdoc22,GPO-CDOC-113sdoc22.pdf,1299,1299,data,True,1296,1296,SENATOR BILL NELSON,2014,235,68,block_data
113sdoc22,GPO-CDOC-113sdoc22.pdf,1300,1300,data,True,1296,1296,SENATOR BILL NELSON,2014,242,69,block_data
113sdoc22,GPO-CDOC-113sdoc22.pdf,1301,1301,data,True,1296,1296,SENATOR BILL NELSON,2014,240,68,block_data
113sdoc22,GPO-CDOC-113sdoc22.pdf,1302,1302,data,True,1296,1296,SENATOR BILL NELSON,2014,239,70,block_data
113sdoc22,GPO-CDOC-113sdoc22.pdf,1303,1303,data,True,1296,1296,SENATOR BILL NELSON,2014,221,69,block_data
113sdoc22,GPO-CDOC-113sdoc22.pdf,1304,1304,data,True,1296,1296,SENATOR BILL NELSON,2014,246,69,block_data
113sdoc22,GPO-CDOC-113sdoc22.pdf,1305,1305,data,True,1296,1296,SENATOR BILL NELSON,2014,243,70,block_data
113sdoc22,GPO-CDOC-113sdoc22.pdf,1306,1306,data,True,1296,1296,SENATOR BILL NELSON,2014,245,69,block_data
113sdoc22,GPO-CDOC-113sdoc22.pdf,1307,1307,data,True,1296,1296,SENATOR BILL NELSON,2014,272,68,block_data
113sdoc22,GPO-CDOC-113sdoc22.pdf,1308,1308,data,True,1296,1296,SENATOR BILL NELSON,2014,56,21,block_data
113sdoc22,GPO-CDOC-113sdoc22.pdf,1309,1309,banner,True,1309,1309,SENATOR RAND PAUL,2012,164,58,block_start
113sdoc22,GPO-CDOC-113sdoc22.pdf,1310,1310,data,True,1309,1309,SENATOR RAND PAUL,2012,28,15,block_data
113sdoc22,GPO-CDOC-113sdoc22.pdf,1311,1311,banner,True,1311,1311,SENATOR RAND PAUL,2013,166,57,block_start
113sdoc22,GPO-CDOC-113sdoc22.pdf,1312,1312,data,True,1311,1311,SENATOR RAND PAUL,2013,226,69,block_data
113sdoc22,GPO-CDOC-113sdoc22.pdf,1313,1313,data,True,1311,1311,SENATOR RAND PAUL,2013,252,69,block_data
113sdoc22,GPO-CDOC-113sdoc22.pdf,1314,1314,data,True,1311,1311,SENATOR RAND PAUL,2013,164,48,block_data
113sdoc22,GPO-CDOC-113sdoc22.pdf,1315,1315,banner,True,1315,1315,SENATOR RAND PAUL,2014,154,58,block_start
113sdoc22,GPO-CDOC-113sdoc22.pdf,1316,1316,data,True,1315,1315,SENATOR RAND PAUL,2014,209,69,block_data
113sdoc22,GPO-CDOC-113sdoc22.pdf,1317,1317,data,True,1315,1315,SENATOR RAND PAUL,2014,235,70,block_data
113sdoc22,GPO-CDOC-113sdoc22.pdf,1318,1318,data,True,1315,1315,SENATOR RAND PAUL,2014,220,67,block_data
113sdoc22,GPO-CDOC-113sdoc22.pdf,1319,1319,data,True,1315,1315,SENATOR RAND PAUL,2014,225,69,block_data
113sdoc22,GPO-CDOC-113sdoc22.pdf,1320,1320,data,True,1315,1315,SENATOR RAND PAUL,2014,254,70,block_data
113sdoc22,GPO-CDOC-113sdoc22.pdf,1321,1321,data,True,1315,1315,SENATOR RAND PAUL,2014,246,70,block_data
113sdoc22,GPO-CDOC-113sdoc22.pdf,1322,1322,data,True,1315,1315,SENATOR RAND PAUL,2014,238,70,block_data
113sdoc22,GPO-CDOC-113sdoc22.pdf,1323,1323,data,True,1315,1315,SENATOR RAND PAUL,2014,238,69,block_data
113sdoc22,GPO-CDOC-113sdoc22.pdf,1324,1324,data,True,1315,1315,SENATOR RAND PAUL,2014,238,68,block_data
113sdoc22,GPO-CDOC-113sdoc22.pdf,1325,1325,data,True,1315,1315,SENATOR RAND PAUL,2014,242,70,block_data
113sdoc22,GPO-CDOC-113sdoc22.pdf,1326,1326,data,True,1315,1315,SENATOR RAND PAUL,2014,238,68,block_data
113sdoc22,GPO-CDOC-113sdoc22.pdf,1327,1327,data,True,1315,1315,SENATOR RAND PAUL,2014,236,69,block_data
113sdoc22,GPO-CDOC-113sdoc22.pdf,1328,1328,data,True,1315,1315,SENATOR RAND PAUL,2014,229,69,block_data
113sdoc22,GPO-CDOC-113sdoc22.pdf,1329,1329,data,True,1315,1315,SENATOR RAND PAUL,2014,247,70,block_data
113sdoc22,GPO-CDOC-113sdoc22.pdf,1330,1330,data,True,1315,1315,SENATOR RAND PAUL,2014,246,69,block_data
113sdoc22,GPO-CDOC-113sdoc22.pdf,1331,1331,data,True,1315,1315,SENATOR RAND PAUL,2014,184,51,block_data
113sdoc22,GPO-CDOC-113sdoc22.pdf,1332,1332,banner,True,1332,1332,SENATOR ROB PORTMAN,2012,70,31,block_start
113sdoc22,GPO-CDOC-113sdoc22.pdf,1333,1333,banner,True,1333,1333,SENATOR ROB PORTMAN,2013,159,57,block_start
113sdoc22,GPO-CDOC-113sdoc22.pdf,1334,1334,data,True,1333,1333,SENATOR ROB PORTMAN,2013,210,68,block_data
113sdoc22,GPO-CDOC-113sdoc22.pdf,1335,1335,data,True,1333,1333,SENATOR ROB PORTMAN,2013,197,68,block_data
113sdoc22,GPO-CDOC-113sdoc22.pdf,1336,1336,data,True,1333,1333,SENATOR ROB PORTMAN,2013,108,38,block_data
113sdoc22,GPO-CDOC-113sdoc22.pdf,1337,1337,banner,True,1337,1337,SENATOR ROB PORTMAN,2014,151,58,block_start
113sdoc22,GPO-CDOC-113sdoc22.pdf,1338,1338,data,True,1337,1337,SENATOR ROB PORTMAN,2014,201,69,block_data
113sdoc22,GPO-CDOC-113sdoc22.pdf,1339,1339,data,True,1337,1337,SENATOR ROB PORTMAN,2014,222,68,block_data
113sdoc22,GPO-CDOC-113sdoc22.pdf,1340,1340,data,True,1337,1337,SENATOR ROB PORTMAN,2014,222,68,block_data
113sdoc22,GPO-CDOC-113sdoc22.pdf,1341,1341,data,True,1337,1337,SENATOR ROB PORTMAN,2014,221,69,block_data
113sdoc22,GPO-CDOC-113sdoc22.pdf,1342,1342,data,True,1337,1337,SENATOR ROB PORTMAN,2014,233,70,block_data
113sdoc22,GPO-CDOC-113sdoc22.pdf,1343,1343,data,True,1337,1337,SENATOR ROB PORTMAN,2014,215,69,block_data
113sdoc22,GPO-CDOC-113sdoc22.pdf,1344,1344,data,True,1337,1337,SENATOR ROB PORTMAN,2014,196,50,block_data
113sdoc22,GPO-CDOC-113sdoc22.pdf,1345,1345,banner,True,1345,1345,SENATOR MARK PRYOR,2012,73,32,block_start
113sdoc22,GPO-CDOC-113sdoc22.pdf,1346,1346,banner,True,1346,1346,SENATOR MARK PRYOR,2013,158,57,block_start
113sdoc22,GPO-CDOC-113sdoc22.pdf,1347,1347,data,True,1346,1346,SENATOR MARK PRYOR,2013,192,53,block_data
113sdoc22,GPO-CDOC-113sdoc22.pdf,1348,1348,banner,True,1348,1348,SENATOR MARK PRYOR,2014,154,59,block_start
113sdoc22,GPO-CDOC-113sdoc22.pdf,1349,1349,data,True,1348,1348,SENATOR MARK PRYOR,2014,215,69,block_data
113sdoc22,GPO-CDOC-113sdoc22.pdf,1350,1350,data,True,1348,1348,SENATOR MARK PRYOR,2014,232,70,block_data
113sdoc22,GPO-CDOC-113sdoc22.pdf,1351,1351,data,True,1348,1348,SENATOR MARK PRYOR,2014,231,70,block_data
113sdoc22,GPO-CDOC-113sdoc22.pdf,1352,1352,data,True,1348,1348,SENATOR MARK PRYOR,2014,237,69,block_data
113sdoc22,GPO-CDOC-113sdoc22.pdf,1353,1353,data,True,1348,1348,SENATOR MARK PRYOR,2014,240,70,block_data
113sdoc22,GPO-CDOC-113sdoc22.pdf,1354,1354,data,True,1348,1348,SENATOR MARK PRYOR,2014,238,69,block_data
113sdoc22,GPO-CDOC-113sdoc22.pdf,1355,1355,data,True,1348,1348,SENATOR MARK PRYOR,2014,119,30,block_data
113sdoc22,GPO-CDOC-113sdoc22.pdf,1356,1356,banner,True,1356,1356,SENATOR JOHN F. REED,2012,73,32,block_start
113sdoc22,GPO-CDOC-113sdoc22.pdf,1357,1357,banner,True,1357,1357,SENATOR JOHN F. REED,2013,173,58,block_start
113sdoc22,GPO-CDOC-113sdoc22.pdf,1358,1358,data,True,1357,1357,SENATOR JOHN F. REED,2013,61,21,block_data
113sdoc22,GPO-CDOC-113sdoc22.pdf,1359,1359,banner,True,1359,1359,SENATOR JOHN F. REED,2014,154,59,block_start
113sdoc22,GPO-CDOC-113sdoc22.pdf,1360,1360,data,True,1359,1359,SENATOR JOHN F. REED,2014,239,70,block_data
113sdoc22,GPO-CDOC-113sdoc22.pdf,1361,1361,data,True,1359,1359,SENATOR JOHN F. REED,2014,280,68,block_data
113sdoc22,GPO-CDOC-113sdoc22.pdf,1362,1362,data,True,1359,1359,SENATOR JOHN F. REED,2014,26,16,block_data
113sdoc22,GPO-CDOC-113sdoc22.pdf,1363,1363,banner,True,1363,1363,SENATOR HARRY REID,2012,110,44,block_start
113sdoc22,GPO-CDOC-113sdoc22.pdf,1364,1364,banner,True,1364,1364,SENATOR HARRY REID,2013,159,57,block_start
113sdoc22,GPO-CDOC-113sdoc22.pdf,1365,1365,data,True,1364,1364,SENATOR HARRY REID,2013,261,69,block_data
113sdoc22,GPO-CDOC-113sdoc22.pdf,1366,1366,data,True,1364,1364,SENATOR HARRY REID,2013,82,24,block_data
113sdoc22,GPO-CDOC-113sdoc22.pdf,1367,1367,banner,True,1367,1367,SENATOR HARRY REID,2014,151,58,block_start
113sdoc22,GPO-CDOC-113sdoc22.pdf,1368,1368,data,True,1367,1367,SENATOR HARRY REID,2014,210,70,block_data
113sdoc22,GPO-CDOC-113sdoc22.pdf,1369,1369,data,True,1367,1367,SENATOR HARRY REID,2014,224,70,block_data
113sdoc22,GPO-CDOC-113sdoc22.pdf,1370,1370,data,True,1367,1367,SENATOR HARRY REID,2014,228,70,block_data
113sdoc22,GPO-CDOC-113sdoc22.pdf,1371,1371,data,True,1367,1367,SENATOR HARRY REID,2014,285,69,block_data
113sdoc22,GPO-CDOC-113sdoc22.pdf,1372,1372,data,True,1367,1367,SENATOR HARRY REID,2014,140,33,block_data
113sdoc22,GPO-CDOC-113sdoc22.pdf,1373,1373,banner,True,1373,1373,SENATOR JAMES E. RISCH,2012,73,32,block_start
113sdoc22,GPO-CDOC-113sdoc22.pdf,1374,1374,banner,True,1374,1374,SENATOR JAMES E. RISCH,2013,162,57,block_start
113sdoc22,GPO-CDOC-113sdoc22.pdf,1375,1375,data,True,1374,1374,SENATOR JAMES E. RISCH,2013,240,69,block_data
113sdoc22,GPO-CDOC-113sdoc22.pdf,1376,1376,data,True,1374,1374,SENATOR JAMES E. RISCH,2013,100,34,block_data
113sdoc22,GPO-CDOC-113sdoc22.pdf,1377,1377,banner,True,1377,1377,SENATOR JAMES E. RISCH,2014,154,59,block_start
113sdoc22,GPO-CDOC-113sdoc22.pdf,1378,1378,data,True,1377,1377,SENATOR JAMES E. RISCH,2014,214,71,block_data
113sdoc22,GPO-CDOC-113sdoc22.pdf,1379,1379,data,True,1377,1377,SENATOR JAMES E. RISCH,2014,239,70,block_data
113sdoc22,GPO-CDOC-113sdoc22.pdf,1380,1380,data,True,1377,1377,SENATOR JAMES E. RISCH,2014,222,67,block_data
113sdoc22,GPO-CDOC-113sdoc22.pdf,1381,1381,data,True,1377,1377,SENATOR JAMES E. RISCH,2014,228,68,block_data
113sdoc22,GPO-CDOC-113sdoc22.pdf,1382,1382,data,True,1377,1377,SENATOR JAMES E. RISCH,2014,230,69,block_data
113sdoc22,GPO-CDOC-113sdoc22.pdf,1383,1383,data,True,1377,1377,SENATOR JAMES E. RISCH,2014,203,54,block_data
113sdoc22,GPO-CDOC-113sdoc22.pdf,1384,1384,banner,True,1384,1384,SENATOR PAT ROBERTS,2012,70,31,block_start
113sdoc22,GPO-CDOC-113sdoc22.pdf,1385,1385,banner,True,1385,1385,SENATOR PAT ROBERTS,2013,151,58,block_start
113sdoc22,GPO-CDOC-113sdoc22.pdf,1386,1386,data,True,1385,1385,SENATOR PAT ROBERTS,2013,141,43,block_data
113sdoc22,GPO-CDOC-113sdoc22.pdf,1387,1387,banner,True,1387,1387,SENATOR PAT ROBERTS,2014,154,59,block_start
113sdoc22,GPO-CDOC-113sdoc22.pdf,1388,1388,data,True,1387,1387,SENATOR PAT ROBERTS,2014,212,69,block_data
113sdoc22,GPO-CDOC-113sdoc22.pdf,1389,1389,data,True,1387,1387,SENATOR PAT ROBERTS,2014,247,70,block_data
113sdoc22,GPO-CDOC-113sdoc22.pdf,1390,1390,data,True,1387,1387,SENATOR PAT ROBERTS,2014,232,69,block_data
113sdoc22,GPO-CDOC-113sdoc22.pdf,1391,1391,data,True,1387,1387,SENATOR PAT ROBERTS,2014,251,68,block_data
113sdoc22,GPO-CDOC-113sdoc22.pdf,1392,1392,data,True,1387,1387,SENATOR PAT ROBERTS,2014,33,17,block_data
113sdoc22,GPO-CDOC-113sdoc22.pdf,1393,1393,banner,True,1393,1393,"SENATOR JOHN D. ROCKEFELLER, IV",2012,73,32,block_start
113sdoc22,GPO-CDOC-113sdoc22.pdf,1394,1394,banner,True,1394,1394,"SENATOR JOHN D. ROCKEFELLER, IV",2013,150,54,block_start
113sdoc22,GPO-CDOC-113sdoc22.pdf,1395,1395,banner,True,1395,1395,"SENATOR JOHN D. ROCKEFELLER, IV",2014,149,58,block_start
113sdoc22,GPO-CDOC-113sdoc22.pdf,1396,1396,data,True,1395,1395,"SENATOR JOHN D. ROCKEFELLER, IV",2014,223,71,block_data
113sdoc22,GPO-CDOC-113sdoc22.pdf,1397,1397,data,True,1395,1395,"SENATOR JOHN D. ROCKEFELLER, IV",2014,245,69,block_data
113sdoc22,GPO-CDOC-113sdoc22.pdf,1398,1398,data,True,1395,1395,"SENATOR JOHN D. ROCKEFELLER, IV",2014,63,22,block_data
113sdoc22,GPO-CDOC-113sdoc22.pdf,1399,1399,banner,True,1399,1399,SENATOR MARCO RUBIO,2012,70,31,block_start
113sdoc22,GPO-CDOC-113sdoc22.pdf,1400,1400,banner,True,1400,1400,SENATOR MARCO RUBIO,2013,172,58,block_start
113sdoc22,GPO-CDOC-113sdoc22.pdf,1401,1401,data,True,1400,1400,SENATOR MARCO RUBIO,2013,235,70,block_data
113sdoc22,GPO-CDOC-113sdoc22.pdf,1402,1402,data,True,1400,1400,SENATOR MARCO RUBIO,2013,55,22,block_data
113sdoc22,GPO-CDOC-113sdoc22.pdf,1403,1403,banner,True,1403,1403,SENATOR MARCO RUBIO,2014,154,59,block_start
113sdoc22,GPO-CDOC-113sdoc22.pdf,1404,1404,data,True,1403,1403,SENATOR MARCO RUBIO,2014,212,68,block_data
113sdoc22,GPO-CDOC-113sdoc22.pdf,1405,1405,data,True,1403,1403,SENATOR MARCO RUBIO,2014,236,69,block_data
113sdoc22,GPO-CDOC-113sdoc22.pdf,1406,1406,data,True,1403,1403,SENATOR MARCO RUBIO,2014,221,70,block_data
113sdoc22,GPO-CDOC-113sdoc22.pdf,1407,1407,data,True,1403,1403,SENATOR MARCO RUBIO,2014,241,70,block_data
113sdoc22,GPO-CDOC-113sdoc22.pdf,1408,1408,data,True,1403,1403,SENATOR MARCO RUBIO,2014,217,68,block_data
113sdoc22,GPO-CDOC-113sdoc22.pdf,1409,1409,data,True,1403,1403,SENATOR MARCO RUBIO,2014,234,69,block_data
113sdoc22,GPO-CDOC-113sdoc22.pdf,1410,1410,data,True,1403,1403,SENATOR MARCO RUBIO,2014,133,39,block_data
113sdoc22,GPO-CDOC-113sdoc22.pdf,1411,1411,banner,True,1411,1411,SENATOR BERNARD SANDERS,2012,73,32,block_start
113sdoc22,GPO-CDOC-113sdoc22.pdf,1412,1412,banner,True,1412,1412,SENATOR BERNARD SANDERS,2013,166,57,block_start
113sdoc22,GPO-CDOC-113sdoc22.pdf,1413,1413,data,True,1412,1412,SENATOR BERNARD SANDERS,2013,248,69,block_data
113sdoc22,GPO-CDOC-113sdoc22.pdf,1414,1414,data,True,1412,1412,SENATOR BERNARD SANDERS,2013,257,69,block_data
113sdoc22,GPO-CDOC-113sdoc22.pdf,1415,1415,data,True,1412,1412,SENATOR BERNARD SANDERS,2013,60,21,block_data
113sdoc22,GPO-CDOC-113sdoc22.pdf,1416,1416,banner,True,1416,1416,SENATOR BERNARD SANDERS,2014,154,59,block_start
113sdoc22,GPO-CDOC-113sdoc22.pdf,1417,1417,data,True,1416,1416,SENATOR BERNARD SANDERS,2014,232,71,block_data
113sdoc22,GPO-CDOC-113sdoc22.pdf,1418,1418,data,True,1416,1416,SENATOR BERNARD SANDERS,2014,255,70,block_data
113sdoc22,GPO-CDOC-113sdoc22.pdf,1419,1419,data,True,1416,1416,SENATOR BERNARD SANDERS,2014,249,69,block_data
113sdoc22,GPO-CDOC-113sdoc22.pdf,1420,1420,data,True,1416,1416,SENATOR BERNARD SANDERS,2014,247,69,block_data
113sdoc22,GPO-CDOC-113sdoc22.pdf,1421,1421,data,True,1416,1416,SENATOR BERNARD SANDERS,2014,243,69,block_data
113sdoc22,GPO-CDOC-113sdoc22.pdf,1422,1422,data,True,1416,1416,SENATOR BERNARD SANDERS,2014,265,70,block_data
113sdoc22,GPO-CDOC-113sdoc22.pdf,1423,1423,data,True,1416,1416,SENATOR BERNARD SANDERS,2014,140,37,block_data
113sdoc22,GPO-CDOC-113sdoc22.pdf,1424,1424,banner,True,1424,1424,SENATOR BRIAN SCHATZ,2013,162,59,block_start
113sdoc22,GPO-CDOC-113sdoc22.pdf,1425,1425,data,True,1424,1424,SENATOR BRIAN SCHATZ,2013,236,42,block_data
113sdoc22,GPO-CDOC-113sdoc22.pdf,1426,1426,banner,True,1426,1426,SENATOR BRIAN SCHATZ,2014,154,59,block_start
113sdoc22,GPO-CDOC-113sdoc22.pdf,1427,1427,data,True,1426,1426,SENATOR BRIAN SCHATZ,2014,214,68,block_data
113sdoc22,GPO-CDOC-113sdoc22.pdf,1428,1428,data,True,1426,1426,SENATOR BRIAN SCHATZ,2014,213,67,block_data
113sdoc22,GPO-CDOC-113sdoc22.pdf,1429,1429,data,True,1426,1426,SENATOR BRIAN SCHATZ,2014,252,69,block_data
113sdoc22,GPO-CDOC-113sdoc22.pdf,1430,1430,data,True,1426,1426,SENATOR BRIAN SCHATZ,2014,75,23,block_data
113sdoc22,GPO-CDOC-113sdoc22.pdf,1431,1431,banner,True,1431,1431,SENATOR CHARLES E. SCHUMER,2012,73,32,block_start
113sdoc22,GPO-CDOC-113sdoc22.pdf,1432,1432,banner,True,1432,1432,SENATOR CHARLES E. SCHUMER,2013,141,56,block_start
113sdoc22,GPO-CDOC-113sdoc22.pdf,1433,1433,data,True,1432,1432,SENATOR CHARLES E. SCHUMER,2013,253,70,block_data
113sdoc22,GPO-CDOC-113sdoc22.pdf,1434,1434,data,True,1432,1432,SENATOR CHARLES E. SCHUMER,2013,181,50,block_data
113sdoc22,GPO-CDOC-113sdoc22.pdf,1435,1435,banner,True,1435,1435,SENATOR CHARLES E. SCHUMER,2014,149,58,block_start
113sdoc22,GPO-CDOC-113sdoc22.pdf,1436,1436,data,True,1435,1435,SENATOR CHARLES E. SCHUMER,2014,212,68,block_data
113sdoc22,GPO-CDOC-113sdoc22.pdf,1437,1437,data,True,1435,1435,SENATOR CHARLES E. SCHUMER,2014,244,70,block_data
113sdoc22,GPO-CDOC-113sdoc22.pdf,1438,1438,data,True,1435,1435,SENATOR CHARLES E. SCHUMER,2014,241,69,block_data
113sdoc22,GPO-CDOC-113sdoc22.pdf,1439,1439,data,True,1435,1435,SENATOR CHARLES E. SCHUMER,2014,216,69,block_data
113sdoc22,GPO-CDOC-113sdoc22.pdf,1440,1440,data,True,1435,1435,SENATOR CHARLES E. SCHUMER,2014,235,69,block_data
113sdoc22,GPO-CDOC-113sdoc22.pdf,1441,1441,data,True,1435,1435,SENATOR CHARLES E. SCHUMER,2014,237,69,block_data
113sdoc22,GPO-CDOC-113sdoc22.pdf,1442,1442,data,True,1435,1435,SENATOR CHARLES E. SCHUMER,2014,254,70,block_data
113sdoc22,GPO-CDOC-113sdoc22.pdf,1443,1443,data,True,1435,1435,SENATOR CHARLES E. SCHUMER,2014,242,68,block_data
113sdoc22,GPO-CDOC-113sdoc22.pdf,1444,1444,data,True,1435,1435,SENATOR CHARLES E. SCHUMER,2014,204,69,block_data
113sdoc22,GPO-CDOC-113sdoc22.pdf,1445,1445,data,True,1435,1435,SENATOR CHARLES E. SCHUMER,2014,243,69,block_data
113sdoc22,GPO-CDOC-113sdoc22.pdf,1446,1446,data,True,1435,1435,SENATOR CHARLES E. SCHUMER,2014,232,69,block_data
113sdoc22,GPO-CDOC-113sdoc22.pdf,1447,1447,data,True,1435,1435,SENATOR CHARLES E. SCHUMER,2014,250,70,block_data
113sdoc22,GPO-CDOC-113sdoc22.pdf,1448,1448,data,True,1435,1435,SENATOR CHARLES E. SCHUMER,2014,277,63,block_data
113sdoc22,GPO-CDOC-113sdoc22.pdf,1449,1449,banner,True,1449,1449,SENATOR TIM SCOTT,2013,146,56,block_start
113sdoc22,GPO-CDOC-113sdoc22.pdf,1450,1450,data,True,1449,1449,SENATOR TIM SCOTT,2013,213,68,block_data
113sdoc22,GPO-CDOC-113sdoc22.pdf,1451,1451,data,True,1449,1449,SENATOR TIM SCOTT,2013,22,14,block_data
113sdoc22,GPO-CDOC-113sdoc22.pdf,1452,1452,banner,True,1452,1452,SENATOR TIM SCOTT,2014,154,59,block_start
113sdoc22,GPO-CDOC-113sdoc22.pdf,1453,1453,data,True,1452,1452,SENATOR TIM SCOTT,2014,196,68,block_data
113sdoc22,GPO-CDOC-113sdoc22.pdf,1454,1454,data,True,1452,1452,SENATOR TIM SCOTT,2014,207,70,block_data
113sdoc22,GPO-CDOC-113sdoc22.pdf,1455,1455,data,True,1452,1452,SENATOR TIM SCOTT,2014,208,67,block_data
113sdoc22,GPO-CDOC-113sdoc22.pdf,1456,1456,data,True,1452,1452,SENATOR TIM SCOTT,2014,235,70,block_data
113sdoc22,GPO-CDOC-113sdoc22.pdf,1457,1457,data,True,1452,1452,SENATOR TIM SCOTT,2014,233,68,block_data
113sdoc22,GPO-CDOC-113sdoc22.pdf,1458,1458,data,True,1452,1452,SENATOR TIM SCOTT,2014,33,17,block_data
113sdoc22,GPO-CDOC-113sdoc22.pdf,1459,1459,banner,True,1459,1459,"SENATOR JEFFERSON B. SESSIONS, III",2012,70,31,block_start
113sdoc22,GPO-CDOC-113sdoc22.pdf,1460,1460,banner,True,1460,1460,"SENATOR JEFFERSON B. SESSIONS, III",2013,167,56,block_start
113sdoc22,GPO-CDOC-113sdoc22.pdf,1461,1461,banner,True,1461,1461,"SENATOR JEFFERSON B. SESSIONS, III",2014,154,59,block_start
113sdoc22,GPO-CDOC-113sdoc22.pdf,1462,1462,data,True,1461,1461,"SENATOR JEFFERSON B. SESSIONS, III",2014,209,70,block_data
113sdoc22,GPO-CDOC-113sdoc22.pdf,1463,1463,data,True,1461,1461,"SENATOR JEFFERSON B. SESSIONS, III",2014,219,68,block_data
113sdoc22,GPO-CDOC-113sdoc22.pdf,1464,1464,data,True,1461,1461,"SENATOR JEFFERSON B. SESSIONS, III",2014,220,69,block_data
113sdoc22,GPO-CDOC-113sdoc22.pdf,1465,1465,data,True,1461,1461,"SENATOR JEFFERSON B. SESSIONS, III",2014,247,69,block_data
113sdoc22,GPO-CDOC-113sdoc22.pdf,1466,1466,data,True,1461,1461,"SENATOR JEFFERSON B. SESSIONS, III",2014,61,21,block_data
113sdoc22,GPO-CDOC-113sdoc22.pdf,1467,1467,banner,True,1467,1467,SENATOR JEANNE SHAHEEN,2012,83,35,block_start
113sdoc22,GPO-CDOC-113sdoc22.pdf,1468,1468,banner,True,1468,1468,SENATOR JEANNE SHAHEEN,2013,175,58,block_start
113sdoc22,GPO-CDOC-113sdoc22.pdf,1469,1469,data,True,1468,1468,SENATOR JEANNE SHAHEEN,2013,257,69,block_data
113sdoc22,GPO-CDOC-113sdoc22.pdf,1470,1470,data,True,1468,1468,SENATOR JEANNE SHAHEEN,2013,128,39,block_data
113sdoc22,GPO-CDOC-113sdoc22.pdf,1471,1471,banner,True,1471,1471,SENATOR JEANNE SHAHEEN,2014,154,59,block_start
113sdoc22,GPO-CDOC-113sdoc22.pdf,1472,1472,data,True,1471,1471,SENATOR JEANNE SHAHEEN,2014,237,70,block_data
113sdoc22,GPO-CDOC-113sdoc22.pdf,1473,1473,data,True,1471,1471,SENATOR JEANNE SHAHEEN,2014,257,69,block_data
113sdoc22,GPO-CDOC-113sdoc22.pdf,1474,1474,data,True,1471,1471,SENATOR JEANNE SHAHEEN,2014,258,70,block_data
113sdoc22,GPO-CDOC-113sdoc22.pdf,1475,1475,data,True,1471,1471,SENATOR JEANNE SHAHEEN,2014,257,69,block_data
113sdoc22,GPO-CDOC-113sdoc22.pdf,1476,1476,data,True,1471,1471,SENATOR JEANNE SHAHEEN,2014,264,70,block_data
113sdoc22,GPO-CDOC-113sdoc22.pdf,1477,1477,data,True,1471,1471,SENATOR JEANNE SHAHEEN,2014,253,70,block_data
113sdoc22,GPO-CDOC-113sdoc22.pdf,1478,1478,data,True,1471,1471,SENATOR JEANNE SHAHEEN,2014,266,68,block_data
113sdoc22,GPO-CDOC-113sdoc22.pdf,1479,1479,data,True,1471,1471,SENATOR JEANNE SHAHEEN,2014,20,13,block_data
113sdoc22,GPO-CDOC-113sdoc22.pdf,1480,1480,banner,True,1480,1480,SENATOR RICHARD C. SHELBY,2012,70,31,block_start
113sdoc22,GPO-CDOC-113sdoc22.pdf,1481,1481,banner,True,1481,1481,SENATOR RICHARD C. SHELBY,2013,102,40,block_start
113sdoc22,GPO-CDOC-113sdoc22.pdf,1482,1482,banner,True,1482,1482,SENATOR RICHARD C. SHELBY,2014,148,56,block_start
113sdoc22,GPO-CDOC-113sdoc22.pdf,1483,1483,data,True,1482,1482,SENATOR RICHARD C. SHELBY,2014,259,70,block_data
113sdoc22,GPO-CDOC-113sdoc22.pdf,1484,1484,data,True,1482,1482,SENATOR RICHARD C. SHELBY,2014,222,68,block_data
113sdoc22,GPO-CDOC-113sdoc22.pdf,1485,1485,data,True,1482,1482,SENATOR RICHARD C. SHELBY,2014,80,23,block_data
113sdoc22,GPO-CDOC-113sdoc22.pdf,1486,1486,banner,True,1486,1486,SENATOR OLYMPIA J. SNOWE,2012,73,32,block_start
113sdoc22,GPO-CDOC-113sdoc22.pdf,1487,1487,banner,True,1487,1487,SENATOR OLYMPIA J. SNOWE,2013,73,32,block_start
113sdoc22,GPO-CDOC-113sdoc22.pdf,1488,1488,banner,True,1488,1488,SENATOR DEBBIE A. STABENOW,2012,73,32,block_start
113sdoc22,GPO-CDOC-113sdoc22.pdf,1489,1489,banner,True,1489,1489,SENATOR DEBBIE A. STABENOW,2013,155,58,block_start
113sdoc22,GPO-CDOC-113sdoc22.pdf,1490,1490,data,True,1489,1489,SENATOR DEBBIE A. STABENOW,2013,126,41,block_data
113sdoc22,GPO-CDOC-113sdoc22.pdf,1491,1491,banner,True,1491,1491,SENATOR DEBBIE A. STABENOW,2014,154,59,block_start
113sdoc22,GPO-CDOC-113sdoc22.pdf,1492,1492,data,True,1491,1491,SENATOR DEBBIE A. STABENOW,2014,209,67,block_data
113sdoc22,GPO-CDOC-113sdoc22.pdf,1493,1493,data,True,1491,1491,SENATOR DEBBIE A. STABENOW,2014,225,70,block_data
113sdoc22,GPO-CDOC-113sdoc22.pdf,1494,1494,data,True,1491,1491,SENATOR DEBBIE A. STABENOW,2014,217,69,block_data
113sdoc22,GPO-CDOC-113sdoc22.pdf,1495,1495,data,True,1491,1491,SENATOR DEBBIE A. STABENOW,2014,163,41,block_data
113sdoc22,GPO-CDOC-113sdoc22.pdf,1496,1496,banner,True,1496,1496,SENATOR JON TESTER,2012,73,32,block_start
113sdoc22,GPO-CDOC-113sdoc22.pdf,1497,1497,banner,True,1497,1497,SENATOR JON TESTER,2013,162,58,block_start
113sdoc22,GPO-CDOC-113sdoc22.pdf,1498,1498,data,True,1497,1497,SENATOR JON TESTER,2013,265,68,block_data
113sdoc22,GPO-CDOC-113sdoc22.pdf,1499,1499,data,True,1497,1497,SENATOR JON TESTER,2013,29,15,block_data
113sdoc22,GPO-CDOC-113sdoc22.pdf,1500,1500,banner,True,1500,1500,SENATOR JON TESTER,2014,154,59,block_start
113sdoc22,GPO-CDOC-113sdoc22.pdf,1501,1501,data,True,1500,1500,SENATOR JON TESTER,2014,214,70,block_data
113sdoc22,GPO-CDOC-113sdoc22.pdf,1502,1502,data,True,1500,1500,SENATOR JON TESTER,2014,224,69,block_data
113sdoc22,GPO-CDOC-113sdoc22.pdf,1503,1503,data,True,1500,1500,SENATOR JON TESTER,2014,232,70,block_data
113sdoc22,GPO-CDOC-113sdoc22.pdf,1504,1504,data,True,1500,1500,SENATOR JON TESTER,2014,225,69,block_data
113sdoc22,GPO-CDOC-113sdoc22.pdf,1505,1505,data,True,1500,1500,SENATOR JON TESTER,2014,227,68,block_data
113sdoc22,GPO-CDOC-113sdoc22.pdf,1506,1506,data,True,1500,1500,SENATOR JON TESTER,2014,219,69,block_data
113sdoc22,GPO-CDOC-113sdoc22.pdf,1507,1507,data,True,1500,1500,SENATOR JON TESTER,2014,238,58,block_data
113sdoc22,GPO-CDOC-113sdoc22.pdf,1508,1508,banner,True,1508,1508,SENATOR JOHN R. THUNE,2012,73,32,block_start
113sdoc22,GPO-CDOC-113sdoc22.pdf,1509,1509,banner,True,1509,1509,SENATOR JOHN R. THUNE,2013,150,55,block_start
113sdoc22,GPO-CDOC-113sdoc22.pdf,1510,1510,data,True,1509,1509,SENATOR JOHN R. THUNE,2013,247,70,block_data
113sdoc22,GPO-CDOC-113sdoc22.pdf,1511,1511,data,True,1509,1509,SENATOR JOHN R. THUNE,2013,116,33,block_data
113sdoc22,GPO-CDOC-113sdoc22.pdf,1512,1512,banner,True,1512,1512,SENATOR JOHN R. THUNE,2014,154,58,block_start
113sdoc22,GPO-CDOC-113sdoc22.pdf,1513,1513,data,True,1512,1512,SENATOR JOHN R. THUNE,2014,229,71,block_data
113sdoc22,GPO-CDOC-113sdoc22.pdf,1514,1514,data,True,1512,1512,SENATOR JOHN R. THUNE,2014,252,70,block_data
113sdoc22,GPO-CDOC-113sdoc22.pdf,1515,1515,data,True,1512,1512,SENATOR JOHN R. THUNE,2014,246,69,block_data
113sdoc22,GPO-CDOC-113sdoc22.pdf,1516,1516,data,True,1512,1512,SENATOR JOHN R. THUNE,2014,228,60,block_data
113sdoc22,GPO-CDOC-113sdoc22.pdf,1517,1517,banner,True,1517,1517,SENATOR PATRICK J.TOOMEY,2012,77,34,block_start
113sdoc22,GPO-CDOC-113sdoc22.pdf,1518,1518,banner,True,1518,1518,SENATOR PATRICK J.TOOMEY,2013,169,58,block_start
113sdoc22,GPO-CDOC-113sdoc22.pdf,1519,1519,data,True,1518,1518,SENATOR PATRICK J.TOOMEY,2013,255,70,block_data
113sdoc22,GPO-CDOC-113sdoc22.pdf,1520,1520,data,True,1518,1518,SENATOR PATRICK J.TOOMEY,2013,251,70,block_data
113sdoc22,GPO-CDOC-113sdoc22.pdf,1521,1521,data,True,1518,1518,SENATOR PATRICK J.TOOMEY,2013,148,37,block_data
113sdoc22,GPO-CDOC-113sdoc22.pdf,1522,1522,banner,True,1522,1522,SENATOR PATRICK J.TOOMEY,2014,151,58,block_start
113sdoc22,GPO-CDOC-113sdoc22.pdf,1523,1523,data,True,1522,1522,SENATOR PATRICK J.TOOMEY,2014,218,67,block_data
113sdoc22,GPO-CDOC-113sdoc22.pdf,1524,1524,data,True,1522,1522,SENATOR PATRICK J.TOOMEY,2014,249,69,block_data
113sdoc22,GPO-CDOC-113sdoc22.pdf,1525,1525,data,True,1522,1522,SENATOR PATRICK J.TOOMEY,2014,249,69,block_data
113sdoc22,GPO-CDOC-113sdoc22.pdf,1526,1526,data,True,1522,1522,SENATOR PATRICK J.TOOMEY,2014,238,69,block_data
113sdoc22,GPO-CDOC-113sdoc22.pdf,1527,1527,data,True,1522,1522,SENATOR PATRICK J.TOOMEY,2014,245,70,block_data
113sdoc22,GPO-CDOC-113sdoc22.pdf,1528,1528,data,True,1522,1522,SENATOR PATRICK J.TOOMEY,2014,243,70,block_data
113sdoc22,GPO-CDOC-113sdoc22.pdf,1529,1529,data,True,1522,1522,SENATOR PATRICK J.TOOMEY,2014,255,70,block_data
113sdoc22,GPO-CDOC-113sdoc22.pdf,1530,1530,data,True,1522,1522,SENATOR PATRICK J.TOOMEY,2014,236,69,block_data
113sdoc22,GPO-CDOC-113sdoc22.pdf,1531,1531,data,True,1522,1522,SENATOR PATRICK J.TOOMEY,2014,258,69,block_data
113sdoc22,GPO-CDOC-113sdoc22.pdf,1532,1532,data,True,1522,1522,SENATOR PATRICK J.TOOMEY,2014,231,61,block_data
113sdoc22,GPO-CDOC-113sdoc22.pdf,1533,1533,banner,True,1533,1533,SENATOR MARK UDALL (CO),2012,73,32,block_start
113sdoc22,GPO-CDOC-113sdoc22.pdf,1534,1534,banner,True,1534,1534,SENATOR MARK UDALL (CO),2013,153,55,block_start
113sdoc22,GPO-CDOC-113sdoc22.pdf,1535,1535,data,True,1534,1534,SENATOR MARK UDALL (CO),2013,214,69,block_data
113sdoc22,GPO-CDOC-113sdoc22.pdf,1536,1536,data,True,1534,1534,SENATOR MARK UDALL (CO),2013,43,17,block_data
113sdoc22,GPO-CDOC-113sdoc22.pdf,1537,1537,banner,True,1537,1537,SENATOR MARK UDALL (CO),2014,154,59,block_start
113sdoc22,GPO-CDOC-113sdoc22.pdf,1538,1538,data,True,1537,1537,SENATOR MARK UDALL (CO),2014,213,70,block_data
113sdoc22,GPO-CDOC-113sdoc22.pdf,1539,1539,data,True,1537,1537,SENATOR MARK UDALL (CO),2014,241,70,block_data
113sdoc22,GPO-CDOC-113sdoc22.pdf,1540,1540,data,True,1537,1537,SENATOR MARK UDALL (CO),2014,220,69,block_data
113sdoc22,GPO-CDOC-113sdoc22.pdf,1541,1541,data,True,1537,1537,SENATOR MARK UDALL (CO),2014,238,69,block_data
113sdoc22,GPO-CDOC-113sdoc22.pdf,1542,1542,data,True,1537,1537,SENATOR MARK UDALL (CO),2014,249,70,block_data
113sdoc22,GPO-CDOC-113sdoc22.pdf,1543,1543,data,True,1537,1537,SENATOR MARK UDALL (CO),2014,222,69,block_data
113sdoc22,GPO-CDOC-113sdoc22.pdf,1544,1544,data,True,1537,1537,SENATOR MARK UDALL (CO),2014,247,56,block_data
113sdoc22,GPO-CDOC-113sdoc22.pdf,1545,1545,banner,True,1545,1545,SENATOR TOM UDALL (NM),2012,70,31,block_start
113sdoc22,GPO-CDOC-113sdoc22.pdf,1546,1546,banner,True,1546,1546,SENATOR TOM UDALL (NM),2013,174,59,block_start
113sdoc22,GPO-CDOC-113sdoc22.pdf,1547,1547,data,True,1546,1546,SENATOR TOM UDALL (NM),2013,229,70,block_data
113sdoc22,GPO-CDOC-113sdoc22.pdf,1548,1548,data,True,1546,1546,SENATOR TOM UDALL (NM),2013,82,28,block_data
113sdoc22,GPO-CDOC-113sdoc22.pdf,1549,1549,banner,True,1549,1549,SENATOR TOM UDALL (NM),2014,154,59,block_start
113sdoc22,GPO-CDOC-113sdoc22.pdf,1550,1550,data,True,1549,1549,SENATOR TOM UDALL (NM),2014,223,70,block_data
113sdoc22,GPO-CDOC-113sdoc22.pdf,1551,1551,data,True,1549,1549,SENATOR TOM UDALL (NM),2014,225,68,block_data
113sdoc22,GPO-CDOC-113sdoc22.pdf,1552,1552,data,True,1549,1549,SENATOR TOM UDALL (NM),2014,233,68,block_data
113sdoc22,GPO-CDOC-113sdoc22.pdf,1553,1553,data,True,1549,1549,SENATOR TOM UDALL (NM),2014,227,69,block_data
113sdoc22,GPO-CDOC-113sdoc22.pdf,1554,1554,data,True,1549,1549,SENATOR TOM UDALL (NM),2014,242,70,block_data
113sdoc22,GPO-CDOC-113sdoc22.pdf,1555,1555,data,True,1549,1549,SENATOR TOM UDALL (NM),2014,225,67,block_data
113sdoc22,GPO-CDOC-113sdoc22.pdf,1556,1556,data,True,1549,1549,SENATOR TOM UDALL (NM),2014,237,70,block_data
113sdoc22,GPO-CDOC-113sdoc22.pdf,1557,1557,data,True,1549,1549,SENATOR TOM UDALL (NM),2014,237,70,block_data
113sdoc22,GPO-CDOC-113sdoc22.pdf,1558,1558,data,True,1549,1549,SENATOR TOM UDALL (NM),2014,244,70,block_data
113sdoc22,GPO-CDOC-113sdoc22.pdf,1559,1559,data,True,1549,1549,SENATOR TOM UDALL (NM),2014,238,58,block_data
113sdoc22,GPO-CDOC-113sdoc22.pdf,1560,1560,banner,True,1560,1560,SENATOR DAVID VITTER,2012,83,35,block_start
113sdoc22,GPO-CDOC-113sdoc22.pdf,1561,1561,banner,True,1561,1561,SENATOR DAVID VITTER,2013,165,58,block_start
113sdoc22,GPO-CDOC-113sdoc22.pdf,1562,1562,data,True,1561,1561,SENATOR DAVID VITTER,2013,99,34,block_data
113sdoc22,GPO-CDOC-113sdoc22.pdf,1563,1563,banner,True,1563,1563,SENATOR DAVID VITTER,2014,154,58,block_start
113sdoc22,GPO-CDOC-113sdoc22.pdf,1564,1564,data,True,1563,1563,SENATOR DAVID VITTER,2014,216,69,block_data
113sdoc22,GPO-CDOC-113sdoc22.pdf,1565,1565,data,True,1563,1563,SENATOR DAVID VITTER,2014,240,70,block_data
113sdoc22,GPO-CDOC-113sdoc22.pdf,1566,1566,data,True,1563,1563,SENATOR DAVID VITTER,2014,236,68,block_data
113sdoc22,GPO-CDOC-113sdoc22.pdf,1567,1567,data,True,1563,1563,SENATOR DAVID VITTER,2014,233,70,block_data
113sdoc22,GPO-CDOC-113sdoc22.pdf,1568,1568,data,True,1563,1563,SENATOR DAVID VITTER,2014,219,68,block_data
113sdoc22,GPO-CDOC-113sdoc22.pdf,1569,1569,data,True,1563,1563,SENATOR DAVID VITTER,2014,231,69,block_data
113sdoc22,GPO-CDOC-113sdoc22.pdf,1570,1570,data,True,1563,1563,SENATOR DAVID VITTER,2014,227,70,block_data
113sdoc22,GPO-CDOC-113sdoc22.pdf,1571,1571,data,True,1563,1563,SENATOR DAVID VITTER,2014,200,53,block_data
113sdoc22,GPO-CDOC-113sdoc22.pdf,1572,1572,banner,True,1572,1572,SENATOR JOHN WALSH,2014,151,57,block_start
113sdoc22,GPO-CDOC-113sdoc22.pdf,1573,1573,data,True,1572,1572,SENATOR JOHN WALSH,2014,71,29,block_data
113sdoc22,GPO-CDOC-113sdoc22.pdf,1574,1574,banner,True,1574,1574,SENATOR MARK WARNER,2012,70,31,block_start
113sdoc22,GPO-CDOC-113sdoc22.pdf,1575,1575,banner,True,1575,1575,SENATOR MARK WARNER,2013,157,56,block_start
113sdoc22,GPO-CDOC-113sdoc22.pdf,1576,1576,data,True,1575,1575,SENATOR MARK WARNER,2013,222,68,block_data
113sdoc22,GPO-CDOC-113sdoc22.pdf,1577,1577,data,True,1575,1575,SENATOR MARK WARNER,2013,223,68,block_data
113sdoc22,GPO-CDOC-113sdoc22.pdf,1578,1578,data,True,1575,1575,SENATOR MARK WARNER,2013,67,25,block_data
113sdoc22,GPO-CDOC-113sdoc22.pdf,1579,1579,banner,True,1579,1579,SENATOR MARK WARNER,2014,148,56,block_start
113sdoc22,GPO-CDOC-113sdoc22.pdf,1580,1580,data,True,1579,1579,SENATOR MARK WARNER,2014,209,67,block_data
113sdoc22,GPO-CDOC-113sdoc22.pdf,1581,1581,data,True,1579,1579,SENATOR MARK WARNER,2014,226,69,block_data
113sdoc22,GPO-CDOC-113sdoc22.pdf,1582,1582,data,True,1579,1579,SENATOR MARK WARNER,2014,220,68,block_data
113sdoc22,GPO-CDOC-113sdoc22.pdf,1583,1583,data,True,1579,1579,SENATOR MARK WARNER,2014,227,68,block_data
113sdoc22,GPO-CDOC-113sdoc22.pdf,1584,1584,data,True,1579,1579,SENATOR MARK WARNER,2014,241,69,block_data
113sdoc22,GPO-CDOC-113sdoc22.pdf,1585,1585,data,True,1579,1579,SENATOR MARK WARNER,2014,229,67,block_data
113sdoc22,GPO-CDOC-113sdoc22.pdf,1586,1586,data,True,1579,1579,SENATOR MARK WARNER,2014,215,69,block_data
113sdoc22,GPO-CDOC-113sdoc22.pdf,1587,1587,data,True,1579,1579,SENATOR MARK WARNER,2014,225,70,block_data
113sdoc22,GPO-CDOC-113sdoc22.pdf,1588,1588,data,True,1579,1579,SENATOR MARK WARNER,2014,240,70,block_data
113sdoc22,GPO-CDOC-113sdoc22.pdf,1589,1589,data,True,1579,1579,SENATOR MARK WARNER,2014,145,35,block_data
113sdoc22,GPO-CDOC-113sdoc22.pdf,1590,1590,banner,True,1590,1590,SENATOR ELIZABETH WARREN,2013,176,59,block_start
113sdoc22,GPO-CDOC-113sdoc22.pdf,1591,1591,data,True,1590,1590,SENATOR ELIZABETH WARREN,2013,239,70,block_data
113sdoc22,GPO-CDOC-113sdoc22.pdf,1592,1592,data,True,1590,1590,SENATOR ELIZABETH WARREN,2013,129,34,block_data
113sdoc22,GPO-CDOC-113sdoc22.pdf,1593,1593,banner,True,1593,1593,SENATOR ELIZABETH WARREN,2014,155,59,block_start
113sdoc22,GPO-CDOC-113sdoc22.pdf,1594,1594,data,True,1593,1593,SENATOR ELIZABETH WARREN,2014,207,70,block_data
113sdoc22,GPO-CDOC-113sdoc22.pdf,1595,1595,data,True,1593,1593,SENATOR ELIZABETH WARREN,2014,244,70,block_data
113sdoc22,GPO-CDOC-113sdoc22.pdf,1596,1596,data,True,1593,1593,SENATOR ELIZABETH WARREN,2014,252,69,block_data
113sdoc22,GPO-CDOC-113sdoc22.pdf,1597,1597,data,True,1593,1593,SENATOR ELIZABETH WARREN,2014,288,69,block_data
113sdoc22,GPO-CDOC-113sdoc22.pdf,1598,1598,data,True,1593,1593,SENATOR ELIZABETH WARREN,2014,70,23,block_data
113sdoc22,GPO-CDOC-113sdoc22.pdf,1599,1599,banner,True,1599,1599,SENATOR JIM WEBB,2012,70,31,block_start
113sdoc22,GPO-CDOC-113sdoc22.pdf,1600,1600,banner,True,1600,1600,SENATOR JIM WEBB,2013,70,31,block_start
113sdoc22,GPO-CDOC-113sdoc22.pdf,1601,1601,banner,True,1601,1601,SENATOR SHELDON WHITEHOUSE,2012,76,32,block_start
113sdoc22,GPO-CDOC-113sdoc22.pdf,1602,1602,banner,True,1602,1602,SENATOR SHELDON WHITEHOUSE,2013,177,58,block_start
113sdoc22,GPO-CDOC-113sdoc22.pdf,1603,1603,data,True,1602,1602,SENATOR SHELDON WHITEHOUSE,2013,260,70,block_data
113sdoc22,GPO-CDOC-113sdoc22.pdf,1604,1604,data,True,1602,1602,SENATOR SHELDON WHITEHOUSE,2013,263,68,block_data
113sdoc22,GPO-CDOC-113sdoc22.pdf,1605,1605,data,True,1602,1602,SENATOR SHELDON WHITEHOUSE,2013,24,15,block_data
113sdoc22,GPO-CDOC-113sdoc22.pdf,1606,1606,banner,True,1606,1606,SENATOR SHELDON WHITEHOUSE,2014,154,58,block_start
113sdoc22,GPO-CDOC-113sdoc22.pdf,1607,1607,data,True,1606,1606,SENATOR SHELDON WHITEHOUSE,2014,229,70,block_data
113sdoc22,GPO-CDOC-113sdoc22.pdf,1608,1608,data,True,1606,1606,SENATOR SHELDON WHITEHOUSE,2014,258,70,block_data
113sdoc22,GPO-CDOC-113sdoc22.pdf,1609,1609,data,True,1606,1606,SENATOR SHELDON WHITEHOUSE,2014,248,70,block_data
113sdoc22,GPO-CDOC-113sdoc22.pdf,1610,1610,data,True,1606,1606,SENATOR SHELDON WHITEHOUSE,2014,246,69,block_data
113sdoc22,GPO-CDOC-113sdoc22.pdf,1611,1611,data,True,1606,1606,SENATOR SHELDON WHITEHOUSE,2014,243,67,block_data
113sdoc22,GPO-CDOC-113sdoc22.pdf,1612,1612,data,True,1606,1606,SENATOR SHELDON WHITEHOUSE,2014,243,69,block_data
113sdoc22,GPO-CDOC-113sdoc22.pdf,1613,1613,data,True,1606,1606,SENATOR SHELDON WHITEHOUSE,2014,249,57,block_data
113sdoc22,GPO-CDOC-113sdoc22.pdf,1614,1614,banner,True,1614,1614,SENATOR ROGER WICKER,2012,70,31,block_start
113sdoc22,GPO-CDOC-113sdoc22.pdf,1615,1615,banner,True,1615,1615,SENATOR ROGER WICKER,2013,164,56,block_start
113sdoc22,GPO-CDOC-113sdoc22.pdf,1616,1616,data,True,1615,1615,SENATOR ROGER WICKER,2013,242,69,block_data
113sdoc22,GPO-CDOC-113sdoc22.pdf,1617,1617,data,True,1615,1615,SENATOR ROGER WICKER,2013,80,28,block_data
113sdoc22,GPO-CDOC-113sdoc22.pdf,1618,1618,banner,True,1618,1618,SENATOR ROGER WICKER,2014,154,58,block_start
113sdoc22,GPO-CDOC-113sdoc22.pdf,1619,1619,data,True,1618,1618,SENATOR ROGER WICKER,2014,225,70,block_data
113sdoc22,GPO-CDOC-113sdoc22.pdf,1620,1620,data,True,1618,1618,SENATOR ROGER WICKER,2014,244,70,block_data
113sdoc22,GPO-CDOC-113sdoc22.pdf,1621,1621,data,True,1618,1618,SENATOR ROGER WICKER,2014,247,70,block_data
113sdoc22,GPO-CDOC-113sdoc22.pdf,1622,1622,data,True,1618,1618,SENATOR ROGER WICKER,2014,228,68,block_data
113sdoc22,GPO-CDOC-113sdoc22.pdf,1623,1623,data,True,1618,1618,SENATOR ROGER WICKER,2014,240,69,block_data
113sdoc22,GPO-CDOC-113sdoc22.pdf,1624,1624,data,True,1618,1618,SENATOR ROGER WICKER,2014,242,70,block_data
113sdoc22,GPO-CDOC-113sdoc22.pdf,1625,1625,data,True,1618,1618,SENATOR ROGER WICKER,2014,247,68,block_data
113sdoc22,GPO-CDOC-113sdoc22.pdf,1626,1626,data,True,1618,1618,SENATOR ROGER WICKER,2014,171,46,block_data
113sdoc22,GPO-CDOC-113sdoc22.pdf,1627,1627,banner,True,1627,1627,SENATOR RON WYDEN,2012,73,32,block_start
113sdoc22,GPO-CDOC-113sdoc22.pdf,1628,1628,banner,True,1628,1628,SENATOR RON WYDEN,2013,159,58,block_start
113sdoc22,GPO-CDOC-113sdoc22.pdf,1629,1629,data,True,1628,1628,SENATOR RON WYDEN,2013,242,69,block_data
113sdoc22,GPO-CDOC-113sdoc22.pdf,1630,1630,data,True,1628,1628,SENATOR RON WYDEN,2013,90,26,block_data
113sdoc22,GPO-CDOC-113sdoc22.pdf,1631,1631,banner,True,1631,1631,SENATOR RON WYDEN,2014,152,59,block_start
113sdoc22,GPO-CDOC-113sdoc22.pdf,1632,1632,data,True,1631,1631,SENATOR RON WYDEN,2014,210,71,block_data
113sdoc22,GPO-CDOC-113sdoc22.pdf,1633,1633,data,True,1631,1631,SENATOR RON WYDEN,2014,218,69,block_data
113sdoc22,GPO-CDOC-113sdoc22.pdf,1634,1634,data,True,1631,1631,SENATOR RON WYDEN,2014,226,69,block_data
113sdoc22,GPO-CDOC-113sdoc22.pdf,1635,1635,data,True,1631,1631,SENATOR RON WYDEN,2014,221,69,block_data
113sdoc22,GPO-CDOC-113sdoc22.pdf,1636,1636,data,True,1631,1631,SENATOR RON WYDEN,2014,227,70,block_data
113sdoc22,GPO-CDOC-113sdoc22.pdf,1637,1637,data,True,1631,1631,SENATOR RON WYDEN,2014,224,70,block_data
113sdoc22,GPO-CDOC-113sdoc22.pdf,1638,1638,data,True,1631,1631,SENATOR RON WYDEN,2014,215,47,block_data
113sdoc22,GPO-CDOC-113sdoc22.pdf,1639,1639,banner,True,1639,1639,STATIONERY,,79,33,block_start
113sdoc22,GPO-CDOC-113sdoc22.pdf,1640,1640,banner,True,1640,1640,LEGAL COUNSEL,2012,66,28,block_start
113sdoc22,GPO-CDOC-113sdoc22.pdf,1641,1641,banner,True,1641,1641,LEGAL COUNSEL,2013,79,34,block_start
113sdoc22,GPO-CDOC-113sdoc22.pdf,1642,1642,banner,True,1642,1642,LEGAL COUNSEL,2014,103,42,block_start
113sdoc22,GPO-CDOC-113sdoc22.pdf,1643,1643,banner,True,1643,1643,SECRETARY FOR THE MAJORITY (D),2012,62,30,block_start
113sdoc22,GPO-CDOC-113sdoc22.pdf,1644,1644,banner,True,1644,1644,SECRETARY FOR THE MAJORITY (D),2013,65,30,block_start
113sdoc22,GPO-CDOC-113sdoc22.pdf,1645,1645,banner,True,1645,1645,SECRETARY FOR THE MAJORITY (D),2014,63,31,block_start
113sdoc22,GPO-CDOC-113sdoc22.pdf,1646,1646,banner,True,1646,1646,SECRETARY FOR THE MINORITY (R),2012,59,29,block_start
113sdoc22,GPO-CDOC-113sdoc22.pdf,1647,1647,banner,True,1647,1647,SECRETARY FOR THE MINORITY (R),2013,65,31,block_start
113sdoc22,GPO-CDOC-113sdoc22.pdf,1648,1648,banner,True,1648,1648,SECRETARY FOR THE MINORITY (R),2014,63,31,block_start
113sdoc22,GPO-CDOC-113sdoc22.pdf,1649,1649,banner,True,1649,1649,SERGEANT AT ARMS AND DOORKEEPER OF THE SENATE,2012,56,28,block_start
113sdoc22,GPO-CDOC-113sdoc22.pdf,1650,1650,banner,True,1650,1650,SERGEANT AT ARMS AND DOORKEEPER OF THE SENATE,2013,56,28,block_start
113sdoc22,GPO-CDOC-113sdoc22.pdf,1651,1651,banner,True,1651,1651,SERGEANT AT ARMS AND DOORKEEPER OF THE SENATE,2014,56,28,block_start
113sdoc22,GPO-CDOC-113sdoc22.pdf,1652,1652,banner,True,1652,1652,SECRETARY OF THE SENATE,2012,56,28,block_start
113sdoc22,GPO-CDOC-113sdoc22.pdf,1653,1653,banner,True,1653,1653,SECRETARY OF THE SENATE,2013,56,28,block_start
113sdoc22,GPO-CDOC-113sdoc22.pdf,1654,1654,banner,True,1654,1654,SECRETARY OF THE SENATE,2014,56,28,block_start
113sdoc22,GPO-CDOC-113sdoc22.pdf,1655,1655,banner,True,1655,1655,JOINT ECONOMIC COMMITTEE,2012,72,32,block_start
113sdoc22,GPO-CDOC-113sdoc22.pdf,1656,1656,banner,True,1656,1656,JOINT ECONOMIC COMMITTEE,2013,85,36,block_start
113sdoc22,GPO-CDOC-113sdoc22.pdf,1657,1657,banner,True,1657,1657,JOINT ECONOMIC COMMITTEE,2014,153,59,block_start
113sdoc22,GPO-CDOC-113sdoc22.pdf,1658,1658,data,True,1657,1657,JOINT ECONOMIC COMMITTEE,2014,146,39,block_data
113sdoc22,GPO-CDOC-113sdoc22.pdf,1659,1659,banner,True,1659,1659,RESERVE FOR CONTINGENCIES,,52,27,block_start
113sdoc22,GPO-CDOC-113sdoc22.pdf,1660,1660,banner,True,1660,1660,LEGISLATIVE COUNSEL,2012,69,29,block_start
113sdoc22,GPO-CDOC-113sdoc22.pdf,1661,1661,banner,True,1661,1661,LEGISLATIVE COUNSEL,2013,72,32,block_start
113sdoc22,GPO-CDOC-113sdoc22.pdf,1662,1662,banner,True,1662,1662,LEGISLATIVE COUNSEL,2014,156,59,block_start
113sdoc22,GPO-CDOC-113sdoc22.pdf,1663,1663,data,True,1662,1662,LEGISLATIVE COUNSEL,2014,83,31,block_data
113sdoc22,GPO-CDOC-113sdoc22.pdf,1664,1664,banner,True,1664,1664,JOINT COMMITTEES ON INAUGURAL CEREMONIES,,94,38,block_start
113sdoc22,GPO-CDOC-113sdoc22.pdf,1665,1665,banner,True,1665,1665,OFFICE OF CONGRESSIONAL ACCESSIBILITY SERVICES,2012,69,30,block_start
113sdoc22,GPO-CDOC-113sdoc22.pdf,1666,1666,banner,True,1666,1666,OFFICE OF CONGRESSIONAL ACCESSIBILITY SERVICES,2013,170,48,block_start
113sdoc22,GPO-CDOC-113sdoc22.pdf,1667,1667,banner,True,1667,1667,OFFICE OF CONGRESSIONAL ACCESSIBILITY SERVICES,2014,250,58,block_start
113sdoc22,GPO-CDOC-113sdoc22.pdf,1668,1668,data,True,1667,1667,OFFICE OF CONGRESSIONAL ACCESSIBILITY SERVICES,2014,187,38,block_data
113sdoc22,GPO-CDOC-113sdoc22.pdf,1669,1669,banner,True,1669,1669,OFFICE OF CONGRESSIONAL ACCESSIBILITY SERVICES,,52,27,block_start
113sdoc22,GPO-CDOC-113sdoc22.pdf,1670,1670,banner,True,1670,1670,COMPUTER CENTER REVOLVING FUND,,54,27,block_start
113sdoc22,GPO-CDOC-113sdoc22.pdf,1671,1671,banner,True,1671,1671,HEALTH & PROMOTION,,108,34,block_start
113sdoc22,GPO-CDOC-113sdoc22.pdf,1672,1672,banner,True,1672,1672,PUBLIC RECORDS,,69,30,block_start
113sdoc22,GPO-CDOC-113sdoc22.pdf,1673,1673,banner,True,1673,1673,GIFT SHOP,,72,31,block_start
113sdoc22,GPO-CDOC-113sdoc22.pdf,1674,1674,banner,True,1674,1674,PHOTOGRAPHIC STUDIO,,118,40,block_start
113sdoc22,GPO-CDOC-113sdoc22.pdf,1675,1675,banner,True,1675,1675,RECORDING STUDIO,,107,38,block_start
113sdoc22,GPO-CDOC-113sdoc22.pdf,1676,1676,banner,True,1676,1676,DANIEL WEBSTER SENATE PAGE RESIDENCE,,211,54,block_start
113sdoc22,GPO-CDOC-113sdoc22.pdf,1677,1677,data,True,1676,1676,DANIEL WEBSTER SENATE PAGE RESIDENCE,,32,14,block_data
113sdoc22,GPO-CDOC-113sdoc22.pdf,1678,1678,banner,True,1678,1678,SENATE HAIR CARE,,113,44,block_start
113sdoc22,GPO-CDOC-113sdoc22.pdf,1679,1679,banner,True,1679,1679,"AGRICULTURE, NUTRITION & FORESTRY AGRICULTURE, NUTR & FOR S.RES.81C(112TH) EXPENSES OF INQUIRIES AND INVESTIGATIONS",,84,36,block_start
113sdoc22,GPO-CDOC-113sdoc22.pdf,1680,1680,banner,True,1680,1680,"AGRICULTURE, NUTRITION & FORESTRY AGRICULTURE, NUTR & FOR S.RES.81D(112TH) EXPENSES OF INQUIRIES AND INVESTIGATIONS",,67,27,block_start
113sdoc22,GPO-CDOC-113sdoc22.pdf,1681,1681,banner,True,1681,1681,"AGRICULTURE, NUTRITION & FORESTRY AGRICULTURE, NUTR & FOR S.RES.64B(113TH) EXPENSES OF INQUIRIES AND INVESTIGATIONS",,144,51,block_start
113sdoc22,GPO-CDOC-113sdoc22.pdf,1682,1682,data,True,1681,1681,"AGRICULTURE, NUTRITION & FORESTRY AGRICULTURE, NUTR & FOR S.RES.64B(113TH) EXPENSES OF INQUIRIES AND INVESTIGATIONS",,54,20,block_data
113sdoc22,GPO-CDOC-113sdoc22.pdf,1683,1683,banner,True,1683,1683,"AGRICULTURE, NUTRITION & FORESTRY AGRICULTURE, NUTR & FOR S.RES.253B(113TH) EXPENSES OF INQUIRIES AND INVESTIGATIONS",,139,51,block_start
113sdoc22,GPO-CDOC-113sdoc22.pdf,1684,1684,data,True,1683,1683,"AGRICULTURE, NUTRITION & FORESTRY AGRICULTURE, NUTR & FOR S.RES.253B(113TH) EXPENSES OF INQUIRIES AND INVESTIGATIONS",,204,64,block_data
113sdoc22,GPO-CDOC-113sdoc22.pdf,1685,1685,data,True,1683,1683,"AGRICULTURE, NUTRITION & FORESTRY AGRICULTURE, NUTR & FOR S.RES.253B(113TH) EXPENSES OF INQUIRIES AND INVESTIGATIONS",,238,64,block_data
113sdoc22,GPO-CDOC-113sdoc22.pdf,1686,1686,data,True,1683,1683,"AGRICULTURE, NUTRITION & FORESTRY AGRICULTURE, NUTR & FOR S.RES.253B(113TH) EXPENSES OF INQUIRIES AND INVESTIGATIONS",,27,16,block_data
113sdoc22,GPO-CDOC-113sdoc22.pdf,1687,1687,banner,True,1687,1687,ARMED SERVICES ARMED SERVICES - S.RES. 81C (112TH) EXPENSES OF INQUIRIES AND INVESTIGATIONS,,67,27,block_start
113sdoc22,GPO-CDOC-113sdoc22.pdf,1688,1688,banner,True,1688,1688,ARMED SERVICES ARMED SERVICES - S.RES. 81D (112TH) EXPENSES OF INQUIRIES AND INVESTIGATIONS,,62,28,block_start
113sdoc22,GPO-CDOC-113sdoc22.pdf,1689,1689,banner,True,1689,1689,ARMED SERVICES ARMED SERVICES - S.RES. 64B (113TH) EXPENSES OF INQUIRIES AND INVESTIGATIONS,,103,40,block_start
113sdoc22,GPO-CDOC-113sdoc22.pdf,1690,1690,banner,True,1690,1690,ARMED SERVICES ARMED SERVICES - S.RES. 253B (113TH) EXPENSES OF INQUIRIES AND INVESTIGATIONS,,140,52,block_start
113sdoc22,GPO-CDOC-113sdoc22.pdf,1691,1691,data,True,1690,1690,ARMED SERVICES ARMED SERVICES - S.RES. 253B (113TH) EXPENSES OF INQUIRIES AND INVESTIGATIONS,,258,64,block_data
113sdoc22,GPO-CDOC-113sdoc22.pdf,1692,1692,data,True,1690,1690,ARMED SERVICES ARMED SERVICES - S.RES. 253B (113TH) EXPENSES OF INQUIRIES AND INVESTIGATIONS,,40,21,block_data
113sdoc22,GPO-CDOC-113sdoc22.pdf,1693,1693,banner,True,1693,1693,"BANKING, HOUSING & URBAN AFFAIRS BANKING, HOUSING &URBDEV S.RES. 81C (112TH) EXPENSES OF INQUIRIES AND INVESTIGATIONS",,71,29,block_start
113sdoc22,GPO-CDOC-113sdoc22.pdf,1694,1694,banner,True,1694,1694,"BANKING, HOUSING & URBAN AFFAIRS BANKING, HOUSING &URBDEV S.RES. 81D (112TH) EXPENSES OF INQUIRIES AND INVESTIGATIONS",,68,28,block_start
113sdoc22,GPO-CDOC-113sdoc22.pdf,1695,1695,banner,True,1695,1695,"BANKING, HOUSING & URBAN AFFAIRS BANKING, HOUSING &URBDEV S.RES. 64B (113TH) EXPENSES OF INQUIRIES AND INVESTIGATIONS",,104,37,block_start
113sdoc22,GPO-CDOC-113sdoc22.pdf,1696,1696,banner,True,1696,1696,"BANKING, HOUSING & URBAN AFFAIRS BANKING, HOUSING &URBDEV S.RES. 253B (113TH) EXPENSES OF INQUIRIES AND INVESTIGATIONS",,140,52,block_start
113sdoc22,GPO-CDOC-113sdoc22.pdf,1697,1697,data,True,1696,1696,"BANKING, HOUSING & URBAN AFFAIRS BANKING, HOUSING &URBDEV S.RES. 253B (113TH) EXPENSES OF INQUIRIES AND INVESTIGATIONS",,199,65,block_data
113sdoc22,GPO-CDOC-113sdoc22.pdf,1698,1698,data,True,1696,1696,"BANKING, HOUSING & URBAN AFFAIRS BANKING, HOUSING &URBDEV S.RES. 253B (113TH) EXPENSES OF INQUIRIES AND INVESTIGATIONS",,231,45,block_data
113sdoc22,GPO-CDOC-113sdoc22.pdf,1699,1699,banner,True,1699,1699,BUDGET BUDGET - S.RES. 81C (112TH) EXPENSES OF INQUIRIES AND INVESTIGATIONS,,71,29,block_start
113sdoc22,GPO-CDOC-113sdoc22.pdf,1700,1700,banner,True,1700,1700,BUDGET BUDGET - S.RES. 81D (112TH) EXPENSES OF INQUIRIES AND INVESTIGATIONS,,71,29,block_start
113sdoc22,GPO-CDOC-113sdoc22.pdf,1701,1701,banner,True,1701,1701,BUDGET BUDGET - S.RES. 64B (113TH) EXPENSES OF INQUIRIES AND INVESTIGATIONS,,142,49,block_start
113sdoc22,GPO-CDOC-113sdoc22.pdf,1702,1702,data,True,1701,1701,BUDGET BUDGET - S.RES. 64B (113TH) EXPENSES OF INQUIRIES AND INVESTIGATIONS,,26,16,block_data
113sdoc22,GPO-CDOC-113sdoc22.pdf,1703,1703,banner,True,1703,1703,BUDGET BUDGET - S.RES. 253B (113TH) EXPENSES OF INQUIRIES AND INVESTIGATIONS,,140,52,block_start
113sdoc22,GPO-CDOC-113sdoc22.pdf,1704,1704,data,True,1703,1703,BUDGET BUDGET - S.RES. 253B (113TH) EXPENSES OF INQUIRIES AND INVESTIGATIONS,,203,64,block_data
113sdoc22,GPO-CDOC-113sdoc22.pdf,1705,1705,data,True,1703,1703,BUDGET BUDGET - S.RES. 253B (113TH) EXPENSES OF INQUIRIES AND INVESTIGATIONS,,28,17,block_data
113sdoc22,GPO-CDOC-113sdoc22.pdf,1706,1706,banner,True,1706,1706,"COMMERCE, SCIENCE & TRANSPORTATION COMMERCE, SCI & TRANS S.RES. 81C (112TH) EXPENSES OF INQUIRIES AND INVESTIGATIONS",,128,48,block_start
113sdoc22,GPO-CDOC-113sdoc22.pdf,1707,1707,data,True,1706,1706,"COMMERCE, SCIENCE & TRANSPORTATION COMMERCE, SCI & TRANS S.RES. 81C (112TH) EXPENSES OF INQUIRIES AND INVESTIGATIONS",,55,24,block_data
113sdoc22,GPO-CDOC-113sdoc22.pdf,1708,1708,banner,True,1708,1708,"COMMERCE, SCIENCE & TRANSPORTATION COMMERCE, SCI & TRANS S.RES. 81D (112TH) EXPENSES OF INQUIRIES AND INVESTIGATIONS",,102,39,block_start
113sdoc22,GPO-CDOC-113sdoc22.pdf,1709,1709,banner,True,1709,1709,"COMMERCE, SCIENCE & TRANSPORTATION COMMERCE, SCI & TRANS S.RES. 64B (113TH) EXPENSES OF INQUIRIES AND INVESTIGATIONS",,142,51,block_start
113sdoc22,GPO-CDOC-113sdoc22.pdf,1710,1710,data,True,1709,1709,"COMMERCE, SCIENCE & TRANSPORTATION COMMERCE, SCI & TRANS S.RES. 64B (113TH) EXPENSES OF INQUIRIES AND INVESTIGATIONS",,174,42,block_data
113sdoc22,GPO-CDOC-113sdoc22.pdf,1711,1711,banner,True,1711,1711,"COMMERCE, SCIENCE & TRANSPORTATION COMMERCE, SCI & TRANS S.RES. 253B (113TH) EXPENSES OF INQUIRIES AND INVESTIGATIONS",,135,51,block_start
113sdoc22,GPO-CDOC-113sdoc22.pdf,1712,1712,data,True,1711,1711,"COMMERCE, SCIENCE & TRANSPORTATION COMMERCE, SCI & TRANS S.RES. 253B (113TH) EXPENSES OF INQUIRIES AND INVESTIGATIONS",,182,65,block_data
113sdoc22,GPO-CDOC-113sdoc22.pdf,1713,1713,data,True,1711,1711,"COMMERCE, SCIENCE & TRANSPORTATION COMMERCE, SCI & TRANS S.RES. 253B (113TH) EXPENSES OF INQUIRIES AND INVESTIGATIONS",,220,67,block_data
113sdoc22,GPO-CDOC-113sdoc22.pdf,1714,1714,data,True,1711,1711,"COMMERCE, SCIENCE & TRANSPORTATION COMMERCE, SCI & TRANS S.RES. 253B (113TH) EXPENSES OF INQUIRIES AND INVESTIGATIONS",,211,41,block_data
113sdoc22,GPO-CDOC-113sdoc22.pdf,1715,1715,banner,True,1715,1715,ENERGY & NATURAL RESOURCES ENERGY & NATURAL S.RES. 81C (112TH) EXPENSES OF INQUIRIES AND INVESTIGATIONS,,68,28,block_start
113sdoc22,GPO-CDOC-113sdoc22.pdf,1716,1716,banner,True,1716,1716,ENERGY & NATURAL RESOURCES ENERGY & NATURAL S.RES. 81D (112TH) EXPENSES OF INQUIRIES AND INVESTIGATIONS,,68,28,block_start
113sdoc22,GPO-CDOC-113sdoc22.pdf,1717,1717,banner,True,1717,1717,ENERGY & NATURAL RESOURCES ENERGY & NATURAL S.RES. 64B (113TH) EXPENSES OF INQUIRIES AND INVESTIGATIONS,,161,52,block_start
113sdoc22,GPO-CDOC-113sdoc22.pdf,1718,1718,data,True,1717,1717,ENERGY & NATURAL RESOURCES ENERGY & NATURAL S.RES. 64B (113TH) EXPENSES OF INQUIRIES AND INVESTIGATIONS,,21,13,block_data
113sdoc22,GPO-CDOC-113sdoc22.pdf,1719,1719,banner,True,1719,1719,ENERGY & NATURAL RESOURCES ENERGY & NATURAL S.RES. 253B (113TH) EXPENSES OF INQUIRIES AND INVESTIGATIONS,,140,52,block_start
113sdoc22,GPO-CDOC-113sdoc22.pdf,1720,1720,data,True,1719,1719,ENERGY & NATURAL RESOURCES ENERGY & NATURAL S.RES. 253B (113TH) EXPENSES OF INQUIRIES AND INVESTIGATIONS,,188,64,block_data
113sdoc22,GPO-CDOC-113sdoc22.pdf,1721,1721,data,True,1719,1719,ENERGY & NATURAL RESOURCES ENERGY & NATURAL S.RES. 253B (113TH) EXPENSES OF INQUIRIES AND INVESTIGATIONS,,276,57,block_data
113sdoc22,GPO-CDOC-113sdoc22.pdf,1722,1722,banner,True,1722,1722,ENVIRONMENT & PUBLIC WORKS ENVIRONMENT & PUB WORKS S.RES. 81C (112TH) EXPENSES OF INQUIRIES AND INVESTIGATIONS,,71,29,block_start
113sdoc22,GPO-CDOC-113sdoc22.pdf,1723,1723,banner,True,1723,1723,ENVIRONMENT & PUBLIC WORKS ENVIRONMENT & PUB WORKS S.RES. 81D (112TH) EXPENSES OF INQUIRIES AND INVESTIGATIONS,,71,29,block_start
113sdoc22,GPO-CDOC-113sdoc22.pdf,1724,1724,banner,True,1724,1724,ENVIRONMENT & PUBLIC WORKS ENVIRONMENT & PUB WORKS S.RES. 64B (113TH) EXPENSES OF INQUIRIES AND INVESTIGATIONS,,128,49,block_start
113sdoc22,GPO-CDOC-113sdoc22.pdf,1725,1725,data,True,1724,1724,ENVIRONMENT & PUBLIC WORKS ENVIRONMENT & PUB WORKS S.RES. 64B (113TH) EXPENSES OF INQUIRIES AND INVESTIGATIONS,,140,39,block_data
113sdoc22,GPO-CDOC-113sdoc22.pdf,1726,1726,banner,True,1726,1726,ENVIRONMENT & PUBLIC WORKS ENVIRONMENT & PUB WORKS S.RES. 253B (113TH) EXPENSES OF INQUIRIES AND INVESTIGATIONS,,140,52,block_start
113sdoc22,GPO-CDOC-113sdoc22.pdf,1727,1727,data,True,1726,1726,ENVIRONMENT & PUBLIC WORKS ENVIRONMENT & PUB WORKS S.RES. 253B (113TH) EXPENSES OF INQUIRIES AND INVESTIGATIONS,,199,63,block_data
113sdoc22,GPO-CDOC-113sdoc22.pdf,1728,1728,data,True,1726,1726,ENVIRONMENT & PUBLIC WORKS ENVIRONMENT & PUB WORKS S.RES. 253B (113TH) EXPENSES OF INQUIRIES AND INVESTIGATIONS,,176,41,block_data
113sdoc22,GPO-CDOC-113sdoc22.pdf,1729,1729,banner,True,1729,1729,ETHICS COMMITTEE ON ETHICS - FY 2012 EXPENSES OF INQUIRIES AND INVESTIGATIONS,,71,29,block_start
113sdoc22,GPO-CDOC-113sdoc22.pdf,1730,1730,banner,True,1730,1730,ETHICS COMMITTEE ON ETHICS - FY 2013 EXPENSES OF INQUIRIES AND INVESTIGATIONS,,114,43,block_start
113sdoc22,GPO-CDOC-113sdoc22.pdf,1731,1731,banner,True,1731,1731,ETHICS COMMITTEE ON ETHICS - FY 2014 EXPENSES OF INQUIRIES AND INVESTIGATIONS,,133,49,block_start
113sdoc22,GPO-CDOC-113sdoc22.pdf,1732,1732,data,True,1731,1731,ETHICS COMMITTEE ON ETHICS - FY 2014 EXPENSES OF INQUIRIES AND INVESTIGATIONS,,59,24,block_data
113sdoc22,GPO-CDOC-113sdoc22.pdf,1733,1733,banner,True,1733,1733,FINANCE FINANCE - S.RES. 81C (112TH) EXPENSES OF INQUIRIES AND INVESTIGATIONS,,85,35,block_start
113sdoc22,GPO-CDOC-113sdoc22.pdf,1734,1734,banner,True,1734,1734,FINANCE FINANCE - S.RES. 81D (112TH) EXPENSES OF INQUIRIES AND INVESTIGATIONS,,71,29,block_start
113sdoc22,GPO-CDOC-113sdoc22.pdf,1735,1735,banner,True,1735,1735,FINANCE FINANCE - S.RES. 64B (113TH) EXPENSES OF INQUIRIES AND INVESTIGATIONS,,142,51,block_start
113sdoc22,GPO-CDOC-113sdoc22.pdf,1736,1736,data,True,1735,1735,FINANCE FINANCE - S.RES. 64B (113TH) EXPENSES OF INQUIRIES AND INVESTIGATIONS,,172,64,block_data
113sdoc22,GPO-CDOC-113sdoc22.pdf,1737,1737,data,True,1735,1735,FINANCE FINANCE - S.RES. 64B (113TH) EXPENSES OF INQUIRIES AND INVESTIGATIONS,,218,67,block_data
113sdoc22,GPO-CDOC-113sdoc22.pdf,1738,1738,data,True,1735,1735,FINANCE FINANCE - S.RES. 64B (113TH) EXPENSES OF INQUIRIES AND INVESTIGATIONS,,85,26,block_data
113sdoc22,GPO-CDOC-113sdoc22.pdf,1739,1739,banner,True,1739,1739,FINANCE FINANCE - S.RES. 253B (113TH) EXPENSES OF INQUIRIES AND INVESTIGATIONS,,136,52,block_start
113sdoc22,GPO-CDOC-113sdoc22.pdf,1740,1740,data,True,1739,1739,FINANCE FINANCE - S.RES. 253B (113TH) EXPENSES OF INQUIRIES AND INVESTIGATIONS,,184,67,block_data
113sdoc22,GPO-CDOC-113sdoc22.pdf,1741,1741,data,True,1739,1739,FINANCE FINANCE - S.RES. 253B (113TH) EXPENSES OF INQUIRIES AND INVESTIGATIONS,,191,61,block_data
113sdoc22,GPO-CDOC-113sdoc22.pdf,1742,1742,data,True,1739,1739,FINANCE FINANCE - S.RES. 253B (113TH) EXPENSES OF INQUIRIES AND INVESTIGATIONS,,289,60,block_data
113sdoc22,GPO-CDOC-113sdoc22.pdf,1743,1743,data,True,1739,1739,FINANCE FINANCE - S.RES. 253B (113TH) EXPENSES OF INQUIRIES AND INVESTIGATIONS,,19,12,block_data
113sdoc22,GPO-CDOC-113sdoc22.pdf,1744,1744,banner,True,1744,1744,FOREIGN RELATIONS FOREIGN RELATIONS - S.RES. 81C (112TH) EXPENSES OF INQUIRIES AND INVESTIGATIONS,,71,29,block_start
113sdoc22,GPO-CDOC-113sdoc22.pdf,1745,1745,banner,True,1745,1745,FOREIGN RELATIONS FOREIGN RELATIONS - S.RES. 81D (112TH) EXPENSES OF INQUIRIES AND INVESTIGATIONS,,78,31,block_start
113sdoc22,GPO-CDOC-113sdoc22.pdf,1746,1746,banner,True,1746,1746,FOREIGN RELATIONS FOREIGN RELATIONS - S.RES. 64B (113TH) EXPENSES OF INQUIRIES AND INVESTIGATIONS,,147,51,block_start
113sdoc22,GPO-CDOC-113sdoc22.pdf,1747,1747,data,True,1746,1746,FOREIGN RELATIONS FOREIGN RELATIONS - S.RES. 64B (113TH) EXPENSES OF INQUIRIES AND INVESTIGATIONS,,231,66,block_data
113sdoc22,GPO-CDOC-113sdoc22.pdf,1748,1748,data,True,1746,1746,FOREIGN RELATIONS FOREIGN RELATIONS - S.RES. 64B (113TH) EXPENSES OF INQUIRIES AND INVESTIGATIONS,,315,57,block_data
113sdoc22,GPO-CDOC-113sdoc22.pdf,1749,1749,banner,True,1749,1749,FOREIGN RELATIONS FOREIGN RELATIONS - S.RES. 253B (113TH) EXPENSES OF INQUIRIES AND INVESTIGATIONS,,140,52,block_start
113sdoc22,GPO-CDOC-113sdoc22.pdf,1750,1750,data,True,1749,1749,FOREIGN RELATIONS FOREIGN RELATIONS - S.RES. 253B (113TH) EXPENSES OF INQUIRIES AND INVESTIGATIONS,,198,65,block_data
113sdoc22,GPO-CDOC-113sdoc22.pdf,1751,1751,data,True,1749,1749,FOREIGN RELATIONS FOREIGN RELATIONS - S.RES. 253B (113TH) EXPENSES OF INQUIRIES AND INVESTIGATIONS,,209,66,block_data
113sdoc22,GPO-CDOC-113sdoc22.pdf,1752,1752,data,True,1749,1749,FOREIGN RELATIONS FOREIGN RELATIONS - S.RES. 253B (113TH) EXPENSES OF INQUIRIES AND INVESTIGATIONS,,255,67,block_data
113sdoc22,GPO-CDOC-113sdoc22.pdf,1753,1753,data,True,1749,1749,FOREIGN RELATIONS FOREIGN RELATIONS - S.RES. 253B (113TH) EXPENSES OF INQUIRIES AND INVESTIGATIONS,,422,67,block_data
113sdoc22,GPO-CDOC-113sdoc22.pdf,1754,1754,data,True,1749,1749,FOREIGN RELATIONS FOREIGN RELATIONS - S.RES. 253B (113TH) EXPENSES OF INQUIRIES AND INVESTIGATIONS,,70,23,block_data
113sdoc22,GPO-CDOC-113sdoc22.pdf,1755,1755,banner,True,1755,1755,HOMELAND SECURITY & GOVERNMENTAL AFFAIRS HOMELAND SEC.& GOV AFF. S.RES. 81C (112TH) EXPENSES OF INQUIRIES AND INVESTIGATIONS,,71,29,block_start
113sdoc22,GPO-CDOC-113sdoc22.pdf,1756,1756,banner,True,1756,1756,HOMELAND SECURITY & GOVERNMENTAL AFFAIRS HOMELAND SEC.& GOV AFF. S.RES. 81D (112TH) EXPENSES OF INQUIRIES AND INVESTIGATIONS,,68,28,block_start
113sdoc22,GPO-CDOC-113sdoc22.pdf,1757,1757,banner,True,1757,1757,HOMELAND SECURITY & GOVERNMENTAL AFFAIRS HOMELAND SEC.& GOV AFF. S.RES. 64B (113TH) EXPENSES OF INQUIRIES AND INVESTIGATIONS,,132,48,block_start
113sdoc22,GPO-CDOC-113sdoc22.pdf,1758,1758,data,True,1757,1757,HOMELAND SECURITY & GOVERNMENTAL AFFAIRS HOMELAND SEC.& GOV AFF. S.RES. 64B (113TH) EXPENSES OF INQUIRIES AND INVESTIGATIONS,,253,61,block_data
113sdoc22,GPO-CDOC-113sdoc22.pdf,1759,1759,banner,True,1759,1759,HOMELAND SECURITY & GOVERNMENTAL AFFAIRS HOMELAND SEC.& GOV AFF. S.RES. 253B (113TH) EXPENSES OF INQUIRIES AND INVESTIGATIONS,,140,52,block_start
113sdoc22,GPO-CDOC-113sdoc22.pdf,1760,1760,data,True,1759,1759,HOMELAND SECURITY & GOVERNMENTAL AFFAIRS HOMELAND SEC.& GOV AFF. S.RES. 253B (113TH) EXPENSES OF INQUIRIES AND INVESTIGATIONS,,190,67,block_data
113sdoc22,GPO-CDOC-113sdoc22.pdf,1761,1761,data,True,1759,1759,HOMELAND SECURITY & GOVERNMENTAL AFFAIRS HOMELAND SEC.& GOV AFF. S.RES. 253B (113TH) EXPENSES OF INQUIRIES AND INVESTIGATIONS,,183,64,block_data
113sdoc22,GPO-CDOC-113sdoc22.pdf,1762,1762,data,True,1759,1759,HOMELAND SECURITY & GOVERNMENTAL AFFAIRS HOMELAND SEC.& GOV AFF. S.RES. 253B (113TH) EXPENSES OF INQUIRIES AND INVESTIGATIONS,,308,67,block_data
113sdoc22,GPO-CDOC-113sdoc22.pdf,1763,1763,data,True,1759,1759,HOMELAND SECURITY & GOVERNMENTAL AFFAIRS HOMELAND SEC.& GOV AFF. S.RES. 253B (113TH) EXPENSES OF INQUIRIES AND INVESTIGATIONS,,278,51,block_data
113sdoc22,GPO-CDOC-113sdoc22.pdf,1764,1764,banner,True,1764,1764,"HEALTH, EDUCATION, LABOR, AND PENSIONS HEALTH, EDU,LABOR&PENS S.RES. 81C (112TH) EXPENSES OF INQUIRIES AND INVESTIGATIONS",,86,35,block_start
113sdoc22,GPO-CDOC-113sdoc22.pdf,1765,1765,banner,True,1765,1765,"HEALTH, EDUCATION, LABOR, AND PENSIONS HEALTH, EDU,LABOR&PENS S.RES. 81D (112TH) EXPENSES OF INQUIRIES AND INVESTIGATIONS",,78,31,block_start
113sdoc22,GPO-CDOC-113sdoc22.pdf,1766,1766,banner,True,1766,1766,"HEALTH, EDUCATION, LABOR, AND PENSIONS HEALTH, EDU,LABOR&PENS S.RES. 64B (113TH) EXPENSES OF INQUIRIES AND INVESTIGATIONS",,161,51,block_start
113sdoc22,GPO-CDOC-113sdoc22.pdf,1767,1767,data,True,1766,1766,"HEALTH, EDUCATION, LABOR, AND PENSIONS HEALTH, EDU,LABOR&PENS S.RES. 64B (113TH) EXPENSES OF INQUIRIES AND INVESTIGATIONS",,85,26,block_data
113sdoc22,GPO-CDOC-113sdoc22.pdf,1768,1768,banner,True,1768,1768,"HEALTH, EDUCATION, LABOR, AND PENSIONS HEALTH, EDU,LABOR&PENS S.RES. 253B (113TH) EXPENSES OF INQUIRIES AND INVESTIGATIONS",,133,51,block_start
113sdoc22,GPO-CDOC-113sdoc22.pdf,1769,1769,data,True,1768,1768,"HEALTH, EDUCATION, LABOR, AND PENSIONS HEALTH, EDU,LABOR&PENS S.RES. 253B (113TH) EXPENSES OF INQUIRIES AND INVESTIGATIONS",,190,67,block_data
113sdoc22,GPO-CDOC-113sdoc22.pdf,1770,1770,data,True,1768,1768,"HEALTH, EDUCATION, LABOR, AND PENSIONS HEALTH, EDU,LABOR&PENS S.RES. 253B (113TH) EXPENSES OF INQUIRIES AND INVESTIGATIONS",,194,61,block_data
113sdoc22,GPO-CDOC-113sdoc22.pdf,1771,1771,data,True,1768,1768,"HEALTH, EDUCATION, LABOR, AND PENSIONS HEALTH, EDU,LABOR&PENS S.RES. 253B (113TH) EXPENSES OF INQUIRIES AND INVESTIGATIONS",,302,67,block_data
113sdoc22,GPO-CDOC-113sdoc22.pdf,1772,1772,data,True,1768,1768,"HEALTH, EDUCATION, LABOR, AND PENSIONS HEALTH, EDU,LABOR&PENS S.RES. 253B (113TH) EXPENSES OF INQUIRIES AND INVESTIGATIONS",,122,32,block_data
113sdoc22,GPO-CDOC-113sdoc22.pdf,1773,1773,banner,True,1773,1773,INDIAN AFFAIRS INDIAN AFFAIRS - S.RES. 81C (112TH) EXPENSES OF INQUIRIES AND INVESTIGATIONS,,71,29,block_start
113sdoc22,GPO-CDOC-113sdoc22.pdf,1774,1774,banner,True,1774,1774,INDIAN AFFAIRS INDIAN AFFAIRS - S.RES. 81D (112TH) EXPENSES OF INQUIRIES AND INVESTIGATIONS,,113,36,block_start
113sdoc22,GPO-CDOC-113sdoc22.pdf,1775,1775,banner,True,1775,1775,INDIAN AFFAIRS INDIAN AFFAIRS - S.RES. 64B (113TH) EXPENSES OF INQUIRIES AND INVESTIGATIONS,,134,51,block_start
113sdoc22,GPO-CDOC-113sdoc22.pdf,1776,1776,data,True,1775,1775,INDIAN AFFAIRS INDIAN AFFAIRS - S.RES. 64B (113TH) EXPENSES OF INQUIRIES AND INVESTIGATIONS,,62,22,block_data
113sdoc22,GPO-CDOC-113sdoc22.pdf,1777,1777,banner,True,1777,1777,INDIAN AFFAIRS INDIAN AFFAIRS - S.RES. 253B (113TH) EXPENSES OF INQUIRIES AND INVESTIGATIONS,,134,50,block_start
113sdoc22,GPO-CDOC-113sdoc22.pdf,1778,1778,data,True,1777,1777,INDIAN AFFAIRS INDIAN AFFAIRS - S.RES. 253B (113TH) EXPENSES OF INQUIRIES AND INVESTIGATIONS,,264,66,block_data
113sdoc22,GPO-CDOC-113sdoc22.pdf,1779,1779,data,True,1777,1777,INDIAN AFFAIRS INDIAN AFFAIRS - S.RES. 253B (113TH) EXPENSES OF INQUIRIES AND INVESTIGATIONS,,37,20,block_data
113sdoc22,GPO-CDOC-113sdoc22.pdf,1780,1780,banner,True,1780,1780,INTELLIGENCE SELECT COM ON INTEL - S.RES. 81C (112TH) EXPENSES OF INQUIRIES AND INVESTIGATIONS,,69,27,block_start
113sdoc22,GPO-CDOC-113sdoc22.pdf,1781,1781,banner,True,1781,1781,INTELLIGENCE SELECT COM ON INTEL - S.RES. 81D (112TH) EXPENSES OF INQUIRIES AND INVESTIGATIONS,,69,27,block_start
113sdoc22,GPO-CDOC-113sdoc22.pdf,1782,1782,banner,True,1782,1782,INTELLIGENCE SELECT COM ON INTEL - S.RES. 64B (113TH) EXPENSES OF INQUIRIES AND INVESTIGATIONS,,99,38,block_start
113sdoc22,GPO-CDOC-113sdoc22.pdf,1783,1783,banner,True,1783,1783,INTELLIGENCE SELECT COM ON INTEL - S.RES. 253B (113TH) EXPENSES OF INQUIRIES AND INVESTIGATIONS,,141,52,block_start
113sdoc22,GPO-CDOC-113sdoc22.pdf,1784,1784,data,True,1783,1783,INTELLIGENCE SELECT COM ON INTEL - S.RES. 253B (113TH) EXPENSES OF INQUIRIES AND INVESTIGATIONS,,169,53,block_data
113sdoc22,GPO-CDOC-113sdoc22.pdf,1785,1785,banner,True,1785,1785,JUDICIARY JUDICIARY - S.RES. 81C (112TH) EXPENSES OF INQUIRIES AND INVESTIGATIONS,,69,27,block_start
113sdoc22,GPO-CDOC-113sdoc22.pdf,1786,1786,banner,True,1786,1786,JUDICIARY JUDICIARY - S.RES. 81D (112TH) EXPENSES OF INQUIRIES AND INVESTIGATIONS,,69,27,block_start
113sdoc22,GPO-CDOC-113sdoc22.pdf,1787,1787,banner,True,1787,1787,JUDICIARY JUDICIARY - S.RES. 64B (113TH) EXPENSES OF INQUIRIES AND INVESTIGATIONS,,152,45,block_start
113sdoc22,GPO-CDOC-113sdoc22.pdf,1788,1788,banner,True,1788,1788,JUDICIARY JUDICIARY - S.RES. 253B (113TH) EXPENSES OF INQUIRIES AND INVESTIGATIONS,,141,51,block_start
113sdoc22,GPO-CDOC-113sdoc22.pdf,1789,1789,data,True,1788,1788,JUDICIARY JUDICIARY - S.RES. 253B (113TH) EXPENSES OF INQUIRIES AND INVESTIGATIONS,,185,64,block_data
113sdoc22,GPO-CDOC-113sdoc22.pdf,1790,1790,data,True,1788,1788,JUDICIARY JUDICIARY - S.RES. 253B (113TH) EXPENSES OF INQUIRIES AND INVESTIGATIONS,,198,62,block_data
113sdoc22,GPO-CDOC-113sdoc22.pdf,1791,1791,data,True,1788,1788,JUDICIARY JUDICIARY - S.RES. 253B (113TH) EXPENSES OF INQUIRIES AND INVESTIGATIONS,,333,58,block_data
113sdoc22,GPO-CDOC-113sdoc22.pdf,1792,1792,banner,True,1792,1792,RULES & ADMINISTRATION RULES & ADMINISTRATION S.RES. 81C(112TH) EXPENSES OF INQUIRIES AND INVESTIGATIONS,,72,31,block_start
113sdoc22,GPO-CDOC-113sdoc22.pdf,1793,1793,banner,True,1793,1793,RULES & ADMINISTRATION RULES & ADMINISTRATION S.RES. 81D(112TH) EXPENSES OF INQUIRIES AND INVESTIGATIONS,,72,31,block_start
113sdoc22,GPO-CDOC-113sdoc22.pdf,1794,1794,banner,True,1794,1794,RULES & ADMINISTRATION RULES & ADMINISTRATION S.RES. 64B(113TH) EXPENSES OF INQUIRIES AND INVESTIGATIONS,,114,42,block_start
113sdoc22,GPO-CDOC-113sdoc22.pdf,1795,1795,banner,True,1795,1795,RULES & ADMINISTRATION RULES & ADMINISTRATION S.RES. 253B(113TH) EXPENSES OF INQUIRIES AND INVESTIGATIONS,,141,51,block_start
113sdoc22,GPO-CDOC-113sdoc22.pdf,1796,1796,data,True,1795,1795,RULES & ADMINISTRATION RULES & ADMINISTRATION S.RES. 253B(113TH) EXPENSES OF INQUIRIES AND INVESTIGATIONS,,175,56,block_data
113sdoc22,GPO-CDOC-113sdoc22.pdf,1797,1797,banner,True,1797,1797,SMALL BUSINESS AND ENTREPRENEURSHIP SMALL BUS & ENTREP.- S.RES. 81C (112TH) EXPENSES OF INQUIRIES AND INVESTIGATIONS,,115,46,block_start
113sdoc22,GPO-CDOC-113sdoc22.pdf,1798,1798,banner,True,1798,1798,SMALL BUSINESS AND ENTREPRENEURSHIP SMALL BUS & ENTREP.- S.RES. 81D (112TH) EXPENSES OF INQUIRIES AND INVESTIGATIONS,,72,31,block_start
113sdoc22,GPO-CDOC-113sdoc22.pdf,1799,1799,banner,True,1799,1799,SMALL BUSINESS AND ENTREPRENEURSHIP SMALL BUS & ENTREP.- S.RES. 64B (113TH) EXPENSES OF INQUIRIES AND INVESTIGATIONS,,143,53,block_start
113sdoc22,GPO-CDOC-113sdoc22.pdf,1800,1800,data,True,1799,1799,SMALL BUSINESS AND ENTREPRENEURSHIP SMALL BUS & ENTREP.- S.RES. 64B (113TH) EXPENSES OF INQUIRIES AND INVESTIGATIONS,,123,44,block_data
113sdoc22,GPO-CDOC-113sdoc22.pdf,1801,1801,banner,True,1801,1801,SMALL BUSINESS AND ENTREPRENEURSHIP SMALL BUS & ENTREP.- S.RES. 253B (113TH) EXPENSES OF INQUIRIES AND INVESTIGATIONS,,141,51,block_start
113sdoc22,GPO-CDOC-113sdoc22.pdf,1802,1802,data,True,1801,1801,SMALL BUSINESS AND ENTREPRENEURSHIP SMALL BUS & ENTREP.- S.RES. 253B (113TH) EXPENSES OF INQUIRIES AND INVESTIGATIONS,,194,64,block_data
113sdoc22,GPO-CDOC-113sdoc22.pdf,1803,1803,data,True,1801,1801,SMALL BUSINESS AND ENTREPRENEURSHIP SMALL BUS & ENTREP.- S.RES. 253B (113TH) EXPENSES OF INQUIRIES AND INVESTIGATIONS,,241,62,block_data
113sdoc22,GPO-CDOC-113sdoc22.pdf,1804,1804,data,True,1801,1801,SMALL BUSINESS AND ENTREPRENEURSHIP SMALL BUS & ENTREP.- S.RES. 253B (113TH) EXPENSES OF INQUIRIES AND INVESTIGATIONS,,20,13,block_data
113sdoc22,GPO-CDOC-113sdoc22.pdf,1805,1805,banner,True,1805,1805,SPECIAL COMMITTEE ON AGING SPECIAL COM ON AGING S.RES. 81C (112TH) EXPENSES OF INQUIRIES AND INVESTIGATIONS,,76,30,block_start
113sdoc22,GPO-CDOC-113sdoc22.pdf,1806,1806,banner,True,1806,1806,SPECIAL COMMITTEE ON AGING SPECIAL COM ON AGING S.RES. 81D (112TH) EXPENSES OF INQUIRIES AND INVESTIGATIONS,,66,27,block_start
113sdoc22,GPO-CDOC-113sdoc22.pdf,1807,1807,banner,True,1807,1807,SPECIAL COMMITTEE ON AGING SPECIAL COM ON AGING S.RES. 64B (113TH) EXPENSES OF INQUIRIES AND INVESTIGATIONS,,155,52,block_start
113sdoc22,GPO-CDOC-113sdoc22.pdf,1808,1808,data,True,1807,1807,SPECIAL COMMITTEE ON AGING SPECIAL COM ON AGING S.RES. 64B (113TH) EXPENSES OF INQUIRIES AND INVESTIGATIONS,,88,25,block_data
113sdoc22,GPO-CDOC-113sdoc22.pdf,1809,1809,banner,True,1809,1809,SPECIAL COMMITTEE ON AGING SPECIAL COM ON AGING S.RES. 253B (113TH) EXPENSES OF INQUIRIES AND INVESTIGATIONS,,138,53,block_start
113sdoc22,GPO-CDOC-113sdoc22.pdf,1810,1810,data,True,1809,1809,SPECIAL COMMITTEE ON AGING SPECIAL COM ON AGING S.RES. 253B (113TH) EXPENSES OF INQUIRIES AND INVESTIGATIONS,,196,66,block_data
113sdoc22,GPO-CDOC-113sdoc22.pdf,1811,1811,data,True,1809,1809,SPECIAL COMMITTEE ON AGING SPECIAL COM ON AGING S.RES. 253B (113TH) EXPENSES OF INQUIRIES AND INVESTIGATIONS,,123,33,block_data
113sdoc22,GPO-CDOC-113sdoc22.pdf,1812,1812,banner,True,1812,1812,VETERANS' AFFAIRS VETERANS' AFFAIRS - S.RES. 81C (112TH) EXPENSES OF INQUIRIES AND INVESTIGATIONS,,69,27,block_start
113sdoc22,GPO-CDOC-113sdoc22.pdf,1813,1813,banner,True,1813,1813,VETERANS' AFFAIRS VETERANS' AFFAIRS - S.RES. 81D (112TH) EXPENSES OF INQUIRIES AND INVESTIGATIONS,,69,27,block_start
113sdoc22,GPO-CDOC-113sdoc22.pdf,1814,1814,banner,True,1814,1814,VETERANS' AFFAIRS VETERANS' AFFAIRS - S.RES. 64B (113TH) EXPENSES OF INQUIRIES AND INVESTIGATIONS,,157,50,block_start
113sdoc22,GPO-CDOC-113sdoc22.pdf,1815,1815,data,True,1814,1814,VETERANS' AFFAIRS VETERANS' AFFAIRS - S.RES. 64B (113TH) EXPENSES OF INQUIRIES AND INVESTIGATIONS,,46,19,block_data
113sdoc22,GPO-CDOC-113sdoc22.pdf,1816,1816,banner,True,1816,1816,VETERANS' AFFAIRS VETERANS' AFFAIRS - S.RES. 253B (113TH) EXPENSES OF INQUIRIES AND INVESTIGATIONS,,141,51,block_start
113sdoc22,GPO-CDOC-113sdoc22.pdf,1817,1817,data,True,1816,1816,VETERANS' AFFAIRS VETERANS' AFFAIRS - S.RES. 253B (113TH) EXPENSES OF INQUIRIES AND INVESTIGATIONS,,180,52,block_data
113sdoc22,GPO-CDOC-113sdoc22.pdf,1818,1818,banner,True,1818,1818,SPECIAL RESERVES - COMMITTEES SPECIAL RESERVES - S.RES. 81C (112TH) EXPENSES OF INQUIRIES AND INVESTIGATIONS,,52,26,block_start
113sdoc22,GPO-CDOC-113sdoc22.pdf,1819,1819,banner,True,1819,1819,SPECIAL RESERVES - COMMITTEES SPECIAL RESERVES - S.RES. 81D (112TH) EXPENSES OF INQUIRIES AND INVESTIGATIONS,,52,26,block_start
113sdoc22,GPO-CDOC-113sdoc22.pdf,1820,1820,banner,True,1820,1820,SPECIAL RESERVES - COMMITTEES SPECIAL RESERVES - S.RES. 64B (113TH) EXPENSES OF INQUIRIES AND INVESTIGATIONS,,52,26,block_start
113sdoc22,GPO-CDOC-113sdoc22.pdf,1821,1821,banner,True,1821,1821,SPECIAL RESERVES - COMMITTEES SPECIAL RESERVES - S.RES. 253B (113TH) EXPENSES OF INQUIRIES AND INVESTIGATIONS,,52,26,block_start
113sdoc22,GPO-CDOC-113sdoc22.pdf,1822,1822,other,False,1821,1821,SPECIAL RESERVES - COMMITTEES SPECIAL RESERVES - S.RES. 253B (113TH) EXPENSES OF INQUIRIES AND INVESTIGATIONS,,0,0,terminates_block
113sdoc22,GPO-CDOC-113sdoc22.pdf,1823,1823,banner,True,1823,1823,COMPENSATION OF MEMBERS,2014,140,47,block_start
113sdoc22,GPO-CDOC-113sdoc22.pdf,1824,1824,data,True,1823,1823,COMPENSATION OF MEMBERS,2014,137,46,block_data
113sdoc22,GPO-CDOC-113sdoc22.pdf,1825,1825,data,True,1823,1823,COMPENSATION OF MEMBERS,2014,127,43,block_data
113sdoc22,GPO-CDOC-113sdoc22.pdf,1826,1826,banner,True,1826,1826,COMPENSATION OF MEMBERS,2013,54,18,block_start
113sdoc22,GPO-CDOC-113sdoc22.pdf,1827,1827,banner,True,1827,1827,COMPENSATION OF MEMBERS,2012,53,18,block_start
113sdoc22,GPO-CDOC-113sdoc22.pdf,1828,1828,other,False,1827,1827,COMPENSATION OF MEMBERS,2012,0,0,terminates_block
113sdoc22,GPO-CDOC-113sdoc22.pdf,1829,1829,other,False,,,,,200,38,non_data
113sdoc22,GPO-CDOC-113sdoc22.pdf,1830,1830,other,False,,,,,182,35,non_data
113sdoc22,GPO-CDOC-113sdoc22.pdf,1831,1831,other,False,,,,,200,37,non_data
113sdoc22,GPO-CDOC-113sdoc22.pdf,1832,1832,other,False,,,,,143,37,non_data
113sdoc22,GPO-CDOC-113sdoc22.pdf,1833,1833,other,False,,,,,29,13,non_data
113sdoc22,GPO-CDOC-113sdoc22.pdf,1834,1834,other,False,,,,,200,37,non_data
113sdoc22,GPO-CDOC-113sdoc22.pdf,1835,1835,other,False,,,,,182,36,non_data
113sdoc22,GPO-CDOC-113sdoc22.pdf,1836,1836,other,False,,,,,200,37,non_data
113sdoc22,GPO-CDOC-113sdoc22.pdf,1837,1837,other,False,,,,,143,38,non_data
113sdoc22,GPO-CDOC-113sdoc22.pdf,1838,1838,other,False,,,,,30,14,non_data
