severity,reason,source_doc,source_pdf,reference_page,office,funding_year,label,expected,detail,exception_key
warning,banner_check_discrepancy,114sdoc7,GPO-CDOC-114sdoc7.pdf,19,CHAIRMAN MINORITY CONFERENCE COMMITTEE (D),2015,BANNER ORGANIZATION TOTALS,1624.32,status=fail; banner=1624.32; parsed_body=0.0. Banner checks are advisory; review against the source before treating this as a parser defect.,114sdoc7|banner_check_discrepancy|19|CHAIRMAN MINORITY CONFERENCE COMMITTEE (D)|2015|BANNER ORGANIZATION TOTALS|1624.32
warning,banner_check_discrepancy,114sdoc7,GPO-CDOC-114sdoc7.pdf,25,MINORITY LEADER (D),2015,BANNER ORGANIZATION TOTALS,28644.91,status=fail; banner=28644.91; parsed_body=275.0. Banner checks are advisory; review against the source before treating this as a parser defect.,114sdoc7|banner_check_discrepancy|25|MINORITY LEADER (D)|2015|BANNER ORGANIZATION TOTALS|28644.91
warning,banner_check_discrepancy,114sdoc7,GPO-CDOC-114sdoc7.pdf,28,MINORITY WHIP (D),2015,BANNER ORGANIZATION TOTALS,4173.41,status=fail; banner=4173.41; parsed_body=0.0. Banner checks are advisory; review against the source before treating this as a parser defect.,114sdoc7|banner_check_discrepancy|28|MINORITY WHIP (D)|2015|BANNER ORGANIZATION TOTALS|4173.41
warning,banner_check_missing,114sdoc7,GPO-CDOC-114sdoc7.pdf,32,PRESIDENT PRO TEMPORE (D),2013,BANNER NET PAYROLL,0.0,status=banner_missing; banner=0.0; parsed_body=0.0. Banner checks are advisory; review against the source before treating this as a parser defect.,114sdoc7|banner_check_missing|32|PRESIDENT PRO TEMPORE (D)|2013|BANNER NET PAYROLL|0.0
warning,banner_check_missing,114sdoc7,GPO-CDOC-114sdoc7.pdf,33,PRESIDENT PRO TEMPORE (D),2014,BANNER NET PAYROLL,0.0,status=banner_missing; banner=0.0; parsed_body=0.0. Banner checks are advisory; review against the source before treating this as a parser defect.,114sdoc7|banner_check_missing|33|PRESIDENT PRO TEMPORE (D)|2014|BANNER NET PAYROLL|0.0
warning,banner_check_discrepancy,114sdoc7,GPO-CDOC-114sdoc7.pdf,35,PRESIDENT PRO TEMPORE (R),2015,BANNER ORGANIZATION TOTALS,5986.54,status=fail; banner=5986.54; parsed_body=2768.39. Banner checks are advisory; review against the source before treating this as a parser defect.,114sdoc7|banner_check_discrepancy|35|PRESIDENT PRO TEMPORE (R)|2015|BANNER ORGANIZATION TOTALS|5986.54
warning,banner_check_discrepancy,114sdoc7,GPO-CDOC-114sdoc7.pdf,38,MAJORITY LEADER (R),2015,BANNER ORGANIZATION TOTALS,11835.75,status=fail; banner=11835.75; parsed_body=0.0. Banner checks are advisory; review against the source before treating this as a parser defect.,114sdoc7|banner_check_discrepancy|38|MAJORITY LEADER (R)|2015|BANNER ORGANIZATION TOTALS|11835.75
warning,banner_check_discrepancy,114sdoc7,GPO-CDOC-114sdoc7.pdf,41,MAJORITY WHIP (R),2015,BANNER ORGANIZATION TOTALS,2604.1,status=fail; banner=2604.1; parsed_body=0.0. Banner checks are advisory; review against the source before treating this as a parser defect.,114sdoc7|banner_check_discrepancy|41|MAJORITY WHIP (R)|2015|BANNER ORGANIZATION TOTALS|2604.1
warning,banner_check_discrepancy,114sdoc7,GPO-CDOC-114sdoc7.pdf,44,CHAIRMAN MAJORITY CONFERENCE COMMITTEE (R),2015,BANNER ORGANIZATION TOTALS,2302.98,status=fail; banner=2302.98; parsed_body=0.0. Banner checks are advisory; review against the source before treating this as a parser defect.,114sdoc7|banner_check_discrepancy|44|CHAIRMAN MAJORITY CONFERENCE COMMITTEE (R)|2015|BANNER ORGANIZATION TOTALS|2302.98
warning,banner_check_discrepancy,114sdoc7,GPO-CDOC-114sdoc7.pdf,47,CHAIRMAN MAJORITY POLICY COMMITTEE (R),2015,BANNER ORGANIZATION TOTALS,2011.56,status=fail; banner=2011.56; parsed_body=0.0. Banner checks are advisory; review against the source before treating this as a parser defect.,114sdoc7|banner_check_discrepancy|47|CHAIRMAN MAJORITY POLICY COMMITTEE (R)|2015|BANNER ORGANIZATION TOTALS|2011.56
warning,banner_check_missing,114sdoc7,GPO-CDOC-114sdoc7.pdf,54,APPROPRIATIONS,2013,BANNER NET PAYROLL,0.0,status=banner_missing; banner=0.0; parsed_body=0.0. Banner checks are advisory; review against the source before treating this as a parser defect.,114sdoc7|banner_check_missing|54|APPROPRIATIONS|2013|BANNER NET PAYROLL|0.0
warning,banner_check_missing,114sdoc7,GPO-CDOC-114sdoc7.pdf,55,APPROPRIATIONS,2014,BANNER NET PAYROLL,0.0,status=banner_missing; banner=0.0; parsed_body=0.0. Banner checks are advisory; review against the source before treating this as a parser defect.,114sdoc7|banner_check_missing|55|APPROPRIATIONS|2014|BANNER NET PAYROLL|0.0
error,unexpected_zero_records,114sdoc7,GPO-CDOC-114sdoc7.pdf,59,CHAPLAIN,2013,NET PAYROLL EXPENSES,25300.0,A normally itemized subtotal has no parsed records; exact review is required.,114sdoc7|unexpected_zero_records|59|CHAPLAIN|2013|NET PAYROLL EXPENSES|25300.0
warning,banner_check_discrepancy,114sdoc7,GPO-CDOC-114sdoc7.pdf,59,CHAPLAIN,2013,BANNER ORGANIZATION TOTALS,25300.0,status=fail; banner=25300.0; parsed_body=0.0. Banner checks are advisory; review against the source before treating this as a parser defect.,114sdoc7|banner_check_discrepancy|59|CHAPLAIN|2013|BANNER ORGANIZATION TOTALS|25300.0
error,unexpected_zero_records,114sdoc7,GPO-CDOC-114sdoc7.pdf,60,CHAPLAIN,2014,NET PAYROLL EXPENSES,6000.0,A normally itemized subtotal has no parsed records; exact review is required.,114sdoc7|unexpected_zero_records|60|CHAPLAIN|2014|NET PAYROLL EXPENSES|6000.0
warning,banner_check_discrepancy,114sdoc7,GPO-CDOC-114sdoc7.pdf,60,CHAPLAIN,2014,BANNER ORGANIZATION TOTALS,6000.0,status=fail; banner=6000.0; parsed_body=0.0. Banner checks are advisory; review against the source before treating this as a parser defect.,114sdoc7|banner_check_discrepancy|60|CHAPLAIN|2014|BANNER ORGANIZATION TOTALS|6000.0
warning,banner_check_discrepancy,114sdoc7,GPO-CDOC-114sdoc7.pdf,61,CHAPLAIN,2015,BANNER ORGANIZATION TOTALS,219949.84,status=fail; banner=219949.84; parsed_body=216349.8. Banner checks are advisory; review against the source before treating this as a parser defect.,114sdoc7|banner_check_discrepancy|61|CHAPLAIN|2015|BANNER ORGANIZATION TOTALS|219949.84
warning,banner_check_missing,114sdoc7,GPO-CDOC-114sdoc7.pdf,62,MAJORITY CONFERENCE COMMITTEE (D),2013,BANNER NET PAYROLL,0.0,status=banner_missing; banner=0.0; parsed_body=0.0. Banner checks are advisory; review against the source before treating this as a parser defect.,114sdoc7|banner_check_missing|62|MAJORITY CONFERENCE COMMITTEE (D)|2013|BANNER NET PAYROLL|0.0
warning,banner_check_missing,114sdoc7,GPO-CDOC-114sdoc7.pdf,63,MAJORITY CONFERENCE COMMITTEE (D),2014,BANNER NET PAYROLL,0.0,status=banner_missing; banner=0.0; parsed_body=0.0. Banner checks are advisory; review against the source before treating this as a parser defect.,114sdoc7|banner_check_missing|63|MAJORITY CONFERENCE COMMITTEE (D)|2014|BANNER NET PAYROLL|0.0
warning,banner_check_missing,114sdoc7,GPO-CDOC-114sdoc7.pdf,66,MAJORITY POLICY COMMITTEE (D),2013,BANNER NET PAYROLL,0.0,status=banner_missing; banner=0.0; parsed_body=0.0. Banner checks are advisory; review against the source before treating this as a parser defect.,114sdoc7|banner_check_missing|66|MAJORITY POLICY COMMITTEE (D)|2013|BANNER NET PAYROLL|0.0
warning,banner_check_missing,114sdoc7,GPO-CDOC-114sdoc7.pdf,67,MAJORITY POLICY COMMITTEE (D),2014,BANNER NET PAYROLL,0.0,status=banner_missing; banner=0.0; parsed_body=0.0. Banner checks are advisory; review against the source before treating this as a parser defect.,114sdoc7|banner_check_missing|67|MAJORITY POLICY COMMITTEE (D)|2014|BANNER NET PAYROLL|0.0
warning,banner_check_missing,114sdoc7,GPO-CDOC-114sdoc7.pdf,69,MAJORITY LEADER (D),2013,BANNER NET PAYROLL,0.0,status=banner_missing; banner=0.0; parsed_body=0.0. Banner checks are advisory; review against the source before treating this as a parser defect.,114sdoc7|banner_check_missing|69|MAJORITY LEADER (D)|2013|BANNER NET PAYROLL|0.0
warning,banner_check_missing,114sdoc7,GPO-CDOC-114sdoc7.pdf,70,MAJORITY LEADER (D),2014,BANNER NET PAYROLL,0.0,status=banner_missing; banner=0.0; parsed_body=0.0. Banner checks are advisory; review against the source before treating this as a parser defect.,114sdoc7|banner_check_missing|70|MAJORITY LEADER (D)|2014|BANNER NET PAYROLL|0.0
warning,banner_check_discrepancy,114sdoc7,GPO-CDOC-114sdoc7.pdf,71,MINORITY LEADER (D),2015,BANNER ORGANIZATION TOTALS,1228515.73,status=fail; banner=1228515.73; parsed_body=1328515.73. Banner checks are advisory; review against the source before treating this as a parser defect.,114sdoc7|banner_check_discrepancy|71|MINORITY LEADER (D)|2015|BANNER ORGANIZATION TOTALS|1228515.73
warning,banner_check_missing,114sdoc7,GPO-CDOC-114sdoc7.pdf,73,"SECRETARY, MAJORITY CONFERENCE COMM (D)",2013,BANNER NET PAYROLL,0.0,status=banner_missing; banner=0.0; parsed_body=0.0. Banner checks are advisory; review against the source before treating this as a parser defect.,"114sdoc7|banner_check_missing|73|SECRETARY, MAJORITY CONFERENCE COMM (D)|2013|BANNER NET PAYROLL|0.0"
warning,banner_check_missing,114sdoc7,GPO-CDOC-114sdoc7.pdf,74,"SECRETARY, MAJORITY CONFERENCE COMM (D)",2014,BANNER NET PAYROLL,0.0,status=banner_missing; banner=0.0; parsed_body=0.0. Banner checks are advisory; review against the source before treating this as a parser defect.,"114sdoc7|banner_check_missing|74|SECRETARY, MAJORITY CONFERENCE COMM (D)|2014|BANNER NET PAYROLL|0.0"
warning,banner_check_missing,114sdoc7,GPO-CDOC-114sdoc7.pdf,76,MAJORITY WHIP (D),2013,BANNER NET PAYROLL,0.0,status=banner_missing; banner=0.0; parsed_body=0.0. Banner checks are advisory; review against the source before treating this as a parser defect.,114sdoc7|banner_check_missing|76|MAJORITY WHIP (D)|2013|BANNER NET PAYROLL|0.0
warning,banner_check_missing,114sdoc7,GPO-CDOC-114sdoc7.pdf,77,MAJORITY WHIP (D),2014,BANNER NET PAYROLL,0.0,status=banner_missing; banner=0.0; parsed_body=0.0. Banner checks are advisory; review against the source before treating this as a parser defect.,114sdoc7|banner_check_missing|77|MAJORITY WHIP (D)|2014|BANNER NET PAYROLL|0.0
warning,banner_check_missing,114sdoc7,GPO-CDOC-114sdoc7.pdf,79,OFFICE OF THE VICE PRESIDENT (D) - BIDEN,2013,BANNER NET PAYROLL,0.0,status=banner_missing; banner=0.0; parsed_body=0.0. Banner checks are advisory; review against the source before treating this as a parser defect.,114sdoc7|banner_check_missing|79|OFFICE OF THE VICE PRESIDENT (D) - BIDEN|2013|BANNER NET PAYROLL|0.0
warning,banner_check_missing,114sdoc7,GPO-CDOC-114sdoc7.pdf,80,OFFICE OF THE VICE PRESIDENT (D) - BIDEN,2014,BANNER NET PAYROLL,0.0,status=banner_missing; banner=0.0; parsed_body=0.0. Banner checks are advisory; review against the source before treating this as a parser defect.,114sdoc7|banner_check_missing|80|OFFICE OF THE VICE PRESIDENT (D) - BIDEN|2014|BANNER NET PAYROLL|0.0
warning,banner_check_missing,114sdoc7,GPO-CDOC-114sdoc7.pdf,83,PRESIDENT PRO TEMPORE (D),2013,BANNER NET PAYROLL,0.0,status=banner_missing; banner=0.0; parsed_body=0.0. Banner checks are advisory; review against the source before treating this as a parser defect.,114sdoc7|banner_check_missing|83|PRESIDENT PRO TEMPORE (D)|2013|BANNER NET PAYROLL|0.0
warning,banner_check_missing,114sdoc7,GPO-CDOC-114sdoc7.pdf,84,PRESIDENT PRO TEMPORE (D),2014,BANNER NET PAYROLL,0.0,status=banner_missing; banner=0.0; parsed_body=0.0. Banner checks are advisory; review against the source before treating this as a parser defect.,114sdoc7|banner_check_missing|84|PRESIDENT PRO TEMPORE (D)|2014|BANNER NET PAYROLL|0.0
warning,banner_check_missing,114sdoc7,GPO-CDOC-114sdoc7.pdf,85,PRESIDENT PRO TEMPORE (D),2015,BANNER NET PAYROLL,0.0,status=banner_missing; banner=0.0; parsed_body=0.0. Banner checks are advisory; review against the source before treating this as a parser defect.,114sdoc7|banner_check_missing|85|PRESIDENT PRO TEMPORE (D)|2015|BANNER NET PAYROLL|0.0
warning,banner_check_missing,114sdoc7,GPO-CDOC-114sdoc7.pdf,88,MINORITY LEADER (R),2013,BANNER NET PAYROLL,0.0,status=banner_missing; banner=0.0; parsed_body=0.0. Banner checks are advisory; review against the source before treating this as a parser defect.,114sdoc7|banner_check_missing|88|MINORITY LEADER (R)|2013|BANNER NET PAYROLL|0.0
warning,banner_check_missing,114sdoc7,GPO-CDOC-114sdoc7.pdf,89,MINORITY LEADER (R),2014,BANNER NET PAYROLL,0.0,status=banner_missing; banner=0.0; parsed_body=0.0. Banner checks are advisory; review against the source before treating this as a parser defect.,114sdoc7|banner_check_missing|89|MINORITY LEADER (R)|2014|BANNER NET PAYROLL|0.0
warning,banner_check_missing,114sdoc7,GPO-CDOC-114sdoc7.pdf,91,"SECRETARY, MINORITY CONFERENCE COMM (R)",2013,BANNER NET PAYROLL,0.0,status=banner_missing; banner=0.0; parsed_body=0.0. Banner checks are advisory; review against the source before treating this as a parser defect.,"114sdoc7|banner_check_missing|91|SECRETARY, MINORITY CONFERENCE COMM (R)|2013|BANNER NET PAYROLL|0.0"
warning,banner_check_missing,114sdoc7,GPO-CDOC-114sdoc7.pdf,92,"SECRETARY, MINORITY CONFERENCE COMM (R)",2014,BANNER NET PAYROLL,0.0,status=banner_missing; banner=0.0; parsed_body=0.0. Banner checks are advisory; review against the source before treating this as a parser defect.,"114sdoc7|banner_check_missing|92|SECRETARY, MINORITY CONFERENCE COMM (R)|2014|BANNER NET PAYROLL|0.0"
warning,banner_check_missing,114sdoc7,GPO-CDOC-114sdoc7.pdf,94,MINORITY WHIP (R),2013,BANNER NET PAYROLL,0.0,status=banner_missing; banner=0.0; parsed_body=0.0. Banner checks are advisory; review against the source before treating this as a parser defect.,114sdoc7|banner_check_missing|94|MINORITY WHIP (R)|2013|BANNER NET PAYROLL|0.0
warning,banner_check_missing,114sdoc7,GPO-CDOC-114sdoc7.pdf,95,MINORITY WHIP (R),2014,BANNER NET PAYROLL,0.0,status=banner_missing; banner=0.0; parsed_body=0.0. Banner checks are advisory; review against the source before treating this as a parser defect.,114sdoc7|banner_check_missing|95|MINORITY WHIP (R)|2014|BANNER NET PAYROLL|0.0
warning,banner_check_missing,114sdoc7,GPO-CDOC-114sdoc7.pdf,97,MINORITY CONFERENCE COMMITTEE (R),2013,BANNER NET PAYROLL,0.0,status=banner_missing; banner=0.0; parsed_body=0.0. Banner checks are advisory; review against the source before treating this as a parser defect.,114sdoc7|banner_check_missing|97|MINORITY CONFERENCE COMMITTEE (R)|2013|BANNER NET PAYROLL|0.0
warning,banner_check_missing,114sdoc7,GPO-CDOC-114sdoc7.pdf,98,MINORITY CONFERENCE COMMITTEE (R),2014,BANNER NET PAYROLL,0.0,status=banner_missing; banner=0.0; parsed_body=0.0. Banner checks are advisory; review against the source before treating this as a parser defect.,114sdoc7|banner_check_missing|98|MINORITY CONFERENCE COMMITTEE (R)|2014|BANNER NET PAYROLL|0.0
warning,banner_check_missing,114sdoc7,GPO-CDOC-114sdoc7.pdf,100,MINORITY POLICY COMMITTEE (R),2013,BANNER NET PAYROLL,0.0,status=banner_missing; banner=0.0; parsed_body=0.0. Banner checks are advisory; review against the source before treating this as a parser defect.,114sdoc7|banner_check_missing|100|MINORITY POLICY COMMITTEE (R)|2013|BANNER NET PAYROLL|0.0
warning,banner_check_missing,114sdoc7,GPO-CDOC-114sdoc7.pdf,101,MINORITY POLICY COMMITTEE (R),2014,BANNER NET PAYROLL,0.0,status=banner_missing; banner=0.0; parsed_body=0.0. Banner checks are advisory; review against the source before treating this as a parser defect.,114sdoc7|banner_check_missing|101|MINORITY POLICY COMMITTEE (R)|2014|BANNER NET PAYROLL|0.0
warning,banner_check_missing,114sdoc7,GPO-CDOC-114sdoc7.pdf,103,SECRETARY FOR THE MAJORITY (D),2013,BANNER NET PAYROLL,0.0,status=banner_missing; banner=0.0; parsed_body=0.0. Banner checks are advisory; review against the source before treating this as a parser defect.,114sdoc7|banner_check_missing|103|SECRETARY FOR THE MAJORITY (D)|2013|BANNER NET PAYROLL|0.0
warning,banner_check_missing,114sdoc7,GPO-CDOC-114sdoc7.pdf,104,SECRETARY FOR THE MAJORITY (D),2014,BANNER NET PAYROLL,0.0,status=banner_missing; banner=0.0; parsed_body=0.0. Banner checks are advisory; review against the source before treating this as a parser defect.,114sdoc7|banner_check_missing|104|SECRETARY FOR THE MAJORITY (D)|2014|BANNER NET PAYROLL|0.0
warning,banner_check_missing,114sdoc7,GPO-CDOC-114sdoc7.pdf,106,SECRETARY FOR THE MINORITY (R),2013,BANNER NET PAYROLL,0.0,status=banner_missing; banner=0.0; parsed_body=0.0. Banner checks are advisory; review against the source before treating this as a parser defect.,114sdoc7|banner_check_missing|106|SECRETARY FOR THE MINORITY (R)|2013|BANNER NET PAYROLL|0.0
warning,banner_check_missing,114sdoc7,GPO-CDOC-114sdoc7.pdf,107,SECRETARY FOR THE MINORITY (R),2014,BANNER NET PAYROLL,0.0,status=banner_missing; banner=0.0; parsed_body=0.0. Banner checks are advisory; review against the source before treating this as a parser defect.,114sdoc7|banner_check_missing|107|SECRETARY FOR THE MINORITY (R)|2014|BANNER NET PAYROLL|0.0
warning,banner_check_missing,114sdoc7,GPO-CDOC-114sdoc7.pdf,109,SGT @ ARMS - CENTRAL OPERATIONS,2013,BANNER NET PAYROLL,0.0,status=banner_missing; banner=0.0; parsed_body=0.0. Banner checks are advisory; review against the source before treating this as a parser defect.,114sdoc7|banner_check_missing|109|SGT @ ARMS - CENTRAL OPERATIONS|2013|BANNER NET PAYROLL|0.0
warning,banner_check_missing,114sdoc7,GPO-CDOC-114sdoc7.pdf,110,SGT @ ARMS - CAPITOL DIVISION,2013,BANNER NET PAYROLL,0.0,status=banner_missing; banner=0.0; parsed_body=0.0. Banner checks are advisory; review against the source before treating this as a parser defect.,114sdoc7|banner_check_missing|110|SGT @ ARMS - CAPITOL DIVISION|2013|BANNER NET PAYROLL|0.0
warning,banner_check_missing,114sdoc7,GPO-CDOC-114sdoc7.pdf,111,SGT @ ARMS - IT SUPPORT SERVICES,2013,BANNER NET PAYROLL,0.0,status=banner_missing; banner=0.0; parsed_body=0.0. Banner checks are advisory; review against the source before treating this as a parser defect.,114sdoc7|banner_check_missing|111|SGT @ ARMS - IT SUPPORT SERVICES|2013|BANNER NET PAYROLL|0.0
warning,banner_check_missing,114sdoc7,GPO-CDOC-114sdoc7.pdf,112,SGT @ ARMS - STAFF OFFICES,2013,BANNER NET PAYROLL,0.0,status=banner_missing; banner=0.0; parsed_body=0.0. Banner checks are advisory; review against the source before treating this as a parser defect.,114sdoc7|banner_check_missing|112|SGT @ ARMS - STAFF OFFICES|2013|BANNER NET PAYROLL|0.0
warning,banner_check_missing,114sdoc7,GPO-CDOC-114sdoc7.pdf,113,SGT @ ARMS - TECHNOLOGY DEVELOPMENT SERVICES,2013,BANNER NET PAYROLL,0.0,status=banner_missing; banner=0.0; parsed_body=0.0. Banner checks are advisory; review against the source before treating this as a parser defect.,114sdoc7|banner_check_missing|113|SGT @ ARMS - TECHNOLOGY DEVELOPMENT SERVICES|2013|BANNER NET PAYROLL|0.0
warning,banner_check_missing,114sdoc7,GPO-CDOC-114sdoc7.pdf,114,SGT @ ARMS - CENTRAL OPERATIONS,2014,BANNER NET PAYROLL,0.0,status=banner_missing; banner=0.0; parsed_body=0.0. Banner checks are advisory; review against the source before treating this as a parser defect.,114sdoc7|banner_check_missing|114|SGT @ ARMS - CENTRAL OPERATIONS|2014|BANNER NET PAYROLL|0.0
warning,banner_check_missing,114sdoc7,GPO-CDOC-114sdoc7.pdf,115,SGT @ ARMS - CAPITOL DIVISION,2014,BANNER NET PAYROLL,0.0,status=banner_missing; banner=0.0; parsed_body=0.0. Banner checks are advisory; review against the source before treating this as a parser defect.,114sdoc7|banner_check_missing|115|SGT @ ARMS - CAPITOL DIVISION|2014|BANNER NET PAYROLL|0.0
warning,banner_check_missing,114sdoc7,GPO-CDOC-114sdoc7.pdf,116,SGT @ ARMS - IT SUPPORT SERVICES,2014,BANNER NET PAYROLL,0.0,status=banner_missing; banner=0.0; parsed_body=0.0. Banner checks are advisory; review against the source before treating this as a parser defect.,114sdoc7|banner_check_missing|116|SGT @ ARMS - IT SUPPORT SERVICES|2014|BANNER NET PAYROLL|0.0
warning,banner_check_missing,114sdoc7,GPO-CDOC-114sdoc7.pdf,117,SGT @ ARMS - STAFF OFFICES,2014,BANNER NET PAYROLL,0.0,status=banner_missing; banner=0.0; parsed_body=0.0. Banner checks are advisory; review against the source before treating this as a parser defect.,114sdoc7|banner_check_missing|117|SGT @ ARMS - STAFF OFFICES|2014|BANNER NET PAYROLL|0.0
warning,banner_check_discrepancy,114sdoc7,GPO-CDOC-114sdoc7.pdf,124,SGT @ ARMS - CAPITOL DIVISION,2015,BANNER ORGANIZATION TOTALS,7771391.14,status=fail; banner=7771391.14; parsed_body=7771447.43. Banner checks are advisory; review against the source before treating this as a parser defect.,114sdoc7|banner_check_discrepancy|124|SGT @ ARMS - CAPITOL DIVISION|2015|BANNER ORGANIZATION TOTALS|7771391.14
warning,banner_check_missing,114sdoc7,GPO-CDOC-114sdoc7.pdf,137,SECRETARY OF THE SENATE - ADMINISTRATIVE SERV.,2013,BANNER NET PAYROLL,0.0,status=banner_missing; banner=0.0; parsed_body=0.0. Banner checks are advisory; review against the source before treating this as a parser defect.,114sdoc7|banner_check_missing|137|SECRETARY OF THE SENATE - ADMINISTRATIVE SERV.|2013|BANNER NET PAYROLL|0.0
warning,banner_check_missing,114sdoc7,GPO-CDOC-114sdoc7.pdf,138,SECRETARY OF THE SENATE - EXECUTIVE OFFICE,2013,BANNER NET PAYROLL,0.0,status=banner_missing; banner=0.0; parsed_body=0.0. Banner checks are advisory; review against the source before treating this as a parser defect.,114sdoc7|banner_check_missing|138|SECRETARY OF THE SENATE - EXECUTIVE OFFICE|2013|BANNER NET PAYROLL|0.0
warning,banner_check_missing,114sdoc7,GPO-CDOC-114sdoc7.pdf,139,SECRETARY OF THE SENATE - LEGISLATIVE SERVICES,2013,BANNER NET PAYROLL,0.0,status=banner_missing; banner=0.0; parsed_body=0.0. Banner checks are advisory; review against the source before treating this as a parser defect.,114sdoc7|banner_check_missing|139|SECRETARY OF THE SENATE - LEGISLATIVE SERVICES|2013|BANNER NET PAYROLL|0.0
warning,banner_check_missing,114sdoc7,GPO-CDOC-114sdoc7.pdf,140,SECRETARY OF THE SENATE - ADMINISTRATIVE SERV.,2014,BANNER NET PAYROLL,0.0,status=banner_missing; banner=0.0; parsed_body=0.0. Banner checks are advisory; review against the source before treating this as a parser defect.,114sdoc7|banner_check_missing|140|SECRETARY OF THE SENATE - ADMINISTRATIVE SERV.|2014|BANNER NET PAYROLL|0.0
warning,banner_check_missing,114sdoc7,GPO-CDOC-114sdoc7.pdf,141,SECRETARY OF THE SENATE - EXECUTIVE OFFICE,2014,BANNER NET PAYROLL,0.0,status=banner_missing; banner=0.0; parsed_body=0.0. Banner checks are advisory; review against the source before treating this as a parser defect.,114sdoc7|banner_check_missing|141|SECRETARY OF THE SENATE - EXECUTIVE OFFICE|2014|BANNER NET PAYROLL|0.0
warning,banner_check_missing,114sdoc7,GPO-CDOC-114sdoc7.pdf,142,SECRETARY OF THE SENATE - LEGISLATIVE SERVICES,2014,BANNER NET PAYROLL,0.0,status=banner_missing; banner=0.0; parsed_body=0.0. Banner checks are advisory; review against the source before treating this as a parser defect.,114sdoc7|banner_check_missing|142|SECRETARY OF THE SENATE - LEGISLATIVE SERVICES|2014|BANNER NET PAYROLL|0.0
warning,banner_check_missing,114sdoc7,GPO-CDOC-114sdoc7.pdf,143,"WORKERS COMPENSATION FUND (P.L. 113-76, DIV. I, SEC. 1. CA)",2014,BANNER NET PAYROLL,0.0,status=banner_missing; banner=0.0; parsed_body=0.0. Banner checks are advisory; review against the source before treating this as a parser defect.,"114sdoc7|banner_check_missing|143|WORKERS COMPENSATION FUND (P.L. 113-76, DIV. I, SEC. 1. CA)|2014|BANNER NET PAYROLL|0.0"
warning,banner_check_missing,114sdoc7,GPO-CDOC-114sdoc7.pdf,152,SGT @ ARMS - TECHNOLOGY DEVELOPMENT SERVICES,2014,BANNER NET PAYROLL,0.0,status=banner_missing; banner=0.0; parsed_body=0.0. Banner checks are advisory; review against the source before treating this as a parser defect.,114sdoc7|banner_check_missing|152|SGT @ ARMS - TECHNOLOGY DEVELOPMENT SERVICES|2014|BANNER NET PAYROLL|0.0
warning,banner_check_discrepancy,114sdoc7,GPO-CDOC-114sdoc7.pdf,153,SGT @ ARMS - TECHNOLOGY DEVELOPMENT SERVICES,2015,BANNER ORGANIZATION TOTALS,7542011.36,status=fail; banner=7542011.36; parsed_body=7541955.07. Banner checks are advisory; review against the source before treating this as a parser defect.,114sdoc7|banner_check_discrepancy|153|SGT @ ARMS - TECHNOLOGY DEVELOPMENT SERVICES|2015|BANNER ORGANIZATION TOTALS|7542011.36
warning,banner_check_missing,114sdoc7,GPO-CDOC-114sdoc7.pdf,156,APPROPRIATIONS,,BANNER NET PAYROLL,0.0,status=banner_missing; banner=0.0; parsed_body=0.0. Banner checks are advisory; review against the source before treating this as a parser defect.,114sdoc7|banner_check_missing|156|APPROPRIATIONS||BANNER NET PAYROLL|0.0
warning,banner_check_missing,114sdoc7,GPO-CDOC-114sdoc7.pdf,157,APPROPRIATIONS,,BANNER NET PAYROLL,13729.35,status=banner_missing; banner=13729.35; parsed_body=0.0. Banner checks are advisory; review against the source before treating this as a parser defect.,114sdoc7|banner_check_missing|157|APPROPRIATIONS||BANNER NET PAYROLL|13729.35
warning,banner_check_discrepancy,114sdoc7,GPO-CDOC-114sdoc7.pdf,157,APPROPRIATIONS,,BANNER ORGANIZATION TOTALS,79054.44,status=fail; banner=79054.44; parsed_body=60043.07. Banner checks are advisory; review against the source before treating this as a parser defect.,114sdoc7|banner_check_discrepancy|157|APPROPRIATIONS||BANNER ORGANIZATION TOTALS|79054.44
warning,banner_check_discrepancy,114sdoc7,GPO-CDOC-114sdoc7.pdf,161,APPROPRIATIONS,,BANNER ORGANIZATION TOTALS,73687.26,status=fail; banner=73687.26; parsed_body=533.3. Banner checks are advisory; review against the source before treating this as a parser defect.,114sdoc7|banner_check_discrepancy|161|APPROPRIATIONS||BANNER ORGANIZATION TOTALS|73687.26
warning,banner_check_missing,114sdoc7,GPO-CDOC-114sdoc7.pdf,162,CHAPLAIN,,BANNER NET PAYROLL,0.0,status=banner_missing; banner=0.0; parsed_body=0.0. Banner checks are advisory; review against the source before treating this as a parser defect.,114sdoc7|banner_check_missing|162|CHAPLAIN||BANNER NET PAYROLL|0.0
warning,banner_check_missing,114sdoc7,GPO-CDOC-114sdoc7.pdf,163,CHAPLAIN,,BANNER NET PAYROLL,0.0,status=banner_missing; banner=0.0; parsed_body=0.0. Banner checks are advisory; review against the source before treating this as a parser defect.,114sdoc7|banner_check_missing|163|CHAPLAIN||BANNER NET PAYROLL|0.0
warning,banner_check_discrepancy,114sdoc7,GPO-CDOC-114sdoc7.pdf,163,CHAPLAIN,,BANNER ORGANIZATION TOTALS,95.6,status=fail; banner=95.6; parsed_body=0.0. Banner checks are advisory; review against the source before treating this as a parser defect.,114sdoc7|banner_check_discrepancy|163|CHAPLAIN||BANNER ORGANIZATION TOTALS|95.6
warning,banner_check_missing,114sdoc7,GPO-CDOC-114sdoc7.pdf,164,CHAPLAIN,,BANNER NET PAYROLL,0.0,status=banner_missing; banner=0.0; parsed_body=0.0. Banner checks are advisory; review against the source before treating this as a parser defect.,114sdoc7|banner_check_missing|164|CHAPLAIN||BANNER NET PAYROLL|0.0
warning,banner_check_discrepancy,114sdoc7,GPO-CDOC-114sdoc7.pdf,164,CHAPLAIN,,BANNER ORGANIZATION TOTALS,15928.41,status=fail; banner=15928.41; parsed_body=2197.6. Banner checks are advisory; review against the source before treating this as a parser defect.,114sdoc7|banner_check_discrepancy|164|CHAPLAIN||BANNER ORGANIZATION TOTALS|15928.41
warning,banner_check_discrepancy,114sdoc7,GPO-CDOC-114sdoc7.pdf,165,CHAPLAIN,,BANNER ORGANIZATION TOTALS,4257.92,status=fail; banner=4257.92; parsed_body=1182.03. Banner checks are advisory; review against the source before treating this as a parser defect.,114sdoc7|banner_check_discrepancy|165|CHAPLAIN||BANNER ORGANIZATION TOTALS|4257.92
warning,banner_check_missing,114sdoc7,GPO-CDOC-114sdoc7.pdf,166,MAJORITY CONFERENCE COMMITTEE (D),,BANNER NET PAYROLL,0.0,status=banner_missing; banner=0.0; parsed_body=0.0. Banner checks are advisory; review against the source before treating this as a parser defect.,114sdoc7|banner_check_missing|166|MAJORITY CONFERENCE COMMITTEE (D)||BANNER NET PAYROLL|0.0
warning,banner_check_missing,114sdoc7,GPO-CDOC-114sdoc7.pdf,168,MAJORITY CONFERENCE COMMITTEE (D),,BANNER NET PAYROLL,0.0,status=banner_missing; banner=0.0; parsed_body=0.0. Banner checks are advisory; review against the source before treating this as a parser defect.,114sdoc7|banner_check_missing|168|MAJORITY CONFERENCE COMMITTEE (D)||BANNER NET PAYROLL|0.0
warning,banner_check_missing,114sdoc7,GPO-CDOC-114sdoc7.pdf,170,MAJORITY CONFERENCE COMMITTEE (D),,BANNER NET PAYROLL,0.0,status=banner_missing; banner=0.0; parsed_body=0.0. Banner checks are advisory; review against the source before treating this as a parser defect.,114sdoc7|banner_check_missing|170|MAJORITY CONFERENCE COMMITTEE (D)||BANNER NET PAYROLL|0.0
warning,banner_check_discrepancy,114sdoc7,GPO-CDOC-114sdoc7.pdf,171,MINORITY CONFERENCE COMMITTEE (D),,BANNER ORGANIZATION TOTALS,26002.27,status=fail; banner=26002.27; parsed_body=16736.99. Banner checks are advisory; review against the source before treating this as a parser defect.,114sdoc7|banner_check_discrepancy|171|MINORITY CONFERENCE COMMITTEE (D)||BANNER ORGANIZATION TOTALS|26002.27
warning,banner_check_missing,114sdoc7,GPO-CDOC-114sdoc7.pdf,173,MAJORITY POLICY COMMITTEE (D),,BANNER NET PAYROLL,0.0,status=banner_missing; banner=0.0; parsed_body=0.0. Banner checks are advisory; review against the source before treating this as a parser defect.,114sdoc7|banner_check_missing|173|MAJORITY POLICY COMMITTEE (D)||BANNER NET PAYROLL|0.0
warning,banner_check_missing,114sdoc7,GPO-CDOC-114sdoc7.pdf,175,MAJORITY POLICY COMMITTEE (D),,BANNER NET PAYROLL,0.0,status=banner_missing; banner=0.0; parsed_body=0.0. Banner checks are advisory; review against the source before treating this as a parser defect.,114sdoc7|banner_check_missing|175|MAJORITY POLICY COMMITTEE (D)||BANNER NET PAYROLL|0.0
warning,banner_check_missing,114sdoc7,GPO-CDOC-114sdoc7.pdf,177,MAJORITY POLICY COMMITTEE (D),,BANNER NET PAYROLL,0.0,status=banner_missing; banner=0.0; parsed_body=0.0. Banner checks are advisory; review against the source before treating this as a parser defect.,114sdoc7|banner_check_missing|177|MAJORITY POLICY COMMITTEE (D)||BANNER NET PAYROLL|0.0
warning,banner_check_discrepancy,114sdoc7,GPO-CDOC-114sdoc7.pdf,179,MINORITY POLICY COMMITTEE (D),,BANNER ORGANIZATION TOTALS,28109.66,status=fail; banner=28109.66; parsed_body=15609.72. Banner checks are advisory; review against the source before treating this as a parser defect.,114sdoc7|banner_check_discrepancy|179|MINORITY POLICY COMMITTEE (D)||BANNER ORGANIZATION TOTALS|28109.66
warning,banner_check_missing,114sdoc7,GPO-CDOC-114sdoc7.pdf,185,MINORITY LEADER (R),2013,BANNER NET PAYROLL,0.0,status=banner_missing; banner=0.0; parsed_body=0.0. Banner checks are advisory; review against the source before treating this as a parser defect.,114sdoc7|banner_check_missing|185|MINORITY LEADER (R)|2013|BANNER NET PAYROLL|0.0
warning,banner_check_missing,114sdoc7,GPO-CDOC-114sdoc7.pdf,186,MINORITY LEADER (R),2014,BANNER NET PAYROLL,0.0,status=banner_missing; banner=0.0; parsed_body=0.0. Banner checks are advisory; review against the source before treating this as a parser defect.,114sdoc7|banner_check_missing|186|MINORITY LEADER (R)|2014|BANNER NET PAYROLL|0.0
warning,banner_check_discrepancy,114sdoc7,GPO-CDOC-114sdoc7.pdf,187,MAJORITY LEADER (R),2015,BANNER ORGANIZATION TOTALS,20058.46,status=fail; banner=20058.46; parsed_body=5678.15. Banner checks are advisory; review against the source before treating this as a parser defect.,114sdoc7|banner_check_discrepancy|187|MAJORITY LEADER (R)|2015|BANNER ORGANIZATION TOTALS|20058.46
warning,banner_check_discrepancy,114sdoc7,GPO-CDOC-114sdoc7.pdf,190,MINORITY WHIP (R),2014,BANNER ORGANIZATION TOTALS,40.0,status=fail; banner=40.0; parsed_body=0.0. Banner checks are advisory; review against the source before treating this as a parser defect.,114sdoc7|banner_check_discrepancy|190|MINORITY WHIP (R)|2014|BANNER ORGANIZATION TOTALS|40.0
warning,banner_check_discrepancy,114sdoc7,GPO-CDOC-114sdoc7.pdf,191,MAJORITY WHIP (R),2015,BANNER ORGANIZATION TOTALS,6288.45,status=fail; banner=6288.45; parsed_body=1172.47. Banner checks are advisory; review against the source before treating this as a parser defect.,114sdoc7|banner_check_discrepancy|191|MAJORITY WHIP (R)|2015|BANNER ORGANIZATION TOTALS|6288.45
warning,banner_check_missing,114sdoc7,GPO-CDOC-114sdoc7.pdf,192,MINORITY CONFERENCE COMMITTEE (R),,BANNER NET PAYROLL,0.0,status=banner_missing; banner=0.0; parsed_body=0.0. Banner checks are advisory; review against the source before treating this as a parser defect.,114sdoc7|banner_check_missing|192|MINORITY CONFERENCE COMMITTEE (R)||BANNER NET PAYROLL|0.0
warning,banner_check_missing,114sdoc7,GPO-CDOC-114sdoc7.pdf,193,MINORITY CONFERENCE COMMITTEE (R),,BANNER NET PAYROLL,0.0,status=banner_missing; banner=0.0; parsed_body=0.0. Banner checks are advisory; review against the source before treating this as a parser defect.,114sdoc7|banner_check_missing|193|MINORITY CONFERENCE COMMITTEE (R)||BANNER NET PAYROLL|0.0
warning,banner_check_discrepancy,114sdoc7,GPO-CDOC-114sdoc7.pdf,194,MINORITY CONFERENCE COMMITTEE (R),,BANNER ORGANIZATION TOTALS,3712.83,status=fail; banner=3712.83; parsed_body=1997.7. Banner checks are advisory; review against the source before treating this as a parser defect.,114sdoc7|banner_check_discrepancy|194|MINORITY CONFERENCE COMMITTEE (R)||BANNER ORGANIZATION TOTALS|3712.83
warning,banner_check_discrepancy,114sdoc7,GPO-CDOC-114sdoc7.pdf,195,MAJORITY CONFERENCE COMMITTEE (R),,BANNER ORGANIZATION TOTALS,44665.05,status=fail; banner=44665.05; parsed_body=13346.5. Banner checks are advisory; review against the source before treating this as a parser defect.,114sdoc7|banner_check_discrepancy|195|MAJORITY CONFERENCE COMMITTEE (R)||BANNER ORGANIZATION TOTALS|44665.05
warning,banner_check_missing,114sdoc7,GPO-CDOC-114sdoc7.pdf,197,MINORITY POLICY COMMITTEE (R),,BANNER NET PAYROLL,0.0,status=banner_missing; banner=0.0; parsed_body=0.0. Banner checks are advisory; review against the source before treating this as a parser defect.,114sdoc7|banner_check_missing|197|MINORITY POLICY COMMITTEE (R)||BANNER NET PAYROLL|0.0
warning,banner_check_missing,114sdoc7,GPO-CDOC-114sdoc7.pdf,198,MINORITY POLICY COMMITTEE (R),,BANNER NET PAYROLL,0.0,status=banner_missing; banner=0.0; parsed_body=0.0. Banner checks are advisory; review against the source before treating this as a parser defect.,114sdoc7|banner_check_missing|198|MINORITY POLICY COMMITTEE (R)||BANNER NET PAYROLL|0.0
warning,banner_check_missing,114sdoc7,GPO-CDOC-114sdoc7.pdf,199,MINORITY POLICY COMMITTEE (R),,BANNER NET PAYROLL,0.0,status=banner_missing; banner=0.0; parsed_body=0.0. Banner checks are advisory; review against the source before treating this as a parser defect.,114sdoc7|banner_check_missing|199|MINORITY POLICY COMMITTEE (R)||BANNER NET PAYROLL|0.0
warning,banner_check_discrepancy,114sdoc7,GPO-CDOC-114sdoc7.pdf,199,MINORITY POLICY COMMITTEE (R),,BANNER ORGANIZATION TOTALS,399.0,status=fail; banner=399.0; parsed_body=0.0. Banner checks are advisory; review against the source before treating this as a parser defect.,114sdoc7|banner_check_discrepancy|199|MINORITY POLICY COMMITTEE (R)||BANNER ORGANIZATION TOTALS|399.0
warning,banner_check_discrepancy,114sdoc7,GPO-CDOC-114sdoc7.pdf,200,MAJORITY POLICY COMMITTEE (R),,BANNER ORGANIZATION TOTALS,28681.18,status=fail; banner=28681.18; parsed_body=5142.2. Banner checks are advisory; review against the source before treating this as a parser defect.,114sdoc7|banner_check_discrepancy|200|MAJORITY POLICY COMMITTEE (R)||BANNER ORGANIZATION TOTALS|28681.18
warning,banner_check_discrepancy,114sdoc7,GPO-CDOC-114sdoc7.pdf,201,SECRETARY FOR THE MAJORITY (R),2015,BANNER ORGANIZATION TOTALS,1263.58,status=fail; banner=1263.58; parsed_body=833.0. Banner checks are advisory; review against the source before treating this as a parser defect.,114sdoc7|banner_check_discrepancy|201|SECRETARY FOR THE MAJORITY (R)|2015|BANNER ORGANIZATION TOTALS|1263.58
warning,banner_check_missing,114sdoc7,GPO-CDOC-114sdoc7.pdf,202,SENATE CHILD CARE CENTER,,BANNER NET PAYROLL,0.0,status=banner_missing; banner=0.0; parsed_body=0.0. Banner checks are advisory; review against the source before treating this as a parser defect.,114sdoc7|banner_check_missing|202|SENATE CHILD CARE CENTER||BANNER NET PAYROLL|0.0
warning,banner_check_missing,114sdoc7,GPO-CDOC-114sdoc7.pdf,207,CONSULTANTS,,BANNER NET PAYROLL,0.0,status=banner_missing; banner=0.0; parsed_body=0.0. Banner checks are advisory; review against the source before treating this as a parser defect.,114sdoc7|banner_check_missing|207|CONSULTANTS||BANNER NET PAYROLL|0.0
warning,banner_check_missing,114sdoc7,GPO-CDOC-114sdoc7.pdf,208,CONSULTANTS,,BANNER NET PAYROLL,0.0,status=banner_missing; banner=0.0; parsed_body=0.0. Banner checks are advisory; review against the source before treating this as a parser defect.,114sdoc7|banner_check_missing|208|CONSULTANTS||BANNER NET PAYROLL|0.0
warning,banner_check_missing,114sdoc7,GPO-CDOC-114sdoc7.pdf,211,EMPLOYEE COMPENSATION FUND,,BANNER NET PAYROLL,0.0,status=banner_missing; banner=0.0; parsed_body=0.0. Banner checks are advisory; review against the source before treating this as a parser defect.,114sdoc7|banner_check_missing|211|EMPLOYEE COMPENSATION FUND||BANNER NET PAYROLL|0.0
warning,banner_check_missing,114sdoc7,GPO-CDOC-114sdoc7.pdf,212,EMPLOYEE COMPENSATION FUND,,BANNER NET PAYROLL,0.0,status=banner_missing; banner=0.0; parsed_body=0.0. Banner checks are advisory; review against the source before treating this as a parser defect.,114sdoc7|banner_check_missing|212|EMPLOYEE COMPENSATION FUND||BANNER NET PAYROLL|0.0
warning,banner_check_missing,114sdoc7,GPO-CDOC-114sdoc7.pdf,213,EMPLOYEE COMPENSATION FUND,,BANNER NET PAYROLL,0.0,status=banner_missing; banner=0.0; parsed_body=0.0. Banner checks are advisory; review against the source before treating this as a parser defect.,114sdoc7|banner_check_missing|213|EMPLOYEE COMPENSATION FUND||BANNER NET PAYROLL|0.0
warning,banner_check_missing,114sdoc7,GPO-CDOC-114sdoc7.pdf,215,FEDERAL EMPLOYEES COMPENSATION ACCOUNT,,BANNER NET PAYROLL,0.0,status=banner_missing; banner=0.0; parsed_body=0.0. Banner checks are advisory; review against the source before treating this as a parser defect.,114sdoc7|banner_check_missing|215|FEDERAL EMPLOYEES COMPENSATION ACCOUNT||BANNER NET PAYROLL|0.0
warning,banner_check_discrepancy,114sdoc7,GPO-CDOC-114sdoc7.pdf,230,MOBILE COMMUNICATIONS DEVICES,,BANNER ORGANIZATION TOTALS,9745.68,status=fail; banner=9745.68; parsed_body=450.48. Banner checks are advisory; review against the source before treating this as a parser defect.,114sdoc7|banner_check_discrepancy|230|MOBILE COMMUNICATIONS DEVICES||BANNER ORGANIZATION TOTALS|9745.68
warning,banner_check_missing,114sdoc7,GPO-CDOC-114sdoc7.pdf,231,RESERVE FOR CONTINGENCIES,,BANNER NET PAYROLL,0.0,status=banner_missing; banner=0.0; parsed_body=0.0. Banner checks are advisory; review against the source before treating this as a parser defect.,114sdoc7|banner_check_missing|231|RESERVE FOR CONTINGENCIES||BANNER NET PAYROLL|0.0
warning,banner_check_discrepancy,114sdoc7,GPO-CDOC-114sdoc7.pdf,234,RESERVE FOR CONTINGENCIES,,BANNER ORGANIZATION TOTALS,355551.98,status=fail; banner=355551.98; parsed_body=356152.98. Banner checks are advisory; review against the source before treating this as a parser defect.,114sdoc7|banner_check_discrepancy|234|RESERVE FOR CONTINGENCIES||BANNER ORGANIZATION TOTALS|355551.98
warning,banner_check_missing,114sdoc7,GPO-CDOC-114sdoc7.pdf,239,RESOLUTION & REORGANIZATION RESERVE,,BANNER NET PAYROLL,0.0,status=banner_missing; banner=0.0; parsed_body=0.0. Banner checks are advisory; review against the source before treating this as a parser defect.,114sdoc7|banner_check_missing|239|RESOLUTION & REORGANIZATION RESERVE||BANNER NET PAYROLL|0.0
warning,banner_check_missing,114sdoc7,GPO-CDOC-114sdoc7.pdf,240,RESOLUTION & REORGANIZATION RESERVE,,BANNER NET PAYROLL,0.0,status=banner_missing; banner=0.0; parsed_body=0.0. Banner checks are advisory; review against the source before treating this as a parser defect.,114sdoc7|banner_check_missing|240|RESOLUTION & REORGANIZATION RESERVE||BANNER NET PAYROLL|0.0
warning,banner_check_discrepancy,114sdoc7,GPO-CDOC-114sdoc7.pdf,241,RESOLUTION & REORGANIZATION RESERVE,,BANNER ORGANIZATION TOTALS,85480.97,status=fail; banner=85480.97; parsed_body=57078.26. Banner checks are advisory; review against the source before treating this as a parser defect.,114sdoc7|banner_check_discrepancy|241|RESOLUTION & REORGANIZATION RESERVE||BANNER ORGANIZATION TOTALS|85480.97
warning,banner_check_discrepancy,114sdoc7,GPO-CDOC-114sdoc7.pdf,242,RESOLUTION & REORGANIZATION RESERVE,,BANNER ORGANIZATION TOTALS,99132.19,status=fail; banner=99132.19; parsed_body=331334.82. Banner checks are advisory; review against the source before treating this as a parser defect.,114sdoc7|banner_check_discrepancy|242|RESOLUTION & REORGANIZATION RESERVE||BANNER ORGANIZATION TOTALS|99132.19
warning,banner_check_missing,114sdoc7,GPO-CDOC-114sdoc7.pdf,244,JOINT SELECT COMMITTEE ON DEFICIT REDUCTION,,BANNER NET PAYROLL,0.0,status=banner_missing; banner=0.0; parsed_body=0.0. Banner checks are advisory; review against the source before treating this as a parser defect.,114sdoc7|banner_check_missing|244|JOINT SELECT COMMITTEE ON DEFICIT REDUCTION||BANNER NET PAYROLL|0.0
warning,banner_check_missing,114sdoc7,GPO-CDOC-114sdoc7.pdf,245,NATL SECURITY WORKING GRP-MAJ ADMIN CO-CHAIR (KERRY),,BANNER NET PAYROLL,0.0,status=banner_missing; banner=0.0; parsed_body=0.0. Banner checks are advisory; review against the source before treating this as a parser defect.,114sdoc7|banner_check_missing|245|NATL SECURITY WORKING GRP-MAJ ADMIN CO-CHAIR (KERRY)||BANNER NET PAYROLL|0.0
warning,banner_check_missing,114sdoc7,GPO-CDOC-114sdoc7.pdf,246,NATL SECURITY WORKING GRP-MAJ ADMIN CO-CHAIR (FEINSTEIN),,BANNER NET PAYROLL,0.0,status=banner_missing; banner=0.0; parsed_body=0.0. Banner checks are advisory; review against the source before treating this as a parser defect.,114sdoc7|banner_check_missing|246|NATL SECURITY WORKING GRP-MAJ ADMIN CO-CHAIR (FEINSTEIN)||BANNER NET PAYROLL|0.0
warning,banner_check_missing,114sdoc7,GPO-CDOC-114sdoc7.pdf,249,NATL SECURITY WORKING GRP-MAJ CO-CHAIR (LEVIN),,BANNER NET PAYROLL,0.0,status=banner_missing; banner=0.0; parsed_body=0.0. Banner checks are advisory; review against the source before treating this as a parser defect.,114sdoc7|banner_check_missing|249|NATL SECURITY WORKING GRP-MAJ CO-CHAIR (LEVIN)||BANNER NET PAYROLL|0.0
warning,banner_check_missing,114sdoc7,GPO-CDOC-114sdoc7.pdf,250,NATL SECURITY WORKING GRP-MAJ CO-CHAIR (LEVIN),,BANNER NET PAYROLL,0.0,status=banner_missing; banner=0.0; parsed_body=0.0. Banner checks are advisory; review against the source before treating this as a parser defect.,114sdoc7|banner_check_missing|250|NATL SECURITY WORKING GRP-MAJ CO-CHAIR (LEVIN)||BANNER NET PAYROLL|0.0
warning,banner_check_missing,114sdoc7,GPO-CDOC-114sdoc7.pdf,254,NATL SECURITY WORKING GRP-MAJ CO-CHAIR (MIKULSKI),,BANNER NET PAYROLL,0.0,status=banner_missing; banner=0.0; parsed_body=0.0. Banner checks are advisory; review against the source before treating this as a parser defect.,114sdoc7|banner_check_missing|254|NATL SECURITY WORKING GRP-MAJ CO-CHAIR (MIKULSKI)||BANNER NET PAYROLL|0.0
error,unexpected_zero_records,114sdoc7,GPO-CDOC-114sdoc7.pdf,260,NATL SECURITY WORKING GRP-MIN CO-CHAIR (MENENDEZ),,NET PAYROLL EXPENSES,60000.0,A normally itemized subtotal has no parsed records; exact review is required.,114sdoc7|unexpected_zero_records|260|NATL SECURITY WORKING GRP-MIN CO-CHAIR (MENENDEZ)||NET PAYROLL EXPENSES|60000.0
warning,banner_check_discrepancy,114sdoc7,GPO-CDOC-114sdoc7.pdf,260,NATL SECURITY WORKING GRP-MIN CO-CHAIR (MENENDEZ),,BANNER ORGANIZATION TOTALS,60000.0,status=fail; banner=60000.0; parsed_body=0.0. Banner checks are advisory; review against the source before treating this as a parser defect.,114sdoc7|banner_check_discrepancy|260|NATL SECURITY WORKING GRP-MIN CO-CHAIR (MENENDEZ)||BANNER ORGANIZATION TOTALS|60000.0
warning,banner_check_missing,114sdoc7,GPO-CDOC-114sdoc7.pdf,261,NATL SECURITY WORKING GRP-MAJ LEADER (REID),,BANNER NET PAYROLL,0.0,status=banner_missing; banner=0.0; parsed_body=0.0. Banner checks are advisory; review against the source before treating this as a parser defect.,114sdoc7|banner_check_missing|261|NATL SECURITY WORKING GRP-MAJ LEADER (REID)||BANNER NET PAYROLL|0.0
warning,banner_check_missing,114sdoc7,GPO-CDOC-114sdoc7.pdf,262,NATL SECURITY WORKING GRP-MAJ LEADER (REID),,BANNER NET PAYROLL,0.0,status=banner_missing; banner=0.0; parsed_body=0.0. Banner checks are advisory; review against the source before treating this as a parser defect.,114sdoc7|banner_check_missing|262|NATL SECURITY WORKING GRP-MAJ LEADER (REID)||BANNER NET PAYROLL|0.0
warning,banner_check_missing,114sdoc7,GPO-CDOC-114sdoc7.pdf,263,NATL SECURITY WORKING GRP-MAJ LEADER (REID),,BANNER NET PAYROLL,0.0,status=banner_missing; banner=0.0; parsed_body=0.0. Banner checks are advisory; review against the source before treating this as a parser defect.,114sdoc7|banner_check_missing|263|NATL SECURITY WORKING GRP-MAJ LEADER (REID)||BANNER NET PAYROLL|0.0
error,unexpected_zero_records,114sdoc7,GPO-CDOC-114sdoc7.pdf,264,NATL SECURITY WORKING GRP-MIN LEADER (REID),,NET PAYROLL EXPENSES,100000.0,A normally itemized subtotal has no parsed records; exact review is required.,114sdoc7|unexpected_zero_records|264|NATL SECURITY WORKING GRP-MIN LEADER (REID)||NET PAYROLL EXPENSES|100000.0
warning,banner_check_discrepancy,114sdoc7,GPO-CDOC-114sdoc7.pdf,264,NATL SECURITY WORKING GRP-MIN LEADER (REID),,BANNER ORGANIZATION TOTALS,100000.0,status=fail; banner=100000.0; parsed_body=0.0. Banner checks are advisory; review against the source before treating this as a parser defect.,114sdoc7|banner_check_discrepancy|264|NATL SECURITY WORKING GRP-MIN LEADER (REID)||BANNER ORGANIZATION TOTALS|100000.0
warning,banner_check_missing,114sdoc7,GPO-CDOC-114sdoc7.pdf,265,NATL SECURITY WORKING GRP-MIN ADMIN CO-CHAIR (KYL),,BANNER NET PAYROLL,0.0,status=banner_missing; banner=0.0; parsed_body=0.0. Banner checks are advisory; review against the source before treating this as a parser defect.,114sdoc7|banner_check_missing|265|NATL SECURITY WORKING GRP-MIN ADMIN CO-CHAIR (KYL)||BANNER NET PAYROLL|0.0
warning,banner_check_missing,114sdoc7,GPO-CDOC-114sdoc7.pdf,266,NATL SECURITY WORKING GRP-MIN ADMIN CO-CHAIR (RUBIO),,BANNER NET PAYROLL,0.0,status=banner_missing; banner=0.0; parsed_body=0.0. Banner checks are advisory; review against the source before treating this as a parser defect.,114sdoc7|banner_check_missing|266|NATL SECURITY WORKING GRP-MIN ADMIN CO-CHAIR (RUBIO)||BANNER NET PAYROLL|0.0
warning,banner_check_missing,114sdoc7,GPO-CDOC-114sdoc7.pdf,267,NATL SECURITY WORKING GRP-MIN ADMIN CO-CHAIR (RUBIO),,BANNER NET PAYROLL,0.0,status=banner_missing; banner=0.0; parsed_body=0.0. Banner checks are advisory; review against the source before treating this as a parser defect.,114sdoc7|banner_check_missing|267|NATL SECURITY WORKING GRP-MIN ADMIN CO-CHAIR (RUBIO)||BANNER NET PAYROLL|0.0
error,unexpected_zero_records,114sdoc7,GPO-CDOC-114sdoc7.pdf,268,NATL SECURITY WORKING GRP-MAJ ADMIN CO-CHAIR (RUBIO),,NET PAYROLL EXPENSES,100000.0,A normally itemized subtotal has no parsed records; exact review is required.,114sdoc7|unexpected_zero_records|268|NATL SECURITY WORKING GRP-MAJ ADMIN CO-CHAIR (RUBIO)||NET PAYROLL EXPENSES|100000.0
warning,banner_check_discrepancy,114sdoc7,GPO-CDOC-114sdoc7.pdf,268,NATL SECURITY WORKING GRP-MAJ ADMIN CO-CHAIR (RUBIO),,BANNER ORGANIZATION TOTALS,100000.0,status=fail; banner=100000.0; parsed_body=0.0. Banner checks are advisory; review against the source before treating this as a parser defect.,114sdoc7|banner_check_discrepancy|268|NATL SECURITY WORKING GRP-MAJ ADMIN CO-CHAIR (RUBIO)||BANNER ORGANIZATION TOTALS|100000.0
warning,banner_check_missing,114sdoc7,GPO-CDOC-114sdoc7.pdf,269,NATL SECURITY WORKING GRP-MIN CO-CHAIR (L. GRAHAM),,BANNER NET PAYROLL,0.0,status=banner_missing; banner=0.0; parsed_body=0.0. Banner checks are advisory; review against the source before treating this as a parser defect.,114sdoc7|banner_check_missing|269|NATL SECURITY WORKING GRP-MIN CO-CHAIR (L. GRAHAM)||BANNER NET PAYROLL|0.0
warning,banner_check_missing,114sdoc7,GPO-CDOC-114sdoc7.pdf,270,NATL SECURITY WORKING GRP-MIN CO-CHAIR (L. GRAHAM),,BANNER NET PAYROLL,0.0,status=banner_missing; banner=0.0; parsed_body=0.0. Banner checks are advisory; review against the source before treating this as a parser defect.,114sdoc7|banner_check_missing|270|NATL SECURITY WORKING GRP-MIN CO-CHAIR (L. GRAHAM)||BANNER NET PAYROLL|0.0
warning,banner_check_missing,114sdoc7,GPO-CDOC-114sdoc7.pdf,271,NATL SECURITY WORKING GRP-MIN CO-CHAIR (L. GRAHAM),,BANNER NET PAYROLL,0.0,status=banner_missing; banner=0.0; parsed_body=0.0. Banner checks are advisory; review against the source before treating this as a parser defect.,114sdoc7|banner_check_missing|271|NATL SECURITY WORKING GRP-MIN CO-CHAIR (L. GRAHAM)||BANNER NET PAYROLL|0.0
error,unexpected_zero_records,114sdoc7,GPO-CDOC-114sdoc7.pdf,272,NATL SECURITY WORKING GRP-MAJ CO-CHAIR (L. GRAHAM),,NET PAYROLL EXPENSES,60000.0,A normally itemized subtotal has no parsed records; exact review is required.,114sdoc7|unexpected_zero_records|272|NATL SECURITY WORKING GRP-MAJ CO-CHAIR (L. GRAHAM)||NET PAYROLL EXPENSES|60000.0
warning,banner_check_discrepancy,114sdoc7,GPO-CDOC-114sdoc7.pdf,272,NATL SECURITY WORKING GRP-MAJ CO-CHAIR (L. GRAHAM),,BANNER ORGANIZATION TOTALS,60000.0,status=fail; banner=60000.0; parsed_body=0.0. Banner checks are advisory; review against the source before treating this as a parser defect.,114sdoc7|banner_check_discrepancy|272|NATL SECURITY WORKING GRP-MAJ CO-CHAIR (L. GRAHAM)||BANNER ORGANIZATION TOTALS|60000.0
warning,banner_check_missing,114sdoc7,GPO-CDOC-114sdoc7.pdf,273,NATL SECURITY WORKING GRP-MIN CO-CHAIR (COCHRAN),,BANNER NET PAYROLL,0.0,status=banner_missing; banner=0.0; parsed_body=0.0. Banner checks are advisory; review against the source before treating this as a parser defect.,114sdoc7|banner_check_missing|273|NATL SECURITY WORKING GRP-MIN CO-CHAIR (COCHRAN)||BANNER NET PAYROLL|0.0
warning,banner_check_missing,114sdoc7,GPO-CDOC-114sdoc7.pdf,274,NATL SECURITY WORKING GRP-MIN CO-CHAIR (COCHRAN),,BANNER NET PAYROLL,0.0,status=banner_missing; banner=0.0; parsed_body=0.0. Banner checks are advisory; review against the source before treating this as a parser defect.,114sdoc7|banner_check_missing|274|NATL SECURITY WORKING GRP-MIN CO-CHAIR (COCHRAN)||BANNER NET PAYROLL|0.0
warning,banner_check_missing,114sdoc7,GPO-CDOC-114sdoc7.pdf,275,NATL SECURITY WORKING GRP-MIN CO-CHAIR (COCHRAN),,BANNER NET PAYROLL,0.0,status=banner_missing; banner=0.0; parsed_body=0.0. Banner checks are advisory; review against the source before treating this as a parser defect.,114sdoc7|banner_check_missing|275|NATL SECURITY WORKING GRP-MIN CO-CHAIR (COCHRAN)||BANNER NET PAYROLL|0.0
error,unexpected_zero_records,114sdoc7,GPO-CDOC-114sdoc7.pdf,276,NATL SECURITY WORKING GRP-MAJ CO-CHAIR (COCHRAN),,NET PAYROLL EXPENSES,60000.0,A normally itemized subtotal has no parsed records; exact review is required.,114sdoc7|unexpected_zero_records|276|NATL SECURITY WORKING GRP-MAJ CO-CHAIR (COCHRAN)||NET PAYROLL EXPENSES|60000.0
warning,banner_check_discrepancy,114sdoc7,GPO-CDOC-114sdoc7.pdf,276,NATL SECURITY WORKING GRP-MAJ CO-CHAIR (COCHRAN),,BANNER ORGANIZATION TOTALS,60000.0,status=fail; banner=60000.0; parsed_body=0.0. Banner checks are advisory; review against the source before treating this as a parser defect.,114sdoc7|banner_check_discrepancy|276|NATL SECURITY WORKING GRP-MAJ CO-CHAIR (COCHRAN)||BANNER ORGANIZATION TOTALS|60000.0
error,unexpected_zero_records,114sdoc7,GPO-CDOC-114sdoc7.pdf,277,NATL SECURITY WORKING GRP-MAJ CO-CHAIR (SESSIONS),,NET PAYROLL EXPENSES,60000.0,A normally itemized subtotal has no parsed records; exact review is required.,114sdoc7|unexpected_zero_records|277|NATL SECURITY WORKING GRP-MAJ CO-CHAIR (SESSIONS)||NET PAYROLL EXPENSES|60000.0
warning,banner_check_discrepancy,114sdoc7,GPO-CDOC-114sdoc7.pdf,277,NATL SECURITY WORKING GRP-MAJ CO-CHAIR (SESSIONS),,BANNER ORGANIZATION TOTALS,60000.0,status=fail; banner=60000.0; parsed_body=0.0. Banner checks are advisory; review against the source before treating this as a parser defect.,114sdoc7|banner_check_discrepancy|277|NATL SECURITY WORKING GRP-MAJ CO-CHAIR (SESSIONS)||BANNER ORGANIZATION TOTALS|60000.0
warning,banner_check_discrepancy,114sdoc7,GPO-CDOC-114sdoc7.pdf,282,STATIONERY,,BANNER ORGANIZATION TOTALS,63.44,status=fail; banner=63.44; parsed_body=0.0. Banner checks are advisory; review against the source before treating this as a parser defect.,114sdoc7|banner_check_discrepancy|282|STATIONERY||BANNER ORGANIZATION TOTALS|63.44
warning,banner_check_discrepancy,114sdoc7,GPO-CDOC-114sdoc7.pdf,285,STATIONERY,,BANNER ORGANIZATION TOTALS,4259.74,status=fail; banner=4259.74; parsed_body=0.0. Banner checks are advisory; review against the source before treating this as a parser defect.,114sdoc7|banner_check_discrepancy|285|STATIONERY||BANNER ORGANIZATION TOTALS|4259.74
warning,banner_check_missing,114sdoc7,GPO-CDOC-114sdoc7.pdf,286,MISC ITEMS - STUDENT LOANS,,BANNER NET PAYROLL,0.0,status=banner_missing; banner=0.0; parsed_body=0.0. Banner checks are advisory; review against the source before treating this as a parser defect.,114sdoc7|banner_check_missing|286|MISC ITEMS - STUDENT LOANS||BANNER NET PAYROLL|0.0
warning,banner_check_discrepancy,114sdoc7,GPO-CDOC-114sdoc7.pdf,290,EMERGENCY APPROPRIATION PUBLIC LAW 109-13,,BANNER ORGANIZATION TOTALS,7500000.0,status=fail; banner=7500000.0; parsed_body=0.0. Banner checks are advisory; review against the source before treating this as a parser defect.,114sdoc7|banner_check_discrepancy|290|EMERGENCY APPROPRIATION PUBLIC LAW 109-13||BANNER ORGANIZATION TOTALS|7500000.0
warning,banner_check_missing,114sdoc7,GPO-CDOC-114sdoc7.pdf,293,SECRETARY OF THE SENATE - ADMINISTRATIVE SERV.,2013,BANNER NET PAYROLL,0.0,status=banner_missing; banner=0.0; parsed_body=0.0. Banner checks are advisory; review against the source before treating this as a parser defect.,114sdoc7|banner_check_missing|293|SECRETARY OF THE SENATE - ADMINISTRATIVE SERV.|2013|BANNER NET PAYROLL|0.0
warning,banner_check_missing,114sdoc7,GPO-CDOC-114sdoc7.pdf,294,SECRETARY OF THE SENATE - EXECUTIVE OFFICE,2013,BANNER NET PAYROLL,0.0,status=banner_missing; banner=0.0; parsed_body=0.0. Banner checks are advisory; review against the source before treating this as a parser defect.,114sdoc7|banner_check_missing|294|SECRETARY OF THE SENATE - EXECUTIVE OFFICE|2013|BANNER NET PAYROLL|0.0
warning,banner_check_missing,114sdoc7,GPO-CDOC-114sdoc7.pdf,297,SECRETARY OF THE SENATE - ADMINISTRATIVE SERV.,2014,BANNER NET PAYROLL,0.0,status=banner_missing; banner=0.0; parsed_body=0.0. Banner checks are advisory; review against the source before treating this as a parser defect.,114sdoc7|banner_check_missing|297|SECRETARY OF THE SENATE - ADMINISTRATIVE SERV.|2014|BANNER NET PAYROLL|0.0
warning,banner_check_discrepancy,114sdoc7,GPO-CDOC-114sdoc7.pdf,297,SECRETARY OF THE SENATE - ADMINISTRATIVE SERV.,2014,BANNER ORGANIZATION TOTALS,188709.11,status=fail; banner=188709.11; parsed_body=185959.11. Banner checks are advisory; review against the source before treating this as a parser defect.,114sdoc7|banner_check_discrepancy|297|SECRETARY OF THE SENATE - ADMINISTRATIVE SERV.|2014|BANNER ORGANIZATION TOTALS|188709.11
warning,banner_check_missing,114sdoc7,GPO-CDOC-114sdoc7.pdf,298,SECRETARY OF THE SENATE - EXECUTIVE OFFICE,2014,BANNER NET PAYROLL,0.0,status=banner_missing; banner=0.0; parsed_body=0.0. Banner checks are advisory; review against the source before treating this as a parser defect.,114sdoc7|banner_check_missing|298|SECRETARY OF THE SENATE - EXECUTIVE OFFICE|2014|BANNER NET PAYROLL|0.0
warning,banner_check_discrepancy,114sdoc7,GPO-CDOC-114sdoc7.pdf,300,SECRETARY OF THE SENATE - ADMINISTRATIVE SERV.,,BANNER ORGANIZATION TOTALS,153312.54,status=fail; banner=153312.54; parsed_body=0.0. Banner checks are advisory; review against the source before treating this as a parser defect.,114sdoc7|banner_check_discrepancy|300|SECRETARY OF THE SENATE - ADMINISTRATIVE SERV.||BANNER ORGANIZATION TOTALS|153312.54
warning,banner_check_discrepancy,114sdoc7,GPO-CDOC-114sdoc7.pdf,301,SECRETARY OF THE SENATE - ADMINISTRATIVE SERV.,2015,BANNER ORGANIZATION TOTALS,306673.31,status=fail; banner=306673.31; parsed_body=203883.81. Banner checks are advisory; review against the source before treating this as a parser defect.,114sdoc7|banner_check_discrepancy|301|SECRETARY OF THE SENATE - ADMINISTRATIVE SERV.|2015|BANNER ORGANIZATION TOTALS|306673.31
warning,banner_check_discrepancy,114sdoc7,GPO-CDOC-114sdoc7.pdf,304,SECRETARY OF THE SENATE - EXECUTIVE OFFICE,2015,BANNER ORGANIZATION TOTALS,86268.87,status=fail; banner=86268.87; parsed_body=27980.21. Banner checks are advisory; review against the source before treating this as a parser defect.,114sdoc7|banner_check_discrepancy|304|SECRETARY OF THE SENATE - EXECUTIVE OFFICE|2015|BANNER ORGANIZATION TOTALS|86268.87
warning,banner_check_discrepancy,114sdoc7,GPO-CDOC-114sdoc7.pdf,306,SECRETARY OF THE SENATE - LEGISLATIVE SERVICES,2015,BANNER ORGANIZATION TOTALS,11152.88,status=fail; banner=11152.88; parsed_body=2430.02. Banner checks are advisory; review against the source before treating this as a parser defect.,114sdoc7|banner_check_discrepancy|306|SECRETARY OF THE SENATE - LEGISLATIVE SERVICES|2015|BANNER ORGANIZATION TOTALS|11152.88
warning,banner_check_discrepancy,114sdoc7,GPO-CDOC-114sdoc7.pdf,307,SECRETARY OF THE SENATE - ADMINISTRATIVE SERV.,,BANNER ORGANIZATION TOTALS,1867007.52,status=fail; banner=1867007.52; parsed_body=0.0. Banner checks are advisory; review against the source before treating this as a parser defect.,114sdoc7|banner_check_discrepancy|307|SECRETARY OF THE SENATE - ADMINISTRATIVE SERV.||BANNER ORGANIZATION TOTALS|1867007.52
warning,banner_check_discrepancy,114sdoc7,GPO-CDOC-114sdoc7.pdf,312,SGT @ ARMS - CAPITOL DIVISION,,BANNER ORGANIZATION TOTALS,903.75,status=fail; banner=903.75; parsed_body=0.0. Banner checks are advisory; review against the source before treating this as a parser defect.,114sdoc7|banner_check_discrepancy|312|SGT @ ARMS - CAPITOL DIVISION||BANNER ORGANIZATION TOTALS|903.75
warning,banner_check_missing,114sdoc7,GPO-CDOC-114sdoc7.pdf,314,SGT @ ARMS - STAFF OFFICES,,BANNER NET PAYROLL,0.0,status=banner_missing; banner=0.0; parsed_body=0.0. Banner checks are advisory; review against the source before treating this as a parser defect.,114sdoc7|banner_check_missing|314|SGT @ ARMS - STAFF OFFICES||BANNER NET PAYROLL|0.0
warning,banner_check_missing,114sdoc7,GPO-CDOC-114sdoc7.pdf,319,SGT @ ARMS - STAFF OFFICES,,BANNER NET PAYROLL,0.0,status=banner_missing; banner=0.0; parsed_body=0.0. Banner checks are advisory; review against the source before treating this as a parser defect.,114sdoc7|banner_check_missing|319|SGT @ ARMS - STAFF OFFICES||BANNER NET PAYROLL|0.0
warning,banner_check_discrepancy,114sdoc7,GPO-CDOC-114sdoc7.pdf,321,SGT @ ARMS - CENTRAL OPERATIONS,,BANNER ORGANIZATION TOTALS,719988.73,status=fail; banner=719988.73; parsed_body=517820.89. Banner checks are advisory; review against the source before treating this as a parser defect.,114sdoc7|banner_check_discrepancy|321|SGT @ ARMS - CENTRAL OPERATIONS||BANNER ORGANIZATION TOTALS|719988.73
warning,banner_check_discrepancy,114sdoc7,GPO-CDOC-114sdoc7.pdf,323,SGT @ ARMS - CAPITOL DIVISION,,BANNER ORGANIZATION TOTALS,371372.18,status=fail; banner=371372.18; parsed_body=266005.68. Banner checks are advisory; review against the source before treating this as a parser defect.,114sdoc7|banner_check_discrepancy|323|SGT @ ARMS - CAPITOL DIVISION||BANNER ORGANIZATION TOTALS|371372.18
warning,banner_check_discrepancy,114sdoc7,GPO-CDOC-114sdoc7.pdf,324,SGT @ ARMS - IT SUPPORT SERVICES,,BANNER ORGANIZATION TOTALS,707408.85,status=fail; banner=707408.85; parsed_body=707187.66. Banner checks are advisory; review against the source before treating this as a parser defect.,114sdoc7|banner_check_discrepancy|324|SGT @ ARMS - IT SUPPORT SERVICES||BANNER ORGANIZATION TOTALS|707408.85
warning,banner_check_missing,114sdoc7,GPO-CDOC-114sdoc7.pdf,326,SGT @ ARMS - STAFF OFFICES,,BANNER NET PAYROLL,0.0,status=banner_missing; banner=0.0; parsed_body=0.0. Banner checks are advisory; review against the source before treating this as a parser defect.,114sdoc7|banner_check_missing|326|SGT @ ARMS - STAFF OFFICES||BANNER NET PAYROLL|0.0
warning,banner_check_discrepancy,114sdoc7,GPO-CDOC-114sdoc7.pdf,326,SGT @ ARMS - STAFF OFFICES,,BANNER ORGANIZATION TOTALS,75544.19,status=fail; banner=75544.19; parsed_body=57940.57. Banner checks are advisory; review against the source before treating this as a parser defect.,114sdoc7|banner_check_discrepancy|326|SGT @ ARMS - STAFF OFFICES||BANNER ORGANIZATION TOTALS|75544.19
warning,banner_check_discrepancy,114sdoc7,GPO-CDOC-114sdoc7.pdf,328,SGT @ ARMS - CENTRAL OPERATIONS,,BANNER ORGANIZATION TOTALS,166045.9,status=fail; banner=166045.9; parsed_body=163755.9. Banner checks are advisory; review against the source before treating this as a parser defect.,114sdoc7|banner_check_discrepancy|328|SGT @ ARMS - CENTRAL OPERATIONS||BANNER ORGANIZATION TOTALS|166045.9
warning,banner_check_discrepancy,114sdoc7,GPO-CDOC-114sdoc7.pdf,329,SGT @ ARMS - CAPITOL DIVISION,,BANNER ORGANIZATION TOTALS,200963.94,status=fail; banner=200963.94; parsed_body=137626.52. Banner checks are advisory; review against the source before treating this as a parser defect.,114sdoc7|banner_check_discrepancy|329|SGT @ ARMS - CAPITOL DIVISION||BANNER ORGANIZATION TOTALS|200963.94
warning,banner_check_discrepancy,114sdoc7,GPO-CDOC-114sdoc7.pdf,330,SGT @ ARMS - IT SUPPORT SERVICES,,BANNER ORGANIZATION TOTALS,4392483.33,status=fail; banner=4392483.33; parsed_body=4375416.43. Banner checks are advisory; review against the source before treating this as a parser defect.,114sdoc7|banner_check_discrepancy|330|SGT @ ARMS - IT SUPPORT SERVICES||BANNER ORGANIZATION TOTALS|4392483.33
warning,banner_check_discrepancy,114sdoc7,GPO-CDOC-114sdoc7.pdf,352,SGT @ ARMS - TECHNOLOGY DEVELOPMENT SERVICES,,BANNER ORGANIZATION TOTALS,366211.52,status=fail; banner=366211.52; parsed_body=0.0. Banner checks are advisory; review against the source before treating this as a parser defect.,114sdoc7|banner_check_discrepancy|352|SGT @ ARMS - TECHNOLOGY DEVELOPMENT SERVICES||BANNER ORGANIZATION TOTALS|366211.52
warning,banner_check_discrepancy,114sdoc7,GPO-CDOC-114sdoc7.pdf,353,SGT @ ARMS - CENTRAL OPERATIONS,,BANNER ORGANIZATION TOTALS,58281.53,status=fail; banner=58281.53; parsed_body=55165.6. Banner checks are advisory; review against the source before treating this as a parser defect.,114sdoc7|banner_check_discrepancy|353|SGT @ ARMS - CENTRAL OPERATIONS||BANNER ORGANIZATION TOTALS|58281.53
warning,banner_check_discrepancy,114sdoc7,GPO-CDOC-114sdoc7.pdf,354,SGT @ ARMS - CAPITOL DIVISION,,BANNER ORGANIZATION TOTALS,307039.75,status=fail; banner=307039.75; parsed_body=296449.1. Banner checks are advisory; review against the source before treating this as a parser defect.,114sdoc7|banner_check_discrepancy|354|SGT @ ARMS - CAPITOL DIVISION||BANNER ORGANIZATION TOTALS|307039.75
warning,banner_check_discrepancy,114sdoc7,GPO-CDOC-114sdoc7.pdf,356,SGT @ ARMS - IT SUPPORT SERVICES,,BANNER ORGANIZATION TOTALS,2682507.9,status=fail; banner=2682507.9; parsed_body=2554963.14. Banner checks are advisory; review against the source before treating this as a parser defect.,114sdoc7|banner_check_discrepancy|356|SGT @ ARMS - IT SUPPORT SERVICES||BANNER ORGANIZATION TOTALS|2682507.9
warning,banner_check_discrepancy,114sdoc7,GPO-CDOC-114sdoc7.pdf,366,SGT @ ARMS - STAFF OFFICES,,BANNER ORGANIZATION TOTALS,1308131.29,status=fail; banner=1308131.29; parsed_body=1306752.64. Banner checks are advisory; review against the source before treating this as a parser defect.,114sdoc7|banner_check_discrepancy|366|SGT @ ARMS - STAFF OFFICES||BANNER ORGANIZATION TOTALS|1308131.29
warning,banner_check_discrepancy,114sdoc7,GPO-CDOC-114sdoc7.pdf,370,SGT @ ARMS - CENTRAL OPERATIONS,,BANNER ORGANIZATION TOTALS,211517.35,status=fail; banner=211517.35; parsed_body=197229.24. Banner checks are advisory; review against the source before treating this as a parser defect.,114sdoc7|banner_check_discrepancy|370|SGT @ ARMS - CENTRAL OPERATIONS||BANNER ORGANIZATION TOTALS|211517.35
warning,banner_check_discrepancy,114sdoc7,GPO-CDOC-114sdoc7.pdf,372,SGT @ ARMS - CAPITOL DIVISION,,BANNER ORGANIZATION TOTALS,900648.28,status=fail; banner=900648.28; parsed_body=813956.65. Banner checks are advisory; review against the source before treating this as a parser defect.,114sdoc7|banner_check_discrepancy|372|SGT @ ARMS - CAPITOL DIVISION||BANNER ORGANIZATION TOTALS|900648.28
warning,banner_check_discrepancy,114sdoc7,GPO-CDOC-114sdoc7.pdf,374,SGT @ ARMS - IT SUPPORT SERVICES,,BANNER ORGANIZATION TOTALS,1295443.51,status=fail; banner=1295443.51; parsed_body=1294313.12. Banner checks are advisory; review against the source before treating this as a parser defect.,114sdoc7|banner_check_discrepancy|374|SGT @ ARMS - IT SUPPORT SERVICES||BANNER ORGANIZATION TOTALS|1295443.51
warning,banner_check_missing,114sdoc7,GPO-CDOC-114sdoc7.pdf,376,SGT @ ARMS - STAFF OFFICES,,BANNER NET PAYROLL,0.0,status=banner_missing; banner=0.0; parsed_body=0.0. Banner checks are advisory; review against the source before treating this as a parser defect.,114sdoc7|banner_check_missing|376|SGT @ ARMS - STAFF OFFICES||BANNER NET PAYROLL|0.0
warning,banner_check_discrepancy,114sdoc7,GPO-CDOC-114sdoc7.pdf,377,SGT @ ARMS - TECHNOLOGY DEVELOPMENT SERVICES,,BANNER ORGANIZATION TOTALS,2117307.45,status=fail; banner=2117307.45; parsed_body=2111034.67. Banner checks are advisory; review against the source before treating this as a parser defect.,114sdoc7|banner_check_discrepancy|377|SGT @ ARMS - TECHNOLOGY DEVELOPMENT SERVICES||BANNER ORGANIZATION TOTALS|2117307.45
warning,banner_check_discrepancy,114sdoc7,GPO-CDOC-114sdoc7.pdf,380,SGT @ ARMS - CENTRAL OPERATIONS,,BANNER ORGANIZATION TOTALS,10660469.8,status=fail; banner=10660469.8; parsed_body=782929.1. Banner checks are advisory; review against the source before treating this as a parser defect.,114sdoc7|banner_check_discrepancy|380|SGT @ ARMS - CENTRAL OPERATIONS||BANNER ORGANIZATION TOTALS|10660469.8
warning,banner_check_discrepancy,114sdoc7,GPO-CDOC-114sdoc7.pdf,389,SGT @ ARMS - CAPITOL DIVISION,,BANNER ORGANIZATION TOTALS,1774079.05,status=fail; banner=1774079.05; parsed_body=1586886.58. Banner checks are advisory; review against the source before treating this as a parser defect.,114sdoc7|banner_check_discrepancy|389|SGT @ ARMS - CAPITOL DIVISION||BANNER ORGANIZATION TOTALS|1774079.05
warning,banner_check_discrepancy,114sdoc7,GPO-CDOC-114sdoc7.pdf,397,SGT @ ARMS - IT SUPPORT SERVICES,,BANNER ORGANIZATION TOTALS,14894441.84,status=fail; banner=14894441.84; parsed_body=12177049.88. Banner checks are advisory; review against the source before treating this as a parser defect.,114sdoc7|banner_check_discrepancy|397|SGT @ ARMS - IT SUPPORT SERVICES||BANNER ORGANIZATION TOTALS|14894441.84
warning,banner_check_discrepancy,114sdoc7,GPO-CDOC-114sdoc7.pdf,415,SGT @ ARMS - STAFF OFFICES,,BANNER ORGANIZATION TOTALS,950544.97,status=fail; banner=950544.97; parsed_body=898571.49. Banner checks are advisory; review against the source before treating this as a parser defect.,114sdoc7|banner_check_discrepancy|415|SGT @ ARMS - STAFF OFFICES||BANNER ORGANIZATION TOTALS|950544.97
warning,banner_check_discrepancy,114sdoc7,GPO-CDOC-114sdoc7.pdf,422,SGT @ ARMS - TECHNOLOGY DEVELOPMENT SERVICES,,BANNER ORGANIZATION TOTALS,12630717.51,status=fail; banner=12630717.51; parsed_body=11512009.36. Banner checks are advisory; review against the source before treating this as a parser defect.,114sdoc7|banner_check_discrepancy|422|SGT @ ARMS - TECHNOLOGY DEVELOPMENT SERVICES||BANNER ORGANIZATION TOTALS|12630717.51
warning,banner_check_missing,114sdoc7,GPO-CDOC-114sdoc7.pdf,437,CAUCUS - INTERNATIONAL NARCOTICS CONTROL,2013,BANNER NET PAYROLL,0.0,status=banner_missing; banner=0.0; parsed_body=0.0. Banner checks are advisory; review against the source before treating this as a parser defect.,114sdoc7|banner_check_missing|437|CAUCUS - INTERNATIONAL NARCOTICS CONTROL|2013|BANNER NET PAYROLL|0.0
warning,banner_check_missing,114sdoc7,GPO-CDOC-114sdoc7.pdf,438,CAUCUS - INTERNATIONAL NARCOTICS CONTROL,2014,BANNER NET PAYROLL,0.0,status=banner_missing; banner=0.0; parsed_body=0.0. Banner checks are advisory; review against the source before treating this as a parser defect.,114sdoc7|banner_check_missing|438|CAUCUS - INTERNATIONAL NARCOTICS CONTROL|2014|BANNER NET PAYROLL|0.0
warning,banner_check_discrepancy,114sdoc7,GPO-CDOC-114sdoc7.pdf,439,CAUCUS - INTERNATIONAL NARCOTICS CONTROL,2015,BANNER ORGANIZATION TOTALS,234629.86,status=fail; banner=234629.86; parsed_body=233842.31. Banner checks are advisory; review against the source before treating this as a parser defect.,114sdoc7|banner_check_discrepancy|439|CAUCUS - INTERNATIONAL NARCOTICS CONTROL|2015|BANNER ORGANIZATION TOTALS|234629.86
warning,banner_check_missing,114sdoc7,GPO-CDOC-114sdoc7.pdf,440,SENATOR DANIEL K. AKAKA,2013,BANNER NET PAYROLL,0.0,status=banner_missing; banner=0.0; parsed_body=0.0. Banner checks are advisory; review against the source before treating this as a parser defect.,114sdoc7|banner_check_missing|440|SENATOR DANIEL K. AKAKA|2013|BANNER NET PAYROLL|0.0
warning,banner_check_missing,114sdoc7,GPO-CDOC-114sdoc7.pdf,441,SENATOR LAMAR ALEXANDER,2013,BANNER NET PAYROLL,0.0,status=banner_missing; banner=0.0; parsed_body=0.0. Banner checks are advisory; review against the source before treating this as a parser defect.,114sdoc7|banner_check_missing|441|SENATOR LAMAR ALEXANDER|2013|BANNER NET PAYROLL|0.0
warning,banner_check_missing,114sdoc7,GPO-CDOC-114sdoc7.pdf,442,SENATOR LAMAR ALEXANDER,2014,BANNER NET PAYROLL,0.0,status=banner_missing; banner=0.0; parsed_body=0.0. Banner checks are advisory; review against the source before treating this as a parser defect.,114sdoc7|banner_check_missing|442|SENATOR LAMAR ALEXANDER|2014|BANNER NET PAYROLL|0.0
warning,banner_check_discrepancy,114sdoc7,GPO-CDOC-114sdoc7.pdf,442,SENATOR LAMAR ALEXANDER,2014,BANNER ORGANIZATION TOTALS,33.83,status=fail; banner=33.83; parsed_body=0.0. Banner checks are advisory; review against the source before treating this as a parser defect.,114sdoc7|banner_check_discrepancy|442|SENATOR LAMAR ALEXANDER|2014|BANNER ORGANIZATION TOTALS|33.83
warning,banner_check_discrepancy,114sdoc7,GPO-CDOC-114sdoc7.pdf,443,SENATOR LAMAR ALEXANDER,2015,BANNER ORGANIZATION TOTALS,1496278.15,status=fail; banner=1496278.15; parsed_body=1449058.81. Banner checks are advisory; review against the source before treating this as a parser defect.,114sdoc7|banner_check_discrepancy|443|SENATOR LAMAR ALEXANDER|2015|BANNER ORGANIZATION TOTALS|1496278.15
warning,banner_check_missing,114sdoc7,GPO-CDOC-114sdoc7.pdf,454,SENATOR KELLY AYOTTE,2013,BANNER NET PAYROLL,0.0,status=banner_missing; banner=0.0; parsed_body=0.0. Banner checks are advisory; review against the source before treating this as a parser defect.,114sdoc7|banner_check_missing|454|SENATOR KELLY AYOTTE|2013|BANNER NET PAYROLL|0.0
warning,banner_check_missing,114sdoc7,GPO-CDOC-114sdoc7.pdf,455,SENATOR KELLY AYOTTE,2014,BANNER NET PAYROLL,0.0,status=banner_missing; banner=0.0; parsed_body=0.0. Banner checks are advisory; review against the source before treating this as a parser defect.,114sdoc7|banner_check_missing|455|SENATOR KELLY AYOTTE|2014|BANNER NET PAYROLL|0.0
warning,banner_check_discrepancy,114sdoc7,GPO-CDOC-114sdoc7.pdf,456,SENATOR KELLY AYOTTE,2015,BANNER ORGANIZATION TOTALS,1260868.9,status=fail; banner=1260868.9; parsed_body=1179830.63. Banner checks are advisory; review against the source before treating this as a parser defect.,114sdoc7|banner_check_discrepancy|456|SENATOR KELLY AYOTTE|2015|BANNER ORGANIZATION TOTALS|1260868.9
warning,banner_check_missing,114sdoc7,GPO-CDOC-114sdoc7.pdf,479,SENATOR TAMMY BALDWIN,2013,BANNER NET PAYROLL,0.0,status=banner_missing; banner=0.0; parsed_body=0.0. Banner checks are advisory; review against the source before treating this as a parser defect.,114sdoc7|banner_check_missing|479|SENATOR TAMMY BALDWIN|2013|BANNER NET PAYROLL|0.0
warning,banner_check_discrepancy,114sdoc7,GPO-CDOC-114sdoc7.pdf,479,SENATOR TAMMY BALDWIN,2013,BANNER ORGANIZATION TOTALS,449.25,status=fail; banner=449.25; parsed_body=0.0. Banner checks are advisory; review against the source before treating this as a parser defect.,114sdoc7|banner_check_discrepancy|479|SENATOR TAMMY BALDWIN|2013|BANNER ORGANIZATION TOTALS|449.25
warning,banner_check_missing,114sdoc7,GPO-CDOC-114sdoc7.pdf,480,SENATOR TAMMY BALDWIN,2014,BANNER NET PAYROLL,0.0,status=banner_missing; banner=0.0; parsed_body=0.0. Banner checks are advisory; review against the source before treating this as a parser defect.,114sdoc7|banner_check_missing|480|SENATOR TAMMY BALDWIN|2014|BANNER NET PAYROLL|0.0
warning,banner_check_discrepancy,114sdoc7,GPO-CDOC-114sdoc7.pdf,480,SENATOR TAMMY BALDWIN,2014,BANNER ORGANIZATION TOTALS,951.94,status=fail; banner=951.94; parsed_body=0.0. Banner checks are advisory; review against the source before treating this as a parser defect.,114sdoc7|banner_check_discrepancy|480|SENATOR TAMMY BALDWIN|2014|BANNER ORGANIZATION TOTALS|951.94
warning,banner_check_discrepancy,114sdoc7,GPO-CDOC-114sdoc7.pdf,481,SENATOR TAMMY BALDWIN,2015,BANNER ORGANIZATION TOTALS,1424481.0,status=fail; banner=1424481.0; parsed_body=1379197.29. Banner checks are advisory; review against the source before treating this as a parser defect.,114sdoc7|banner_check_discrepancy|481|SENATOR TAMMY BALDWIN|2015|BANNER ORGANIZATION TOTALS|1424481.0
warning,banner_check_missing,114sdoc7,GPO-CDOC-114sdoc7.pdf,499,SENATOR JOHN BARRASSO,2013,BANNER NET PAYROLL,0.0,status=banner_missing; banner=0.0; parsed_body=0.0. Banner checks are advisory; review against the source before treating this as a parser defect.,114sdoc7|banner_check_missing|499|SENATOR JOHN BARRASSO|2013|BANNER NET PAYROLL|0.0
warning,banner_check_missing,114sdoc7,GPO-CDOC-114sdoc7.pdf,500,SENATOR JOHN BARRASSO,2014,BANNER NET PAYROLL,0.0,status=banner_missing; banner=0.0; parsed_body=0.0. Banner checks are advisory; review against the source before treating this as a parser defect.,114sdoc7|banner_check_missing|500|SENATOR JOHN BARRASSO|2014|BANNER NET PAYROLL|0.0
warning,banner_check_discrepancy,114sdoc7,GPO-CDOC-114sdoc7.pdf,501,SENATOR JOHN BARRASSO,2015,BANNER ORGANIZATION TOTALS,1327035.76,status=fail; banner=1327035.76; parsed_body=1256656.71. Banner checks are advisory; review against the source before treating this as a parser defect.,114sdoc7|banner_check_discrepancy|501|SENATOR JOHN BARRASSO|2015|BANNER ORGANIZATION TOTALS|1327035.76
warning,banner_check_missing,114sdoc7,GPO-CDOC-114sdoc7.pdf,512,SENATOR MAX BAUCUS,2013,BANNER NET PAYROLL,0.0,status=banner_missing; banner=0.0; parsed_body=0.0. Banner checks are advisory; review against the source before treating this as a parser defect.,114sdoc7|banner_check_missing|512|SENATOR MAX BAUCUS|2013|BANNER NET PAYROLL|0.0
warning,banner_check_missing,114sdoc7,GPO-CDOC-114sdoc7.pdf,513,SENATOR MAX BAUCUS,2014,BANNER NET PAYROLL,0.0,status=banner_missing; banner=0.0; parsed_body=0.0. Banner checks are advisory; review against the source before treating this as a parser defect.,114sdoc7|banner_check_missing|513|SENATOR MAX BAUCUS|2014|BANNER NET PAYROLL|0.0
warning,banner_check_missing,114sdoc7,GPO-CDOC-114sdoc7.pdf,514,SENATOR MARK BEGICH,2013,BANNER NET PAYROLL,0.0,status=banner_missing; banner=0.0; parsed_body=0.0. Banner checks are advisory; review against the source before treating this as a parser defect.,114sdoc7|banner_check_missing|514|SENATOR MARK BEGICH|2013|BANNER NET PAYROLL|0.0
warning,banner_check_discrepancy,114sdoc7,GPO-CDOC-114sdoc7.pdf,516,SENATOR MARK BEGICH,2015,BANNER ORGANIZATION TOTALS,1506.65,status=fail; banner=1506.65; parsed_body=951.1. Banner checks are advisory; review against the source before treating this as a parser defect.,114sdoc7|banner_check_discrepancy|516|SENATOR MARK BEGICH|2015|BANNER ORGANIZATION TOTALS|1506.65
warning,banner_check_missing,114sdoc7,GPO-CDOC-114sdoc7.pdf,517,SENATOR MICHAEL BENNET,2013,BANNER NET PAYROLL,0.0,status=banner_missing; banner=0.0; parsed_body=0.0. Banner checks are advisory; review against the source before treating this as a parser defect.,114sdoc7|banner_check_missing|517|SENATOR MICHAEL BENNET|2013|BANNER NET PAYROLL|0.0
warning,banner_check_missing,114sdoc7,GPO-CDOC-114sdoc7.pdf,518,SENATOR MICHAEL BENNET,2014,BANNER NET PAYROLL,0.0,status=banner_missing; banner=0.0; parsed_body=0.0. Banner checks are advisory; review against the source before treating this as a parser defect.,114sdoc7|banner_check_missing|518|SENATOR MICHAEL BENNET|2014|BANNER NET PAYROLL|0.0
warning,banner_check_discrepancy,114sdoc7,GPO-CDOC-114sdoc7.pdf,519,SENATOR MICHAEL BENNET,2015,BANNER ORGANIZATION TOTALS,1451564.67,status=fail; banner=1451564.67; parsed_body=1423658.77. Banner checks are advisory; review against the source before treating this as a parser defect.,114sdoc7|banner_check_discrepancy|519|SENATOR MICHAEL BENNET|2015|BANNER ORGANIZATION TOTALS|1451564.67
warning,banner_check_missing,114sdoc7,GPO-CDOC-114sdoc7.pdf,531,SENATOR JEFF BINGAMAN,2013,BANNER NET PAYROLL,0.0,status=banner_missing; banner=0.0; parsed_body=0.0. Banner checks are advisory; review against the source before treating this as a parser defect.,114sdoc7|banner_check_missing|531|SENATOR JEFF BINGAMAN|2013|BANNER NET PAYROLL|0.0
warning,banner_check_missing,114sdoc7,GPO-CDOC-114sdoc7.pdf,532,SENATOR RICHARD BLUMENTHAL,2013,BANNER NET PAYROLL,0.0,status=banner_missing; banner=0.0; parsed_body=0.0. Banner checks are advisory; review against the source before treating this as a parser defect.,114sdoc7|banner_check_missing|532|SENATOR RICHARD BLUMENTHAL|2013|BANNER NET PAYROLL|0.0
warning,banner_check_missing,114sdoc7,GPO-CDOC-114sdoc7.pdf,536,SENATOR RICHARD BLUMENTHAL,2014,BANNER NET PAYROLL,0.0,status=banner_missing; banner=0.0; parsed_body=0.0. Banner checks are advisory; review against the source before treating this as a parser defect.,114sdoc7|banner_check_missing|536|SENATOR RICHARD BLUMENTHAL|2014|BANNER NET PAYROLL|0.0
warning,banner_check_discrepancy,114sdoc7,GPO-CDOC-114sdoc7.pdf,537,SENATOR RICHARD BLUMENTHAL,2015,BANNER ORGANIZATION TOTALS,1402191.84,status=fail; banner=1402191.84; parsed_body=1371631.49. Banner checks are advisory; review against the source before treating this as a parser defect.,114sdoc7|banner_check_discrepancy|537|SENATOR RICHARD BLUMENTHAL|2015|BANNER ORGANIZATION TOTALS|1402191.84
warning,banner_check_missing,114sdoc7,GPO-CDOC-114sdoc7.pdf,547,SENATOR ROY BLUNT,2013,BANNER NET PAYROLL,0.0,status=banner_missing; banner=0.0; parsed_body=0.0. Banner checks are advisory; review against the source before treating this as a parser defect.,114sdoc7|banner_check_missing|547|SENATOR ROY BLUNT|2013|BANNER NET PAYROLL|0.0
warning,banner_check_missing,114sdoc7,GPO-CDOC-114sdoc7.pdf,548,SENATOR ROY BLUNT,2014,BANNER NET PAYROLL,0.0,status=banner_missing; banner=0.0; parsed_body=0.0. Banner checks are advisory; review against the source before treating this as a parser defect.,114sdoc7|banner_check_missing|548|SENATOR ROY BLUNT|2014|BANNER NET PAYROLL|0.0
warning,banner_check_discrepancy,114sdoc7,GPO-CDOC-114sdoc7.pdf,548,SENATOR ROY BLUNT,2014,BANNER ORGANIZATION TOTALS,796.92,status=fail; banner=796.92; parsed_body=727.02. Banner checks are advisory; review against the source before treating this as a parser defect.,114sdoc7|banner_check_discrepancy|548|SENATOR ROY BLUNT|2014|BANNER ORGANIZATION TOTALS|796.92
warning,banner_check_discrepancy,114sdoc7,GPO-CDOC-114sdoc7.pdf,549,SENATOR ROY BLUNT,2015,BANNER ORGANIZATION TOTALS,1594893.04,status=fail; banner=1594893.04; parsed_body=1534393.18. Banner checks are advisory; review against the source before treating this as a parser defect.,114sdoc7|banner_check_discrepancy|549|SENATOR ROY BLUNT|2015|BANNER ORGANIZATION TOTALS|1594893.04
warning,banner_check_missing,114sdoc7,GPO-CDOC-114sdoc7.pdf,572,SENATOR CORY BOOKER,2014,BANNER NET PAYROLL,0.0,status=banner_missing; banner=0.0; parsed_body=0.0. Banner checks are advisory; review against the source before treating this as a parser defect.,114sdoc7|banner_check_missing|572|SENATOR CORY BOOKER|2014|BANNER NET PAYROLL|0.0
warning,banner_check_discrepancy,114sdoc7,GPO-CDOC-114sdoc7.pdf,573,SENATOR CORY BOOKER,2015,BANNER ORGANIZATION TOTALS,1737781.1,status=fail; banner=1737781.1; parsed_body=1695760.54. Banner checks are advisory; review against the source before treating this as a parser defect.,114sdoc7|banner_check_discrepancy|573|SENATOR CORY BOOKER|2015|BANNER ORGANIZATION TOTALS|1737781.1
warning,banner_check_missing,114sdoc7,GPO-CDOC-114sdoc7.pdf,582,SENATOR JOHN BOOZMAN,2013,BANNER NET PAYROLL,0.0,status=banner_missing; banner=0.0; parsed_body=0.0. Banner checks are advisory; review against the source before treating this as a parser defect.,114sdoc7|banner_check_missing|582|SENATOR JOHN BOOZMAN|2013|BANNER NET PAYROLL|0.0
warning,banner_check_missing,114sdoc7,GPO-CDOC-114sdoc7.pdf,583,SENATOR JOHN BOOZMAN,2014,BANNER NET PAYROLL,0.0,status=banner_missing; banner=0.0; parsed_body=0.0. Banner checks are advisory; review against the source before treating this as a parser defect.,114sdoc7|banner_check_missing|583|SENATOR JOHN BOOZMAN|2014|BANNER NET PAYROLL|0.0
warning,banner_check_discrepancy,114sdoc7,GPO-CDOC-114sdoc7.pdf,584,SENATOR JOHN BOOZMAN,2015,BANNER ORGANIZATION TOTALS,1235719.89,status=fail; banner=1235719.89; parsed_body=1187880.82. Banner checks are advisory; review against the source before treating this as a parser defect.,114sdoc7|banner_check_discrepancy|584|SENATOR JOHN BOOZMAN|2015|BANNER ORGANIZATION TOTALS|1235719.89
warning,banner_check_missing,114sdoc7,GPO-CDOC-114sdoc7.pdf,606,SENATOR BARBARA BOXER,2013,BANNER NET PAYROLL,0.0,status=banner_missing; banner=0.0; parsed_body=0.0. Banner checks are advisory; review against the source before treating this as a parser defect.,114sdoc7|banner_check_missing|606|SENATOR BARBARA BOXER|2013|BANNER NET PAYROLL|0.0
warning,banner_check_missing,114sdoc7,GPO-CDOC-114sdoc7.pdf,607,SENATOR BARBARA BOXER,2014,BANNER NET PAYROLL,0.0,status=banner_missing; banner=0.0; parsed_body=0.0. Banner checks are advisory; review against the source before treating this as a parser defect.,114sdoc7|banner_check_missing|607|SENATOR BARBARA BOXER|2014|BANNER NET PAYROLL|0.0
warning,banner_check_discrepancy,114sdoc7,GPO-CDOC-114sdoc7.pdf,608,SENATOR BARBARA BOXER,2015,BANNER ORGANIZATION TOTALS,2329862.54,status=fail; banner=2329862.54; parsed_body=2331693.26. Banner checks are advisory; review against the source before treating this as a parser defect.,114sdoc7|banner_check_discrepancy|608|SENATOR BARBARA BOXER|2015|BANNER ORGANIZATION TOTALS|2329862.54
warning,banner_check_missing,114sdoc7,GPO-CDOC-114sdoc7.pdf,622,SENATOR SCOTT P. BROWN,2013,BANNER NET PAYROLL,0.0,status=banner_missing; banner=0.0; parsed_body=0.0. Banner checks are advisory; review against the source before treating this as a parser defect.,114sdoc7|banner_check_missing|622|SENATOR SCOTT P. BROWN|2013|BANNER NET PAYROLL|0.0
warning,banner_check_missing,114sdoc7,GPO-CDOC-114sdoc7.pdf,623,SENATOR SHERROD BROWN,2013,BANNER NET PAYROLL,0.0,status=banner_missing; banner=0.0; parsed_body=0.0. Banner checks are advisory; review against the source before treating this as a parser defect.,114sdoc7|banner_check_missing|623|SENATOR SHERROD BROWN|2013|BANNER NET PAYROLL|0.0
warning,banner_check_missing,114sdoc7,GPO-CDOC-114sdoc7.pdf,624,SENATOR SHERROD BROWN,2014,BANNER NET PAYROLL,0.0,status=banner_missing; banner=0.0; parsed_body=0.0. Banner checks are advisory; review against the source before treating this as a parser defect.,114sdoc7|banner_check_missing|624|SENATOR SHERROD BROWN|2014|BANNER NET PAYROLL|0.0
warning,banner_check_discrepancy,114sdoc7,GPO-CDOC-114sdoc7.pdf,625,SENATOR SHERROD BROWN,2015,BANNER ORGANIZATION TOTALS,1776084.28,status=fail; banner=1776084.28; parsed_body=1730153.79. Banner checks are advisory; review against the source before treating this as a parser defect.,114sdoc7|banner_check_discrepancy|625|SENATOR SHERROD BROWN|2015|BANNER ORGANIZATION TOTALS|1776084.28
warning,banner_check_missing,114sdoc7,GPO-CDOC-114sdoc7.pdf,649,SENATOR RICHARD BURR,2013,BANNER NET PAYROLL,0.0,status=banner_missing; banner=0.0; parsed_body=0.0. Banner checks are advisory; review against the source before treating this as a parser defect.,114sdoc7|banner_check_missing|649|SENATOR RICHARD BURR|2013|BANNER NET PAYROLL|0.0
warning,banner_check_missing,114sdoc7,GPO-CDOC-114sdoc7.pdf,650,SENATOR RICHARD BURR,2014,BANNER NET PAYROLL,0.0,status=banner_missing; banner=0.0; parsed_body=0.0. Banner checks are advisory; review against the source before treating this as a parser defect.,114sdoc7|banner_check_missing|650|SENATOR RICHARD BURR|2014|BANNER NET PAYROLL|0.0
warning,banner_check_discrepancy,114sdoc7,GPO-CDOC-114sdoc7.pdf,650,SENATOR RICHARD BURR,2014,BANNER ORGANIZATION TOTALS,48.0,status=fail; banner=48.0; parsed_body=0.0. Banner checks are advisory; review against the source before treating this as a parser defect.,114sdoc7|banner_check_discrepancy|650|SENATOR RICHARD BURR|2014|BANNER ORGANIZATION TOTALS|48.0
warning,banner_check_discrepancy,114sdoc7,GPO-CDOC-114sdoc7.pdf,651,SENATOR RICHARD BURR,2015,BANNER ORGANIZATION TOTALS,1476795.13,status=fail; banner=1476795.13; parsed_body=1439969.83. Banner checks are advisory; review against the source before treating this as a parser defect.,114sdoc7|banner_check_discrepancy|651|SENATOR RICHARD BURR|2015|BANNER ORGANIZATION TOTALS|1476795.13
warning,banner_check_missing,114sdoc7,GPO-CDOC-114sdoc7.pdf,662,SENATOR MARIA CANTWELL,2013,BANNER NET PAYROLL,0.0,status=banner_missing; banner=0.0; parsed_body=0.0. Banner checks are advisory; review against the source before treating this as a parser defect.,114sdoc7|banner_check_missing|662|SENATOR MARIA CANTWELL|2013|BANNER NET PAYROLL|0.0
warning,banner_check_missing,114sdoc7,GPO-CDOC-114sdoc7.pdf,663,SENATOR MARIA CANTWELL,2014,BANNER NET PAYROLL,0.0,status=banner_missing; banner=0.0; parsed_body=0.0. Banner checks are advisory; review against the source before treating this as a parser defect.,114sdoc7|banner_check_missing|663|SENATOR MARIA CANTWELL|2014|BANNER NET PAYROLL|0.0
warning,banner_check_discrepancy,114sdoc7,GPO-CDOC-114sdoc7.pdf,664,SENATOR MARIA CANTWELL,2015,BANNER ORGANIZATION TOTALS,1636139.99,status=fail; banner=1636139.99; parsed_body=1563898.35. Banner checks are advisory; review against the source before treating this as a parser defect.,114sdoc7|banner_check_discrepancy|664|SENATOR MARIA CANTWELL|2015|BANNER ORGANIZATION TOTALS|1636139.99
warning,banner_check_discrepancy,114sdoc7,GPO-CDOC-114sdoc7.pdf,685,SENATOR SHELLEY MOORE CAPITO,2015,BANNER ORGANIZATION TOTALS,1179355.39,status=fail; banner=1179355.39; parsed_body=1107272.6. Banner checks are advisory; review against the source before treating this as a parser defect.,114sdoc7|banner_check_discrepancy|685|SENATOR SHELLEY MOORE CAPITO|2015|BANNER ORGANIZATION TOTALS|1179355.39
warning,banner_check_missing,114sdoc7,GPO-CDOC-114sdoc7.pdf,697,SENATOR BENJAMIN L CARDIN,2013,BANNER NET PAYROLL,0.0,status=banner_missing; banner=0.0; parsed_body=0.0. Banner checks are advisory; review against the source before treating this as a parser defect.,114sdoc7|banner_check_missing|697|SENATOR BENJAMIN L CARDIN|2013|BANNER NET PAYROLL|0.0
warning,banner_check_missing,114sdoc7,GPO-CDOC-114sdoc7.pdf,698,SENATOR BENJAMIN L CARDIN,2014,BANNER NET PAYROLL,0.0,status=banner_missing; banner=0.0; parsed_body=0.0. Banner checks are advisory; review against the source before treating this as a parser defect.,114sdoc7|banner_check_missing|698|SENATOR BENJAMIN L CARDIN|2014|BANNER NET PAYROLL|0.0
warning,banner_check_discrepancy,114sdoc7,GPO-CDOC-114sdoc7.pdf,699,SENATOR BENJAMIN L CARDIN,2015,BANNER ORGANIZATION TOTALS,1606236.32,status=fail; banner=1606236.32; parsed_body=1582261.6. Banner checks are advisory; review against the source before treating this as a parser defect.,114sdoc7|banner_check_discrepancy|699|SENATOR BENJAMIN L CARDIN|2015|BANNER ORGANIZATION TOTALS|1606236.32
warning,banner_check_missing,114sdoc7,GPO-CDOC-114sdoc7.pdf,705,SENATOR THOMAS R. CARPER,2013,BANNER NET PAYROLL,0.0,status=banner_missing; banner=0.0; parsed_body=0.0. Banner checks are advisory; review against the source before treating this as a parser defect.,114sdoc7|banner_check_missing|705|SENATOR THOMAS R. CARPER|2013|BANNER NET PAYROLL|0.0
warning,banner_check_missing,114sdoc7,GPO-CDOC-114sdoc7.pdf,706,SENATOR THOMAS R. CARPER,2014,BANNER NET PAYROLL,0.0,status=banner_missing; banner=0.0; parsed_body=0.0. Banner checks are advisory; review against the source before treating this as a parser defect.,114sdoc7|banner_check_missing|706|SENATOR THOMAS R. CARPER|2014|BANNER NET PAYROLL|0.0
warning,banner_check_discrepancy,114sdoc7,GPO-CDOC-114sdoc7.pdf,707,SENATOR THOMAS R. CARPER,2015,BANNER ORGANIZATION TOTALS,1491136.46,status=fail; banner=1491136.46; parsed_body=1464026.09. Banner checks are advisory; review against the source before treating this as a parser defect.,114sdoc7|banner_check_discrepancy|707|SENATOR THOMAS R. CARPER|2015|BANNER ORGANIZATION TOTALS|1491136.46
warning,banner_check_missing,114sdoc7,GPO-CDOC-114sdoc7.pdf,720,"SENATOR ROBERT CASEY, JR.",2013,BANNER NET PAYROLL,0.0,status=banner_missing; banner=0.0; parsed_body=0.0. Banner checks are advisory; review against the source before treating this as a parser defect.,"114sdoc7|banner_check_missing|720|SENATOR ROBERT CASEY, JR.|2013|BANNER NET PAYROLL|0.0"
warning,banner_check_missing,114sdoc7,GPO-CDOC-114sdoc7.pdf,721,"SENATOR ROBERT CASEY, JR.",2014,BANNER NET PAYROLL,0.0,status=banner_missing; banner=0.0; parsed_body=0.0. Banner checks are advisory; review against the source before treating this as a parser defect.,"114sdoc7|banner_check_missing|721|SENATOR ROBERT CASEY, JR.|2014|BANNER NET PAYROLL|0.0"
warning,banner_check_discrepancy,114sdoc7,GPO-CDOC-114sdoc7.pdf,721,"SENATOR ROBERT CASEY, JR.",2014,BANNER ORGANIZATION TOTALS,87.79,status=fail; banner=87.79; parsed_body=31.92. Banner checks are advisory; review against the source before treating this as a parser defect.,"114sdoc7|banner_check_discrepancy|721|SENATOR ROBERT CASEY, JR.|2014|BANNER ORGANIZATION TOTALS|87.79"
warning,banner_check_discrepancy,114sdoc7,GPO-CDOC-114sdoc7.pdf,722,"SENATOR ROBERT CASEY, JR.",2015,BANNER ORGANIZATION TOTALS,1919968.67,status=fail; banner=1919968.67; parsed_body=1875779.88. Banner checks are advisory; review against the source before treating this as a parser defect.,"114sdoc7|banner_check_discrepancy|722|SENATOR ROBERT CASEY, JR.|2015|BANNER ORGANIZATION TOTALS|1919968.67"
warning,banner_check_discrepancy,114sdoc7,GPO-CDOC-114sdoc7.pdf,740,SENATOR BILL CASSIDY,2015,BANNER ORGANIZATION TOTALS,1301166.72,status=fail; banner=1301166.72; parsed_body=1146054.78. Banner checks are advisory; review against the source before treating this as a parser defect.,114sdoc7|banner_check_discrepancy|740|SENATOR BILL CASSIDY|2015|BANNER ORGANIZATION TOTALS|1301166.72
warning,banner_check_missing,114sdoc7,GPO-CDOC-114sdoc7.pdf,757,SENATOR SAXBY CHAMBLISS,2013,BANNER NET PAYROLL,0.0,status=banner_missing; banner=0.0; parsed_body=0.0. Banner checks are advisory; review against the source before treating this as a parser defect.,114sdoc7|banner_check_missing|757|SENATOR SAXBY CHAMBLISS|2013|BANNER NET PAYROLL|0.0
warning,banner_check_missing,114sdoc7,GPO-CDOC-114sdoc7.pdf,758,SENATOR SAXBY CHAMBLISS,2014,BANNER NET PAYROLL,0.0,status=banner_missing; banner=0.0; parsed_body=0.0. Banner checks are advisory; review against the source before treating this as a parser defect.,114sdoc7|banner_check_missing|758|SENATOR SAXBY CHAMBLISS|2014|BANNER NET PAYROLL|0.0
warning,banner_check_discrepancy,114sdoc7,GPO-CDOC-114sdoc7.pdf,759,SENATOR SAXBY CHAMBLISS,2015,BANNER ORGANIZATION TOTALS,2071.0,status=fail; banner=2071.0; parsed_body=889.2. Banner checks are advisory; review against the source before treating this as a parser defect.,114sdoc7|banner_check_discrepancy|759|SENATOR SAXBY CHAMBLISS|2015|BANNER ORGANIZATION TOTALS|2071.0
warning,banner_check_missing,114sdoc7,GPO-CDOC-114sdoc7.pdf,760,SENATOR JEFFREY CHIESA,2013,BANNER NET PAYROLL,0.0,status=banner_missing; banner=0.0; parsed_body=0.0. Banner checks are advisory; review against the source before treating this as a parser defect.,114sdoc7|banner_check_missing|760|SENATOR JEFFREY CHIESA|2013|BANNER NET PAYROLL|0.0
warning,banner_check_missing,114sdoc7,GPO-CDOC-114sdoc7.pdf,761,SENATOR JEFFREY CHIESA,2014,BANNER NET PAYROLL,0.0,status=banner_missing; banner=0.0; parsed_body=0.0. Banner checks are advisory; review against the source before treating this as a parser defect.,114sdoc7|banner_check_missing|761|SENATOR JEFFREY CHIESA|2014|BANNER NET PAYROLL|0.0
warning,banner_check_missing,114sdoc7,GPO-CDOC-114sdoc7.pdf,762,SENATOR DANIEL R. COATS,2013,BANNER NET PAYROLL,0.0,status=banner_missing; banner=0.0; parsed_body=0.0. Banner checks are advisory; review against the source before treating this as a parser defect.,114sdoc7|banner_check_missing|762|SENATOR DANIEL R. COATS|2013|BANNER NET PAYROLL|0.0
warning,banner_check_missing,114sdoc7,GPO-CDOC-114sdoc7.pdf,763,SENATOR DANIEL R. COATS,2014,BANNER NET PAYROLL,0.0,status=banner_missing; banner=0.0; parsed_body=0.0. Banner checks are advisory; review against the source before treating this as a parser defect.,114sdoc7|banner_check_missing|763|SENATOR DANIEL R. COATS|2014|BANNER NET PAYROLL|0.0
warning,banner_check_discrepancy,114sdoc7,GPO-CDOC-114sdoc7.pdf,764,SENATOR DANIEL R. COATS,2015,BANNER ORGANIZATION TOTALS,1235115.96,status=fail; banner=1235115.96; parsed_body=1191240.6. Banner checks are advisory; review against the source before treating this as a parser defect.,114sdoc7|banner_check_discrepancy|764|SENATOR DANIEL R. COATS|2015|BANNER ORGANIZATION TOTALS|1235115.96
warning,banner_check_missing,114sdoc7,GPO-CDOC-114sdoc7.pdf,785,SENATOR TOM COBURN,2013,BANNER NET PAYROLL,0.0,status=banner_missing; banner=0.0; parsed_body=0.0. Banner checks are advisory; review against the source before treating this as a parser defect.,114sdoc7|banner_check_missing|785|SENATOR TOM COBURN|2013|BANNER NET PAYROLL|0.0
warning,banner_check_missing,114sdoc7,GPO-CDOC-114sdoc7.pdf,786,SENATOR TOM COBURN,2014,BANNER NET PAYROLL,0.0,status=banner_missing; banner=0.0; parsed_body=0.0. Banner checks are advisory; review against the source before treating this as a parser defect.,114sdoc7|banner_check_missing|786|SENATOR TOM COBURN|2014|BANNER NET PAYROLL|0.0
warning,banner_check_missing,114sdoc7,GPO-CDOC-114sdoc7.pdf,787,SENATOR TOM COBURN,2015,BANNER NET PAYROLL,0.0,status=banner_missing; banner=0.0; parsed_body=0.0. Banner checks are advisory; review against the source before treating this as a parser defect.,114sdoc7|banner_check_missing|787|SENATOR TOM COBURN|2015|BANNER NET PAYROLL|0.0
warning,banner_check_discrepancy,114sdoc7,GPO-CDOC-114sdoc7.pdf,787,SENATOR TOM COBURN,2015,BANNER ORGANIZATION TOTALS,14.05,status=fail; banner=14.05; parsed_body=0.0. Banner checks are advisory; review against the source before treating this as a parser defect.,114sdoc7|banner_check_discrepancy|787|SENATOR TOM COBURN|2015|BANNER ORGANIZATION TOTALS|14.05
warning,banner_check_missing,114sdoc7,GPO-CDOC-114sdoc7.pdf,788,SENATOR THAD COCHRAN,2013,BANNER NET PAYROLL,0.0,status=banner_missing; banner=0.0; parsed_body=0.0. Banner checks are advisory; review against the source before treating this as a parser defect.,114sdoc7|banner_check_missing|788|SENATOR THAD COCHRAN|2013|BANNER NET PAYROLL|0.0
warning,banner_check_missing,114sdoc7,GPO-CDOC-114sdoc7.pdf,789,SENATOR THAD COCHRAN,2014,BANNER NET PAYROLL,0.0,status=banner_missing; banner=0.0; parsed_body=0.0. Banner checks are advisory; review against the source before treating this as a parser defect.,114sdoc7|banner_check_missing|789|SENATOR THAD COCHRAN|2014|BANNER NET PAYROLL|0.0
warning,banner_check_discrepancy,114sdoc7,GPO-CDOC-114sdoc7.pdf,790,SENATOR THAD COCHRAN,2015,BANNER ORGANIZATION TOTALS,1421907.81,status=fail; banner=1421907.81; parsed_body=1436994.88. Banner checks are advisory; review against the source before treating this as a parser defect.,114sdoc7|banner_check_discrepancy|790|SENATOR THAD COCHRAN|2015|BANNER ORGANIZATION TOTALS|1421907.81
warning,banner_check_missing,114sdoc7,GPO-CDOC-114sdoc7.pdf,803,SENATOR SUSAN M. COLLINS,2013,BANNER NET PAYROLL,0.0,status=banner_missing; banner=0.0; parsed_body=0.0. Banner checks are advisory; review against the source before treating this as a parser defect.,114sdoc7|banner_check_missing|803|SENATOR SUSAN M. COLLINS|2013|BANNER NET PAYROLL|0.0
warning,banner_check_missing,114sdoc7,GPO-CDOC-114sdoc7.pdf,804,SENATOR SUSAN M. COLLINS,2014,BANNER NET PAYROLL,0.0,status=banner_missing; banner=0.0; parsed_body=0.0. Banner checks are advisory; review against the source before treating this as a parser defect.,114sdoc7|banner_check_missing|804|SENATOR SUSAN M. COLLINS|2014|BANNER NET PAYROLL|0.0
warning,banner_check_discrepancy,114sdoc7,GPO-CDOC-114sdoc7.pdf,805,SENATOR SUSAN M. COLLINS,2015,BANNER ORGANIZATION TOTALS,1364402.58,status=fail; banner=1364402.58; parsed_body=1302218.23. Banner checks are advisory; review against the source before treating this as a parser defect.,114sdoc7|banner_check_discrepancy|805|SENATOR SUSAN M. COLLINS|2015|BANNER ORGANIZATION TOTALS|1364402.58
warning,banner_check_missing,114sdoc7,GPO-CDOC-114sdoc7.pdf,824,SENATOR KENT CONRAD,2013,BANNER NET PAYROLL,0.0,status=banner_missing; banner=0.0; parsed_body=0.0. Banner checks are advisory; review against the source before treating this as a parser defect.,114sdoc7|banner_check_missing|824|SENATOR KENT CONRAD|2013|BANNER NET PAYROLL|0.0
warning,banner_check_missing,114sdoc7,GPO-CDOC-114sdoc7.pdf,825,SENATOR CHRISTOPHER A. COONS,2013,BANNER NET PAYROLL,0.0,status=banner_missing; banner=0.0; parsed_body=0.0. Banner checks are advisory; review against the source before treating this as a parser defect.,114sdoc7|banner_check_missing|825|SENATOR CHRISTOPHER A. COONS|2013|BANNER NET PAYROLL|0.0
warning,banner_check_missing,114sdoc7,GPO-CDOC-114sdoc7.pdf,826,SENATOR CHRISTOPHER A. COONS,2014,BANNER NET PAYROLL,0.0,status=banner_missing; banner=0.0; parsed_body=0.0. Banner checks are advisory; review against the source before treating this as a parser defect.,114sdoc7|banner_check_missing|826|SENATOR CHRISTOPHER A. COONS|2014|BANNER NET PAYROLL|0.0
warning,banner_check_discrepancy,114sdoc7,GPO-CDOC-114sdoc7.pdf,827,SENATOR CHRISTOPHER A. COONS,2015,BANNER ORGANIZATION TOTALS,1503276.33,status=fail; banner=1503276.33; parsed_body=1453846.6. Banner checks are advisory; review against the source before treating this as a parser defect.,114sdoc7|banner_check_discrepancy|827|SENATOR CHRISTOPHER A. COONS|2015|BANNER ORGANIZATION TOTALS|1503276.33
warning,banner_check_missing,114sdoc7,GPO-CDOC-114sdoc7.pdf,839,SENATOR BOB CORKER,2013,BANNER NET PAYROLL,0.0,status=banner_missing; banner=0.0; parsed_body=0.0. Banner checks are advisory; review against the source before treating this as a parser defect.,114sdoc7|banner_check_missing|839|SENATOR BOB CORKER|2013|BANNER NET PAYROLL|0.0
warning,banner_check_missing,114sdoc7,GPO-CDOC-114sdoc7.pdf,840,SENATOR BOB CORKER,2014,BANNER NET PAYROLL,0.0,status=banner_missing; banner=0.0; parsed_body=0.0. Banner checks are advisory; review against the source before treating this as a parser defect.,114sdoc7|banner_check_missing|840|SENATOR BOB CORKER|2014|BANNER NET PAYROLL|0.0
warning,banner_check_discrepancy,114sdoc7,GPO-CDOC-114sdoc7.pdf,841,SENATOR BOB CORKER,2015,BANNER ORGANIZATION TOTALS,1353101.4,status=fail; banner=1353101.4; parsed_body=1273304.52. Banner checks are advisory; review against the source before treating this as a parser defect.,114sdoc7|banner_check_discrepancy|841|SENATOR BOB CORKER|2015|BANNER ORGANIZATION TOTALS|1353101.4
warning,banner_check_missing,114sdoc7,GPO-CDOC-114sdoc7.pdf,865,SENATOR JOHN CORNYN,2013,BANNER NET PAYROLL,0.0,status=banner_missing; banner=0.0; parsed_body=0.0. Banner checks are advisory; review against the source before treating this as a parser defect.,114sdoc7|banner_check_missing|865|SENATOR JOHN CORNYN|2013|BANNER NET PAYROLL|0.0
warning,banner_check_missing,114sdoc7,GPO-CDOC-114sdoc7.pdf,866,SENATOR JOHN CORNYN,2014,BANNER NET PAYROLL,0.0,status=banner_missing; banner=0.0; parsed_body=0.0. Banner checks are advisory; review against the source before treating this as a parser defect.,114sdoc7|banner_check_missing|866|SENATOR JOHN CORNYN|2014|BANNER NET PAYROLL|0.0
warning,banner_check_discrepancy,114sdoc7,GPO-CDOC-114sdoc7.pdf,866,SENATOR JOHN CORNYN,2014,BANNER ORGANIZATION TOTALS,1999.9,status=fail; banner=1999.9; parsed_body=1890.0. Banner checks are advisory; review against the source before treating this as a parser defect.,114sdoc7|banner_check_discrepancy|866|SENATOR JOHN CORNYN|2014|BANNER ORGANIZATION TOTALS|1999.9
warning,banner_check_discrepancy,114sdoc7,GPO-CDOC-114sdoc7.pdf,867,SENATOR JOHN CORNYN,2015,BANNER ORGANIZATION TOTALS,2070382.11,status=fail; banner=2070382.11; parsed_body=2005053.92. Banner checks are advisory; review against the source before treating this as a parser defect.,114sdoc7|banner_check_discrepancy|867|SENATOR JOHN CORNYN|2015|BANNER ORGANIZATION TOTALS|2070382.11
warning,banner_check_discrepancy,114sdoc7,GPO-CDOC-114sdoc7.pdf,882,SENATOR TOM COTTON,2015,BANNER ORGANIZATION TOTALS,1275089.58,status=fail; banner=1275089.58; parsed_body=1199313.13. Banner checks are advisory; review against the source before treating this as a parser defect.,114sdoc7|banner_check_discrepancy|882|SENATOR TOM COTTON|2015|BANNER ORGANIZATION TOTALS|1275089.58
warning,banner_check_missing,114sdoc7,GPO-CDOC-114sdoc7.pdf,900,SENATOR WILLIAM COWAN,2013,BANNER NET PAYROLL,0.0,status=banner_missing; banner=0.0; parsed_body=0.0. Banner checks are advisory; review against the source before treating this as a parser defect.,114sdoc7|banner_check_missing|900|SENATOR WILLIAM COWAN|2013|BANNER NET PAYROLL|0.0
warning,banner_check_missing,114sdoc7,GPO-CDOC-114sdoc7.pdf,901,SENATOR MICHAEL D. CRAPO,2013,BANNER NET PAYROLL,0.0,status=banner_missing; banner=0.0; parsed_body=0.0. Banner checks are advisory; review against the source before treating this as a parser defect.,114sdoc7|banner_check_missing|901|SENATOR MICHAEL D. CRAPO|2013|BANNER NET PAYROLL|0.0
warning,banner_check_missing,114sdoc7,GPO-CDOC-114sdoc7.pdf,902,SENATOR MICHAEL D. CRAPO,2014,BANNER NET PAYROLL,0.0,status=banner_missing; banner=0.0; parsed_body=0.0. Banner checks are advisory; review against the source before treating this as a parser defect.,114sdoc7|banner_check_missing|902|SENATOR MICHAEL D. CRAPO|2014|BANNER NET PAYROLL|0.0
warning,banner_check_discrepancy,114sdoc7,GPO-CDOC-114sdoc7.pdf,903,SENATOR MICHAEL D. CRAPO,2015,BANNER ORGANIZATION TOTALS,1713854.8,status=fail; banner=1713854.8; parsed_body=1695743.87. Banner checks are advisory; review against the source before treating this as a parser defect.,114sdoc7|banner_check_discrepancy|903|SENATOR MICHAEL D. CRAPO|2015|BANNER ORGANIZATION TOTALS|1713854.8
warning,banner_check_missing,114sdoc7,GPO-CDOC-114sdoc7.pdf,915,SENATOR TED CRUZ,2013,BANNER NET PAYROLL,0.0,status=banner_missing; banner=0.0; parsed_body=0.0. Banner checks are advisory; review against the source before treating this as a parser defect.,114sdoc7|banner_check_missing|915|SENATOR TED CRUZ|2013|BANNER NET PAYROLL|0.0
warning,banner_check_missing,114sdoc7,GPO-CDOC-114sdoc7.pdf,916,SENATOR TED CRUZ,2014,BANNER NET PAYROLL,0.0,status=banner_missing; banner=0.0; parsed_body=0.0. Banner checks are advisory; review against the source before treating this as a parser defect.,114sdoc7|banner_check_missing|916|SENATOR TED CRUZ|2014|BANNER NET PAYROLL|0.0
warning,banner_check_discrepancy,114sdoc7,GPO-CDOC-114sdoc7.pdf,917,SENATOR TED CRUZ,2015,BANNER ORGANIZATION TOTALS,2267129.95,status=fail; banner=2267129.95; parsed_body=2223667.51. Banner checks are advisory; review against the source before treating this as a parser defect.,114sdoc7|banner_check_discrepancy|917|SENATOR TED CRUZ|2015|BANNER ORGANIZATION TOTALS|2267129.95
warning,banner_check_discrepancy,114sdoc7,GPO-CDOC-114sdoc7.pdf,928,SENATOR STEVE DAINES,2015,BANNER ORGANIZATION TOTALS,1254121.96,status=fail; banner=1254121.96; parsed_body=1160804.66. Banner checks are advisory; review against the source before treating this as a parser defect.,114sdoc7|banner_check_discrepancy|928|SENATOR STEVE DAINES|2015|BANNER ORGANIZATION TOTALS|1254121.96
warning,banner_check_missing,114sdoc7,GPO-CDOC-114sdoc7.pdf,947,SENATOR JIM DEMINT,2013,BANNER NET PAYROLL,0.0,status=banner_missing; banner=0.0; parsed_body=0.0. Banner checks are advisory; review against the source before treating this as a parser defect.,114sdoc7|banner_check_missing|947|SENATOR JIM DEMINT|2013|BANNER NET PAYROLL|0.0
warning,banner_check_missing,114sdoc7,GPO-CDOC-114sdoc7.pdf,948,SENATOR JOE DONNELLY,2013,BANNER NET PAYROLL,0.0,status=banner_missing; banner=0.0; parsed_body=0.0. Banner checks are advisory; review against the source before treating this as a parser defect.,114sdoc7|banner_check_missing|948|SENATOR JOE DONNELLY|2013|BANNER NET PAYROLL|0.0
warning,banner_check_missing,114sdoc7,GPO-CDOC-114sdoc7.pdf,949,SENATOR JOE DONNELLY,2014,BANNER NET PAYROLL,0.0,status=banner_missing; banner=0.0; parsed_body=0.0. Banner checks are advisory; review against the source before treating this as a parser defect.,114sdoc7|banner_check_missing|949|SENATOR JOE DONNELLY|2014|BANNER NET PAYROLL|0.0
warning,banner_check_discrepancy,114sdoc7,GPO-CDOC-114sdoc7.pdf,950,SENATOR JOE DONNELLY,2015,BANNER ORGANIZATION TOTALS,1522087.19,status=fail; banner=1522087.19; parsed_body=1479415.54. Banner checks are advisory; review against the source before treating this as a parser defect.,114sdoc7|banner_check_discrepancy|950|SENATOR JOE DONNELLY|2015|BANNER ORGANIZATION TOTALS|1522087.19
warning,banner_check_missing,114sdoc7,GPO-CDOC-114sdoc7.pdf,977,SENATOR RICHARD J. DURBIN,2013,BANNER NET PAYROLL,0.0,status=banner_missing; banner=0.0; parsed_body=0.0. Banner checks are advisory; review against the source before treating this as a parser defect.,114sdoc7|banner_check_missing|977|SENATOR RICHARD J. DURBIN|2013|BANNER NET PAYROLL|0.0
warning,banner_check_missing,114sdoc7,GPO-CDOC-114sdoc7.pdf,978,SENATOR RICHARD J. DURBIN,2014,BANNER NET PAYROLL,0.0,status=banner_missing; banner=0.0; parsed_body=0.0. Banner checks are advisory; review against the source before treating this as a parser defect.,114sdoc7|banner_check_missing|978|SENATOR RICHARD J. DURBIN|2014|BANNER NET PAYROLL|0.0
warning,banner_check_discrepancy,114sdoc7,GPO-CDOC-114sdoc7.pdf,979,SENATOR RICHARD J. DURBIN,2015,BANNER ORGANIZATION TOTALS,1820868.19,status=fail; banner=1820868.19; parsed_body=1770850.57. Banner checks are advisory; review against the source before treating this as a parser defect.,114sdoc7|banner_check_discrepancy|979|SENATOR RICHARD J. DURBIN|2015|BANNER ORGANIZATION TOTALS|1820868.19
warning,banner_check_missing,114sdoc7,GPO-CDOC-114sdoc7.pdf,991,SENATOR MICHAEL B. ENZI,2013,BANNER NET PAYROLL,0.0,status=banner_missing; banner=0.0; parsed_body=0.0. Banner checks are advisory; review against the source before treating this as a parser defect.,114sdoc7|banner_check_missing|991|SENATOR MICHAEL B. ENZI|2013|BANNER NET PAYROLL|0.0
warning,banner_check_discrepancy,114sdoc7,GPO-CDOC-114sdoc7.pdf,991,SENATOR MICHAEL B. ENZI,2013,BANNER ORGANIZATION TOTALS,31.57,status=fail; banner=31.57; parsed_body=0.0. Banner checks are advisory; review against the source before treating this as a parser defect.,114sdoc7|banner_check_discrepancy|991|SENATOR MICHAEL B. ENZI|2013|BANNER ORGANIZATION TOTALS|31.57
warning,banner_check_missing,114sdoc7,GPO-CDOC-114sdoc7.pdf,992,SENATOR MICHAEL B. ENZI,2014,BANNER NET PAYROLL,0.0,status=banner_missing; banner=0.0; parsed_body=0.0. Banner checks are advisory; review against the source before treating this as a parser defect.,114sdoc7|banner_check_missing|992|SENATOR MICHAEL B. ENZI|2014|BANNER NET PAYROLL|0.0
warning,banner_check_discrepancy,114sdoc7,GPO-CDOC-114sdoc7.pdf,992,SENATOR MICHAEL B. ENZI,2014,BANNER ORGANIZATION TOTALS,290.44,status=fail; banner=290.44; parsed_body=240.49. Banner checks are advisory; review against the source before treating this as a parser defect.,114sdoc7|banner_check_discrepancy|992|SENATOR MICHAEL B. ENZI|2014|BANNER ORGANIZATION TOTALS|290.44
warning,banner_check_discrepancy,114sdoc7,GPO-CDOC-114sdoc7.pdf,993,SENATOR MICHAEL B. ENZI,2015,BANNER ORGANIZATION TOTALS,1184605.21,status=fail; banner=1184605.21; parsed_body=1149381.39. Banner checks are advisory; review against the source before treating this as a parser defect.,114sdoc7|banner_check_discrepancy|993|SENATOR MICHAEL B. ENZI|2015|BANNER ORGANIZATION TOTALS|1184605.21
warning,banner_check_discrepancy,114sdoc7,GPO-CDOC-114sdoc7.pdf,999,SENATOR JONI ERNST,2015,BANNER ORGANIZATION TOTALS,1562239.23,status=fail; banner=1562239.23; parsed_body=1401728.01. Banner checks are advisory; review against the source before treating this as a parser defect.,114sdoc7|banner_check_discrepancy|999|SENATOR JONI ERNST|2015|BANNER ORGANIZATION TOTALS|1562239.23
warning,banner_check_missing,114sdoc7,GPO-CDOC-114sdoc7.pdf,1012,SENATOR DIANNE FEINSTEIN,2013,BANNER NET PAYROLL,0.0,status=banner_missing; banner=0.0; parsed_body=0.0. Banner checks are advisory; review against the source before treating this as a parser defect.,114sdoc7|banner_check_missing|1012|SENATOR DIANNE FEINSTEIN|2013|BANNER NET PAYROLL|0.0
warning,banner_check_missing,114sdoc7,GPO-CDOC-114sdoc7.pdf,1013,SENATOR DIANNE FEINSTEIN,2014,BANNER NET PAYROLL,0.0,status=banner_missing; banner=0.0; parsed_body=0.0. Banner checks are advisory; review against the source before treating this as a parser defect.,114sdoc7|banner_check_missing|1013|SENATOR DIANNE FEINSTEIN|2014|BANNER NET PAYROLL|0.0
warning,banner_check_discrepancy,114sdoc7,GPO-CDOC-114sdoc7.pdf,1014,SENATOR DIANNE FEINSTEIN,2015,BANNER ORGANIZATION TOTALS,2304369.93,status=fail; banner=2304369.93; parsed_body=2243108.59. Banner checks are advisory; review against the source before treating this as a parser defect.,114sdoc7|banner_check_discrepancy|1014|SENATOR DIANNE FEINSTEIN|2015|BANNER ORGANIZATION TOTALS|2304369.93
warning,banner_check_missing,114sdoc7,GPO-CDOC-114sdoc7.pdf,1025,SENATOR DEB FISCHER,2013,BANNER NET PAYROLL,0.0,status=banner_missing; banner=0.0; parsed_body=0.0. Banner checks are advisory; review against the source before treating this as a parser defect.,114sdoc7|banner_check_missing|1025|SENATOR DEB FISCHER|2013|BANNER NET PAYROLL|0.0
warning,banner_check_missing,114sdoc7,GPO-CDOC-114sdoc7.pdf,1026,SENATOR DEB FISCHER,2014,BANNER NET PAYROLL,0.0,status=banner_missing; banner=0.0; parsed_body=0.0. Banner checks are advisory; review against the source before treating this as a parser defect.,114sdoc7|banner_check_missing|1026|SENATOR DEB FISCHER|2014|BANNER NET PAYROLL|0.0
warning,banner_check_discrepancy,114sdoc7,GPO-CDOC-114sdoc7.pdf,1027,SENATOR DEB FISCHER,2015,BANNER ORGANIZATION TOTALS,1469823.18,status=fail; banner=1469823.18; parsed_body=1436563.86. Banner checks are advisory; review against the source before treating this as a parser defect.,114sdoc7|banner_check_discrepancy|1027|SENATOR DEB FISCHER|2015|BANNER ORGANIZATION TOTALS|1469823.18
warning,banner_check_missing,114sdoc7,GPO-CDOC-114sdoc7.pdf,1039,SENATOR JEFF FLAKE,2013,BANNER NET PAYROLL,0.0,status=banner_missing; banner=0.0; parsed_body=0.0. Banner checks are advisory; review against the source before treating this as a parser defect.,114sdoc7|banner_check_missing|1039|SENATOR JEFF FLAKE|2013|BANNER NET PAYROLL|0.0
warning,banner_check_missing,114sdoc7,GPO-CDOC-114sdoc7.pdf,1040,SENATOR JEFF FLAKE,2014,BANNER NET PAYROLL,0.0,status=banner_missing; banner=0.0; parsed_body=0.0. Banner checks are advisory; review against the source before treating this as a parser defect.,114sdoc7|banner_check_missing|1040|SENATOR JEFF FLAKE|2014|BANNER NET PAYROLL|0.0
warning,banner_check_discrepancy,114sdoc7,GPO-CDOC-114sdoc7.pdf,1040,SENATOR JEFF FLAKE,2014,BANNER ORGANIZATION TOTALS,331.67,status=fail; banner=331.67; parsed_body=0.0. Banner checks are advisory; review against the source before treating this as a parser defect.,114sdoc7|banner_check_discrepancy|1040|SENATOR JEFF FLAKE|2014|BANNER ORGANIZATION TOTALS|331.67
warning,banner_check_discrepancy,114sdoc7,GPO-CDOC-114sdoc7.pdf,1041,SENATOR JEFF FLAKE,2015,BANNER ORGANIZATION TOTALS,1408117.94,status=fail; banner=1408117.94; parsed_body=1371252.42. Banner checks are advisory; review against the source before treating this as a parser defect.,114sdoc7|banner_check_discrepancy|1041|SENATOR JEFF FLAKE|2015|BANNER ORGANIZATION TOTALS|1408117.94
warning,banner_check_missing,114sdoc7,GPO-CDOC-114sdoc7.pdf,1050,SENATOR AL FRANKEN,2013,BANNER NET PAYROLL,0.0,status=banner_missing; banner=0.0; parsed_body=0.0. Banner checks are advisory; review against the source before treating this as a parser defect.,114sdoc7|banner_check_missing|1050|SENATOR AL FRANKEN|2013|BANNER NET PAYROLL|0.0
warning,banner_check_missing,114sdoc7,GPO-CDOC-114sdoc7.pdf,1051,SENATOR AL FRANKEN,2014,BANNER NET PAYROLL,0.0,status=banner_missing; banner=0.0; parsed_body=0.0. Banner checks are advisory; review against the source before treating this as a parser defect.,114sdoc7|banner_check_missing|1051|SENATOR AL FRANKEN|2014|BANNER NET PAYROLL|0.0
warning,banner_check_discrepancy,114sdoc7,GPO-CDOC-114sdoc7.pdf,1052,SENATOR AL FRANKEN,2015,BANNER ORGANIZATION TOTALS,1632760.36,status=fail; banner=1632760.36; parsed_body=1583313.02. Banner checks are advisory; review against the source before treating this as a parser defect.,114sdoc7|banner_check_discrepancy|1052|SENATOR AL FRANKEN|2015|BANNER ORGANIZATION TOTALS|1632760.36
warning,banner_check_discrepancy,114sdoc7,GPO-CDOC-114sdoc7.pdf,1068,SENATOR CORY GARDNER,2015,BANNER ORGANIZATION TOTALS,1286482.18,status=fail; banner=1286482.18; parsed_body=1218747.63. Banner checks are advisory; review against the source before treating this as a parser defect.,114sdoc7|banner_check_discrepancy|1068|SENATOR CORY GARDNER|2015|BANNER ORGANIZATION TOTALS|1286482.18
warning,banner_check_missing,114sdoc7,GPO-CDOC-114sdoc7.pdf,1090,SENATOR KIRSTEN GILLIBRAND,2013,BANNER NET PAYROLL,0.0,status=banner_missing; banner=0.0; parsed_body=0.0. Banner checks are advisory; review against the source before treating this as a parser defect.,114sdoc7|banner_check_missing|1090|SENATOR KIRSTEN GILLIBRAND|2013|BANNER NET PAYROLL|0.0
warning,banner_check_discrepancy,114sdoc7,GPO-CDOC-114sdoc7.pdf,1091,SENATOR KIRSTEN GILLIBRAND,2014,BANNER ORGANIZATION TOTALS,2190.37,status=fail; banner=2190.37; parsed_body=1834.93. Banner checks are advisory; review against the source before treating this as a parser defect.,114sdoc7|banner_check_discrepancy|1091|SENATOR KIRSTEN GILLIBRAND|2014|BANNER ORGANIZATION TOTALS|2190.37
warning,banner_check_discrepancy,114sdoc7,GPO-CDOC-114sdoc7.pdf,1092,SENATOR KIRSTEN GILLIBRAND,2015,BANNER ORGANIZATION TOTALS,2093085.13,status=fail; banner=2093085.13; parsed_body=2020585.18. Banner checks are advisory; review against the source before treating this as a parser defect.,114sdoc7|banner_check_discrepancy|1092|SENATOR KIRSTEN GILLIBRAND|2015|BANNER ORGANIZATION TOTALS|2093085.13
warning,banner_check_missing,114sdoc7,GPO-CDOC-114sdoc7.pdf,1111,SENATOR LINDSEY GRAHAM,2013,BANNER NET PAYROLL,0.0,status=banner_missing; banner=0.0; parsed_body=0.0. Banner checks are advisory; review against the source before treating this as a parser defect.,114sdoc7|banner_check_missing|1111|SENATOR LINDSEY GRAHAM|2013|BANNER NET PAYROLL|0.0
warning,banner_check_missing,114sdoc7,GPO-CDOC-114sdoc7.pdf,1112,SENATOR LINDSEY GRAHAM,2014,BANNER NET PAYROLL,0.0,status=banner_missing; banner=0.0; parsed_body=0.0. Banner checks are advisory; review against the source before treating this as a parser defect.,114sdoc7|banner_check_missing|1112|SENATOR LINDSEY GRAHAM|2014|BANNER NET PAYROLL|0.0
warning,banner_check_discrepancy,114sdoc7,GPO-CDOC-114sdoc7.pdf,1113,SENATOR LINDSEY GRAHAM,2015,BANNER ORGANIZATION TOTALS,1233770.09,status=fail; banner=1233770.09; parsed_body=1261560.74. Banner checks are advisory; review against the source before treating this as a parser defect.,114sdoc7|banner_check_discrepancy|1113|SENATOR LINDSEY GRAHAM|2015|BANNER ORGANIZATION TOTALS|1233770.09
warning,banner_check_missing,114sdoc7,GPO-CDOC-114sdoc7.pdf,1118,SENATOR CHARLES E. GRASSLEY,2013,BANNER NET PAYROLL,0.0,status=banner_missing; banner=0.0; parsed_body=0.0. Banner checks are advisory; review against the source before treating this as a parser defect.,114sdoc7|banner_check_missing|1118|SENATOR CHARLES E. GRASSLEY|2013|BANNER NET PAYROLL|0.0
warning,banner_check_missing,114sdoc7,GPO-CDOC-114sdoc7.pdf,1119,SENATOR CHARLES E. GRASSLEY,2014,BANNER NET PAYROLL,0.0,status=banner_missing; banner=0.0; parsed_body=0.0. Banner checks are advisory; review against the source before treating this as a parser defect.,114sdoc7|banner_check_missing|1119|SENATOR CHARLES E. GRASSLEY|2014|BANNER NET PAYROLL|0.0
warning,banner_check_discrepancy,114sdoc7,GPO-CDOC-114sdoc7.pdf,1120,SENATOR CHARLES E. GRASSLEY,2015,BANNER ORGANIZATION TOTALS,1328311.12,status=fail; banner=1328311.12; parsed_body=1241844.29. Banner checks are advisory; review against the source before treating this as a parser defect.,114sdoc7|banner_check_discrepancy|1120|SENATOR CHARLES E. GRASSLEY|2015|BANNER ORGANIZATION TOTALS|1328311.12
warning,banner_check_missing,114sdoc7,GPO-CDOC-114sdoc7.pdf,1132,SENATOR KAY HAGAN,2013,BANNER NET PAYROLL,0.0,status=banner_missing; banner=0.0; parsed_body=0.0. Banner checks are advisory; review against the source before treating this as a parser defect.,114sdoc7|banner_check_missing|1132|SENATOR KAY HAGAN|2013|BANNER NET PAYROLL|0.0
warning,banner_check_missing,114sdoc7,GPO-CDOC-114sdoc7.pdf,1133,SENATOR KAY HAGAN,2014,BANNER NET PAYROLL,0.0,status=banner_missing; banner=0.0; parsed_body=0.0. Banner checks are advisory; review against the source before treating this as a parser defect.,114sdoc7|banner_check_missing|1133|SENATOR KAY HAGAN|2014|BANNER NET PAYROLL|0.0
warning,banner_check_missing,114sdoc7,GPO-CDOC-114sdoc7.pdf,1134,SENATOR KAY HAGAN,2015,BANNER NET PAYROLL,0.0,status=banner_missing; banner=0.0; parsed_body=0.0. Banner checks are advisory; review against the source before treating this as a parser defect.,114sdoc7|banner_check_missing|1134|SENATOR KAY HAGAN|2015|BANNER NET PAYROLL|0.0
warning,banner_check_discrepancy,114sdoc7,GPO-CDOC-114sdoc7.pdf,1134,SENATOR KAY HAGAN,2015,BANNER ORGANIZATION TOTALS,25.96,status=fail; banner=25.96; parsed_body=0.0. Banner checks are advisory; review against the source before treating this as a parser defect.,114sdoc7|banner_check_discrepancy|1134|SENATOR KAY HAGAN|2015|BANNER ORGANIZATION TOTALS|25.96
warning,banner_check_missing,114sdoc7,GPO-CDOC-114sdoc7.pdf,1135,SENATOR TOM HARKIN,2013,BANNER NET PAYROLL,0.0,status=banner_missing; banner=0.0; parsed_body=0.0. Banner checks are advisory; review against the source before treating this as a parser defect.,114sdoc7|banner_check_missing|1135|SENATOR TOM HARKIN|2013|BANNER NET PAYROLL|0.0
warning,banner_check_missing,114sdoc7,GPO-CDOC-114sdoc7.pdf,1136,SENATOR TOM HARKIN,2014,BANNER NET PAYROLL,0.0,status=banner_missing; banner=0.0; parsed_body=0.0. Banner checks are advisory; review against the source before treating this as a parser defect.,114sdoc7|banner_check_missing|1136|SENATOR TOM HARKIN|2014|BANNER NET PAYROLL|0.0
warning,banner_check_discrepancy,114sdoc7,GPO-CDOC-114sdoc7.pdf,1136,SENATOR TOM HARKIN,2014,BANNER ORGANIZATION TOTALS,165.03,status=fail; banner=165.03; parsed_body=0.0. Banner checks are advisory; review against the source before treating this as a parser defect.,114sdoc7|banner_check_discrepancy|1136|SENATOR TOM HARKIN|2014|BANNER ORGANIZATION TOTALS|165.03
warning,banner_check_missing,114sdoc7,GPO-CDOC-114sdoc7.pdf,1137,SENATOR TOM HARKIN,2015,BANNER NET PAYROLL,0.0,status=banner_missing; banner=0.0; parsed_body=0.0. Banner checks are advisory; review against the source before treating this as a parser defect.,114sdoc7|banner_check_missing|1137|SENATOR TOM HARKIN|2015|BANNER NET PAYROLL|0.0
warning,banner_check_discrepancy,114sdoc7,GPO-CDOC-114sdoc7.pdf,1137,SENATOR TOM HARKIN,2015,BANNER ORGANIZATION TOTALS,1525.63,status=fail; banner=1525.63; parsed_body=0.0. Banner checks are advisory; review against the source before treating this as a parser defect.,114sdoc7|banner_check_discrepancy|1137|SENATOR TOM HARKIN|2015|BANNER ORGANIZATION TOTALS|1525.63
warning,banner_check_missing,114sdoc7,GPO-CDOC-114sdoc7.pdf,1138,SENATOR ORRIN G. HATCH,2013,BANNER NET PAYROLL,0.0,status=banner_missing; banner=0.0; parsed_body=0.0. Banner checks are advisory; review against the source before treating this as a parser defect.,114sdoc7|banner_check_missing|1138|SENATOR ORRIN G. HATCH|2013|BANNER NET PAYROLL|0.0
warning,banner_check_missing,114sdoc7,GPO-CDOC-114sdoc7.pdf,1139,SENATOR ORRIN G. HATCH,2014,BANNER NET PAYROLL,0.0,status=banner_missing; banner=0.0; parsed_body=0.0. Banner checks are advisory; review against the source before treating this as a parser defect.,114sdoc7|banner_check_missing|1139|SENATOR ORRIN G. HATCH|2014|BANNER NET PAYROLL|0.0
warning,banner_check_discrepancy,114sdoc7,GPO-CDOC-114sdoc7.pdf,1140,SENATOR ORRIN G. HATCH,2015,BANNER ORGANIZATION TOTALS,1226393.23,status=fail; banner=1226393.23; parsed_body=1184816.18. Banner checks are advisory; review against the source before treating this as a parser defect.,114sdoc7|banner_check_discrepancy|1140|SENATOR ORRIN G. HATCH|2015|BANNER ORGANIZATION TOTALS|1226393.23
warning,banner_check_missing,114sdoc7,GPO-CDOC-114sdoc7.pdf,1149,SENATOR MARTIN HEINRICH,2013,BANNER NET PAYROLL,0.0,status=banner_missing; banner=0.0; parsed_body=0.0. Banner checks are advisory; review against the source before treating this as a parser defect.,114sdoc7|banner_check_missing|1149|SENATOR MARTIN HEINRICH|2013|BANNER NET PAYROLL|0.0
warning,banner_check_missing,114sdoc7,GPO-CDOC-114sdoc7.pdf,1151,SENATOR MARTIN HEINRICH,2014,BANNER NET PAYROLL,0.0,status=banner_missing; banner=0.0; parsed_body=0.0. Banner checks are advisory; review against the source before treating this as a parser defect.,114sdoc7|banner_check_missing|1151|SENATOR MARTIN HEINRICH|2014|BANNER NET PAYROLL|0.0
warning,banner_check_discrepancy,114sdoc7,GPO-CDOC-114sdoc7.pdf,1153,SENATOR MARTIN HEINRICH,2015,BANNER ORGANIZATION TOTALS,1557213.88,status=fail; banner=1557213.88; parsed_body=1533805.76. Banner checks are advisory; review against the source before treating this as a parser defect.,114sdoc7|banner_check_discrepancy|1153|SENATOR MARTIN HEINRICH|2015|BANNER ORGANIZATION TOTALS|1557213.88
warning,banner_check_missing,114sdoc7,GPO-CDOC-114sdoc7.pdf,1167,SENATOR HEIDI HEITKAMP,2013,BANNER NET PAYROLL,0.0,status=banner_missing; banner=0.0; parsed_body=0.0. Banner checks are advisory; review against the source before treating this as a parser defect.,114sdoc7|banner_check_missing|1167|SENATOR HEIDI HEITKAMP|2013|BANNER NET PAYROLL|0.0
warning,banner_check_missing,114sdoc7,GPO-CDOC-114sdoc7.pdf,1168,SENATOR HEIDI HEITKAMP,2014,BANNER NET PAYROLL,0.0,status=banner_missing; banner=0.0; parsed_body=0.0. Banner checks are advisory; review against the source before treating this as a parser defect.,114sdoc7|banner_check_missing|1168|SENATOR HEIDI HEITKAMP|2014|BANNER NET PAYROLL|0.0
warning,banner_check_discrepancy,114sdoc7,GPO-CDOC-114sdoc7.pdf,1169,SENATOR HEIDI HEITKAMP,2015,BANNER ORGANIZATION TOTALS,1532504.49,status=fail; banner=1532504.49; parsed_body=1480926.44. Banner checks are advisory; review against the source before treating this as a parser defect.,114sdoc7|banner_check_discrepancy|1169|SENATOR HEIDI HEITKAMP|2015|BANNER ORGANIZATION TOTALS|1532504.49
warning,banner_check_missing,114sdoc7,GPO-CDOC-114sdoc7.pdf,1181,SENATOR DEAN HELLER,2013,BANNER NET PAYROLL,0.0,status=banner_missing; banner=0.0; parsed_body=0.0. Banner checks are advisory; review against the source before treating this as a parser defect.,114sdoc7|banner_check_missing|1181|SENATOR DEAN HELLER|2013|BANNER NET PAYROLL|0.0
warning,banner_check_missing,114sdoc7,GPO-CDOC-114sdoc7.pdf,1182,SENATOR DEAN HELLER,2014,BANNER NET PAYROLL,0.0,status=banner_missing; banner=0.0; parsed_body=0.0. Banner checks are advisory; review against the source before treating this as a parser defect.,114sdoc7|banner_check_missing|1182|SENATOR DEAN HELLER|2014|BANNER NET PAYROLL|0.0
warning,banner_check_discrepancy,114sdoc7,GPO-CDOC-114sdoc7.pdf,1183,SENATOR DEAN HELLER,2015,BANNER ORGANIZATION TOTALS,1227278.78,status=fail; banner=1227278.78; parsed_body=1130863.32. Banner checks are advisory; review against the source before treating this as a parser defect.,114sdoc7|banner_check_discrepancy|1183|SENATOR DEAN HELLER|2015|BANNER ORGANIZATION TOTALS|1227278.78
warning,banner_check_missing,114sdoc7,GPO-CDOC-114sdoc7.pdf,1189,SENATOR MAZIE HIRONO,2013,BANNER NET PAYROLL,0.0,status=banner_missing; banner=0.0; parsed_body=0.0. Banner checks are advisory; review against the source before treating this as a parser defect.,114sdoc7|banner_check_missing|1189|SENATOR MAZIE HIRONO|2013|BANNER NET PAYROLL|0.0
warning,banner_check_missing,114sdoc7,GPO-CDOC-114sdoc7.pdf,1190,SENATOR MAZIE HIRONO,2014,BANNER NET PAYROLL,0.0,status=banner_missing; banner=0.0; parsed_body=0.0. Banner checks are advisory; review against the source before treating this as a parser defect.,114sdoc7|banner_check_missing|1190|SENATOR MAZIE HIRONO|2014|BANNER NET PAYROLL|0.0
warning,banner_check_discrepancy,114sdoc7,GPO-CDOC-114sdoc7.pdf,1190,SENATOR MAZIE HIRONO,2014,BANNER ORGANIZATION TOTALS,1125.6,status=fail; banner=1125.6; parsed_body=0.0. Banner checks are advisory; review against the source before treating this as a parser defect.,114sdoc7|banner_check_discrepancy|1190|SENATOR MAZIE HIRONO|2014|BANNER ORGANIZATION TOTALS|1125.6
warning,banner_check_discrepancy,114sdoc7,GPO-CDOC-114sdoc7.pdf,1191,SENATOR MAZIE HIRONO,2015,BANNER ORGANIZATION TOTALS,1150494.01,status=fail; banner=1150494.01; parsed_body=1159205.27. Banner checks are advisory; review against the source before treating this as a parser defect.,114sdoc7|banner_check_discrepancy|1191|SENATOR MAZIE HIRONO|2015|BANNER ORGANIZATION TOTALS|1150494.01
warning,banner_check_missing,114sdoc7,GPO-CDOC-114sdoc7.pdf,1196,SENATOR JOHN HOEVEN,2013,BANNER NET PAYROLL,0.0,status=banner_missing; banner=0.0; parsed_body=0.0. Banner checks are advisory; review against the source before treating this as a parser defect.,114sdoc7|banner_check_missing|1196|SENATOR JOHN HOEVEN|2013|BANNER NET PAYROLL|0.0
warning,banner_check_missing,114sdoc7,GPO-CDOC-114sdoc7.pdf,1197,SENATOR JOHN HOEVEN,2014,BANNER NET PAYROLL,0.0,status=banner_missing; banner=0.0; parsed_body=0.0. Banner checks are advisory; review against the source before treating this as a parser defect.,114sdoc7|banner_check_missing|1197|SENATOR JOHN HOEVEN|2014|BANNER NET PAYROLL|0.0
warning,banner_check_discrepancy,114sdoc7,GPO-CDOC-114sdoc7.pdf,1198,SENATOR JOHN HOEVEN,2015,BANNER ORGANIZATION TOTALS,1196267.35,status=fail; banner=1196267.35; parsed_body=1177118.92. Banner checks are advisory; review against the source before treating this as a parser defect.,114sdoc7|banner_check_discrepancy|1198|SENATOR JOHN HOEVEN|2015|BANNER ORGANIZATION TOTALS|1196267.35
warning,banner_check_missing,114sdoc7,GPO-CDOC-114sdoc7.pdf,1205,SENATOR KAY BAILEY HUTCHISON,2013,BANNER NET PAYROLL,0.0,status=banner_missing; banner=0.0; parsed_body=0.0. Banner checks are advisory; review against the source before treating this as a parser defect.,114sdoc7|banner_check_missing|1205|SENATOR KAY BAILEY HUTCHISON|2013|BANNER NET PAYROLL|0.0
warning,banner_check_missing,114sdoc7,GPO-CDOC-114sdoc7.pdf,1206,SENATOR JAMES M. INHOFE,2013,BANNER NET PAYROLL,0.0,status=banner_missing; banner=0.0; parsed_body=0.0. Banner checks are advisory; review against the source before treating this as a parser defect.,114sdoc7|banner_check_missing|1206|SENATOR JAMES M. INHOFE|2013|BANNER NET PAYROLL|0.0
warning,banner_check_missing,114sdoc7,GPO-CDOC-114sdoc7.pdf,1207,SENATOR JAMES M. INHOFE,2014,BANNER NET PAYROLL,0.0,status=banner_missing; banner=0.0; parsed_body=0.0. Banner checks are advisory; review against the source before treating this as a parser defect.,114sdoc7|banner_check_missing|1207|SENATOR JAMES M. INHOFE|2014|BANNER NET PAYROLL|0.0
warning,banner_check_discrepancy,114sdoc7,GPO-CDOC-114sdoc7.pdf,1208,SENATOR JAMES M. INHOFE,2015,BANNER ORGANIZATION TOTALS,1682150.98,status=fail; banner=1682150.98; parsed_body=1643980.03. Banner checks are advisory; review against the source before treating this as a parser defect.,114sdoc7|banner_check_discrepancy|1208|SENATOR JAMES M. INHOFE|2015|BANNER ORGANIZATION TOTALS|1682150.98
warning,banner_check_missing,114sdoc7,GPO-CDOC-114sdoc7.pdf,1224,SENATOR DANIEL K. INOUYE,2013,BANNER NET PAYROLL,0.0,status=banner_missing; banner=0.0; parsed_body=0.0. Banner checks are advisory; review against the source before treating this as a parser defect.,114sdoc7|banner_check_missing|1224|SENATOR DANIEL K. INOUYE|2013|BANNER NET PAYROLL|0.0
warning,banner_check_missing,114sdoc7,GPO-CDOC-114sdoc7.pdf,1225,SENATOR JOHNNY ISAKSON,2013,BANNER NET PAYROLL,0.0,status=banner_missing; banner=0.0; parsed_body=0.0. Banner checks are advisory; review against the source before treating this as a parser defect.,114sdoc7|banner_check_missing|1225|SENATOR JOHNNY ISAKSON|2013|BANNER NET PAYROLL|0.0
warning,banner_check_missing,114sdoc7,GPO-CDOC-114sdoc7.pdf,1226,SENATOR JOHNNY ISAKSON,2014,BANNER NET PAYROLL,0.0,status=banner_missing; banner=0.0; parsed_body=0.0. Banner checks are advisory; review against the source before treating this as a parser defect.,114sdoc7|banner_check_missing|1226|SENATOR JOHNNY ISAKSON|2014|BANNER NET PAYROLL|0.0
warning,banner_check_discrepancy,114sdoc7,GPO-CDOC-114sdoc7.pdf,1227,SENATOR JOHNNY ISAKSON,2015,BANNER ORGANIZATION TOTALS,1451197.65,status=fail; banner=1451197.65; parsed_body=1451015.27. Banner checks are advisory; review against the source before treating this as a parser defect.,114sdoc7|banner_check_discrepancy|1227|SENATOR JOHNNY ISAKSON|2015|BANNER ORGANIZATION TOTALS|1451197.65
warning,banner_check_missing,114sdoc7,GPO-CDOC-114sdoc7.pdf,1258,SENATOR MIKE JOHANNS,2013,BANNER NET PAYROLL,0.0,status=banner_missing; banner=0.0; parsed_body=0.0. Banner checks are advisory; review against the source before treating this as a parser defect.,114sdoc7|banner_check_missing|1258|SENATOR MIKE JOHANNS|2013|BANNER NET PAYROLL|0.0
warning,banner_check_missing,114sdoc7,GPO-CDOC-114sdoc7.pdf,1259,SENATOR MIKE JOHANNS,2014,BANNER NET PAYROLL,0.0,status=banner_missing; banner=0.0; parsed_body=0.0. Banner checks are advisory; review against the source before treating this as a parser defect.,114sdoc7|banner_check_missing|1259|SENATOR MIKE JOHANNS|2014|BANNER NET PAYROLL|0.0
warning,banner_check_discrepancy,114sdoc7,GPO-CDOC-114sdoc7.pdf,1259,SENATOR MIKE JOHANNS,2014,BANNER ORGANIZATION TOTALS,3.35,status=fail; banner=3.35; parsed_body=0.0. Banner checks are advisory; review against the source before treating this as a parser defect.,114sdoc7|banner_check_discrepancy|1259|SENATOR MIKE JOHANNS|2014|BANNER ORGANIZATION TOTALS|3.35
error,unexpected_zero_records,114sdoc7,GPO-CDOC-114sdoc7.pdf,1260,SENATOR MIKE JOHANNS,2015,NET PAYROLL EXPENSES,-9190.45,A normally itemized subtotal has no parsed records; exact review is required.,114sdoc7|unexpected_zero_records|1260|SENATOR MIKE JOHANNS|2015|NET PAYROLL EXPENSES|-9190.45
warning,banner_check_discrepancy,114sdoc7,GPO-CDOC-114sdoc7.pdf,1260,SENATOR MIKE JOHANNS,2015,BANNER ORGANIZATION TOTALS,9983.66,status=fail; banner=9983.66; parsed_body=0.0. Banner checks are advisory; review against the source before treating this as a parser defect.,114sdoc7|banner_check_discrepancy|1260|SENATOR MIKE JOHANNS|2015|BANNER ORGANIZATION TOTALS|9983.66
warning,banner_check_missing,114sdoc7,GPO-CDOC-114sdoc7.pdf,1261,SENATOR TIM JOHNSON,2013,BANNER NET PAYROLL,0.0,status=banner_missing; banner=0.0; parsed_body=0.0. Banner checks are advisory; review against the source before treating this as a parser defect.,114sdoc7|banner_check_missing|1261|SENATOR TIM JOHNSON|2013|BANNER NET PAYROLL|0.0
warning,banner_check_missing,114sdoc7,GPO-CDOC-114sdoc7.pdf,1262,SENATOR TIM JOHNSON,2014,BANNER NET PAYROLL,0.0,status=banner_missing; banner=0.0; parsed_body=0.0. Banner checks are advisory; review against the source before treating this as a parser defect.,114sdoc7|banner_check_missing|1262|SENATOR TIM JOHNSON|2014|BANNER NET PAYROLL|0.0
warning,banner_check_discrepancy,114sdoc7,GPO-CDOC-114sdoc7.pdf,1263,SENATOR TIM JOHNSON,2015,BANNER ORGANIZATION TOTALS,994.3,status=fail; banner=994.3; parsed_body=433.5. Banner checks are advisory; review against the source before treating this as a parser defect.,114sdoc7|banner_check_discrepancy|1263|SENATOR TIM JOHNSON|2015|BANNER ORGANIZATION TOTALS|994.3
warning,banner_check_missing,114sdoc7,GPO-CDOC-114sdoc7.pdf,1264,SENATOR RON JOHNSON,2013,BANNER NET PAYROLL,0.0,status=banner_missing; banner=0.0; parsed_body=0.0. Banner checks are advisory; review against the source before treating this as a parser defect.,114sdoc7|banner_check_missing|1264|SENATOR RON JOHNSON|2013|BANNER NET PAYROLL|0.0
warning,banner_check_missing,114sdoc7,GPO-CDOC-114sdoc7.pdf,1265,SENATOR RON JOHNSON,2014,BANNER NET PAYROLL,0.0,status=banner_missing; banner=0.0; parsed_body=0.0. Banner checks are advisory; review against the source before treating this as a parser defect.,114sdoc7|banner_check_missing|1265|SENATOR RON JOHNSON|2014|BANNER NET PAYROLL|0.0
warning,banner_check_discrepancy,114sdoc7,GPO-CDOC-114sdoc7.pdf,1266,SENATOR RON JOHNSON,2015,BANNER ORGANIZATION TOTALS,1508978.02,status=fail; banner=1508978.02; parsed_body=1453400.08. Banner checks are advisory; review against the source before treating this as a parser defect.,114sdoc7|banner_check_discrepancy|1266|SENATOR RON JOHNSON|2015|BANNER ORGANIZATION TOTALS|1508978.02
warning,banner_check_missing,114sdoc7,GPO-CDOC-114sdoc7.pdf,1285,SENATOR TIM KAINE,2013,BANNER NET PAYROLL,0.0,status=banner_missing; banner=0.0; parsed_body=0.0. Banner checks are advisory; review against the source before treating this as a parser defect.,114sdoc7|banner_check_missing|1285|SENATOR TIM KAINE|2013|BANNER NET PAYROLL|0.0
warning,banner_check_missing,114sdoc7,GPO-CDOC-114sdoc7.pdf,1286,SENATOR TIM KAINE,2014,BANNER NET PAYROLL,0.0,status=banner_missing; banner=0.0; parsed_body=0.0. Banner checks are advisory; review against the source before treating this as a parser defect.,114sdoc7|banner_check_missing|1286|SENATOR TIM KAINE|2014|BANNER NET PAYROLL|0.0
warning,banner_check_discrepancy,114sdoc7,GPO-CDOC-114sdoc7.pdf,1286,SENATOR TIM KAINE,2014,BANNER ORGANIZATION TOTALS,340.95,status=fail; banner=340.95; parsed_body=328.11. Banner checks are advisory; review against the source before treating this as a parser defect.,114sdoc7|banner_check_discrepancy|1286|SENATOR TIM KAINE|2014|BANNER ORGANIZATION TOTALS|340.95
warning,banner_check_discrepancy,114sdoc7,GPO-CDOC-114sdoc7.pdf,1287,SENATOR TIM KAINE,2015,BANNER ORGANIZATION TOTALS,1567505.04,status=fail; banner=1567505.04; parsed_body=1500784.15. Banner checks are advisory; review against the source before treating this as a parser defect.,114sdoc7|banner_check_discrepancy|1287|SENATOR TIM KAINE|2015|BANNER ORGANIZATION TOTALS|1567505.04
warning,banner_check_missing,114sdoc7,GPO-CDOC-114sdoc7.pdf,1301,SENATOR JOHN F. KERRY,2013,BANNER NET PAYROLL,0.0,status=banner_missing; banner=0.0; parsed_body=0.0. Banner checks are advisory; review against the source before treating this as a parser defect.,114sdoc7|banner_check_missing|1301|SENATOR JOHN F. KERRY|2013|BANNER NET PAYROLL|0.0
warning,banner_check_missing,114sdoc7,GPO-CDOC-114sdoc7.pdf,1302,SENATOR ANGUS KING,2013,BANNER NET PAYROLL,0.0,status=banner_missing; banner=0.0; parsed_body=0.0. Banner checks are advisory; review against the source before treating this as a parser defect.,114sdoc7|banner_check_missing|1302|SENATOR ANGUS KING|2013|BANNER NET PAYROLL|0.0
error,unexpected_zero_records,114sdoc7,GPO-CDOC-114sdoc7.pdf,1303,SENATOR ANGUS KING,2014,NET PAYROLL EXPENSES,3630.71,A normally itemized subtotal has no parsed records; exact review is required.,114sdoc7|unexpected_zero_records|1303|SENATOR ANGUS KING|2014|NET PAYROLL EXPENSES|3630.71
warning,banner_check_discrepancy,114sdoc7,GPO-CDOC-114sdoc7.pdf,1303,SENATOR ANGUS KING,2014,BANNER ORGANIZATION TOTALS,3630.71,status=fail; banner=3630.71; parsed_body=0.0. Banner checks are advisory; review against the source before treating this as a parser defect.,114sdoc7|banner_check_discrepancy|1303|SENATOR ANGUS KING|2014|BANNER ORGANIZATION TOTALS|3630.71
warning,banner_check_discrepancy,114sdoc7,GPO-CDOC-114sdoc7.pdf,1304,SENATOR ANGUS KING,2015,BANNER ORGANIZATION TOTALS,1529806.28,status=fail; banner=1529806.28; parsed_body=1499238.37. Banner checks are advisory; review against the source before treating this as a parser defect.,114sdoc7|banner_check_discrepancy|1304|SENATOR ANGUS KING|2015|BANNER ORGANIZATION TOTALS|1529806.28
warning,banner_check_missing,114sdoc7,GPO-CDOC-114sdoc7.pdf,1321,SENATOR MARK KIRK,2013,BANNER NET PAYROLL,0.0,status=banner_missing; banner=0.0; parsed_body=0.0. Banner checks are advisory; review against the source before treating this as a parser defect.,114sdoc7|banner_check_missing|1321|SENATOR MARK KIRK|2013|BANNER NET PAYROLL|0.0
warning,banner_check_missing,114sdoc7,GPO-CDOC-114sdoc7.pdf,1322,SENATOR MARK KIRK,2014,BANNER NET PAYROLL,0.0,status=banner_missing; banner=0.0; parsed_body=0.0. Banner checks are advisory; review against the source before treating this as a parser defect.,114sdoc7|banner_check_missing|1322|SENATOR MARK KIRK|2014|BANNER NET PAYROLL|0.0
warning,banner_check_discrepancy,114sdoc7,GPO-CDOC-114sdoc7.pdf,1323,SENATOR MARK KIRK,2015,BANNER ORGANIZATION TOTALS,1759180.68,status=fail; banner=1759180.68; parsed_body=1713354.12. Banner checks are advisory; review against the source before treating this as a parser defect.,114sdoc7|banner_check_discrepancy|1323|SENATOR MARK KIRK|2015|BANNER ORGANIZATION TOTALS|1759180.68
warning,banner_check_missing,114sdoc7,GPO-CDOC-114sdoc7.pdf,1340,SENATOR AMY KLOBUCHAR,2013,BANNER NET PAYROLL,0.0,status=banner_missing; banner=0.0; parsed_body=0.0. Banner checks are advisory; review against the source before treating this as a parser defect.,114sdoc7|banner_check_missing|1340|SENATOR AMY KLOBUCHAR|2013|BANNER NET PAYROLL|0.0
warning,banner_check_missing,114sdoc7,GPO-CDOC-114sdoc7.pdf,1341,SENATOR AMY KLOBUCHAR,2014,BANNER NET PAYROLL,0.0,status=banner_missing; banner=0.0; parsed_body=0.0. Banner checks are advisory; review against the source before treating this as a parser defect.,114sdoc7|banner_check_missing|1341|SENATOR AMY KLOBUCHAR|2014|BANNER NET PAYROLL|0.0
warning,banner_check_discrepancy,114sdoc7,GPO-CDOC-114sdoc7.pdf,1342,SENATOR AMY KLOBUCHAR,2015,BANNER ORGANIZATION TOTALS,1572051.49,status=fail; banner=1572051.49; parsed_body=1529735.93. Banner checks are advisory; review against the source before treating this as a parser defect.,114sdoc7|banner_check_discrepancy|1342|SENATOR AMY KLOBUCHAR|2015|BANNER ORGANIZATION TOTALS|1572051.49
warning,banner_check_missing,114sdoc7,GPO-CDOC-114sdoc7.pdf,1361,SENATOR HERBERT H. KOHL,2013,BANNER NET PAYROLL,0.0,status=banner_missing; banner=0.0; parsed_body=0.0. Banner checks are advisory; review against the source before treating this as a parser defect.,114sdoc7|banner_check_missing|1361|SENATOR HERBERT H. KOHL|2013|BANNER NET PAYROLL|0.0
warning,banner_check_missing,114sdoc7,GPO-CDOC-114sdoc7.pdf,1362,SENATOR JON KYL,2013,BANNER NET PAYROLL,0.0,status=banner_missing; banner=0.0; parsed_body=0.0. Banner checks are advisory; review against the source before treating this as a parser defect.,114sdoc7|banner_check_missing|1362|SENATOR JON KYL|2013|BANNER NET PAYROLL|0.0
warning,banner_check_missing,114sdoc7,GPO-CDOC-114sdoc7.pdf,1363,SENATOR MARY L. LANDRIEU,2013,BANNER NET PAYROLL,0.0,status=banner_missing; banner=0.0; parsed_body=0.0. Banner checks are advisory; review against the source before treating this as a parser defect.,114sdoc7|banner_check_missing|1363|SENATOR MARY L. LANDRIEU|2013|BANNER NET PAYROLL|0.0
warning,banner_check_missing,114sdoc7,GPO-CDOC-114sdoc7.pdf,1364,SENATOR MARY L. LANDRIEU,2014,BANNER NET PAYROLL,0.0,status=banner_missing; banner=0.0; parsed_body=0.0. Banner checks are advisory; review against the source before treating this as a parser defect.,114sdoc7|banner_check_missing|1364|SENATOR MARY L. LANDRIEU|2014|BANNER NET PAYROLL|0.0
warning,banner_check_discrepancy,114sdoc7,GPO-CDOC-114sdoc7.pdf,1364,SENATOR MARY L. LANDRIEU,2014,BANNER ORGANIZATION TOTALS,506.14,status=fail; banner=506.14; parsed_body=536.14. Banner checks are advisory; review against the source before treating this as a parser defect.,114sdoc7|banner_check_discrepancy|1364|SENATOR MARY L. LANDRIEU|2014|BANNER ORGANIZATION TOTALS|506.14
error,unexpected_zero_records,114sdoc7,GPO-CDOC-114sdoc7.pdf,1365,SENATOR MARY L. LANDRIEU,2015,NET PAYROLL EXPENSES,-250.0,A normally itemized subtotal has no parsed records; exact review is required.,114sdoc7|unexpected_zero_records|1365|SENATOR MARY L. LANDRIEU|2015|NET PAYROLL EXPENSES|-250.0
warning,banner_check_discrepancy,114sdoc7,GPO-CDOC-114sdoc7.pdf,1365,SENATOR MARY L. LANDRIEU,2015,BANNER ORGANIZATION TOTALS,192.17,status=fail; banner=192.17; parsed_body=0.0. Banner checks are advisory; review against the source before treating this as a parser defect.,114sdoc7|banner_check_discrepancy|1365|SENATOR MARY L. LANDRIEU|2015|BANNER ORGANIZATION TOTALS|192.17
warning,banner_check_discrepancy,114sdoc7,GPO-CDOC-114sdoc7.pdf,1366,SENATOR JAMES LANKFORD,2015,BANNER ORGANIZATION TOTALS,1466872.87,status=fail; banner=1466872.87; parsed_body=1404942.55. Banner checks are advisory; review against the source before treating this as a parser defect.,114sdoc7|banner_check_discrepancy|1366|SENATOR JAMES LANKFORD|2015|BANNER ORGANIZATION TOTALS|1466872.87
warning,banner_check_missing,114sdoc7,GPO-CDOC-114sdoc7.pdf,1380,SENATOR FRANK R. LAUTENBERG,2013,BANNER NET PAYROLL,0.0,status=banner_missing; banner=0.0; parsed_body=0.0. Banner checks are advisory; review against the source before treating this as a parser defect.,114sdoc7|banner_check_missing|1380|SENATOR FRANK R. LAUTENBERG|2013|BANNER NET PAYROLL|0.0
warning,banner_check_missing,114sdoc7,GPO-CDOC-114sdoc7.pdf,1381,SENATOR PATRICK J. LEAHY,2013,BANNER NET PAYROLL,0.0,status=banner_missing; banner=0.0; parsed_body=0.0. Banner checks are advisory; review against the source before treating this as a parser defect.,114sdoc7|banner_check_missing|1381|SENATOR PATRICK J. LEAHY|2013|BANNER NET PAYROLL|0.0
warning,banner_check_missing,114sdoc7,GPO-CDOC-114sdoc7.pdf,1382,SENATOR PATRICK J. LEAHY,2014,BANNER NET PAYROLL,0.0,status=banner_missing; banner=0.0; parsed_body=0.0. Banner checks are advisory; review against the source before treating this as a parser defect.,114sdoc7|banner_check_missing|1382|SENATOR PATRICK J. LEAHY|2014|BANNER NET PAYROLL|0.0
warning,banner_check_discrepancy,114sdoc7,GPO-CDOC-114sdoc7.pdf,1382,SENATOR PATRICK J. LEAHY,2014,BANNER ORGANIZATION TOTALS,6311.47,status=fail; banner=6311.47; parsed_body=6307.0. Banner checks are advisory; review against the source before treating this as a parser defect.,114sdoc7|banner_check_discrepancy|1382|SENATOR PATRICK J. LEAHY|2014|BANNER ORGANIZATION TOTALS|6311.47
warning,banner_check_discrepancy,114sdoc7,GPO-CDOC-114sdoc7.pdf,1383,SENATOR PATRICK J. LEAHY,2015,BANNER ORGANIZATION TOTALS,1439498.33,status=fail; banner=1439498.33; parsed_body=1393499.13. Banner checks are advisory; review against the source before treating this as a parser defect.,114sdoc7|banner_check_discrepancy|1383|SENATOR PATRICK J. LEAHY|2015|BANNER ORGANIZATION TOTALS|1439498.33
warning,banner_check_missing,114sdoc7,GPO-CDOC-114sdoc7.pdf,1393,SENATOR MIKE LEE,2013,BANNER NET PAYROLL,0.0,status=banner_missing; banner=0.0; parsed_body=0.0. Banner checks are advisory; review against the source before treating this as a parser defect.,114sdoc7|banner_check_missing|1393|SENATOR MIKE LEE|2013|BANNER NET PAYROLL|0.0
warning,banner_check_missing,114sdoc7,GPO-CDOC-114sdoc7.pdf,1394,SENATOR MIKE LEE,2014,BANNER NET PAYROLL,0.0,status=banner_missing; banner=0.0; parsed_body=0.0. Banner checks are advisory; review against the source before treating this as a parser defect.,114sdoc7|banner_check_missing|1394|SENATOR MIKE LEE|2014|BANNER NET PAYROLL|0.0
warning,banner_check_discrepancy,114sdoc7,GPO-CDOC-114sdoc7.pdf,1394,SENATOR MIKE LEE,2014,BANNER ORGANIZATION TOTALS,16824.0,status=fail; banner=16824.0; parsed_body=7524.0. Banner checks are advisory; review against the source before treating this as a parser defect.,114sdoc7|banner_check_discrepancy|1394|SENATOR MIKE LEE|2014|BANNER ORGANIZATION TOTALS|16824.0
warning,banner_check_discrepancy,114sdoc7,GPO-CDOC-114sdoc7.pdf,1395,SENATOR MIKE LEE,2015,BANNER ORGANIZATION TOTALS,1388634.73,status=fail; banner=1388634.73; parsed_body=1315855.29. Banner checks are advisory; review against the source before treating this as a parser defect.,114sdoc7|banner_check_discrepancy|1395|SENATOR MIKE LEE|2015|BANNER ORGANIZATION TOTALS|1388634.73
warning,banner_check_missing,114sdoc7,GPO-CDOC-114sdoc7.pdf,1404,SENATOR CARL LEVIN,2013,BANNER NET PAYROLL,0.0,status=banner_missing; banner=0.0; parsed_body=0.0. Banner checks are advisory; review against the source before treating this as a parser defect.,114sdoc7|banner_check_missing|1404|SENATOR CARL LEVIN|2013|BANNER NET PAYROLL|0.0
warning,banner_check_missing,114sdoc7,GPO-CDOC-114sdoc7.pdf,1405,SENATOR CARL LEVIN,2014,BANNER NET PAYROLL,0.0,status=banner_missing; banner=0.0; parsed_body=0.0. Banner checks are advisory; review against the source before treating this as a parser defect.,114sdoc7|banner_check_missing|1405|SENATOR CARL LEVIN|2014|BANNER NET PAYROLL|0.0
error,unexpected_zero_records,114sdoc7,GPO-CDOC-114sdoc7.pdf,1406,SENATOR CARL LEVIN,2015,NET PAYROLL EXPENSES,-6458.34,A normally itemized subtotal has no parsed records; exact review is required.,114sdoc7|unexpected_zero_records|1406|SENATOR CARL LEVIN|2015|NET PAYROLL EXPENSES|-6458.34
warning,banner_check_discrepancy,114sdoc7,GPO-CDOC-114sdoc7.pdf,1406,SENATOR CARL LEVIN,2015,BANNER ORGANIZATION TOTALS,6647.54,status=fail; banner=6647.54; parsed_body=846.35. Banner checks are advisory; review against the source before treating this as a parser defect.,114sdoc7|banner_check_discrepancy|1406|SENATOR CARL LEVIN|2015|BANNER ORGANIZATION TOTALS|6647.54
warning,banner_check_missing,114sdoc7,GPO-CDOC-114sdoc7.pdf,1407,SENATOR JOSEPH I. LIEBERMAN,2013,BANNER NET PAYROLL,0.0,status=banner_missing; banner=0.0; parsed_body=0.0. Banner checks are advisory; review against the source before treating this as a parser defect.,114sdoc7|banner_check_missing|1407|SENATOR JOSEPH I. LIEBERMAN|2013|BANNER NET PAYROLL|0.0
warning,banner_check_missing,114sdoc7,GPO-CDOC-114sdoc7.pdf,1408,SENATOR RICHARD G. LUGAR,2013,BANNER NET PAYROLL,0.0,status=banner_missing; banner=0.0; parsed_body=0.0. Banner checks are advisory; review against the source before treating this as a parser defect.,114sdoc7|banner_check_missing|1408|SENATOR RICHARD G. LUGAR|2013|BANNER NET PAYROLL|0.0
warning,banner_check_missing,114sdoc7,GPO-CDOC-114sdoc7.pdf,1409,SENATOR JOE MANCHIN,2013,BANNER NET PAYROLL,0.0,status=banner_missing; banner=0.0; parsed_body=0.0. Banner checks are advisory; review against the source before treating this as a parser defect.,114sdoc7|banner_check_missing|1409|SENATOR JOE MANCHIN|2013|BANNER NET PAYROLL|0.0
warning,banner_check_missing,114sdoc7,GPO-CDOC-114sdoc7.pdf,1410,SENATOR JOE MANCHIN,2014,BANNER NET PAYROLL,0.0,status=banner_missing; banner=0.0; parsed_body=0.0. Banner checks are advisory; review against the source before treating this as a parser defect.,114sdoc7|banner_check_missing|1410|SENATOR JOE MANCHIN|2014|BANNER NET PAYROLL|0.0
warning,banner_check_discrepancy,114sdoc7,GPO-CDOC-114sdoc7.pdf,1410,SENATOR JOE MANCHIN,2014,BANNER ORGANIZATION TOTALS,230.0,status=fail; banner=230.0; parsed_body=0.0. Banner checks are advisory; review against the source before treating this as a parser defect.,114sdoc7|banner_check_discrepancy|1410|SENATOR JOE MANCHIN|2014|BANNER ORGANIZATION TOTALS|230.0
warning,banner_check_discrepancy,114sdoc7,GPO-CDOC-114sdoc7.pdf,1411,SENATOR JOE MANCHIN,2015,BANNER ORGANIZATION TOTALS,1359477.17,status=fail; banner=1359477.17; parsed_body=1306943.51. Banner checks are advisory; review against the source before treating this as a parser defect.,114sdoc7|banner_check_discrepancy|1411|SENATOR JOE MANCHIN|2015|BANNER ORGANIZATION TOTALS|1359477.17
warning,banner_check_missing,114sdoc7,GPO-CDOC-114sdoc7.pdf,1430,SENATOR EDWARD MARKEY,2013,BANNER NET PAYROLL,0.0,status=banner_missing; banner=0.0; parsed_body=0.0. Banner checks are advisory; review against the source before treating this as a parser defect.,114sdoc7|banner_check_missing|1430|SENATOR EDWARD MARKEY|2013|BANNER NET PAYROLL|0.0
warning,banner_check_missing,114sdoc7,GPO-CDOC-114sdoc7.pdf,1431,SENATOR EDWARD MARKEY,2014,BANNER NET PAYROLL,0.0,status=banner_missing; banner=0.0; parsed_body=0.0. Banner checks are advisory; review against the source before treating this as a parser defect.,114sdoc7|banner_check_missing|1431|SENATOR EDWARD MARKEY|2014|BANNER NET PAYROLL|0.0
warning,banner_check_discrepancy,114sdoc7,GPO-CDOC-114sdoc7.pdf,1432,SENATOR EDWARD MARKEY,2015,BANNER ORGANIZATION TOTALS,1309959.33,status=fail; banner=1309959.33; parsed_body=1241697.74. Banner checks are advisory; review against the source before treating this as a parser defect.,114sdoc7|banner_check_discrepancy|1432|SENATOR EDWARD MARKEY|2015|BANNER ORGANIZATION TOTALS|1309959.33
warning,banner_check_missing,114sdoc7,GPO-CDOC-114sdoc7.pdf,1435,SENATOR JOHN MCCAIN,2013,BANNER NET PAYROLL,0.0,status=banner_missing; banner=0.0; parsed_body=0.0. Banner checks are advisory; review against the source before treating this as a parser defect.,114sdoc7|banner_check_missing|1435|SENATOR JOHN MCCAIN|2013|BANNER NET PAYROLL|0.0
error,unexpected_zero_records,114sdoc7,GPO-CDOC-114sdoc7.pdf,1436,SENATOR JOHN MCCAIN,2014,NET PAYROLL EXPENSES,-2666.66,A normally itemized subtotal has no parsed records; exact review is required.,114sdoc7|unexpected_zero_records|1436|SENATOR JOHN MCCAIN|2014|NET PAYROLL EXPENSES|-2666.66
warning,banner_check_discrepancy,114sdoc7,GPO-CDOC-114sdoc7.pdf,1436,SENATOR JOHN MCCAIN,2014,BANNER ORGANIZATION TOTALS,5433.74,status=fail; banner=5433.74; parsed_body=8100.4. Banner checks are advisory; review against the source before treating this as a parser defect.,114sdoc7|banner_check_discrepancy|1436|SENATOR JOHN MCCAIN|2014|BANNER ORGANIZATION TOTALS|5433.74
warning,banner_check_discrepancy,114sdoc7,GPO-CDOC-114sdoc7.pdf,1437,SENATOR JOHN MCCAIN,2015,BANNER ORGANIZATION TOTALS,1437767.95,status=fail; banner=1437767.95; parsed_body=1385283.87. Banner checks are advisory; review against the source before treating this as a parser defect.,114sdoc7|banner_check_discrepancy|1437|SENATOR JOHN MCCAIN|2015|BANNER ORGANIZATION TOTALS|1437767.95
warning,banner_check_missing,114sdoc7,GPO-CDOC-114sdoc7.pdf,1443,SENATOR CLAIRE MCCASKILL,2013,BANNER NET PAYROLL,0.0,status=banner_missing; banner=0.0; parsed_body=0.0. Banner checks are advisory; review against the source before treating this as a parser defect.,114sdoc7|banner_check_missing|1443|SENATOR CLAIRE MCCASKILL|2013|BANNER NET PAYROLL|0.0
warning,banner_check_missing,114sdoc7,GPO-CDOC-114sdoc7.pdf,1444,SENATOR CLAIRE MCCASKILL,2014,BANNER NET PAYROLL,0.0,status=banner_missing; banner=0.0; parsed_body=0.0. Banner checks are advisory; review against the source before treating this as a parser defect.,114sdoc7|banner_check_missing|1444|SENATOR CLAIRE MCCASKILL|2014|BANNER NET PAYROLL|0.0
warning,banner_check_discrepancy,114sdoc7,GPO-CDOC-114sdoc7.pdf,1445,SENATOR CLAIRE MCCASKILL,2015,BANNER ORGANIZATION TOTALS,1466177.24,status=fail; banner=1466177.24; parsed_body=1428387.99. Banner checks are advisory; review against the source before treating this as a parser defect.,114sdoc7|banner_check_discrepancy|1445|SENATOR CLAIRE MCCASKILL|2015|BANNER ORGANIZATION TOTALS|1466177.24
warning,banner_check_missing,114sdoc7,GPO-CDOC-114sdoc7.pdf,1459,"SENATOR A. MITCHELL MCCONNELL, JR.",2013,BANNER NET PAYROLL,0.0,status=banner_missing; banner=0.0; parsed_body=0.0. Banner checks are advisory; review against the source before treating this as a parser defect.,"114sdoc7|banner_check_missing|1459|SENATOR A. MITCHELL MCCONNELL, JR.|2013|BANNER NET PAYROLL|0.0"
warning,banner_check_missing,114sdoc7,GPO-CDOC-114sdoc7.pdf,1460,"SENATOR A. MITCHELL MCCONNELL, JR.",2014,BANNER NET PAYROLL,0.0,status=banner_missing; banner=0.0; parsed_body=0.0. Banner checks are advisory; review against the source before treating this as a parser defect.,"114sdoc7|banner_check_missing|1460|SENATOR A. MITCHELL MCCONNELL, JR.|2014|BANNER NET PAYROLL|0.0"
warning,banner_check_discrepancy,114sdoc7,GPO-CDOC-114sdoc7.pdf,1461,"SENATOR A. MITCHELL MCCONNELL, JR.",2015,BANNER ORGANIZATION TOTALS,1492998.03,status=fail; banner=1492998.03; parsed_body=1455132.81. Banner checks are advisory; review against the source before treating this as a parser defect.,"114sdoc7|banner_check_discrepancy|1461|SENATOR A. MITCHELL MCCONNELL, JR.|2015|BANNER ORGANIZATION TOTALS|1492998.03"
warning,banner_check_missing,114sdoc7,GPO-CDOC-114sdoc7.pdf,1469,SENATOR ROBERT MENENDEZ,2013,BANNER NET PAYROLL,0.0,status=banner_missing; banner=0.0; parsed_body=0.0. Banner checks are advisory; review against the source before treating this as a parser defect.,114sdoc7|banner_check_missing|1469|SENATOR ROBERT MENENDEZ|2013|BANNER NET PAYROLL|0.0
warning,banner_check_missing,114sdoc7,GPO-CDOC-114sdoc7.pdf,1470,SENATOR ROBERT MENENDEZ,2014,BANNER NET PAYROLL,0.0,status=banner_missing; banner=0.0; parsed_body=0.0. Banner checks are advisory; review against the source before treating this as a parser defect.,114sdoc7|banner_check_missing|1470|SENATOR ROBERT MENENDEZ|2014|BANNER NET PAYROLL|0.0
warning,banner_check_discrepancy,114sdoc7,GPO-CDOC-114sdoc7.pdf,1471,SENATOR ROBERT MENENDEZ,2015,BANNER ORGANIZATION TOTALS,1642622.13,status=fail; banner=1642622.13; parsed_body=1566186.95. Banner checks are advisory; review against the source before treating this as a parser defect.,114sdoc7|banner_check_discrepancy|1471|SENATOR ROBERT MENENDEZ|2015|BANNER ORGANIZATION TOTALS|1642622.13
warning,banner_check_missing,114sdoc7,GPO-CDOC-114sdoc7.pdf,1478,SENATOR JEFF MERKLEY,2013,BANNER NET PAYROLL,0.0,status=banner_missing; banner=0.0; parsed_body=0.0. Banner checks are advisory; review against the source before treating this as a parser defect.,114sdoc7|banner_check_missing|1478|SENATOR JEFF MERKLEY|2013|BANNER NET PAYROLL|0.0
warning,banner_check_missing,114sdoc7,GPO-CDOC-114sdoc7.pdf,1479,SENATOR JEFF MERKLEY,2014,BANNER NET PAYROLL,0.0,status=banner_missing; banner=0.0; parsed_body=0.0. Banner checks are advisory; review against the source before treating this as a parser defect.,114sdoc7|banner_check_missing|1479|SENATOR JEFF MERKLEY|2014|BANNER NET PAYROLL|0.0
warning,banner_check_discrepancy,114sdoc7,GPO-CDOC-114sdoc7.pdf,1480,SENATOR JEFF MERKLEY,2015,BANNER ORGANIZATION TOTALS,1576453.68,status=fail; banner=1576453.68; parsed_body=1443190.96. Banner checks are advisory; review against the source before treating this as a parser defect.,114sdoc7|banner_check_discrepancy|1480|SENATOR JEFF MERKLEY|2015|BANNER ORGANIZATION TOTALS|1576453.68
warning,banner_check_missing,114sdoc7,GPO-CDOC-114sdoc7.pdf,1492,SENATOR BARBARA A. MIKULSKI,2013,BANNER NET PAYROLL,0.0,status=banner_missing; banner=0.0; parsed_body=0.0. Banner checks are advisory; review against the source before treating this as a parser defect.,114sdoc7|banner_check_missing|1492|SENATOR BARBARA A. MIKULSKI|2013|BANNER NET PAYROLL|0.0
warning,banner_check_missing,114sdoc7,GPO-CDOC-114sdoc7.pdf,1493,SENATOR BARBARA A. MIKULSKI,2014,BANNER NET PAYROLL,0.0,status=banner_missing; banner=0.0; parsed_body=0.0. Banner checks are advisory; review against the source before treating this as a parser defect.,114sdoc7|banner_check_missing|1493|SENATOR BARBARA A. MIKULSKI|2014|BANNER NET PAYROLL|0.0
warning,banner_check_discrepancy,114sdoc7,GPO-CDOC-114sdoc7.pdf,1494,SENATOR BARBARA A. MIKULSKI,2015,BANNER ORGANIZATION TOTALS,1582608.65,status=fail; banner=1582608.65; parsed_body=1518443.78. Banner checks are advisory; review against the source before treating this as a parser defect.,114sdoc7|banner_check_discrepancy|1494|SENATOR BARBARA A. MIKULSKI|2015|BANNER ORGANIZATION TOTALS|1582608.65
warning,banner_check_missing,114sdoc7,GPO-CDOC-114sdoc7.pdf,1506,SENATOR JERRY MORAN,2013,BANNER NET PAYROLL,0.0,status=banner_missing; banner=0.0; parsed_body=0.0. Banner checks are advisory; review against the source before treating this as a parser defect.,114sdoc7|banner_check_missing|1506|SENATOR JERRY MORAN|2013|BANNER NET PAYROLL|0.0
warning,banner_check_discrepancy,114sdoc7,GPO-CDOC-114sdoc7.pdf,1506,SENATOR JERRY MORAN,2013,BANNER ORGANIZATION TOTALS,2499.95,status=fail; banner=2499.95; parsed_body=2055.59. Banner checks are advisory; review against the source before treating this as a parser defect.,114sdoc7|banner_check_discrepancy|1506|SENATOR JERRY MORAN|2013|BANNER ORGANIZATION TOTALS|2499.95
warning,banner_check_missing,114sdoc7,GPO-CDOC-114sdoc7.pdf,1507,SENATOR JERRY MORAN,2014,BANNER NET PAYROLL,0.0,status=banner_missing; banner=0.0; parsed_body=0.0. Banner checks are advisory; review against the source before treating this as a parser defect.,114sdoc7|banner_check_missing|1507|SENATOR JERRY MORAN|2014|BANNER NET PAYROLL|0.0
warning,banner_check_discrepancy,114sdoc7,GPO-CDOC-114sdoc7.pdf,1507,SENATOR JERRY MORAN,2014,BANNER ORGANIZATION TOTALS,989.76,status=fail; banner=989.76; parsed_body=0.0. Banner checks are advisory; review against the source before treating this as a parser defect.,114sdoc7|banner_check_discrepancy|1507|SENATOR JERRY MORAN|2014|BANNER ORGANIZATION TOTALS|989.76
warning,banner_check_discrepancy,114sdoc7,GPO-CDOC-114sdoc7.pdf,1508,SENATOR JERRY MORAN,2015,BANNER ORGANIZATION TOTALS,1488751.71,status=fail; banner=1488751.71; parsed_body=1429884.93. Banner checks are advisory; review against the source before treating this as a parser defect.,114sdoc7|banner_check_discrepancy|1508|SENATOR JERRY MORAN|2015|BANNER ORGANIZATION TOTALS|1488751.71
warning,banner_check_missing,114sdoc7,GPO-CDOC-114sdoc7.pdf,1522,SENATOR LISA MURKOWSKI,2013,BANNER NET PAYROLL,0.0,status=banner_missing; banner=0.0; parsed_body=0.0. Banner checks are advisory; review against the source before treating this as a parser defect.,114sdoc7|banner_check_missing|1522|SENATOR LISA MURKOWSKI|2013|BANNER NET PAYROLL|0.0
warning,banner_check_missing,114sdoc7,GPO-CDOC-114sdoc7.pdf,1523,SENATOR LISA MURKOWSKI,2014,BANNER NET PAYROLL,0.0,status=banner_missing; banner=0.0; parsed_body=0.0. Banner checks are advisory; review against the source before treating this as a parser defect.,114sdoc7|banner_check_missing|1523|SENATOR LISA MURKOWSKI|2014|BANNER NET PAYROLL|0.0
warning,banner_check_discrepancy,114sdoc7,GPO-CDOC-114sdoc7.pdf,1524,SENATOR LISA MURKOWSKI,2015,BANNER ORGANIZATION TOTALS,1512389.77,status=fail; banner=1512389.77; parsed_body=1551358.24. Banner checks are advisory; review against the source before treating this as a parser defect.,114sdoc7|banner_check_discrepancy|1524|SENATOR LISA MURKOWSKI|2015|BANNER ORGANIZATION TOTALS|1512389.77
warning,banner_check_missing,114sdoc7,GPO-CDOC-114sdoc7.pdf,1533,SENATOR CHRIS MURPHY,2013,BANNER NET PAYROLL,0.0,status=banner_missing; banner=0.0; parsed_body=0.0. Banner checks are advisory; review against the source before treating this as a parser defect.,114sdoc7|banner_check_missing|1533|SENATOR CHRIS MURPHY|2013|BANNER NET PAYROLL|0.0
warning,banner_check_missing,114sdoc7,GPO-CDOC-114sdoc7.pdf,1534,SENATOR CHRIS MURPHY,2014,BANNER NET PAYROLL,0.0,status=banner_missing; banner=0.0; parsed_body=0.0. Banner checks are advisory; review against the source before treating this as a parser defect.,114sdoc7|banner_check_missing|1534|SENATOR CHRIS MURPHY|2014|BANNER NET PAYROLL|0.0
warning,banner_check_discrepancy,114sdoc7,GPO-CDOC-114sdoc7.pdf,1535,SENATOR CHRIS MURPHY,2015,BANNER ORGANIZATION TOTALS,1473758.32,status=fail; banner=1473758.32; parsed_body=1401980.11. Banner checks are advisory; review against the source before treating this as a parser defect.,114sdoc7|banner_check_discrepancy|1535|SENATOR CHRIS MURPHY|2015|BANNER ORGANIZATION TOTALS|1473758.32
warning,banner_check_missing,114sdoc7,GPO-CDOC-114sdoc7.pdf,1548,SENATOR PATTY MURRAY,2013,BANNER NET PAYROLL,0.0,status=banner_missing; banner=0.0; parsed_body=0.0. Banner checks are advisory; review against the source before treating this as a parser defect.,114sdoc7|banner_check_missing|1548|SENATOR PATTY MURRAY|2013|BANNER NET PAYROLL|0.0
warning,banner_check_missing,114sdoc7,GPO-CDOC-114sdoc7.pdf,1549,SENATOR PATTY MURRAY,2014,BANNER NET PAYROLL,0.0,status=banner_missing; banner=0.0; parsed_body=0.0. Banner checks are advisory; review against the source before treating this as a parser defect.,114sdoc7|banner_check_missing|1549|SENATOR PATTY MURRAY|2014|BANNER NET PAYROLL|0.0
warning,banner_check_discrepancy,114sdoc7,GPO-CDOC-114sdoc7.pdf,1549,SENATOR PATTY MURRAY,2014,BANNER ORGANIZATION TOTALS,176.14,status=fail; banner=176.14; parsed_body=0.0. Banner checks are advisory; review against the source before treating this as a parser defect.,114sdoc7|banner_check_discrepancy|1549|SENATOR PATTY MURRAY|2014|BANNER ORGANIZATION TOTALS|176.14
warning,banner_check_discrepancy,114sdoc7,GPO-CDOC-114sdoc7.pdf,1550,SENATOR PATTY MURRAY,2015,BANNER ORGANIZATION TOTALS,1584940.53,status=fail; banner=1584940.53; parsed_body=1547630.17. Banner checks are advisory; review against the source before treating this as a parser defect.,114sdoc7|banner_check_discrepancy|1550|SENATOR PATTY MURRAY|2015|BANNER ORGANIZATION TOTALS|1584940.53
warning,banner_check_missing,114sdoc7,GPO-CDOC-114sdoc7.pdf,1568,SENATOR BEN NELSON,2013,BANNER NET PAYROLL,0.0,status=banner_missing; banner=0.0; parsed_body=0.0. Banner checks are advisory; review against the source before treating this as a parser defect.,114sdoc7|banner_check_missing|1568|SENATOR BEN NELSON|2013|BANNER NET PAYROLL|0.0
warning,banner_check_missing,114sdoc7,GPO-CDOC-114sdoc7.pdf,1569,SENATOR BILL NELSON,2013,BANNER NET PAYROLL,0.0,status=banner_missing; banner=0.0; parsed_body=0.0. Banner checks are advisory; review against the source before treating this as a parser defect.,114sdoc7|banner_check_missing|1569|SENATOR BILL NELSON|2013|BANNER NET PAYROLL|0.0
warning,banner_check_discrepancy,114sdoc7,GPO-CDOC-114sdoc7.pdf,1571,SENATOR BILL NELSON,2015,BANNER ORGANIZATION TOTALS,2105686.15,status=fail; banner=2105686.15; parsed_body=2041317.93. Banner checks are advisory; review against the source before treating this as a parser defect.,114sdoc7|banner_check_discrepancy|1571|SENATOR BILL NELSON|2015|BANNER ORGANIZATION TOTALS|2105686.15
warning,banner_check_missing,114sdoc7,GPO-CDOC-114sdoc7.pdf,1585,SENATOR RAND PAUL,2013,BANNER NET PAYROLL,0.0,status=banner_missing; banner=0.0; parsed_body=0.0. Banner checks are advisory; review against the source before treating this as a parser defect.,114sdoc7|banner_check_missing|1585|SENATOR RAND PAUL|2013|BANNER NET PAYROLL|0.0
warning,banner_check_discrepancy,114sdoc7,GPO-CDOC-114sdoc7.pdf,1585,SENATOR RAND PAUL,2013,BANNER ORGANIZATION TOTALS,491.27,status=fail; banner=491.27; parsed_body=419.88. Banner checks are advisory; review against the source before treating this as a parser defect.,114sdoc7|banner_check_discrepancy|1585|SENATOR RAND PAUL|2013|BANNER ORGANIZATION TOTALS|491.27
warning,banner_check_missing,114sdoc7,GPO-CDOC-114sdoc7.pdf,1586,SENATOR RAND PAUL,2014,BANNER NET PAYROLL,0.0,status=banner_missing; banner=0.0; parsed_body=0.0. Banner checks are advisory; review against the source before treating this as a parser defect.,114sdoc7|banner_check_missing|1586|SENATOR RAND PAUL|2014|BANNER NET PAYROLL|0.0
warning,banner_check_discrepancy,114sdoc7,GPO-CDOC-114sdoc7.pdf,1587,SENATOR RAND PAUL,2015,BANNER ORGANIZATION TOTALS,1164801.48,status=fail; banner=1164801.48; parsed_body=1115935.2. Banner checks are advisory; review against the source before treating this as a parser defect.,114sdoc7|banner_check_discrepancy|1587|SENATOR RAND PAUL|2015|BANNER ORGANIZATION TOTALS|1164801.48
warning,banner_check_discrepancy,114sdoc7,GPO-CDOC-114sdoc7.pdf,1615,SENATOR DAVID PERDUE,2015,BANNER ORGANIZATION TOTALS,1239473.63,status=fail; banner=1239473.63; parsed_body=1181438.13. Banner checks are advisory; review against the source before treating this as a parser defect.,114sdoc7|banner_check_discrepancy|1615|SENATOR DAVID PERDUE|2015|BANNER ORGANIZATION TOTALS|1239473.63
warning,banner_check_discrepancy,114sdoc7,GPO-CDOC-114sdoc7.pdf,1625,SENATOR GARY PETERS,2015,BANNER ORGANIZATION TOTALS,1438769.34,status=fail; banner=1438769.34; parsed_body=1375580.95. Banner checks are advisory; review against the source before treating this as a parser defect.,114sdoc7|banner_check_discrepancy|1625|SENATOR GARY PETERS|2015|BANNER ORGANIZATION TOTALS|1438769.34
warning,banner_check_missing,114sdoc7,GPO-CDOC-114sdoc7.pdf,1635,SENATOR ROB PORTMAN,2013,BANNER NET PAYROLL,0.0,status=banner_missing; banner=0.0; parsed_body=0.0. Banner checks are advisory; review against the source before treating this as a parser defect.,114sdoc7|banner_check_missing|1635|SENATOR ROB PORTMAN|2013|BANNER NET PAYROLL|0.0
warning,banner_check_discrepancy,114sdoc7,GPO-CDOC-114sdoc7.pdf,1635,SENATOR ROB PORTMAN,2013,BANNER ORGANIZATION TOTALS,1286.2,status=fail; banner=1286.2; parsed_body=0.0. Banner checks are advisory; review against the source before treating this as a parser defect.,114sdoc7|banner_check_discrepancy|1635|SENATOR ROB PORTMAN|2013|BANNER ORGANIZATION TOTALS|1286.2
warning,banner_check_missing,114sdoc7,GPO-CDOC-114sdoc7.pdf,1636,SENATOR ROB PORTMAN,2014,BANNER NET PAYROLL,0.0,status=banner_missing; banner=0.0; parsed_body=0.0. Banner checks are advisory; review against the source before treating this as a parser defect.,114sdoc7|banner_check_missing|1636|SENATOR ROB PORTMAN|2014|BANNER NET PAYROLL|0.0
warning,banner_check_discrepancy,114sdoc7,GPO-CDOC-114sdoc7.pdf,1637,SENATOR ROB PORTMAN,2015,BANNER ORGANIZATION TOTALS,1686371.63,status=fail; banner=1686371.63; parsed_body=1621513.81. Banner checks are advisory; review against the source before treating this as a parser defect.,114sdoc7|banner_check_discrepancy|1637|SENATOR ROB PORTMAN|2015|BANNER ORGANIZATION TOTALS|1686371.63
warning,banner_check_missing,114sdoc7,GPO-CDOC-114sdoc7.pdf,1653,SENATOR MARK PRYOR,2013,BANNER NET PAYROLL,0.0,status=banner_missing; banner=0.0; parsed_body=0.0. Banner checks are advisory; review against the source before treating this as a parser defect.,114sdoc7|banner_check_missing|1653|SENATOR MARK PRYOR|2013|BANNER NET PAYROLL|0.0
warning,banner_check_missing,114sdoc7,GPO-CDOC-114sdoc7.pdf,1654,SENATOR MARK PRYOR,2014,BANNER NET PAYROLL,0.0,status=banner_missing; banner=0.0; parsed_body=0.0. Banner checks are advisory; review against the source before treating this as a parser defect.,114sdoc7|banner_check_missing|1654|SENATOR MARK PRYOR|2014|BANNER NET PAYROLL|0.0
error,unexpected_zero_records,114sdoc7,GPO-CDOC-114sdoc7.pdf,1655,SENATOR MARK PRYOR,2015,NET PAYROLL EXPENSES,16945.92,A normally itemized subtotal has no parsed records; exact review is required.,114sdoc7|unexpected_zero_records|1655|SENATOR MARK PRYOR|2015|NET PAYROLL EXPENSES|16945.92
warning,banner_check_discrepancy,114sdoc7,GPO-CDOC-114sdoc7.pdf,1655,SENATOR MARK PRYOR,2015,BANNER ORGANIZATION TOTALS,16855.2,status=fail; banner=16855.2; parsed_body=0.0. Banner checks are advisory; review against the source before treating this as a parser defect.,114sdoc7|banner_check_discrepancy|1655|SENATOR MARK PRYOR|2015|BANNER ORGANIZATION TOTALS|16855.2
warning,banner_check_missing,114sdoc7,GPO-CDOC-114sdoc7.pdf,1656,SENATOR JOHN F. REED,2013,BANNER NET PAYROLL,0.0,status=banner_missing; banner=0.0; parsed_body=0.0. Banner checks are advisory; review against the source before treating this as a parser defect.,114sdoc7|banner_check_missing|1656|SENATOR JOHN F. REED|2013|BANNER NET PAYROLL|0.0
warning,banner_check_missing,114sdoc7,GPO-CDOC-114sdoc7.pdf,1657,SENATOR JOHN F. REED,2014,BANNER NET PAYROLL,0.0,status=banner_missing; banner=0.0; parsed_body=0.0. Banner checks are advisory; review against the source before treating this as a parser defect.,114sdoc7|banner_check_missing|1657|SENATOR JOHN F. REED|2014|BANNER NET PAYROLL|0.0
warning,banner_check_discrepancy,114sdoc7,GPO-CDOC-114sdoc7.pdf,1658,SENATOR JOHN F. REED,2015,BANNER ORGANIZATION TOTALS,1354826.33,status=fail; banner=1354826.33; parsed_body=1325057.32. Banner checks are advisory; review against the source before treating this as a parser defect.,114sdoc7|banner_check_discrepancy|1658|SENATOR JOHN F. REED|2015|BANNER ORGANIZATION TOTALS|1354826.33
warning,banner_check_missing,114sdoc7,GPO-CDOC-114sdoc7.pdf,1662,SENATOR HARRY REID,2013,BANNER NET PAYROLL,0.0,status=banner_missing; banner=0.0; parsed_body=0.0. Banner checks are advisory; review against the source before treating this as a parser defect.,114sdoc7|banner_check_missing|1662|SENATOR HARRY REID|2013|BANNER NET PAYROLL|0.0
warning,banner_check_missing,114sdoc7,GPO-CDOC-114sdoc7.pdf,1663,SENATOR HARRY REID,2014,BANNER NET PAYROLL,0.0,status=banner_missing; banner=0.0; parsed_body=0.0. Banner checks are advisory; review against the source before treating this as a parser defect.,114sdoc7|banner_check_missing|1663|SENATOR HARRY REID|2014|BANNER NET PAYROLL|0.0
warning,banner_check_discrepancy,114sdoc7,GPO-CDOC-114sdoc7.pdf,1664,SENATOR HARRY REID,2015,BANNER ORGANIZATION TOTALS,1516308.89,status=fail; banner=1516308.89; parsed_body=1423798.35. Banner checks are advisory; review against the source before treating this as a parser defect.,114sdoc7|banner_check_discrepancy|1664|SENATOR HARRY REID|2015|BANNER ORGANIZATION TOTALS|1516308.89
warning,banner_check_missing,114sdoc7,GPO-CDOC-114sdoc7.pdf,1673,SENATOR JAMES E. RISCH,2013,BANNER NET PAYROLL,0.0,status=banner_missing; banner=0.0; parsed_body=0.0. Banner checks are advisory; review against the source before treating this as a parser defect.,114sdoc7|banner_check_missing|1673|SENATOR JAMES E. RISCH|2013|BANNER NET PAYROLL|0.0
warning,banner_check_missing,114sdoc7,GPO-CDOC-114sdoc7.pdf,1674,SENATOR JAMES E. RISCH,2014,BANNER NET PAYROLL,0.0,status=banner_missing; banner=0.0; parsed_body=0.0. Banner checks are advisory; review against the source before treating this as a parser defect.,114sdoc7|banner_check_missing|1674|SENATOR JAMES E. RISCH|2014|BANNER NET PAYROLL|0.0
warning,banner_check_discrepancy,114sdoc7,GPO-CDOC-114sdoc7.pdf,1675,SENATOR JAMES E. RISCH,2015,BANNER ORGANIZATION TOTALS,1277478.89,status=fail; banner=1277478.89; parsed_body=1241828.99. Banner checks are advisory; review against the source before treating this as a parser defect.,114sdoc7|banner_check_discrepancy|1675|SENATOR JAMES E. RISCH|2015|BANNER ORGANIZATION TOTALS|1277478.89
warning,banner_check_missing,114sdoc7,GPO-CDOC-114sdoc7.pdf,1685,SENATOR PAT ROBERTS,2013,BANNER NET PAYROLL,0.0,status=banner_missing; banner=0.0; parsed_body=0.0. Banner checks are advisory; review against the source before treating this as a parser defect.,114sdoc7|banner_check_missing|1685|SENATOR PAT ROBERTS|2013|BANNER NET PAYROLL|0.0
warning,banner_check_missing,114sdoc7,GPO-CDOC-114sdoc7.pdf,1686,SENATOR PAT ROBERTS,2014,BANNER NET PAYROLL,0.0,status=banner_missing; banner=0.0; parsed_body=0.0. Banner checks are advisory; review against the source before treating this as a parser defect.,114sdoc7|banner_check_missing|1686|SENATOR PAT ROBERTS|2014|BANNER NET PAYROLL|0.0
warning,banner_check_discrepancy,114sdoc7,GPO-CDOC-114sdoc7.pdf,1687,SENATOR PAT ROBERTS,2015,BANNER ORGANIZATION TOTALS,1424302.15,status=fail; banner=1424302.15; parsed_body=1354371.19. Banner checks are advisory; review against the source before treating this as a parser defect.,114sdoc7|banner_check_discrepancy|1687|SENATOR PAT ROBERTS|2015|BANNER ORGANIZATION TOTALS|1424302.15
warning,banner_check_missing,114sdoc7,GPO-CDOC-114sdoc7.pdf,1697,"SENATOR JOHN D. ROCKEFELLER, IV",2013,BANNER NET PAYROLL,0.0,status=banner_missing; banner=0.0; parsed_body=0.0. Banner checks are advisory; review against the source before treating this as a parser defect.,"114sdoc7|banner_check_missing|1697|SENATOR JOHN D. ROCKEFELLER, IV|2013|BANNER NET PAYROLL|0.0"
warning,banner_check_missing,114sdoc7,GPO-CDOC-114sdoc7.pdf,1698,"SENATOR JOHN D. ROCKEFELLER, IV",2014,BANNER NET PAYROLL,0.0,status=banner_missing; banner=0.0; parsed_body=0.0. Banner checks are advisory; review against the source before treating this as a parser defect.,"114sdoc7|banner_check_missing|1698|SENATOR JOHN D. ROCKEFELLER, IV|2014|BANNER NET PAYROLL|0.0"
warning,banner_check_missing,114sdoc7,GPO-CDOC-114sdoc7.pdf,1699,"SENATOR JOHN D. ROCKEFELLER, IV",2015,BANNER NET PAYROLL,0.0,status=banner_missing; banner=0.0; parsed_body=0.0. Banner checks are advisory; review against the source before treating this as a parser defect.,"114sdoc7|banner_check_missing|1699|SENATOR JOHN D. ROCKEFELLER, IV|2015|BANNER NET PAYROLL|0.0"
warning,banner_check_discrepancy,114sdoc7,GPO-CDOC-114sdoc7.pdf,1699,"SENATOR JOHN D. ROCKEFELLER, IV",2015,BANNER ORGANIZATION TOTALS,558.38,status=fail; banner=558.38; parsed_body=0.0. Banner checks are advisory; review against the source before treating this as a parser defect.,"114sdoc7|banner_check_discrepancy|1699|SENATOR JOHN D. ROCKEFELLER, IV|2015|BANNER ORGANIZATION TOTALS|558.38"
warning,banner_check_discrepancy,114sdoc7,GPO-CDOC-114sdoc7.pdf,1700,SENATOR MIKE ROUNDS,2015,BANNER ORGANIZATION TOTALS,1326862.76,status=fail; banner=1326862.76; parsed_body=1263586.32. Banner checks are advisory; review against the source before treating this as a parser defect.,114sdoc7|banner_check_discrepancy|1700|SENATOR MIKE ROUNDS|2015|BANNER ORGANIZATION TOTALS|1326862.76
warning,banner_check_missing,114sdoc7,GPO-CDOC-114sdoc7.pdf,1715,SENATOR MARCO RUBIO,2013,BANNER NET PAYROLL,0.0,status=banner_missing; banner=0.0; parsed_body=0.0. Banner checks are advisory; review against the source before treating this as a parser defect.,114sdoc7|banner_check_missing|1715|SENATOR MARCO RUBIO|2013|BANNER NET PAYROLL|0.0
warning,banner_check_missing,114sdoc7,GPO-CDOC-114sdoc7.pdf,1716,SENATOR MARCO RUBIO,2014,BANNER NET PAYROLL,0.0,status=banner_missing; banner=0.0; parsed_body=0.0. Banner checks are advisory; review against the source before treating this as a parser defect.,114sdoc7|banner_check_missing|1716|SENATOR MARCO RUBIO|2014|BANNER NET PAYROLL|0.0
warning,banner_check_discrepancy,114sdoc7,GPO-CDOC-114sdoc7.pdf,1717,SENATOR MARCO RUBIO,2015,BANNER ORGANIZATION TOTALS,1846222.08,status=fail; banner=1846222.08; parsed_body=1912393.41. Banner checks are advisory; review against the source before treating this as a parser defect.,114sdoc7|banner_check_discrepancy|1717|SENATOR MARCO RUBIO|2015|BANNER ORGANIZATION TOTALS|1846222.08
warning,banner_check_missing,114sdoc7,GPO-CDOC-114sdoc7.pdf,1728,SENATOR BERNARD SANDERS,2013,BANNER NET PAYROLL,0.0,status=banner_missing; banner=0.0; parsed_body=0.0. Banner checks are advisory; review against the source before treating this as a parser defect.,114sdoc7|banner_check_missing|1728|SENATOR BERNARD SANDERS|2013|BANNER NET PAYROLL|0.0
warning,banner_check_missing,114sdoc7,GPO-CDOC-114sdoc7.pdf,1729,SENATOR BERNARD SANDERS,2014,BANNER NET PAYROLL,0.0,status=banner_missing; banner=0.0; parsed_body=0.0. Banner checks are advisory; review against the source before treating this as a parser defect.,114sdoc7|banner_check_missing|1729|SENATOR BERNARD SANDERS|2014|BANNER NET PAYROLL|0.0
warning,banner_check_discrepancy,114sdoc7,GPO-CDOC-114sdoc7.pdf,1729,SENATOR BERNARD SANDERS,2014,BANNER ORGANIZATION TOTALS,42316.62,status=fail; banner=42316.62; parsed_body=40361.62. Banner checks are advisory; review against the source before treating this as a parser defect.,114sdoc7|banner_check_discrepancy|1729|SENATOR BERNARD SANDERS|2014|BANNER ORGANIZATION TOTALS|42316.62
warning,banner_check_discrepancy,114sdoc7,GPO-CDOC-114sdoc7.pdf,1730,SENATOR BERNARD SANDERS,2015,BANNER ORGANIZATION TOTALS,1139656.64,status=fail; banner=1139656.64; parsed_body=1098439.64. Banner checks are advisory; review against the source before treating this as a parser defect.,114sdoc7|banner_check_discrepancy|1730|SENATOR BERNARD SANDERS|2015|BANNER ORGANIZATION TOTALS|1139656.64
warning,banner_check_discrepancy,114sdoc7,GPO-CDOC-114sdoc7.pdf,1743,SENATOR BEN SASSE,2015,BANNER ORGANIZATION TOTALS,1333294.12,status=fail; banner=1333294.12; parsed_body=1213458.49. Banner checks are advisory; review against the source before treating this as a parser defect.,114sdoc7|banner_check_discrepancy|1743|SENATOR BEN SASSE|2015|BANNER ORGANIZATION TOTALS|1333294.12
warning,banner_check_missing,114sdoc7,GPO-CDOC-114sdoc7.pdf,1752,SENATOR BRIAN SCHATZ,2013,BANNER NET PAYROLL,0.0,status=banner_missing; banner=0.0; parsed_body=0.0. Banner checks are advisory; review against the source before treating this as a parser defect.,114sdoc7|banner_check_missing|1752|SENATOR BRIAN SCHATZ|2013|BANNER NET PAYROLL|0.0
error,unexpected_zero_records,114sdoc7,GPO-CDOC-114sdoc7.pdf,1753,SENATOR BRIAN SCHATZ,2014,NET PAYROLL EXPENSES,771.55,A normally itemized subtotal has no parsed records; exact review is required.,114sdoc7|unexpected_zero_records|1753|SENATOR BRIAN SCHATZ|2014|NET PAYROLL EXPENSES|771.55
warning,banner_check_discrepancy,114sdoc7,GPO-CDOC-114sdoc7.pdf,1753,SENATOR BRIAN SCHATZ,2014,BANNER ORGANIZATION TOTALS,2206.55,status=fail; banner=2206.55; parsed_body=1435.0. Banner checks are advisory; review against the source before treating this as a parser defect.,114sdoc7|banner_check_discrepancy|1753|SENATOR BRIAN SCHATZ|2014|BANNER ORGANIZATION TOTALS|2206.55
warning,banner_check_discrepancy,114sdoc7,GPO-CDOC-114sdoc7.pdf,1754,SENATOR BRIAN SCHATZ,2015,BANNER ORGANIZATION TOTALS,1630060.56,status=fail; banner=1630060.56; parsed_body=1593272.53. Banner checks are advisory; review against the source before treating this as a parser defect.,114sdoc7|banner_check_discrepancy|1754|SENATOR BRIAN SCHATZ|2015|BANNER ORGANIZATION TOTALS|1630060.56
warning,banner_check_missing,114sdoc7,GPO-CDOC-114sdoc7.pdf,1760,SENATOR CHARLES E. SCHUMER,2013,BANNER NET PAYROLL,0.0,status=banner_missing; banner=0.0; parsed_body=0.0. Banner checks are advisory; review against the source before treating this as a parser defect.,114sdoc7|banner_check_missing|1760|SENATOR CHARLES E. SCHUMER|2013|BANNER NET PAYROLL|0.0
warning,banner_check_missing,114sdoc7,GPO-CDOC-114sdoc7.pdf,1761,SENATOR CHARLES E. SCHUMER,2014,BANNER NET PAYROLL,0.0,status=banner_missing; banner=0.0; parsed_body=0.0. Banner checks are advisory; review against the source before treating this as a parser defect.,114sdoc7|banner_check_missing|1761|SENATOR CHARLES E. SCHUMER|2014|BANNER NET PAYROLL|0.0
warning,banner_check_discrepancy,114sdoc7,GPO-CDOC-114sdoc7.pdf,1761,SENATOR CHARLES E. SCHUMER,2014,BANNER ORGANIZATION TOTALS,51.05,status=fail; banner=51.05; parsed_body=0.0. Banner checks are advisory; review against the source before treating this as a parser defect.,114sdoc7|banner_check_discrepancy|1761|SENATOR CHARLES E. SCHUMER|2014|BANNER ORGANIZATION TOTALS|51.05
warning,banner_check_discrepancy,114sdoc7,GPO-CDOC-114sdoc7.pdf,1762,SENATOR CHARLES E. SCHUMER,2015,BANNER ORGANIZATION TOTALS,2237508.03,status=fail; banner=2237508.03; parsed_body=2124402.37. Banner checks are advisory; review against the source before treating this as a parser defect.,114sdoc7|banner_check_discrepancy|1762|SENATOR CHARLES E. SCHUMER|2015|BANNER ORGANIZATION TOTALS|2237508.03
warning,banner_check_missing,114sdoc7,GPO-CDOC-114sdoc7.pdf,1775,SENATOR TIM SCOTT,2013,BANNER NET PAYROLL,0.0,status=banner_missing; banner=0.0; parsed_body=0.0. Banner checks are advisory; review against the source before treating this as a parser defect.,114sdoc7|banner_check_missing|1775|SENATOR TIM SCOTT|2013|BANNER NET PAYROLL|0.0
warning,banner_check_missing,114sdoc7,GPO-CDOC-114sdoc7.pdf,1776,SENATOR TIM SCOTT,2014,BANNER NET PAYROLL,0.0,status=banner_missing; banner=0.0; parsed_body=0.0. Banner checks are advisory; review against the source before treating this as a parser defect.,114sdoc7|banner_check_missing|1776|SENATOR TIM SCOTT|2014|BANNER NET PAYROLL|0.0
warning,banner_check_discrepancy,114sdoc7,GPO-CDOC-114sdoc7.pdf,1777,SENATOR TIM SCOTT,2015,BANNER ORGANIZATION TOTALS,1213768.8,status=fail; banner=1213768.8; parsed_body=1168866.45. Banner checks are advisory; review against the source before treating this as a parser defect.,114sdoc7|banner_check_discrepancy|1777|SENATOR TIM SCOTT|2015|BANNER ORGANIZATION TOTALS|1213768.8
warning,banner_check_missing,114sdoc7,GPO-CDOC-114sdoc7.pdf,1786,"SENATOR JEFFERSON B. SESSIONS, III",2013,BANNER NET PAYROLL,0.0,status=banner_missing; banner=0.0; parsed_body=0.0. Banner checks are advisory; review against the source before treating this as a parser defect.,"114sdoc7|banner_check_missing|1786|SENATOR JEFFERSON B. SESSIONS, III|2013|BANNER NET PAYROLL|0.0"
warning,banner_check_missing,114sdoc7,GPO-CDOC-114sdoc7.pdf,1787,"SENATOR JEFFERSON B. SESSIONS, III",2014,BANNER NET PAYROLL,0.0,status=banner_missing; banner=0.0; parsed_body=0.0. Banner checks are advisory; review against the source before treating this as a parser defect.,"114sdoc7|banner_check_missing|1787|SENATOR JEFFERSON B. SESSIONS, III|2014|BANNER NET PAYROLL|0.0"
warning,banner_check_discrepancy,114sdoc7,GPO-CDOC-114sdoc7.pdf,1788,"SENATOR JEFFERSON B. SESSIONS, III",2015,BANNER ORGANIZATION TOTALS,1217491.96,status=fail; banner=1217491.96; parsed_body=1235530.02. Banner checks are advisory; review against the source before treating this as a parser defect.,"114sdoc7|banner_check_discrepancy|1788|SENATOR JEFFERSON B. SESSIONS, III|2015|BANNER ORGANIZATION TOTALS|1217491.96"
warning,banner_check_missing,114sdoc7,GPO-CDOC-114sdoc7.pdf,1797,SENATOR JEANNE SHAHEEN,2013,BANNER NET PAYROLL,0.0,status=banner_missing; banner=0.0; parsed_body=0.0. Banner checks are advisory; review against the source before treating this as a parser defect.,114sdoc7|banner_check_missing|1797|SENATOR JEANNE SHAHEEN|2013|BANNER NET PAYROLL|0.0
warning,banner_check_missing,114sdoc7,GPO-CDOC-114sdoc7.pdf,1798,SENATOR JEANNE SHAHEEN,2014,BANNER NET PAYROLL,0.0,status=banner_missing; banner=0.0; parsed_body=0.0. Banner checks are advisory; review against the source before treating this as a parser defect.,114sdoc7|banner_check_missing|1798|SENATOR JEANNE SHAHEEN|2014|BANNER NET PAYROLL|0.0
warning,banner_check_discrepancy,114sdoc7,GPO-CDOC-114sdoc7.pdf,1798,SENATOR JEANNE SHAHEEN,2014,BANNER ORGANIZATION TOTALS,668.36,status=fail; banner=668.36; parsed_body=91.02. Banner checks are advisory; review against the source before treating this as a parser defect.,114sdoc7|banner_check_discrepancy|1798|SENATOR JEANNE SHAHEEN|2014|BANNER ORGANIZATION TOTALS|668.36
warning,banner_check_discrepancy,114sdoc7,GPO-CDOC-114sdoc7.pdf,1799,SENATOR JEANNE SHAHEEN,2015,BANNER ORGANIZATION TOTALS,1297041.62,status=fail; banner=1297041.62; parsed_body=1251626.69. Banner checks are advisory; review against the source before treating this as a parser defect.,114sdoc7|banner_check_discrepancy|1799|SENATOR JEANNE SHAHEEN|2015|BANNER ORGANIZATION TOTALS|1297041.62
warning,banner_check_missing,114sdoc7,GPO-CDOC-114sdoc7.pdf,1815,SENATOR RICHARD C. SHELBY,2013,BANNER NET PAYROLL,0.0,status=banner_missing; banner=0.0; parsed_body=0.0. Banner checks are advisory; review against the source before treating this as a parser defect.,114sdoc7|banner_check_missing|1815|SENATOR RICHARD C. SHELBY|2013|BANNER NET PAYROLL|0.0
warning,banner_check_missing,114sdoc7,GPO-CDOC-114sdoc7.pdf,1816,SENATOR RICHARD C. SHELBY,2014,BANNER NET PAYROLL,0.0,status=banner_missing; banner=0.0; parsed_body=0.0. Banner checks are advisory; review against the source before treating this as a parser defect.,114sdoc7|banner_check_missing|1816|SENATOR RICHARD C. SHELBY|2014|BANNER NET PAYROLL|0.0
warning,banner_check_discrepancy,114sdoc7,GPO-CDOC-114sdoc7.pdf,1817,SENATOR RICHARD C. SHELBY,2015,BANNER ORGANIZATION TOTALS,889576.04,status=fail; banner=889576.04; parsed_body=863481.34. Banner checks are advisory; review against the source before treating this as a parser defect.,114sdoc7|banner_check_discrepancy|1817|SENATOR RICHARD C. SHELBY|2015|BANNER ORGANIZATION TOTALS|889576.04
warning,banner_check_missing,114sdoc7,GPO-CDOC-114sdoc7.pdf,1820,SENATOR OLYMPIA J. SNOWE,2013,BANNER NET PAYROLL,0.0,status=banner_missing; banner=0.0; parsed_body=0.0. Banner checks are advisory; review against the source before treating this as a parser defect.,114sdoc7|banner_check_missing|1820|SENATOR OLYMPIA J. SNOWE|2013|BANNER NET PAYROLL|0.0
warning,banner_check_missing,114sdoc7,GPO-CDOC-114sdoc7.pdf,1821,SENATOR DEBBIE A. STABENOW,2013,BANNER NET PAYROLL,0.0,status=banner_missing; banner=0.0; parsed_body=0.0. Banner checks are advisory; review against the source before treating this as a parser defect.,114sdoc7|banner_check_missing|1821|SENATOR DEBBIE A. STABENOW|2013|BANNER NET PAYROLL|0.0
warning,banner_check_discrepancy,114sdoc7,GPO-CDOC-114sdoc7.pdf,1821,SENATOR DEBBIE A. STABENOW,2013,BANNER ORGANIZATION TOTALS,56.25,status=fail; banner=56.25; parsed_body=0.0. Banner checks are advisory; review against the source before treating this as a parser defect.,114sdoc7|banner_check_discrepancy|1821|SENATOR DEBBIE A. STABENOW|2013|BANNER ORGANIZATION TOTALS|56.25
warning,banner_check_missing,114sdoc7,GPO-CDOC-114sdoc7.pdf,1822,SENATOR DEBBIE A. STABENOW,2014,BANNER NET PAYROLL,0.0,status=banner_missing; banner=0.0; parsed_body=0.0. Banner checks are advisory; review against the source before treating this as a parser defect.,114sdoc7|banner_check_missing|1822|SENATOR DEBBIE A. STABENOW|2014|BANNER NET PAYROLL|0.0
warning,banner_check_discrepancy,114sdoc7,GPO-CDOC-114sdoc7.pdf,1823,SENATOR DEBBIE A. STABENOW,2015,BANNER ORGANIZATION TOTALS,1798768.16,status=fail; banner=1798768.16; parsed_body=1762869.48. Banner checks are advisory; review against the source before treating this as a parser defect.,114sdoc7|banner_check_discrepancy|1823|SENATOR DEBBIE A. STABENOW|2015|BANNER ORGANIZATION TOTALS|1798768.16
warning,banner_check_discrepancy,114sdoc7,GPO-CDOC-114sdoc7.pdf,1834,SENATOR DAN SULLIVAN,2015,BANNER ORGANIZATION TOTALS,1469389.98,status=fail; banner=1469389.98; parsed_body=1465803.64. Banner checks are advisory; review against the source before treating this as a parser defect.,114sdoc7|banner_check_discrepancy|1834|SENATOR DAN SULLIVAN|2015|BANNER ORGANIZATION TOTALS|1469389.98
warning,banner_check_missing,114sdoc7,GPO-CDOC-114sdoc7.pdf,1839,SENATOR JON TESTER,2013,BANNER NET PAYROLL,0.0,status=banner_missing; banner=0.0; parsed_body=0.0. Banner checks are advisory; review against the source before treating this as a parser defect.,114sdoc7|banner_check_missing|1839|SENATOR JON TESTER|2013|BANNER NET PAYROLL|0.0
warning,banner_check_missing,114sdoc7,GPO-CDOC-114sdoc7.pdf,1840,SENATOR JON TESTER,2014,BANNER NET PAYROLL,0.0,status=banner_missing; banner=0.0; parsed_body=0.0. Banner checks are advisory; review against the source before treating this as a parser defect.,114sdoc7|banner_check_missing|1840|SENATOR JON TESTER|2014|BANNER NET PAYROLL|0.0
warning,banner_check_discrepancy,114sdoc7,GPO-CDOC-114sdoc7.pdf,1841,SENATOR JON TESTER,2015,BANNER ORGANIZATION TOTALS,1452363.06,status=fail; banner=1452363.06; parsed_body=1412086.49. Banner checks are advisory; review against the source before treating this as a parser defect.,114sdoc7|banner_check_discrepancy|1841|SENATOR JON TESTER|2015|BANNER ORGANIZATION TOTALS|1452363.06
warning,banner_check_missing,114sdoc7,GPO-CDOC-114sdoc7.pdf,1858,SENATOR JOHN R. THUNE,2013,BANNER NET PAYROLL,0.0,status=banner_missing; banner=0.0; parsed_body=0.0. Banner checks are advisory; review against the source before treating this as a parser defect.,114sdoc7|banner_check_missing|1858|SENATOR JOHN R. THUNE|2013|BANNER NET PAYROLL|0.0
warning,banner_check_missing,114sdoc7,GPO-CDOC-114sdoc7.pdf,1859,SENATOR JOHN R. THUNE,2014,BANNER NET PAYROLL,0.0,status=banner_missing; banner=0.0; parsed_body=0.0. Banner checks are advisory; review against the source before treating this as a parser defect.,114sdoc7|banner_check_missing|1859|SENATOR JOHN R. THUNE|2014|BANNER NET PAYROLL|0.0
warning,banner_check_discrepancy,114sdoc7,GPO-CDOC-114sdoc7.pdf,1860,SENATOR JOHN R. THUNE,2015,BANNER ORGANIZATION TOTALS,1467153.19,status=fail; banner=1467153.19; parsed_body=1433305.67. Banner checks are advisory; review against the source before treating this as a parser defect.,114sdoc7|banner_check_discrepancy|1860|SENATOR JOHN R. THUNE|2015|BANNER ORGANIZATION TOTALS|1467153.19
warning,banner_check_discrepancy,114sdoc7,GPO-CDOC-114sdoc7.pdf,1870,SENATOR THOM TILLIS,2015,BANNER ORGANIZATION TOTALS,1580805.39,status=fail; banner=1580805.39; parsed_body=1466662.29. Banner checks are advisory; review against the source before treating this as a parser defect.,114sdoc7|banner_check_discrepancy|1870|SENATOR THOM TILLIS|2015|BANNER ORGANIZATION TOTALS|1580805.39
warning,banner_check_missing,114sdoc7,GPO-CDOC-114sdoc7.pdf,1885,SENATOR PATRICK J.TOOMEY,2013,BANNER NET PAYROLL,0.0,status=banner_missing; banner=0.0; parsed_body=0.0. Banner checks are advisory; review against the source before treating this as a parser defect.,114sdoc7|banner_check_missing|1885|SENATOR PATRICK J.TOOMEY|2013|BANNER NET PAYROLL|0.0
warning,banner_check_missing,114sdoc7,GPO-CDOC-114sdoc7.pdf,1886,SENATOR PATRICK J.TOOMEY,2014,BANNER NET PAYROLL,0.0,status=banner_missing; banner=0.0; parsed_body=0.0. Banner checks are advisory; review against the source before treating this as a parser defect.,114sdoc7|banner_check_missing|1886|SENATOR PATRICK J.TOOMEY|2014|BANNER NET PAYROLL|0.0
warning,banner_check_discrepancy,114sdoc7,GPO-CDOC-114sdoc7.pdf,1887,SENATOR PATRICK J.TOOMEY,2015,BANNER ORGANIZATION TOTALS,1836978.96,status=fail; banner=1836978.96; parsed_body=1670104.45. Banner checks are advisory; review against the source before treating this as a parser defect.,114sdoc7|banner_check_discrepancy|1887|SENATOR PATRICK J.TOOMEY|2015|BANNER ORGANIZATION TOTALS|1836978.96
warning,banner_check_missing,114sdoc7,GPO-CDOC-114sdoc7.pdf,1910,SENATOR MARK UDALL (CO),2013,BANNER NET PAYROLL,0.0,status=banner_missing; banner=0.0; parsed_body=0.0. Banner checks are advisory; review against the source before treating this as a parser defect.,114sdoc7|banner_check_missing|1910|SENATOR MARK UDALL (CO)|2013|BANNER NET PAYROLL|0.0
warning,banner_check_missing,114sdoc7,GPO-CDOC-114sdoc7.pdf,1911,SENATOR MARK UDALL (CO),2014,BANNER NET PAYROLL,0.0,status=banner_missing; banner=0.0; parsed_body=0.0. Banner checks are advisory; review against the source before treating this as a parser defect.,114sdoc7|banner_check_missing|1911|SENATOR MARK UDALL (CO)|2014|BANNER NET PAYROLL|0.0
warning,banner_check_discrepancy,114sdoc7,GPO-CDOC-114sdoc7.pdf,1911,SENATOR MARK UDALL (CO),2014,BANNER ORGANIZATION TOTALS,152.61,status=fail; banner=152.61; parsed_body=0.0. Banner checks are advisory; review against the source before treating this as a parser defect.,114sdoc7|banner_check_discrepancy|1911|SENATOR MARK UDALL (CO)|2014|BANNER ORGANIZATION TOTALS|152.61
warning,banner_check_missing,114sdoc7,GPO-CDOC-114sdoc7.pdf,1912,SENATOR MARK UDALL (CO),2015,BANNER NET PAYROLL,0.0,status=banner_missing; banner=0.0; parsed_body=0.0. Banner checks are advisory; review against the source before treating this as a parser defect.,114sdoc7|banner_check_missing|1912|SENATOR MARK UDALL (CO)|2015|BANNER NET PAYROLL|0.0
warning,banner_check_missing,114sdoc7,GPO-CDOC-114sdoc7.pdf,1913,SENATOR TOM UDALL (NM),2013,BANNER NET PAYROLL,0.0,status=banner_missing; banner=0.0; parsed_body=0.0. Banner checks are advisory; review against the source before treating this as a parser defect.,114sdoc7|banner_check_missing|1913|SENATOR TOM UDALL (NM)|2013|BANNER NET PAYROLL|0.0
warning,banner_check_missing,114sdoc7,GPO-CDOC-114sdoc7.pdf,1914,SENATOR TOM UDALL (NM),2014,BANNER NET PAYROLL,0.0,status=banner_missing; banner=0.0; parsed_body=0.0. Banner checks are advisory; review against the source before treating this as a parser defect.,114sdoc7|banner_check_missing|1914|SENATOR TOM UDALL (NM)|2014|BANNER NET PAYROLL|0.0
warning,banner_check_discrepancy,114sdoc7,GPO-CDOC-114sdoc7.pdf,1915,SENATOR TOM UDALL (NM),2015,BANNER ORGANIZATION TOTALS,1471972.08,status=fail; banner=1471972.08; parsed_body=1437890.95. Banner checks are advisory; review against the source before treating this as a parser defect.,114sdoc7|banner_check_discrepancy|1915|SENATOR TOM UDALL (NM)|2015|BANNER ORGANIZATION TOTALS|1471972.08
warning,banner_check_missing,114sdoc7,GPO-CDOC-114sdoc7.pdf,1929,SENATOR DAVID VITTER,2013,BANNER NET PAYROLL,0.0,status=banner_missing; banner=0.0; parsed_body=0.0. Banner checks are advisory; review against the source before treating this as a parser defect.,114sdoc7|banner_check_missing|1929|SENATOR DAVID VITTER|2013|BANNER NET PAYROLL|0.0
warning,banner_check_missing,114sdoc7,GPO-CDOC-114sdoc7.pdf,1930,SENATOR DAVID VITTER,2014,BANNER NET PAYROLL,0.0,status=banner_missing; banner=0.0; parsed_body=0.0. Banner checks are advisory; review against the source before treating this as a parser defect.,114sdoc7|banner_check_missing|1930|SENATOR DAVID VITTER|2014|BANNER NET PAYROLL|0.0
warning,banner_check_discrepancy,114sdoc7,GPO-CDOC-114sdoc7.pdf,1931,SENATOR DAVID VITTER,2015,BANNER ORGANIZATION TOTALS,1595597.19,status=fail; banner=1595597.19; parsed_body=1081015.22. Banner checks are advisory; review against the source before treating this as a parser defect.,114sdoc7|banner_check_discrepancy|1931|SENATOR DAVID VITTER|2015|BANNER ORGANIZATION TOTALS|1595597.19
warning,banner_check_missing,114sdoc7,GPO-CDOC-114sdoc7.pdf,1944,SENATOR JOHN WALSH,2014,BANNER NET PAYROLL,0.0,status=banner_missing; banner=0.0; parsed_body=0.0. Banner checks are advisory; review against the source before treating this as a parser defect.,114sdoc7|banner_check_missing|1944|SENATOR JOHN WALSH|2014|BANNER NET PAYROLL|0.0
warning,banner_check_missing,114sdoc7,GPO-CDOC-114sdoc7.pdf,1945,SENATOR JOHN WALSH,2015,BANNER NET PAYROLL,0.0,status=banner_missing; banner=0.0; parsed_body=0.0. Banner checks are advisory; review against the source before treating this as a parser defect.,114sdoc7|banner_check_missing|1945|SENATOR JOHN WALSH|2015|BANNER NET PAYROLL|0.0
warning,banner_check_discrepancy,114sdoc7,GPO-CDOC-114sdoc7.pdf,1945,SENATOR JOHN WALSH,2015,BANNER ORGANIZATION TOTALS,702.86,status=fail; banner=702.86; parsed_body=0.0. Banner checks are advisory; review against the source before treating this as a parser defect.,114sdoc7|banner_check_discrepancy|1945|SENATOR JOHN WALSH|2015|BANNER ORGANIZATION TOTALS|702.86
warning,banner_check_missing,114sdoc7,GPO-CDOC-114sdoc7.pdf,1946,SENATOR MARK WARNER,2013,BANNER NET PAYROLL,0.0,status=banner_missing; banner=0.0; parsed_body=0.0. Banner checks are advisory; review against the source before treating this as a parser defect.,114sdoc7|banner_check_missing|1946|SENATOR MARK WARNER|2013|BANNER NET PAYROLL|0.0
warning,banner_check_missing,114sdoc7,GPO-CDOC-114sdoc7.pdf,1947,SENATOR MARK WARNER,2014,BANNER NET PAYROLL,0.0,status=banner_missing; banner=0.0; parsed_body=0.0. Banner checks are advisory; review against the source before treating this as a parser defect.,114sdoc7|banner_check_missing|1947|SENATOR MARK WARNER|2014|BANNER NET PAYROLL|0.0
warning,banner_check_discrepancy,114sdoc7,GPO-CDOC-114sdoc7.pdf,1948,SENATOR MARK WARNER,2015,BANNER ORGANIZATION TOTALS,1682935.34,status=fail; banner=1682935.34; parsed_body=1648864.05. Banner checks are advisory; review against the source before treating this as a parser defect.,114sdoc7|banner_check_discrepancy|1948|SENATOR MARK WARNER|2015|BANNER ORGANIZATION TOTALS|1682935.34
warning,banner_check_missing,114sdoc7,GPO-CDOC-114sdoc7.pdf,1966,SENATOR ELIZABETH WARREN,2013,BANNER NET PAYROLL,0.0,status=banner_missing; banner=0.0; parsed_body=0.0. Banner checks are advisory; review against the source before treating this as a parser defect.,114sdoc7|banner_check_missing|1966|SENATOR ELIZABETH WARREN|2013|BANNER NET PAYROLL|0.0
warning,banner_check_missing,114sdoc7,GPO-CDOC-114sdoc7.pdf,1967,SENATOR ELIZABETH WARREN,2014,BANNER NET PAYROLL,0.0,status=banner_missing; banner=0.0; parsed_body=0.0. Banner checks are advisory; review against the source before treating this as a parser defect.,114sdoc7|banner_check_missing|1967|SENATOR ELIZABETH WARREN|2014|BANNER NET PAYROLL|0.0
warning,banner_check_discrepancy,114sdoc7,GPO-CDOC-114sdoc7.pdf,1968,SENATOR ELIZABETH WARREN,2015,BANNER ORGANIZATION TOTALS,1443952.84,status=fail; banner=1443952.84; parsed_body=1404073.77. Banner checks are advisory; review against the source before treating this as a parser defect.,114sdoc7|banner_check_discrepancy|1968|SENATOR ELIZABETH WARREN|2015|BANNER ORGANIZATION TOTALS|1443952.84
warning,banner_check_missing,114sdoc7,GPO-CDOC-114sdoc7.pdf,1976,SENATOR JIM WEBB,2013,BANNER NET PAYROLL,0.0,status=banner_missing; banner=0.0; parsed_body=0.0. Banner checks are advisory; review against the source before treating this as a parser defect.,114sdoc7|banner_check_missing|1976|SENATOR JIM WEBB|2013|BANNER NET PAYROLL|0.0
warning,banner_check_missing,114sdoc7,GPO-CDOC-114sdoc7.pdf,1977,SENATOR SHELDON WHITEHOUSE,2013,BANNER NET PAYROLL,0.0,status=banner_missing; banner=0.0; parsed_body=0.0. Banner checks are advisory; review against the source before treating this as a parser defect.,114sdoc7|banner_check_missing|1977|SENATOR SHELDON WHITEHOUSE|2013|BANNER NET PAYROLL|0.0
warning,banner_check_missing,114sdoc7,GPO-CDOC-114sdoc7.pdf,1978,SENATOR SHELDON WHITEHOUSE,2014,BANNER NET PAYROLL,0.0,status=banner_missing; banner=0.0; parsed_body=0.0. Banner checks are advisory; review against the source before treating this as a parser defect.,114sdoc7|banner_check_missing|1978|SENATOR SHELDON WHITEHOUSE|2014|BANNER NET PAYROLL|0.0
warning,banner_check_discrepancy,114sdoc7,GPO-CDOC-114sdoc7.pdf,1979,SENATOR SHELDON WHITEHOUSE,2015,BANNER ORGANIZATION TOTALS,1581586.86,status=fail; banner=1581586.86; parsed_body=1531989.13. Banner checks are advisory; review against the source before treating this as a parser defect.,114sdoc7|banner_check_discrepancy|1979|SENATOR SHELDON WHITEHOUSE|2015|BANNER ORGANIZATION TOTALS|1581586.86
warning,banner_check_missing,114sdoc7,GPO-CDOC-114sdoc7.pdf,1994,SENATOR ROGER WICKER,2013,BANNER NET PAYROLL,0.0,status=banner_missing; banner=0.0; parsed_body=0.0. Banner checks are advisory; review against the source before treating this as a parser defect.,114sdoc7|banner_check_missing|1994|SENATOR ROGER WICKER|2013|BANNER NET PAYROLL|0.0
warning,banner_check_missing,114sdoc7,GPO-CDOC-114sdoc7.pdf,1995,SENATOR ROGER WICKER,2014,BANNER NET PAYROLL,0.0,status=banner_missing; banner=0.0; parsed_body=0.0. Banner checks are advisory; review against the source before treating this as a parser defect.,114sdoc7|banner_check_missing|1995|SENATOR ROGER WICKER|2014|BANNER NET PAYROLL|0.0
warning,banner_check_discrepancy,114sdoc7,GPO-CDOC-114sdoc7.pdf,1996,SENATOR ROGER WICKER,2015,BANNER ORGANIZATION TOTALS,1424559.28,status=fail; banner=1424559.28; parsed_body=1400901.89. Banner checks are advisory; review against the source before treating this as a parser defect.,114sdoc7|banner_check_discrepancy|1996|SENATOR ROGER WICKER|2015|BANNER ORGANIZATION TOTALS|1424559.28
warning,banner_check_missing,114sdoc7,GPO-CDOC-114sdoc7.pdf,2010,SENATOR RON WYDEN,2013,BANNER NET PAYROLL,0.0,status=banner_missing; banner=0.0; parsed_body=0.0. Banner checks are advisory; review against the source before treating this as a parser defect.,114sdoc7|banner_check_missing|2010|SENATOR RON WYDEN|2013|BANNER NET PAYROLL|0.0
warning,banner_check_missing,114sdoc7,GPO-CDOC-114sdoc7.pdf,2011,SENATOR RON WYDEN,2014,BANNER NET PAYROLL,0.0,status=banner_missing; banner=0.0; parsed_body=0.0. Banner checks are advisory; review against the source before treating this as a parser defect.,114sdoc7|banner_check_missing|2011|SENATOR RON WYDEN|2014|BANNER NET PAYROLL|0.0
warning,banner_check_discrepancy,114sdoc7,GPO-CDOC-114sdoc7.pdf,2012,SENATOR RON WYDEN,2015,BANNER ORGANIZATION TOTALS,1684935.3,status=fail; banner=1684935.3; parsed_body=1633488.94. Banner checks are advisory; review against the source before treating this as a parser defect.,114sdoc7|banner_check_discrepancy|2012|SENATOR RON WYDEN|2015|BANNER ORGANIZATION TOTALS|1684935.3
warning,banner_check_missing,114sdoc7,GPO-CDOC-114sdoc7.pdf,2027,STATIONERY,,BANNER NET PAYROLL,0.0,status=banner_missing; banner=0.0; parsed_body=0.0. Banner checks are advisory; review against the source before treating this as a parser defect.,114sdoc7|banner_check_missing|2027|STATIONERY||BANNER NET PAYROLL|0.0
warning,banner_check_discrepancy,114sdoc7,GPO-CDOC-114sdoc7.pdf,2027,STATIONERY,,BANNER ORGANIZATION TOTALS,246191.27,status=fail; banner=246191.27; parsed_body=0.0. Banner checks are advisory; review against the source before treating this as a parser defect.,114sdoc7|banner_check_discrepancy|2027|STATIONERY||BANNER ORGANIZATION TOTALS|246191.27
warning,banner_check_missing,114sdoc7,GPO-CDOC-114sdoc7.pdf,2028,LEGAL COUNSEL,2013,BANNER NET PAYROLL,0.0,status=banner_missing; banner=0.0; parsed_body=0.0. Banner checks are advisory; review against the source before treating this as a parser defect.,114sdoc7|banner_check_missing|2028|LEGAL COUNSEL|2013|BANNER NET PAYROLL|0.0
warning,banner_check_missing,114sdoc7,GPO-CDOC-114sdoc7.pdf,2029,LEGAL COUNSEL,2014,BANNER NET PAYROLL,0.0,status=banner_missing; banner=0.0; parsed_body=0.0. Banner checks are advisory; review against the source before treating this as a parser defect.,114sdoc7|banner_check_missing|2029|LEGAL COUNSEL|2014|BANNER NET PAYROLL|0.0
warning,banner_check_discrepancy,114sdoc7,GPO-CDOC-114sdoc7.pdf,2029,LEGAL COUNSEL,2014,BANNER ORGANIZATION TOTALS,314.65,status=fail; banner=314.65; parsed_body=0.0. Banner checks are advisory; review against the source before treating this as a parser defect.,114sdoc7|banner_check_discrepancy|2029|LEGAL COUNSEL|2014|BANNER ORGANIZATION TOTALS|314.65
warning,banner_check_discrepancy,114sdoc7,GPO-CDOC-114sdoc7.pdf,2030,LEGAL COUNSEL,2015,BANNER ORGANIZATION TOTALS,432680.92,status=fail; banner=432680.92; parsed_body=426297.92. Banner checks are advisory; review against the source before treating this as a parser defect.,114sdoc7|banner_check_discrepancy|2030|LEGAL COUNSEL|2015|BANNER ORGANIZATION TOTALS|432680.92
warning,banner_check_missing,114sdoc7,GPO-CDOC-114sdoc7.pdf,2031,SECRETARY FOR THE MAJORITY (D),2013,BANNER NET PAYROLL,0.0,status=banner_missing; banner=0.0; parsed_body=0.0. Banner checks are advisory; review against the source before treating this as a parser defect.,114sdoc7|banner_check_missing|2031|SECRETARY FOR THE MAJORITY (D)|2013|BANNER NET PAYROLL|0.0
warning,banner_check_missing,114sdoc7,GPO-CDOC-114sdoc7.pdf,2032,SECRETARY FOR THE MAJORITY (D),2014,BANNER NET PAYROLL,0.0,status=banner_missing; banner=0.0; parsed_body=0.0. Banner checks are advisory; review against the source before treating this as a parser defect.,114sdoc7|banner_check_missing|2032|SECRETARY FOR THE MAJORITY (D)|2014|BANNER NET PAYROLL|0.0
warning,banner_check_discrepancy,114sdoc7,GPO-CDOC-114sdoc7.pdf,2033,SECRETARY FOR THE MINORITY (D),2015,BANNER ORGANIZATION TOTALS,4070.86,status=fail; banner=4070.86; parsed_body=1922.0. Banner checks are advisory; review against the source before treating this as a parser defect.,114sdoc7|banner_check_discrepancy|2033|SECRETARY FOR THE MINORITY (D)|2015|BANNER ORGANIZATION TOTALS|4070.86
warning,banner_check_missing,114sdoc7,GPO-CDOC-114sdoc7.pdf,2034,SECRETARY FOR THE MINORITY (R),2013,BANNER NET PAYROLL,0.0,status=banner_missing; banner=0.0; parsed_body=0.0. Banner checks are advisory; review against the source before treating this as a parser defect.,114sdoc7|banner_check_missing|2034|SECRETARY FOR THE MINORITY (R)|2013|BANNER NET PAYROLL|0.0
warning,banner_check_missing,114sdoc7,GPO-CDOC-114sdoc7.pdf,2035,SECRETARY FOR THE MINORITY (R),2014,BANNER NET PAYROLL,0.0,status=banner_missing; banner=0.0; parsed_body=0.0. Banner checks are advisory; review against the source before treating this as a parser defect.,114sdoc7|banner_check_missing|2035|SECRETARY FOR THE MINORITY (R)|2014|BANNER NET PAYROLL|0.0
warning,banner_check_discrepancy,114sdoc7,GPO-CDOC-114sdoc7.pdf,2036,SECRETARY FOR THE MAJORITY (R),2015,BANNER ORGANIZATION TOTALS,1623.07,status=fail; banner=1623.07; parsed_body=214.0. Banner checks are advisory; review against the source before treating this as a parser defect.,114sdoc7|banner_check_discrepancy|2036|SECRETARY FOR THE MAJORITY (R)|2015|BANNER ORGANIZATION TOTALS|1623.07
warning,banner_check_discrepancy,114sdoc7,GPO-CDOC-114sdoc7.pdf,2039,SERGEANT AT ARMS AND DOORKEEPER OF THE SENATE,2015,BANNER ORGANIZATION TOTALS,4998.0,status=fail; banner=4998.0; parsed_body=0.0. Banner checks are advisory; review against the source before treating this as a parser defect.,114sdoc7|banner_check_discrepancy|2039|SERGEANT AT ARMS AND DOORKEEPER OF THE SENATE|2015|BANNER ORGANIZATION TOTALS|4998.0
warning,banner_check_discrepancy,114sdoc7,GPO-CDOC-114sdoc7.pdf,2042,SECRETARY OF THE SENATE,2015,BANNER ORGANIZATION TOTALS,1947.69,status=fail; banner=1947.69; parsed_body=0.0. Banner checks are advisory; review against the source before treating this as a parser defect.,114sdoc7|banner_check_discrepancy|2042|SECRETARY OF THE SENATE|2015|BANNER ORGANIZATION TOTALS|1947.69
warning,banner_check_missing,114sdoc7,GPO-CDOC-114sdoc7.pdf,2043,JOINT ECONOMIC COMMITTEE,2013,BANNER NET PAYROLL,0.0,status=banner_missing; banner=0.0; parsed_body=0.0. Banner checks are advisory; review against the source before treating this as a parser defect.,114sdoc7|banner_check_missing|2043|JOINT ECONOMIC COMMITTEE|2013|BANNER NET PAYROLL|0.0
warning,banner_check_missing,114sdoc7,GPO-CDOC-114sdoc7.pdf,2044,JOINT ECONOMIC COMMITTEE,2014,BANNER NET PAYROLL,0.0,status=banner_missing; banner=0.0; parsed_body=0.0. Banner checks are advisory; review against the source before treating this as a parser defect.,114sdoc7|banner_check_missing|2044|JOINT ECONOMIC COMMITTEE|2014|BANNER NET PAYROLL|0.0
warning,banner_check_discrepancy,114sdoc7,GPO-CDOC-114sdoc7.pdf,2045,JOINT ECONOMIC COMMITTEE,2015,BANNER ORGANIZATION TOTALS,2000702.09,status=fail; banner=2000702.09; parsed_body=1974879.04. Banner checks are advisory; review against the source before treating this as a parser defect.,114sdoc7|banner_check_discrepancy|2045|JOINT ECONOMIC COMMITTEE|2015|BANNER ORGANIZATION TOTALS|2000702.09
warning,banner_check_missing,114sdoc7,GPO-CDOC-114sdoc7.pdf,2048,LEGISLATIVE COUNSEL,2013,BANNER NET PAYROLL,0.0,status=banner_missing; banner=0.0; parsed_body=0.0. Banner checks are advisory; review against the source before treating this as a parser defect.,114sdoc7|banner_check_missing|2048|LEGISLATIVE COUNSEL|2013|BANNER NET PAYROLL|0.0
warning,banner_check_missing,114sdoc7,GPO-CDOC-114sdoc7.pdf,2049,LEGISLATIVE COUNSEL,2014,BANNER NET PAYROLL,0.0,status=banner_missing; banner=0.0; parsed_body=0.0. Banner checks are advisory; review against the source before treating this as a parser defect.,114sdoc7|banner_check_missing|2049|LEGISLATIVE COUNSEL|2014|BANNER NET PAYROLL|0.0
warning,banner_check_discrepancy,114sdoc7,GPO-CDOC-114sdoc7.pdf,2050,LEGISLATIVE COUNSEL,2015,BANNER ORGANIZATION TOTALS,2652065.25,status=fail; banner=2652065.25; parsed_body=2632923.94. Banner checks are advisory; review against the source before treating this as a parser defect.,114sdoc7|banner_check_discrepancy|2050|LEGISLATIVE COUNSEL|2015|BANNER ORGANIZATION TOTALS|2652065.25
warning,banner_check_missing,114sdoc7,GPO-CDOC-114sdoc7.pdf,2052,JOINT COMMITTEES ON INAUGURAL CEREMONIES,,BANNER NET PAYROLL,0.0,status=banner_missing; banner=0.0; parsed_body=0.0. Banner checks are advisory; review against the source before treating this as a parser defect.,114sdoc7|banner_check_missing|2052|JOINT COMMITTEES ON INAUGURAL CEREMONIES||BANNER NET PAYROLL|0.0
warning,banner_check_missing,114sdoc7,GPO-CDOC-114sdoc7.pdf,2053,OFFICE OF CONGRESSIONAL ACCESSIBILITY SERVICES,2013,BANNER NET PAYROLL,0.0,status=banner_missing; banner=0.0; parsed_body=0.0. Banner checks are advisory; review against the source before treating this as a parser defect.,114sdoc7|banner_check_missing|2053|OFFICE OF CONGRESSIONAL ACCESSIBILITY SERVICES|2013|BANNER NET PAYROLL|0.0
warning,banner_check_missing,114sdoc7,GPO-CDOC-114sdoc7.pdf,2054,OFFICE OF CONGRESSIONAL ACCESSIBILITY SERVICES,2014,BANNER NET PAYROLL,0.0,status=banner_missing; banner=0.0; parsed_body=0.0. Banner checks are advisory; review against the source before treating this as a parser defect.,114sdoc7|banner_check_missing|2054|OFFICE OF CONGRESSIONAL ACCESSIBILITY SERVICES|2014|BANNER NET PAYROLL|0.0
warning,banner_check_discrepancy,114sdoc7,GPO-CDOC-114sdoc7.pdf,2055,OFFICE OF CONGRESSIONAL ACCESSIBILITY SERVICES,2015,BANNER ORGANIZATION TOTALS,376921.3,status=fail; banner=376921.3; parsed_body=376320.3. Banner checks are advisory; review against the source before treating this as a parser defect.,114sdoc7|banner_check_discrepancy|2055|OFFICE OF CONGRESSIONAL ACCESSIBILITY SERVICES|2015|BANNER ORGANIZATION TOTALS|376921.3
warning,banner_check_discrepancy,114sdoc7,GPO-CDOC-114sdoc7.pdf,2059,HEALTH & PROMOTION,,BANNER ORGANIZATION TOTALS,3072.0,status=fail; banner=3072.0; parsed_body=8604.0. Banner checks are advisory; review against the source before treating this as a parser defect.,114sdoc7|banner_check_discrepancy|2059|HEALTH & PROMOTION||BANNER ORGANIZATION TOTALS|3072.0
warning,banner_check_discrepancy,114sdoc7,GPO-CDOC-114sdoc7.pdf,2060,PUBLIC RECORDS,,BANNER ORGANIZATION TOTALS,3133.6,status=fail; banner=3133.6; parsed_body=0.0. Banner checks are advisory; review against the source before treating this as a parser defect.,114sdoc7|banner_check_discrepancy|2060|PUBLIC RECORDS||BANNER ORGANIZATION TOTALS|3133.6
warning,banner_check_discrepancy,114sdoc7,GPO-CDOC-114sdoc7.pdf,2061,GIFT SHOP,,BANNER ORGANIZATION TOTALS,265179.82,status=fail; banner=265179.82; parsed_body=0.0. Banner checks are advisory; review against the source before treating this as a parser defect.,114sdoc7|banner_check_discrepancy|2061|GIFT SHOP||BANNER ORGANIZATION TOTALS|265179.82
warning,banner_check_missing,114sdoc7,GPO-CDOC-114sdoc7.pdf,2062,PHOTOGRAPHIC STUDIO,,BANNER NET PAYROLL,0.0,status=banner_missing; banner=0.0; parsed_body=0.0. Banner checks are advisory; review against the source before treating this as a parser defect.,114sdoc7|banner_check_missing|2062|PHOTOGRAPHIC STUDIO||BANNER NET PAYROLL|0.0
warning,banner_check_discrepancy,114sdoc7,GPO-CDOC-114sdoc7.pdf,2062,PHOTOGRAPHIC STUDIO,,BANNER ORGANIZATION TOTALS,24890.7,status=fail; banner=24890.7; parsed_body=77963.35. Banner checks are advisory; review against the source before treating this as a parser defect.,114sdoc7|banner_check_discrepancy|2062|PHOTOGRAPHIC STUDIO||BANNER ORGANIZATION TOTALS|24890.7
warning,banner_check_discrepancy,114sdoc7,GPO-CDOC-114sdoc7.pdf,2063,RECORDING STUDIO,,BANNER ORGANIZATION TOTALS,45802.41,status=fail; banner=45802.41; parsed_body=4556.51. Banner checks are advisory; review against the source before treating this as a parser defect.,114sdoc7|banner_check_discrepancy|2063|RECORDING STUDIO||BANNER ORGANIZATION TOTALS|45802.41
warning,banner_check_missing,114sdoc7,GPO-CDOC-114sdoc7.pdf,2064,DANIEL WEBSTER SENATE PAGE RESIDENCE,,BANNER NET PAYROLL,0.0,status=banner_missing; banner=0.0; parsed_body=0.0. Banner checks are advisory; review against the source before treating this as a parser defect.,114sdoc7|banner_check_missing|2064|DANIEL WEBSTER SENATE PAGE RESIDENCE||BANNER NET PAYROLL|0.0
warning,banner_check_discrepancy,114sdoc7,GPO-CDOC-114sdoc7.pdf,2064,DANIEL WEBSTER SENATE PAGE RESIDENCE,,BANNER ORGANIZATION TOTALS,6433.45,status=fail; banner=6433.45; parsed_body=27807.03. Banner checks are advisory; review against the source before treating this as a parser defect.,114sdoc7|banner_check_discrepancy|2064|DANIEL WEBSTER SENATE PAGE RESIDENCE||BANNER ORGANIZATION TOTALS|6433.45
warning,banner_check_discrepancy,114sdoc7,GPO-CDOC-114sdoc7.pdf,2066,SENATE HAIR CARE,,BANNER ORGANIZATION TOTALS,11454.02,status=fail; banner=11454.02; parsed_body=48681.42. Banner checks are advisory; review against the source before treating this as a parser defect.,114sdoc7|banner_check_discrepancy|2066|SENATE HAIR CARE||BANNER ORGANIZATION TOTALS|11454.02
warning,banner_check_missing,114sdoc7,GPO-CDOC-114sdoc7.pdf,2067,"AGRICULTURE, NUTRITION & FORESTRY AGRICULTURE, NUTR & FOR S.RES.81D(112TH) EXPENSES OF INQUIRIES AND INVESTIGATIONS",,BANNER NET PAYROLL,0.0,status=banner_missing; banner=0.0; parsed_body=0.0. Banner checks are advisory; review against the source before treating this as a parser defect.,"114sdoc7|banner_check_missing|2067|AGRICULTURE, NUTRITION & FORESTRY AGRICULTURE, NUTR & FOR S.RES.81D(112TH) EXPENSES OF INQUIRIES AND INVESTIGATIONS||BANNER NET PAYROLL|0.0"
warning,banner_check_missing,114sdoc7,GPO-CDOC-114sdoc7.pdf,2068,"AGRICULTURE, NUTRITION & FORESTRY AGRICULTURE, NUTR & FOR S.RES.64B(113TH) EXPENSES OF INQUIRIES AND INVESTIGATIONS",,BANNER NET PAYROLL,0.0,status=banner_missing; banner=0.0; parsed_body=0.0. Banner checks are advisory; review against the source before treating this as a parser defect.,"114sdoc7|banner_check_missing|2068|AGRICULTURE, NUTRITION & FORESTRY AGRICULTURE, NUTR & FOR S.RES.64B(113TH) EXPENSES OF INQUIRIES AND INVESTIGATIONS||BANNER NET PAYROLL|0.0"
warning,banner_check_missing,114sdoc7,GPO-CDOC-114sdoc7.pdf,2069,"AGRICULTURE, NUTRITION & FORESTRY AGRICULTURE, NUTR & FOR S.RES.253B(113TH) EXPENSES OF INQUIRIES AND INVESTIGATIONS",,BANNER NET PAYROLL,0.0,status=banner_missing; banner=0.0; parsed_body=0.0. Banner checks are advisory; review against the source before treating this as a parser defect.,"114sdoc7|banner_check_missing|2069|AGRICULTURE, NUTRITION & FORESTRY AGRICULTURE, NUTR & FOR S.RES.253B(113TH) EXPENSES OF INQUIRIES AND INVESTIGATIONS||BANNER NET PAYROLL|0.0"
warning,banner_check_discrepancy,114sdoc7,GPO-CDOC-114sdoc7.pdf,2069,"AGRICULTURE, NUTRITION & FORESTRY AGRICULTURE, NUTR & FOR S.RES.253B(113TH) EXPENSES OF INQUIRIES AND INVESTIGATIONS",,BANNER ORGANIZATION TOTALS,45.0,status=fail; banner=45.0; parsed_body=0.0. Banner checks are advisory; review against the source before treating this as a parser defect.,"114sdoc7|banner_check_discrepancy|2069|AGRICULTURE, NUTRITION & FORESTRY AGRICULTURE, NUTR & FOR S.RES.253B(113TH) EXPENSES OF INQUIRIES AND INVESTIGATIONS||BANNER ORGANIZATION TOTALS|45.0"
warning,banner_check_discrepancy,114sdoc7,GPO-CDOC-114sdoc7.pdf,2070,"AGRICULTURE, NUTRITION & FORESTRY AGRICULTURE, NUTR & FOR S.RES.253C(113TH) EXPENSES OF INQUIRIES AND INVESTIGATIONS",,BANNER ORGANIZATION TOTALS,25345.41,status=fail; banner=25345.41; parsed_body=25100.41. Banner checks are advisory; review against the source before treating this as a parser defect.,"114sdoc7|banner_check_discrepancy|2070|AGRICULTURE, NUTRITION & FORESTRY AGRICULTURE, NUTR & FOR S.RES.253C(113TH) EXPENSES OF INQUIRIES AND INVESTIGATIONS||BANNER ORGANIZATION TOTALS|25345.41"
warning,banner_check_discrepancy,114sdoc7,GPO-CDOC-114sdoc7.pdf,2072,"AGRICULTURE, NUTRITION & FORESTRY AGRICULTURE, NUTR & FOR S.RES.73B(114TH) EXPENSES OF INQUIRIES AND INVESTIGATIONS",,BANNER ORGANIZATION TOTALS,2087985.32,status=fail; banner=2087985.32; parsed_body=2076273.15. Banner checks are advisory; review against the source before treating this as a parser defect.,"114sdoc7|banner_check_discrepancy|2072|AGRICULTURE, NUTRITION & FORESTRY AGRICULTURE, NUTR & FOR S.RES.73B(114TH) EXPENSES OF INQUIRIES AND INVESTIGATIONS||BANNER ORGANIZATION TOTALS|2087985.32"
warning,banner_check_missing,114sdoc7,GPO-CDOC-114sdoc7.pdf,2081,ARMED SERVICES ARMED SERVICES - S.RES. 81D (112TH) EXPENSES OF INQUIRIES AND INVESTIGATIONS,,BANNER NET PAYROLL,0.0,status=banner_missing; banner=0.0; parsed_body=0.0. Banner checks are advisory; review against the source before treating this as a parser defect.,114sdoc7|banner_check_missing|2081|ARMED SERVICES ARMED SERVICES - S.RES. 81D (112TH) EXPENSES OF INQUIRIES AND INVESTIGATIONS||BANNER NET PAYROLL|0.0
warning,banner_check_missing,114sdoc7,GPO-CDOC-114sdoc7.pdf,2082,ARMED SERVICES ARMED SERVICES - S.RES. 64B (113TH) EXPENSES OF INQUIRIES AND INVESTIGATIONS,,BANNER NET PAYROLL,0.0,status=banner_missing; banner=0.0; parsed_body=0.0. Banner checks are advisory; review against the source before treating this as a parser defect.,114sdoc7|banner_check_missing|2082|ARMED SERVICES ARMED SERVICES - S.RES. 64B (113TH) EXPENSES OF INQUIRIES AND INVESTIGATIONS||BANNER NET PAYROLL|0.0
warning,banner_check_missing,114sdoc7,GPO-CDOC-114sdoc7.pdf,2083,ARMED SERVICES ARMED SERVICES - S.RES. 253B (113TH) EXPENSES OF INQUIRIES AND INVESTIGATIONS,,BANNER NET PAYROLL,0.0,status=banner_missing; banner=0.0; parsed_body=0.0. Banner checks are advisory; review against the source before treating this as a parser defect.,114sdoc7|banner_check_missing|2083|ARMED SERVICES ARMED SERVICES - S.RES. 253B (113TH) EXPENSES OF INQUIRIES AND INVESTIGATIONS||BANNER NET PAYROLL|0.0
warning,banner_check_missing,114sdoc7,GPO-CDOC-114sdoc7.pdf,2084,ARMED SERVICES ARMED SERVICES - S.RES. 253C (113TH) EXPENSES OF INQUIRIES AND INVESTIGATIONS,,BANNER NET PAYROLL,0.0,status=banner_missing; banner=0.0; parsed_body=0.0. Banner checks are advisory; review against the source before treating this as a parser defect.,114sdoc7|banner_check_missing|2084|ARMED SERVICES ARMED SERVICES - S.RES. 253C (113TH) EXPENSES OF INQUIRIES AND INVESTIGATIONS||BANNER NET PAYROLL|0.0
warning,banner_check_discrepancy,114sdoc7,GPO-CDOC-114sdoc7.pdf,2085,ARMED SERVICES ARMED SERVICES - S.RES. 73B (114TH) EXPENSES OF INQUIRIES AND INVESTIGATIONS,,BANNER ORGANIZATION TOTALS,3181662.32,status=fail; banner=3181662.32; parsed_body=3143562.49. Banner checks are advisory; review against the source before treating this as a parser defect.,114sdoc7|banner_check_discrepancy|2085|ARMED SERVICES ARMED SERVICES - S.RES. 73B (114TH) EXPENSES OF INQUIRIES AND INVESTIGATIONS||BANNER ORGANIZATION TOTALS|3181662.32
warning,banner_check_missing,114sdoc7,GPO-CDOC-114sdoc7.pdf,2088,"BANKING, HOUSING & URBAN AFFAIRS BANKING, HOUSING &URBDEV S.RES. 81D (112TH) EXPENSES OF INQUIRIES AND INVESTIGATIONS",,BANNER NET PAYROLL,0.0,status=banner_missing; banner=0.0; parsed_body=0.0. Banner checks are advisory; review against the source before treating this as a parser defect.,"114sdoc7|banner_check_missing|2088|BANKING, HOUSING & URBAN AFFAIRS BANKING, HOUSING &URBDEV S.RES. 81D (112TH) EXPENSES OF INQUIRIES AND INVESTIGATIONS||BANNER NET PAYROLL|0.0"
warning,banner_check_missing,114sdoc7,GPO-CDOC-114sdoc7.pdf,2089,"BANKING, HOUSING & URBAN AFFAIRS BANKING, HOUSING &URBDEV S.RES. 64B (113TH) EXPENSES OF INQUIRIES AND INVESTIGATIONS",,BANNER NET PAYROLL,0.0,status=banner_missing; banner=0.0; parsed_body=0.0. Banner checks are advisory; review against the source before treating this as a parser defect.,"114sdoc7|banner_check_missing|2089|BANKING, HOUSING & URBAN AFFAIRS BANKING, HOUSING &URBDEV S.RES. 64B (113TH) EXPENSES OF INQUIRIES AND INVESTIGATIONS||BANNER NET PAYROLL|0.0"
warning,banner_check_discrepancy,114sdoc7,GPO-CDOC-114sdoc7.pdf,2091,"BANKING, HOUSING & URBAN AFFAIRS BANKING, HOUSING &URBDEV S.RES. 253C (113TH) EXPENSES OF INQUIRIES AND INVESTIGATIONS",,BANNER ORGANIZATION TOTALS,11116.61,status=fail; banner=11116.61; parsed_body=7999.26. Banner checks are advisory; review against the source before treating this as a parser defect.,"114sdoc7|banner_check_discrepancy|2091|BANKING, HOUSING & URBAN AFFAIRS BANKING, HOUSING &URBDEV S.RES. 253C (113TH) EXPENSES OF INQUIRIES AND INVESTIGATIONS||BANNER ORGANIZATION TOTALS|11116.61"
warning,banner_check_discrepancy,114sdoc7,GPO-CDOC-114sdoc7.pdf,2092,"BANKING, HOUSING & URBAN AFFAIRS BANKING, HOUSING &URBDEV S.RES. 73B (114TH) EXPENSES OF INQUIRIES AND INVESTIGATIONS",,BANNER ORGANIZATION TOTALS,2544773.16,status=fail; banner=2544773.16; parsed_body=2503652.7. Banner checks are advisory; review against the source before treating this as a parser defect.,"114sdoc7|banner_check_discrepancy|2092|BANKING, HOUSING & URBAN AFFAIRS BANKING, HOUSING &URBDEV S.RES. 73B (114TH) EXPENSES OF INQUIRIES AND INVESTIGATIONS||BANNER ORGANIZATION TOTALS|2544773.16"
warning,banner_check_missing,114sdoc7,GPO-CDOC-114sdoc7.pdf,2096,BUDGET BUDGET - S.RES. 81D (112TH) EXPENSES OF INQUIRIES AND INVESTIGATIONS,,BANNER NET PAYROLL,0.0,status=banner_missing; banner=0.0; parsed_body=0.0. Banner checks are advisory; review against the source before treating this as a parser defect.,114sdoc7|banner_check_missing|2096|BUDGET BUDGET - S.RES. 81D (112TH) EXPENSES OF INQUIRIES AND INVESTIGATIONS||BANNER NET PAYROLL|0.0
warning,banner_check_missing,114sdoc7,GPO-CDOC-114sdoc7.pdf,2097,BUDGET BUDGET - S.RES. 64B (113TH) EXPENSES OF INQUIRIES AND INVESTIGATIONS,,BANNER NET PAYROLL,0.0,status=banner_missing; banner=0.0; parsed_body=0.0. Banner checks are advisory; review against the source before treating this as a parser defect.,114sdoc7|banner_check_missing|2097|BUDGET BUDGET - S.RES. 64B (113TH) EXPENSES OF INQUIRIES AND INVESTIGATIONS||BANNER NET PAYROLL|0.0
warning,banner_check_missing,114sdoc7,GPO-CDOC-114sdoc7.pdf,2098,BUDGET BUDGET - S.RES. 253B (113TH) EXPENSES OF INQUIRIES AND INVESTIGATIONS,,BANNER NET PAYROLL,0.0,status=banner_missing; banner=0.0; parsed_body=0.0. Banner checks are advisory; review against the source before treating this as a parser defect.,114sdoc7|banner_check_missing|2098|BUDGET BUDGET - S.RES. 253B (113TH) EXPENSES OF INQUIRIES AND INVESTIGATIONS||BANNER NET PAYROLL|0.0
warning,banner_check_discrepancy,114sdoc7,GPO-CDOC-114sdoc7.pdf,2098,BUDGET BUDGET - S.RES. 253B (113TH) EXPENSES OF INQUIRIES AND INVESTIGATIONS,,BANNER ORGANIZATION TOTALS,1200.0,status=fail; banner=1200.0; parsed_body=0.0. Banner checks are advisory; review against the source before treating this as a parser defect.,114sdoc7|banner_check_discrepancy|2098|BUDGET BUDGET - S.RES. 253B (113TH) EXPENSES OF INQUIRIES AND INVESTIGATIONS||BANNER ORGANIZATION TOTALS|1200.0
warning,banner_check_discrepancy,114sdoc7,GPO-CDOC-114sdoc7.pdf,2099,BUDGET BUDGET - S.RES. 253C (113TH) EXPENSES OF INQUIRIES AND INVESTIGATIONS,,BANNER ORGANIZATION TOTALS,16707.83,status=fail; banner=16707.83; parsed_body=250.0. Banner checks are advisory; review against the source before treating this as a parser defect.,114sdoc7|banner_check_discrepancy|2099|BUDGET BUDGET - S.RES. 253C (113TH) EXPENSES OF INQUIRIES AND INVESTIGATIONS||BANNER ORGANIZATION TOTALS|16707.83
warning,banner_check_discrepancy,114sdoc7,GPO-CDOC-114sdoc7.pdf,2100,BUDGET BUDGET - S.RES. 73B (114TH) EXPENSES OF INQUIRIES AND INVESTIGATIONS,,BANNER ORGANIZATION TOTALS,2482838.4,status=fail; banner=2482838.4; parsed_body=2428485.33. Banner checks are advisory; review against the source before treating this as a parser defect.,114sdoc7|banner_check_discrepancy|2100|BUDGET BUDGET - S.RES. 73B (114TH) EXPENSES OF INQUIRIES AND INVESTIGATIONS||BANNER ORGANIZATION TOTALS|2482838.4
warning,banner_check_missing,114sdoc7,GPO-CDOC-114sdoc7.pdf,2103,"COMMERCE, SCIENCE & TRANSPORTATION COMMERCE, SCI & TRANS S.RES. 81D (112TH) EXPENSES OF INQUIRIES AND INVESTIGATIONS",,BANNER NET PAYROLL,0.0,status=banner_missing; banner=0.0; parsed_body=0.0. Banner checks are advisory; review against the source before treating this as a parser defect.,"114sdoc7|banner_check_missing|2103|COMMERCE, SCIENCE & TRANSPORTATION COMMERCE, SCI & TRANS S.RES. 81D (112TH) EXPENSES OF INQUIRIES AND INVESTIGATIONS||BANNER NET PAYROLL|0.0"
warning,banner_check_missing,114sdoc7,GPO-CDOC-114sdoc7.pdf,2104,"COMMERCE, SCIENCE & TRANSPORTATION COMMERCE, SCI & TRANS S.RES. 64B (113TH) EXPENSES OF INQUIRIES AND INVESTIGATIONS",,BANNER NET PAYROLL,0.0,status=banner_missing; banner=0.0; parsed_body=0.0. Banner checks are advisory; review against the source before treating this as a parser defect.,"114sdoc7|banner_check_missing|2104|COMMERCE, SCIENCE & TRANSPORTATION COMMERCE, SCI & TRANS S.RES. 64B (113TH) EXPENSES OF INQUIRIES AND INVESTIGATIONS||BANNER NET PAYROLL|0.0"
warning,banner_check_discrepancy,114sdoc7,GPO-CDOC-114sdoc7.pdf,2106,"COMMERCE, SCIENCE & TRANSPORTATION COMMERCE, SCI & TRANS S.RES. 253C (113TH) EXPENSES OF INQUIRIES AND INVESTIGATIONS",,BANNER ORGANIZATION TOTALS,22835.06,status=fail; banner=22835.06; parsed_body=8198.79. Banner checks are advisory; review against the source before treating this as a parser defect.,"114sdoc7|banner_check_discrepancy|2106|COMMERCE, SCIENCE & TRANSPORTATION COMMERCE, SCI & TRANS S.RES. 253C (113TH) EXPENSES OF INQUIRIES AND INVESTIGATIONS||BANNER ORGANIZATION TOTALS|22835.06"
warning,banner_check_discrepancy,114sdoc7,GPO-CDOC-114sdoc7.pdf,2108,"COMMERCE, SCIENCE & TRANSPORTATION COMMERCE, SCI & TRANS S.RES. 73B (114TH) EXPENSES OF INQUIRIES AND INVESTIGATIONS",,BANNER ORGANIZATION TOTALS,3277459.58,status=fail; banner=3277459.58; parsed_body=3242381.03. Banner checks are advisory; review against the source before treating this as a parser defect.,"114sdoc7|banner_check_discrepancy|2108|COMMERCE, SCIENCE & TRANSPORTATION COMMERCE, SCI & TRANS S.RES. 73B (114TH) EXPENSES OF INQUIRIES AND INVESTIGATIONS||BANNER ORGANIZATION TOTALS|3277459.58"
warning,banner_check_missing,114sdoc7,GPO-CDOC-114sdoc7.pdf,2113,ENERGY & NATURAL RESOURCES ENERGY & NATURAL S.RES. 81D (112TH) EXPENSES OF INQUIRIES AND INVESTIGATIONS,,BANNER NET PAYROLL,0.0,status=banner_missing; banner=0.0; parsed_body=0.0. Banner checks are advisory; review against the source before treating this as a parser defect.,114sdoc7|banner_check_missing|2113|ENERGY & NATURAL RESOURCES ENERGY & NATURAL S.RES. 81D (112TH) EXPENSES OF INQUIRIES AND INVESTIGATIONS||BANNER NET PAYROLL|0.0
warning,banner_check_missing,114sdoc7,GPO-CDOC-114sdoc7.pdf,2114,ENERGY & NATURAL RESOURCES ENERGY & NATURAL S.RES. 64B (113TH) EXPENSES OF INQUIRIES AND INVESTIGATIONS,,BANNER NET PAYROLL,0.0,status=banner_missing; banner=0.0; parsed_body=0.0. Banner checks are advisory; review against the source before treating this as a parser defect.,114sdoc7|banner_check_missing|2114|ENERGY & NATURAL RESOURCES ENERGY & NATURAL S.RES. 64B (113TH) EXPENSES OF INQUIRIES AND INVESTIGATIONS||BANNER NET PAYROLL|0.0
warning,banner_check_missing,114sdoc7,GPO-CDOC-114sdoc7.pdf,2115,ENERGY & NATURAL RESOURCES ENERGY & NATURAL S.RES. 253B (113TH) EXPENSES OF INQUIRIES AND INVESTIGATIONS,,BANNER NET PAYROLL,0.0,status=banner_missing; banner=0.0; parsed_body=0.0. Banner checks are advisory; review against the source before treating this as a parser defect.,114sdoc7|banner_check_missing|2115|ENERGY & NATURAL RESOURCES ENERGY & NATURAL S.RES. 253B (113TH) EXPENSES OF INQUIRIES AND INVESTIGATIONS||BANNER NET PAYROLL|0.0
warning,banner_check_missing,114sdoc7,GPO-CDOC-114sdoc7.pdf,2116,ENERGY & NATURAL RESOURCES ENERGY & NATURAL S.RES. 253C (113TH) EXPENSES OF INQUIRIES AND INVESTIGATIONS,,BANNER NET PAYROLL,0.0,status=banner_missing; banner=0.0; parsed_body=0.0. Banner checks are advisory; review against the source before treating this as a parser defect.,114sdoc7|banner_check_missing|2116|ENERGY & NATURAL RESOURCES ENERGY & NATURAL S.RES. 253C (113TH) EXPENSES OF INQUIRIES AND INVESTIGATIONS||BANNER NET PAYROLL|0.0
warning,banner_check_discrepancy,114sdoc7,GPO-CDOC-114sdoc7.pdf,2116,ENERGY & NATURAL RESOURCES ENERGY & NATURAL S.RES. 253C (113TH) EXPENSES OF INQUIRIES AND INVESTIGATIONS,,BANNER ORGANIZATION TOTALS,1225.42,status=fail; banner=1225.42; parsed_body=1184.48. Banner checks are advisory; review against the source before treating this as a parser defect.,114sdoc7|banner_check_discrepancy|2116|ENERGY & NATURAL RESOURCES ENERGY & NATURAL S.RES. 253C (113TH) EXPENSES OF INQUIRIES AND INVESTIGATIONS||BANNER ORGANIZATION TOTALS|1225.42
warning,banner_check_discrepancy,114sdoc7,GPO-CDOC-114sdoc7.pdf,2117,ENERGY & NATURAL RESOURCES ENERGY & NATURAL S.RES. 73B (114TH) EXPENSES OF INQUIRIES AND INVESTIGATIONS,,BANNER ORGANIZATION TOTALS,2456740.84,status=fail; banner=2456740.84; parsed_body=2427146.0. Banner checks are advisory; review against the source before treating this as a parser defect.,114sdoc7|banner_check_discrepancy|2117|ENERGY & NATURAL RESOURCES ENERGY & NATURAL S.RES. 73B (114TH) EXPENSES OF INQUIRIES AND INVESTIGATIONS||BANNER ORGANIZATION TOTALS|2456740.84
warning,banner_check_missing,114sdoc7,GPO-CDOC-114sdoc7.pdf,2126,ENVIRONMENT & PUBLIC WORKS ENVIRONMENT & PUB WORKS S.RES. 81D (112TH) EXPENSES OF INQUIRIES AND INVESTIGATIONS,,BANNER NET PAYROLL,0.0,status=banner_missing; banner=0.0; parsed_body=0.0. Banner checks are advisory; review against the source before treating this as a parser defect.,114sdoc7|banner_check_missing|2126|ENVIRONMENT & PUBLIC WORKS ENVIRONMENT & PUB WORKS S.RES. 81D (112TH) EXPENSES OF INQUIRIES AND INVESTIGATIONS||BANNER NET PAYROLL|0.0
warning,banner_check_missing,114sdoc7,GPO-CDOC-114sdoc7.pdf,2127,ENVIRONMENT & PUBLIC WORKS ENVIRONMENT & PUB WORKS S.RES. 64B (113TH) EXPENSES OF INQUIRIES AND INVESTIGATIONS,,BANNER NET PAYROLL,0.0,status=banner_missing; banner=0.0; parsed_body=0.0. Banner checks are advisory; review against the source before treating this as a parser defect.,114sdoc7|banner_check_missing|2127|ENVIRONMENT & PUBLIC WORKS ENVIRONMENT & PUB WORKS S.RES. 64B (113TH) EXPENSES OF INQUIRIES AND INVESTIGATIONS||BANNER NET PAYROLL|0.0
warning,banner_check_missing,114sdoc7,GPO-CDOC-114sdoc7.pdf,2128,ENVIRONMENT & PUBLIC WORKS ENVIRONMENT & PUB WORKS S.RES. 253B (113TH) EXPENSES OF INQUIRIES AND INVESTIGATIONS,,BANNER NET PAYROLL,0.0,status=banner_missing; banner=0.0; parsed_body=0.0. Banner checks are advisory; review against the source before treating this as a parser defect.,114sdoc7|banner_check_missing|2128|ENVIRONMENT & PUBLIC WORKS ENVIRONMENT & PUB WORKS S.RES. 253B (113TH) EXPENSES OF INQUIRIES AND INVESTIGATIONS||BANNER NET PAYROLL|0.0
warning,banner_check_discrepancy,114sdoc7,GPO-CDOC-114sdoc7.pdf,2129,ENVIRONMENT & PUBLIC WORKS ENVIRONMENT & PUB WORKS S.RES. 253C (113TH) EXPENSES OF INQUIRIES AND INVESTIGATIONS,,BANNER ORGANIZATION TOTALS,277.02,status=fail; banner=277.02; parsed_body=130.0. Banner checks are advisory; review against the source before treating this as a parser defect.,114sdoc7|banner_check_discrepancy|2129|ENVIRONMENT & PUBLIC WORKS ENVIRONMENT & PUB WORKS S.RES. 253C (113TH) EXPENSES OF INQUIRIES AND INVESTIGATIONS||BANNER ORGANIZATION TOTALS|277.02
warning,banner_check_discrepancy,114sdoc7,GPO-CDOC-114sdoc7.pdf,2130,ENVIRONMENT & PUBLIC WORKS ENVIRONMENT & PUB WORKS S.RES. 73B (114TH) EXPENSES OF INQUIRIES AND INVESTIGATIONS,,BANNER ORGANIZATION TOTALS,2400569.37,status=fail; banner=2400569.37; parsed_body=2297269.46. Banner checks are advisory; review against the source before treating this as a parser defect.,114sdoc7|banner_check_discrepancy|2130|ENVIRONMENT & PUBLIC WORKS ENVIRONMENT & PUB WORKS S.RES. 73B (114TH) EXPENSES OF INQUIRIES AND INVESTIGATIONS||BANNER ORGANIZATION TOTALS|2400569.37
warning,banner_check_missing,114sdoc7,GPO-CDOC-114sdoc7.pdf,2135,ETHICS COMMITTEE ON ETHICS - FY 2013 EXPENSES OF INQUIRIES AND INVESTIGATIONS,,BANNER NET PAYROLL,0.0,status=banner_missing; banner=0.0; parsed_body=0.0. Banner checks are advisory; review against the source before treating this as a parser defect.,114sdoc7|banner_check_missing|2135|ETHICS COMMITTEE ON ETHICS - FY 2013 EXPENSES OF INQUIRIES AND INVESTIGATIONS||BANNER NET PAYROLL|0.0
warning,banner_check_missing,114sdoc7,GPO-CDOC-114sdoc7.pdf,2136,ETHICS COMMITTEE ON ETHICS - FY 2014 EXPENSES OF INQUIRIES AND INVESTIGATIONS,,BANNER NET PAYROLL,0.0,status=banner_missing; banner=0.0; parsed_body=0.0. Banner checks are advisory; review against the source before treating this as a parser defect.,114sdoc7|banner_check_missing|2136|ETHICS COMMITTEE ON ETHICS - FY 2014 EXPENSES OF INQUIRIES AND INVESTIGATIONS||BANNER NET PAYROLL|0.0
warning,banner_check_discrepancy,114sdoc7,GPO-CDOC-114sdoc7.pdf,2137,ETHICS COMMITTEE ON ETHICS - FY 2015 EXPENSES OF INQUIRIES AND INVESTIGATIONS,,BANNER ORGANIZATION TOTALS,1044473.5,status=fail; banner=1044473.5; parsed_body=947135.07. Banner checks are advisory; review against the source before treating this as a parser defect.,114sdoc7|banner_check_discrepancy|2137|ETHICS COMMITTEE ON ETHICS - FY 2015 EXPENSES OF INQUIRIES AND INVESTIGATIONS||BANNER ORGANIZATION TOTALS|1044473.5
warning,banner_check_missing,114sdoc7,GPO-CDOC-114sdoc7.pdf,2139,FINANCE FINANCE - S.RES. 81D (112TH) EXPENSES OF INQUIRIES AND INVESTIGATIONS,,BANNER NET PAYROLL,0.0,status=banner_missing; banner=0.0; parsed_body=0.0. Banner checks are advisory; review against the source before treating this as a parser defect.,114sdoc7|banner_check_missing|2139|FINANCE FINANCE - S.RES. 81D (112TH) EXPENSES OF INQUIRIES AND INVESTIGATIONS||BANNER NET PAYROLL|0.0
warning,banner_check_missing,114sdoc7,GPO-CDOC-114sdoc7.pdf,2140,FINANCE FINANCE - S.RES. 64B (113TH) EXPENSES OF INQUIRIES AND INVESTIGATIONS,,BANNER NET PAYROLL,0.0,status=banner_missing; banner=0.0; parsed_body=0.0. Banner checks are advisory; review against the source before treating this as a parser defect.,114sdoc7|banner_check_missing|2140|FINANCE FINANCE - S.RES. 64B (113TH) EXPENSES OF INQUIRIES AND INVESTIGATIONS||BANNER NET PAYROLL|0.0
warning,banner_check_discrepancy,114sdoc7,GPO-CDOC-114sdoc7.pdf,2142,FINANCE FINANCE - S.RES. 253C (113TH) EXPENSES OF INQUIRIES AND INVESTIGATIONS,,BANNER ORGANIZATION TOTALS,3993.33,status=fail; banner=3993.33; parsed_body=3515.19. Banner checks are advisory; review against the source before treating this as a parser defect.,114sdoc7|banner_check_discrepancy|2142|FINANCE FINANCE - S.RES. 253C (113TH) EXPENSES OF INQUIRIES AND INVESTIGATIONS||BANNER ORGANIZATION TOTALS|3993.33
warning,banner_check_discrepancy,114sdoc7,GPO-CDOC-114sdoc7.pdf,2144,FINANCE FINANCE - S.RES. 73B (114TH) EXPENSES OF INQUIRIES AND INVESTIGATIONS,,BANNER ORGANIZATION TOTALS,4004028.95,status=fail; banner=4004028.95; parsed_body=3899827.66. Banner checks are advisory; review against the source before treating this as a parser defect.,114sdoc7|banner_check_discrepancy|2144|FINANCE FINANCE - S.RES. 73B (114TH) EXPENSES OF INQUIRIES AND INVESTIGATIONS||BANNER ORGANIZATION TOTALS|4004028.95
warning,banner_check_missing,114sdoc7,GPO-CDOC-114sdoc7.pdf,2151,FOREIGN RELATIONS FOREIGN RELATIONS - S.RES. 81D (112TH) EXPENSES OF INQUIRIES AND INVESTIGATIONS,,BANNER NET PAYROLL,0.0,status=banner_missing; banner=0.0; parsed_body=0.0. Banner checks are advisory; review against the source before treating this as a parser defect.,114sdoc7|banner_check_missing|2151|FOREIGN RELATIONS FOREIGN RELATIONS - S.RES. 81D (112TH) EXPENSES OF INQUIRIES AND INVESTIGATIONS||BANNER NET PAYROLL|0.0
warning,banner_check_missing,114sdoc7,GPO-CDOC-114sdoc7.pdf,2152,FOREIGN RELATIONS FOREIGN RELATIONS - S.RES. 64B (113TH) EXPENSES OF INQUIRIES AND INVESTIGATIONS,,BANNER NET PAYROLL,0.0,status=banner_missing; banner=0.0; parsed_body=0.0. Banner checks are advisory; review against the source before treating this as a parser defect.,114sdoc7|banner_check_missing|2152|FOREIGN RELATIONS FOREIGN RELATIONS - S.RES. 64B (113TH) EXPENSES OF INQUIRIES AND INVESTIGATIONS||BANNER NET PAYROLL|0.0
warning,banner_check_discrepancy,114sdoc7,GPO-CDOC-114sdoc7.pdf,2154,FOREIGN RELATIONS FOREIGN RELATIONS - S.RES. 253C (113TH) EXPENSES OF INQUIRIES AND INVESTIGATIONS,,BANNER ORGANIZATION TOTALS,110.66,status=fail; banner=110.66; parsed_body=9628.03. Banner checks are advisory; review against the source before treating this as a parser defect.,114sdoc7|banner_check_discrepancy|2154|FOREIGN RELATIONS FOREIGN RELATIONS - S.RES. 253C (113TH) EXPENSES OF INQUIRIES AND INVESTIGATIONS||BANNER ORGANIZATION TOTALS|110.66
warning,banner_check_discrepancy,114sdoc7,GPO-CDOC-114sdoc7.pdf,2156,FOREIGN RELATIONS FOREIGN RELATIONS - S.RES. 73B (114TH) EXPENSES OF INQUIRIES AND INVESTIGATIONS,,BANNER ORGANIZATION TOTALS,3121687.07,status=fail; banner=3121687.07; parsed_body=3153733.29. Banner checks are advisory; review against the source before treating this as a parser defect.,114sdoc7|banner_check_discrepancy|2156|FOREIGN RELATIONS FOREIGN RELATIONS - S.RES. 73B (114TH) EXPENSES OF INQUIRIES AND INVESTIGATIONS||BANNER ORGANIZATION TOTALS|3121687.07
warning,banner_check_missing,114sdoc7,GPO-CDOC-114sdoc7.pdf,2164,HOMELAND SECURITY & GOVERNMENTAL AFFAIRS HOMELAND SEC.& GOV AFF. S.RES. 81D (112TH) EXPENSES OF INQUIRIES AND INVESTIGATIONS,,BANNER NET PAYROLL,0.0,status=banner_missing; banner=0.0; parsed_body=0.0. Banner checks are advisory; review against the source before treating this as a parser defect.,114sdoc7|banner_check_missing|2164|HOMELAND SECURITY & GOVERNMENTAL AFFAIRS HOMELAND SEC.& GOV AFF. S.RES. 81D (112TH) EXPENSES OF INQUIRIES AND INVESTIGATIONS||BANNER NET PAYROLL|0.0
warning,banner_check_missing,114sdoc7,GPO-CDOC-114sdoc7.pdf,2165,HOMELAND SECURITY & GOVERNMENTAL AFFAIRS HOMELAND SEC.& GOV AFF. S.RES. 64B (113TH) EXPENSES OF INQUIRIES AND INVESTIGATIONS,,BANNER NET PAYROLL,0.0,status=banner_missing; banner=0.0; parsed_body=0.0. Banner checks are advisory; review against the source before treating this as a parser defect.,114sdoc7|banner_check_missing|2165|HOMELAND SECURITY & GOVERNMENTAL AFFAIRS HOMELAND SEC.& GOV AFF. S.RES. 64B (113TH) EXPENSES OF INQUIRIES AND INVESTIGATIONS||BANNER NET PAYROLL|0.0
warning,banner_check_missing,114sdoc7,GPO-CDOC-114sdoc7.pdf,2166,HOMELAND SECURITY & GOVERNMENTAL AFFAIRS HOMELAND SEC.& GOV AFF. S.RES. 253B (113TH) EXPENSES OF INQUIRIES AND INVESTIGATIONS,,BANNER NET PAYROLL,0.0,status=banner_missing; banner=0.0; parsed_body=0.0. Banner checks are advisory; review against the source before treating this as a parser defect.,114sdoc7|banner_check_missing|2166|HOMELAND SECURITY & GOVERNMENTAL AFFAIRS HOMELAND SEC.& GOV AFF. S.RES. 253B (113TH) EXPENSES OF INQUIRIES AND INVESTIGATIONS||BANNER NET PAYROLL|0.0
warning,banner_check_missing,114sdoc7,GPO-CDOC-114sdoc7.pdf,2167,HOMELAND SECURITY & GOVERNMENTAL AFFAIRS HOMELAND SEC.& GOV AFF. S.RES. 253C (113TH) EXPENSES OF INQUIRIES AND INVESTIGATIONS,,BANNER NET PAYROLL,0.0,status=banner_missing; banner=0.0; parsed_body=0.0. Banner checks are advisory; review against the source before treating this as a parser defect.,114sdoc7|banner_check_missing|2167|HOMELAND SECURITY & GOVERNMENTAL AFFAIRS HOMELAND SEC.& GOV AFF. S.RES. 253C (113TH) EXPENSES OF INQUIRIES AND INVESTIGATIONS||BANNER NET PAYROLL|0.0
warning,banner_check_discrepancy,114sdoc7,GPO-CDOC-114sdoc7.pdf,2167,HOMELAND SECURITY & GOVERNMENTAL AFFAIRS HOMELAND SEC.& GOV AFF. S.RES. 253C (113TH) EXPENSES OF INQUIRIES AND INVESTIGATIONS,,BANNER ORGANIZATION TOTALS,10826.92,status=fail; banner=10826.92; parsed_body=0.0. Banner checks are advisory; review against the source before treating this as a parser defect.,114sdoc7|banner_check_discrepancy|2167|HOMELAND SECURITY & GOVERNMENTAL AFFAIRS HOMELAND SEC.& GOV AFF. S.RES. 253C (113TH) EXPENSES OF INQUIRIES AND INVESTIGATIONS||BANNER ORGANIZATION TOTALS|10826.92
warning,banner_check_discrepancy,114sdoc7,GPO-CDOC-114sdoc7.pdf,2168,HOMELAND SECURITY & GOVERNMENTAL AFFAIRS HOMELAND SEC.& GOV AFF. S.RES. 73B (114TH) EXPENSES OF INQUIRIES AND INVESTIGATIONS,,BANNER ORGANIZATION TOTALS,4329517.78,status=fail; banner=4329517.78; parsed_body=4248895.02. Banner checks are advisory; review against the source before treating this as a parser defect.,114sdoc7|banner_check_discrepancy|2168|HOMELAND SECURITY & GOVERNMENTAL AFFAIRS HOMELAND SEC.& GOV AFF. S.RES. 73B (114TH) EXPENSES OF INQUIRIES AND INVESTIGATIONS||BANNER ORGANIZATION TOTALS|4329517.78
warning,banner_check_missing,114sdoc7,GPO-CDOC-114sdoc7.pdf,2175,"HEALTH, EDUCATION, LABOR, AND PENSIONS HEALTH, EDU,LABOR&PENS S.RES. 81D (112TH) EXPENSES OF INQUIRIES AND INVESTIGATIONS",,BANNER NET PAYROLL,0.0,status=banner_missing; banner=0.0; parsed_body=0.0. Banner checks are advisory; review against the source before treating this as a parser defect.,"114sdoc7|banner_check_missing|2175|HEALTH, EDUCATION, LABOR, AND PENSIONS HEALTH, EDU,LABOR&PENS S.RES. 81D (112TH) EXPENSES OF INQUIRIES AND INVESTIGATIONS||BANNER NET PAYROLL|0.0"
warning,banner_check_missing,114sdoc7,GPO-CDOC-114sdoc7.pdf,2176,"HEALTH, EDUCATION, LABOR, AND PENSIONS HEALTH, EDU,LABOR&PENS S.RES. 64B (113TH) EXPENSES OF INQUIRIES AND INVESTIGATIONS",,BANNER NET PAYROLL,0.0,status=banner_missing; banner=0.0; parsed_body=0.0. Banner checks are advisory; review against the source before treating this as a parser defect.,"114sdoc7|banner_check_missing|2176|HEALTH, EDUCATION, LABOR, AND PENSIONS HEALTH, EDU,LABOR&PENS S.RES. 64B (113TH) EXPENSES OF INQUIRIES AND INVESTIGATIONS||BANNER NET PAYROLL|0.0"
warning,banner_check_discrepancy,114sdoc7,GPO-CDOC-114sdoc7.pdf,2177,"HEALTH, EDUCATION, LABOR, AND PENSIONS HEALTH, EDU,LABOR&PENS S.RES. 253B (113TH) EXPENSES OF INQUIRIES AND INVESTIGATIONS",,BANNER ORGANIZATION TOTALS,311.5,status=fail; banner=311.5; parsed_body=91.0. Banner checks are advisory; review against the source before treating this as a parser defect.,"114sdoc7|banner_check_discrepancy|2177|HEALTH, EDUCATION, LABOR, AND PENSIONS HEALTH, EDU,LABOR&PENS S.RES. 253B (113TH) EXPENSES OF INQUIRIES AND INVESTIGATIONS||BANNER ORGANIZATION TOTALS|311.5"
warning,banner_check_discrepancy,114sdoc7,GPO-CDOC-114sdoc7.pdf,2178,"HEALTH, EDUCATION, LABOR, AND PENSIONS HEALTH, EDU,LABOR&PENS S.RES. 253C (113TH) EXPENSES OF INQUIRIES AND INVESTIGATIONS",,BANNER ORGANIZATION TOTALS,62443.38,status=fail; banner=62443.38; parsed_body=59073.86. Banner checks are advisory; review against the source before treating this as a parser defect.,"114sdoc7|banner_check_discrepancy|2178|HEALTH, EDUCATION, LABOR, AND PENSIONS HEALTH, EDU,LABOR&PENS S.RES. 253C (113TH) EXPENSES OF INQUIRIES AND INVESTIGATIONS||BANNER ORGANIZATION TOTALS|62443.38"
warning,banner_check_discrepancy,114sdoc7,GPO-CDOC-114sdoc7.pdf,2180,"HEALTH, EDUCATION, LABOR, AND PENSIONS HEALTH, EDU,LABOR&PENS S.RES. 73B (114TH) EXPENSES OF INQUIRIES AND INVESTIGATIONS",,BANNER ORGANIZATION TOTALS,4331625.56,status=fail; banner=4331625.56; parsed_body=4224289.56. Banner checks are advisory; review against the source before treating this as a parser defect.,"114sdoc7|banner_check_discrepancy|2180|HEALTH, EDUCATION, LABOR, AND PENSIONS HEALTH, EDU,LABOR&PENS S.RES. 73B (114TH) EXPENSES OF INQUIRIES AND INVESTIGATIONS||BANNER ORGANIZATION TOTALS|4331625.56"
warning,banner_check_missing,114sdoc7,GPO-CDOC-114sdoc7.pdf,2188,INDIAN AFFAIRS INDIAN AFFAIRS - S.RES. 81D (112TH) EXPENSES OF INQUIRIES AND INVESTIGATIONS,,BANNER NET PAYROLL,0.0,status=banner_missing; banner=0.0; parsed_body=0.0. Banner checks are advisory; review against the source before treating this as a parser defect.,114sdoc7|banner_check_missing|2188|INDIAN AFFAIRS INDIAN AFFAIRS - S.RES. 81D (112TH) EXPENSES OF INQUIRIES AND INVESTIGATIONS||BANNER NET PAYROLL|0.0
warning,banner_check_missing,114sdoc7,GPO-CDOC-114sdoc7.pdf,2189,INDIAN AFFAIRS INDIAN AFFAIRS - S.RES. 64B (113TH) EXPENSES OF INQUIRIES AND INVESTIGATIONS,,BANNER NET PAYROLL,0.0,status=banner_missing; banner=0.0; parsed_body=0.0. Banner checks are advisory; review against the source before treating this as a parser defect.,114sdoc7|banner_check_missing|2189|INDIAN AFFAIRS INDIAN AFFAIRS - S.RES. 64B (113TH) EXPENSES OF INQUIRIES AND INVESTIGATIONS||BANNER NET PAYROLL|0.0
warning,banner_check_missing,114sdoc7,GPO-CDOC-114sdoc7.pdf,2190,INDIAN AFFAIRS INDIAN AFFAIRS - S.RES. 253B (113TH) EXPENSES OF INQUIRIES AND INVESTIGATIONS,,BANNER NET PAYROLL,0.0,status=banner_missing; banner=0.0; parsed_body=0.0. Banner checks are advisory; review against the source before treating this as a parser defect.,114sdoc7|banner_check_missing|2190|INDIAN AFFAIRS INDIAN AFFAIRS - S.RES. 253B (113TH) EXPENSES OF INQUIRIES AND INVESTIGATIONS||BANNER NET PAYROLL|0.0
warning,banner_check_missing,114sdoc7,GPO-CDOC-114sdoc7.pdf,2191,INDIAN AFFAIRS INDIAN AFFAIRS - S.RES. 253C (113TH) EXPENSES OF INQUIRIES AND INVESTIGATIONS,,BANNER NET PAYROLL,0.0,status=banner_missing; banner=0.0; parsed_body=0.0. Banner checks are advisory; review against the source before treating this as a parser defect.,114sdoc7|banner_check_missing|2191|INDIAN AFFAIRS INDIAN AFFAIRS - S.RES. 253C (113TH) EXPENSES OF INQUIRIES AND INVESTIGATIONS||BANNER NET PAYROLL|0.0
warning,banner_check_discrepancy,114sdoc7,GPO-CDOC-114sdoc7.pdf,2192,INDIAN AFFAIRS INDIAN AFFAIRS - S.RES. 73B (114TH) EXPENSES OF INQUIRIES AND INVESTIGATIONS,,BANNER ORGANIZATION TOTALS,926313.37,status=fail; banner=926313.37; parsed_body=897380.92. Banner checks are advisory; review against the source before treating this as a parser defect.,114sdoc7|banner_check_discrepancy|2192|INDIAN AFFAIRS INDIAN AFFAIRS - S.RES. 73B (114TH) EXPENSES OF INQUIRIES AND INVESTIGATIONS||BANNER ORGANIZATION TOTALS|926313.37
warning,banner_check_missing,114sdoc7,GPO-CDOC-114sdoc7.pdf,2198,INTELLIGENCE SELECT COM ON INTEL - S.RES. 81D (112TH) EXPENSES OF INQUIRIES AND INVESTIGATIONS,,BANNER NET PAYROLL,0.0,status=banner_missing; banner=0.0; parsed_body=0.0. Banner checks are advisory; review against the source before treating this as a parser defect.,114sdoc7|banner_check_missing|2198|INTELLIGENCE SELECT COM ON INTEL - S.RES. 81D (112TH) EXPENSES OF INQUIRIES AND INVESTIGATIONS||BANNER NET PAYROLL|0.0
warning,banner_check_missing,114sdoc7,GPO-CDOC-114sdoc7.pdf,2199,INTELLIGENCE SELECT COM ON INTEL - S.RES. 64B (113TH) EXPENSES OF INQUIRIES AND INVESTIGATIONS,,BANNER NET PAYROLL,0.0,status=banner_missing; banner=0.0; parsed_body=0.0. Banner checks are advisory; review against the source before treating this as a parser defect.,114sdoc7|banner_check_missing|2199|INTELLIGENCE SELECT COM ON INTEL - S.RES. 64B (113TH) EXPENSES OF INQUIRIES AND INVESTIGATIONS||BANNER NET PAYROLL|0.0
warning,banner_check_missing,114sdoc7,GPO-CDOC-114sdoc7.pdf,2200,INTELLIGENCE SELECT COM ON INTEL - S.RES. 253B (113TH) EXPENSES OF INQUIRIES AND INVESTIGATIONS,,BANNER NET PAYROLL,0.0,status=banner_missing; banner=0.0; parsed_body=0.0. Banner checks are advisory; review against the source before treating this as a parser defect.,114sdoc7|banner_check_missing|2200|INTELLIGENCE SELECT COM ON INTEL - S.RES. 253B (113TH) EXPENSES OF INQUIRIES AND INVESTIGATIONS||BANNER NET PAYROLL|0.0
warning,banner_check_discrepancy,114sdoc7,GPO-CDOC-114sdoc7.pdf,2201,INTELLIGENCE SELECT COM ON INTEL - S.RES. 253C (113TH) EXPENSES OF INQUIRIES AND INVESTIGATIONS,,BANNER ORGANIZATION TOTALS,48359.36,status=fail; banner=48359.36; parsed_body=5754.75. Banner checks are advisory; review against the source before treating this as a parser defect.,114sdoc7|banner_check_discrepancy|2201|INTELLIGENCE SELECT COM ON INTEL - S.RES. 253C (113TH) EXPENSES OF INQUIRIES AND INVESTIGATIONS||BANNER ORGANIZATION TOTALS|48359.36
warning,banner_check_discrepancy,114sdoc7,GPO-CDOC-114sdoc7.pdf,2203,INTELLIGENCE SELECT COM ON INTEL - S.RES. 73B (114TH) EXPENSES OF INQUIRIES AND INVESTIGATIONS,,BANNER ORGANIZATION TOTALS,2722814.4,status=fail; banner=2722814.4; parsed_body=2671621.11. Banner checks are advisory; review against the source before treating this as a parser defect.,114sdoc7|banner_check_discrepancy|2203|INTELLIGENCE SELECT COM ON INTEL - S.RES. 73B (114TH) EXPENSES OF INQUIRIES AND INVESTIGATIONS||BANNER ORGANIZATION TOTALS|2722814.4
warning,banner_check_missing,114sdoc7,GPO-CDOC-114sdoc7.pdf,2206,INTELLIGENCE SELECT COM ON INTEL - P.L. 113-76 (10/13-9/14) EXPENSES OF INQUIRIES AND INVESTIGATIONS,,BANNER NET PAYROLL,0.0,status=banner_missing; banner=0.0; parsed_body=0.0. Banner checks are advisory; review against the source before treating this as a parser defect.,114sdoc7|banner_check_missing|2206|INTELLIGENCE SELECT COM ON INTEL - P.L. 113-76 (10/13-9/14) EXPENSES OF INQUIRIES AND INVESTIGATIONS||BANNER NET PAYROLL|0.0
warning,banner_check_missing,114sdoc7,GPO-CDOC-114sdoc7.pdf,2207,INTELLIGENCE SEL COM ON INTEL-P.L. 113-76 (10/14-2/15) EXPENSES OF INQUIRIES AND INVESTIGATIONS,,BANNER NET PAYROLL,0.0,status=banner_missing; banner=0.0; parsed_body=0.0. Banner checks are advisory; review against the source before treating this as a parser defect.,114sdoc7|banner_check_missing|2207|INTELLIGENCE SEL COM ON INTEL-P.L. 113-76 (10/14-2/15) EXPENSES OF INQUIRIES AND INVESTIGATIONS||BANNER NET PAYROLL|0.0
warning,banner_check_missing,114sdoc7,GPO-CDOC-114sdoc7.pdf,2209,JUDICIARY JUDICIARY - S.RES. 81D (112TH) EXPENSES OF INQUIRIES AND INVESTIGATIONS,,BANNER NET PAYROLL,0.0,status=banner_missing; banner=0.0; parsed_body=0.0. Banner checks are advisory; review against the source before treating this as a parser defect.,114sdoc7|banner_check_missing|2209|JUDICIARY JUDICIARY - S.RES. 81D (112TH) EXPENSES OF INQUIRIES AND INVESTIGATIONS||BANNER NET PAYROLL|0.0
warning,banner_check_missing,114sdoc7,GPO-CDOC-114sdoc7.pdf,2210,JUDICIARY JUDICIARY - S.RES. 64B (113TH) EXPENSES OF INQUIRIES AND INVESTIGATIONS,,BANNER NET PAYROLL,0.0,status=banner_missing; banner=0.0; parsed_body=0.0. Banner checks are advisory; review against the source before treating this as a parser defect.,114sdoc7|banner_check_missing|2210|JUDICIARY JUDICIARY - S.RES. 64B (113TH) EXPENSES OF INQUIRIES AND INVESTIGATIONS||BANNER NET PAYROLL|0.0
warning,banner_check_missing,114sdoc7,GPO-CDOC-114sdoc7.pdf,2211,JUDICIARY JUDICIARY - S.RES. 253B (113TH) EXPENSES OF INQUIRIES AND INVESTIGATIONS,,BANNER NET PAYROLL,0.0,status=banner_missing; banner=0.0; parsed_body=0.0. Banner checks are advisory; review against the source before treating this as a parser defect.,114sdoc7|banner_check_missing|2211|JUDICIARY JUDICIARY - S.RES. 253B (113TH) EXPENSES OF INQUIRIES AND INVESTIGATIONS||BANNER NET PAYROLL|0.0
warning,banner_check_discrepancy,114sdoc7,GPO-CDOC-114sdoc7.pdf,2211,JUDICIARY JUDICIARY - S.RES. 253B (113TH) EXPENSES OF INQUIRIES AND INVESTIGATIONS,,BANNER ORGANIZATION TOTALS,296.55,status=fail; banner=296.55; parsed_body=0.0. Banner checks are advisory; review against the source before treating this as a parser defect.,114sdoc7|banner_check_discrepancy|2211|JUDICIARY JUDICIARY - S.RES. 253B (113TH) EXPENSES OF INQUIRIES AND INVESTIGATIONS||BANNER ORGANIZATION TOTALS|296.55
warning,banner_check_missing,114sdoc7,GPO-CDOC-114sdoc7.pdf,2212,JUDICIARY JUDICIARY - S.RES. 253C (113TH) EXPENSES OF INQUIRIES AND INVESTIGATIONS,,BANNER NET PAYROLL,0.0,status=banner_missing; banner=0.0; parsed_body=0.0. Banner checks are advisory; review against the source before treating this as a parser defect.,114sdoc7|banner_check_missing|2212|JUDICIARY JUDICIARY - S.RES. 253C (113TH) EXPENSES OF INQUIRIES AND INVESTIGATIONS||BANNER NET PAYROLL|0.0
warning,banner_check_discrepancy,114sdoc7,GPO-CDOC-114sdoc7.pdf,2212,JUDICIARY JUDICIARY - S.RES. 253C (113TH) EXPENSES OF INQUIRIES AND INVESTIGATIONS,,BANNER ORGANIZATION TOTALS,2977.57,status=fail; banner=2977.57; parsed_body=1742.52. Banner checks are advisory; review against the source before treating this as a parser defect.,114sdoc7|banner_check_discrepancy|2212|JUDICIARY JUDICIARY - S.RES. 253C (113TH) EXPENSES OF INQUIRIES AND INVESTIGATIONS||BANNER ORGANIZATION TOTALS|2977.57
warning,banner_check_discrepancy,114sdoc7,GPO-CDOC-114sdoc7.pdf,2213,JUDICIARY JUDICIARY - S.RES. 73B (114TH) EXPENSES OF INQUIRIES AND INVESTIGATIONS,,BANNER ORGANIZATION TOTALS,4275018.3,status=fail; banner=4275018.3; parsed_body=4202049.94. Banner checks are advisory; review against the source before treating this as a parser defect.,114sdoc7|banner_check_discrepancy|2213|JUDICIARY JUDICIARY - S.RES. 73B (114TH) EXPENSES OF INQUIRIES AND INVESTIGATIONS||BANNER ORGANIZATION TOTALS|4275018.3
warning,banner_check_missing,114sdoc7,GPO-CDOC-114sdoc7.pdf,2219,RULES & ADMINISTRATION RULES & ADMINISTRATION S.RES. 81D(112TH) EXPENSES OF INQUIRIES AND INVESTIGATIONS,,BANNER NET PAYROLL,0.0,status=banner_missing; banner=0.0; parsed_body=0.0. Banner checks are advisory; review against the source before treating this as a parser defect.,114sdoc7|banner_check_missing|2219|RULES & ADMINISTRATION RULES & ADMINISTRATION S.RES. 81D(112TH) EXPENSES OF INQUIRIES AND INVESTIGATIONS||BANNER NET PAYROLL|0.0
warning,banner_check_missing,114sdoc7,GPO-CDOC-114sdoc7.pdf,2220,RULES & ADMINISTRATION RULES & ADMINISTRATION S.RES. 64B(113TH) EXPENSES OF INQUIRIES AND INVESTIGATIONS,,BANNER NET PAYROLL,0.0,status=banner_missing; banner=0.0; parsed_body=0.0. Banner checks are advisory; review against the source before treating this as a parser defect.,114sdoc7|banner_check_missing|2220|RULES & ADMINISTRATION RULES & ADMINISTRATION S.RES. 64B(113TH) EXPENSES OF INQUIRIES AND INVESTIGATIONS||BANNER NET PAYROLL|0.0
warning,banner_check_missing,114sdoc7,GPO-CDOC-114sdoc7.pdf,2221,RULES & ADMINISTRATION RULES & ADMINISTRATION S.RES. 253B(113TH) EXPENSES OF INQUIRIES AND INVESTIGATIONS,,BANNER NET PAYROLL,0.0,status=banner_missing; banner=0.0; parsed_body=0.0. Banner checks are advisory; review against the source before treating this as a parser defect.,114sdoc7|banner_check_missing|2221|RULES & ADMINISTRATION RULES & ADMINISTRATION S.RES. 253B(113TH) EXPENSES OF INQUIRIES AND INVESTIGATIONS||BANNER NET PAYROLL|0.0
warning,banner_check_missing,114sdoc7,GPO-CDOC-114sdoc7.pdf,2222,RULES & ADMINISTRATION RULES & ADMINISTRATION S.RES. 253C(113TH) EXPENSES OF INQUIRIES AND INVESTIGATIONS,,BANNER NET PAYROLL,0.0,status=banner_missing; banner=0.0; parsed_body=0.0. Banner checks are advisory; review against the source before treating this as a parser defect.,114sdoc7|banner_check_missing|2222|RULES & ADMINISTRATION RULES & ADMINISTRATION S.RES. 253C(113TH) EXPENSES OF INQUIRIES AND INVESTIGATIONS||BANNER NET PAYROLL|0.0
warning,banner_check_discrepancy,114sdoc7,GPO-CDOC-114sdoc7.pdf,2223,RULES & ADMINISTRATION RULES & ADMINISTRATION S.RES. 73B(114TH) EXPENSES OF INQUIRIES AND INVESTIGATIONS,,BANNER ORGANIZATION TOTALS,1057160.24,status=fail; banner=1057160.24; parsed_body=1044152.31. Banner checks are advisory; review against the source before treating this as a parser defect.,114sdoc7|banner_check_discrepancy|2223|RULES & ADMINISTRATION RULES & ADMINISTRATION S.RES. 73B(114TH) EXPENSES OF INQUIRIES AND INVESTIGATIONS||BANNER ORGANIZATION TOTALS|1057160.24
warning,banner_check_missing,114sdoc7,GPO-CDOC-114sdoc7.pdf,2225,SMALL BUSINESS AND ENTREPRENEURSHIP SMALL BUS & ENTREP.- S.RES. 81D (112TH) EXPENSES OF INQUIRIES AND INVESTIGATIONS,,BANNER NET PAYROLL,0.0,status=banner_missing; banner=0.0; parsed_body=0.0. Banner checks are advisory; review against the source before treating this as a parser defect.,114sdoc7|banner_check_missing|2225|SMALL BUSINESS AND ENTREPRENEURSHIP SMALL BUS & ENTREP.- S.RES. 81D (112TH) EXPENSES OF INQUIRIES AND INVESTIGATIONS||BANNER NET PAYROLL|0.0
warning,banner_check_missing,114sdoc7,GPO-CDOC-114sdoc7.pdf,2226,SMALL BUSINESS AND ENTREPRENEURSHIP SMALL BUS & ENTREP.- S.RES. 64B (113TH) EXPENSES OF INQUIRIES AND INVESTIGATIONS,,BANNER NET PAYROLL,0.0,status=banner_missing; banner=0.0; parsed_body=0.0. Banner checks are advisory; review against the source before treating this as a parser defect.,114sdoc7|banner_check_missing|2226|SMALL BUSINESS AND ENTREPRENEURSHIP SMALL BUS & ENTREP.- S.RES. 64B (113TH) EXPENSES OF INQUIRIES AND INVESTIGATIONS||BANNER NET PAYROLL|0.0
warning,banner_check_missing,114sdoc7,GPO-CDOC-114sdoc7.pdf,2227,SMALL BUSINESS AND ENTREPRENEURSHIP SMALL BUS & ENTREP.- S.RES. 253B (113TH) EXPENSES OF INQUIRIES AND INVESTIGATIONS,,BANNER NET PAYROLL,0.0,status=banner_missing; banner=0.0; parsed_body=0.0. Banner checks are advisory; review against the source before treating this as a parser defect.,114sdoc7|banner_check_missing|2227|SMALL BUSINESS AND ENTREPRENEURSHIP SMALL BUS & ENTREP.- S.RES. 253B (113TH) EXPENSES OF INQUIRIES AND INVESTIGATIONS||BANNER NET PAYROLL|0.0
warning,banner_check_missing,114sdoc7,GPO-CDOC-114sdoc7.pdf,2228,SMALL BUSINESS AND ENTREPRENEURSHIP SMALL BUS & ENTREP.- S.RES. 253C (113TH) EXPENSES OF INQUIRIES AND INVESTIGATIONS,,BANNER NET PAYROLL,0.0,status=banner_missing; banner=0.0; parsed_body=0.0. Banner checks are advisory; review against the source before treating this as a parser defect.,114sdoc7|banner_check_missing|2228|SMALL BUSINESS AND ENTREPRENEURSHIP SMALL BUS & ENTREP.- S.RES. 253C (113TH) EXPENSES OF INQUIRIES AND INVESTIGATIONS||BANNER NET PAYROLL|0.0
warning,banner_check_discrepancy,114sdoc7,GPO-CDOC-114sdoc7.pdf,2228,SMALL BUSINESS AND ENTREPRENEURSHIP SMALL BUS & ENTREP.- S.RES. 253C (113TH) EXPENSES OF INQUIRIES AND INVESTIGATIONS,,BANNER ORGANIZATION TOTALS,6312.0,status=fail; banner=6312.0; parsed_body=873.0. Banner checks are advisory; review against the source before treating this as a parser defect.,114sdoc7|banner_check_discrepancy|2228|SMALL BUSINESS AND ENTREPRENEURSHIP SMALL BUS & ENTREP.- S.RES. 253C (113TH) EXPENSES OF INQUIRIES AND INVESTIGATIONS||BANNER ORGANIZATION TOTALS|6312.0
warning,banner_check_discrepancy,114sdoc7,GPO-CDOC-114sdoc7.pdf,2229,SMALL BUSINESS AND ENTREPRENEURSHIP SMALL BUS & ENTREP.- S.RES. 73B (114TH) EXPENSES OF INQUIRIES AND INVESTIGATIONS,,BANNER ORGANIZATION TOTALS,1080420.79,status=fail; banner=1080420.79; parsed_body=1057898.52. Banner checks are advisory; review against the source before treating this as a parser defect.,114sdoc7|banner_check_discrepancy|2229|SMALL BUSINESS AND ENTREPRENEURSHIP SMALL BUS & ENTREP.- S.RES. 73B (114TH) EXPENSES OF INQUIRIES AND INVESTIGATIONS||BANNER ORGANIZATION TOTALS|1080420.79
warning,banner_check_missing,114sdoc7,GPO-CDOC-114sdoc7.pdf,2235,SPECIAL COMMITTEE ON AGING SPECIAL COM ON AGING S.RES. 81D (112TH) EXPENSES OF INQUIRIES AND INVESTIGATIONS,,BANNER NET PAYROLL,0.0,status=banner_missing; banner=0.0; parsed_body=0.0. Banner checks are advisory; review against the source before treating this as a parser defect.,114sdoc7|banner_check_missing|2235|SPECIAL COMMITTEE ON AGING SPECIAL COM ON AGING S.RES. 81D (112TH) EXPENSES OF INQUIRIES AND INVESTIGATIONS||BANNER NET PAYROLL|0.0
warning,banner_check_missing,114sdoc7,GPO-CDOC-114sdoc7.pdf,2236,SPECIAL COMMITTEE ON AGING SPECIAL COM ON AGING S.RES. 64B (113TH) EXPENSES OF INQUIRIES AND INVESTIGATIONS,,BANNER NET PAYROLL,0.0,status=banner_missing; banner=0.0; parsed_body=0.0. Banner checks are advisory; review against the source before treating this as a parser defect.,114sdoc7|banner_check_missing|2236|SPECIAL COMMITTEE ON AGING SPECIAL COM ON AGING S.RES. 64B (113TH) EXPENSES OF INQUIRIES AND INVESTIGATIONS||BANNER NET PAYROLL|0.0
warning,banner_check_missing,114sdoc7,GPO-CDOC-114sdoc7.pdf,2237,SPECIAL COMMITTEE ON AGING SPECIAL COM ON AGING S.RES. 253B (113TH) EXPENSES OF INQUIRIES AND INVESTIGATIONS,,BANNER NET PAYROLL,0.0,status=banner_missing; banner=0.0; parsed_body=0.0. Banner checks are advisory; review against the source before treating this as a parser defect.,114sdoc7|banner_check_missing|2237|SPECIAL COMMITTEE ON AGING SPECIAL COM ON AGING S.RES. 253B (113TH) EXPENSES OF INQUIRIES AND INVESTIGATIONS||BANNER NET PAYROLL|0.0
warning,banner_check_missing,114sdoc7,GPO-CDOC-114sdoc7.pdf,2238,SPECIAL COMMITTEE ON AGING SPECIAL COM ON AGING S.RES. 253C (113TH) EXPENSES OF INQUIRIES AND INVESTIGATIONS,,BANNER NET PAYROLL,0.0,status=banner_missing; banner=0.0; parsed_body=0.0. Banner checks are advisory; review against the source before treating this as a parser defect.,114sdoc7|banner_check_missing|2238|SPECIAL COMMITTEE ON AGING SPECIAL COM ON AGING S.RES. 253C (113TH) EXPENSES OF INQUIRIES AND INVESTIGATIONS||BANNER NET PAYROLL|0.0
warning,banner_check_discrepancy,114sdoc7,GPO-CDOC-114sdoc7.pdf,2239,SPECIAL COMMITTEE ON AGING SPECIAL COM ON AGING S.RES. 73B (114TH) EXPENSES OF INQUIRIES AND INVESTIGATIONS,,BANNER ORGANIZATION TOTALS,859553.27,status=fail; banner=859553.27; parsed_body=842014.61. Banner checks are advisory; review against the source before treating this as a parser defect.,114sdoc7|banner_check_discrepancy|2239|SPECIAL COMMITTEE ON AGING SPECIAL COM ON AGING S.RES. 73B (114TH) EXPENSES OF INQUIRIES AND INVESTIGATIONS||BANNER ORGANIZATION TOTALS|859553.27
warning,banner_check_missing,114sdoc7,GPO-CDOC-114sdoc7.pdf,2242,VETERANS' AFFAIRS VETERANS' AFFAIRS - S.RES. 81D (112TH) EXPENSES OF INQUIRIES AND INVESTIGATIONS,,BANNER NET PAYROLL,0.0,status=banner_missing; banner=0.0; parsed_body=0.0. Banner checks are advisory; review against the source before treating this as a parser defect.,114sdoc7|banner_check_missing|2242|VETERANS' AFFAIRS VETERANS' AFFAIRS - S.RES. 81D (112TH) EXPENSES OF INQUIRIES AND INVESTIGATIONS||BANNER NET PAYROLL|0.0
warning,banner_check_missing,114sdoc7,GPO-CDOC-114sdoc7.pdf,2243,VETERANS' AFFAIRS VETERANS' AFFAIRS - S.RES. 64B (113TH) EXPENSES OF INQUIRIES AND INVESTIGATIONS,,BANNER NET PAYROLL,0.0,status=banner_missing; banner=0.0; parsed_body=0.0. Banner checks are advisory; review against the source before treating this as a parser defect.,114sdoc7|banner_check_missing|2243|VETERANS' AFFAIRS VETERANS' AFFAIRS - S.RES. 64B (113TH) EXPENSES OF INQUIRIES AND INVESTIGATIONS||BANNER NET PAYROLL|0.0
warning,banner_check_missing,114sdoc7,GPO-CDOC-114sdoc7.pdf,2244,VETERANS' AFFAIRS VETERANS' AFFAIRS - S.RES. 253B (113TH) EXPENSES OF INQUIRIES AND INVESTIGATIONS,,BANNER NET PAYROLL,0.0,status=banner_missing; banner=0.0; parsed_body=0.0. Banner checks are advisory; review against the source before treating this as a parser defect.,114sdoc7|banner_check_missing|2244|VETERANS' AFFAIRS VETERANS' AFFAIRS - S.RES. 253B (113TH) EXPENSES OF INQUIRIES AND INVESTIGATIONS||BANNER NET PAYROLL|0.0
warning,banner_check_missing,114sdoc7,GPO-CDOC-114sdoc7.pdf,2245,VETERANS' AFFAIRS VETERANS' AFFAIRS - S.RES. 253C (113TH) EXPENSES OF INQUIRIES AND INVESTIGATIONS,,BANNER NET PAYROLL,0.0,status=banner_missing; banner=0.0; parsed_body=0.0. Banner checks are advisory; review against the source before treating this as a parser defect.,114sdoc7|banner_check_missing|2245|VETERANS' AFFAIRS VETERANS' AFFAIRS - S.RES. 253C (113TH) EXPENSES OF INQUIRIES AND INVESTIGATIONS||BANNER NET PAYROLL|0.0
warning,banner_check_discrepancy,114sdoc7,GPO-CDOC-114sdoc7.pdf,2246,VETERANS' AFFAIRS VETERANS' AFFAIRS - S.RES. 73B (114TH) EXPENSES OF INQUIRIES AND INVESTIGATIONS,,BANNER ORGANIZATION TOTALS,1003127.25,status=fail; banner=1003127.25; parsed_body=991914.41. Banner checks are advisory; review against the source before treating this as a parser defect.,114sdoc7|banner_check_discrepancy|2246|VETERANS' AFFAIRS VETERANS' AFFAIRS - S.RES. 73B (114TH) EXPENSES OF INQUIRIES AND INVESTIGATIONS||BANNER ORGANIZATION TOTALS|1003127.25
warning,banner_check_missing,114sdoc7,GPO-CDOC-114sdoc7.pdf,2255,COMPENSATION OF MEMBERS,2015,BANNER NET PAYROLL,,status=banner_missing; banner=None; parsed_body=11624328.8. Banner checks are advisory; review against the source before treating this as a parser defect.,114sdoc7|banner_check_missing|2255|COMPENSATION OF MEMBERS|2015|BANNER NET PAYROLL|
warning,banner_check_missing,114sdoc7,GPO-CDOC-114sdoc7.pdf,2255,COMPENSATION OF MEMBERS,2015,BANNER ORGANIZATION TOTALS,,status=banner_missing; banner=None; parsed_body=11624328.8. Banner checks are advisory; review against the source before treating this as a parser defect.,114sdoc7|banner_check_missing|2255|COMPENSATION OF MEMBERS|2015|BANNER ORGANIZATION TOTALS|
warning,banner_check_missing,114sdoc7,GPO-CDOC-114sdoc7.pdf,2258,COMPENSATION OF MEMBERS,2014,BANNER ORGANIZATION TOTALS,,status=banner_missing; banner=None; parsed_body=0.0. Banner checks are advisory; review against the source before treating this as a parser defect.,114sdoc7|banner_check_missing|2258|COMPENSATION OF MEMBERS|2014|BANNER ORGANIZATION TOTALS|
warning,banner_check_missing,114sdoc7,GPO-CDOC-114sdoc7.pdf,2259,COMPENSATION OF MEMBERS,2013,BANNER ORGANIZATION TOTALS,,status=banner_missing; banner=None; parsed_body=0.0. Banner checks are advisory; review against the source before treating this as a parser defect.,114sdoc7|banner_check_missing|2259|COMPENSATION OF MEMBERS|2013|BANNER ORGANIZATION TOTALS|
error,audit_unparseable_amount,114sdoc7,GPO-CDOC-114sdoc7.pdf,423,SGT @ ARMS - TECHNOLOGY DEVELOPMENT SERVICES,,"GRABOW,PAUL E",RETURN,"WASHINGTON DC TO SAN FRANCISCO CA, PLEASANTON CA, BURLINGAME CA AND","114sdoc7|audit_unparseable_amount|423|SGT @ ARMS - TECHNOLOGY DEVELOPMENT SERVICES||GRABOW,PAUL E|RETURN"
error,audit_unparseable_amount,114sdoc7,GPO-CDOC-114sdoc7.pdf,1454,SENATOR CLAIRE MCCASKILL,,"FAHEY,BRENDAN P",5/4,ST LOUIS TO THE FOLLOWING AND RETURN: 5/2 INTERDEPARTMENTAL TRANSPORTATION; TROY,"114sdoc7|audit_unparseable_amount|1454|SENATOR CLAIRE MCCASKILL||FAHEY,BRENDAN P|5/4"
error,audit_unparseable_amount,114sdoc7,GPO-CDOC-114sdoc7.pdf,1475,SENATOR ROBERT MENENDEZ,,"LAWSON,VANESSA",7/9,"BARRINGTON TO THE FOLLOWING AND RETURN: 4/30, 6/3 CHERRY HILL; 6/8, 12, 8/5 CAMD","114sdoc7|audit_unparseable_amount|1475|SENATOR ROBERT MENENDEZ||LAWSON,VANESSA|7/9"
error,unparsed_unclassified,114sdoc7,GPO-CDOC-114sdoc7.pdf,2073,"AGRICULTURE, NUTRITION & FORESTRY AGRICULTURE, NUTR & FOR S.RES.73B(114TH) EXPENSES OF INQUIRIES AND INVESTIGATIONS",,1.00,2072,,"114sdoc7|unparsed_unclassified|2073|AGRICULTURE, NUTRITION & FORESTRY AGRICULTURE, NUTR & FOR S.RES.73B(114TH) EXPENSES OF INQUIRIES AND INVESTIGATIONS||1.00|2072"
error,unparsed_unclassified,114sdoc7,GPO-CDOC-114sdoc7.pdf,2086,ARMED SERVICES ARMED SERVICES - S.RES. 73B (114TH) EXPENSES OF INQUIRIES AND INVESTIGATIONS,,1.00,2085,,114sdoc7|unparsed_unclassified|2086|ARMED SERVICES ARMED SERVICES - S.RES. 73B (114TH) EXPENSES OF INQUIRIES AND INVESTIGATIONS||1.00|2085
error,unparsed_unclassified,114sdoc7,GPO-CDOC-114sdoc7.pdf,2093,"BANKING, HOUSING & URBAN AFFAIRS BANKING, HOUSING &URBDEV S.RES. 73B (114TH) EXPENSES OF INQUIRIES AND INVESTIGATIONS",,1.00,2092,,"114sdoc7|unparsed_unclassified|2093|BANKING, HOUSING & URBAN AFFAIRS BANKING, HOUSING &URBDEV S.RES. 73B (114TH) EXPENSES OF INQUIRIES AND INVESTIGATIONS||1.00|2092"
error,unparsed_unclassified,114sdoc7,GPO-CDOC-114sdoc7.pdf,2101,BUDGET BUDGET - S.RES. 73B (114TH) EXPENSES OF INQUIRIES AND INVESTIGATIONS,,1.00,2100,,114sdoc7|unparsed_unclassified|2101|BUDGET BUDGET - S.RES. 73B (114TH) EXPENSES OF INQUIRIES AND INVESTIGATIONS||1.00|2100
error,unparsed_unclassified,114sdoc7,GPO-CDOC-114sdoc7.pdf,2110,"COMMERCE, SCIENCE & TRANSPORTATION COMMERCE, SCI & TRANS S.RES. 73B (114TH) EXPENSES OF INQUIRIES AND INVESTIGATIONS",,1.00,2108,,"114sdoc7|unparsed_unclassified|2110|COMMERCE, SCIENCE & TRANSPORTATION COMMERCE, SCI & TRANS S.RES. 73B (114TH) EXPENSES OF INQUIRIES AND INVESTIGATIONS||1.00|2108"
error,unparsed_unclassified,114sdoc7,GPO-CDOC-114sdoc7.pdf,2118,ENERGY & NATURAL RESOURCES ENERGY & NATURAL S.RES. 73B (114TH) EXPENSES OF INQUIRIES AND INVESTIGATIONS,,1.,2117,,114sdoc7|unparsed_unclassified|2118|ENERGY & NATURAL RESOURCES ENERGY & NATURAL S.RES. 73B (114TH) EXPENSES OF INQUIRIES AND INVESTIGATIONS||1.|2117
error,unparsed_unclassified,114sdoc7,GPO-CDOC-114sdoc7.pdf,2131,ENVIRONMENT & PUBLIC WORKS ENVIRONMENT & PUB WORKS S.RES. 73B (114TH) EXPENSES OF INQUIRIES AND INVESTIGATIONS,,1.00,2130,,114sdoc7|unparsed_unclassified|2131|ENVIRONMENT & PUBLIC WORKS ENVIRONMENT & PUB WORKS S.RES. 73B (114TH) EXPENSES OF INQUIRIES AND INVESTIGATIONS||1.00|2130
error,unparsed_unclassified,114sdoc7,GPO-CDOC-114sdoc7.pdf,2137,ETHICS COMMITTEE ON ETHICS - FY 2015 EXPENSES OF INQUIRIES AND INVESTIGATIONS,,1.00,2137,,114sdoc7|unparsed_unclassified|2137|ETHICS COMMITTEE ON ETHICS - FY 2015 EXPENSES OF INQUIRIES AND INVESTIGATIONS||1.00|2137
error,unparsed_unclassified,114sdoc7,GPO-CDOC-114sdoc7.pdf,2146,FINANCE FINANCE - S.RES. 73B (114TH) EXPENSES OF INQUIRIES AND INVESTIGATIONS,,1.00,2144,,114sdoc7|unparsed_unclassified|2146|FINANCE FINANCE - S.RES. 73B (114TH) EXPENSES OF INQUIRIES AND INVESTIGATIONS||1.00|2144
error,unparsed_unclassified,114sdoc7,GPO-CDOC-114sdoc7.pdf,2157,FOREIGN RELATIONS FOREIGN RELATIONS - S.RES. 73B (114TH) EXPENSES OF INQUIRIES AND INVESTIGATIONS,,1.00,2156,,114sdoc7|unparsed_unclassified|2157|FOREIGN RELATIONS FOREIGN RELATIONS - S.RES. 73B (114TH) EXPENSES OF INQUIRIES AND INVESTIGATIONS||1.00|2156
error,unparsed_unclassified,114sdoc7,GPO-CDOC-114sdoc7.pdf,2170,HOMELAND SECURITY & GOVERNMENTAL AFFAIRS HOMELAND SEC.& GOV AFF. S.RES. 73B (114TH) EXPENSES OF INQUIRIES AND INVESTIGATIONS,,1.00,2168,,114sdoc7|unparsed_unclassified|2170|HOMELAND SECURITY & GOVERNMENTAL AFFAIRS HOMELAND SEC.& GOV AFF. S.RES. 73B (114TH) EXPENSES OF INQUIRIES AND INVESTIGATIONS||1.00|2168
error,unparsed_unclassified,114sdoc7,GPO-CDOC-114sdoc7.pdf,2182,"HEALTH, EDUCATION, LABOR, AND PENSIONS HEALTH, EDU,LABOR&PENS S.RES. 73B (114TH) EXPENSES OF INQUIRIES AND INVESTIGATIONS",,1.00,2180,,"114sdoc7|unparsed_unclassified|2182|HEALTH, EDUCATION, LABOR, AND PENSIONS HEALTH, EDU,LABOR&PENS S.RES. 73B (114TH) EXPENSES OF INQUIRIES AND INVESTIGATIONS||1.00|2180"
error,unparsed_unclassified,114sdoc7,GPO-CDOC-114sdoc7.pdf,2193,INDIAN AFFAIRS INDIAN AFFAIRS - S.RES. 73B (114TH) EXPENSES OF INQUIRIES AND INVESTIGATIONS,,1.00,2192,,114sdoc7|unparsed_unclassified|2193|INDIAN AFFAIRS INDIAN AFFAIRS - S.RES. 73B (114TH) EXPENSES OF INQUIRIES AND INVESTIGATIONS||1.00|2192
error,unparsed_unclassified,114sdoc7,GPO-CDOC-114sdoc7.pdf,2204,INTELLIGENCE SELECT COM ON INTEL - S.RES. 73B (114TH) EXPENSES OF INQUIRIES AND INVESTIGATIONS,,1.00,2203,,114sdoc7|unparsed_unclassified|2204|INTELLIGENCE SELECT COM ON INTEL - S.RES. 73B (114TH) EXPENSES OF INQUIRIES AND INVESTIGATIONS||1.00|2203
error,unparsed_unclassified,114sdoc7,GPO-CDOC-114sdoc7.pdf,2208,INTELLIGENCE SEL COM ON INTEL-P.L. 113-76 (03-09/2015) EXPENSES OF INQUIRIES AND INVESTIGATIONS,,1.00,2208,,114sdoc7|unparsed_unclassified|2208|INTELLIGENCE SEL COM ON INTEL-P.L. 113-76 (03-09/2015) EXPENSES OF INQUIRIES AND INVESTIGATIONS||1.00|2208
error,unparsed_unclassified,114sdoc7,GPO-CDOC-114sdoc7.pdf,2215,JUDICIARY JUDICIARY - S.RES. 73B (114TH) EXPENSES OF INQUIRIES AND INVESTIGATIONS,,1.00,2213,,114sdoc7|unparsed_unclassified|2215|JUDICIARY JUDICIARY - S.RES. 73B (114TH) EXPENSES OF INQUIRIES AND INVESTIGATIONS||1.00|2213
error,unparsed_unclassified,114sdoc7,GPO-CDOC-114sdoc7.pdf,2223,RULES & ADMINISTRATION RULES & ADMINISTRATION S.RES. 73B(114TH) EXPENSES OF INQUIRIES AND INVESTIGATIONS,,1.00,2223,,114sdoc7|unparsed_unclassified|2223|RULES & ADMINISTRATION RULES & ADMINISTRATION S.RES. 73B(114TH) EXPENSES OF INQUIRIES AND INVESTIGATIONS||1.00|2223
error,unparsed_unclassified,114sdoc7,GPO-CDOC-114sdoc7.pdf,2230,SMALL BUSINESS AND ENTREPRENEURSHIP SMALL BUS & ENTREP.- S.RES. 73B (114TH) EXPENSES OF INQUIRIES AND INVESTIGATIONS,,1.00,2229,,114sdoc7|unparsed_unclassified|2230|SMALL BUSINESS AND ENTREPRENEURSHIP SMALL BUS & ENTREP.- S.RES. 73B (114TH) EXPENSES OF INQUIRIES AND INVESTIGATIONS||1.00|2229
error,unparsed_unclassified,114sdoc7,GPO-CDOC-114sdoc7.pdf,2240,SPECIAL COMMITTEE ON AGING SPECIAL COM ON AGING S.RES. 73B (114TH) EXPENSES OF INQUIRIES AND INVESTIGATIONS,,1.00,2239,,114sdoc7|unparsed_unclassified|2240|SPECIAL COMMITTEE ON AGING SPECIAL COM ON AGING S.RES. 73B (114TH) EXPENSES OF INQUIRIES AND INVESTIGATIONS||1.00|2239
error,unparsed_unclassified,114sdoc7,GPO-CDOC-114sdoc7.pdf,2247,VETERANS' AFFAIRS VETERANS' AFFAIRS - S.RES. 73B (114TH) EXPENSES OF INQUIRIES AND INVESTIGATIONS,,1.00,2246,,114sdoc7|unparsed_unclassified|2247|VETERANS' AFFAIRS VETERANS' AFFAIRS - S.RES. 73B (114TH) EXPENSES OF INQUIRIES AND INVESTIGATIONS||1.00|2246
