office,funding_year,account,start_page,label,check_page,expected,actual,status,basis,second_opinion,independent_sum
CHAIRMAN MAJORITY CONFERENCE COMMITTEE (D),2013,"EXP. ALLOWANCES OF THE VICE PRES., PRES. PRO TEMPORE, MAJ AND MIN LEADERS AND MAJ AND MIN WHIPS AND CHAIRMEN OF THE MAJ AND MIN CONFERENCE AND POLICY COMMITTEES, SENATE",17,BANNER NET PAYROLL,17,,0.0,banner_missing,banner,,
CHAIRMAN MAJORITY CONFERENCE COMMITTEE (D),2013,"EXP. ALLOWANCES OF THE VICE PRES., PRES. PRO TEMPORE, MAJ AND MIN LEADERS AND MAJ AND MIN WHIPS AND CHAIRMEN OF THE MAJ AND MIN CONFERENCE AND POLICY COMMITTEES, SENATE",17,BANNER ORGANIZATION TOTALS,17,0.0,0.0,ok,banner,,
CHAIRMAN MAJORITY CONFERENCE COMMITTEE (D),2014,"EXP. ALLOWANCES OF THE VICE PRES., PRES. PRO TEMPORE, MAJ AND MIN LEADERS AND MAJ AND MIN WHIPS AND CHAIRMEN OF THE MAJ AND MIN CONFERENCE AND POLICY COMMITTEES, SENATE",18,BANNER NET PAYROLL,18,,0.0,banner_missing,banner,,
CHAIRMAN MAJORITY CONFERENCE COMMITTEE (D),2014,"EXP. ALLOWANCES OF THE VICE PRES., PRES. PRO TEMPORE, MAJ AND MIN LEADERS AND MAJ AND MIN WHIPS AND CHAIRMEN OF THE MAJ AND MIN CONFERENCE AND POLICY COMMITTEES, SENATE",18,BANNER ORGANIZATION TOTALS,18,0.0,0.0,ok,banner,,
CHAIRMAN MINORITY CONFERENCE COMMITTEE (D),2015,"EXP. ALLOWANCES OF THE VICE PRES., PRES. PRO TEMPORE, MAJ AND MIN LEADERS AND MAJ AND MIN WHIPS AND CHAIRMEN OF THE MAJ AND MIN CONFERENCE AND POLICY COMMITTEES, SENATE",19,BANNER NET PAYROLL,19,,0.0,banner_missing,banner,,
CHAIRMAN MINORITY CONFERENCE COMMITTEE (D),2015,"EXP. ALLOWANCES OF THE VICE PRES., PRES. PRO TEMPORE, MAJ AND MIN LEADERS AND MAJ AND MIN WHIPS AND CHAIRMEN OF THE MAJ AND MIN CONFERENCE AND POLICY COMMITTEES, SENATE",19,BANNER ORGANIZATION TOTALS,19,1624.32,0.0,fail,banner,,
CHAIRMAN MAJORITY POLICY COMMITTEE (D),2013,"EXP. ALLOWANCES OF THE VICE PRES., PRES. PRO TEMPORE, MAJ AND MIN LEADERS AND MAJ AND MIN WHIPS AND CHAIRMEN OF THE MAJ AND MIN CONFERENCE AND POLICY COMMITTEES, SENATE",20,BANNER NET PAYROLL,20,,0.0,banner_missing,banner,,
CHAIRMAN MAJORITY POLICY COMMITTEE (D),2013,"EXP. ALLOWANCES OF THE VICE PRES., PRES. PRO TEMPORE, MAJ AND MIN LEADERS AND MAJ AND MIN WHIPS AND CHAIRMEN OF THE MAJ AND MIN CONFERENCE AND POLICY COMMITTEES, SENATE",20,BANNER ORGANIZATION TOTALS,20,0.0,0.0,ok,banner,,
CHAIRMAN MAJORITY POLICY COMMITTEE (D),2014,"EXP. ALLOWANCES OF THE VICE PRES., PRES. PRO TEMPORE, MAJ AND MIN LEADERS AND MAJ AND MIN WHIPS AND CHAIRMEN OF THE MAJ AND MIN CONFERENCE AND POLICY COMMITTEES, SENATE",21,BANNER NET PAYROLL,21,,0.0,banner_missing,banner,,
CHAIRMAN MAJORITY POLICY COMMITTEE (D),2014,"EXP. ALLOWANCES OF THE VICE PRES., PRES. PRO TEMPORE, MAJ AND MIN LEADERS AND MAJ AND MIN WHIPS AND CHAIRMEN OF THE MAJ AND MIN CONFERENCE AND POLICY COMMITTEES, SENATE",21,BANNER ORGANIZATION TOTALS,21,0.0,0.0,ok,banner,,
CHAIRMAN MINORITY POLICY COMMITTEE (D),2015,"EXP. ALLOWANCES OF THE VICE PRES., PRES. PRO TEMPORE, MAJ AND MIN LEADERS AND MAJ AND MIN WHIPS AND CHAIRMEN OF THE MAJ AND MIN CONFERENCE AND POLICY COMMITTEES, SENATE",22,BANNER NET PAYROLL,22,,0.0,banner_missing,banner,,
CHAIRMAN MINORITY POLICY COMMITTEE (D),2015,"EXP. ALLOWANCES OF THE VICE PRES., PRES. PRO TEMPORE, MAJ AND MIN LEADERS AND MAJ AND MIN WHIPS AND CHAIRMEN OF THE MAJ AND MIN CONFERENCE AND POLICY COMMITTEES, SENATE",22,BANNER ORGANIZATION TOTALS,22,0.0,0.0,ok,banner,,
MAJORITY LEADER (D),2013,"EXP. ALLOWANCES OF THE VICE PRES., PRES. PRO TEMPORE, MAJ AND MIN LEADERS AND MAJ AND MIN WHIPS AND CHAIRMEN OF THE MAJ AND MIN CONFERENCE AND POLICY COMMITTEES, SENATE",23,BANNER NET PAYROLL,23,,0.0,banner_missing,banner,,
MAJORITY LEADER (D),2013,"EXP. ALLOWANCES OF THE VICE PRES., PRES. PRO TEMPORE, MAJ AND MIN LEADERS AND MAJ AND MIN WHIPS AND CHAIRMEN OF THE MAJ AND MIN CONFERENCE AND POLICY COMMITTEES, SENATE",23,BANNER ORGANIZATION TOTALS,23,0.0,0.0,ok,banner,,
MAJORITY LEADER (D),2014,"EXP. ALLOWANCES OF THE VICE PRES., PRES. PRO TEMPORE, MAJ AND MIN LEADERS AND MAJ AND MIN WHIPS AND CHAIRMEN OF THE MAJ AND MIN CONFERENCE AND POLICY COMMITTEES, SENATE",24,BANNER NET PAYROLL,24,,0.0,banner_missing,banner,,
MAJORITY LEADER (D),2014,"EXP. ALLOWANCES OF THE VICE PRES., PRES. PRO TEMPORE, MAJ AND MIN LEADERS AND MAJ AND MIN WHIPS AND CHAIRMEN OF THE MAJ AND MIN CONFERENCE AND POLICY COMMITTEES, SENATE",24,BANNER ORGANIZATION TOTALS,24,0.0,0.0,ok,banner,,
MINORITY LEADER (D),2015,"EXP. ALLOWANCES OF THE VICE PRES., PRES. PRO TEMPORE, MAJ AND MIN LEADERS AND MAJ AND MIN WHIPS AND CHAIRMEN OF THE MAJ AND MIN CONFERENCE AND POLICY COMMITTEES, SENATE",25,OTHER CONTRACTUAL SERVICES,25,275.0,275.0,ok,segment,,
MINORITY LEADER (D),2015,"EXP. ALLOWANCES OF THE VICE PRES., PRES. PRO TEMPORE, MAJ AND MIN LEADERS AND MAJ AND MIN WHIPS AND CHAIRMEN OF THE MAJ AND MIN CONFERENCE AND POLICY COMMITTEES, SENATE",25,BANNER NET PAYROLL,25,,0.0,banner_missing,banner,,
MINORITY LEADER (D),2015,"EXP. ALLOWANCES OF THE VICE PRES., PRES. PRO TEMPORE, MAJ AND MIN LEADERS AND MAJ AND MIN WHIPS AND CHAIRMEN OF THE MAJ AND MIN CONFERENCE AND POLICY COMMITTEES, SENATE",25,BANNER ORGANIZATION TOTALS,25,28644.91,275.0,fail,banner,,
MAJORITY WHIP (D),2013,"EXP. ALLOWANCES OF THE VICE PRES., PRES. PRO TEMPORE, MAJ AND MIN LEADERS AND MAJ AND MIN WHIPS AND CHAIRMEN OF THE MAJ AND MIN CONFERENCE AND POLICY COMMITTEES, SENATE",26,BANNER NET PAYROLL,26,,0.0,banner_missing,banner,,
MAJORITY WHIP (D),2013,"EXP. ALLOWANCES OF THE VICE PRES., PRES. PRO TEMPORE, MAJ AND MIN LEADERS AND MAJ AND MIN WHIPS AND CHAIRMEN OF THE MAJ AND MIN CONFERENCE AND POLICY COMMITTEES, SENATE",26,BANNER ORGANIZATION TOTALS,26,0.0,0.0,ok,banner,,
MAJORITY WHIP (D),2014,"EXP. ALLOWANCES OF THE VICE PRES., PRES. PRO TEMPORE, MAJ AND MIN LEADERS AND MAJ AND MIN WHIPS AND CHAIRMEN OF THE MAJ AND MIN CONFERENCE AND POLICY COMMITTEES, SENATE",27,BANNER NET PAYROLL,27,,0.0,banner_missing,banner,,
MAJORITY WHIP (D),2014,"EXP. ALLOWANCES OF THE VICE PRES., PRES. PRO TEMPORE, MAJ AND MIN LEADERS AND MAJ AND MIN WHIPS AND CHAIRMEN OF THE MAJ AND MIN CONFERENCE AND POLICY COMMITTEES, SENATE",27,BANNER ORGANIZATION TOTALS,27,0.0,0.0,ok,banner,,
MINORITY WHIP (D),2015,"EXP. ALLOWANCES OF THE VICE PRES., PRES. PRO TEMPORE, MAJ AND MIN LEADERS AND MAJ AND MIN WHIPS AND CHAIRMEN OF THE MAJ AND MIN CONFERENCE AND POLICY COMMITTEES, SENATE",28,BANNER NET PAYROLL,28,,0.0,banner_missing,banner,,
MINORITY WHIP (D),2015,"EXP. ALLOWANCES OF THE VICE PRES., PRES. PRO TEMPORE, MAJ AND MIN LEADERS AND MAJ AND MIN WHIPS AND CHAIRMEN OF THE MAJ AND MIN CONFERENCE AND POLICY COMMITTEES, SENATE",28,BANNER ORGANIZATION TOTALS,28,4173.41,0.0,fail,banner,,
OFFICE OF THE VICE PRESIDENT (D) - BIDEN,2013,"EXP. ALLOWANCES OF THE VICE PRES., PRES. PRO TEMPORE, MAJ AND MIN LEADERS AND MAJ AND MIN WHIPS AND CHAIRMEN OF THE MAJ AND MIN CONFERENCE AND POLICY COMMITTEES, SENATE",29,BANNER NET PAYROLL,29,,0.0,banner_missing,banner,,
OFFICE OF THE VICE PRESIDENT (D) - BIDEN,2013,"EXP. ALLOWANCES OF THE VICE PRES., PRES. PRO TEMPORE, MAJ AND MIN LEADERS AND MAJ AND MIN WHIPS AND CHAIRMEN OF THE MAJ AND MIN CONFERENCE AND POLICY COMMITTEES, SENATE",29,BANNER ORGANIZATION TOTALS,29,0.0,0.0,ok,banner,,
OFFICE OF THE VICE PRESIDENT (D) - BIDEN,2014,"EXP. ALLOWANCES OF THE VICE PRES., PRES. PRO TEMPORE, MAJ AND MIN LEADERS AND MAJ AND MIN WHIPS AND CHAIRMEN OF THE MAJ AND MIN CONFERENCE AND POLICY COMMITTEES, SENATE",30,BANNER NET PAYROLL,30,,0.0,banner_missing,banner,,
OFFICE OF THE VICE PRESIDENT (D) - BIDEN,2014,"EXP. ALLOWANCES OF THE VICE PRES., PRES. PRO TEMPORE, MAJ AND MIN LEADERS AND MAJ AND MIN WHIPS AND CHAIRMEN OF THE MAJ AND MIN CONFERENCE AND POLICY COMMITTEES, SENATE",30,BANNER ORGANIZATION TOTALS,30,0.0,0.0,ok,banner,,
OFFICE OF THE VICE PRESIDENT (D) - BIDEN,2015,"EXP. ALLOWANCES OF THE VICE PRES., PRES. PRO TEMPORE, MAJ AND MIN LEADERS AND MAJ AND MIN WHIPS AND CHAIRMEN OF THE MAJ AND MIN CONFERENCE AND POLICY COMMITTEES, SENATE",31,BANNER NET PAYROLL,31,,0.0,banner_missing,banner,,
OFFICE OF THE VICE PRESIDENT (D) - BIDEN,2015,"EXP. ALLOWANCES OF THE VICE PRES., PRES. PRO TEMPORE, MAJ AND MIN LEADERS AND MAJ AND MIN WHIPS AND CHAIRMEN OF THE MAJ AND MIN CONFERENCE AND POLICY COMMITTEES, SENATE",31,BANNER ORGANIZATION TOTALS,31,0.0,0.0,ok,banner,,
PRESIDENT PRO TEMPORE (D),2013,"EXP. ALLOWANCES OF THE VICE PRES., PRES. PRO TEMPORE, MAJ AND MIN LEADERS AND MAJ AND MIN WHIPS AND CHAIRMEN OF THE MAJ AND MIN CONFERENCE AND POLICY COMMITTEES, SENATE",32,BANNER NET PAYROLL,32,0.0,0.0,banner_missing,banner,,
PRESIDENT PRO TEMPORE (D),2013,"EXP. ALLOWANCES OF THE VICE PRES., PRES. PRO TEMPORE, MAJ AND MIN LEADERS AND MAJ AND MIN WHIPS AND CHAIRMEN OF THE MAJ AND MIN CONFERENCE AND POLICY COMMITTEES, SENATE",32,BANNER ORGANIZATION TOTALS,32,0.0,0.0,ok,banner,,
PRESIDENT PRO TEMPORE (D),2014,"EXP. ALLOWANCES OF THE VICE PRES., PRES. PRO TEMPORE, MAJ AND MIN LEADERS AND MAJ AND MIN WHIPS AND CHAIRMEN OF THE MAJ AND MIN CONFERENCE AND POLICY COMMITTEES, SENATE",33,BANNER NET PAYROLL,33,0.0,0.0,banner_missing,banner,,
PRESIDENT PRO TEMPORE (D),2014,"EXP. ALLOWANCES OF THE VICE PRES., PRES. PRO TEMPORE, MAJ AND MIN LEADERS AND MAJ AND MIN WHIPS AND CHAIRMEN OF THE MAJ AND MIN CONFERENCE AND POLICY COMMITTEES, SENATE",33,BANNER ORGANIZATION TOTALS,33,0.0,0.0,ok,banner,,
PRESIDENT PRO TEMPORE (D),2015,"EXP. ALLOWANCES OF THE VICE PRES., PRES. PRO TEMPORE, MAJ AND MIN LEADERS AND MAJ AND MIN WHIPS AND CHAIRMEN OF THE MAJ AND MIN CONFERENCE AND POLICY COMMITTEES, SENATE",34,BANNER NET PAYROLL,34,,0.0,banner_missing,banner,,
PRESIDENT PRO TEMPORE (D),2015,"EXP. ALLOWANCES OF THE VICE PRES., PRES. PRO TEMPORE, MAJ AND MIN LEADERS AND MAJ AND MIN WHIPS AND CHAIRMEN OF THE MAJ AND MIN CONFERENCE AND POLICY COMMITTEES, SENATE",34,BANNER ORGANIZATION TOTALS,34,0.0,0.0,ok,banner,,
PRESIDENT PRO TEMPORE (R),2015,"EXP. ALLOWANCES OF THE VICE PRES., PRES. PRO TEMPORE, MAJ AND MIN LEADERS AND MAJ AND MIN WHIPS AND CHAIRMEN OF THE MAJ AND MIN CONFERENCE AND POLICY COMMITTEES, SENATE",35,TRAVEL AND TRANSPORTATION OF PERSONS,35,2768.39,2768.39,ok,segment,,
PRESIDENT PRO TEMPORE (R),2015,"EXP. ALLOWANCES OF THE VICE PRES., PRES. PRO TEMPORE, MAJ AND MIN LEADERS AND MAJ AND MIN WHIPS AND CHAIRMEN OF THE MAJ AND MIN CONFERENCE AND POLICY COMMITTEES, SENATE",35,BANNER NET PAYROLL,35,,0.0,banner_missing,banner,,
PRESIDENT PRO TEMPORE (R),2015,"EXP. ALLOWANCES OF THE VICE PRES., PRES. PRO TEMPORE, MAJ AND MIN LEADERS AND MAJ AND MIN WHIPS AND CHAIRMEN OF THE MAJ AND MIN CONFERENCE AND POLICY COMMITTEES, SENATE",35,BANNER ORGANIZATION TOTALS,35,5986.54,2768.39,fail,banner,,
MINORITY LEADER (R),2013,"EXP. ALLOWANCES OF THE VICE PRES., PRES. PRO TEMPORE, MAJ AND MIN LEADERS AND MAJ AND MIN WHIPS AND CHAIRMEN OF THE MAJ AND MIN CONFERENCE AND POLICY COMMITTEES, SENATE",36,BANNER NET PAYROLL,36,,0.0,banner_missing,banner,,
MINORITY LEADER (R),2013,"EXP. ALLOWANCES OF THE VICE PRES., PRES. PRO TEMPORE, MAJ AND MIN LEADERS AND MAJ AND MIN WHIPS AND CHAIRMEN OF THE MAJ AND MIN CONFERENCE AND POLICY COMMITTEES, SENATE",36,BANNER ORGANIZATION TOTALS,36,0.0,0.0,ok,banner,,
MINORITY LEADER (R),2014,"EXP. ALLOWANCES OF THE VICE PRES., PRES. PRO TEMPORE, MAJ AND MIN LEADERS AND MAJ AND MIN WHIPS AND CHAIRMEN OF THE MAJ AND MIN CONFERENCE AND POLICY COMMITTEES, SENATE",37,BANNER NET PAYROLL,37,,0.0,banner_missing,banner,,
MINORITY LEADER (R),2014,"EXP. ALLOWANCES OF THE VICE PRES., PRES. PRO TEMPORE, MAJ AND MIN LEADERS AND MAJ AND MIN WHIPS AND CHAIRMEN OF THE MAJ AND MIN CONFERENCE AND POLICY COMMITTEES, SENATE",37,BANNER ORGANIZATION TOTALS,37,0.0,0.0,ok,banner,,
MAJORITY LEADER (R),2015,"EXP. ALLOWANCES OF THE VICE PRES., PRES. PRO TEMPORE, MAJ AND MIN LEADERS AND MAJ AND MIN WHIPS AND CHAIRMEN OF THE MAJ AND MIN CONFERENCE AND POLICY COMMITTEES, SENATE",38,BANNER NET PAYROLL,38,,0.0,banner_missing,banner,,
MAJORITY LEADER (R),2015,"EXP. ALLOWANCES OF THE VICE PRES., PRES. PRO TEMPORE, MAJ AND MIN LEADERS AND MAJ AND MIN WHIPS AND CHAIRMEN OF THE MAJ AND MIN CONFERENCE AND POLICY COMMITTEES, SENATE",38,BANNER ORGANIZATION TOTALS,38,11835.75,0.0,fail,banner,,
MINORITY WHIP (R),2013,"EXP. ALLOWANCES OF THE VICE PRES., PRES. PRO TEMPORE, MAJ AND MIN LEADERS AND MAJ AND MIN WHIPS AND CHAIRMEN OF THE MAJ AND MIN CONFERENCE AND POLICY COMMITTEES, SENATE",39,BANNER NET PAYROLL,39,,0.0,banner_missing,banner,,
MINORITY WHIP (R),2013,"EXP. ALLOWANCES OF THE VICE PRES., PRES. PRO TEMPORE, MAJ AND MIN LEADERS AND MAJ AND MIN WHIPS AND CHAIRMEN OF THE MAJ AND MIN CONFERENCE AND POLICY COMMITTEES, SENATE",39,BANNER ORGANIZATION TOTALS,39,0.0,0.0,ok,banner,,
MINORITY WHIP (R),2014,"EXP. ALLOWANCES OF THE VICE PRES., PRES. PRO TEMPORE, MAJ AND MIN LEADERS AND MAJ AND MIN WHIPS AND CHAIRMEN OF THE MAJ AND MIN CONFERENCE AND POLICY COMMITTEES, SENATE",40,BANNER NET PAYROLL,40,,0.0,banner_missing,banner,,
MINORITY WHIP (R),2014,"EXP. ALLOWANCES OF THE VICE PRES., PRES. PRO TEMPORE, MAJ AND MIN LEADERS AND MAJ AND MIN WHIPS AND CHAIRMEN OF THE MAJ AND MIN CONFERENCE AND POLICY COMMITTEES, SENATE",40,BANNER ORGANIZATION TOTALS,40,0.0,0.0,ok,banner,,
MAJORITY WHIP (R),2015,"EXP. ALLOWANCES OF THE VICE PRES., PRES. PRO TEMPORE, MAJ AND MIN LEADERS AND MAJ AND MIN WHIPS AND CHAIRMEN OF THE MAJ AND MIN CONFERENCE AND POLICY COMMITTEES, SENATE",41,BANNER NET PAYROLL,41,,0.0,banner_missing,banner,,
MAJORITY WHIP (R),2015,"EXP. ALLOWANCES OF THE VICE PRES., PRES. PRO TEMPORE, MAJ AND MIN LEADERS AND MAJ AND MIN WHIPS AND CHAIRMEN OF THE MAJ AND MIN CONFERENCE AND POLICY COMMITTEES, SENATE",41,BANNER ORGANIZATION TOTALS,41,2604.1,0.0,fail,banner,,
CHAIRMAN MINORITY CONFERENCE COMMITTEE (R),2013,"EXP. ALLOWANCES OF THE VICE PRES., PRES. PRO TEMPORE, MAJ AND MIN LEADERS AND MAJ AND MIN WHIPS AND CHAIRMEN OF THE MAJ AND MIN CONFERENCE AND POLICY COMMITTEES, SENATE",42,BANNER NET PAYROLL,42,,0.0,banner_missing,banner,,
CHAIRMAN MINORITY CONFERENCE COMMITTEE (R),2013,"EXP. ALLOWANCES OF THE VICE PRES., PRES. PRO TEMPORE, MAJ AND MIN LEADERS AND MAJ AND MIN WHIPS AND CHAIRMEN OF THE MAJ AND MIN CONFERENCE AND POLICY COMMITTEES, SENATE",42,BANNER ORGANIZATION TOTALS,42,0.0,0.0,ok,banner,,
CHAIRMAN MINORITY CONFERENCE COMMITTEE (R),2014,"EXP. ALLOWANCES OF THE VICE PRES., PRES. PRO TEMPORE, MAJ AND MIN LEADERS AND MAJ AND MIN WHIPS AND CHAIRMEN OF THE MAJ AND MIN CONFERENCE AND POLICY COMMITTEES, SENATE",43,BANNER NET PAYROLL,43,,0.0,banner_missing,banner,,
CHAIRMAN MINORITY CONFERENCE COMMITTEE (R),2014,"EXP. ALLOWANCES OF THE VICE PRES., PRES. PRO TEMPORE, MAJ AND MIN LEADERS AND MAJ AND MIN WHIPS AND CHAIRMEN OF THE MAJ AND MIN CONFERENCE AND POLICY COMMITTEES, SENATE",43,BANNER ORGANIZATION TOTALS,43,0.0,0.0,ok,banner,,
CHAIRMAN MAJORITY CONFERENCE COMMITTEE (R),2015,"EXP. ALLOWANCES OF THE VICE PRES., PRES. PRO TEMPORE, MAJ AND MIN LEADERS AND MAJ AND MIN WHIPS AND CHAIRMEN OF THE MAJ AND MIN CONFERENCE AND POLICY COMMITTEES, SENATE",44,BANNER NET PAYROLL,44,,0.0,banner_missing,banner,,
CHAIRMAN MAJORITY CONFERENCE COMMITTEE (R),2015,"EXP. ALLOWANCES OF THE VICE PRES., PRES. PRO TEMPORE, MAJ AND MIN LEADERS AND MAJ AND MIN WHIPS AND CHAIRMEN OF THE MAJ AND MIN CONFERENCE AND POLICY COMMITTEES, SENATE",44,BANNER ORGANIZATION TOTALS,44,2302.98,0.0,fail,banner,,
CHAIRMAN MINORITY POLICY COMMITTEE (R),2013,"EXP. ALLOWANCES OF THE VICE PRES., PRES. PRO TEMPORE, MAJ AND MIN LEADERS AND MAJ AND MIN WHIPS AND CHAIRMEN OF THE MAJ AND MIN CONFERENCE AND POLICY COMMITTEES, SENATE",45,BANNER NET PAYROLL,45,,0.0,banner_missing,banner,,
CHAIRMAN MINORITY POLICY COMMITTEE (R),2013,"EXP. ALLOWANCES OF THE VICE PRES., PRES. PRO TEMPORE, MAJ AND MIN LEADERS AND MAJ AND MIN WHIPS AND CHAIRMEN OF THE MAJ AND MIN CONFERENCE AND POLICY COMMITTEES, SENATE",45,BANNER ORGANIZATION TOTALS,45,0.0,0.0,ok,banner,,
CHAIRMAN MINORITY POLICY COMMITTEE (R),2014,"EXP. ALLOWANCES OF THE VICE PRES., PRES. PRO TEMPORE, MAJ AND MIN LEADERS AND MAJ AND MIN WHIPS AND CHAIRMEN OF THE MAJ AND MIN CONFERENCE AND POLICY COMMITTEES, SENATE",46,BANNER NET PAYROLL,46,,0.0,banner_missing,banner,,
CHAIRMAN MINORITY POLICY COMMITTEE (R),2014,"EXP. ALLOWANCES OF THE VICE PRES., PRES. PRO TEMPORE, MAJ AND MIN LEADERS AND MAJ AND MIN WHIPS AND CHAIRMEN OF THE MAJ AND MIN CONFERENCE AND POLICY COMMITTEES, SENATE",46,BANNER ORGANIZATION TOTALS,46,0.0,0.0,ok,banner,,
CHAIRMAN MAJORITY POLICY COMMITTEE (R),2015,"EXP. ALLOWANCES OF THE VICE PRES., PRES. PRO TEMPORE, MAJ AND MIN LEADERS AND MAJ AND MIN WHIPS AND CHAIRMEN OF THE MAJ AND MIN CONFERENCE AND POLICY COMMITTEES, SENATE",47,BANNER NET PAYROLL,47,,0.0,banner_missing,banner,,
CHAIRMAN MAJORITY POLICY COMMITTEE (R),2015,"EXP. ALLOWANCES OF THE VICE PRES., PRES. PRO TEMPORE, MAJ AND MIN LEADERS AND MAJ AND MIN WHIPS AND CHAIRMEN OF THE MAJ AND MIN CONFERENCE AND POLICY COMMITTEES, SENATE",47,BANNER ORGANIZATION TOTALS,47,2011.56,0.0,fail,banner,,
MAJORITY LEADER (D),2013,REPRESENTATION ALLOWANCES FOR THE MAJORITY AND MINORITY LEADERS,48,BANNER NET PAYROLL,48,,0.0,banner_missing,banner,,
MAJORITY LEADER (D),2013,REPRESENTATION ALLOWANCES FOR THE MAJORITY AND MINORITY LEADERS,48,BANNER ORGANIZATION TOTALS,48,0.0,0.0,ok,banner,,
MAJORITY LEADER (D),2014,REPRESENTATION ALLOWANCES FOR THE MAJORITY AND MINORITY LEADERS,49,BANNER NET PAYROLL,49,,0.0,banner_missing,banner,,
MAJORITY LEADER (D),2014,REPRESENTATION ALLOWANCES FOR THE MAJORITY AND MINORITY LEADERS,49,BANNER ORGANIZATION TOTALS,49,0.0,0.0,ok,banner,,
MINORITY LEADER (D),2015,REPRESENTATION ALLOWANCES FOR THE MAJORITY AND MINORITY LEADERS,50,BANNER NET PAYROLL,50,,0.0,banner_missing,banner,,
MINORITY LEADER (D),2015,REPRESENTATION ALLOWANCES FOR THE MAJORITY AND MINORITY LEADERS,50,BANNER ORGANIZATION TOTALS,50,0.0,0.0,ok,banner,,
MINORITY LEADER (R),2013,REPRESENTATION ALLOWANCES FOR THE MAJORITY AND MINORITY LEADERS,51,BANNER NET PAYROLL,51,,0.0,banner_missing,banner,,
MINORITY LEADER (R),2013,REPRESENTATION ALLOWANCES FOR THE MAJORITY AND MINORITY LEADERS,51,BANNER ORGANIZATION TOTALS,51,0.0,0.0,ok,banner,,
MINORITY LEADER (R),2014,REPRESENTATION ALLOWANCES FOR THE MAJORITY AND MINORITY LEADERS,52,BANNER NET PAYROLL,52,,0.0,banner_missing,banner,,
MINORITY LEADER (R),2014,REPRESENTATION ALLOWANCES FOR THE MAJORITY AND MINORITY LEADERS,52,BANNER ORGANIZATION TOTALS,52,0.0,0.0,ok,banner,,
MAJORITY LEADER (R),2015,REPRESENTATION ALLOWANCES FOR THE MAJORITY AND MINORITY LEADERS,53,BANNER NET PAYROLL,53,,0.0,banner_missing,banner,,
MAJORITY LEADER (R),2015,REPRESENTATION ALLOWANCES FOR THE MAJORITY AND MINORITY LEADERS,53,BANNER ORGANIZATION TOTALS,53,0.0,0.0,ok,banner,,
APPROPRIATIONS,2013,"SALARIES, OFFICERS AND EMPLOYEES, SENATE",54,BANNER NET PAYROLL,54,0.0,0.0,banner_missing,banner,,
APPROPRIATIONS,2013,"SALARIES, OFFICERS AND EMPLOYEES, SENATE",54,BANNER ORGANIZATION TOTALS,54,0.0,0.0,ok,banner,,
APPROPRIATIONS,2014,"SALARIES, OFFICERS AND EMPLOYEES, SENATE",55,BANNER NET PAYROLL,55,0.0,0.0,banner_missing,banner,,
APPROPRIATIONS,2014,"SALARIES, OFFICERS AND EMPLOYEES, SENATE",55,BANNER ORGANIZATION TOTALS,55,0.0,0.0,ok,banner,,
APPROPRIATIONS,2015,"SALARIES, OFFICERS AND EMPLOYEES, SENATE",56,OTHER PERSONNEL COMPENSATION,58,612.98,0.0,component,payroll_component,,
APPROPRIATIONS,2015,"SALARIES, OFFICERS AND EMPLOYEES, SENATE",56,PERSONNEL COMP. FULL-TIME PERMANENT,58,6587120.64,0.0,component,payroll_component,,
APPROPRIATIONS,2015,"SALARIES, OFFICERS AND EMPLOYEES, SENATE",56,NET PAYROLL EXPENSES,58,6587733.62,6587733.62,ok,segment,,
APPROPRIATIONS,2015,"SALARIES, OFFICERS AND EMPLOYEES, SENATE",56,BANNER NET PAYROLL,56,6587733.62,6587733.62,ok,banner,,
APPROPRIATIONS,2015,"SALARIES, OFFICERS AND EMPLOYEES, SENATE",56,BANNER ORGANIZATION TOTALS,56,6587733.62,6587733.62,ok,banner,,
CHAPLAIN,2013,"SALARIES, OFFICERS AND EMPLOYEES, SENATE",59,PERSONNEL COMP. FULL-TIME PERMANENT,59,25300.0,0.0,component,payroll_component,,
CHAPLAIN,2013,"SALARIES, OFFICERS AND EMPLOYEES, SENATE",59,NET PAYROLL EXPENSES,59,25300.0,0.0,zero_records,segment,,
CHAPLAIN,2013,"SALARIES, OFFICERS AND EMPLOYEES, SENATE",59,BANNER NET PAYROLL,59,25300.0,25300.0,ok,banner,,
CHAPLAIN,2013,"SALARIES, OFFICERS AND EMPLOYEES, SENATE",59,BANNER ORGANIZATION TOTALS,59,25300.0,0.0,fail,banner,,
CHAPLAIN,2014,"SALARIES, OFFICERS AND EMPLOYEES, SENATE",60,PERSONNEL COMP. FULL-TIME PERMANENT,60,6000.0,0.0,component,payroll_component,,
CHAPLAIN,2014,"SALARIES, OFFICERS AND EMPLOYEES, SENATE",60,NET PAYROLL EXPENSES,60,6000.0,0.0,zero_records,segment,,
CHAPLAIN,2014,"SALARIES, OFFICERS AND EMPLOYEES, SENATE",60,BANNER NET PAYROLL,60,6000.0,6000.0,ok,banner,,
CHAPLAIN,2014,"SALARIES, OFFICERS AND EMPLOYEES, SENATE",60,BANNER ORGANIZATION TOTALS,60,6000.0,0.0,fail,banner,,
CHAPLAIN,2015,"SALARIES, OFFICERS AND EMPLOYEES, SENATE",61,PERSONNEL COMP. FULL-TIME PERMANENT,61,219949.84,0.0,component,payroll_component,,
CHAPLAIN,2015,"SALARIES, OFFICERS AND EMPLOYEES, SENATE",61,NET PAYROLL EXPENSES,61,219949.84,216349.8,fail,segment,source_mismatch,216349.8
CHAPLAIN,2015,"SALARIES, OFFICERS AND EMPLOYEES, SENATE",61,BANNER NET PAYROLL,61,219949.84,219949.84,ok,banner,,
CHAPLAIN,2015,"SALARIES, OFFICERS AND EMPLOYEES, SENATE",61,BANNER ORGANIZATION TOTALS,61,219949.84,216349.8,fail,banner,,
MAJORITY CONFERENCE COMMITTEE (D),2013,"SALARIES, OFFICERS AND EMPLOYEES, SENATE",62,BANNER NET PAYROLL,62,0.0,0.0,banner_missing,banner,,
MAJORITY CONFERENCE COMMITTEE (D),2013,"SALARIES, OFFICERS AND EMPLOYEES, SENATE",62,BANNER ORGANIZATION TOTALS,62,0.0,0.0,ok,banner,,
MAJORITY CONFERENCE COMMITTEE (D),2014,"SALARIES, OFFICERS AND EMPLOYEES, SENATE",63,BANNER NET PAYROLL,63,0.0,0.0,banner_missing,banner,,
MAJORITY CONFERENCE COMMITTEE (D),2014,"SALARIES, OFFICERS AND EMPLOYEES, SENATE",63,BANNER ORGANIZATION TOTALS,63,0.0,0.0,ok,banner,,
MINORITY CONFERENCE COMMITTEE (D),2015,"SALARIES, OFFICERS AND EMPLOYEES, SENATE",64,OTHER PERSONNEL COMPENSATION,65,443.88,0.0,component,payroll_component,,
MINORITY CONFERENCE COMMITTEE (D),2015,"SALARIES, OFFICERS AND EMPLOYEES, SENATE",64,PERSONNEL COMP. FULL-TIME PERMANENT,65,869096.71,0.0,component,payroll_component,,
MINORITY CONFERENCE COMMITTEE (D),2015,"SALARIES, OFFICERS AND EMPLOYEES, SENATE",64,NET PAYROLL EXPENSES,65,869540.59,869540.59,ok,segment,,
MINORITY CONFERENCE COMMITTEE (D),2015,"SALARIES, OFFICERS AND EMPLOYEES, SENATE",64,BANNER NET PAYROLL,64,869540.59,869540.59,ok,banner,,
MINORITY CONFERENCE COMMITTEE (D),2015,"SALARIES, OFFICERS AND EMPLOYEES, SENATE",64,BANNER ORGANIZATION TOTALS,64,869540.59,869540.59,ok,banner,,
MAJORITY POLICY COMMITTEE (D),2013,"SALARIES, OFFICERS AND EMPLOYEES, SENATE",66,BANNER NET PAYROLL,66,0.0,0.0,banner_missing,banner,,
MAJORITY POLICY COMMITTEE (D),2013,"SALARIES, OFFICERS AND EMPLOYEES, SENATE",66,BANNER ORGANIZATION TOTALS,66,0.0,0.0,ok,banner,,
MAJORITY POLICY COMMITTEE (D),2014,"SALARIES, OFFICERS AND EMPLOYEES, SENATE",67,BANNER NET PAYROLL,67,0.0,0.0,banner_missing,banner,,
MAJORITY POLICY COMMITTEE (D),2014,"SALARIES, OFFICERS AND EMPLOYEES, SENATE",67,BANNER ORGANIZATION TOTALS,67,0.0,0.0,ok,banner,,
MINORITY POLICY COMMITTEE (D),2015,"SALARIES, OFFICERS AND EMPLOYEES, SENATE",68,OTHER PERSONNEL COMPENSATION,68,1615.32,0.0,component,payroll_component,,
MINORITY POLICY COMMITTEE (D),2015,"SALARIES, OFFICERS AND EMPLOYEES, SENATE",68,PERSONNEL COMP. FULL-TIME PERMANENT,68,788662.85,0.0,component,payroll_component,,
MINORITY POLICY COMMITTEE (D),2015,"SALARIES, OFFICERS AND EMPLOYEES, SENATE",68,NET PAYROLL EXPENSES,68,790278.17,790278.17,ok,segment,,
MINORITY POLICY COMMITTEE (D),2015,"SALARIES, OFFICERS AND EMPLOYEES, SENATE",68,BANNER NET PAYROLL,68,790278.17,790278.17,ok,banner,,
MINORITY POLICY COMMITTEE (D),2015,"SALARIES, OFFICERS AND EMPLOYEES, SENATE",68,BANNER ORGANIZATION TOTALS,68,790278.17,790278.17,ok,banner,,
MAJORITY LEADER (D),2013,"SALARIES, OFFICERS AND EMPLOYEES, SENATE",69,BANNER NET PAYROLL,69,0.0,0.0,banner_missing,banner,,
MAJORITY LEADER (D),2013,"SALARIES, OFFICERS AND EMPLOYEES, SENATE",69,BANNER ORGANIZATION TOTALS,69,0.0,0.0,ok,banner,,
MAJORITY LEADER (D),2014,"SALARIES, OFFICERS AND EMPLOYEES, SENATE",70,BANNER NET PAYROLL,70,0.0,0.0,banner_missing,banner,,
MAJORITY LEADER (D),2014,"SALARIES, OFFICERS AND EMPLOYEES, SENATE",70,BANNER ORGANIZATION TOTALS,70,0.0,0.0,ok,banner,,
MINORITY LEADER (D),2015,"SALARIES, OFFICERS AND EMPLOYEES, SENATE",71,PERSONNEL COMP. FULL-TIME PERMANENT,72,1228515.73,0.0,component,payroll_component,,
MINORITY LEADER (D),2015,"SALARIES, OFFICERS AND EMPLOYEES, SENATE",71,NET PAYROLL EXPENSES,72,1228515.73,1328515.73,fail,segment,source_mismatch,1328515.73
MINORITY LEADER (D),2015,"SALARIES, OFFICERS AND EMPLOYEES, SENATE",71,BANNER NET PAYROLL,71,1228515.73,1228515.73,ok,banner,,
MINORITY LEADER (D),2015,"SALARIES, OFFICERS AND EMPLOYEES, SENATE",71,BANNER ORGANIZATION TOTALS,71,1228515.73,1328515.73,fail,banner,,
"SECRETARY, MAJORITY CONFERENCE COMM (D)",2013,"SALARIES, OFFICERS AND EMPLOYEES, SENATE",73,BANNER NET PAYROLL,73,0.0,0.0,banner_missing,banner,,
"SECRETARY, MAJORITY CONFERENCE COMM (D)",2013,"SALARIES, OFFICERS AND EMPLOYEES, SENATE",73,BANNER ORGANIZATION TOTALS,73,0.0,0.0,ok,banner,,
"SECRETARY, MAJORITY CONFERENCE COMM (D)",2014,"SALARIES, OFFICERS AND EMPLOYEES, SENATE",74,BANNER NET PAYROLL,74,0.0,0.0,banner_missing,banner,,
"SECRETARY, MAJORITY CONFERENCE COMM (D)",2014,"SALARIES, OFFICERS AND EMPLOYEES, SENATE",74,BANNER ORGANIZATION TOTALS,74,0.0,0.0,ok,banner,,
"SECRETARY, MINORITY CONFERENCE COMM (D)",2015,"SALARIES, OFFICERS AND EMPLOYEES, SENATE",75,PERSONNEL COMP. FULL-TIME PERMANENT,75,160729.32,0.0,component,payroll_component,,
"SECRETARY, MINORITY CONFERENCE COMM (D)",2015,"SALARIES, OFFICERS AND EMPLOYEES, SENATE",75,NET PAYROLL EXPENSES,75,160729.32,160729.32,ok,segment,,
"SECRETARY, MINORITY CONFERENCE COMM (D)",2015,"SALARIES, OFFICERS AND EMPLOYEES, SENATE",75,BANNER NET PAYROLL,75,160729.32,160729.32,ok,banner,,
"SECRETARY, MINORITY CONFERENCE COMM (D)",2015,"SALARIES, OFFICERS AND EMPLOYEES, SENATE",75,BANNER ORGANIZATION TOTALS,75,160729.32,160729.32,ok,banner,,
MAJORITY WHIP (D),2013,"SALARIES, OFFICERS AND EMPLOYEES, SENATE",76,BANNER NET PAYROLL,76,0.0,0.0,banner_missing,banner,,
MAJORITY WHIP (D),2013,"SALARIES, OFFICERS AND EMPLOYEES, SENATE",76,BANNER ORGANIZATION TOTALS,76,0.0,0.0,ok,banner,,
MAJORITY WHIP (D),2014,"SALARIES, OFFICERS AND EMPLOYEES, SENATE",77,BANNER NET PAYROLL,77,0.0,0.0,banner_missing,banner,,
MAJORITY WHIP (D),2014,"SALARIES, OFFICERS AND EMPLOYEES, SENATE",77,BANNER ORGANIZATION TOTALS,77,0.0,0.0,ok,banner,,
MINORITY WHIP (D),2015,"SALARIES, OFFICERS AND EMPLOYEES, SENATE",78,PERSONNEL COMP. FULL-TIME PERMANENT,78,870897.11,0.0,component,payroll_component,,
MINORITY WHIP (D),2015,"SALARIES, OFFICERS AND EMPLOYEES, SENATE",78,NET PAYROLL EXPENSES,78,870897.11,870897.11,ok,segment,,
MINORITY WHIP (D),2015,"SALARIES, OFFICERS AND EMPLOYEES, SENATE",78,BANNER NET PAYROLL,78,870897.11,870897.11,ok,banner,,
MINORITY WHIP (D),2015,"SALARIES, OFFICERS AND EMPLOYEES, SENATE",78,BANNER ORGANIZATION TOTALS,78,870897.11,870897.11,ok,banner,,
OFFICE OF THE VICE PRESIDENT (D) - BIDEN,2013,"SALARIES, OFFICERS AND EMPLOYEES, SENATE",79,BANNER NET PAYROLL,79,0.0,0.0,banner_missing,banner,,
OFFICE OF THE VICE PRESIDENT (D) - BIDEN,2013,"SALARIES, OFFICERS AND EMPLOYEES, SENATE",79,BANNER ORGANIZATION TOTALS,79,0.0,0.0,ok,banner,,
OFFICE OF THE VICE PRESIDENT (D) - BIDEN,2014,"SALARIES, OFFICERS AND EMPLOYEES, SENATE",80,BANNER NET PAYROLL,80,0.0,0.0,banner_missing,banner,,
OFFICE OF THE VICE PRESIDENT (D) - BIDEN,2014,"SALARIES, OFFICERS AND EMPLOYEES, SENATE",80,BANNER ORGANIZATION TOTALS,80,0.0,0.0,ok,banner,,
OFFICE OF THE VICE PRESIDENT (D) - BIDEN,2015,"SALARIES, OFFICERS AND EMPLOYEES, SENATE",81,PERSONNEL COMP. FULL-TIME PERMANENT,82,1113151.1,0.0,component,payroll_component,,
OFFICE OF THE VICE PRESIDENT (D) - BIDEN,2015,"SALARIES, OFFICERS AND EMPLOYEES, SENATE",81,NET PAYROLL EXPENSES,82,1113151.1,1113151.1,ok,segment,,
OFFICE OF THE VICE PRESIDENT (D) - BIDEN,2015,"SALARIES, OFFICERS AND EMPLOYEES, SENATE",81,BANNER NET PAYROLL,81,1113151.1,1113151.1,ok,banner,,
OFFICE OF THE VICE PRESIDENT (D) - BIDEN,2015,"SALARIES, OFFICERS AND EMPLOYEES, SENATE",81,BANNER ORGANIZATION TOTALS,81,1113151.1,1113151.1,ok,banner,,
PRESIDENT PRO TEMPORE (D),2013,"SALARIES, OFFICERS AND EMPLOYEES, SENATE",83,BANNER NET PAYROLL,83,0.0,0.0,banner_missing,banner,,
PRESIDENT PRO TEMPORE (D),2013,"SALARIES, OFFICERS AND EMPLOYEES, SENATE",83,BANNER ORGANIZATION TOTALS,83,0.0,0.0,ok,banner,,
PRESIDENT PRO TEMPORE (D),2014,"SALARIES, OFFICERS AND EMPLOYEES, SENATE",84,BANNER NET PAYROLL,84,0.0,0.0,banner_missing,banner,,
PRESIDENT PRO TEMPORE (D),2014,"SALARIES, OFFICERS AND EMPLOYEES, SENATE",84,BANNER ORGANIZATION TOTALS,84,0.0,0.0,ok,banner,,
PRESIDENT PRO TEMPORE (D),2015,"SALARIES, OFFICERS AND EMPLOYEES, SENATE",85,BANNER NET PAYROLL,85,0.0,0.0,banner_missing,banner,,
PRESIDENT PRO TEMPORE (D),2015,"SALARIES, OFFICERS AND EMPLOYEES, SENATE",85,BANNER ORGANIZATION TOTALS,85,0.0,0.0,ok,banner,,
PRESIDENT PRO TEMPORE (R),2015,"SALARIES, OFFICERS AND EMPLOYEES, SENATE",86,PERSONNEL COMP. FULL-TIME PERMANENT,87,388615.59,0.0,component,payroll_component,,
PRESIDENT PRO TEMPORE (R),2015,"SALARIES, OFFICERS AND EMPLOYEES, SENATE",86,NET PAYROLL EXPENSES,87,388615.59,388615.59,ok,segment,,
PRESIDENT PRO TEMPORE (R),2015,"SALARIES, OFFICERS AND EMPLOYEES, SENATE",86,BANNER NET PAYROLL,86,388615.59,388615.59,ok,banner,,
PRESIDENT PRO TEMPORE (R),2015,"SALARIES, OFFICERS AND EMPLOYEES, SENATE",86,BANNER ORGANIZATION TOTALS,86,388615.59,388615.59,ok,banner,,
MINORITY LEADER (R),2013,"SALARIES, OFFICERS AND EMPLOYEES, SENATE",88,BANNER NET PAYROLL,88,0.0,0.0,banner_missing,banner,,
MINORITY LEADER (R),2013,"SALARIES, OFFICERS AND EMPLOYEES, SENATE",88,BANNER ORGANIZATION TOTALS,88,0.0,0.0,ok,banner,,
MINORITY LEADER (R),2014,"SALARIES, OFFICERS AND EMPLOYEES, SENATE",89,BANNER NET PAYROLL,89,0.0,0.0,banner_missing,banner,,
MINORITY LEADER (R),2014,"SALARIES, OFFICERS AND EMPLOYEES, SENATE",89,BANNER ORGANIZATION TOTALS,89,0.0,0.0,ok,banner,,
,2015,,90,PERSONNEL COMP. FULL-TIME PERMANENT,90,968774.22,0.0,component,payroll_component,,
,2015,,90,NET PAYROLL EXPENSES,90,968774.22,968774.22,ok,segment,,
,2015,,90,BANNER NET PAYROLL,90,968774.22,968774.22,ok,banner,,
,2015,,90,BANNER ORGANIZATION TOTALS,90,968774.22,968774.22,ok,banner,,
"SECRETARY, MINORITY CONFERENCE COMM (R)",2013,"SALARIES, OFFICERS AND EMPLOYEES, SENATE",91,BANNER NET PAYROLL,91,0.0,0.0,banner_missing,banner,,
"SECRETARY, MINORITY CONFERENCE COMM (R)",2013,"SALARIES, OFFICERS AND EMPLOYEES, SENATE",91,BANNER ORGANIZATION TOTALS,91,0.0,0.0,ok,banner,,
"SECRETARY, MINORITY CONFERENCE COMM (R)",2014,"SALARIES, OFFICERS AND EMPLOYEES, SENATE",92,BANNER NET PAYROLL,92,0.0,0.0,banner_missing,banner,,
"SECRETARY, MINORITY CONFERENCE COMM (R)",2014,"SALARIES, OFFICERS AND EMPLOYEES, SENATE",92,BANNER ORGANIZATION TOTALS,92,0.0,0.0,ok,banner,,
"SECRETARY, MAJORITY CONFERENCE COMM (R)",2015,"SALARIES, OFFICERS AND EMPLOYEES, SENATE",93,PERSONNEL COMP. FULL-TIME PERMANENT,93,175040.6,0.0,component,payroll_component,,
"SECRETARY, MAJORITY CONFERENCE COMM (R)",2015,"SALARIES, OFFICERS AND EMPLOYEES, SENATE",93,NET PAYROLL EXPENSES,93,175040.6,175040.6,ok,segment,,
"SECRETARY, MAJORITY CONFERENCE COMM (R)",2015,"SALARIES, OFFICERS AND EMPLOYEES, SENATE",93,BANNER NET PAYROLL,93,175040.6,175040.6,ok,banner,,
"SECRETARY, MAJORITY CONFERENCE COMM (R)",2015,"SALARIES, OFFICERS AND EMPLOYEES, SENATE",93,BANNER ORGANIZATION TOTALS,93,175040.6,175040.6,ok,banner,,
MINORITY WHIP (R),2013,"SALARIES, OFFICERS AND EMPLOYEES, SENATE",94,BANNER NET PAYROLL,94,0.0,0.0,banner_missing,banner,,
MINORITY WHIP (R),2013,"SALARIES, OFFICERS AND EMPLOYEES, SENATE",94,BANNER ORGANIZATION TOTALS,94,0.0,0.0,ok,banner,,
MINORITY WHIP (R),2014,"SALARIES, OFFICERS AND EMPLOYEES, SENATE",95,BANNER NET PAYROLL,95,0.0,0.0,banner_missing,banner,,
MINORITY WHIP (R),2014,"SALARIES, OFFICERS AND EMPLOYEES, SENATE",95,BANNER ORGANIZATION TOTALS,95,0.0,0.0,ok,banner,,
MAJORITY WHIP (R),2015,"SALARIES, OFFICERS AND EMPLOYEES, SENATE",96,PERSONNEL COMP. FULL-TIME PERMANENT,96,387399.53,0.0,component,payroll_component,,
MAJORITY WHIP (R),2015,"SALARIES, OFFICERS AND EMPLOYEES, SENATE",96,NET PAYROLL EXPENSES,96,387399.53,387399.53,ok,segment,,
MAJORITY WHIP (R),2015,"SALARIES, OFFICERS AND EMPLOYEES, SENATE",96,BANNER NET PAYROLL,96,387399.53,387399.53,ok,banner,,
MAJORITY WHIP (R),2015,"SALARIES, OFFICERS AND EMPLOYEES, SENATE",96,BANNER ORGANIZATION TOTALS,96,387399.53,387399.53,ok,banner,,
MINORITY CONFERENCE COMMITTEE (R),2013,"SALARIES, OFFICERS AND EMPLOYEES, SENATE",97,BANNER NET PAYROLL,97,0.0,0.0,banner_missing,banner,,
MINORITY CONFERENCE COMMITTEE (R),2013,"SALARIES, OFFICERS AND EMPLOYEES, SENATE",97,BANNER ORGANIZATION TOTALS,97,0.0,0.0,ok,banner,,
MINORITY CONFERENCE COMMITTEE (R),2014,"SALARIES, OFFICERS AND EMPLOYEES, SENATE",98,BANNER NET PAYROLL,98,0.0,0.0,banner_missing,banner,,
MINORITY CONFERENCE COMMITTEE (R),2014,"SALARIES, OFFICERS AND EMPLOYEES, SENATE",98,BANNER ORGANIZATION TOTALS,98,0.0,0.0,ok,banner,,
,2015,,99,PERSONNEL COMP. FULL-TIME PERMANENT,99,696631.77,0.0,component,payroll_component,,
,2015,,99,RE-EMPLOYED ANNUITANTS,99,20340.0,0.0,component,payroll_component,,
,2015,,99,NET PAYROLL EXPENSES,99,716971.77,716971.77,ok,segment,,
,2015,,99,BANNER NET PAYROLL,99,716971.77,716971.77,ok,banner,,
,2015,,99,BANNER ORGANIZATION TOTALS,99,716971.77,716971.77,ok,banner,,
MINORITY POLICY COMMITTEE (R),2013,"SALARIES, OFFICERS AND EMPLOYEES, SENATE",100,BANNER NET PAYROLL,100,0.0,0.0,banner_missing,banner,,
MINORITY POLICY COMMITTEE (R),2013,"SALARIES, OFFICERS AND EMPLOYEES, SENATE",100,BANNER ORGANIZATION TOTALS,100,0.0,0.0,ok,banner,,
MINORITY POLICY COMMITTEE (R),2014,"SALARIES, OFFICERS AND EMPLOYEES, SENATE",101,BANNER NET PAYROLL,101,0.0,0.0,banner_missing,banner,,
MINORITY POLICY COMMITTEE (R),2014,"SALARIES, OFFICERS AND EMPLOYEES, SENATE",101,BANNER ORGANIZATION TOTALS,101,0.0,0.0,ok,banner,,
MAJORITY POLICY COMMITTEE (R),2015,"SALARIES, OFFICERS AND EMPLOYEES, SENATE",102,PERSONNEL COMP. FULL-TIME PERMANENT,102,848182.05,0.0,component,payroll_component,,
MAJORITY POLICY COMMITTEE (R),2015,"SALARIES, OFFICERS AND EMPLOYEES, SENATE",102,NET PAYROLL EXPENSES,102,848182.05,848182.05,ok,segment,,
MAJORITY POLICY COMMITTEE (R),2015,"SALARIES, OFFICERS AND EMPLOYEES, SENATE",102,BANNER NET PAYROLL,102,848182.05,848182.05,ok,banner,,
MAJORITY POLICY COMMITTEE (R),2015,"SALARIES, OFFICERS AND EMPLOYEES, SENATE",102,BANNER ORGANIZATION TOTALS,102,848182.05,848182.05,ok,banner,,
SECRETARY FOR THE MAJORITY (D),2013,"SALARIES, OFFICERS AND EMPLOYEES, SENATE",103,BANNER NET PAYROLL,103,0.0,0.0,banner_missing,banner,,
SECRETARY FOR THE MAJORITY (D),2013,"SALARIES, OFFICERS AND EMPLOYEES, SENATE",103,BANNER ORGANIZATION TOTALS,103,0.0,0.0,ok,banner,,
SECRETARY FOR THE MAJORITY (D),2014,"SALARIES, OFFICERS AND EMPLOYEES, SENATE",104,BANNER NET PAYROLL,104,0.0,0.0,banner_missing,banner,,
SECRETARY FOR THE MAJORITY (D),2014,"SALARIES, OFFICERS AND EMPLOYEES, SENATE",104,BANNER ORGANIZATION TOTALS,104,0.0,0.0,ok,banner,,
SECRETARY FOR THE MINORITY (D),2015,"SALARIES, OFFICERS AND EMPLOYEES, SENATE",105,PERSONNEL COMP. FULL-TIME PERMANENT,105,447002.43,0.0,component,payroll_component,,
SECRETARY FOR THE MINORITY (D),2015,"SALARIES, OFFICERS AND EMPLOYEES, SENATE",105,NET PAYROLL EXPENSES,105,447002.43,447002.43,ok,segment,,
SECRETARY FOR THE MINORITY (D),2015,"SALARIES, OFFICERS AND EMPLOYEES, SENATE",105,BANNER NET PAYROLL,105,447002.43,447002.43,ok,banner,,
SECRETARY FOR THE MINORITY (D),2015,"SALARIES, OFFICERS AND EMPLOYEES, SENATE",105,BANNER ORGANIZATION TOTALS,105,447002.43,447002.43,ok,banner,,
SECRETARY FOR THE MINORITY (R),2013,"SALARIES, OFFICERS AND EMPLOYEES, SENATE",106,BANNER NET PAYROLL,106,0.0,0.0,banner_missing,banner,,
SECRETARY FOR THE MINORITY (R),2013,"SALARIES, OFFICERS AND EMPLOYEES, SENATE",106,BANNER ORGANIZATION TOTALS,106,0.0,0.0,ok,banner,,
SECRETARY FOR THE MINORITY (R),2014,"SALARIES, OFFICERS AND EMPLOYEES, SENATE",107,BANNER NET PAYROLL,107,0.0,0.0,banner_missing,banner,,
SECRETARY FOR THE MINORITY (R),2014,"SALARIES, OFFICERS AND EMPLOYEES, SENATE",107,BANNER ORGANIZATION TOTALS,107,0.0,0.0,ok,banner,,
SECRETARY FOR THE MAJORITY (R),2015,"SALARIES, OFFICERS AND EMPLOYEES, SENATE",108,PERSONNEL COMP. FULL-TIME PERMANENT,108,431213.83,0.0,component,payroll_component,,
SECRETARY FOR THE MAJORITY (R),2015,"SALARIES, OFFICERS AND EMPLOYEES, SENATE",108,NET PAYROLL EXPENSES,108,431213.83,431213.83,ok,segment,,
SECRETARY FOR THE MAJORITY (R),2015,"SALARIES, OFFICERS AND EMPLOYEES, SENATE",108,BANNER NET PAYROLL,108,431213.83,431213.83,ok,banner,,
SECRETARY FOR THE MAJORITY (R),2015,"SALARIES, OFFICERS AND EMPLOYEES, SENATE",108,BANNER ORGANIZATION TOTALS,108,431213.83,431213.83,ok,banner,,
SGT @ ARMS - CENTRAL OPERATIONS,2013,"SALARIES, OFFICERS AND EMPLOYEES, SENATE",109,BANNER NET PAYROLL,109,0.0,0.0,banner_missing,banner,,
SGT @ ARMS - CENTRAL OPERATIONS,2013,"SALARIES, OFFICERS AND EMPLOYEES, SENATE",109,BANNER ORGANIZATION TOTALS,109,0.0,0.0,ok,banner,,
SGT @ ARMS - CAPITOL DIVISION,2013,"SALARIES, OFFICERS AND EMPLOYEES, SENATE",110,BANNER NET PAYROLL,110,0.0,0.0,banner_missing,banner,,
SGT @ ARMS - CAPITOL DIVISION,2013,"SALARIES, OFFICERS AND EMPLOYEES, SENATE",110,BANNER ORGANIZATION TOTALS,110,0.0,0.0,ok,banner,,
SGT @ ARMS - IT SUPPORT SERVICES,2013,"SALARIES, OFFICERS AND EMPLOYEES, SENATE",111,BANNER NET PAYROLL,111,0.0,0.0,banner_missing,banner,,
SGT @ ARMS - IT SUPPORT SERVICES,2013,"SALARIES, OFFICERS AND EMPLOYEES, SENATE",111,BANNER ORGANIZATION TOTALS,111,0.0,0.0,ok,banner,,
SGT @ ARMS - STAFF OFFICES,2013,"SALARIES, OFFICERS AND EMPLOYEES, SENATE",112,BANNER NET PAYROLL,112,0.0,0.0,banner_missing,banner,,
SGT @ ARMS - STAFF OFFICES,2013,"SALARIES, OFFICERS AND EMPLOYEES, SENATE",112,BANNER ORGANIZATION TOTALS,112,0.0,0.0,ok,banner,,
SGT @ ARMS - TECHNOLOGY DEVELOPMENT SERVICES,2013,"SALARIES, OFFICERS AND EMPLOYEES, SENATE",113,BANNER NET PAYROLL,113,0.0,0.0,banner_missing,banner,,
SGT @ ARMS - TECHNOLOGY DEVELOPMENT SERVICES,2013,"SALARIES, OFFICERS AND EMPLOYEES, SENATE",113,BANNER ORGANIZATION TOTALS,113,0.0,0.0,ok,banner,,
SGT @ ARMS - CENTRAL OPERATIONS,2014,"SALARIES, OFFICERS AND EMPLOYEES, SENATE",114,BANNER NET PAYROLL,114,0.0,0.0,banner_missing,banner,,
SGT @ ARMS - CENTRAL OPERATIONS,2014,"SALARIES, OFFICERS AND EMPLOYEES, SENATE",114,BANNER ORGANIZATION TOTALS,114,0.0,0.0,ok,banner,,
SGT @ ARMS - CAPITOL DIVISION,2014,"SALARIES, OFFICERS AND EMPLOYEES, SENATE",115,BANNER NET PAYROLL,115,0.0,0.0,banner_missing,banner,,
SGT @ ARMS - CAPITOL DIVISION,2014,"SALARIES, OFFICERS AND EMPLOYEES, SENATE",115,BANNER ORGANIZATION TOTALS,115,0.0,0.0,ok,banner,,
SGT @ ARMS - IT SUPPORT SERVICES,2014,"SALARIES, OFFICERS AND EMPLOYEES, SENATE",116,BANNER NET PAYROLL,116,0.0,0.0,banner_missing,banner,,
SGT @ ARMS - IT SUPPORT SERVICES,2014,"SALARIES, OFFICERS AND EMPLOYEES, SENATE",116,BANNER ORGANIZATION TOTALS,116,0.0,0.0,ok,banner,,
SGT @ ARMS - STAFF OFFICES,2014,"SALARIES, OFFICERS AND EMPLOYEES, SENATE",117,BANNER NET PAYROLL,117,0.0,0.0,banner_missing,banner,,
SGT @ ARMS - STAFF OFFICES,2014,"SALARIES, OFFICERS AND EMPLOYEES, SENATE",117,BANNER ORGANIZATION TOTALS,117,0.0,0.0,ok,banner,,
SGT @ ARMS - CENTRAL OPERATIONS,2015,"SALARIES, OFFICERS AND EMPLOYEES, SENATE",118,OTHER PERSONNEL COMPENSATION,123,12775.59,0.0,component,payroll_component,,
SGT @ ARMS - CENTRAL OPERATIONS,2015,"SALARIES, OFFICERS AND EMPLOYEES, SENATE",118,PERSONNEL COMP. FULL-TIME PERMANENT,123,9774848.18,0.0,component,payroll_component,,
SGT @ ARMS - CENTRAL OPERATIONS,2015,"SALARIES, OFFICERS AND EMPLOYEES, SENATE",118,NET PAYROLL EXPENSES,123,9787623.77,9787623.77,ok,segment,,
SGT @ ARMS - CENTRAL OPERATIONS,2015,"SALARIES, OFFICERS AND EMPLOYEES, SENATE",118,BANNER NET PAYROLL,118,9787623.77,9787623.77,ok,banner,,
SGT @ ARMS - CENTRAL OPERATIONS,2015,"SALARIES, OFFICERS AND EMPLOYEES, SENATE",118,BANNER ORGANIZATION TOTALS,118,9787623.77,9787623.77,ok,banner,,
SGT @ ARMS - CAPITOL DIVISION,2015,"SALARIES, OFFICERS AND EMPLOYEES, SENATE",124,OTHER PERSONNEL COMPENSATION,129,8266.28,0.0,component,payroll_component,,
SGT @ ARMS - CAPITOL DIVISION,2015,"SALARIES, OFFICERS AND EMPLOYEES, SENATE",124,PERSONNEL COMP. FULL-TIME PERMANENT,129,7735104.86,0.0,component,payroll_component,,
SGT @ ARMS - CAPITOL DIVISION,2015,"SALARIES, OFFICERS AND EMPLOYEES, SENATE",124,RE-EMPLOYED ANNUITANTS,129,28020.0,0.0,component,payroll_component,,
SGT @ ARMS - CAPITOL DIVISION,2015,"SALARIES, OFFICERS AND EMPLOYEES, SENATE",124,NET PAYROLL EXPENSES,130,7771391.14,7771447.43,fail,segment,inconclusive,7743427.43
SGT @ ARMS - CAPITOL DIVISION,2015,"SALARIES, OFFICERS AND EMPLOYEES, SENATE",124,BANNER NET PAYROLL,124,7771391.14,7771391.14,ok,banner,,
SGT @ ARMS - CAPITOL DIVISION,2015,"SALARIES, OFFICERS AND EMPLOYEES, SENATE",124,BANNER ORGANIZATION TOTALS,124,7771391.14,7771447.43,fail,banner,,
SGT @ ARMS - IT SUPPORT SERVICES,2015,"SALARIES, OFFICERS AND EMPLOYEES, SENATE",131,OTHER PERSONNEL COMPENSATION,132,20230.32,0.0,component,payroll_component,,
SGT @ ARMS - IT SUPPORT SERVICES,2015,"SALARIES, OFFICERS AND EMPLOYEES, SENATE",131,PERSONNEL COMP. FULL-TIME PERMANENT,132,3601531.46,0.0,component,payroll_component,,
SGT @ ARMS - IT SUPPORT SERVICES,2015,"SALARIES, OFFICERS AND EMPLOYEES, SENATE",131,NET PAYROLL EXPENSES,133,3621761.78,3621761.78,ok,segment,,
SGT @ ARMS - IT SUPPORT SERVICES,2015,"SALARIES, OFFICERS AND EMPLOYEES, SENATE",131,BANNER NET PAYROLL,131,3621761.78,3621761.78,ok,banner,,
SGT @ ARMS - IT SUPPORT SERVICES,2015,"SALARIES, OFFICERS AND EMPLOYEES, SENATE",131,BANNER ORGANIZATION TOTALS,131,3621761.78,3621761.78,ok,banner,,
SGT @ ARMS - STAFF OFFICES,2015,"SALARIES, OFFICERS AND EMPLOYEES, SENATE",134,PERSONNEL COMP. FULL-TIME PERMANENT,136,4870381.92,0.0,component,payroll_component,,
SGT @ ARMS - STAFF OFFICES,2015,"SALARIES, OFFICERS AND EMPLOYEES, SENATE",134,NET PAYROLL EXPENSES,136,4870381.92,4870381.92,ok,segment,,
SGT @ ARMS - STAFF OFFICES,2015,"SALARIES, OFFICERS AND EMPLOYEES, SENATE",134,BANNER NET PAYROLL,134,4870381.92,4870381.92,ok,banner,,
SGT @ ARMS - STAFF OFFICES,2015,"SALARIES, OFFICERS AND EMPLOYEES, SENATE",134,BANNER ORGANIZATION TOTALS,134,4870381.92,4870381.92,ok,banner,,
SECRETARY OF THE SENATE - ADMINISTRATIVE SERV.,2013,"SALARIES, OFFICERS AND EMPLOYEES, SENATE",137,BANNER NET PAYROLL,137,0.0,0.0,banner_missing,banner,,
SECRETARY OF THE SENATE - ADMINISTRATIVE SERV.,2013,"SALARIES, OFFICERS AND EMPLOYEES, SENATE",137,BANNER ORGANIZATION TOTALS,137,0.0,0.0,ok,banner,,
SECRETARY OF THE SENATE - EXECUTIVE OFFICE,2013,"SALARIES, OFFICERS AND EMPLOYEES, SENATE",138,BANNER NET PAYROLL,138,0.0,0.0,banner_missing,banner,,
SECRETARY OF THE SENATE - EXECUTIVE OFFICE,2013,"SALARIES, OFFICERS AND EMPLOYEES, SENATE",138,BANNER ORGANIZATION TOTALS,138,0.0,0.0,ok,banner,,
SECRETARY OF THE SENATE - LEGISLATIVE SERVICES,2013,"SALARIES, OFFICERS AND EMPLOYEES, SENATE",139,BANNER NET PAYROLL,139,0.0,0.0,banner_missing,banner,,
SECRETARY OF THE SENATE - LEGISLATIVE SERVICES,2013,"SALARIES, OFFICERS AND EMPLOYEES, SENATE",139,BANNER ORGANIZATION TOTALS,139,0.0,0.0,ok,banner,,
SECRETARY OF THE SENATE - ADMINISTRATIVE SERV.,2014,"SALARIES, OFFICERS AND EMPLOYEES, SENATE",140,BANNER NET PAYROLL,140,0.0,0.0,banner_missing,banner,,
SECRETARY OF THE SENATE - ADMINISTRATIVE SERV.,2014,"SALARIES, OFFICERS AND EMPLOYEES, SENATE",140,BANNER ORGANIZATION TOTALS,140,0.0,0.0,ok,banner,,
SECRETARY OF THE SENATE - EXECUTIVE OFFICE,2014,"SALARIES, OFFICERS AND EMPLOYEES, SENATE",141,BANNER NET PAYROLL,141,0.0,0.0,banner_missing,banner,,
SECRETARY OF THE SENATE - EXECUTIVE OFFICE,2014,"SALARIES, OFFICERS AND EMPLOYEES, SENATE",141,BANNER ORGANIZATION TOTALS,141,0.0,0.0,ok,banner,,
SECRETARY OF THE SENATE - LEGISLATIVE SERVICES,2014,"SALARIES, OFFICERS AND EMPLOYEES, SENATE",142,BANNER NET PAYROLL,142,0.0,0.0,banner_missing,banner,,
SECRETARY OF THE SENATE - LEGISLATIVE SERVICES,2014,"SALARIES, OFFICERS AND EMPLOYEES, SENATE",142,BANNER ORGANIZATION TOTALS,142,0.0,0.0,ok,banner,,
"WORKERS COMPENSATION FUND (P.L. 113-76, DIV. I, SEC. 1. CA)",2014,"SALARIES, OFFICERS AND EMPLOYEES, SENATE",143,BANNER NET PAYROLL,143,0.0,0.0,banner_missing,banner,,
"WORKERS COMPENSATION FUND (P.L. 113-76, DIV. I, SEC. 1. CA)",2014,"SALARIES, OFFICERS AND EMPLOYEES, SENATE",143,BANNER ORGANIZATION TOTALS,143,0.0,0.0,ok,banner,,
SECRETARY OF THE SENATE - ADMINISTRATIVE SERV.,2015,"SALARIES, OFFICERS AND EMPLOYEES, SENATE",144,OTHER PERSONNEL COMPENSATION,147,10128.47,0.0,component,payroll_component,,
SECRETARY OF THE SENATE - ADMINISTRATIVE SERV.,2015,"SALARIES, OFFICERS AND EMPLOYEES, SENATE",144,PERSONNEL COMP. FULL-TIME PERMANENT,147,6208657.08,0.0,component,payroll_component,,
SECRETARY OF THE SENATE - ADMINISTRATIVE SERV.,2015,"SALARIES, OFFICERS AND EMPLOYEES, SENATE",144,NET PAYROLL EXPENSES,147,6218785.55,6218785.55,ok,segment,,
SECRETARY OF THE SENATE - ADMINISTRATIVE SERV.,2015,"SALARIES, OFFICERS AND EMPLOYEES, SENATE",144,BANNER NET PAYROLL,144,6218785.55,6218785.55,ok,banner,,
SECRETARY OF THE SENATE - ADMINISTRATIVE SERV.,2015,"SALARIES, OFFICERS AND EMPLOYEES, SENATE",144,BANNER ORGANIZATION TOTALS,144,6218785.55,6218785.55,ok,banner,,
SECRETARY OF THE SENATE - EXECUTIVE OFFICE,2015,"SALARIES, OFFICERS AND EMPLOYEES, SENATE",148,OTHER PERSONNEL COMPENSATION,149,2620.32,0.0,component,payroll_component,,
SECRETARY OF THE SENATE - EXECUTIVE OFFICE,2015,"SALARIES, OFFICERS AND EMPLOYEES, SENATE",148,PERSONNEL COMP. FULL-TIME PERMANENT,149,1638367.36,0.0,component,payroll_component,,
SECRETARY OF THE SENATE - EXECUTIVE OFFICE,2015,"SALARIES, OFFICERS AND EMPLOYEES, SENATE",148,NET PAYROLL EXPENSES,149,1640987.68,1640987.68,ok,segment,,
SECRETARY OF THE SENATE - EXECUTIVE OFFICE,2015,"SALARIES, OFFICERS AND EMPLOYEES, SENATE",148,BANNER NET PAYROLL,148,1640987.68,1640987.68,ok,banner,,
SECRETARY OF THE SENATE - EXECUTIVE OFFICE,2015,"SALARIES, OFFICERS AND EMPLOYEES, SENATE",148,BANNER ORGANIZATION TOTALS,148,1640987.68,1640987.68,ok,banner,,
SECRETARY OF THE SENATE - LEGISLATIVE SERVICES,2015,"SALARIES, OFFICERS AND EMPLOYEES, SENATE",150,OTHER PERSONNEL COMPENSATION,151,3627.27,0.0,component,payroll_component,,
SECRETARY OF THE SENATE - LEGISLATIVE SERVICES,2015,"SALARIES, OFFICERS AND EMPLOYEES, SENATE",150,PERSONNEL COMP. FULL-TIME PERMANENT,151,2480134.14,0.0,component,payroll_component,,
SECRETARY OF THE SENATE - LEGISLATIVE SERVICES,2015,"SALARIES, OFFICERS AND EMPLOYEES, SENATE",150,NET PAYROLL EXPENSES,151,2483761.41,2483761.41,ok,segment,,
SECRETARY OF THE SENATE - LEGISLATIVE SERVICES,2015,"SALARIES, OFFICERS AND EMPLOYEES, SENATE",150,BANNER NET PAYROLL,150,2483761.41,2483761.41,ok,banner,,
SECRETARY OF THE SENATE - LEGISLATIVE SERVICES,2015,"SALARIES, OFFICERS AND EMPLOYEES, SENATE",150,BANNER ORGANIZATION TOTALS,150,2483761.41,2483761.41,ok,banner,,
SGT @ ARMS - TECHNOLOGY DEVELOPMENT SERVICES,2014,"SALARIES, OFFICERS AND EMPLOYEES, SENATE",152,BANNER NET PAYROLL,152,0.0,0.0,banner_missing,banner,,
SGT @ ARMS - TECHNOLOGY DEVELOPMENT SERVICES,2014,"SALARIES, OFFICERS AND EMPLOYEES, SENATE",152,BANNER ORGANIZATION TOTALS,152,0.0,0.0,ok,banner,,
SGT @ ARMS - TECHNOLOGY DEVELOPMENT SERVICES,2015,"SALARIES, OFFICERS AND EMPLOYEES, SENATE",153,OTHER PERSONNEL COMPENSATION,155,33730.31,0.0,component,payroll_component,,
SGT @ ARMS - TECHNOLOGY DEVELOPMENT SERVICES,2015,"SALARIES, OFFICERS AND EMPLOYEES, SENATE",153,PERSONNEL COMP. FULL-TIME PERMANENT,155,7508281.05,0.0,component,payroll_component,,
SGT @ ARMS - TECHNOLOGY DEVELOPMENT SERVICES,2015,"SALARIES, OFFICERS AND EMPLOYEES, SENATE",153,NET PAYROLL EXPENSES,155,7542011.36,7541955.07,fail,segment,source_mismatch,7541955.07
SGT @ ARMS - TECHNOLOGY DEVELOPMENT SERVICES,2015,"SALARIES, OFFICERS AND EMPLOYEES, SENATE",153,BANNER NET PAYROLL,153,7542011.36,7542011.36,ok,banner,,
SGT @ ARMS - TECHNOLOGY DEVELOPMENT SERVICES,2015,"SALARIES, OFFICERS AND EMPLOYEES, SENATE",153,BANNER ORGANIZATION TOTALS,153,7542011.36,7541955.07,fail,banner,,
APPROPRIATIONS,,MISCELLANEOUS ITEMS,156,BANNER NET PAYROLL,156,0.0,0.0,banner_missing,banner,,
APPROPRIATIONS,,MISCELLANEOUS ITEMS,156,BANNER ORGANIZATION TOTALS,156,0.0,0.0,ok,banner,,
APPROPRIATIONS,,MISCELLANEOUS ITEMS,157,TRAVEL AND TRANSPORTATION OF PERSONS,158,2829.19,2829.19,ok,segment,,
APPROPRIATIONS,,MISCELLANEOUS ITEMS,157,OTHER CONTRACTUAL SERVICES,159,39115.0,39115.0,ok,segment,,
APPROPRIATIONS,,MISCELLANEOUS ITEMS,157,ACQUISITION OF ASSETS,159,18098.88,18098.88,ok,segment,,
APPROPRIATIONS,,MISCELLANEOUS ITEMS,157,BANNER NET PAYROLL,157,13729.35,0.0,banner_missing,banner,,
APPROPRIATIONS,,MISCELLANEOUS ITEMS,157,BANNER ORGANIZATION TOTALS,157,79054.44,60043.07,fail,banner,,
APPROPRIATIONS,,MISCELLANEOUS ITEMS,160,BANNER NET PAYROLL,160,,0.0,banner_missing,banner,,
APPROPRIATIONS,,MISCELLANEOUS ITEMS,160,BANNER ORGANIZATION TOTALS,160,0.0,0.0,ok,banner,,
APPROPRIATIONS,,MISCELLANEOUS ITEMS,161,OTHER CONTRACTUAL SERVICES,161,533.3,533.3,ok,segment,,
APPROPRIATIONS,,MISCELLANEOUS ITEMS,161,BANNER NET PAYROLL,161,,0.0,banner_missing,banner,,
APPROPRIATIONS,,MISCELLANEOUS ITEMS,161,BANNER ORGANIZATION TOTALS,161,73687.26,533.3,fail,banner,,
CHAPLAIN,,MISCELLANEOUS ITEMS,162,BANNER NET PAYROLL,162,0.0,0.0,banner_missing,banner,,
CHAPLAIN,,MISCELLANEOUS ITEMS,162,BANNER ORGANIZATION TOTALS,162,0.0,0.0,ok,banner,,
CHAPLAIN,,MISCELLANEOUS ITEMS,163,BANNER NET PAYROLL,163,0.0,0.0,banner_missing,banner,,
CHAPLAIN,,MISCELLANEOUS ITEMS,163,BANNER ORGANIZATION TOTALS,163,95.6,0.0,fail,banner,,
CHAPLAIN,,MISCELLANEOUS ITEMS,164,TRAVEL AND TRANSPORTATION OF PERSONS,164,42.72,42.72,ok,segment,,
CHAPLAIN,,MISCELLANEOUS ITEMS,164,ACQUISITION OF ASSETS,164,2154.88,2154.88,ok,segment,,
CHAPLAIN,,MISCELLANEOUS ITEMS,164,BANNER NET PAYROLL,164,0.0,0.0,banner_missing,banner,,
CHAPLAIN,,MISCELLANEOUS ITEMS,164,BANNER ORGANIZATION TOTALS,164,15928.41,2197.6,fail,banner,,
CHAPLAIN,,MISCELLANEOUS ITEMS,165,TRAVEL AND TRANSPORTATION OF PERSONS,165,14.09,14.09,ok,segment,,
CHAPLAIN,,MISCELLANEOUS ITEMS,165,OTHER CONTRACTUAL SERVICES,165,685.5,685.5,ok,segment,,
CHAPLAIN,,MISCELLANEOUS ITEMS,165,ACQUISITION OF ASSETS,165,482.44,482.44,ok,segment,,
CHAPLAIN,,MISCELLANEOUS ITEMS,165,BANNER NET PAYROLL,165,,0.0,banner_missing,banner,,
CHAPLAIN,,MISCELLANEOUS ITEMS,165,BANNER ORGANIZATION TOTALS,165,4257.92,1182.03,fail,banner,,
MAJORITY CONFERENCE COMMITTEE (D),,MISCELLANEOUS ITEMS,166,BANNER NET PAYROLL,166,0.0,0.0,banner_missing,banner,,
MAJORITY CONFERENCE COMMITTEE (D),,MISCELLANEOUS ITEMS,166,BANNER ORGANIZATION TOTALS,166,0.0,0.0,ok,banner,,
MAJORITY CONFERENCE COMMITTEE (D),2013,MISCELLANEOUS ITEMS,167,BANNER NET PAYROLL,167,,0.0,banner_missing,banner,,
MAJORITY CONFERENCE COMMITTEE (D),2013,MISCELLANEOUS ITEMS,167,BANNER ORGANIZATION TOTALS,167,0.0,0.0,ok,banner,,
MAJORITY CONFERENCE COMMITTEE (D),,MISCELLANEOUS ITEMS,168,BANNER NET PAYROLL,168,0.0,0.0,banner_missing,banner,,
MAJORITY CONFERENCE COMMITTEE (D),,MISCELLANEOUS ITEMS,168,BANNER ORGANIZATION TOTALS,168,0.0,0.0,ok,banner,,
MAJORITY CONFERENCE COMMITTEE (D),2014,MISCELLANEOUS ITEMS,169,BANNER NET PAYROLL,169,,0.0,banner_missing,banner,,
MAJORITY CONFERENCE COMMITTEE (D),2014,MISCELLANEOUS ITEMS,169,BANNER ORGANIZATION TOTALS,169,0.0,0.0,ok,banner,,
MAJORITY CONFERENCE COMMITTEE (D),,MISCELLANEOUS ITEMS,170,BANNER NET PAYROLL,170,0.0,0.0,banner_missing,banner,,
MAJORITY CONFERENCE COMMITTEE (D),,MISCELLANEOUS ITEMS,170,BANNER ORGANIZATION TOTALS,170,0.0,0.0,ok,banner,,
MINORITY CONFERENCE COMMITTEE (D),,MISCELLANEOUS ITEMS,171,TRAVEL AND TRANSPORTATION OF PERSONS,171,6718.7,6718.7,ok,segment,,
MINORITY CONFERENCE COMMITTEE (D),,MISCELLANEOUS ITEMS,171,OTHER CONTRACTUAL SERVICES,172,6354.2,6354.2,ok,segment,,
MINORITY CONFERENCE COMMITTEE (D),,MISCELLANEOUS ITEMS,171,ACQUISITION OF ASSETS,172,39.99,39.99,ok,segment,,
MINORITY CONFERENCE COMMITTEE (D),,MISCELLANEOUS ITEMS,171,PERSONNEL BENEFITS,172,3624.1,0.0,component,payroll_component,,
MINORITY CONFERENCE COMMITTEE (D),,MISCELLANEOUS ITEMS,171,NET PAYROLL EXPENSES,172,3624.1,3624.1,ok,segment,,
MINORITY CONFERENCE COMMITTEE (D),,MISCELLANEOUS ITEMS,171,BANNER NET PAYROLL,171,3624.1,3624.1,ok,banner,,
MINORITY CONFERENCE COMMITTEE (D),,MISCELLANEOUS ITEMS,171,BANNER ORGANIZATION TOTALS,171,26002.27,16736.99,fail,banner,,
MAJORITY POLICY COMMITTEE (D),,MISCELLANEOUS ITEMS,173,BANNER NET PAYROLL,173,0.0,0.0,banner_missing,banner,,
MAJORITY POLICY COMMITTEE (D),,MISCELLANEOUS ITEMS,173,BANNER ORGANIZATION TOTALS,173,0.0,0.0,ok,banner,,
MAJORITY POLICY COMMITTEE (D),2013,MISCELLANEOUS ITEMS,174,BANNER NET PAYROLL,174,,0.0,banner_missing,banner,,
MAJORITY POLICY COMMITTEE (D),2013,MISCELLANEOUS ITEMS,174,BANNER ORGANIZATION TOTALS,174,0.0,0.0,ok,banner,,
MAJORITY POLICY COMMITTEE (D),,MISCELLANEOUS ITEMS,175,BANNER NET PAYROLL,175,0.0,0.0,banner_missing,banner,,
MAJORITY POLICY COMMITTEE (D),,MISCELLANEOUS ITEMS,175,BANNER ORGANIZATION TOTALS,175,0.0,0.0,ok,banner,,
MAJORITY POLICY COMMITTEE (D),2014,MISCELLANEOUS ITEMS,176,ACQUISITION OF ASSETS,176,20300.76,20300.76,ok,segment,,
MAJORITY POLICY COMMITTEE (D),2014,MISCELLANEOUS ITEMS,176,BANNER NET PAYROLL,176,,0.0,banner_missing,banner,,
MAJORITY POLICY COMMITTEE (D),2014,MISCELLANEOUS ITEMS,176,BANNER ORGANIZATION TOTALS,176,20300.76,20300.76,ok,banner,,
MAJORITY POLICY COMMITTEE (D),,MISCELLANEOUS ITEMS,177,BANNER NET PAYROLL,177,0.0,0.0,banner_missing,banner,,
MAJORITY POLICY COMMITTEE (D),,MISCELLANEOUS ITEMS,177,BANNER ORGANIZATION TOTALS,177,0.0,0.0,ok,banner,,
MINORITY POLICY COMMITTEE (D),2015,MISCELLANEOUS ITEMS,178,BANNER NET PAYROLL,178,,0.0,banner_missing,banner,,
MINORITY POLICY COMMITTEE (D),2015,MISCELLANEOUS ITEMS,178,BANNER ORGANIZATION TOTALS,178,0.0,0.0,ok,banner,,
MINORITY POLICY COMMITTEE (D),,MISCELLANEOUS ITEMS,179,TRAVEL AND TRANSPORTATION OF PERSONS,180,11511.47,11511.47,ok,segment,,
MINORITY POLICY COMMITTEE (D),,MISCELLANEOUS ITEMS,179,OTHER CONTRACTUAL SERVICES,180,1684.0,1684.0,ok,segment,,
MINORITY POLICY COMMITTEE (D),,MISCELLANEOUS ITEMS,179,PERSONNEL BENEFITS,180,2414.25,0.0,component,payroll_component,,
MINORITY POLICY COMMITTEE (D),,MISCELLANEOUS ITEMS,179,NET PAYROLL EXPENSES,180,2414.25,2414.25,ok,segment,,
MINORITY POLICY COMMITTEE (D),,MISCELLANEOUS ITEMS,179,BANNER NET PAYROLL,179,2414.25,2414.25,ok,banner,,
MINORITY POLICY COMMITTEE (D),,MISCELLANEOUS ITEMS,179,BANNER ORGANIZATION TOTALS,179,28109.66,15609.72,fail,banner,,
MAJORITY LEADER (D),2013,MISCELLANEOUS ITEMS,181,BANNER NET PAYROLL,181,,0.0,banner_missing,banner,,
MAJORITY LEADER (D),2013,MISCELLANEOUS ITEMS,181,BANNER ORGANIZATION TOTALS,181,0.0,0.0,ok,banner,,
MAJORITY LEADER (D),2014,MISCELLANEOUS ITEMS,182,OTHER CONTRACTUAL SERVICES,182,2779.49,2779.49,ok,segment,,
MAJORITY LEADER (D),2014,MISCELLANEOUS ITEMS,182,ACQUISITION OF ASSETS,182,6795.75,6795.75,ok,segment,,
MAJORITY LEADER (D),2014,MISCELLANEOUS ITEMS,182,BANNER NET PAYROLL,182,,0.0,banner_missing,banner,,
MAJORITY LEADER (D),2014,MISCELLANEOUS ITEMS,182,BANNER ORGANIZATION TOTALS,182,9575.24,9575.24,ok,banner,,
MINORITY LEADER (D),2015,MISCELLANEOUS ITEMS,183,BANNER NET PAYROLL,183,,0.0,banner_missing,banner,,
MINORITY LEADER (D),2015,MISCELLANEOUS ITEMS,183,BANNER ORGANIZATION TOTALS,183,0.0,0.0,ok,banner,,
MAJORITY WHIP (D),2014,MISCELLANEOUS ITEMS,184,BANNER NET PAYROLL,184,,0.0,banner_missing,banner,,
MAJORITY WHIP (D),2014,MISCELLANEOUS ITEMS,184,BANNER ORGANIZATION TOTALS,184,0.0,0.0,ok,banner,,
MINORITY LEADER (R),2013,MISCELLANEOUS ITEMS,185,BANNER NET PAYROLL,185,0.0,0.0,banner_missing,banner,,
MINORITY LEADER (R),2013,MISCELLANEOUS ITEMS,185,BANNER ORGANIZATION TOTALS,185,0.0,0.0,ok,banner,,
MINORITY LEADER (R),2014,MISCELLANEOUS ITEMS,186,BANNER NET PAYROLL,186,0.0,0.0,banner_missing,banner,,
MINORITY LEADER (R),2014,MISCELLANEOUS ITEMS,186,BANNER ORGANIZATION TOTALS,186,0.0,0.0,ok,banner,,
,2015,,187,TRAVEL AND TRANSPORTATION OF PERSONS,187,20.0,20.0,ok,segment,,
,2015,,187,OTHER CONTRACTUAL SERVICES,187,1425.5,1425.5,ok,segment,,
,2015,,187,ACQUISITION OF ASSETS,187,293.0,293.0,ok,segment,,
,2015,,187,PERSONNEL BENEFITS,187,3939.65,0.0,component,payroll_component,,
,2015,,187,NET PAYROLL EXPENSES,187,3939.65,3939.65,ok,segment,,
,2015,,187,BANNER NET PAYROLL,187,3939.65,3939.65,ok,banner,,
,2015,,187,BANNER ORGANIZATION TOTALS,187,20058.46,5678.15,fail,banner,,
"SECRETARY, MINORITY CONFERENCE COMM (R)",2013,MISCELLANEOUS ITEMS,188,BANNER NET PAYROLL,188,,0.0,banner_missing,banner,,
"SECRETARY, MINORITY CONFERENCE COMM (R)",2013,MISCELLANEOUS ITEMS,188,BANNER ORGANIZATION TOTALS,188,0.0,0.0,ok,banner,,
MINORITY WHIP (R),2013,MISCELLANEOUS ITEMS,189,BANNER NET PAYROLL,189,,0.0,banner_missing,banner,,
MINORITY WHIP (R),2013,MISCELLANEOUS ITEMS,189,BANNER ORGANIZATION TOTALS,189,0.0,0.0,ok,banner,,
MINORITY WHIP (R),2014,MISCELLANEOUS ITEMS,190,BANNER NET PAYROLL,190,,0.0,banner_missing,banner,,
MINORITY WHIP (R),2014,MISCELLANEOUS ITEMS,190,BANNER ORGANIZATION TOTALS,190,40.0,0.0,fail,banner,,
MAJORITY WHIP (R),2015,MISCELLANEOUS ITEMS,191,TRAVEL AND TRANSPORTATION OF PERSONS,191,1172.47,1172.47,ok,segment,,
MAJORITY WHIP (R),2015,MISCELLANEOUS ITEMS,191,BANNER NET PAYROLL,191,,0.0,banner_missing,banner,,
MAJORITY WHIP (R),2015,MISCELLANEOUS ITEMS,191,BANNER ORGANIZATION TOTALS,191,6288.45,1172.47,fail,banner,,
MINORITY CONFERENCE COMMITTEE (R),,MISCELLANEOUS ITEMS,192,BANNER NET PAYROLL,192,0.0,0.0,banner_missing,banner,,
MINORITY CONFERENCE COMMITTEE (R),,MISCELLANEOUS ITEMS,192,BANNER ORGANIZATION TOTALS,192,0.0,0.0,ok,banner,,
MINORITY CONFERENCE COMMITTEE (R),,MISCELLANEOUS ITEMS,193,BANNER NET PAYROLL,193,0.0,0.0,banner_missing,banner,,
MINORITY CONFERENCE COMMITTEE (R),,MISCELLANEOUS ITEMS,193,BANNER ORGANIZATION TOTALS,193,0.0,0.0,ok,banner,,
MINORITY CONFERENCE COMMITTEE (R),,MISCELLANEOUS ITEMS,194,ACQUISITION OF ASSETS,194,1244.1,1244.1,ok,segment,,
MINORITY CONFERENCE COMMITTEE (R),,MISCELLANEOUS ITEMS,194,PERSONNEL BENEFITS,194,753.6,0.0,component,payroll_component,,
MINORITY CONFERENCE COMMITTEE (R),,MISCELLANEOUS ITEMS,194,NET PAYROLL EXPENSES,194,753.6,753.6,ok,segment,,
MINORITY CONFERENCE COMMITTEE (R),,MISCELLANEOUS ITEMS,194,BANNER NET PAYROLL,194,753.6,753.6,ok,banner,,
MINORITY CONFERENCE COMMITTEE (R),,MISCELLANEOUS ITEMS,194,BANNER ORGANIZATION TOTALS,194,3712.83,1997.7,fail,banner,,
MAJORITY CONFERENCE COMMITTEE (R),,MISCELLANEOUS ITEMS,195,TRAVEL AND TRANSPORTATION OF PERSONS,195,2845.56,2845.56,ok,segment,,
MAJORITY CONFERENCE COMMITTEE (R),,MISCELLANEOUS ITEMS,195,OTHER CONTRACTUAL SERVICES,195,7090.87,7090.87,ok,segment,,
MAJORITY CONFERENCE COMMITTEE (R),,MISCELLANEOUS ITEMS,195,ACQUISITION OF ASSETS,196,811.52,811.52,ok,segment,,
MAJORITY CONFERENCE COMMITTEE (R),,MISCELLANEOUS ITEMS,195,PERSONNEL BENEFITS,196,2598.55,0.0,component,payroll_component,,
MAJORITY CONFERENCE COMMITTEE (R),,MISCELLANEOUS ITEMS,195,NET PAYROLL EXPENSES,196,2598.55,2598.55,ok,segment,,
MAJORITY CONFERENCE COMMITTEE (R),,MISCELLANEOUS ITEMS,195,BANNER NET PAYROLL,195,2598.55,2598.55,ok,banner,,
MAJORITY CONFERENCE COMMITTEE (R),,MISCELLANEOUS ITEMS,195,BANNER ORGANIZATION TOTALS,195,44665.05,13346.5,fail,banner,,
MINORITY POLICY COMMITTEE (R),,MISCELLANEOUS ITEMS,197,BANNER NET PAYROLL,197,0.0,0.0,banner_missing,banner,,
MINORITY POLICY COMMITTEE (R),,MISCELLANEOUS ITEMS,197,BANNER ORGANIZATION TOTALS,197,0.0,0.0,ok,banner,,
MINORITY POLICY COMMITTEE (R),,MISCELLANEOUS ITEMS,198,BANNER NET PAYROLL,198,0.0,0.0,banner_missing,banner,,
MINORITY POLICY COMMITTEE (R),,MISCELLANEOUS ITEMS,198,BANNER ORGANIZATION TOTALS,198,0.0,0.0,ok,banner,,
MINORITY POLICY COMMITTEE (R),,MISCELLANEOUS ITEMS,199,BANNER NET PAYROLL,199,0.0,0.0,banner_missing,banner,,
MINORITY POLICY COMMITTEE (R),,MISCELLANEOUS ITEMS,199,BANNER ORGANIZATION TOTALS,199,399.0,0.0,fail,banner,,
ORITY POLICY COMMITTEE (R),,,200,TRAVEL AND TRANSPORTATION OF PERSONS,200,1312.25,1312.25,ok,segment,,
ORITY POLICY COMMITTEE (R),,,200,OTHER CONTRACTUAL SERVICES,200,170.0,170.0,ok,segment,,
ORITY POLICY COMMITTEE (R),,,200,ACQUISITION OF ASSETS,200,458.95,458.95,ok,segment,,
ORITY POLICY COMMITTEE (R),,,200,PERSONNEL BENEFITS,200,3201.0,0.0,component,payroll_component,,
ORITY POLICY COMMITTEE (R),,,200,NET PAYROLL EXPENSES,200,3201.0,3201.0,ok,segment,,
ORITY POLICY COMMITTEE (R),,,200,BANNER NET PAYROLL,200,3201.0,3201.0,ok,banner,,
ORITY POLICY COMMITTEE (R),,,200,BANNER ORGANIZATION TOTALS,200,28681.18,5142.2,fail,banner,,
SECRETARY FOR THE MAJORITY (R),2015,MISCELLANEOUS ITEMS,201,PERSONNEL BENEFITS,201,833.0,0.0,component,payroll_component,,
SECRETARY FOR THE MAJORITY (R),2015,MISCELLANEOUS ITEMS,201,NET PAYROLL EXPENSES,201,833.0,833.0,ok,segment,,
SECRETARY FOR THE MAJORITY (R),2015,MISCELLANEOUS ITEMS,201,BANNER NET PAYROLL,201,833.0,833.0,ok,banner,,
SECRETARY FOR THE MAJORITY (R),2015,MISCELLANEOUS ITEMS,201,BANNER ORGANIZATION TOTALS,201,1263.58,833.0,fail,banner,,
SENATE CHILD CARE CENTER,,MISCELLANEOUS ITEMS,202,BANNER NET PAYROLL,202,0.0,0.0,banner_missing,banner,,
SENATE CHILD CARE CENTER,,MISCELLANEOUS ITEMS,202,BANNER ORGANIZATION TOTALS,202,0.0,0.0,ok,banner,,
SENATE CHILD CARE CENTER,,MISCELLANEOUS ITEMS,203,TRAVEL AND TRANSPORTATION OF PERSONS,204,8711.89,8711.89,ok,segment,,
SENATE CHILD CARE CENTER,,MISCELLANEOUS ITEMS,203,OTHER CONTRACTUAL SERVICES,204,3067.0,3067.0,ok,segment,,
SENATE CHILD CARE CENTER,,MISCELLANEOUS ITEMS,203,BENEFITS FOR NON SENATE/FORMER PERSONNEL,204,4000.0,0.0,component,payroll_component,,
SENATE CHILD CARE CENTER,,MISCELLANEOUS ITEMS,203,NET PAYROLL EXPENSES,204,4000.0,4000.0,ok,segment,,
SENATE CHILD CARE CENTER,,MISCELLANEOUS ITEMS,203,BANNER NET PAYROLL,203,4000.0,4000.0,ok,banner,,
SENATE CHILD CARE CENTER,,MISCELLANEOUS ITEMS,203,BANNER ORGANIZATION TOTALS,203,15778.89,15778.89,ok,banner,,
SENATE CHILD CARE CENTER,,MISCELLANEOUS ITEMS,205,TRAVEL AND TRANSPORTATION OF PERSONS,205,1530.72,1530.72,ok,segment,,
SENATE CHILD CARE CENTER,,MISCELLANEOUS ITEMS,205,OTHER CONTRACTUAL SERVICES,205,410.0,410.0,ok,segment,,
SENATE CHILD CARE CENTER,,MISCELLANEOUS ITEMS,205,BENEFITS FOR NON SENATE/FORMER PERSONNEL,205,6630.65,0.0,component,payroll_component,,
SENATE CHILD CARE CENTER,,MISCELLANEOUS ITEMS,205,NET PAYROLL EXPENSES,205,6630.65,6630.65,ok,segment,,
SENATE CHILD CARE CENTER,,MISCELLANEOUS ITEMS,205,BANNER NET PAYROLL,205,6630.65,6630.65,ok,banner,,
SENATE CHILD CARE CENTER,,MISCELLANEOUS ITEMS,205,BANNER ORGANIZATION TOTALS,205,8571.37,8571.37,ok,banner,,
SENATE CHILD CARE CENTER,,MISCELLANEOUS ITEMS,206,PERSONNEL BENEFITS,206,1.34,0.0,component,payroll_component,,
SENATE CHILD CARE CENTER,,MISCELLANEOUS ITEMS,206,BENEFITS FOR NON SENATE/FORMER PERSONNEL,206,188876.05,0.0,component,payroll_component,,
SENATE CHILD CARE CENTER,,MISCELLANEOUS ITEMS,206,NET PAYROLL EXPENSES,206,188877.39,188877.39,ok,segment,,
SENATE CHILD CARE CENTER,,MISCELLANEOUS ITEMS,206,BANNER NET PAYROLL,206,188877.39,188877.39,ok,banner,,
SENATE CHILD CARE CENTER,,MISCELLANEOUS ITEMS,206,BANNER ORGANIZATION TOTALS,206,188877.39,188877.39,ok,banner,,
CONSULTANTS,,MISCELLANEOUS ITEMS,207,BANNER NET PAYROLL,207,0.0,0.0,banner_missing,banner,,
CONSULTANTS,,MISCELLANEOUS ITEMS,207,BANNER ORGANIZATION TOTALS,207,0.0,0.0,ok,banner,,
CONSULTANTS,,MISCELLANEOUS ITEMS,208,BANNER NET PAYROLL,208,0.0,0.0,banner_missing,banner,,
CONSULTANTS,,MISCELLANEOUS ITEMS,208,BANNER ORGANIZATION TOTALS,208,0.0,0.0,ok,banner,,
CONSULTANTS,,MISCELLANEOUS ITEMS,209,PERSONNEL BENEFITS,209,51244.14,0.0,component,payroll_component,,
CONSULTANTS,,MISCELLANEOUS ITEMS,209,NET PAYROLL EXPENSES,209,51244.14,51244.14,ok,segment,,
CONSULTANTS,,MISCELLANEOUS ITEMS,209,BANNER NET PAYROLL,209,51244.14,51244.14,ok,banner,,
CONSULTANTS,,MISCELLANEOUS ITEMS,209,BANNER ORGANIZATION TOTALS,209,51244.14,51244.14,ok,banner,,
,,,210,PERSONNEL COMP. FULL-TIME PERMANENT,210,1824587.85,0.0,component,payroll_component,,
,,,210,WHEN ACTUALLY EMPLOYED (WAE),210,9993.27,0.0,component,payroll_component,,
,,,210,PERSONNEL BENEFITS,210,559803.39,0.0,component,payroll_component,,
,,,210,NET PAYROLL EXPENSES,210,2394384.51,2394384.51,ok,segment,,
,,,210,BANNER NET PAYROLL,210,2394384.51,2394384.51,ok,banner,,
,,,210,BANNER ORGANIZATION TOTALS,210,2394384.51,2394384.51,ok,banner,,
EMPLOYEE COMPENSATION FUND,,MISCELLANEOUS ITEMS,211,BANNER NET PAYROLL,211,0.0,0.0,banner_missing,banner,,
EMPLOYEE COMPENSATION FUND,,MISCELLANEOUS ITEMS,211,BANNER ORGANIZATION TOTALS,211,0.0,0.0,ok,banner,,
EMPLOYEE COMPENSATION FUND,,MISCELLANEOUS ITEMS,212,BANNER NET PAYROLL,212,0.0,0.0,banner_missing,banner,,
EMPLOYEE COMPENSATION FUND,,MISCELLANEOUS ITEMS,212,BANNER ORGANIZATION TOTALS,212,0.0,0.0,ok,banner,,
EMPLOYEE COMPENSATION FUND,,MISCELLANEOUS ITEMS,213,BANNER NET PAYROLL,213,0.0,0.0,banner_missing,banner,,
EMPLOYEE COMPENSATION FUND,,MISCELLANEOUS ITEMS,213,BANNER ORGANIZATION TOTALS,213,0.0,0.0,ok,banner,,
EMPLOYEE COMPENSATION FUND,,MISCELLANEOUS ITEMS,214,BANNER NET PAYROLL,214,,0.0,banner_missing,banner,,
EMPLOYEE COMPENSATION FUND,,MISCELLANEOUS ITEMS,214,BANNER ORGANIZATION TOTALS,214,0.0,0.0,ok,banner,,
FEDERAL EMPLOYEES COMPENSATION ACCOUNT,,MISCELLANEOUS ITEMS,215,BANNER NET PAYROLL,215,0.0,0.0,banner_missing,banner,,
FEDERAL EMPLOYEES COMPENSATION ACCOUNT,,MISCELLANEOUS ITEMS,215,BANNER ORGANIZATION TOTALS,215,0.0,0.0,ok,banner,,
FEDERAL EMPLOYEES COMPENSATION ACCOUNT,,MISCELLANEOUS ITEMS,216,BENEFITS FOR NON SENATE/FORMER PERSONNEL,216,552392.2,0.0,component,payroll_component,,
FEDERAL EMPLOYEES COMPENSATION ACCOUNT,,MISCELLANEOUS ITEMS,216,NET PAYROLL EXPENSES,216,552392.2,552392.2,ok,segment,,
FEDERAL EMPLOYEES COMPENSATION ACCOUNT,,MISCELLANEOUS ITEMS,216,BANNER NET PAYROLL,216,552392.2,552392.2,ok,banner,,
FEDERAL EMPLOYEES COMPENSATION ACCOUNT,,MISCELLANEOUS ITEMS,216,BANNER ORGANIZATION TOTALS,216,552392.2,552392.2,ok,banner,,
FEDERAL EMPLOYEES COMPENSATION ACCOUNT,,MISCELLANEOUS ITEMS,217,BANNER NET PAYROLL,217,,0.0,banner_missing,banner,,
FEDERAL EMPLOYEES COMPENSATION ACCOUNT,,MISCELLANEOUS ITEMS,217,BANNER ORGANIZATION TOTALS,217,0.0,0.0,ok,banner,,
FEDERAL EMPLOYEES COMPENSATION ACCOUNT,,MISCELLANEOUS ITEMS,218,BANNER NET PAYROLL,218,,0.0,banner_missing,banner,,
FEDERAL EMPLOYEES COMPENSATION ACCOUNT,,MISCELLANEOUS ITEMS,218,BANNER ORGANIZATION TOTALS,218,0.0,0.0,ok,banner,,
FOREIGN TRAVEL - MEMBERS & EMPLOYEES,,MISCELLANEOUS ITEMS,219,BANNER NET PAYROLL,219,,0.0,banner_missing,banner,,
FOREIGN TRAVEL - MEMBERS & EMPLOYEES,,MISCELLANEOUS ITEMS,219,BANNER ORGANIZATION TOTALS,219,0.0,0.0,ok,banner,,
FOREIGN TRAVEL - MEMBERS & EMPLOYEES,,MISCELLANEOUS ITEMS,220,TRAVEL AND TRANSPORTATION OF PERSONS,220,118.0,118.0,ok,segment,,
FOREIGN TRAVEL - MEMBERS & EMPLOYEES,,MISCELLANEOUS ITEMS,220,BANNER NET PAYROLL,220,,0.0,banner_missing,banner,,
FOREIGN TRAVEL - MEMBERS & EMPLOYEES,,MISCELLANEOUS ITEMS,220,BANNER ORGANIZATION TOTALS,220,118.0,118.0,ok,banner,,
FOREIGN TRAVEL - MEMBERS & EMPLOYEES,,MISCELLANEOUS ITEMS,221,TRAVEL AND TRANSPORTATION OF PERSONS,221,335.0,335.0,ok,segment,,
FOREIGN TRAVEL - MEMBERS & EMPLOYEES,,MISCELLANEOUS ITEMS,221,BANNER NET PAYROLL,221,,0.0,banner_missing,banner,,
FOREIGN TRAVEL - MEMBERS & EMPLOYEES,,MISCELLANEOUS ITEMS,221,BANNER ORGANIZATION TOTALS,221,335.0,335.0,ok,banner,,
FOREIGN TRAVEL - MEMBERS & EMPLOYEES,,MISCELLANEOUS ITEMS,222,TRAVEL AND TRANSPORTATION OF PERSONS,222,614.0,614.0,ok,segment,,
FOREIGN TRAVEL - MEMBERS & EMPLOYEES,,MISCELLANEOUS ITEMS,222,BANNER NET PAYROLL,222,,0.0,banner_missing,banner,,
FOREIGN TRAVEL - MEMBERS & EMPLOYEES,,MISCELLANEOUS ITEMS,222,BANNER ORGANIZATION TOTALS,222,614.0,614.0,ok,banner,,
POSTAGE,,MISCELLANEOUS ITEMS,223,BANNER NET PAYROLL,223,,0.0,banner_missing,banner,,
POSTAGE,,MISCELLANEOUS ITEMS,223,BANNER ORGANIZATION TOTALS,223,0.0,0.0,ok,banner,,
POSTAGE,,MISCELLANEOUS ITEMS,224,BANNER NET PAYROLL,224,,0.0,banner_missing,banner,,
POSTAGE,,MISCELLANEOUS ITEMS,224,BANNER ORGANIZATION TOTALS,224,0.0,0.0,ok,banner,,
POSTAGE,,MISCELLANEOUS ITEMS,225,BANNER NET PAYROLL,225,,0.0,banner_missing,banner,,
POSTAGE,,MISCELLANEOUS ITEMS,225,BANNER ORGANIZATION TOTALS,225,0.0,0.0,ok,banner,,
POSTAGE,,MISCELLANEOUS ITEMS,226,BANNER NET PAYROLL,226,,0.0,banner_missing,banner,,
POSTAGE,,MISCELLANEOUS ITEMS,226,BANNER ORGANIZATION TOTALS,226,0.0,0.0,ok,banner,,
MOBILE COMMUNICATIONS DEVICES,,MISCELLANEOUS ITEMS,227,BANNER NET PAYROLL,227,,0.0,banner_missing,banner,,
MOBILE COMMUNICATIONS DEVICES,,MISCELLANEOUS ITEMS,227,BANNER ORGANIZATION TOTALS,227,0.0,0.0,ok,banner,,
MOBILE COMMUNICATIONS DEVICES,,MISCELLANEOUS ITEMS,228,BANNER NET PAYROLL,228,,0.0,banner_missing,banner,,
MOBILE COMMUNICATIONS DEVICES,,MISCELLANEOUS ITEMS,228,BANNER ORGANIZATION TOTALS,228,0.0,0.0,ok,banner,,
MOBILE COMMUNICATIONS DEVICES,,MISCELLANEOUS ITEMS,229,BANNER NET PAYROLL,229,,0.0,banner_missing,banner,,
MOBILE COMMUNICATIONS DEVICES,,MISCELLANEOUS ITEMS,229,BANNER ORGANIZATION TOTALS,229,0.0,0.0,ok,banner,,
MOBILE COMMUNICATIONS DEVICES,,MISCELLANEOUS ITEMS,230,ACQUISITION OF ASSETS,230,450.48,450.48,ok,segment,,
MOBILE COMMUNICATIONS DEVICES,,MISCELLANEOUS ITEMS,230,BANNER NET PAYROLL,230,,0.0,banner_missing,banner,,
MOBILE COMMUNICATIONS DEVICES,,MISCELLANEOUS ITEMS,230,BANNER ORGANIZATION TOTALS,230,9745.68,450.48,fail,banner,,
RESERVE FOR CONTINGENCIES,,MISCELLANEOUS ITEMS,231,BANNER NET PAYROLL,231,0.0,0.0,banner_missing,banner,,
RESERVE FOR CONTINGENCIES,,MISCELLANEOUS ITEMS,231,BANNER ORGANIZATION TOTALS,231,0.0,0.0,ok,banner,,
RESERVE FOR CONTINGENCIES,,MISCELLANEOUS ITEMS,232,BENEFITS FOR NON SENATE/FORMER PERSONNEL,232,114713.37,0.0,component,payroll_component,,
RESERVE FOR CONTINGENCIES,,MISCELLANEOUS ITEMS,232,NET PAYROLL EXPENSES,232,114713.37,114713.37,ok,segment,,
RESERVE FOR CONTINGENCIES,,MISCELLANEOUS ITEMS,232,BANNER NET PAYROLL,232,114713.37,114713.37,ok,banner,,
RESERVE FOR CONTINGENCIES,,MISCELLANEOUS ITEMS,232,BANNER ORGANIZATION TOTALS,232,114713.37,114713.37,ok,banner,,
RESERVE FOR CONTINGENCIES,,MISCELLANEOUS ITEMS,233,OTHER CONTRACTUAL SERVICES,233,439138.57,439138.57,ok,segment,,
RESERVE FOR CONTINGENCIES,,MISCELLANEOUS ITEMS,233,BANNER NET PAYROLL,233,,0.0,banner_missing,banner,,
RESERVE FOR CONTINGENCIES,,MISCELLANEOUS ITEMS,233,BANNER ORGANIZATION TOTALS,233,439138.57,439138.57,ok,banner,,
RESERVE FOR CONTINGENCIES,,MISCELLANEOUS ITEMS,234,OTHER CONTRACTUAL SERVICES,234,-356152.98,-356152.98,ok,segment,,
RESERVE FOR CONTINGENCIES,,MISCELLANEOUS ITEMS,234,BANNER NET PAYROLL,234,,0.0,banner_missing,banner,,
RESERVE FOR CONTINGENCIES,,MISCELLANEOUS ITEMS,234,BANNER ORGANIZATION TOTALS,234,355551.98,356152.98,fail,banner,,
RECEPTION OF FOREIGN DIGNITARIES,,MISCELLANEOUS ITEMS,235,BANNER NET PAYROLL,235,,0.0,banner_missing,banner,,
RECEPTION OF FOREIGN DIGNITARIES,,MISCELLANEOUS ITEMS,235,BANNER ORGANIZATION TOTALS,235,0.0,0.0,ok,banner,,
RECEPTION OF FOREIGN DIGNITARIES,,MISCELLANEOUS ITEMS,236,OTHER CONTRACTUAL SERVICES,236,4014.0,4014.0,ok,segment,,
RECEPTION OF FOREIGN DIGNITARIES,,MISCELLANEOUS ITEMS,236,BANNER NET PAYROLL,236,,0.0,banner_missing,banner,,
RECEPTION OF FOREIGN DIGNITARIES,,MISCELLANEOUS ITEMS,236,BANNER ORGANIZATION TOTALS,236,4014.0,4014.0,ok,banner,,
RECEPTION OF FOREIGN DIGNITARIES,,MISCELLANEOUS ITEMS,237,BANNER NET PAYROLL,237,,0.0,banner_missing,banner,,
RECEPTION OF FOREIGN DIGNITARIES,,MISCELLANEOUS ITEMS,237,BANNER ORGANIZATION TOTALS,237,0.0,0.0,ok,banner,,
RECEPTION OF FOREIGN DIGNITARIES,,MISCELLANEOUS ITEMS,238,BANNER NET PAYROLL,238,,0.0,banner_missing,banner,,
RECEPTION OF FOREIGN DIGNITARIES,,MISCELLANEOUS ITEMS,238,BANNER ORGANIZATION TOTALS,238,0.0,0.0,ok,banner,,
RESOLUTION & REORGANIZATION RESERVE,,MISCELLANEOUS ITEMS,239,BANNER NET PAYROLL,239,0.0,0.0,banner_missing,banner,,
RESOLUTION & REORGANIZATION RESERVE,,MISCELLANEOUS ITEMS,239,BANNER ORGANIZATION TOTALS,239,0.0,0.0,ok,banner,,
RESOLUTION & REORGANIZATION RESERVE,,MISCELLANEOUS ITEMS,240,BANNER NET PAYROLL,240,0.0,0.0,banner_missing,banner,,
RESOLUTION & REORGANIZATION RESERVE,,MISCELLANEOUS ITEMS,240,BANNER ORGANIZATION TOTALS,240,0.0,0.0,ok,banner,,
RESOLUTION & REORGANIZATION RESERVE,,MISCELLANEOUS ITEMS,241,PERSONNEL COMP. FULL-TIME PERMANENT,241,28402.71,0.0,component,payroll_component,,
RESOLUTION & REORGANIZATION RESERVE,,MISCELLANEOUS ITEMS,241,PERSONNEL BENEFITS,241,57078.26,0.0,component,payroll_component,,
RESOLUTION & REORGANIZATION RESERVE,,MISCELLANEOUS ITEMS,241,NET PAYROLL EXPENSES,241,85480.97,57078.26,fail,segment,inconclusive,0.0
RESOLUTION & REORGANIZATION RESERVE,,MISCELLANEOUS ITEMS,241,BANNER NET PAYROLL,241,85480.97,85480.97,ok,banner,,
RESOLUTION & REORGANIZATION RESERVE,,MISCELLANEOUS ITEMS,241,BANNER ORGANIZATION TOTALS,241,85480.97,57078.26,fail,banner,,
RESOLUTION & REORGANIZATION RESERVE,,MISCELLANEOUS ITEMS,242,TRAVEL AND TRANSPORTATION OF PERSONS,243,2080.03,2080.03,ok,segment,,
RESOLUTION & REORGANIZATION RESERVE,,MISCELLANEOUS ITEMS,242,PERSONNEL COMP. FULL-TIME PERMANENT,243,-66272.02,0.0,component,payroll_component,,
RESOLUTION & REORGANIZATION RESERVE,,MISCELLANEOUS ITEMS,242,RE-EMPLOYED ANNUITANTS,243,11189.99,0.0,component,payroll_component,,
RESOLUTION & REORGANIZATION RESERVE,,MISCELLANEOUS ITEMS,242,PERSONNEL BENEFITS,243,-36756.7,0.0,component,payroll_component,,
RESOLUTION & REORGANIZATION RESERVE,,MISCELLANEOUS ITEMS,242,NET PAYROLL EXPENSES,243,-91838.73,329254.79,fail,segment,inconclusive,0.0
RESOLUTION & REORGANIZATION RESERVE,,MISCELLANEOUS ITEMS,242,BANNER NET PAYROLL,242,91838.73,91838.73,ok,banner,,
RESOLUTION & REORGANIZATION RESERVE,,MISCELLANEOUS ITEMS,242,BANNER ORGANIZATION TOTALS,242,99132.19,331334.82,fail,banner,,
JOINT SELECT COMMITTEE ON DEFICIT REDUCTION,,MISCELLANEOUS ITEMS,244,BANNER NET PAYROLL,244,0.0,0.0,banner_missing,banner,,
JOINT SELECT COMMITTEE ON DEFICIT REDUCTION,,MISCELLANEOUS ITEMS,244,BANNER ORGANIZATION TOTALS,244,0.0,0.0,ok,banner,,
NATL SECURITY WORKING GRP-MAJ ADMIN CO-CHAIR (KERRY),,MISCELLANEOUS ITEMS,245,BANNER NET PAYROLL,245,0.0,0.0,banner_missing,banner,,
NATL SECURITY WORKING GRP-MAJ ADMIN CO-CHAIR (KERRY),,MISCELLANEOUS ITEMS,245,BANNER ORGANIZATION TOTALS,245,0.0,0.0,ok,banner,,
NATL SECURITY WORKING GRP-MAJ ADMIN CO-CHAIR (FEINSTEIN),,MISCELLANEOUS ITEMS,246,BANNER NET PAYROLL,246,0.0,0.0,banner_missing,banner,,
NATL SECURITY WORKING GRP-MAJ ADMIN CO-CHAIR (FEINSTEIN),,MISCELLANEOUS ITEMS,246,BANNER ORGANIZATION TOTALS,246,0.0,0.0,ok,banner,,
NATL SECURITY WORKING GRP-MAJ ADMIN CO-CHAIR (FEINSTEIN),,MISCELLANEOUS ITEMS,247,BANNER NET PAYROLL,247,,0.0,banner_missing,banner,,
NATL SECURITY WORKING GRP-MAJ ADMIN CO-CHAIR (FEINSTEIN),,MISCELLANEOUS ITEMS,247,BANNER ORGANIZATION TOTALS,247,0.0,0.0,ok,banner,,
NATL SECURITY WORKING GRP-MIN ADMIN CO-CHAIR (FEINSTEIN),,MISCELLANEOUS ITEMS,248,BANNER NET PAYROLL,248,,0.0,banner_missing,banner,,
NATL SECURITY WORKING GRP-MIN ADMIN CO-CHAIR (FEINSTEIN),,MISCELLANEOUS ITEMS,248,BANNER ORGANIZATION TOTALS,248,0.0,0.0,ok,banner,,
NATL SECURITY WORKING GRP-MAJ CO-CHAIR (LEVIN),,MISCELLANEOUS ITEMS,249,BANNER NET PAYROLL,249,0.0,0.0,banner_missing,banner,,
NATL SECURITY WORKING GRP-MAJ CO-CHAIR (LEVIN),,MISCELLANEOUS ITEMS,249,BANNER ORGANIZATION TOTALS,249,0.0,0.0,ok,banner,,
NATL SECURITY WORKING GRP-MAJ CO-CHAIR (LEVIN),,MISCELLANEOUS ITEMS,250,BANNER NET PAYROLL,250,0.0,0.0,banner_missing,banner,,
NATL SECURITY WORKING GRP-MAJ CO-CHAIR (LEVIN),,MISCELLANEOUS ITEMS,250,BANNER ORGANIZATION TOTALS,250,0.0,0.0,ok,banner,,
NATL SECURITY WORKING GRP-MAJ CO-CHAIR (LEVIN),,MISCELLANEOUS ITEMS,251,BANNER NET PAYROLL,251,,0.0,banner_missing,banner,,
NATL SECURITY WORKING GRP-MAJ CO-CHAIR (LEVIN),,MISCELLANEOUS ITEMS,251,BANNER ORGANIZATION TOTALS,251,0.0,0.0,ok,banner,,
NATL SECURITY WORKING GRP-MIN CO-CHAIR (LEVIN),,MISCELLANEOUS ITEMS,252,BANNER NET PAYROLL,252,,0.0,banner_missing,banner,,
NATL SECURITY WORKING GRP-MIN CO-CHAIR (LEVIN),,MISCELLANEOUS ITEMS,252,BANNER ORGANIZATION TOTALS,252,0.0,0.0,ok,banner,,
NATL SECURITY WORKING GRP-MAJ CO-CHAIR (INOUYE),,MISCELLANEOUS ITEMS,253,BANNER NET PAYROLL,253,,0.0,banner_missing,banner,,
NATL SECURITY WORKING GRP-MAJ CO-CHAIR (INOUYE),,MISCELLANEOUS ITEMS,253,BANNER ORGANIZATION TOTALS,253,0.0,0.0,ok,banner,,
NATL SECURITY WORKING GRP-MAJ CO-CHAIR (MIKULSKI),,MISCELLANEOUS ITEMS,254,BANNER NET PAYROLL,254,0.0,0.0,banner_missing,banner,,
NATL SECURITY WORKING GRP-MAJ CO-CHAIR (MIKULSKI),,MISCELLANEOUS ITEMS,254,BANNER ORGANIZATION TOTALS,254,0.0,0.0,ok,banner,,
NATL SECURITY WORKING GRP-MAJ CO-CHAIR (MIKULSKI),,MISCELLANEOUS ITEMS,255,BANNER NET PAYROLL,255,,0.0,banner_missing,banner,,
NATL SECURITY WORKING GRP-MAJ CO-CHAIR (MIKULSKI),,MISCELLANEOUS ITEMS,255,BANNER ORGANIZATION TOTALS,255,0.0,0.0,ok,banner,,
NATL SECURITY WORKING GRP-MIN CO-CHAIR (MIKULSKI),,MISCELLANEOUS ITEMS,256,BANNER NET PAYROLL,256,,0.0,banner_missing,banner,,
NATL SECURITY WORKING GRP-MIN CO-CHAIR (MIKULSKI),,MISCELLANEOUS ITEMS,256,BANNER ORGANIZATION TOTALS,256,0.0,0.0,ok,banner,,
NATL SECURITY WORKING GRP-MAJ CO-CHAIR (MENENDEZ),,MISCELLANEOUS ITEMS,257,BANNER NET PAYROLL,257,,0.0,banner_missing,banner,,
NATL SECURITY WORKING GRP-MAJ CO-CHAIR (MENENDEZ),,MISCELLANEOUS ITEMS,257,BANNER ORGANIZATION TOTALS,257,0.0,0.0,ok,banner,,
NATL SECURITY WORKING GRP-MAJ CO-CHAIR (MENENDEZ),,MISCELLANEOUS ITEMS,258,BANNER NET PAYROLL,258,,0.0,banner_missing,banner,,
NATL SECURITY WORKING GRP-MAJ CO-CHAIR (MENENDEZ),,MISCELLANEOUS ITEMS,258,BANNER ORGANIZATION TOTALS,258,0.0,0.0,ok,banner,,
NATL SECURITY WORKING GRP-MAJ CO-CHAIR (MENENDEZ),,MISCELLANEOUS ITEMS,259,BANNER NET PAYROLL,259,,0.0,banner_missing,banner,,
NATL SECURITY WORKING GRP-MAJ CO-CHAIR (MENENDEZ),,MISCELLANEOUS ITEMS,259,BANNER ORGANIZATION TOTALS,259,0.0,0.0,ok,banner,,
NATL SECURITY WORKING GRP-MIN CO-CHAIR (MENENDEZ),,MISCELLANEOUS ITEMS,260,PERSONNEL COMP. FULL-TIME PERMANENT,260,60000.0,0.0,component,payroll_component,,
NATL SECURITY WORKING GRP-MIN CO-CHAIR (MENENDEZ),,MISCELLANEOUS ITEMS,260,NET PAYROLL EXPENSES,260,60000.0,0.0,zero_records,segment,,
NATL SECURITY WORKING GRP-MIN CO-CHAIR (MENENDEZ),,MISCELLANEOUS ITEMS,260,BANNER NET PAYROLL,260,60000.0,60000.0,ok,banner,,
NATL SECURITY WORKING GRP-MIN CO-CHAIR (MENENDEZ),,MISCELLANEOUS ITEMS,260,BANNER ORGANIZATION TOTALS,260,60000.0,0.0,fail,banner,,
NATL SECURITY WORKING GRP-MAJ LEADER (REID),,MISCELLANEOUS ITEMS,261,BANNER NET PAYROLL,261,0.0,0.0,banner_missing,banner,,
NATL SECURITY WORKING GRP-MAJ LEADER (REID),,MISCELLANEOUS ITEMS,261,BANNER ORGANIZATION TOTALS,261,0.0,0.0,ok,banner,,
NATL SECURITY WORKING GRP-MAJ LEADER (REID),,MISCELLANEOUS ITEMS,262,BANNER NET PAYROLL,262,0.0,0.0,banner_missing,banner,,
NATL SECURITY WORKING GRP-MAJ LEADER (REID),,MISCELLANEOUS ITEMS,262,BANNER ORGANIZATION TOTALS,262,0.0,0.0,ok,banner,,
NATL SECURITY WORKING GRP-MAJ LEADER (REID),,MISCELLANEOUS ITEMS,263,BANNER NET PAYROLL,263,0.0,0.0,banner_missing,banner,,
NATL SECURITY WORKING GRP-MAJ LEADER (REID),,MISCELLANEOUS ITEMS,263,BANNER ORGANIZATION TOTALS,263,0.0,0.0,ok,banner,,
NATL SECURITY WORKING GRP-MIN LEADER (REID),,MISCELLANEOUS ITEMS,264,PERSONNEL COMP. FULL-TIME PERMANENT,264,100000.0,0.0,component,payroll_component,,
NATL SECURITY WORKING GRP-MIN LEADER (REID),,MISCELLANEOUS ITEMS,264,NET PAYROLL EXPENSES,264,100000.0,0.0,zero_records,segment,,
NATL SECURITY WORKING GRP-MIN LEADER (REID),,MISCELLANEOUS ITEMS,264,BANNER NET PAYROLL,264,100000.0,100000.0,ok,banner,,
NATL SECURITY WORKING GRP-MIN LEADER (REID),,MISCELLANEOUS ITEMS,264,BANNER ORGANIZATION TOTALS,264,100000.0,0.0,fail,banner,,
NATL SECURITY WORKING GRP-MIN ADMIN CO-CHAIR (KYL),,MISCELLANEOUS ITEMS,265,BANNER NET PAYROLL,265,0.0,0.0,banner_missing,banner,,
NATL SECURITY WORKING GRP-MIN ADMIN CO-CHAIR (KYL),,MISCELLANEOUS ITEMS,265,BANNER ORGANIZATION TOTALS,265,0.0,0.0,ok,banner,,
NATL SECURITY WORKING GRP-MIN ADMIN CO-CHAIR (RUBIO),,MISCELLANEOUS ITEMS,266,BANNER NET PAYROLL,266,0.0,0.0,banner_missing,banner,,
NATL SECURITY WORKING GRP-MIN ADMIN CO-CHAIR (RUBIO),,MISCELLANEOUS ITEMS,266,BANNER ORGANIZATION TOTALS,266,0.0,0.0,ok,banner,,
NATL SECURITY WORKING GRP-MIN ADMIN CO-CHAIR (RUBIO),,MISCELLANEOUS ITEMS,267,BANNER NET PAYROLL,267,0.0,0.0,banner_missing,banner,,
NATL SECURITY WORKING GRP-MIN ADMIN CO-CHAIR (RUBIO),,MISCELLANEOUS ITEMS,267,BANNER ORGANIZATION TOTALS,267,0.0,0.0,ok,banner,,
NATL SECURITY WORKING GRP-MAJ ADMIN CO-CHAIR (RUBIO),,MISCELLANEOUS ITEMS,268,PERSONNEL COMP. FULL-TIME PERMANENT,268,100000.0,0.0,component,payroll_component,,
NATL SECURITY WORKING GRP-MAJ ADMIN CO-CHAIR (RUBIO),,MISCELLANEOUS ITEMS,268,NET PAYROLL EXPENSES,268,100000.0,0.0,zero_records,segment,,
NATL SECURITY WORKING GRP-MAJ ADMIN CO-CHAIR (RUBIO),,MISCELLANEOUS ITEMS,268,BANNER NET PAYROLL,268,100000.0,100000.0,ok,banner,,
NATL SECURITY WORKING GRP-MAJ ADMIN CO-CHAIR (RUBIO),,MISCELLANEOUS ITEMS,268,BANNER ORGANIZATION TOTALS,268,100000.0,0.0,fail,banner,,
NATL SECURITY WORKING GRP-MIN CO-CHAIR (L. GRAHAM),,MISCELLANEOUS ITEMS,269,BANNER NET PAYROLL,269,0.0,0.0,banner_missing,banner,,
NATL SECURITY WORKING GRP-MIN CO-CHAIR (L. GRAHAM),,MISCELLANEOUS ITEMS,269,BANNER ORGANIZATION TOTALS,269,0.0,0.0,ok,banner,,
NATL SECURITY WORKING GRP-MIN CO-CHAIR (L. GRAHAM),,MISCELLANEOUS ITEMS,270,BANNER NET PAYROLL,270,0.0,0.0,banner_missing,banner,,
NATL SECURITY WORKING GRP-MIN CO-CHAIR (L. GRAHAM),,MISCELLANEOUS ITEMS,270,BANNER ORGANIZATION TOTALS,270,0.0,0.0,ok,banner,,
NATL SECURITY WORKING GRP-MIN CO-CHAIR (L. GRAHAM),,MISCELLANEOUS ITEMS,271,BANNER NET PAYROLL,271,0.0,0.0,banner_missing,banner,,
NATL SECURITY WORKING GRP-MIN CO-CHAIR (L. GRAHAM),,MISCELLANEOUS ITEMS,271,BANNER ORGANIZATION TOTALS,271,0.0,0.0,ok,banner,,
NATL SECURITY WORKING GRP-MAJ CO-CHAIR (L. GRAHAM),,MISCELLANEOUS ITEMS,272,PERSONNEL COMP. FULL-TIME PERMANENT,272,60000.0,0.0,component,payroll_component,,
NATL SECURITY WORKING GRP-MAJ CO-CHAIR (L. GRAHAM),,MISCELLANEOUS ITEMS,272,NET PAYROLL EXPENSES,272,60000.0,0.0,zero_records,segment,,
NATL SECURITY WORKING GRP-MAJ CO-CHAIR (L. GRAHAM),,MISCELLANEOUS ITEMS,272,BANNER NET PAYROLL,272,60000.0,60000.0,ok,banner,,
NATL SECURITY WORKING GRP-MAJ CO-CHAIR (L. GRAHAM),,MISCELLANEOUS ITEMS,272,BANNER ORGANIZATION TOTALS,272,60000.0,0.0,fail,banner,,
NATL SECURITY WORKING GRP-MIN CO-CHAIR (COCHRAN),,MISCELLANEOUS ITEMS,273,BANNER NET PAYROLL,273,0.0,0.0,banner_missing,banner,,
NATL SECURITY WORKING GRP-MIN CO-CHAIR (COCHRAN),,MISCELLANEOUS ITEMS,273,BANNER ORGANIZATION TOTALS,273,0.0,0.0,ok,banner,,
NATL SECURITY WORKING GRP-MIN CO-CHAIR (COCHRAN),,MISCELLANEOUS ITEMS,274,BANNER NET PAYROLL,274,0.0,0.0,banner_missing,banner,,
NATL SECURITY WORKING GRP-MIN CO-CHAIR (COCHRAN),,MISCELLANEOUS ITEMS,274,BANNER ORGANIZATION TOTALS,274,0.0,0.0,ok,banner,,
NATL SECURITY WORKING GRP-MIN CO-CHAIR (COCHRAN),,MISCELLANEOUS ITEMS,275,BANNER NET PAYROLL,275,0.0,0.0,banner_missing,banner,,
NATL SECURITY WORKING GRP-MIN CO-CHAIR (COCHRAN),,MISCELLANEOUS ITEMS,275,BANNER ORGANIZATION TOTALS,275,0.0,0.0,ok,banner,,
NATL SECURITY WORKING GRP-MAJ CO-CHAIR (COCHRAN),,MISCELLANEOUS ITEMS,276,PERSONNEL COMP. FULL-TIME PERMANENT,276,60000.0,0.0,component,payroll_component,,
NATL SECURITY WORKING GRP-MAJ CO-CHAIR (COCHRAN),,MISCELLANEOUS ITEMS,276,NET PAYROLL EXPENSES,276,60000.0,0.0,zero_records,segment,,
NATL SECURITY WORKING GRP-MAJ CO-CHAIR (COCHRAN),,MISCELLANEOUS ITEMS,276,BANNER NET PAYROLL,276,60000.0,60000.0,ok,banner,,
NATL SECURITY WORKING GRP-MAJ CO-CHAIR (COCHRAN),,MISCELLANEOUS ITEMS,276,BANNER ORGANIZATION TOTALS,276,60000.0,0.0,fail,banner,,
NATL SECURITY WORKING GRP-MAJ CO-CHAIR (SESSIONS),,MISCELLANEOUS ITEMS,277,PERSONNEL COMP. FULL-TIME PERMANENT,277,60000.0,0.0,component,payroll_component,,
NATL SECURITY WORKING GRP-MAJ CO-CHAIR (SESSIONS),,MISCELLANEOUS ITEMS,277,NET PAYROLL EXPENSES,277,60000.0,0.0,zero_records,segment,,
NATL SECURITY WORKING GRP-MAJ CO-CHAIR (SESSIONS),,MISCELLANEOUS ITEMS,277,BANNER NET PAYROLL,277,60000.0,60000.0,ok,banner,,
NATL SECURITY WORKING GRP-MAJ CO-CHAIR (SESSIONS),,MISCELLANEOUS ITEMS,277,BANNER ORGANIZATION TOTALS,277,60000.0,0.0,fail,banner,,
NATL SECURITY WORKING GRP-MIN LEADER (MCCONNELL),,MISCELLANEOUS ITEMS,278,BANNER NET PAYROLL,278,,0.0,banner_missing,banner,,
NATL SECURITY WORKING GRP-MIN LEADER (MCCONNELL),,MISCELLANEOUS ITEMS,278,BANNER ORGANIZATION TOTALS,278,0.0,0.0,ok,banner,,
NATL SECURITY WORKING GRP-MIN LEADER (MCCONNELL),,MISCELLANEOUS ITEMS,279,BANNER NET PAYROLL,279,,0.0,banner_missing,banner,,
NATL SECURITY WORKING GRP-MIN LEADER (MCCONNELL),,MISCELLANEOUS ITEMS,279,BANNER ORGANIZATION TOTALS,279,0.0,0.0,ok,banner,,
NATL SECURITY WORKING GRP-MIN LEADER (MCCONNELL),,MISCELLANEOUS ITEMS,280,BANNER NET PAYROLL,280,,0.0,banner_missing,banner,,
NATL SECURITY WORKING GRP-MIN LEADER (MCCONNELL),,MISCELLANEOUS ITEMS,280,BANNER ORGANIZATION TOTALS,280,0.0,0.0,ok,banner,,
NATL SECURITY WORKING GRP-MAJ LEADER (MCCONNELL),,MISCELLANEOUS ITEMS,281,BANNER NET PAYROLL,281,,0.0,banner_missing,banner,,
NATL SECURITY WORKING GRP-MAJ LEADER (MCCONNELL),,MISCELLANEOUS ITEMS,281,BANNER ORGANIZATION TOTALS,281,0.0,0.0,ok,banner,,
STATIONERY,,MISCELLANEOUS ITEMS,282,BANNER NET PAYROLL,282,,0.0,banner_missing,banner,,
STATIONERY,,MISCELLANEOUS ITEMS,282,BANNER ORGANIZATION TOTALS,282,63.44,0.0,fail,banner,,
STATIONERY,,MISCELLANEOUS ITEMS,283,BANNER NET PAYROLL,283,,0.0,banner_missing,banner,,
STATIONERY,,MISCELLANEOUS ITEMS,283,BANNER ORGANIZATION TOTALS,283,0.0,0.0,ok,banner,,
STATIONERY,,MISCELLANEOUS ITEMS,284,BANNER NET PAYROLL,284,,0.0,banner_missing,banner,,
STATIONERY,,MISCELLANEOUS ITEMS,284,BANNER ORGANIZATION TOTALS,284,0.0,0.0,ok,banner,,
STATIONERY,,MISCELLANEOUS ITEMS,285,BANNER NET PAYROLL,285,,0.0,banner_missing,banner,,
STATIONERY,,MISCELLANEOUS ITEMS,285,BANNER ORGANIZATION TOTALS,285,4259.74,0.0,fail,banner,,
MISC ITEMS - STUDENT LOANS,,MISCELLANEOUS ITEMS,286,BANNER NET PAYROLL,286,0.0,0.0,banner_missing,banner,,
MISC ITEMS - STUDENT LOANS,,MISCELLANEOUS ITEMS,286,BANNER ORGANIZATION TOTALS,286,0.0,0.0,ok,banner,,
MISC ITEMS - STUDENT LOANS,,MISCELLANEOUS ITEMS,287,PERSONNEL BENEFITS,287,-300.0,0.0,component,payroll_component,,
MISC ITEMS - STUDENT LOANS,,MISCELLANEOUS ITEMS,287,NET PAYROLL EXPENSES,287,-300.0,-300.0,ok,segment,,
MISC ITEMS - STUDENT LOANS,,MISCELLANEOUS ITEMS,287,BANNER NET PAYROLL,287,300.0,300.0,ok,banner,,
MISC ITEMS - STUDENT LOANS,,MISCELLANEOUS ITEMS,287,BANNER ORGANIZATION TOTALS,287,300.0,300.0,ok,banner,,
MISC ITEMS - STUDENT LOANS,,MISCELLANEOUS ITEMS,288,PERSONNEL BENEFITS,288,-1509.82,0.0,component,payroll_component,,
MISC ITEMS - STUDENT LOANS,,MISCELLANEOUS ITEMS,288,NET PAYROLL EXPENSES,288,-1509.82,-1509.82,ok,segment,,
MISC ITEMS - STUDENT LOANS,,MISCELLANEOUS ITEMS,288,BANNER NET PAYROLL,288,1509.82,1509.82,ok,banner,,
MISC ITEMS - STUDENT LOANS,,MISCELLANEOUS ITEMS,288,BANNER ORGANIZATION TOTALS,288,1509.82,1509.82,ok,banner,,
MISC ITEMS - STUDENT LOANS,,MISCELLANEOUS ITEMS,289,PERSONNEL BENEFITS,289,3002422.71,0.0,component,payroll_component,,
MISC ITEMS - STUDENT LOANS,,MISCELLANEOUS ITEMS,289,NET PAYROLL EXPENSES,289,3002422.71,3002422.71,ok,segment,,
MISC ITEMS - STUDENT LOANS,,MISCELLANEOUS ITEMS,289,BANNER NET PAYROLL,289,3002422.71,3002422.71,ok,banner,,
MISC ITEMS - STUDENT LOANS,,MISCELLANEOUS ITEMS,289,BANNER ORGANIZATION TOTALS,289,3002422.71,3002422.71,ok,banner,,
EMERGENCY APPROPRIATION PUBLIC LAW 109-13 Funding Year MISCELLANEOUS ITEMS,,,290,BANNER NET PAYROLL,290,,0.0,banner_missing,banner,,
EMERGENCY APPROPRIATION PUBLIC LAW 109-13 Funding Year MISCELLANEOUS ITEMS,,,290,BANNER ORGANIZATION TOTALS,290,7500000.0,0.0,fail,banner,,
SECRETARY OF THE SENATE - ADMINISTRATIVE SERV.,,SECRETARY OF THE SENATE,291,BANNER NET PAYROLL,291,,0.0,banner_missing,banner,,
SECRETARY OF THE SENATE - ADMINISTRATIVE SERV.,,SECRETARY OF THE SENATE,291,BANNER ORGANIZATION TOTALS,291,0.0,0.0,ok,banner,,
SECRETARY OF THE SENATE - ADMINISTRATIVE SERV.,,SECRETARY OF THE SENATE,292,BANNER NET PAYROLL,292,,0.0,banner_missing,banner,,
SECRETARY OF THE SENATE - ADMINISTRATIVE SERV.,,SECRETARY OF THE SENATE,292,BANNER ORGANIZATION TOTALS,292,0.0,0.0,ok,banner,,
SECRETARY OF THE SENATE - ADMINISTRATIVE SERV.,2013,SECRETARY OF THE SENATE,293,BANNER NET PAYROLL,293,0.0,0.0,banner_missing,banner,,
SECRETARY OF THE SENATE - ADMINISTRATIVE SERV.,2013,SECRETARY OF THE SENATE,293,BANNER ORGANIZATION TOTALS,293,0.0,0.0,ok,banner,,
SECRETARY OF THE SENATE - EXECUTIVE OFFICE,2013,SECRETARY OF THE SENATE,294,BANNER NET PAYROLL,294,0.0,0.0,banner_missing,banner,,
SECRETARY OF THE SENATE - EXECUTIVE OFFICE,2013,SECRETARY OF THE SENATE,294,BANNER ORGANIZATION TOTALS,294,0.0,0.0,ok,banner,,
SECRETARY OF THE SENATE - LEGISLATIVE SERVICES,2013,SECRETARY OF THE SENATE,295,BANNER NET PAYROLL,295,,0.0,banner_missing,banner,,
SECRETARY OF THE SENATE - LEGISLATIVE SERVICES,2013,SECRETARY OF THE SENATE,295,BANNER ORGANIZATION TOTALS,295,0.0,0.0,ok,banner,,
SECRETARY OF THE SENATE - ADMINISTRATIVE SERV.,,SECRETARY OF THE SENATE,296,BANNER NET PAYROLL,296,,0.0,banner_missing,banner,,
SECRETARY OF THE SENATE - ADMINISTRATIVE SERV.,,SECRETARY OF THE SENATE,296,BANNER ORGANIZATION TOTALS,296,0.0,0.0,ok,banner,,
SECRETARY OF THE SENATE - ADMINISTRATIVE SERV.,2014,SECRETARY OF THE SENATE,297,OTHER CONTRACTUAL SERVICES,297,185959.11,185959.11,ok,segment,,
SECRETARY OF THE SENATE - ADMINISTRATIVE SERV.,2014,SECRETARY OF THE SENATE,297,BANNER NET PAYROLL,297,0.0,0.0,banner_missing,banner,,
SECRETARY OF THE SENATE - ADMINISTRATIVE SERV.,2014,SECRETARY OF THE SENATE,297,BANNER ORGANIZATION TOTALS,297,188709.11,185959.11,fail,banner,,
,2014,,298,OTHER CONTRACTUAL SERVICES,298,2240.0,2240.0,ok,segment,,
,2014,,298,ACQUISITION OF ASSETS,298,1435.0,1435.0,ok,segment,,
,2014,,298,BANNER NET PAYROLL,298,0.0,0.0,banner_missing,banner,,
,2014,,298,BANNER ORGANIZATION TOTALS,298,3675.0,3675.0,ok,banner,,
SECRETARY OF THE SENATE - LEGISLATIVE SERVICES,2014,SECRETARY OF THE SENATE,299,BANNER NET PAYROLL,299,,0.0,banner_missing,banner,,
SECRETARY OF THE SENATE - LEGISLATIVE SERVICES,2014,SECRETARY OF THE SENATE,299,BANNER ORGANIZATION TOTALS,299,0.0,0.0,ok,banner,,
SECRETARY OF THE SENATE - ADMINISTRATIVE SERV.,,SECRETARY OF THE SENATE,300,BANNER NET PAYROLL,300,,0.0,banner_missing,banner,,
SECRETARY OF THE SENATE - ADMINISTRATIVE SERV.,,SECRETARY OF THE SENATE,300,BANNER ORGANIZATION TOTALS,300,153312.54,0.0,fail,banner,,
SECRETARY OF THE SENATE - ADMINISTRATIVE SERV.,2015,SECRETARY OF THE SENATE,301,TRAVEL AND TRANSPORTATION OF PERSONS,301,5357.8,5357.8,ok,segment,,
SECRETARY OF THE SENATE - ADMINISTRATIVE SERV.,2015,SECRETARY OF THE SENATE,301,OTHER CONTRACTUAL SERVICES,302,22131.46,22131.46,ok,segment,,
SECRETARY OF THE SENATE - ADMINISTRATIVE SERV.,2015,SECRETARY OF THE SENATE,301,ACQUISITION OF ASSETS,303,11885.33,11885.33,ok,segment,,
SECRETARY OF THE SENATE - ADMINISTRATIVE SERV.,2015,SECRETARY OF THE SENATE,301,PERSONNEL BENEFITS,303,164509.22,0.0,component,payroll_component,,
SECRETARY OF THE SENATE - ADMINISTRATIVE SERV.,2015,SECRETARY OF THE SENATE,301,NET PAYROLL EXPENSES,303,164509.22,164509.22,ok,segment,,
SECRETARY OF THE SENATE - ADMINISTRATIVE SERV.,2015,SECRETARY OF THE SENATE,301,BANNER NET PAYROLL,301,164509.22,164509.22,ok,banner,,
SECRETARY OF THE SENATE - ADMINISTRATIVE SERV.,2015,SECRETARY OF THE SENATE,301,BANNER ORGANIZATION TOTALS,301,306673.31,203883.81,fail,banner,,
SECRETARY OF THE SENATE - EXECUTIVE OFFICE,2015,SECRETARY OF THE SENATE,304,TRAVEL AND TRANSPORTATION OF PERSONS,304,57.27,57.27,ok,segment,,
SECRETARY OF THE SENATE - EXECUTIVE OFFICE,2015,SECRETARY OF THE SENATE,304,OTHER CONTRACTUAL SERVICES,305,5559.69,5559.69,ok,segment,,
SECRETARY OF THE SENATE - EXECUTIVE OFFICE,2015,SECRETARY OF THE SENATE,304,ACQUISITION OF ASSETS,305,723.95,723.95,ok,segment,,
SECRETARY OF THE SENATE - EXECUTIVE OFFICE,2015,SECRETARY OF THE SENATE,304,WHEN ACTUALLY EMPLOYED (WAE),305,21330.0,0.0,component,payroll_component,,
SECRETARY OF THE SENATE - EXECUTIVE OFFICE,2015,SECRETARY OF THE SENATE,304,PERSONNEL BENEFITS,305,309.3,0.0,component,payroll_component,,
SECRETARY OF THE SENATE - EXECUTIVE OFFICE,2015,SECRETARY OF THE SENATE,304,NET PAYROLL EXPENSES,305,21639.3,21639.3,ok,segment,,
SECRETARY OF THE SENATE - EXECUTIVE OFFICE,2015,SECRETARY OF THE SENATE,304,BANNER NET PAYROLL,304,21639.3,21639.3,ok,banner,,
SECRETARY OF THE SENATE - EXECUTIVE OFFICE,2015,SECRETARY OF THE SENATE,304,BANNER ORGANIZATION TOTALS,304,86268.87,27980.21,fail,banner,,
SECRETARY OF THE SENATE - LEGISLATIVE SERVICES,2015,SECRETARY OF THE SENATE,306,OTHER CONTRACTUAL SERVICES,306,2430.02,2430.02,ok,segment,,
SECRETARY OF THE SENATE - LEGISLATIVE SERVICES,2015,SECRETARY OF THE SENATE,306,BANNER NET PAYROLL,306,,0.0,banner_missing,banner,,
SECRETARY OF THE SENATE - LEGISLATIVE SERVICES,2015,SECRETARY OF THE SENATE,306,BANNER ORGANIZATION TOTALS,306,11152.88,2430.02,fail,banner,,
SECRETARY OF THE SENATE - ADMINISTRATIVE SERV.,,SECRETARY OF THE SENATE,307,BANNER NET PAYROLL,307,,0.0,banner_missing,banner,,
SECRETARY OF THE SENATE - ADMINISTRATIVE SERV.,,SECRETARY OF THE SENATE,307,BANNER ORGANIZATION TOTALS,307,1867007.52,0.0,fail,banner,,
SECRETARY OF THE SENATE - (LIS PROJECT) Funding Year SECRETARY OF THE SENATE,,,308,BANNER NET PAYROLL,308,,0.0,banner_missing,banner,,
SECRETARY OF THE SENATE - (LIS PROJECT) Funding Year SECRETARY OF THE SENATE,,,308,BANNER ORGANIZATION TOTALS,308,0.0,0.0,ok,banner,,
SEC - EMRGCY APPROPS FOR TERR RESPONSE Funding Year SECRETARY OF THE SENATE,,,309,BANNER NET PAYROLL,309,,0.0,banner_missing,banner,,
SEC - EMRGCY APPROPS FOR TERR RESPONSE Funding Year SECRETARY OF THE SENATE,,,309,BANNER ORGANIZATION TOTALS,309,0.0,0.0,ok,banner,,
SEC OF THE SENATE - SENATE COLLECTION Funding Year SECRETARY OF THE SENATE,,,310,OTHER CONTRACTUAL SERVICES,310,101684.64,101684.64,ok,segment,,
SEC OF THE SENATE - SENATE COLLECTION Funding Year SECRETARY OF THE SENATE,,,310,BANNER NET PAYROLL,310,,0.0,banner_missing,banner,,
SEC OF THE SENATE - SENATE COLLECTION Funding Year SECRETARY OF THE SENATE,,,310,BANNER ORGANIZATION TOTALS,310,101684.64,101684.64,ok,banner,,
SGT @ ARMS - CENTRAL OPERATIONS,,SERGEANT AT ARMS AND DOORKEEPER OF THE SENATE,311,BANNER NET PAYROLL,311,,0.0,banner_missing,banner,,
SGT @ ARMS - CENTRAL OPERATIONS,,SERGEANT AT ARMS AND DOORKEEPER OF THE SENATE,311,BANNER ORGANIZATION TOTALS,311,0.0,0.0,ok,banner,,
SGT @ ARMS - CAPITOL DIVISION,,SERGEANT AT ARMS AND DOORKEEPER OF THE SENATE,312,BANNER NET PAYROLL,312,,0.0,banner_missing,banner,,
SGT @ ARMS - CAPITOL DIVISION,,SERGEANT AT ARMS AND DOORKEEPER OF THE SENATE,312,BANNER ORGANIZATION TOTALS,312,903.75,0.0,fail,banner,,
SGT @ ARMS - IT SUPPORT SERVICES,,SERGEANT AT ARMS AND DOORKEEPER OF THE SENATE,313,BANNER NET PAYROLL,313,,0.0,banner_missing,banner,,
SGT @ ARMS - IT SUPPORT SERVICES,,SERGEANT AT ARMS AND DOORKEEPER OF THE SENATE,313,BANNER ORGANIZATION TOTALS,313,0.0,0.0,ok,banner,,
SGT @ ARMS - STAFF OFFICES,,SERGEANT AT ARMS AND DOORKEEPER OF THE SENATE,314,BANNER NET PAYROLL,314,0.0,0.0,banner_missing,banner,,
SGT @ ARMS - STAFF OFFICES,,SERGEANT AT ARMS AND DOORKEEPER OF THE SENATE,314,BANNER ORGANIZATION TOTALS,314,0.0,0.0,ok,banner,,
SGT @ ARMS - TECHNOLOGY DEVELOPMENT SERVICES,,SERGEANT AT ARMS AND DOORKEEPER OF THE SENATE,315,BANNER NET PAYROLL,315,,0.0,banner_missing,banner,,
SGT @ ARMS - TECHNOLOGY DEVELOPMENT SERVICES,,SERGEANT AT ARMS AND DOORKEEPER OF THE SENATE,315,BANNER ORGANIZATION TOTALS,315,0.0,0.0,ok,banner,,
SGT @ ARMS - CENTRAL OPERATIONS,,SERGEANT AT ARMS AND DOORKEEPER OF THE SENATE,316,ACQUISITION OF ASSETS,316,105379.14,105379.14,ok,segment,,
SGT @ ARMS - CENTRAL OPERATIONS,,SERGEANT AT ARMS AND DOORKEEPER OF THE SENATE,316,BANNER NET PAYROLL,316,,0.0,banner_missing,banner,,
SGT @ ARMS - CENTRAL OPERATIONS,,SERGEANT AT ARMS AND DOORKEEPER OF THE SENATE,316,BANNER ORGANIZATION TOTALS,316,105379.14,105379.14,ok,banner,,
SGT @ ARMS - CAPITOL DIVISION,,SERGEANT AT ARMS AND DOORKEEPER OF THE SENATE,317,BANNER NET PAYROLL,317,,0.0,banner_missing,banner,,
SGT @ ARMS - CAPITOL DIVISION,,SERGEANT AT ARMS AND DOORKEEPER OF THE SENATE,317,BANNER ORGANIZATION TOTALS,317,0.0,0.0,ok,banner,,
SGT @ ARMS - IT SUPPORT SERVICES,,SERGEANT AT ARMS AND DOORKEEPER OF THE SENA TE,318,OTHER CONTRACTUAL SERVICES,318,7263.0,7263.0,ok,segment,,
SGT @ ARMS - IT SUPPORT SERVICES,,SERGEANT AT ARMS AND DOORKEEPER OF THE SENA TE,318,ACQUISITION OF ASSETS,318,6624.0,6624.0,ok,segment,,
SGT @ ARMS - IT SUPPORT SERVICES,,SERGEANT AT ARMS AND DOORKEEPER OF THE SENA TE,318,BANNER NET PAYROLL,318,,0.0,banner_missing,banner,,
SGT @ ARMS - IT SUPPORT SERVICES,,SERGEANT AT ARMS AND DOORKEEPER OF THE SENA TE,318,BANNER ORGANIZATION TOTALS,318,13887.0,13887.0,ok,banner,,
SGT @ ARMS - STAFF OFFICES,,SERGEANT AT ARMS AND DOORKEEPER OF THE SENATE,319,BANNER NET PAYROLL,319,0.0,0.0,banner_missing,banner,,
SGT @ ARMS - STAFF OFFICES,,SERGEANT AT ARMS AND DOORKEEPER OF THE SENATE,319,BANNER ORGANIZATION TOTALS,319,0.0,0.0,ok,banner,,
SGT @ ARMS - TECHNOLOGY DEVELOPMENT SERVICES,,SERGEANT AT ARMS AND DOORKEEPER OF THE SENATE,320,ACQUISITION OF ASSETS,320,33220.66,33220.66,ok,segment,,
SGT @ ARMS - TECHNOLOGY DEVELOPMENT SERVICES,,SERGEANT AT ARMS AND DOORKEEPER OF THE SENATE,320,BANNER NET PAYROLL,320,,0.0,banner_missing,banner,,
SGT @ ARMS - TECHNOLOGY DEVELOPMENT SERVICES,,SERGEANT AT ARMS AND DOORKEEPER OF THE SENATE,320,BANNER ORGANIZATION TOTALS,320,33220.66,33220.66,ok,banner,,
SGT @ ARMS - CENTRAL OPERATIONS,,SERGEANT AT ARMS AND DOORKEEPER OF THE SENATE,321,OTHER CONTRACTUAL SERVICES,321,11840.94,11840.94,ok,segment,,
SGT @ ARMS - CENTRAL OPERATIONS,,SERGEANT AT ARMS AND DOORKEEPER OF THE SENATE,321,ACQUISITION OF ASSETS,322,505979.95,505979.95,ok,segment,,
SGT @ ARMS - CENTRAL OPERATIONS,,SERGEANT AT ARMS AND DOORKEEPER OF THE SENATE,321,BANNER NET PAYROLL,321,,0.0,banner_missing,banner,,
SGT @ ARMS - CENTRAL OPERATIONS,,SERGEANT AT ARMS AND DOORKEEPER OF THE SENATE,321,BANNER ORGANIZATION TOTALS,321,719988.73,517820.89,fail,banner,,
SGT @ ARMS - CAPITOL DIVISION,,SERGEANT AT ARMS AND DOORKEEPER OF THE SENATE,323,OTHER CONTRACTUAL SERVICES,323,146249.81,146249.81,ok,segment,,
SGT @ ARMS - CAPITOL DIVISION,,SERGEANT AT ARMS AND DOORKEEPER OF THE SENATE,323,ACQUISITION OF ASSETS,323,119755.87,119755.87,ok,segment,,
SGT @ ARMS - CAPITOL DIVISION,,SERGEANT AT ARMS AND DOORKEEPER OF THE SENATE,323,BANNER NET PAYROLL,323,,0.0,banner_missing,banner,,
SGT @ ARMS - CAPITOL DIVISION,,SERGEANT AT ARMS AND DOORKEEPER OF THE SENATE,323,BANNER ORGANIZATION TOTALS,323,371372.18,266005.68,fail,banner,,
SGT @ ARMS - IT SUPPORT SERVICES,,SERGEANT AT ARMS AND DOORKEEPER OF THE SENATE,324,OTHER CONTRACTUAL SERVICES,324,14350.44,14350.44,ok,segment,,
SGT @ ARMS - IT SUPPORT SERVICES,,SERGEANT AT ARMS AND DOORKEEPER OF THE SENATE,324,ACQUISITION OF ASSETS,325,692837.22,692837.22,ok,segment,,
SGT @ ARMS - IT SUPPORT SERVICES,,SERGEANT AT ARMS AND DOORKEEPER OF THE SENATE,324,BANNER NET PAYROLL,324,,0.0,banner_missing,banner,,
SGT @ ARMS - IT SUPPORT SERVICES,,SERGEANT AT ARMS AND DOORKEEPER OF THE SENATE,324,BANNER ORGANIZATION TOTALS,324,707408.85,707187.66,fail,banner,,
SGT @ ARMS - STAFF OFFICES,,SERG EANT AT ARMS AND DOORKEEPER OF THE SENATE,326,OTHER CONTRACTUAL SERVICES,326,12711.0,12711.0,ok,segment,,
SGT @ ARMS - STAFF OFFICES,,SERG EANT AT ARMS AND DOORKEEPER OF THE SENATE,326,ACQUISITION OF ASSETS,326,45229.57,45229.57,ok,segment,,
SGT @ ARMS - STAFF OFFICES,,SERG EANT AT ARMS AND DOORKEEPER OF THE SENATE,326,BANNER NET PAYROLL,326,0.0,0.0,banner_missing,banner,,
SGT @ ARMS - STAFF OFFICES,,SERG EANT AT ARMS AND DOORKEEPER OF THE SENATE,326,BANNER ORGANIZATION TOTALS,326,75544.19,57940.57,fail,banner,,
SGT @ ARMS - TECHNOLOGY DEVELOPMENT SERVICES,,SERGEANT AT ARMS AND DOORKEEPER OF THE SENATE,327,OTHER CONTRACTUAL SERVICES,327,66510.68,66510.68,ok,segment,,
SGT @ ARMS - TECHNOLOGY DEVELOPMENT SERVICES,,SERGEANT AT ARMS AND DOORKEEPER OF THE SENATE,327,ACQUISITION OF ASSETS,327,363362.35,363362.35,ok,segment,,
SGT @ ARMS - TECHNOLOGY DEVELOPMENT SERVICES,,SERGEANT AT ARMS AND DOORKEEPER OF THE SENATE,327,BANNER NET PAYROLL,327,,0.0,banner_missing,banner,,
SGT @ ARMS - TECHNOLOGY DEVELOPMENT SERVICES,,SERGEANT AT ARMS AND DOORKEEPER OF THE SENATE,327,BANNER ORGANIZATION TOTALS,327,429873.03,429873.03,ok,banner,,
SGT @ ARMS - CENTRAL OPERATIONS,,SERG EANT AT ARMS AND DOORKEEPER OF THE SENATE,328,OTHER CONTRACTUAL SERVICES,328,106862.0,106862.0,ok,segment,,
SGT @ ARMS - CENTRAL OPERATIONS,,SERG EANT AT ARMS AND DOORKEEPER OF THE SENATE,328,ACQUISITION OF ASSETS,328,56893.9,56893.9,ok,segment,,
SGT @ ARMS - CENTRAL OPERATIONS,,SERG EANT AT ARMS AND DOORKEEPER OF THE SENATE,328,BANNER NET PAYROLL,328,,0.0,banner_missing,banner,,
SGT @ ARMS - CENTRAL OPERATIONS,,SERG EANT AT ARMS AND DOORKEEPER OF THE SENATE,328,BANNER ORGANIZATION TOTALS,328,166045.9,163755.9,fail,banner,,
SGT @ ARMS - CAPITOL DIVISION,,SERGEANT AT ARMS AND DOORKEEPER OF THE SENATE,329,OTHER CONTRACTUAL SERVICES,329,1315.45,1315.45,ok,segment,,
SGT @ ARMS - CAPITOL DIVISION,,SERGEANT AT ARMS AND DOORKEEPER OF THE SENATE,329,ACQUISITION OF ASSETS,329,136311.07,136311.07,ok,segment,,
SGT @ ARMS - CAPITOL DIVISION,,SERGEANT AT ARMS AND DOORKEEPER OF THE SENATE,329,BANNER NET PAYROLL,329,,0.0,banner_missing,banner,,
SGT @ ARMS - CAPITOL DIVISION,,SERGEANT AT ARMS AND DOORKEEPER OF THE SENATE,329,BANNER ORGANIZATION TOTALS,329,200963.94,137626.52,fail,banner,,
SGT @ ARMS - IT SUPPORT SERVICES,,SERGEANT AT ARMS AND DOORKEEPER OF THE SENATE,330,OTHER CONTRACTUAL SERVICES,331,139268.03,139268.03,ok,segment,,
SGT @ ARMS - IT SUPPORT SERVICES,,SERGEANT AT ARMS AND DOORKEEPER OF THE SENATE,330,ACQUISITION OF ASSETS,350,4236148.4,4236148.4,ok,segment,,
SGT @ ARMS - IT SUPPORT SERVICES,,SERGEANT AT ARMS AND DOORKEEPER OF THE SENATE,330,BANNER NET PAYROLL,330,,0.0,banner_missing,banner,,
SGT @ ARMS - IT SUPPORT SERVICES,,SERGEANT AT ARMS AND DOORKEEPER OF THE SENATE,330,BANNER ORGANIZATION TOTALS,330,4392483.33,4375416.43,fail,banner,,
@ ARMS - STAFF OFFICES,,,351,OTHER CONTRACTUAL SERVICES,351,100232.77,100232.77,ok,segment,,
@ ARMS - STAFF OFFICES,,,351,ACQUISITION OF ASSETS,351,80548.02,80548.02,ok,segment,,
@ ARMS - STAFF OFFICES,,,351,PERSONNEL BENEFITS,351,110815.3,0.0,component,payroll_component,,
@ ARMS - STAFF OFFICES,,,351,NET PAYROLL EXPENSES,351,110815.3,110815.3,ok,segment,,
@ ARMS - STAFF OFFICES,,,351,BANNER NET PAYROLL,351,110815.3,110815.3,ok,banner,,
@ ARMS - STAFF OFFICES,,,351,BANNER ORGANIZATION TOTALS,351,291596.09,291596.09,ok,banner,,
SGT @ ARMS - TECHNOLOGY DEVELOPMENT SERVICES,,SERGEANT AT ARMS AND DOORKEEPER OF THE SENATE,352,BANNER NET PAYROLL,352,,0.0,banner_missing,banner,,
SGT @ ARMS - TECHNOLOGY DEVELOPMENT SERVICES,,SERGEANT AT ARMS AND DOORKEEPER OF THE SENATE,352,BANNER ORGANIZATION TOTALS,352,366211.52,0.0,fail,banner,,
,,,353,OTHER CONTRACTUAL SERVICES,353,15739.71,15739.71,ok,segment,,
,,,353,ACQUISITION OF ASSETS,353,39425.89,39425.89,ok,segment,,
,,,353,BANNER NET PAYROLL,353,,0.0,banner_missing,banner,,
,,,353,BANNER ORGANIZATION TOTALS,353,58281.53,55165.6,fail,banner,,
SGT @ ARMS - CAPITOL DIVISION,,SERGEANT AT ARMS AND DOORKEEPER OF THE SENATE,354,OTHER CONTRACTUAL SERVICES,354,1172.0,1172.0,ok,segment,,
SGT @ ARMS - CAPITOL DIVISION,,SERGEANT AT ARMS AND DOORKEEPER OF THE SENATE,354,ACQUISITION OF ASSETS,355,295277.1,295277.1,ok,segment,,
SGT @ ARMS - CAPITOL DIVISION,,SERGEANT AT ARMS AND DOORKEEPER OF THE SENATE,354,BANNER NET PAYROLL,354,,0.0,banner_missing,banner,,
SGT @ ARMS - CAPITOL DIVISION,,SERGEANT AT ARMS AND DOORKEEPER OF THE SENATE,354,BANNER ORGANIZATION TOTALS,354,307039.75,296449.1,fail,banner,,
SGT @ ARMS - IT SUPPORT SERVICES,,SERGEANT AT ARMS AND DOORKEEPER OF THE SENATE,356,OTHER CONTRACTUAL SERVICES,356,76786.28,76786.28,ok,segment,,
SGT @ ARMS - IT SUPPORT SERVICES,,SERGEANT AT ARMS AND DOORKEEPER OF THE SENATE,356,ACQUISITION OF ASSETS,365,2478176.86,2478176.86,ok,segment,,
SGT @ ARMS - IT SUPPORT SERVICES,,SERGEANT AT ARMS AND DOORKEEPER OF THE SENATE,356,BANNER NET PAYROLL,356,,0.0,banner_missing,banner,,
SGT @ ARMS - IT SUPPORT SERVICES,,SERGEANT AT ARMS AND DOORKEEPER OF THE SENATE,356,BANNER ORGANIZATION TOTALS,356,2682507.9,2554963.14,fail,banner,,
SGT @ ARMS - STAFF OFFICES,,SERGEANT AT ARMS AND DOORKEEPER OF THE SENATE,366,OTHER CONTRACTUAL SERVICES,366,99698.02,99698.02,ok,segment,,
SGT @ ARMS - STAFF OFFICES,,SERGEANT AT ARMS AND DOORKEEPER OF THE SENATE,366,ACQUISITION OF ASSETS,367,1141814.47,1141814.47,ok,segment,,
SGT @ ARMS - STAFF OFFICES,,SERGEANT AT ARMS AND DOORKEEPER OF THE SENATE,366,PERSONNEL BENEFITS,367,65240.15,0.0,component,payroll_component,,
SGT @ ARMS - STAFF OFFICES,,SERGEANT AT ARMS AND DOORKEEPER OF THE SENATE,366,NET PAYROLL EXPENSES,367,65240.15,65240.15,ok,segment,,
SGT @ ARMS - STAFF OFFICES,,SERGEANT AT ARMS AND DOORKEEPER OF THE SENATE,366,BANNER NET PAYROLL,366,65240.15,65240.15,ok,banner,,
SGT @ ARMS - STAFF OFFICES,,SERGEANT AT ARMS AND DOORKEEPER OF THE SENATE,366,BANNER ORGANIZATION TOTALS,366,1308131.29,1306752.64,fail,banner,,
SGT @ ARMS - TECHNOLOGY DEVELOPMENT SERVICES,,SERGEANT AT ARMS AND DOORKEEPER OF THE SENATE,368,OTHER CONTRACTUAL SERVICES,368,395813.9,395813.9,ok,segment,,
SGT @ ARMS - TECHNOLOGY DEVELOPMENT SERVICES,,SERGEANT AT ARMS AND DOORKEEPER OF THE SENATE,368,ACQUISITION OF ASSETS,368,949865.99,949865.99,ok,segment,,
SGT @ ARMS - TECHNOLOGY DEVELOPMENT SERVICES,,SERGEANT AT ARMS AND DOORKEEPER OF THE SENATE,368,BANNER NET PAYROLL,368,,0.0,banner_missing,banner,,
SGT @ ARMS - TECHNOLOGY DEVELOPMENT SERVICES,,SERGEANT AT ARMS AND DOORKEEPER OF THE SENATE,368,BANNER ORGANIZATION TOTALS,368,1345679.89,1345679.89,ok,banner,,
SGT @ ARMS - TECHNOLOGY DEVELOPMENT SERVICES,2014,SERGEANT AT ARMS AND DOORKEEPER OF THE SENATE,369,OTHER CONTRACTUAL SERVICES,369,1482951.84,1482951.84,ok,segment,,
SGT @ ARMS - TECHNOLOGY DEVELOPMENT SERVICES,2014,SERGEANT AT ARMS AND DOORKEEPER OF THE SENATE,369,BANNER NET PAYROLL,369,,0.0,banner_missing,banner,,
SGT @ ARMS - TECHNOLOGY DEVELOPMENT SERVICES,2014,SERGEANT AT ARMS AND DOORKEEPER OF THE SENATE,369,BANNER ORGANIZATION TOTALS,369,1482951.84,1482951.84,ok,banner,,
SGT @ ARMS - CENTRAL OPERATIONS,,SERGEANT AT ARMS AND DOORKEEPER OF THE SENATE,370,OTHER CONTRACTUAL SERVICES,370,29547.24,29547.24,ok,segment,,
SGT @ ARMS - CENTRAL OPERATIONS,,SERGEANT AT ARMS AND DOORKEEPER OF THE SENATE,370,ACQUISITION OF ASSETS,371,167682.0,167682.0,ok,segment,,
SGT @ ARMS - CENTRAL OPERATIONS,,SERGEANT AT ARMS AND DOORKEEPER OF THE SENATE,370,BANNER NET PAYROLL,370,,0.0,banner_missing,banner,,
SGT @ ARMS - CENTRAL OPERATIONS,,SERGEANT AT ARMS AND DOORKEEPER OF THE SENATE,370,BANNER ORGANIZATION TOTALS,370,211517.35,197229.24,fail,banner,,
SGT @ ARMS - CAPITOL DIVISION,,SERGEANT AT ARMS AND DOORKEEPER OF THE SENATE,372,TRAVEL AND TRANSPORTATION OF PERSONS,372,-201.5,-201.5,ok,segment,,
SGT @ ARMS - CAPITOL DIVISION,,SERGEANT AT ARMS AND DOORKEEPER OF THE SENATE,372,OTHER CONTRACTUAL SERVICES,373,562945.44,562945.44,ok,segment,,
SGT @ ARMS - CAPITOL DIVISION,,SERGEANT AT ARMS AND DOORKEEPER OF THE SENATE,372,ACQUISITION OF ASSETS,373,251212.71,251212.71,ok,segment,,
SGT @ ARMS - CAPITOL DIVISION,,SERGEANT AT ARMS AND DOORKEEPER OF THE SENATE,372,BANNER NET PAYROLL,372,,0.0,banner_missing,banner,,
SGT @ ARMS - CAPITOL DIVISION,,SERGEANT AT ARMS AND DOORKEEPER OF THE SENATE,372,BANNER ORGANIZATION TOTALS,372,900648.28,813956.65,fail,banner,,
SGT @ ARMS - IT SUPPORT SERVICES,,SERGEANT AT ARMS AND DOORKEEPER OF THE SENATE,374,OTHER CONTRACTUAL SERVICES,375,895917.77,895917.77,ok,segment,,
SGT @ ARMS - IT SUPPORT SERVICES,,SERGEANT AT ARMS AND DOORKEEPER OF THE SENATE,374,ACQUISITION OF ASSETS,375,398395.35,398395.35,ok,segment,,
SGT @ ARMS - IT SUPPORT SERVICES,,SERGEANT AT ARMS AND DOORKEEPER OF THE SENATE,374,BANNER NET PAYROLL,374,,0.0,banner_missing,banner,,
SGT @ ARMS - IT SUPPORT SERVICES,,SERGEANT AT ARMS AND DOORKEEPER OF THE SENATE,374,BANNER ORGANIZATION TOTALS,374,1295443.51,1294313.12,fail,banner,,
,,,376,OTHER CONTRACTUAL SERVICES,376,14034.0,14034.0,ok,segment,,
,,,376,ACQUISITION OF ASSETS,376,344577.74,344577.74,ok,segment,,
,,,376,BANNER NET PAYROLL,376,0.0,0.0,banner_missing,banner,,
,,,376,BANNER ORGANIZATION TOTALS,376,358611.74,358611.74,ok,banner,,
SGT @ ARMS - TECHNOLOGY DEVELOPMENT SERVICES,,SERGEANT AT ARMS AND DOORKEEPER OF THE SENATE,377,OTHER CONTRACTUAL SERVICES,378,883786.45,883786.45,ok,segment,,
SGT @ ARMS - TECHNOLOGY DEVELOPMENT SERVICES,,SERGEANT AT ARMS AND DOORKEEPER OF THE SENATE,377,ACQUISITION OF ASSETS,378,1227248.22,1227248.22,ok,segment,,
SGT @ ARMS - TECHNOLOGY DEVELOPMENT SERVICES,,SERGEANT AT ARMS AND DOORKEEPER OF THE SENATE,377,BANNER NET PAYROLL,377,,0.0,banner_missing,banner,,
SGT @ ARMS - TECHNOLOGY DEVELOPMENT SERVICES,,SERGEANT AT ARMS AND DOORKEEPER OF THE SENATE,377,BANNER ORGANIZATION TOTALS,377,2117307.45,2111034.67,fail,banner,,
SGT @ ARMS - TECHNOLOGY DEVELOPMENT SERVICES,2015,SERGEANT AT ARMS AND DOORKEEPER OF THE SENATE,379,BANNER NET PAYROLL,379,,0.0,banner_missing,banner,,
SGT @ ARMS - TECHNOLOGY DEVELOPMENT SERVICES,2015,SERGEANT AT ARMS AND DOORKEEPER OF THE SENATE,379,BANNER ORGANIZATION TOTALS,379,0.0,0.0,ok,banner,,
SGT @ ARMS - CENTRAL OPERATIONS,,SERGEANT AT ARMS AND DOORKEEPER OF THE SENATE,380,TRAVEL AND TRANSPORTATION OF PERSONS,381,9539.89,9539.89,ok,segment,,
SGT @ ARMS - CENTRAL OPERATIONS,,SERGEANT AT ARMS AND DOORKEEPER OF THE SENATE,380,OTHER CONTRACTUAL SERVICES,385,553795.73,553795.73,ok,segment,,
SGT @ ARMS - CENTRAL OPERATIONS,,SERGEANT AT ARMS AND DOORKEEPER OF THE SENATE,380,ACQUISITION OF ASSETS,388,219593.48,219593.48,ok,segment,,
SGT @ ARMS - CENTRAL OPERATIONS,,SERGEANT AT ARMS AND DOORKEEPER OF THE SENATE,380,BANNER NET PAYROLL,380,,0.0,banner_missing,banner,,
SGT @ ARMS - CENTRAL OPERATIONS,,SERGEANT AT ARMS AND DOORKEEPER OF THE SENATE,380,BANNER ORGANIZATION TOTALS,380,10660469.8,782929.1,fail,banner,,
SGT @ ARMS - CAPITOL DIVISION,,SERGEANT AT ARMS AND DOORKEEPER OF THE SENATE,389,TRAVEL AND TRANSPORTATION OF PERSONS,391,22630.62,22630.62,ok,segment,,
SGT @ ARMS - CAPITOL DIVISION,,SERGEANT AT ARMS AND DOORKEEPER OF THE SENATE,389,OTHER CONTRACTUAL SERVICES,395,1315024.57,1315024.57,ok,segment,,
SGT @ ARMS - CAPITOL DIVISION,,SERGEANT AT ARMS AND DOORKEEPER OF THE SENATE,389,ACQUISITION OF ASSETS,396,249231.39,249231.39,ok,segment,,
SGT @ ARMS - CAPITOL DIVISION,,SERGEANT AT ARMS AND DOORKEEPER OF THE SENATE,389,BANNER NET PAYROLL,389,,0.0,banner_missing,banner,,
SGT @ ARMS - CAPITOL DIVISION,,SERGEANT AT ARMS AND DOORKEEPER OF THE SENATE,389,BANNER ORGANIZATION TOTALS,389,1774079.05,1586886.58,fail,banner,,
SGT @ ARMS - IT SUPPORT SERVICES,,SERGEANT AT ARMS AND DOORKEEPER OF THE SENATE,397,TRAVEL AND TRANSPORTATION OF PERSONS,398,7711.89,7711.89,ok,segment,,
SGT @ ARMS - IT SUPPORT SERVICES,,SERGEANT AT ARMS AND DOORKEEPER OF THE SENATE,397,OTHER CONTRACTUAL SERVICES,401,6652481.75,6652481.75,ok,segment,,
SGT @ ARMS - IT SUPPORT SERVICES,,SERGEANT AT ARMS AND DOORKEEPER OF THE SENATE,397,ACQUISITION OF ASSETS,414,5516856.24,5516856.24,ok,segment,,
SGT @ ARMS - IT SUPPORT SERVICES,,SERGEANT AT ARMS AND DOORKEEPER OF THE SENATE,397,BANNER NET PAYROLL,397,,0.0,banner_missing,banner,,
SGT @ ARMS - IT SUPPORT SERVICES,,SERGEANT AT ARMS AND DOORKEEPER OF THE SENATE,397,BANNER ORGANIZATION TOTALS,397,14894441.84,12177049.88,fail,banner,,
SGT @ ARMS - STAFF OFFICES,,SERGEANT AT ARMS AND DOORKEEPER OF THE SENATE,415,TRAVEL AND TRANSPORTATION OF PERSONS,418,47432.33,47432.33,ok,segment,,
SGT @ ARMS - STAFF OFFICES,,SERGEANT AT ARMS AND DOORKEEPER OF THE SENATE,415,OTHER CONTRACTUAL SERVICES,420,611357.5,611357.5,ok,segment,,
SGT @ ARMS - STAFF OFFICES,,SERGEANT AT ARMS AND DOORKEEPER OF THE SENATE,415,ACQUISITION OF ASSETS,421,235797.53,235797.53,ok,segment,,
SGT @ ARMS - STAFF OFFICES,,SERGEANT AT ARMS AND DOORKEEPER OF THE SENATE,415,PERSONNEL BENEFITS,421,3984.13,0.0,component,payroll_component,,
SGT @ ARMS - STAFF OFFICES,,SERGEANT AT ARMS AND DOORKEEPER OF THE SENATE,415,NET PAYROLL EXPENSES,421,3984.13,3984.13,ok,segment,,
SGT @ ARMS - STAFF OFFICES,,SERGEANT AT ARMS AND DOORKEEPER OF THE SENATE,415,BANNER NET PAYROLL,415,3984.13,3984.13,ok,banner,,
SGT @ ARMS - STAFF OFFICES,,SERGEANT AT ARMS AND DOORKEEPER OF THE SENATE,415,BANNER ORGANIZATION TOTALS,415,950544.97,898571.49,fail,banner,,
SGT @ ARMS - TECHNOLOGY DEVELOPMENT SERVICES,,SERGEANT AT ARMS AND DOORKEEPER OF THE SENATE,422,TRAVEL AND TRANSPORTATION OF PERSONS,427,72567.83,72567.83,ok,segment,,
SGT @ ARMS - TECHNOLOGY DEVELOPMENT SERVICES,,SERGEANT AT ARMS AND DOORKEEPER OF THE SENATE,422,OTHER CONTRACTUAL SERVICES,431,8156269.68,8156269.68,ok,segment,,
SGT @ ARMS - TECHNOLOGY DEVELOPMENT SERVICES,,SERGEANT AT ARMS AND DOORKEEPER OF THE SENATE,422,ACQUISITION OF ASSETS,433,3283171.85,3283171.85,ok,segment,,
SGT @ ARMS - TECHNOLOGY DEVELOPMENT SERVICES,,SERGEANT AT ARMS AND DOORKEEPER OF THE SENATE,422,BANNER NET PAYROLL,422,,0.0,banner_missing,banner,,
SGT @ ARMS - TECHNOLOGY DEVELOPMENT SERVICES,,SERGEANT AT ARMS AND DOORKEEPER OF THE SENATE,422,BANNER ORGANIZATION TOTALS,422,12630717.51,11512009.36,fail,banner,,
SAA - EMERG SUPP NO YEAR FUNDS Funding Year SERGEANT AT ARMS AND DOORKEEPER OF THE SENATE,,,434,ACQUISITION OF ASSETS,434,8468.1,8468.1,ok,segment,,
SAA - EMERG SUPP NO YEAR FUNDS Funding Year SERGEANT AT ARMS AND DOORKEEPER OF THE SENATE,,,434,BANNER NET PAYROLL,434,,0.0,banner_missing,banner,,
SAA - EMERG SUPP NO YEAR FUNDS Funding Year SERGEANT AT ARMS AND DOORKEEPER OF THE SENATE,,,434,BANNER ORGANIZATION TOTALS,434,8468.1,8468.1,ok,banner,,
SAA - RECORD STUDIO NO YEAR FUNDS Funding Year SERGEANT AT ARMS AND DOORKEEPER OF THE SENATE,,,435,BANNER NET PAYROLL,435,,0.0,banner_missing,banner,,
SAA - RECORD STUDIO NO YEAR FUNDS Funding Year SERGEANT AT ARMS AND DOORKEEPER OF THE SENATE,,,435,BANNER ORGANIZATION TOTALS,435,0.0,0.0,ok,banner,,
SMI PROJECT Funding Year SERGEANT AT ARMS AND DOORKEEPER OF THE SENATE,,,436,BANNER NET PAYROLL,436,,0.0,banner_missing,banner,,
SMI PROJECT Funding Year SERGEANT AT ARMS AND DOORKEEPER OF THE SENATE,,,436,BANNER ORGANIZATION TOTALS,436,0.0,0.0,ok,banner,,
CAUCUS - INTERNATIONAL NARCOTICS CONTROL,2013,U.S. SENATE CAUCUS ON INTERNATIONAL NARCOTICS CONTROL,437,BANNER NET PAYROLL,437,0.0,0.0,banner_missing,banner,,
CAUCUS - INTERNATIONAL NARCOTICS CONTROL,2013,U.S. SENATE CAUCUS ON INTERNATIONAL NARCOTICS CONTROL,437,BANNER ORGANIZATION TOTALS,437,0.0,0.0,ok,banner,,
CAUCUS - INTERNATIONAL NARCOTICS CONTROL,2014,U.S. SENATE CAUCUS ON INTERNATIONAL NARCOTICS CONTROL,438,BANNER NET PAYROLL,438,0.0,0.0,banner_missing,banner,,
CAUCUS - INTERNATIONAL NARCOTICS CONTROL,2014,U.S. SENATE CAUCUS ON INTERNATIONAL NARCOTICS CONTROL,438,BANNER ORGANIZATION TOTALS,438,0.0,0.0,ok,banner,,
CUS - INTERNATIONAL NARCOTICS CONTROL,2015,SENATE CAUCUS ON INTERNATIONAL NARCOTICS,439,TRAVEL AND TRANSPORTATION OF PERSONS,439,812.65,812.65,ok,segment,,
CUS - INTERNATIONAL NARCOTICS CONTROL,2015,SENATE CAUCUS ON INTERNATIONAL NARCOTICS,439,OTHER CONTRACTUAL SERVICES,439,396.0,396.0,ok,segment,,
CUS - INTERNATIONAL NARCOTICS CONTROL,2015,SENATE CAUCUS ON INTERNATIONAL NARCOTICS,439,ACQUISITION OF ASSETS,439,1599.94,1599.94,ok,segment,,
CUS - INTERNATIONAL NARCOTICS CONTROL,2015,SENATE CAUCUS ON INTERNATIONAL NARCOTICS,439,PERSONNEL COMP. FULL-TIME PERMANENT,439,230346.12,0.0,component,payroll_component,,
CUS - INTERNATIONAL NARCOTICS CONTROL,2015,SENATE CAUCUS ON INTERNATIONAL NARCOTICS,439,PERSONNEL BENEFITS,439,687.6,0.0,component,payroll_component,,
CUS - INTERNATIONAL NARCOTICS CONTROL,2015,SENATE CAUCUS ON INTERNATIONAL NARCOTICS,439,NET PAYROLL EXPENSES,439,231033.72,231033.72,ok,segment,,
CUS - INTERNATIONAL NARCOTICS CONTROL,2015,SENATE CAUCUS ON INTERNATIONAL NARCOTICS,439,BANNER NET PAYROLL,439,231033.72,231033.72,ok,banner,,
CUS - INTERNATIONAL NARCOTICS CONTROL,2015,SENATE CAUCUS ON INTERNATIONAL NARCOTICS,439,BANNER ORGANIZATION TOTALS,439,234629.86,233842.31,fail,banner,,
SENATOR DANIEL K. AKAKA,2013,SENATORS OFFICIAL PERSONNEL AND OFFICE EXPENSE ACCOUNT,440,BANNER NET PAYROLL,440,0.0,0.0,banner_missing,banner,,
SENATOR DANIEL K. AKAKA,2013,SENATORS OFFICIAL PERSONNEL AND OFFICE EXPENSE ACCOUNT,440,BANNER ORGANIZATION TOTALS,440,0.0,0.0,ok,banner,,
SENATOR LAMAR ALEXANDER,2013,SENATORS OFFICIAL PERSONNEL AND OFFICE EXPENSE ACCOUNT,441,BANNER NET PAYROLL,441,0.0,0.0,banner_missing,banner,,
SENATOR LAMAR ALEXANDER,2013,SENATORS OFFICIAL PERSONNEL AND OFFICE EXPENSE ACCOUNT,441,BANNER ORGANIZATION TOTALS,441,0.0,0.0,ok,banner,,
SENATOR LAMAR ALEXANDER,2014,SENATORS OFFICIAL PERSONNEL AND OFFICE EXPENSE ACCOUNT,442,BANNER NET PAYROLL,442,0.0,0.0,banner_missing,banner,,
SENATOR LAMAR ALEXANDER,2014,SENATORS OFFICIAL PERSONNEL AND OFFICE EXPENSE ACCOUNT,442,BANNER ORGANIZATION TOTALS,442,33.83,0.0,fail,banner,,
SENATOR LAMAR ALEXANDER,2015,SENATORS OFFICIAL PERSONNEL AND OFFICE EXPENSE ACCOUNT,443,TRAVEL AND TRANSPORTATION OF PERSONS,453,80838.03,80838.03,ok,segment,,
SENATOR LAMAR ALEXANDER,2015,SENATORS OFFICIAL PERSONNEL AND OFFICE EXPENSE ACCOUNT,443,OTHER CONTRACTUAL SERVICES,453,2456.6,2456.6,ok,segment,,
SENATOR LAMAR ALEXANDER,2015,SENATORS OFFICIAL PERSONNEL AND OFFICE EXPENSE ACCOUNT,443,OTHER PERSONNEL COMPENSATION,453,4097.27,0.0,component,payroll_component,,
SENATOR LAMAR ALEXANDER,2015,SENATORS OFFICIAL PERSONNEL AND OFFICE EXPENSE ACCOUNT,443,PERSONNEL COMP. FULL-TIME PERMANENT,453,1359596.26,0.0,component,payroll_component,,
SENATOR LAMAR ALEXANDER,2015,SENATORS OFFICIAL PERSONNEL AND OFFICE EXPENSE ACCOUNT,443,PERSONNEL BENEFITS,453,2070.65,0.0,component,payroll_component,,
SENATOR LAMAR ALEXANDER,2015,SENATORS OFFICIAL PERSONNEL AND OFFICE EXPENSE ACCOUNT,443,NET PAYROLL EXPENSES,453,1365764.18,1365764.18,ok,segment,,
SENATOR LAMAR ALEXANDER,2015,SENATORS OFFICIAL PERSONNEL AND OFFICE EXPENSE ACCOUNT,443,BANNER NET PAYROLL,443,1365764.18,1365764.18,ok,banner,,
SENATOR LAMAR ALEXANDER,2015,SENATORS OFFICIAL PERSONNEL AND OFFICE EXPENSE ACCOUNT,443,BANNER ORGANIZATION TOTALS,443,1496278.15,1449058.81,fail,banner,,
SENATOR KELLY AYOTTE,2013,SENATORS OFFICIAL PERSONNEL AND OFFICE EXPENSE ACCOUNT,454,BANNER NET PAYROLL,454,0.0,0.0,banner_missing,banner,,
SENATOR KELLY AYOTTE,2013,SENATORS OFFICIAL PERSONNEL AND OFFICE EXPENSE ACCOUNT,454,BANNER ORGANIZATION TOTALS,454,0.0,0.0,ok,banner,,
SENATOR KELLY AYOTTE,2014,SENATORS OFFICIAL PERSONNEL AND OFFICE EXPENSE ACCOUNT,455,BANNER NET PAYROLL,455,0.0,0.0,banner_missing,banner,,
SENATOR KELLY AYOTTE,2014,SENATORS OFFICIAL PERSONNEL AND OFFICE EXPENSE ACCOUNT,455,BANNER ORGANIZATION TOTALS,455,0.0,0.0,ok,banner,,
SENATOR KELLY AYOTTE,2015,SENATORS OFFICIAL PERSONNEL AND OFFICE EXPENSE ACCOUNT,456,TRAVEL AND TRANSPORTATION OF PERSONS,477,66923.14,66923.14,ok,segment,,
SENATOR KELLY AYOTTE,2015,SENATORS OFFICIAL PERSONNEL AND OFFICE EXPENSE ACCOUNT,456,OTHER CONTRACTUAL SERVICES,478,2766.8,2766.8,ok,segment,,
SENATOR KELLY AYOTTE,2015,SENATORS OFFICIAL PERSONNEL AND OFFICE EXPENSE ACCOUNT,456,ACQUISITION OF ASSETS,478,4421.36,4421.36,ok,segment,,
SENATOR KELLY AYOTTE,2015,SENATORS OFFICIAL PERSONNEL AND OFFICE EXPENSE ACCOUNT,456,PERSONNEL COMP. FULL-TIME PERMANENT,478,1101952.48,0.0,component,payroll_component,,
SENATOR KELLY AYOTTE,2015,SENATORS OFFICIAL PERSONNEL AND OFFICE EXPENSE ACCOUNT,456,PERSONNEL BENEFITS,478,3766.85,0.0,component,payroll_component,,
SENATOR KELLY AYOTTE,2015,SENATORS OFFICIAL PERSONNEL AND OFFICE EXPENSE ACCOUNT,456,NET PAYROLL EXPENSES,478,1105719.33,1105719.33,ok,segment,,
SENATOR KELLY AYOTTE,2015,SENATORS OFFICIAL PERSONNEL AND OFFICE EXPENSE ACCOUNT,456,BANNER NET PAYROLL,456,1105719.33,1105719.33,ok,banner,,
SENATOR KELLY AYOTTE,2015,SENATORS OFFICIAL PERSONNEL AND OFFICE EXPENSE ACCOUNT,456,BANNER ORGANIZATION TOTALS,456,1260868.9,1179830.63,fail,banner,,
SENATOR TAMMY BALDWIN,2013,SENATORS OFFICIAL PERSONNEL AND OFFICE EXPENSE ACCOUNT,479,BANNER NET PAYROLL,479,0.0,0.0,banner_missing,banner,,
SENATOR TAMMY BALDWIN,2013,SENATORS OFFICIAL PERSONNEL AND OFFICE EXPENSE ACCOUNT,479,BANNER ORGANIZATION TOTALS,479,449.25,0.0,fail,banner,,
SENATOR TAMMY BALDWIN,2014,SENATORS OFFICIAL PERSONNEL AND OFFICE EXPENSE ACCOUNT,480,BANNER NET PAYROLL,480,0.0,0.0,banner_missing,banner,,
SENATOR TAMMY BALDWIN,2014,SENATORS OFFICIAL PERSONNEL AND OFFICE EXPENSE ACCOUNT,480,BANNER ORGANIZATION TOTALS,480,951.94,0.0,fail,banner,,
SENATOR TAMMY BALDWIN,2015,SENATORS OFFICIAL PERSONNEL AND OFFICE EXPENSE ACCOUNT,481,TRAVEL AND TRANSPORTATION OF PERSONS,497,71113.99,71113.99,ok,segment,,
SENATOR TAMMY BALDWIN,2015,SENATORS OFFICIAL PERSONNEL AND OFFICE EXPENSE ACCOUNT,481,OTHER CONTRACTUAL SERVICES,497,210.8,210.8,ok,segment,,
SENATOR TAMMY BALDWIN,2015,SENATORS OFFICIAL PERSONNEL AND OFFICE EXPENSE ACCOUNT,481,ACQUISITION OF ASSETS,497,2554.3,2554.3,ok,segment,,
SENATOR TAMMY BALDWIN,2015,SENATORS OFFICIAL PERSONNEL AND OFFICE EXPENSE ACCOUNT,481,OTHER PERSONNEL COMPENSATION,498,220.65,0.0,component,payroll_component,,
SENATOR TAMMY BALDWIN,2015,SENATORS OFFICIAL PERSONNEL AND OFFICE EXPENSE ACCOUNT,481,PERSONNEL COMP. FULL-TIME PERMANENT,498,1287748.2,0.0,component,payroll_component,,
SENATOR TAMMY BALDWIN,2015,SENATORS OFFICIAL PERSONNEL AND OFFICE EXPENSE ACCOUNT,481,RE-EMPLOYED ANNUITANTS,498,8780.2,0.0,component,payroll_component,,
SENATOR TAMMY BALDWIN,2015,SENATORS OFFICIAL PERSONNEL AND OFFICE EXPENSE ACCOUNT,481,PERSONNEL BENEFITS,498,8569.15,0.0,component,payroll_component,,
SENATOR TAMMY BALDWIN,2015,SENATORS OFFICIAL PERSONNEL AND OFFICE EXPENSE ACCOUNT,481,NET PAYROLL EXPENSES,498,1305318.2,1305318.2,ok,segment,,
SENATOR TAMMY BALDWIN,2015,SENATORS OFFICIAL PERSONNEL AND OFFICE EXPENSE ACCOUNT,481,BANNER NET PAYROLL,481,1305318.2,1305318.2,ok,banner,,
SENATOR TAMMY BALDWIN,2015,SENATORS OFFICIAL PERSONNEL AND OFFICE EXPENSE ACCOUNT,481,BANNER ORGANIZATION TOTALS,481,1424481.0,1379197.29,fail,banner,,
SENATOR JOHN BARRASSO,2013,SENATORS OFFICIAL PERSONNEL AND OFFICE EXPENSE ACCOUNT,499,BANNER NET PAYROLL,499,0.0,0.0,banner_missing,banner,,
SENATOR JOHN BARRASSO,2013,SENATORS OFFICIAL PERSONNEL AND OFFICE EXPENSE ACCOUNT,499,BANNER ORGANIZATION TOTALS,499,0.0,0.0,ok,banner,,
SENATOR JOHN BARRASSO,2014,SENATORS OFFICIAL PERSONNEL AND OFFICE EXPENSE ACCOUNT,500,BANNER NET PAYROLL,500,0.0,0.0,banner_missing,banner,,
SENATOR JOHN BARRASSO,2014,SENATORS OFFICIAL PERSONNEL AND OFFICE EXPENSE ACCOUNT,500,BANNER ORGANIZATION TOTALS,500,0.0,0.0,ok,banner,,
SENATOR JOHN BARRASSO,2015,SENATORS OFFICIAL PERSONNEL AND OFFICE EXPENSE ACCOUNT,501,TRAVEL AND TRANSPORTATION OF PERSONS,510,117583.24,117583.24,ok,segment,,
SENATOR JOHN BARRASSO,2015,SENATORS OFFICIAL PERSONNEL AND OFFICE EXPENSE ACCOUNT,501,OTHER CONTRACTUAL SERVICES,511,5873.58,5873.58,ok,segment,,
SENATOR JOHN BARRASSO,2015,SENATORS OFFICIAL PERSONNEL AND OFFICE EXPENSE ACCOUNT,501,ACQUISITION OF ASSETS,511,120.0,120.0,ok,segment,,
SENATOR JOHN BARRASSO,2015,SENATORS OFFICIAL PERSONNEL AND OFFICE EXPENSE ACCOUNT,501,OTHER PERSONNEL COMPENSATION,511,5110.13,0.0,component,payroll_component,,
SENATOR JOHN BARRASSO,2015,SENATORS OFFICIAL PERSONNEL AND OFFICE EXPENSE ACCOUNT,501,PERSONNEL COMP. FULL-TIME PERMANENT,511,1123761.69,0.0,component,payroll_component,,
SENATOR JOHN BARRASSO,2015,SENATORS OFFICIAL PERSONNEL AND OFFICE EXPENSE ACCOUNT,501,PERSONNEL BENEFITS,511,4775.95,0.0,component,payroll_component,,
SENATOR JOHN BARRASSO,2015,SENATORS OFFICIAL PERSONNEL AND OFFICE EXPENSE ACCOUNT,501,NET PAYROLL EXPENSES,511,1133647.77,1133079.89,fail,segment,inconclusive,0.0
SENATOR JOHN BARRASSO,2015,SENATORS OFFICIAL PERSONNEL AND OFFICE EXPENSE ACCOUNT,501,BANNER NET PAYROLL,501,1133647.77,1133647.77,ok,banner,,
SENATOR JOHN BARRASSO,2015,SENATORS OFFICIAL PERSONNEL AND OFFICE EXPENSE ACCOUNT,501,BANNER ORGANIZATION TOTALS,501,1327035.76,1256656.71,fail,banner,,
SENATOR MAX BAUCUS,2013,SENATORS OFFICIAL PERSONNEL AND OFFICE EXPENSE ACCOUNT,512,BANNER NET PAYROLL,512,0.0,0.0,banner_missing,banner,,
SENATOR MAX BAUCUS,2013,SENATORS OFFICIAL PERSONNEL AND OFFICE EXPENSE ACCOUNT,512,BANNER ORGANIZATION TOTALS,512,0.0,0.0,ok,banner,,
SENATOR MAX BAUCUS,2014,SENATORS OFFICIAL PERSONNEL AND OFFICE EXPENSE ACCOUNT,513,BANNER NET PAYROLL,513,0.0,0.0,banner_missing,banner,,
SENATOR MAX BAUCUS,2014,SENATORS OFFICIAL PERSONNEL AND OFFICE EXPENSE ACCOUNT,513,BANNER ORGANIZATION TOTALS,513,0.0,0.0,ok,banner,,
SENATOR MARK BEGICH,2013,SENATORS OFFICIAL PERSONNEL AND OFFICE EXPENSE ACCOUNT,514,BANNER NET PAYROLL,514,0.0,0.0,banner_missing,banner,,
SENATOR MARK BEGICH,2013,SENATORS OFFICIAL PERSONNEL AND OFFICE EXPENSE ACCOUNT,514,BANNER ORGANIZATION TOTALS,514,0.0,0.0,ok,banner,,
SENATOR MARK BEGICH,2014,SENATORS OFFICIAL PERSONNEL AND OFFICE EXPENSE ACCOUNT,515,PERSONNEL BENEFITS,515,-148.2,0.0,component,payroll_component,,
SENATOR MARK BEGICH,2014,SENATORS OFFICIAL PERSONNEL AND OFFICE EXPENSE ACCOUNT,515,NET PAYROLL EXPENSES,515,-148.2,-148.2,ok,segment,,
SENATOR MARK BEGICH,2014,SENATORS OFFICIAL PERSONNEL AND OFFICE EXPENSE ACCOUNT,515,BANNER NET PAYROLL,515,148.2,148.2,ok,banner,,
SENATOR MARK BEGICH,2014,SENATORS OFFICIAL PERSONNEL AND OFFICE EXPENSE ACCOUNT,515,BANNER ORGANIZATION TOTALS,515,148.2,148.2,ok,banner,,
SENATOR MARK BEGICH,2015,SENATORS OFFICIAL PERSONNEL AND OFFICE EXPENSE ACCOUNT,516,PERSONNEL COMP. FULL-TIME PERMANENT,516,-555.55,0.0,component,payroll_component,,
SENATOR MARK BEGICH,2015,SENATORS OFFICIAL PERSONNEL AND OFFICE EXPENSE ACCOUNT,516,PERSONNEL BENEFITS,516,-951.1,0.0,component,payroll_component,,
SENATOR MARK BEGICH,2015,SENATORS OFFICIAL PERSONNEL AND OFFICE EXPENSE ACCOUNT,516,NET PAYROLL EXPENSES,516,-1506.65,-951.1,fail,segment,inconclusive,0.0
SENATOR MARK BEGICH,2015,SENATORS OFFICIAL PERSONNEL AND OFFICE EXPENSE ACCOUNT,516,BANNER NET PAYROLL,516,1506.65,1506.65,ok,banner,,
SENATOR MARK BEGICH,2015,SENATORS OFFICIAL PERSONNEL AND OFFICE EXPENSE ACCOUNT,516,BANNER ORGANIZATION TOTALS,516,1506.65,951.1,fail,banner,,
SENATOR MICHAEL BENNET,2013,SENATORS OFFICIAL PERSONNEL AND OFFICE EXPENSE ACCOUNT,517,BANNER NET PAYROLL,517,0.0,0.0,banner_missing,banner,,
SENATOR MICHAEL BENNET,2013,SENATORS OFFICIAL PERSONNEL AND OFFICE EXPENSE ACCOUNT,517,BANNER ORGANIZATION TOTALS,517,0.0,0.0,ok,banner,,
SENATOR MICHAEL BENNET,2014,SENATORS OFFICIAL PERSONNEL AND OFFICE EXPENSE ACCOUNT,518,TRAVEL AND TRANSPORTATION OF PERSONS,518,1289.3,1289.3,ok,segment,,
SENATOR MICHAEL BENNET,2014,SENATORS OFFICIAL PERSONNEL AND OFFICE EXPENSE ACCOUNT,518,BANNER NET PAYROLL,518,0.0,0.0,banner_missing,banner,,
SENATOR MICHAEL BENNET,2014,SENATORS OFFICIAL PERSONNEL AND OFFICE EXPENSE ACCOUNT,518,BANNER ORGANIZATION TOTALS,518,1289.3,1289.3,ok,banner,,
SENATOR MICHAEL BENNET,2015,SENATORS OFFICIAL PERSONNEL AND OFFICE EXPENSE ACCOUNT,519,TRAVEL AND TRANSPORTATION OF PERSONS,529,50895.41,50895.41,ok,segment,,
SENATOR MICHAEL BENNET,2015,SENATORS OFFICIAL PERSONNEL AND OFFICE EXPENSE ACCOUNT,519,OTHER CONTRACTUAL SERVICES,530,705.5,705.5,ok,segment,,
SENATOR MICHAEL BENNET,2015,SENATORS OFFICIAL PERSONNEL AND OFFICE EXPENSE ACCOUNT,519,ACQUISITION OF ASSETS,530,255.12,255.12,ok,segment,,
SENATOR MICHAEL BENNET,2015,SENATORS OFFICIAL PERSONNEL AND OFFICE EXPENSE ACCOUNT,519,OTHER PERSONNEL COMPENSATION,530,3191.04,0.0,component,payroll_component,,
SENATOR MICHAEL BENNET,2015,SENATORS OFFICIAL PERSONNEL AND OFFICE EXPENSE ACCOUNT,519,PERSONNEL COMP. FULL-TIME PERMANENT,530,1366265.8,0.0,component,payroll_component,,
SENATOR MICHAEL BENNET,2015,SENATORS OFFICIAL PERSONNEL AND OFFICE EXPENSE ACCOUNT,519,PERSONNEL BENEFITS,530,2345.9,0.0,component,payroll_component,,
SENATOR MICHAEL BENNET,2015,SENATORS OFFICIAL PERSONNEL AND OFFICE EXPENSE ACCOUNT,519,NET PAYROLL EXPENSES,530,1371802.74,1371802.74,ok,segment,,
SENATOR MICHAEL BENNET,2015,SENATORS OFFICIAL PERSONNEL AND OFFICE EXPENSE ACCOUNT,519,BANNER NET PAYROLL,519,1371802.74,1371802.74,ok,banner,,
SENATOR MICHAEL BENNET,2015,SENATORS OFFICIAL PERSONNEL AND OFFICE EXPENSE ACCOUNT,519,BANNER ORGANIZATION TOTALS,519,1451564.67,1423658.77,fail,banner,,
SENATOR JEFF BINGAMAN,2013,SENATORS OFFICIAL PERSONNEL AND OFFICE EXPENSE ACCOUNT,531,BANNER NET PAYROLL,531,0.0,0.0,banner_missing,banner,,
SENATOR JEFF BINGAMAN,2013,SENATORS OFFICIAL PERSONNEL AND OFFICE EXPENSE ACCOUNT,531,BANNER ORGANIZATION TOTALS,531,0.0,0.0,ok,banner,,
SENATOR RICHARD BLUMENTHAL,2013,SENATORS OFFICIAL PERSONNEL AND OFFICE EXPENSE ACCOUNT,532,TRAVEL AND TRANSPORTATION OF PERSONS,535,17433.32,17433.32,ok,segment,,
SENATOR RICHARD BLUMENTHAL,2013,SENATORS OFFICIAL PERSONNEL AND OFFICE EXPENSE ACCOUNT,532,BANNER NET PAYROLL,532,0.0,0.0,banner_missing,banner,,
SENATOR RICHARD BLUMENTHAL,2013,SENATORS OFFICIAL PERSONNEL AND OFFICE EXPENSE ACCOUNT,532,BANNER ORGANIZATION TOTALS,532,17433.32,17433.32,ok,banner,,
SENATOR RICHARD BLUMENTHAL,2014,SENATORS OFFICIAL PERSONNEL AND OFFICE EXPENSE ACCOUNT,536,BANNER NET PAYROLL,536,0.0,0.0,banner_missing,banner,,
SENATOR RICHARD BLUMENTHAL,2014,SENATORS OFFICIAL PERSONNEL AND OFFICE EXPENSE ACCOUNT,536,BANNER ORGANIZATION TOTALS,536,0.0,0.0,ok,banner,,
SENATOR RICHARD BLUMENTHAL,2015,SENATORS OFFICIAL PERSONNEL AND OFFICE EXPENSE ACCOUNT,537,TRAVEL AND TRANSPORTATION OF PERSONS,546,43071.84,43071.84,ok,segment,,
SENATOR RICHARD BLUMENTHAL,2015,SENATORS OFFICIAL PERSONNEL AND OFFICE EXPENSE ACCOUNT,537,OTHER CONTRACTUAL SERVICES,546,1349.25,1349.25,ok,segment,,
SENATOR RICHARD BLUMENTHAL,2015,SENATORS OFFICIAL PERSONNEL AND OFFICE EXPENSE ACCOUNT,537,ACQUISITION OF ASSETS,546,1122.68,1122.68,ok,segment,,
SENATOR RICHARD BLUMENTHAL,2015,SENATORS OFFICIAL PERSONNEL AND OFFICE EXPENSE ACCOUNT,537,OTHER PERSONNEL COMPENSATION,546,6705.05,0.0,component,payroll_component,,
SENATOR RICHARD BLUMENTHAL,2015,SENATORS OFFICIAL PERSONNEL AND OFFICE EXPENSE ACCOUNT,537,PERSONNEL COMP. FULL-TIME PERMANENT,546,1313191.47,0.0,component,payroll_component,,
SENATOR RICHARD BLUMENTHAL,2015,SENATORS OFFICIAL PERSONNEL AND OFFICE EXPENSE ACCOUNT,537,PERSONNEL BENEFITS,546,6191.2,0.0,component,payroll_component,,
SENATOR RICHARD BLUMENTHAL,2015,SENATORS OFFICIAL PERSONNEL AND OFFICE EXPENSE ACCOUNT,537,NET PAYROLL EXPENSES,546,1326087.72,1326087.72,ok,segment,,
SENATOR RICHARD BLUMENTHAL,2015,SENATORS OFFICIAL PERSONNEL AND OFFICE EXPENSE ACCOUNT,537,BANNER NET PAYROLL,537,1326087.72,1326087.72,ok,banner,,
SENATOR RICHARD BLUMENTHAL,2015,SENATORS OFFICIAL PERSONNEL AND OFFICE EXPENSE ACCOUNT,537,BANNER ORGANIZATION TOTALS,537,1402191.84,1371631.49,fail,banner,,
SENATOR ROY BLUNT,2013,SENATORS OFFICIAL PERSONNEL AND OFFICE EXPENSE ACCOUNT,547,BANNER NET PAYROLL,547,0.0,0.0,banner_missing,banner,,
SENATOR ROY BLUNT,2013,SENATORS OFFICIAL PERSONNEL AND OFFICE EXPENSE ACCOUNT,547,BANNER ORGANIZATION TOTALS,547,0.0,0.0,ok,banner,,
SENATOR ROY BLUNT,2014,SENATORS OFFICIAL PERSONNEL AND OFFICE EXPENSE ACCOUNT,548,TRAVEL AND TRANSPORTATION OF PERSONS,548,695.22,695.22,ok,segment,,
SENATOR ROY BLUNT,2014,SENATORS OFFICIAL PERSONNEL AND OFFICE EXPENSE ACCOUNT,548,ACQUISITION OF ASSETS,548,31.8,31.8,ok,segment,,
SENATOR ROY BLUNT,2014,SENATORS OFFICIAL PERSONNEL AND OFFICE EXPENSE ACCOUNT,548,BANNER NET PAYROLL,548,0.0,0.0,banner_missing,banner,,
SENATOR ROY BLUNT,2014,SENATORS OFFICIAL PERSONNEL AND OFFICE EXPENSE ACCOUNT,548,BANNER ORGANIZATION TOTALS,548,796.92,727.02,fail,banner,,
SENATOR ROY BLUNT,2015,SENATORS OFFICIAL PERSONNEL AND OFFICE EXPENSE ACCOUNT,549,TRAVEL AND TRANSPORTATION OF PERSONS,570,94122.26,94122.26,ok,segment,,
SENATOR ROY BLUNT,2015,SENATORS OFFICIAL PERSONNEL AND OFFICE EXPENSE ACCOUNT,549,OTHER CONTRACTUAL SERVICES,570,3860.8,3860.8,ok,segment,,
SENATOR ROY BLUNT,2015,SENATORS OFFICIAL PERSONNEL AND OFFICE EXPENSE ACCOUNT,549,ACQUISITION OF ASSETS,571,4282.78,4282.78,ok,segment,,
SENATOR ROY BLUNT,2015,SENATORS OFFICIAL PERSONNEL AND OFFICE EXPENSE ACCOUNT,549,PERSONNEL COMP. FULL-TIME PERMANENT,571,1394800.69,0.0,component,payroll_component,,
SENATOR ROY BLUNT,2015,SENATORS OFFICIAL PERSONNEL AND OFFICE EXPENSE ACCOUNT,549,RE-EMPLOYED ANNUITANTS,571,33526.0,0.0,component,payroll_component,,
SENATOR ROY BLUNT,2015,SENATORS OFFICIAL PERSONNEL AND OFFICE EXPENSE ACCOUNT,549,PERSONNEL BENEFITS,571,2623.15,0.0,component,payroll_component,,
SENATOR ROY BLUNT,2015,SENATORS OFFICIAL PERSONNEL AND OFFICE EXPENSE ACCOUNT,549,NET PAYROLL EXPENSES,571,1430949.84,1432127.34,fail,segment,inconclusive,0.0
SENATOR ROY BLUNT,2015,SENATORS OFFICIAL PERSONNEL AND OFFICE EXPENSE ACCOUNT,549,BANNER NET PAYROLL,549,1430949.84,1430949.84,ok,banner,,
SENATOR ROY BLUNT,2015,SENATORS OFFICIAL PERSONNEL AND OFFICE EXPENSE ACCOUNT,549,BANNER ORGANIZATION TOTALS,549,1594893.04,1534393.18,fail,banner,,
SENATOR CORY BOOKER,2014,SENATORS OFFICIAL PERSONNEL AND OFFICE EXPENSE ACCOUNT,572,TRAVEL AND TRANSPORTATION OF PERSONS,572,727.4,727.4,ok,segment,,
SENATOR CORY BOOKER,2014,SENATORS OFFICIAL PERSONNEL AND OFFICE EXPENSE ACCOUNT,572,BANNER NET PAYROLL,572,0.0,0.0,banner_missing,banner,,
SENATOR CORY BOOKER,2014,SENATORS OFFICIAL PERSONNEL AND OFFICE EXPENSE ACCOUNT,572,BANNER ORGANIZATION TOTALS,572,727.4,727.4,ok,banner,,
SENATOR CORY BOOKER,2015,SENATORS OFFICIAL PERSONNEL AND OFFICE EXPENSE ACCOUNT,573,TRAVEL AND TRANSPORTATION OF PERSONS,581,25885.35,25885.35,ok,segment,,
SENATOR CORY BOOKER,2015,SENATORS OFFICIAL PERSONNEL AND OFFICE EXPENSE ACCOUNT,573,OTHER CONTRACTUAL SERVICES,581,167.4,167.4,ok,segment,,
SENATOR CORY BOOKER,2015,SENATORS OFFICIAL PERSONNEL AND OFFICE EXPENSE ACCOUNT,573,OTHER PERSONNEL COMPENSATION,581,23.31,0.0,component,payroll_component,,
SENATOR CORY BOOKER,2015,SENATORS OFFICIAL PERSONNEL AND OFFICE EXPENSE ACCOUNT,573,PERSONNEL COMP. FULL-TIME PERMANENT,581,1659994.18,0.0,component,payroll_component,,
SENATOR CORY BOOKER,2015,SENATORS OFFICIAL PERSONNEL AND OFFICE EXPENSE ACCOUNT,573,PERSONNEL BENEFITS,581,9690.3,0.0,component,payroll_component,,
SENATOR CORY BOOKER,2015,SENATORS OFFICIAL PERSONNEL AND OFFICE EXPENSE ACCOUNT,573,NET PAYROLL EXPENSES,581,1669707.79,1669707.79,ok,segment,,
SENATOR CORY BOOKER,2015,SENATORS OFFICIAL PERSONNEL AND OFFICE EXPENSE ACCOUNT,573,BANNER NET PAYROLL,573,1669707.79,1669707.79,ok,banner,,
SENATOR CORY BOOKER,2015,SENATORS OFFICIAL PERSONNEL AND OFFICE EXPENSE ACCOUNT,573,BANNER ORGANIZATION TOTALS,573,1737781.1,1695760.54,fail,banner,,
SENATOR JOHN BOOZMAN,2013,SENATORS OFFICIAL PERSONNEL AND OFFICE EXPENSE ACCOUNT,582,BANNER NET PAYROLL,582,0.0,0.0,banner_missing,banner,,
SENATOR JOHN BOOZMAN,2013,SENATORS OFFICIAL PERSONNEL AND OFFICE EXPENSE ACCOUNT,582,BANNER ORGANIZATION TOTALS,582,0.0,0.0,ok,banner,,
SENATOR JOHN BOOZMAN,2014,SENATORS OFFICIAL PERSONNEL AND OFFICE EXPENSE ACCOUNT,583,BANNER NET PAYROLL,583,0.0,0.0,banner_missing,banner,,
SENATOR JOHN BOOZMAN,2014,SENATORS OFFICIAL PERSONNEL AND OFFICE EXPENSE ACCOUNT,583,BANNER ORGANIZATION TOTALS,583,0.0,0.0,ok,banner,,
SENATOR JOHN BOOZMAN,2015,SENATORS OFFICIAL PERSONNEL AND OFFICE EXPENSE ACCOUNT,584,TRAVEL AND TRANSPORTATION OF PERSONS,604,76033.02,76033.02,ok,segment,,
SENATOR JOHN BOOZMAN,2015,SENATORS OFFICIAL PERSONNEL AND OFFICE EXPENSE ACCOUNT,584,OTHER CONTRACTUAL SERVICES,605,6417.91,6417.91,ok,segment,,
SENATOR JOHN BOOZMAN,2015,SENATORS OFFICIAL PERSONNEL AND OFFICE EXPENSE ACCOUNT,584,ACQUISITION OF ASSETS,605,311.77,311.77,ok,segment,,
SENATOR JOHN BOOZMAN,2015,SENATORS OFFICIAL PERSONNEL AND OFFICE EXPENSE ACCOUNT,584,PERSONNEL COMP. FULL-TIME PERMANENT,605,1102274.27,0.0,component,payroll_component,,
SENATOR JOHN BOOZMAN,2015,SENATORS OFFICIAL PERSONNEL AND OFFICE EXPENSE ACCOUNT,584,PERSONNEL BENEFITS,605,2843.85,0.0,component,payroll_component,,
SENATOR JOHN BOOZMAN,2015,SENATORS OFFICIAL PERSONNEL AND OFFICE EXPENSE ACCOUNT,584,NET PAYROLL EXPENSES,605,1105118.12,1105118.12,ok,segment,,
SENATOR JOHN BOOZMAN,2015,SENATORS OFFICIAL PERSONNEL AND OFFICE EXPENSE ACCOUNT,584,BANNER NET PAYROLL,584,1105118.12,1105118.12,ok,banner,,
SENATOR JOHN BOOZMAN,2015,SENATORS OFFICIAL PERSONNEL AND OFFICE EXPENSE ACCOUNT,584,BANNER ORGANIZATION TOTALS,584,1235719.89,1187880.82,fail,banner,,
SENATOR BARBARA BOXER,2013,SENATORS OFFICIAL PERSONNEL AND OFFICE EXPENSE ACCOUNT,606,BANNER NET PAYROLL,606,0.0,0.0,banner_missing,banner,,
SENATOR BARBARA BOXER,2013,SENATORS OFFICIAL PERSONNEL AND OFFICE EXPENSE ACCOUNT,606,BANNER ORGANIZATION TOTALS,606,0.0,0.0,ok,banner,,
SENATOR BARBARA BOXER,2014,SENATORS OFFICIAL PERSONNEL AND OFFICE EXPENSE ACCOUNT,607,BANNER NET PAYROLL,607,0.0,0.0,banner_missing,banner,,
SENATOR BARBARA BOXER,2014,SENATORS OFFICIAL PERSONNEL AND OFFICE EXPENSE ACCOUNT,607,BANNER ORGANIZATION TOTALS,607,0.0,0.0,ok,banner,,
SENATOR BARBARA BOXER,2015,SENATORS OFFICIAL PERSONNEL AND OFFICE EXPENSE ACCOUNT,608,TRAVEL AND TRANSPORTATION OF PERSONS,620,105802.09,105802.09,ok,segment,,
SENATOR BARBARA BOXER,2015,SENATORS OFFICIAL PERSONNEL AND OFFICE EXPENSE ACCOUNT,608,OTHER CONTRACTUAL SERVICES,620,2553.35,2553.35,ok,segment,,
SENATOR BARBARA BOXER,2015,SENATORS OFFICIAL PERSONNEL AND OFFICE EXPENSE ACCOUNT,608,ACQUISITION OF ASSETS,621,978.01,978.01,ok,segment,,
SENATOR BARBARA BOXER,2015,SENATORS OFFICIAL PERSONNEL AND OFFICE EXPENSE ACCOUNT,608,PERSONNEL COMP. FULL-TIME PERMANENT,621,2165361.52,0.0,component,payroll_component,,
SENATOR BARBARA BOXER,2015,SENATORS OFFICIAL PERSONNEL AND OFFICE EXPENSE ACCOUNT,608,PERSONNEL BENEFITS,621,14633.55,0.0,component,payroll_component,,
SENATOR BARBARA BOXER,2015,SENATORS OFFICIAL PERSONNEL AND OFFICE EXPENSE ACCOUNT,608,NET PAYROLL EXPENSES,621,2179995.07,2222359.81,fail,segment,inconclusive,0.0
SENATOR BARBARA BOXER,2015,SENATORS OFFICIAL PERSONNEL AND OFFICE EXPENSE ACCOUNT,608,BANNER NET PAYROLL,608,2179995.07,2179995.07,ok,banner,,
SENATOR BARBARA BOXER,2015,SENATORS OFFICIAL PERSONNEL AND OFFICE EXPENSE ACCOUNT,608,BANNER ORGANIZATION TOTALS,608,2329862.54,2331693.26,fail,banner,,
SENATOR SCOTT P. BROWN,2013,SENATORS OFFICIAL PERSONNEL AND OFFICE EXPENSE ACCOUNT,622,BANNER NET PAYROLL,622,0.0,0.0,banner_missing,banner,,
SENATOR SCOTT P. BROWN,2013,SENATORS OFFICIAL PERSONNEL AND OFFICE EXPENSE ACCOUNT,622,BANNER ORGANIZATION TOTALS,622,0.0,0.0,ok,banner,,
SENATOR SHERROD BROWN,2013,SENATORS OFFICIAL PERSONNEL AND OFFICE EXPENSE ACCOUNT,623,BANNER NET PAYROLL,623,0.0,0.0,banner_missing,banner,,
SENATOR SHERROD BROWN,2013,SENATORS OFFICIAL PERSONNEL AND OFFICE EXPENSE ACCOUNT,623,BANNER ORGANIZATION TOTALS,623,0.0,0.0,ok,banner,,
SENATOR SHERROD BROWN,2014,SENATORS OFFICIAL PERSONNEL AND OFFICE EXPENSE ACCOUNT,624,BANNER NET PAYROLL,624,0.0,0.0,banner_missing,banner,,
SENATOR SHERROD BROWN,2014,SENATORS OFFICIAL PERSONNEL AND OFFICE EXPENSE ACCOUNT,624,BANNER ORGANIZATION TOTALS,624,0.0,0.0,ok,banner,,
SENATOR SHERROD BROWN,2015,SENATORS OFFICIAL PERSONNEL AND OFFICE EXPENSE ACCOUNT,625,TRAVEL AND TRANSPORTATION OF PERSONS,647,80268.28,80268.28,ok,segment,,
SENATOR SHERROD BROWN,2015,SENATORS OFFICIAL PERSONNEL AND OFFICE EXPENSE ACCOUNT,625,OTHER CONTRACTUAL SERVICES,648,4973.21,4973.21,ok,segment,,
SENATOR SHERROD BROWN,2015,SENATORS OFFICIAL PERSONNEL AND OFFICE EXPENSE ACCOUNT,625,ACQUISITION OF ASSETS,648,423.17,423.17,ok,segment,,
SENATOR SHERROD BROWN,2015,SENATORS OFFICIAL PERSONNEL AND OFFICE EXPENSE ACCOUNT,625,OTHER PERSONNEL COMPENSATION,648,1387.38,0.0,component,payroll_component,,
SENATOR SHERROD BROWN,2015,SENATORS OFFICIAL PERSONNEL AND OFFICE EXPENSE ACCOUNT,625,PERSONNEL COMP. FULL-TIME PERMANENT,648,1636605.25,0.0,component,payroll_component,,
SENATOR SHERROD BROWN,2015,SENATORS OFFICIAL PERSONNEL AND OFFICE EXPENSE ACCOUNT,625,PERSONNEL BENEFITS,648,6496.5,0.0,component,payroll_component,,
SENATOR SHERROD BROWN,2015,SENATORS OFFICIAL PERSONNEL AND OFFICE EXPENSE ACCOUNT,625,NET PAYROLL EXPENSES,648,1644489.13,1644489.13,ok,segment,,
SENATOR SHERROD BROWN,2015,SENATORS OFFICIAL PERSONNEL AND OFFICE EXPENSE ACCOUNT,625,BANNER NET PAYROLL,625,1644489.13,1644489.13,ok,banner,,
SENATOR SHERROD BROWN,2015,SENATORS OFFICIAL PERSONNEL AND OFFICE EXPENSE ACCOUNT,625,BANNER ORGANIZATION TOTALS,625,1776084.28,1730153.79,fail,banner,,
SENATOR RICHARD BURR,2013,SENATORS OFFICIAL PERSONNEL AND OFFICE EXPENSE ACCOUNT,649,BANNER NET PAYROLL,649,0.0,0.0,banner_missing,banner,,
SENATOR RICHARD BURR,2013,SENATORS OFFICIAL PERSONNEL AND OFFICE EXPENSE ACCOUNT,649,BANNER ORGANIZATION TOTALS,649,0.0,0.0,ok,banner,,
SENATOR RICHARD BURR,2014,SENATORS OFFICIAL PERSONNEL AND OFFICE EXPENSE ACCOUNT,650,BANNER NET PAYROLL,650,0.0,0.0,banner_missing,banner,,
SENATOR RICHARD BURR,2014,SENATORS OFFICIAL PERSONNEL AND OFFICE EXPENSE ACCOUNT,650,BANNER ORGANIZATION TOTALS,650,48.0,0.0,fail,banner,,
SENATOR RICHARD BURR,2015,SENATORS OFFICIAL PERSONNEL AND OFFICE EXPENSE ACCOUNT,651,TRAVEL AND TRANSPORTATION OF PERSONS,660,62762.55,62762.55,ok,segment,,
SENATOR RICHARD BURR,2015,SENATORS OFFICIAL PERSONNEL AND OFFICE EXPENSE ACCOUNT,651,OTHER CONTRACTUAL SERVICES,660,3702.51,3702.51,ok,segment,,
SENATOR RICHARD BURR,2015,SENATORS OFFICIAL PERSONNEL AND OFFICE EXPENSE ACCOUNT,651,OTHER PERSONNEL COMPENSATION,660,2436.46,0.0,component,payroll_component,,
SENATOR RICHARD BURR,2015,SENATORS OFFICIAL PERSONNEL AND OFFICE EXPENSE ACCOUNT,651,PERSONNEL COMP. FULL-TIME PERMANENT,660,1361651.78,0.0,component,payroll_component,,
SENATOR RICHARD BURR,2015,SENATORS OFFICIAL PERSONNEL AND OFFICE EXPENSE ACCOUNT,651,RE-EMPLOYED ANNUITANTS,660,6872.93,0.0,component,payroll_component,,
SENATOR RICHARD BURR,2015,SENATORS OFFICIAL PERSONNEL AND OFFICE EXPENSE ACCOUNT,651,PERSONNEL BENEFITS,660,2543.6,0.0,component,payroll_component,,
SENATOR RICHARD BURR,2015,SENATORS OFFICIAL PERSONNEL AND OFFICE EXPENSE ACCOUNT,651,NET PAYROLL EXPENSES,661,1373504.77,1373504.77,ok,segment,,
SENATOR RICHARD BURR,2015,SENATORS OFFICIAL PERSONNEL AND OFFICE EXPENSE ACCOUNT,651,BANNER NET PAYROLL,651,1373504.77,1373504.77,ok,banner,,
SENATOR RICHARD BURR,2015,SENATORS OFFICIAL PERSONNEL AND OFFICE EXPENSE ACCOUNT,651,BANNER ORGANIZATION TOTALS,651,1476795.13,1439969.83,fail,banner,,
SENATOR MARIA CANTWELL,2013,SENATORS OFFICIAL PERSONNEL AND OFFICE EXPENSE ACCOUNT,662,BANNER NET PAYROLL,662,0.0,0.0,banner_missing,banner,,
SENATOR MARIA CANTWELL,2013,SENATORS OFFICIAL PERSONNEL AND OFFICE EXPENSE ACCOUNT,662,BANNER ORGANIZATION TOTALS,662,0.0,0.0,ok,banner,,
SENATOR MARIA CANTWELL,2014,SENATORS OFFICIAL PERSONNEL AND OFFICE EXPENSE ACCOUNT,663,ACQUISITION OF ASSETS,663,24640.0,24640.0,ok,segment,,
SENATOR MARIA CANTWELL,2014,SENATORS OFFICIAL PERSONNEL AND OFFICE EXPENSE ACCOUNT,663,BANNER NET PAYROLL,663,0.0,0.0,banner_missing,banner,,
SENATOR MARIA CANTWELL,2014,SENATORS OFFICIAL PERSONNEL AND OFFICE EXPENSE ACCOUNT,663,BANNER ORGANIZATION TOTALS,663,24640.0,24640.0,ok,banner,,
SENATOR MARIA CANTWELL,2015,SENATORS OFFICIAL PERSONNEL AND OFFICE EXPENSE ACCOUNT,664,TRAVEL AND TRANSPORTATION OF PERSONS,683,106158.3,106158.3,ok,segment,,
SENATOR MARIA CANTWELL,2015,SENATORS OFFICIAL PERSONNEL AND OFFICE EXPENSE ACCOUNT,664,OTHER CONTRACTUAL SERVICES,683,554.35,554.35,ok,segment,,
SENATOR MARIA CANTWELL,2015,SENATORS OFFICIAL PERSONNEL AND OFFICE EXPENSE ACCOUNT,664,ACQUISITION OF ASSETS,684,24874.94,24874.94,ok,segment,,
SENATOR MARIA CANTWELL,2015,SENATORS OFFICIAL PERSONNEL AND OFFICE EXPENSE ACCOUNT,664,OTHER PERSONNEL COMPENSATION,684,7098.48,0.0,component,payroll_component,,
SENATOR MARIA CANTWELL,2015,SENATORS OFFICIAL PERSONNEL AND OFFICE EXPENSE ACCOUNT,664,PERSONNEL COMP. FULL-TIME PERMANENT,684,1414552.73,0.0,component,payroll_component,,
SENATOR MARIA CANTWELL,2015,SENATORS OFFICIAL PERSONNEL AND OFFICE EXPENSE ACCOUNT,664,RE-EMPLOYED ANNUITANTS,684,4962.0,0.0,component,payroll_component,,
SENATOR MARIA CANTWELL,2015,SENATORS OFFICIAL PERSONNEL AND OFFICE EXPENSE ACCOUNT,664,PERSONNEL BENEFITS,684,5697.55,0.0,component,payroll_component,,
SENATOR MARIA CANTWELL,2015,SENATORS OFFICIAL PERSONNEL AND OFFICE EXPENSE ACCOUNT,664,NET PAYROLL EXPENSES,684,1432310.76,1432310.76,ok,segment,,
SENATOR MARIA CANTWELL,2015,SENATORS OFFICIAL PERSONNEL AND OFFICE EXPENSE ACCOUNT,664,BANNER NET PAYROLL,664,1432310.76,1432310.76,ok,banner,,
SENATOR MARIA CANTWELL,2015,SENATORS OFFICIAL PERSONNEL AND OFFICE EXPENSE ACCOUNT,664,BANNER ORGANIZATION TOTALS,664,1636139.99,1563898.35,fail,banner,,
SENATOR SHELLEY MOORE CAPITO,2015,SENATORS OFFICIAL PERSONNEL AND OFFICE EXPENSE ACCOUNT,685,TRAVEL AND TRANSPORTATION OF PERSONS,696,68325.03,68325.03,ok,segment,,
SENATOR SHELLEY MOORE CAPITO,2015,SENATORS OFFICIAL PERSONNEL AND OFFICE EXPENSE ACCOUNT,685,OTHER CONTRACTUAL SERVICES,696,11297.4,11297.4,ok,segment,,
SENATOR SHELLEY MOORE CAPITO,2015,SENATORS OFFICIAL PERSONNEL AND OFFICE EXPENSE ACCOUNT,685,ACQUISITION OF ASSETS,696,17943.88,17943.88,ok,segment,,
SENATOR SHELLEY MOORE CAPITO,2015,SENATORS OFFICIAL PERSONNEL AND OFFICE EXPENSE ACCOUNT,685,PERSONNEL COMP. FULL-TIME PERMANENT,696,1042511.32,0.0,component,payroll_component,,
SENATOR SHELLEY MOORE CAPITO,2015,SENATORS OFFICIAL PERSONNEL AND OFFICE EXPENSE ACCOUNT,685,RE-EMPLOYED ANNUITANTS,696,2700.0,0.0,component,payroll_component,,
SENATOR SHELLEY MOORE CAPITO,2015,SENATORS OFFICIAL PERSONNEL AND OFFICE EXPENSE ACCOUNT,685,PERSONNEL BENEFITS,696,1450.6,0.0,component,payroll_component,,
SENATOR SHELLEY MOORE CAPITO,2015,SENATORS OFFICIAL PERSONNEL AND OFFICE EXPENSE ACCOUNT,685,NET PAYROLL EXPENSES,696,1046661.92,1009706.29,fail,segment,inconclusive,0.0
SENATOR SHELLEY MOORE CAPITO,2015,SENATORS OFFICIAL PERSONNEL AND OFFICE EXPENSE ACCOUNT,685,BANNER NET PAYROLL,685,1046661.92,1046661.92,ok,banner,,
SENATOR SHELLEY MOORE CAPITO,2015,SENATORS OFFICIAL PERSONNEL AND OFFICE EXPENSE ACCOUNT,685,BANNER ORGANIZATION TOTALS,685,1179355.39,1107272.6,fail,banner,,
SENATOR BENJAMIN L CARDIN,2013,SENATORS OFFICIAL PERSONNEL AND OFFICE EXPENSE ACCOUNT,697,BANNER NET PAYROLL,697,0.0,0.0,banner_missing,banner,,
SENATOR BENJAMIN L CARDIN,2013,SENATORS OFFICIAL PERSONNEL AND OFFICE EXPENSE ACCOUNT,697,BANNER ORGANIZATION TOTALS,697,0.0,0.0,ok,banner,,
SENATOR BENJAMIN L CARDIN,2014,SENATORS OFFICIAL PERSONNEL AND OFFICE EXPENSE ACCOUNT,698,BANNER NET PAYROLL,698,0.0,0.0,banner_missing,banner,,
SENATOR BENJAMIN L CARDIN,2014,SENATORS OFFICIAL PERSONNEL AND OFFICE EXPENSE ACCOUNT,698,BANNER ORGANIZATION TOTALS,698,0.0,0.0,ok,banner,,
SENATOR BENJAMIN L CARDIN,2015,SENATORS OFFICIAL PERSONNEL AND OFFICE EXPENSE ACCOUNT,699,TRAVEL AND TRANSPORTATION OF PERSONS,703,13704.91,13704.91,ok,segment,,
SENATOR BENJAMIN L CARDIN,2015,SENATORS OFFICIAL PERSONNEL AND OFFICE EXPENSE ACCOUNT,699,OTHER CONTRACTUAL SERVICES,703,244.6,244.6,ok,segment,,
SENATOR BENJAMIN L CARDIN,2015,SENATORS OFFICIAL PERSONNEL AND OFFICE EXPENSE ACCOUNT,699,ACQUISITION OF ASSETS,703,5909.7,5909.7,ok,segment,,
SENATOR BENJAMIN L CARDIN,2015,SENATORS OFFICIAL PERSONNEL AND OFFICE EXPENSE ACCOUNT,699,OTHER PERSONNEL COMPENSATION,703,1959.13,0.0,component,payroll_component,,
SENATOR BENJAMIN L CARDIN,2015,SENATORS OFFICIAL PERSONNEL AND OFFICE EXPENSE ACCOUNT,699,PERSONNEL COMP. FULL-TIME PERMANENT,703,1552553.91,0.0,component,payroll_component,,
SENATOR BENJAMIN L CARDIN,2015,SENATORS OFFICIAL PERSONNEL AND OFFICE EXPENSE ACCOUNT,699,PERSONNEL BENEFITS,704,7889.35,0.0,component,payroll_component,,
SENATOR BENJAMIN L CARDIN,2015,SENATORS OFFICIAL PERSONNEL AND OFFICE EXPENSE ACCOUNT,699,NET PAYROLL EXPENSES,704,1562402.39,1562402.39,ok,segment,,
SENATOR BENJAMIN L CARDIN,2015,SENATORS OFFICIAL PERSONNEL AND OFFICE EXPENSE ACCOUNT,699,BANNER NET PAYROLL,699,1562402.39,1562402.39,ok,banner,,
SENATOR BENJAMIN L CARDIN,2015,SENATORS OFFICIAL PERSONNEL AND OFFICE EXPENSE ACCOUNT,699,BANNER ORGANIZATION TOTALS,699,1606236.32,1582261.6,fail,banner,,
SENATOR THOMAS R. CARPER,2013,SENATORS OFFICIAL PERSONNEL AND OFFICE EXPENSE ACCOUNT,705,BANNER NET PAYROLL,705,0.0,0.0,banner_missing,banner,,
SENATOR THOMAS R. CARPER,2013,SENATORS OFFICIAL PERSONNEL AND OFFICE EXPENSE ACCOUNT,705,BANNER ORGANIZATION TOTALS,705,0.0,0.0,ok,banner,,
SENATOR THOMAS R. CARPER,2014,SENATORS OFFICIAL PERSONNEL AND OFFICE EXPENSE ACCOUNT,706,BANNER NET PAYROLL,706,0.0,0.0,banner_missing,banner,,
SENATOR THOMAS R. CARPER,2014,SENATORS OFFICIAL PERSONNEL AND OFFICE EXPENSE ACCOUNT,706,BANNER ORGANIZATION TOTALS,706,0.0,0.0,ok,banner,,
SENATOR THOMAS R. CARPER,2015,SENATORS OFFICIAL PERSONNEL AND OFFICE EXPENSE ACCOUNT,707,TRAVEL AND TRANSPORTATION OF PERSONS,718,28153.99,28153.99,ok,segment,,
SENATOR THOMAS R. CARPER,2015,SENATORS OFFICIAL PERSONNEL AND OFFICE EXPENSE ACCOUNT,707,OTHER CONTRACTUAL SERVICES,719,454.3,454.3,ok,segment,,
SENATOR THOMAS R. CARPER,2015,SENATORS OFFICIAL PERSONNEL AND OFFICE EXPENSE ACCOUNT,707,OTHER PERSONNEL COMPENSATION,719,2631.79,0.0,component,payroll_component,,
SENATOR THOMAS R. CARPER,2015,SENATORS OFFICIAL PERSONNEL AND OFFICE EXPENSE ACCOUNT,707,PERSONNEL COMP. FULL-TIME PERMANENT,719,1424723.21,0.0,component,payroll_component,,
SENATOR THOMAS R. CARPER,2015,SENATORS OFFICIAL PERSONNEL AND OFFICE EXPENSE ACCOUNT,707,PERSONNEL BENEFITS,719,8062.8,0.0,component,payroll_component,,
SENATOR THOMAS R. CARPER,2015,SENATORS OFFICIAL PERSONNEL AND OFFICE EXPENSE ACCOUNT,707,NET PAYROLL EXPENSES,719,1435417.8,1435417.8,ok,segment,,
SENATOR THOMAS R. CARPER,2015,SENATORS OFFICIAL PERSONNEL AND OFFICE EXPENSE ACCOUNT,707,BANNER NET PAYROLL,707,1435417.8,1435417.8,ok,banner,,
SENATOR THOMAS R. CARPER,2015,SENATORS OFFICIAL PERSONNEL AND OFFICE EXPENSE ACCOUNT,707,BANNER ORGANIZATION TOTALS,707,1491136.46,1464026.09,fail,banner,,
"SENATOR ROBERT CASEY, JR.",2013,SENATORS OFFICIAL PERSONNEL AND OFFICE EXPENSE ACCOUNT,720,BANNER NET PAYROLL,720,0.0,0.0,banner_missing,banner,,
"SENATOR ROBERT CASEY, JR.",2013,SENATORS OFFICIAL PERSONNEL AND OFFICE EXPENSE ACCOUNT,720,BANNER ORGANIZATION TOTALS,720,0.0,0.0,ok,banner,,
"SENATOR ROBERT CASEY, JR.",2014,SENATORS OFFICIAL PERSONNEL AND OFFICE EXPENSE ACCOUNT,721,TRAVEL AND TRANSPORTATION OF PERSONS,721,31.92,31.92,ok,segment,,
"SENATOR ROBERT CASEY, JR.",2014,SENATORS OFFICIAL PERSONNEL AND OFFICE EXPENSE ACCOUNT,721,BANNER NET PAYROLL,721,0.0,0.0,banner_missing,banner,,
"SENATOR ROBERT CASEY, JR.",2014,SENATORS OFFICIAL PERSONNEL AND OFFICE EXPENSE ACCOUNT,721,BANNER ORGANIZATION TOTALS,721,87.79,31.92,fail,banner,,
"SENATOR ROBERT CASEY, JR.",2015,SENATORS OFFICIAL PERSONNEL AND OFFICE EXPENSE ACCOUNT,722,TRAVEL AND TRANSPORTATION OF PERSONS,738,67408.16,67408.16,ok,segment,,
"SENATOR ROBERT CASEY, JR.",2015,SENATORS OFFICIAL PERSONNEL AND OFFICE EXPENSE ACCOUNT,722,OTHER CONTRACTUAL SERVICES,739,279.4,279.4,ok,segment,,
"SENATOR ROBERT CASEY, JR.",2015,SENATORS OFFICIAL PERSONNEL AND OFFICE EXPENSE ACCOUNT,722,ACQUISITION OF ASSETS,739,665.71,665.71,ok,segment,,
"SENATOR ROBERT CASEY, JR.",2015,SENATORS OFFICIAL PERSONNEL AND OFFICE EXPENSE ACCOUNT,722,OTHER PERSONNEL COMPENSATION,739,3321.95,0.0,component,payroll_component,,
"SENATOR ROBERT CASEY, JR.",2015,SENATORS OFFICIAL PERSONNEL AND OFFICE EXPENSE ACCOUNT,722,PERSONNEL COMP. FULL-TIME PERMANENT,739,1798822.86,0.0,component,payroll_component,,
"SENATOR ROBERT CASEY, JR.",2015,SENATORS OFFICIAL PERSONNEL AND OFFICE EXPENSE ACCOUNT,722,PERSONNEL BENEFITS,739,5281.8,0.0,component,payroll_component,,
"SENATOR ROBERT CASEY, JR.",2015,SENATORS OFFICIAL PERSONNEL AND OFFICE EXPENSE ACCOUNT,722,NET PAYROLL EXPENSES,739,1807426.61,1807426.61,ok,segment,,
"SENATOR ROBERT CASEY, JR.",2015,SENATORS OFFICIAL PERSONNEL AND OFFICE EXPENSE ACCOUNT,722,BANNER NET PAYROLL,722,1807426.61,1807426.61,ok,banner,,
"SENATOR ROBERT CASEY, JR.",2015,SENATORS OFFICIAL PERSONNEL AND OFFICE EXPENSE ACCOUNT,722,BANNER ORGANIZATION TOTALS,722,1919968.67,1875779.88,fail,banner,,
SENATOR BILL CASSIDY,2015,SENATORS OFFICIAL PERSONNEL AND OFFICE EXPENSE ACCOUNT,740,TRAVEL AND TRANSPORTATION OF PERSONS,755,74538.76,74538.76,ok,segment,,
SENATOR BILL CASSIDY,2015,SENATORS OFFICIAL PERSONNEL AND OFFICE EXPENSE ACCOUNT,740,OTHER CONTRACTUAL SERVICES,755,1008.3,1008.3,ok,segment,,
SENATOR BILL CASSIDY,2015,SENATORS OFFICIAL PERSONNEL AND OFFICE EXPENSE ACCOUNT,740,ACQUISITION OF ASSETS,756,5227.97,5227.97,ok,segment,,
SENATOR BILL CASSIDY,2015,SENATORS OFFICIAL PERSONNEL AND OFFICE EXPENSE ACCOUNT,740,PERSONNEL COMP. FULL-TIME PERMANENT,756,1081707.7,0.0,component,payroll_component,,
SENATOR BILL CASSIDY,2015,SENATORS OFFICIAL PERSONNEL AND OFFICE EXPENSE ACCOUNT,740,PERSONNEL BENEFITS,756,1558.15,0.0,component,payroll_component,,
SENATOR BILL CASSIDY,2015,SENATORS OFFICIAL PERSONNEL AND OFFICE EXPENSE ACCOUNT,740,NET PAYROLL EXPENSES,756,1083265.85,1065279.75,fail,segment,inconclusive,0.0
SENATOR BILL CASSIDY,2015,SENATORS OFFICIAL PERSONNEL AND OFFICE EXPENSE ACCOUNT,740,BANNER NET PAYROLL,740,1083265.85,1083265.85,ok,banner,,
SENATOR BILL CASSIDY,2015,SENATORS OFFICIAL PERSONNEL AND OFFICE EXPENSE ACCOUNT,740,BANNER ORGANIZATION TOTALS,740,1301166.72,1146054.78,fail,banner,,
SENATOR SAXBY CHAMBLISS,2013,SENATORS OFFICIAL PERSONNEL AND OFFICE EXPENSE ACCOUNT,757,BANNER NET PAYROLL,757,0.0,0.0,banner_missing,banner,,
SENATOR SAXBY CHAMBLISS,2013,SENATORS OFFICIAL PERSONNEL AND OFFICE EXPENSE ACCOUNT,757,BANNER ORGANIZATION TOTALS,757,0.0,0.0,ok,banner,,
SENATOR SAXBY CHAMBLISS,2014,SENATORS OFFICIAL PERSONNEL AND OFFICE EXPENSE ACCOUNT,758,BANNER NET PAYROLL,758,0.0,0.0,banner_missing,banner,,
SENATOR SAXBY CHAMBLISS,2014,SENATORS OFFICIAL PERSONNEL AND OFFICE EXPENSE ACCOUNT,758,BANNER ORGANIZATION TOTALS,758,0.0,0.0,ok,banner,,
SENATOR SAXBY CHAMBLISS,2015,SENATORS OFFICIAL PERSONNEL AND OFFICE EXPENSE ACCOUNT,759,OTHER CONTRACTUAL SERVICES,759,210.0,210.0,ok,segment,,
SENATOR SAXBY CHAMBLISS,2015,SENATORS OFFICIAL PERSONNEL AND OFFICE EXPENSE ACCOUNT,759,PERSONNEL BENEFITS,759,-1099.2,0.0,component,payroll_component,,
SENATOR SAXBY CHAMBLISS,2015,SENATORS OFFICIAL PERSONNEL AND OFFICE EXPENSE ACCOUNT,759,NET PAYROLL EXPENSES,759,-1099.2,-1099.2,ok,segment,,
SENATOR SAXBY CHAMBLISS,2015,SENATORS OFFICIAL PERSONNEL AND OFFICE EXPENSE ACCOUNT,759,BANNER NET PAYROLL,759,1099.2,1099.2,ok,banner,,
SENATOR SAXBY CHAMBLISS,2015,SENATORS OFFICIAL PERSONNEL AND OFFICE EXPENSE ACCOUNT,759,BANNER ORGANIZATION TOTALS,759,2071.0,889.2,fail,banner,,
SENATOR JEFFREY CHIESA,2013,SENATORS OFFICIAL PERSONNEL AND OFFICE EXPENSE ACCOUNT,760,BANNER NET PAYROLL,760,0.0,0.0,banner_missing,banner,,
SENATOR JEFFREY CHIESA,2013,SENATORS OFFICIAL PERSONNEL AND OFFICE EXPENSE ACCOUNT,760,BANNER ORGANIZATION TOTALS,760,0.0,0.0,ok,banner,,
SENATOR JEFFREY CHIESA,2014,SENATORS OFFICIAL PERSONNEL AND OFFICE EXPENSE ACCOUNT,761,BANNER NET PAYROLL,761,0.0,0.0,banner_missing,banner,,
SENATOR JEFFREY CHIESA,2014,SENATORS OFFICIAL PERSONNEL AND OFFICE EXPENSE ACCOUNT,761,BANNER ORGANIZATION TOTALS,761,0.0,0.0,ok,banner,,
SENATOR DANIEL R. COATS,2013,SENATORS OFFICIAL PERSONNEL AND OFFICE EXPENSE ACCOUNT,762,BANNER NET PAYROLL,762,0.0,0.0,banner_missing,banner,,
SENATOR DANIEL R. COATS,2013,SENATORS OFFICIAL PERSONNEL AND OFFICE EXPENSE ACCOUNT,762,BANNER ORGANIZATION TOTALS,762,0.0,0.0,ok,banner,,
SENATOR DANIEL R. COATS,2014,SENATORS OFFICIAL PERSONNEL AND OFFICE EXPENSE ACCOUNT,763,ACQUISITION OF ASSETS,763,1044.0,1044.0,ok,segment,,
SENATOR DANIEL R. COATS,2014,SENATORS OFFICIAL PERSONNEL AND OFFICE EXPENSE ACCOUNT,763,BANNER NET PAYROLL,763,0.0,0.0,banner_missing,banner,,
SENATOR DANIEL R. COATS,2014,SENATORS OFFICIAL PERSONNEL AND OFFICE EXPENSE ACCOUNT,763,BANNER ORGANIZATION TOTALS,763,1044.0,1044.0,ok,banner,,
SENATOR DANIEL R. COATS,2015,SENATORS OFFICIAL PERSONNEL AND OFFICE EXPENSE ACCOUNT,764,TRAVEL AND TRANSPORTATION OF PERSONS,784,57450.88,57450.88,ok,segment,,
SENATOR DANIEL R. COATS,2015,SENATORS OFFICIAL PERSONNEL AND OFFICE EXPENSE ACCOUNT,764,OTHER CONTRACTUAL SERVICES,784,420.7,420.7,ok,segment,,
SENATOR DANIEL R. COATS,2015,SENATORS OFFICIAL PERSONNEL AND OFFICE EXPENSE ACCOUNT,764,PERSONNEL COMP. FULL-TIME PERMANENT,784,1127114.43,0.0,component,payroll_component,,
SENATOR DANIEL R. COATS,2015,SENATORS OFFICIAL PERSONNEL AND OFFICE EXPENSE ACCOUNT,764,RE-EMPLOYED ANNUITANTS,784,4095.99,0.0,component,payroll_component,,
SENATOR DANIEL R. COATS,2015,SENATORS OFFICIAL PERSONNEL AND OFFICE EXPENSE ACCOUNT,764,PERSONNEL BENEFITS,784,3783.6,0.0,component,payroll_component,,
SENATOR DANIEL R. COATS,2015,SENATORS OFFICIAL PERSONNEL AND OFFICE EXPENSE ACCOUNT,764,NET PAYROLL EXPENSES,784,1134994.02,1133369.02,fail,segment,inconclusive,0.0
SENATOR DANIEL R. COATS,2015,SENATORS OFFICIAL PERSONNEL AND OFFICE EXPENSE ACCOUNT,764,BANNER NET PAYROLL,764,1134994.02,1134994.02,ok,banner,,
SENATOR DANIEL R. COATS,2015,SENATORS OFFICIAL PERSONNEL AND OFFICE EXPENSE ACCOUNT,764,BANNER ORGANIZATION TOTALS,764,1235115.96,1191240.6,fail,banner,,
SENATOR TOM COBURN,2013,SENATORS OFFICIAL PERSONNEL AND OFFICE EXPENSE ACCOUNT,785,BANNER NET PAYROLL,785,0.0,0.0,banner_missing,banner,,
SENATOR TOM COBURN,2013,SENATORS OFFICIAL PERSONNEL AND OFFICE EXPENSE ACCOUNT,785,BANNER ORGANIZATION TOTALS,785,0.0,0.0,ok,banner,,
SENATOR TOM COBURN,2014,SENATORS OFFICIAL PERSONNEL AND OFFICE EXPENSE ACCOUNT,786,BANNER NET PAYROLL,786,0.0,0.0,banner_missing,banner,,
SENATOR TOM COBURN,2014,SENATORS OFFICIAL PERSONNEL AND OFFICE EXPENSE ACCOUNT,786,BANNER ORGANIZATION TOTALS,786,0.0,0.0,ok,banner,,
SENATOR TOM COBURN,2015,SENATORS OFFICIAL PERSONNEL AND OFFICE EXPENSE ACCOUNT,787,BANNER NET PAYROLL,787,0.0,0.0,banner_missing,banner,,
SENATOR TOM COBURN,2015,SENATORS OFFICIAL PERSONNEL AND OFFICE EXPENSE ACCOUNT,787,BANNER ORGANIZATION TOTALS,787,14.05,0.0,fail,banner,,
SENATOR THAD COCHRAN,2013,SENATORS OFFICIAL PERSONNEL AND OFFICE EXPENSE ACCOUNT,788,BANNER NET PAYROLL,788,0.0,0.0,banner_missing,banner,,
SENATOR THAD COCHRAN,2013,SENATORS OFFICIAL PERSONNEL AND OFFICE EXPENSE ACCOUNT,788,BANNER ORGANIZATION TOTALS,788,0.0,0.0,ok,banner,,
SENATOR THAD COCHRAN,2014,SENATORS OFFICIAL PERSONNEL AND OFFICE EXPENSE ACCOUNT,789,BANNER NET PAYROLL,789,0.0,0.0,banner_missing,banner,,
SENATOR THAD COCHRAN,2014,SENATORS OFFICIAL PERSONNEL AND OFFICE EXPENSE ACCOUNT,789,BANNER ORGANIZATION TOTALS,789,0.0,0.0,ok,banner,,
SENATOR THAD COCHRAN,2015,SENATORS OFFICIAL PERSONNEL AND OFFICE EXPENSE ACCOUNT,790,TRAVEL AND TRANSPORTATION OF PERSONS,802,71626.0,71626.0,ok,segment,,
SENATOR THAD COCHRAN,2015,SENATORS OFFICIAL PERSONNEL AND OFFICE EXPENSE ACCOUNT,790,OTHER CONTRACTUAL SERVICES,802,2371.8,2371.8,ok,segment,,
SENATOR THAD COCHRAN,2015,SENATORS OFFICIAL PERSONNEL AND OFFICE EXPENSE ACCOUNT,790,ACQUISITION OF ASSETS,802,193.91,193.91,ok,segment,,
SENATOR THAD COCHRAN,2015,SENATORS OFFICIAL PERSONNEL AND OFFICE EXPENSE ACCOUNT,790,PERSONNEL COMP. FULL-TIME PERMANENT,802,1302803.17,0.0,component,payroll_component,,
SENATOR THAD COCHRAN,2015,SENATORS OFFICIAL PERSONNEL AND OFFICE EXPENSE ACCOUNT,790,NET PAYROLL EXPENSES,802,1302803.17,1362803.17,fail,segment,inconclusive,0.0
SENATOR THAD COCHRAN,2015,SENATORS OFFICIAL PERSONNEL AND OFFICE EXPENSE ACCOUNT,790,BANNER NET PAYROLL,790,1302803.17,1302803.17,ok,banner,,
SENATOR THAD COCHRAN,2015,SENATORS OFFICIAL PERSONNEL AND OFFICE EXPENSE ACCOUNT,790,BANNER ORGANIZATION TOTALS,790,1421907.81,1436994.88,fail,banner,,
SENATOR SUSAN M. COLLINS,2013,SENATORS OFFICIAL PERSONNEL AND OFFICE EXPENSE ACCOUNT,803,BANNER NET PAYROLL,803,0.0,0.0,banner_missing,banner,,
SENATOR SUSAN M. COLLINS,2013,SENATORS OFFICIAL PERSONNEL AND OFFICE EXPENSE ACCOUNT,803,BANNER ORGANIZATION TOTALS,803,0.0,0.0,ok,banner,,
SENATOR SUSAN M. COLLINS,2014,SENATORS OFFICIAL PERSONNEL AND OFFICE EXPENSE ACCOUNT,804,BANNER NET PAYROLL,804,0.0,0.0,banner_missing,banner,,
SENATOR SUSAN M. COLLINS,2014,SENATORS OFFICIAL PERSONNEL AND OFFICE EXPENSE ACCOUNT,804,BANNER ORGANIZATION TOTALS,804,0.0,0.0,ok,banner,,
SENATOR SUSAN M. COLLINS,2015,SENATORS OFFICIAL PERSONNEL AND OFFICE EXPENSE ACCOUNT,805,TRAVEL AND TRANSPORTATION OF PERSONS,821,56440.95,56440.95,ok,segment,,
SENATOR SUSAN M. COLLINS,2015,SENATORS OFFICIAL PERSONNEL AND OFFICE EXPENSE ACCOUNT,805,OTHER CONTRACTUAL SERVICES,822,10721.21,10721.21,ok,segment,,
SENATOR SUSAN M. COLLINS,2015,SENATORS OFFICIAL PERSONNEL AND OFFICE EXPENSE ACCOUNT,805,ACQUISITION OF ASSETS,823,40420.59,40420.59,ok,segment,,
SENATOR SUSAN M. COLLINS,2015,SENATORS OFFICIAL PERSONNEL AND OFFICE EXPENSE ACCOUNT,805,OTHER PERSONNEL COMPENSATION,823,21228.58,0.0,component,payroll_component,,
SENATOR SUSAN M. COLLINS,2015,SENATORS OFFICIAL PERSONNEL AND OFFICE EXPENSE ACCOUNT,805,PERSONNEL COMP. FULL-TIME PERMANENT,823,1169242.03,0.0,component,payroll_component,,
SENATOR SUSAN M. COLLINS,2015,SENATORS OFFICIAL PERSONNEL AND OFFICE EXPENSE ACCOUNT,805,PERSONNEL BENEFITS,823,1486.4,0.0,component,payroll_component,,
SENATOR SUSAN M. COLLINS,2015,SENATORS OFFICIAL PERSONNEL AND OFFICE EXPENSE ACCOUNT,805,NET PAYROLL EXPENSES,823,1191957.01,1194635.48,fail,segment,inconclusive,0.0
SENATOR SUSAN M. COLLINS,2015,SENATORS OFFICIAL PERSONNEL AND OFFICE EXPENSE ACCOUNT,805,BANNER NET PAYROLL,805,1191957.01,1191957.01,ok,banner,,
SENATOR SUSAN M. COLLINS,2015,SENATORS OFFICIAL PERSONNEL AND OFFICE EXPENSE ACCOUNT,805,BANNER ORGANIZATION TOTALS,805,1364402.58,1302218.23,fail,banner,,
SENATOR KENT CONRAD,2013,SENATORS OFFICIAL PERSONNEL AND OFFICE EXPENSE ACCOUNT,824,BANNER NET PAYROLL,824,0.0,0.0,banner_missing,banner,,
SENATOR KENT CONRAD,2013,SENATORS OFFICIAL PERSONNEL AND OFFICE EXPENSE ACCOUNT,824,BANNER ORGANIZATION TOTALS,824,0.0,0.0,ok,banner,,
SENATOR CHRISTOPHER A. COONS,2013,SENATORS OFFICIAL PERSONNEL AND OFFICE EXPENSE ACCOUNT,825,BANNER NET PAYROLL,825,0.0,0.0,banner_missing,banner,,
SENATOR CHRISTOPHER A. COONS,2013,SENATORS OFFICIAL PERSONNEL AND OFFICE EXPENSE ACCOUNT,825,BANNER ORGANIZATION TOTALS,825,0.0,0.0,ok,banner,,
SENATOR CHRISTOPHER A. COONS,2014,SENATORS OFFICIAL PERSONNEL AND OFFICE EXPENSE ACCOUNT,826,BANNER NET PAYROLL,826,0.0,0.0,banner_missing,banner,,
SENATOR CHRISTOPHER A. COONS,2014,SENATORS OFFICIAL PERSONNEL AND OFFICE EXPENSE ACCOUNT,826,BANNER ORGANIZATION TOTALS,826,0.0,0.0,ok,banner,,
SENATOR CHRISTOPHER A. COONS,2015,SENATORS OFFICIAL PERSONNEL AND OFFICE EXPENSE ACCOUNT,827,TRAVEL AND TRANSPORTATION OF PERSONS,837,40815.64,40815.64,ok,segment,,
SENATOR CHRISTOPHER A. COONS,2015,SENATORS OFFICIAL PERSONNEL AND OFFICE EXPENSE ACCOUNT,827,OTHER CONTRACTUAL SERVICES,837,260.7,260.7,ok,segment,,
SENATOR CHRISTOPHER A. COONS,2015,SENATORS OFFICIAL PERSONNEL AND OFFICE EXPENSE ACCOUNT,827,ACQUISITION OF ASSETS,837,1344.71,1344.71,ok,segment,,
SENATOR CHRISTOPHER A. COONS,2015,SENATORS OFFICIAL PERSONNEL AND OFFICE EXPENSE ACCOUNT,827,OTHER PERSONNEL COMPENSATION,838,2679.43,0.0,component,payroll_component,,
SENATOR CHRISTOPHER A. COONS,2015,SENATORS OFFICIAL PERSONNEL AND OFFICE EXPENSE ACCOUNT,827,PERSONNEL COMP. FULL-TIME PERMANENT,838,1400864.82,0.0,component,payroll_component,,
SENATOR CHRISTOPHER A. COONS,2015,SENATORS OFFICIAL PERSONNEL AND OFFICE EXPENSE ACCOUNT,827,PERSONNEL BENEFITS,838,7881.3,0.0,component,payroll_component,,
SENATOR CHRISTOPHER A. COONS,2015,SENATORS OFFICIAL PERSONNEL AND OFFICE EXPENSE ACCOUNT,827,NET PAYROLL EXPENSES,838,1411425.55,1411425.55,ok,segment,,
SENATOR CHRISTOPHER A. COONS,2015,SENATORS OFFICIAL PERSONNEL AND OFFICE EXPENSE ACCOUNT,827,BANNER NET PAYROLL,827,1411425.55,1411425.55,ok,banner,,
SENATOR CHRISTOPHER A. COONS,2015,SENATORS OFFICIAL PERSONNEL AND OFFICE EXPENSE ACCOUNT,827,BANNER ORGANIZATION TOTALS,827,1503276.33,1453846.6,fail,banner,,
SENATOR BOB CORKER,2013,SENATORS OFFICIAL PERSONNEL AND OFFICE EXPENSE ACCOUNT,839,BANNER NET PAYROLL,839,0.0,0.0,banner_missing,banner,,
SENATOR BOB CORKER,2013,SENATORS OFFICIAL PERSONNEL AND OFFICE EXPENSE ACCOUNT,839,BANNER ORGANIZATION TOTALS,839,0.0,0.0,ok,banner,,
SENATOR BOB CORKER,2014,SENATORS OFFICIAL PERSONNEL AND OFFICE EXPENSE ACCOUNT,840,TRAVEL AND TRANSPORTATION OF PERSONS,840,2973.3,2973.3,ok,segment,,
SENATOR BOB CORKER,2014,SENATORS OFFICIAL PERSONNEL AND OFFICE EXPENSE ACCOUNT,840,BANNER NET PAYROLL,840,0.0,0.0,banner_missing,banner,,
SENATOR BOB CORKER,2014,SENATORS OFFICIAL PERSONNEL AND OFFICE EXPENSE ACCOUNT,840,BANNER ORGANIZATION TOTALS,840,2973.3,2973.3,ok,banner,,
SENATOR BOB CORKER,2015,SENATORS OFFICIAL PERSONNEL AND OFFICE EXPENSE ACCOUNT,841,TRAVEL AND TRANSPORTATION OF PERSONS,864,129516.14,129516.14,ok,segment,,
SENATOR BOB CORKER,2015,SENATORS OFFICIAL PERSONNEL AND OFFICE EXPENSE ACCOUNT,841,OTHER CONTRACTUAL SERVICES,864,3747.05,3747.05,ok,segment,,
SENATOR BOB CORKER,2015,SENATORS OFFICIAL PERSONNEL AND OFFICE EXPENSE ACCOUNT,841,ACQUISITION OF ASSETS,864,853.89,853.89,ok,segment,,
SENATOR BOB CORKER,2015,SENATORS OFFICIAL PERSONNEL AND OFFICE EXPENSE ACCOUNT,841,OTHER PERSONNEL COMPENSATION,864,2374.03,0.0,component,payroll_component,,
SENATOR BOB CORKER,2015,SENATORS OFFICIAL PERSONNEL AND OFFICE EXPENSE ACCOUNT,841,PERSONNEL COMP. FULL-TIME PERMANENT,864,1135481.66,0.0,component,payroll_component,,
SENATOR BOB CORKER,2015,SENATORS OFFICIAL PERSONNEL AND OFFICE EXPENSE ACCOUNT,841,PERSONNEL BENEFITS,864,1331.75,0.0,component,payroll_component,,
SENATOR BOB CORKER,2015,SENATORS OFFICIAL PERSONNEL AND OFFICE EXPENSE ACCOUNT,841,NET PAYROLL EXPENSES,864,1139187.44,1139187.44,ok,segment,,
SENATOR BOB CORKER,2015,SENATORS OFFICIAL PERSONNEL AND OFFICE EXPENSE ACCOUNT,841,BANNER NET PAYROLL,841,1139187.44,1139187.44,ok,banner,,
SENATOR BOB CORKER,2015,SENATORS OFFICIAL PERSONNEL AND OFFICE EXPENSE ACCOUNT,841,BANNER ORGANIZATION TOTALS,841,1353101.4,1273304.52,fail,banner,,
SENATOR JOHN CORNYN,2013,SENATORS OFFICIAL PERSONNEL AND OFFICE EXPENSE ACCOUNT,865,BANNER NET PAYROLL,865,0.0,0.0,banner_missing,banner,,
SENATOR JOHN CORNYN,2013,SENATORS OFFICIAL PERSONNEL AND OFFICE EXPENSE ACCOUNT,865,BANNER ORGANIZATION TOTALS,865,0.0,0.0,ok,banner,,
SENATOR JOHN CORNYN,2014,SENATORS OFFICIAL PERSONNEL AND OFFICE EXPENSE ACCOUNT,866,ACQUISITION OF ASSETS,866,1890.0,1890.0,ok,segment,,
SENATOR JOHN CORNYN,2014,SENATORS OFFICIAL PERSONNEL AND OFFICE EXPENSE ACCOUNT,866,BANNER NET PAYROLL,866,0.0,0.0,banner_missing,banner,,
SENATOR JOHN CORNYN,2014,SENATORS OFFICIAL PERSONNEL AND OFFICE EXPENSE ACCOUNT,866,BANNER ORGANIZATION TOTALS,866,1999.9,1890.0,fail,banner,,
SENATOR JOHN CORNYN,2015,SENATORS OFFICIAL PERSONNEL AND OFFICE EXPENSE ACCOUNT,867,TRAVEL AND TRANSPORTATION OF PERSONS,881,145230.2,145230.2,ok,segment,,
SENATOR JOHN CORNYN,2015,SENATORS OFFICIAL PERSONNEL AND OFFICE EXPENSE ACCOUNT,867,OTHER CONTRACTUAL SERVICES,881,10122.7,10122.7,ok,segment,,
SENATOR JOHN CORNYN,2015,SENATORS OFFICIAL PERSONNEL AND OFFICE EXPENSE ACCOUNT,867,ACQUISITION OF ASSETS,881,3619.99,3619.99,ok,segment,,
SENATOR JOHN CORNYN,2015,SENATORS OFFICIAL PERSONNEL AND OFFICE EXPENSE ACCOUNT,867,OTHER PERSONNEL COMPENSATION,881,2319.41,0.0,component,payroll_component,,
SENATOR JOHN CORNYN,2015,SENATORS OFFICIAL PERSONNEL AND OFFICE EXPENSE ACCOUNT,867,PERSONNEL COMP. FULL-TIME PERMANENT,881,1840705.12,0.0,component,payroll_component,,
SENATOR JOHN CORNYN,2015,SENATORS OFFICIAL PERSONNEL AND OFFICE EXPENSE ACCOUNT,867,PERSONNEL BENEFITS,881,3056.5,0.0,component,payroll_component,,
SENATOR JOHN CORNYN,2015,SENATORS OFFICIAL PERSONNEL AND OFFICE EXPENSE ACCOUNT,867,NET PAYROLL EXPENSES,881,1846081.03,1846081.03,ok,segment,,
SENATOR JOHN CORNYN,2015,SENATORS OFFICIAL PERSONNEL AND OFFICE EXPENSE ACCOUNT,867,BANNER NET PAYROLL,867,1846081.03,1846081.03,ok,banner,,
SENATOR JOHN CORNYN,2015,SENATORS OFFICIAL PERSONNEL AND OFFICE EXPENSE ACCOUNT,867,BANNER ORGANIZATION TOTALS,867,2070382.11,2005053.92,fail,banner,,
SENATOR TOM COTTON,2015,SENATORS OFFICIAL PERSONNEL AND OFFICE EXPENSE ACCOUNT,882,TRAVEL AND TRANSPORTATION OF PERSONS,899,65469.95,65469.95,ok,segment,,
SENATOR TOM COTTON,2015,SENATORS OFFICIAL PERSONNEL AND OFFICE EXPENSE ACCOUNT,882,OTHER CONTRACTUAL SERVICES,899,2401.9,2401.9,ok,segment,,
SENATOR TOM COTTON,2015,SENATORS OFFICIAL PERSONNEL AND OFFICE EXPENSE ACCOUNT,882,ACQUISITION OF ASSETS,899,33300.95,33300.95,ok,segment,,
SENATOR TOM COTTON,2015,SENATORS OFFICIAL PERSONNEL AND OFFICE EXPENSE ACCOUNT,882,PERSONNEL COMP. FULL-TIME PERMANENT,899,1095359.53,0.0,component,payroll_component,,
SENATOR TOM COTTON,2015,SENATORS OFFICIAL PERSONNEL AND OFFICE EXPENSE ACCOUNT,882,PERSONNEL BENEFITS,899,2780.8,0.0,component,payroll_component,,
SENATOR TOM COTTON,2015,SENATORS OFFICIAL PERSONNEL AND OFFICE EXPENSE ACCOUNT,882,NET PAYROLL EXPENSES,899,1098140.33,1098140.33,ok,segment,,
SENATOR TOM COTTON,2015,SENATORS OFFICIAL PERSONNEL AND OFFICE EXPENSE ACCOUNT,882,BANNER NET PAYROLL,882,1098140.33,1098140.33,ok,banner,,
SENATOR TOM COTTON,2015,SENATORS OFFICIAL PERSONNEL AND OFFICE EXPENSE ACCOUNT,882,BANNER ORGANIZATION TOTALS,882,1275089.58,1199313.13,fail,banner,,
SENATOR WILLIAM COWAN,2013,SENATORS OFFICIAL PERSONNEL AND OFFICE EXPENSE ACCOUNT,900,BANNER NET PAYROLL,900,0.0,0.0,banner_missing,banner,,
SENATOR WILLIAM COWAN,2013,SENATORS OFFICIAL PERSONNEL AND OFFICE EXPENSE ACCOUNT,900,BANNER ORGANIZATION TOTALS,900,0.0,0.0,ok,banner,,
SENATOR MICHAEL D. CRAPO,2013,SENATORS OFFICIAL PERSONNEL AND OFFICE EXPENSE ACCOUNT,901,BANNER NET PAYROLL,901,0.0,0.0,banner_missing,banner,,
SENATOR MICHAEL D. CRAPO,2013,SENATORS OFFICIAL PERSONNEL AND OFFICE EXPENSE ACCOUNT,901,BANNER ORGANIZATION TOTALS,901,0.0,0.0,ok,banner,,
SENATOR MICHAEL D. CRAPO,2014,SENATORS OFFICIAL PERSONNEL AND OFFICE EXPENSE ACCOUNT,902,BANNER NET PAYROLL,902,0.0,0.0,banner_missing,banner,,
SENATOR MICHAEL D. CRAPO,2014,SENATORS OFFICIAL PERSONNEL AND OFFICE EXPENSE ACCOUNT,902,BANNER ORGANIZATION TOTALS,902,0.0,0.0,ok,banner,,
SENATOR MICHAEL D. CRAPO,2015,SENATORS OFFICIAL PERSONNEL AND OFFICE EXPENSE ACCOUNT,903,TRAVEL AND TRANSPORTATION OF PERSONS,914,79239.45,79239.45,ok,segment,,
SENATOR MICHAEL D. CRAPO,2015,SENATORS OFFICIAL PERSONNEL AND OFFICE EXPENSE ACCOUNT,903,OTHER CONTRACTUAL SERVICES,914,491.66,491.66,ok,segment,,
SENATOR MICHAEL D. CRAPO,2015,SENATORS OFFICIAL PERSONNEL AND OFFICE EXPENSE ACCOUNT,903,ACQUISITION OF ASSETS,914,4363.4,4363.4,ok,segment,,
SENATOR MICHAEL D. CRAPO,2015,SENATORS OFFICIAL PERSONNEL AND OFFICE EXPENSE ACCOUNT,903,OTHER PERSONNEL COMPENSATION,914,127.2,0.0,component,payroll_component,,
SENATOR MICHAEL D. CRAPO,2015,SENATORS OFFICIAL PERSONNEL AND OFFICE EXPENSE ACCOUNT,903,PERSONNEL COMP. FULL-TIME PERMANENT,914,1606752.61,0.0,component,payroll_component,,
SENATOR MICHAEL D. CRAPO,2015,SENATORS OFFICIAL PERSONNEL AND OFFICE EXPENSE ACCOUNT,903,PERSONNEL BENEFITS,914,4769.55,0.0,component,payroll_component,,
SENATOR MICHAEL D. CRAPO,2015,SENATORS OFFICIAL PERSONNEL AND OFFICE EXPENSE ACCOUNT,903,NET PAYROLL EXPENSES,914,1611649.36,1611649.36,ok,segment,,
SENATOR MICHAEL D. CRAPO,2015,SENATORS OFFICIAL PERSONNEL AND OFFICE EXPENSE ACCOUNT,903,BANNER NET PAYROLL,903,1611649.36,1611649.36,ok,banner,,
SENATOR MICHAEL D. CRAPO,2015,SENATORS OFFICIAL PERSONNEL AND OFFICE EXPENSE ACCOUNT,903,BANNER ORGANIZATION TOTALS,903,1713854.8,1695743.87,fail,banner,,
SENATOR TED CRUZ,2013,SENATORS OFFICIAL PERSONNEL AND OFFICE EXPENSE ACCOUNT,915,BANNER NET PAYROLL,915,0.0,0.0,banner_missing,banner,,
SENATOR TED CRUZ,2013,SENATORS OFFICIAL PERSONNEL AND OFFICE EXPENSE ACCOUNT,915,BANNER ORGANIZATION TOTALS,915,0.0,0.0,ok,banner,,
SENATOR TED CRUZ,2014,SENATORS OFFICIAL PERSONNEL AND OFFICE EXPENSE ACCOUNT,916,BANNER NET PAYROLL,916,0.0,0.0,banner_missing,banner,,
SENATOR TED CRUZ,2014,SENATORS OFFICIAL PERSONNEL AND OFFICE EXPENSE ACCOUNT,916,BANNER ORGANIZATION TOTALS,916,0.0,0.0,ok,banner,,
SENATOR TED CRUZ,2015,SENATORS OFFICIAL PERSONNEL AND OFFICE EXPENSE ACCOUNT,917,TRAVEL AND TRANSPORTATION OF PERSONS,927,68006.01,68006.01,ok,segment,,
SENATOR TED CRUZ,2015,SENATORS OFFICIAL PERSONNEL AND OFFICE EXPENSE ACCOUNT,917,OTHER CONTRACTUAL SERVICES,927,1112.4,1112.4,ok,segment,,
SENATOR TED CRUZ,2015,SENATORS OFFICIAL PERSONNEL AND OFFICE EXPENSE ACCOUNT,917,ACQUISITION OF ASSETS,927,2943.93,2943.93,ok,segment,,
SENATOR TED CRUZ,2015,SENATORS OFFICIAL PERSONNEL AND OFFICE EXPENSE ACCOUNT,917,OTHER PERSONNEL COMPENSATION,927,11748.47,0.0,component,payroll_component,,
SENATOR TED CRUZ,2015,SENATORS OFFICIAL PERSONNEL AND OFFICE EXPENSE ACCOUNT,917,PERSONNEL COMP. FULL-TIME PERMANENT,927,2136705.9,0.0,component,payroll_component,,
SENATOR TED CRUZ,2015,SENATORS OFFICIAL PERSONNEL AND OFFICE EXPENSE ACCOUNT,917,PERSONNEL BENEFITS,927,3150.8,0.0,component,payroll_component,,
SENATOR TED CRUZ,2015,SENATORS OFFICIAL PERSONNEL AND OFFICE EXPENSE ACCOUNT,917,NET PAYROLL EXPENSES,927,2151605.17,2151605.17,ok,segment,,
SENATOR TED CRUZ,2015,SENATORS OFFICIAL PERSONNEL AND OFFICE EXPENSE ACCOUNT,917,BANNER NET PAYROLL,917,2151605.17,2151605.17,ok,banner,,
SENATOR TED CRUZ,2015,SENATORS OFFICIAL PERSONNEL AND OFFICE EXPENSE ACCOUNT,917,BANNER ORGANIZATION TOTALS,917,2267129.95,2223667.51,fail,banner,,
SENATOR STEVE DAINES,2015,SENATORS OFFICIAL PERSONNEL AND OFFICE EXPENSE ACCOUNT,928,TRAVEL AND TRANSPORTATION OF PERSONS,945,85943.14,85943.14,ok,segment,,
SENATOR STEVE DAINES,2015,SENATORS OFFICIAL PERSONNEL AND OFFICE EXPENSE ACCOUNT,928,OTHER CONTRACTUAL SERVICES,946,1556.75,1556.75,ok,segment,,
SENATOR STEVE DAINES,2015,SENATORS OFFICIAL PERSONNEL AND OFFICE EXPENSE ACCOUNT,928,ACQUISITION OF ASSETS,946,7749.41,7749.41,ok,segment,,
SENATOR STEVE DAINES,2015,SENATORS OFFICIAL PERSONNEL AND OFFICE EXPENSE ACCOUNT,928,PERSONNEL COMP. FULL-TIME PERMANENT,946,1094094.2,0.0,component,payroll_component,,
SENATOR STEVE DAINES,2015,SENATORS OFFICIAL PERSONNEL AND OFFICE EXPENSE ACCOUNT,928,PERSONNEL BENEFITS,946,2191.7,0.0,component,payroll_component,,
SENATOR STEVE DAINES,2015,SENATORS OFFICIAL PERSONNEL AND OFFICE EXPENSE ACCOUNT,928,NET PAYROLL EXPENSES,946,1096285.9,1065555.36,fail,segment,inconclusive,0.0
SENATOR STEVE DAINES,2015,SENATORS OFFICIAL PERSONNEL AND OFFICE EXPENSE ACCOUNT,928,BANNER NET PAYROLL,928,1096285.9,1096285.9,ok,banner,,
SENATOR STEVE DAINES,2015,SENATORS OFFICIAL PERSONNEL AND OFFICE EXPENSE ACCOUNT,928,BANNER ORGANIZATION TOTALS,928,1254121.96,1160804.66,fail,banner,,
SENATOR JIM DEMINT,2013,SENATORS OFFICIAL PERSONNEL AND OFFICE EXPENSE ACCOUNT,947,BANNER NET PAYROLL,947,0.0,0.0,banner_missing,banner,,
SENATOR JIM DEMINT,2013,SENATORS OFFICIAL PERSONNEL AND OFFICE EXPENSE ACCOUNT,947,BANNER ORGANIZATION TOTALS,947,0.0,0.0,ok,banner,,
SENATOR JOE DONNELLY,2013,SENATORS OFFICIAL PERSONNEL AND OFFICE EXPENSE ACCOUNT,948,BANNER NET PAYROLL,948,0.0,0.0,banner_missing,banner,,
SENATOR JOE DONNELLY,2013,SENATORS OFFICIAL PERSONNEL AND OFFICE EXPENSE ACCOUNT,948,BANNER ORGANIZATION TOTALS,948,0.0,0.0,ok,banner,,
SENATOR JOE DONNELLY,2014,SENATORS OFFICIAL PERSONNEL AND OFFICE EXPENSE ACCOUNT,949,TRAVEL AND TRANSPORTATION OF PERSONS,949,11.0,11.0,ok,segment,,
SENATOR JOE DONNELLY,2014,SENATORS OFFICIAL PERSONNEL AND OFFICE EXPENSE ACCOUNT,949,BANNER NET PAYROLL,949,0.0,0.0,banner_missing,banner,,
SENATOR JOE DONNELLY,2014,SENATORS OFFICIAL PERSONNEL AND OFFICE EXPENSE ACCOUNT,949,BANNER ORGANIZATION TOTALS,949,11.0,11.0,ok,banner,,
SENATOR JOE DONNELLY,2015,SENATORS OFFICIAL PERSONNEL AND OFFICE EXPENSE ACCOUNT,950,TRAVEL AND TRANSPORTATION OF PERSONS,975,90033.36,90033.36,ok,segment,,
SENATOR JOE DONNELLY,2015,SENATORS OFFICIAL PERSONNEL AND OFFICE EXPENSE ACCOUNT,950,OTHER CONTRACTUAL SERVICES,976,1104.4,1104.4,ok,segment,,
SENATOR JOE DONNELLY,2015,SENATORS OFFICIAL PERSONNEL AND OFFICE EXPENSE ACCOUNT,950,ACQUISITION OF ASSETS,976,789.52,789.52,ok,segment,,
SENATOR JOE DONNELLY,2015,SENATORS OFFICIAL PERSONNEL AND OFFICE EXPENSE ACCOUNT,950,OTHER PERSONNEL COMPENSATION,976,590.73,0.0,component,payroll_component,,
SENATOR JOE DONNELLY,2015,SENATORS OFFICIAL PERSONNEL AND OFFICE EXPENSE ACCOUNT,950,PERSONNEL COMP. FULL-TIME PERMANENT,976,1379755.83,0.0,component,payroll_component,,
SENATOR JOE DONNELLY,2015,SENATORS OFFICIAL PERSONNEL AND OFFICE EXPENSE ACCOUNT,950,PERSONNEL BENEFITS,976,7141.7,0.0,component,payroll_component,,
SENATOR JOE DONNELLY,2015,SENATORS OFFICIAL PERSONNEL AND OFFICE EXPENSE ACCOUNT,950,NET PAYROLL EXPENSES,976,1387488.26,1387488.26,ok,segment,,
SENATOR JOE DONNELLY,2015,SENATORS OFFICIAL PERSONNEL AND OFFICE EXPENSE ACCOUNT,950,BANNER NET PAYROLL,950,1387488.26,1387488.26,ok,banner,,
SENATOR JOE DONNELLY,2015,SENATORS OFFICIAL PERSONNEL AND OFFICE EXPENSE ACCOUNT,950,BANNER ORGANIZATION TOTALS,950,1522087.19,1479415.54,fail,banner,,
SENATOR RICHARD J. DURBIN,2013,SENATORS OFFICIAL PERSONNEL AND OFFICE EXPENSE ACCOUNT,977,BANNER NET PAYROLL,977,0.0,0.0,banner_missing,banner,,
SENATOR RICHARD J. DURBIN,2013,SENATORS OFFICIAL PERSONNEL AND OFFICE EXPENSE ACCOUNT,977,BANNER ORGANIZATION TOTALS,977,0.0,0.0,ok,banner,,
SENATOR RICHARD J. DURBIN,2014,SENATORS OFFICIAL PERSONNEL AND OFFICE EXPENSE ACCOUNT,978,TRAVEL AND TRANSPORTATION OF PERSONS,978,12.34,12.34,ok,segment,,
SENATOR RICHARD J. DURBIN,2014,SENATORS OFFICIAL PERSONNEL AND OFFICE EXPENSE ACCOUNT,978,BANNER NET PAYROLL,978,0.0,0.0,banner_missing,banner,,
SENATOR RICHARD J. DURBIN,2014,SENATORS OFFICIAL PERSONNEL AND OFFICE EXPENSE ACCOUNT,978,BANNER ORGANIZATION TOTALS,978,12.34,12.34,ok,banner,,
SENATOR RICHARD J. DURBIN,2015,SENATORS OFFICIAL PERSONNEL AND OFFICE EXPENSE ACCOUNT,979,TRAVEL AND TRANSPORTATION OF PERSONS,990,45409.4,45409.4,ok,segment,,
SENATOR RICHARD J. DURBIN,2015,SENATORS OFFICIAL PERSONNEL AND OFFICE EXPENSE ACCOUNT,979,OTHER CONTRACTUAL SERVICES,990,3561.25,3561.25,ok,segment,,
SENATOR RICHARD J. DURBIN,2015,SENATORS OFFICIAL PERSONNEL AND OFFICE EXPENSE ACCOUNT,979,ACQUISITION OF ASSETS,990,417.65,417.65,ok,segment,,
SENATOR RICHARD J. DURBIN,2015,SENATORS OFFICIAL PERSONNEL AND OFFICE EXPENSE ACCOUNT,979,PERSONNEL COMP. FULL-TIME PERMANENT,990,1706594.32,0.0,component,payroll_component,,
SENATOR RICHARD J. DURBIN,2015,SENATORS OFFICIAL PERSONNEL AND OFFICE EXPENSE ACCOUNT,979,PERSONNEL BENEFITS,990,14867.95,0.0,component,payroll_component,,
SENATOR RICHARD J. DURBIN,2015,SENATORS OFFICIAL PERSONNEL AND OFFICE EXPENSE ACCOUNT,979,NET PAYROLL EXPENSES,990,1721462.27,1721462.27,ok,segment,,
SENATOR RICHARD J. DURBIN,2015,SENATORS OFFICIAL PERSONNEL AND OFFICE EXPENSE ACCOUNT,979,BANNER NET PAYROLL,979,1721462.27,1721462.27,ok,banner,,
SENATOR RICHARD J. DURBIN,2015,SENATORS OFFICIAL PERSONNEL AND OFFICE EXPENSE ACCOUNT,979,BANNER ORGANIZATION TOTALS,979,1820868.19,1770850.57,fail,banner,,
SENATOR MICHAEL B. ENZI,2013,SENATORS OFFICIAL PERSONNEL AND OFFICE EXPENSE ACCOUNT,991,BANNER NET PAYROLL,991,0.0,0.0,banner_missing,banner,,
SENATOR MICHAEL B. ENZI,2013,SENATORS OFFICIAL PERSONNEL AND OFFICE EXPENSE ACCOUNT,991,BANNER ORGANIZATION TOTALS,991,31.57,0.0,fail,banner,,
SENATOR MICHAEL B. ENZI,2014,SENATORS OFFICIAL PERSONNEL AND OFFICE EXPENSE ACCOUNT,992,TRAVEL AND TRANSPORTATION OF PERSONS,992,240.49,240.49,ok,segment,,
SENATOR MICHAEL B. ENZI,2014,SENATORS OFFICIAL PERSONNEL AND OFFICE EXPENSE ACCOUNT,992,BANNER NET PAYROLL,992,0.0,0.0,banner_missing,banner,,
SENATOR MICHAEL B. ENZI,2014,SENATORS OFFICIAL PERSONNEL AND OFFICE EXPENSE ACCOUNT,992,BANNER ORGANIZATION TOTALS,992,290.44,240.49,fail,banner,,
SENATOR MICHAEL B. ENZI,2015,SENATORS OFFICIAL PERSONNEL AND OFFICE EXPENSE ACCOUNT,993,TRAVEL AND TRANSPORTATION OF PERSONS,998,62048.98,62048.98,ok,segment,,
SENATOR MICHAEL B. ENZI,2015,SENATORS OFFICIAL PERSONNEL AND OFFICE EXPENSE ACCOUNT,993,OTHER CONTRACTUAL SERVICES,998,1613.95,1613.95,ok,segment,,
SENATOR MICHAEL B. ENZI,2015,SENATORS OFFICIAL PERSONNEL AND OFFICE EXPENSE ACCOUNT,993,ACQUISITION OF ASSETS,998,25002.24,25002.24,ok,segment,,
SENATOR MICHAEL B. ENZI,2015,SENATORS OFFICIAL PERSONNEL AND OFFICE EXPENSE ACCOUNT,993,OTHER PERSONNEL COMPENSATION,998,8951.65,0.0,component,payroll_component,,
SENATOR MICHAEL B. ENZI,2015,SENATORS OFFICIAL PERSONNEL AND OFFICE EXPENSE ACCOUNT,993,PERSONNEL COMP. FULL-TIME PERMANENT,998,1005384.67,0.0,component,payroll_component,,
SENATOR MICHAEL B. ENZI,2015,SENATORS OFFICIAL PERSONNEL AND OFFICE EXPENSE ACCOUNT,993,RE-EMPLOYED ANNUITANTS,998,44832.0,0.0,component,payroll_component,,
SENATOR MICHAEL B. ENZI,2015,SENATORS OFFICIAL PERSONNEL AND OFFICE EXPENSE ACCOUNT,993,PERSONNEL BENEFITS,998,1547.9,0.0,component,payroll_component,,
SENATOR MICHAEL B. ENZI,2015,SENATORS OFFICIAL PERSONNEL AND OFFICE EXPENSE ACCOUNT,993,NET PAYROLL EXPENSES,998,1060716.22,1060716.22,ok,segment,,
SENATOR MICHAEL B. ENZI,2015,SENATORS OFFICIAL PERSONNEL AND OFFICE EXPENSE ACCOUNT,993,BANNER NET PAYROLL,993,1060716.22,1060716.22,ok,banner,,
SENATOR MICHAEL B. ENZI,2015,SENATORS OFFICIAL PERSONNEL AND OFFICE EXPENSE ACCOUNT,993,BANNER ORGANIZATION TOTALS,993,1184605.21,1149381.39,fail,banner,,
SENATOR JONI ERNST,2015,SENATORS OFFICIAL PERSONNEL AND OFFICE EXPENSE ACCOUNT,999,TRAVEL AND TRANSPORTATION OF PERSONS,1010,61245.52,61245.52,ok,segment,,
SENATOR JONI ERNST,2015,SENATORS OFFICIAL PERSONNEL AND OFFICE EXPENSE ACCOUNT,999,OTHER CONTRACTUAL SERVICES,1010,5722.45,5722.45,ok,segment,,
SENATOR JONI ERNST,2015,SENATORS OFFICIAL PERSONNEL AND OFFICE EXPENSE ACCOUNT,999,ACQUISITION OF ASSETS,1011,108964.98,108964.98,ok,segment,,
SENATOR JONI ERNST,2015,SENATORS OFFICIAL PERSONNEL AND OFFICE EXPENSE ACCOUNT,999,PERSONNEL COMP. FULL-TIME PERMANENT,1011,1239263.27,0.0,component,payroll_component,,
SENATOR JONI ERNST,2015,SENATORS OFFICIAL PERSONNEL AND OFFICE EXPENSE ACCOUNT,999,PERSONNEL BENEFITS,1011,2017.85,0.0,component,payroll_component,,
SENATOR JONI ERNST,2015,SENATORS OFFICIAL PERSONNEL AND OFFICE EXPENSE ACCOUNT,999,NET PAYROLL EXPENSES,1011,1241281.12,1225795.06,fail,segment,inconclusive,0.0
SENATOR JONI ERNST,2015,SENATORS OFFICIAL PERSONNEL AND OFFICE EXPENSE ACCOUNT,999,BANNER NET PAYROLL,999,1241281.12,1241281.12,ok,banner,,
SENATOR JONI ERNST,2015,SENATORS OFFICIAL PERSONNEL AND OFFICE EXPENSE ACCOUNT,999,BANNER ORGANIZATION TOTALS,999,1562239.23,1401728.01,fail,banner,,
SENATOR DIANNE FEINSTEIN,2013,SENATORS OFFICIAL PERSONNEL AND OFFICE EXPENSE ACCOUNT,1012,BANNER NET PAYROLL,1012,0.0,0.0,banner_missing,banner,,
SENATOR DIANNE FEINSTEIN,2013,SENATORS OFFICIAL PERSONNEL AND OFFICE EXPENSE ACCOUNT,1012,BANNER ORGANIZATION TOTALS,1012,0.0,0.0,ok,banner,,
SENATOR DIANNE FEINSTEIN,2014,SENATORS OFFICIAL PERSONNEL AND OFFICE EXPENSE ACCOUNT,1013,BANNER NET PAYROLL,1013,0.0,0.0,banner_missing,banner,,
SENATOR DIANNE FEINSTEIN,2014,SENATORS OFFICIAL PERSONNEL AND OFFICE EXPENSE ACCOUNT,1013,BANNER ORGANIZATION TOTALS,1013,0.0,0.0,ok,banner,,
SENATOR DIANNE FEINSTEIN,2015,SENATORS OFFICIAL PERSONNEL AND OFFICE EXPENSE ACCOUNT,1014,TRAVEL AND TRANSPORTATION OF PERSONS,1024,32231.96,32231.96,ok,segment,,
SENATOR DIANNE FEINSTEIN,2015,SENATORS OFFICIAL PERSONNEL AND OFFICE EXPENSE ACCOUNT,1014,OTHER CONTRACTUAL SERVICES,1024,512.3,512.3,ok,segment,,
SENATOR DIANNE FEINSTEIN,2015,SENATORS OFFICIAL PERSONNEL AND OFFICE EXPENSE ACCOUNT,1014,ACQUISITION OF ASSETS,1024,1762.53,1762.53,ok,segment,,
SENATOR DIANNE FEINSTEIN,2015,SENATORS OFFICIAL PERSONNEL AND OFFICE EXPENSE ACCOUNT,1014,OTHER PERSONNEL COMPENSATION,1024,1041.1,0.0,component,payroll_component,,
SENATOR DIANNE FEINSTEIN,2015,SENATORS OFFICIAL PERSONNEL AND OFFICE EXPENSE ACCOUNT,1014,PERSONNEL COMP. FULL-TIME PERMANENT,1024,2191303.35,0.0,component,payroll_component,,
SENATOR DIANNE FEINSTEIN,2015,SENATORS OFFICIAL PERSONNEL AND OFFICE EXPENSE ACCOUNT,1014,PERSONNEL BENEFITS,1024,16257.35,0.0,component,payroll_component,,
SENATOR DIANNE FEINSTEIN,2015,SENATORS OFFICIAL PERSONNEL AND OFFICE EXPENSE ACCOUNT,1014,NET PAYROLL EXPENSES,1024,2208601.8,2208601.8,ok,segment,,
SENATOR DIANNE FEINSTEIN,2015,SENATORS OFFICIAL PERSONNEL AND OFFICE EXPENSE ACCOUNT,1014,BANNER NET PAYROLL,1014,2208601.8,2208601.8,ok,banner,,
SENATOR DIANNE FEINSTEIN,2015,SENATORS OFFICIAL PERSONNEL AND OFFICE EXPENSE ACCOUNT,1014,BANNER ORGANIZATION TOTALS,1014,2304369.93,2243108.59,fail,banner,,
SENATOR DEB FISCHER,2013,SENATORS OFFICIAL PERSONNEL AND OFFICE EXPENSE ACCOUNT,1025,BANNER NET PAYROLL,1025,0.0,0.0,banner_missing,banner,,
SENATOR DEB FISCHER,2013,SENATORS OFFICIAL PERSONNEL AND OFFICE EXPENSE ACCOUNT,1025,BANNER ORGANIZATION TOTALS,1025,0.0,0.0,ok,banner,,
SENATOR DEB FISCHER,2014,SENATORS OFFICIAL PERSONNEL AND OFFICE EXPENSE ACCOUNT,1026,BANNER NET PAYROLL,1026,0.0,0.0,banner_missing,banner,,
SENATOR DEB FISCHER,2014,SENATORS OFFICIAL PERSONNEL AND OFFICE EXPENSE ACCOUNT,1026,BANNER ORGANIZATION TOTALS,1026,0.0,0.0,ok,banner,,
SENATOR DEB FISCHER,2015,SENATORS OFFICIAL PERSONNEL AND OFFICE EXPENSE ACCOUNT,1027,TRAVEL AND TRANSPORTATION OF PERSONS,1037,47942.6,47942.6,ok,segment,,
SENATOR DEB FISCHER,2015,SENATORS OFFICIAL PERSONNEL AND OFFICE EXPENSE ACCOUNT,1027,OTHER CONTRACTUAL SERVICES,1037,3287.85,3287.85,ok,segment,,
SENATOR DEB FISCHER,2015,SENATORS OFFICIAL PERSONNEL AND OFFICE EXPENSE ACCOUNT,1027,ACQUISITION OF ASSETS,1038,36036.31,36036.31,ok,segment,,
SENATOR DEB FISCHER,2015,SENATORS OFFICIAL PERSONNEL AND OFFICE EXPENSE ACCOUNT,1027,OTHER PERSONNEL COMPENSATION,1038,8060.93,0.0,component,payroll_component,,
SENATOR DEB FISCHER,2015,SENATORS OFFICIAL PERSONNEL AND OFFICE EXPENSE ACCOUNT,1027,PERSONNEL COMP. FULL-TIME PERMANENT,1038,1313478.72,0.0,component,payroll_component,,
SENATOR DEB FISCHER,2015,SENATORS OFFICIAL PERSONNEL AND OFFICE EXPENSE ACCOUNT,1027,RE-EMPLOYED ANNUITANTS,1038,23112.0,0.0,component,payroll_component,,
SENATOR DEB FISCHER,2015,SENATORS OFFICIAL PERSONNEL AND OFFICE EXPENSE ACCOUNT,1027,PERSONNEL BENEFITS,1038,4645.45,0.0,component,payroll_component,,
SENATOR DEB FISCHER,2015,SENATORS OFFICIAL PERSONNEL AND OFFICE EXPENSE ACCOUNT,1027,NET PAYROLL EXPENSES,1038,1349297.1,1349297.1,ok,segment,,
SENATOR DEB FISCHER,2015,SENATORS OFFICIAL PERSONNEL AND OFFICE EXPENSE ACCOUNT,1027,BANNER NET PAYROLL,1027,1349297.1,1349297.1,ok,banner,,
SENATOR DEB FISCHER,2015,SENATORS OFFICIAL PERSONNEL AND OFFICE EXPENSE ACCOUNT,1027,BANNER ORGANIZATION TOTALS,1027,1469823.18,1436563.86,fail,banner,,
SENATOR JEFF FLAKE,2013,SENATORS OFFICIAL PERSONNEL AND OFFICE EXPENSE ACCOUNT,1039,BANNER NET PAYROLL,1039,0.0,0.0,banner_missing,banner,,
SENATOR JEFF FLAKE,2013,SENATORS OFFICIAL PERSONNEL AND OFFICE EXPENSE ACCOUNT,1039,BANNER ORGANIZATION TOTALS,1039,0.0,0.0,ok,banner,,
SENATOR JEFF FLAKE,2014,SENATORS OFFICIAL PERSONNEL AND OFFICE EXPENSE ACCOUNT,1040,BANNER NET PAYROLL,1040,0.0,0.0,banner_missing,banner,,
SENATOR JEFF FLAKE,2014,SENATORS OFFICIAL PERSONNEL AND OFFICE EXPENSE ACCOUNT,1040,BANNER ORGANIZATION TOTALS,1040,331.67,0.0,fail,banner,,
SENATOR JEFF FLAKE,2015,SENATORS OFFICIAL PERSONNEL AND OFFICE EXPENSE ACCOUNT,1041,TRAVEL AND TRANSPORTATION OF PERSONS,1048,71654.07,71654.07,ok,segment,,
SENATOR JEFF FLAKE,2015,SENATORS OFFICIAL PERSONNEL AND OFFICE EXPENSE ACCOUNT,1041,OTHER CONTRACTUAL SERVICES,1049,4285.41,4285.41,ok,segment,,
SENATOR JEFF FLAKE,2015,SENATORS OFFICIAL PERSONNEL AND OFFICE EXPENSE ACCOUNT,1041,ACQUISITION OF ASSETS,1049,1577.23,1577.23,ok,segment,,
SENATOR JEFF FLAKE,2015,SENATORS OFFICIAL PERSONNEL AND OFFICE EXPENSE ACCOUNT,1041,PERSONNEL COMP. FULL-TIME PERMANENT,1049,1279098.16,0.0,component,payroll_component,,
SENATOR JEFF FLAKE,2015,SENATORS OFFICIAL PERSONNEL AND OFFICE EXPENSE ACCOUNT,1041,RE-EMPLOYED ANNUITANTS,1049,10446.0,0.0,component,payroll_component,,
SENATOR JEFF FLAKE,2015,SENATORS OFFICIAL PERSONNEL AND OFFICE EXPENSE ACCOUNT,1041,PERSONNEL BENEFITS,1049,4191.55,0.0,component,payroll_component,,
SENATOR JEFF FLAKE,2015,SENATORS OFFICIAL PERSONNEL AND OFFICE EXPENSE ACCOUNT,1041,NET PAYROLL EXPENSES,1049,1293735.71,1293735.71,ok,segment,,
SENATOR JEFF FLAKE,2015,SENATORS OFFICIAL PERSONNEL AND OFFICE EXPENSE ACCOUNT,1041,BANNER NET PAYROLL,1041,1293735.71,1293735.71,ok,banner,,
SENATOR JEFF FLAKE,2015,SENATORS OFFICIAL PERSONNEL AND OFFICE EXPENSE ACCOUNT,1041,BANNER ORGANIZATION TOTALS,1041,1408117.94,1371252.42,fail,banner,,
SENATOR AL FRANKEN,2013,SENATORS OFFICIAL PERSONNEL AND OFFICE EXPENSE ACCOUNT,1050,BANNER NET PAYROLL,1050,0.0,0.0,banner_missing,banner,,
SENATOR AL FRANKEN,2013,SENATORS OFFICIAL PERSONNEL AND OFFICE EXPENSE ACCOUNT,1050,BANNER ORGANIZATION TOTALS,1050,0.0,0.0,ok,banner,,
SENATOR AL FRANKEN,2014,SENATORS OFFICIAL PERSONNEL AND OFFICE EXPENSE ACCOUNT,1051,BANNER NET PAYROLL,1051,0.0,0.0,banner_missing,banner,,
SENATOR AL FRANKEN,2014,SENATORS OFFICIAL PERSONNEL AND OFFICE EXPENSE ACCOUNT,1051,BANNER ORGANIZATION TOTALS,1051,0.0,0.0,ok,banner,,
SENATOR AL FRANKEN,2015,SENATORS OFFICIAL PERSONNEL AND OFFICE EXPENSE ACCOUNT,1052,TRAVEL AND TRANSPORTATION OF PERSONS,1066,80844.89,80844.89,ok,segment,,
SENATOR AL FRANKEN,2015,SENATORS OFFICIAL PERSONNEL AND OFFICE EXPENSE ACCOUNT,1052,OTHER CONTRACTUAL SERVICES,1067,14084.69,14084.69,ok,segment,,
SENATOR AL FRANKEN,2015,SENATORS OFFICIAL PERSONNEL AND OFFICE EXPENSE ACCOUNT,1052,ACQUISITION OF ASSETS,1067,84.99,84.99,ok,segment,,
SENATOR AL FRANKEN,2015,SENATORS OFFICIAL PERSONNEL AND OFFICE EXPENSE ACCOUNT,1052,PERSONNEL COMP. FULL-TIME PERMANENT,1067,1482975.6,0.0,component,payroll_component,,
SENATOR AL FRANKEN,2015,SENATORS OFFICIAL PERSONNEL AND OFFICE EXPENSE ACCOUNT,1052,PERSONNEL BENEFITS,1067,5322.85,0.0,component,payroll_component,,
SENATOR AL FRANKEN,2015,SENATORS OFFICIAL PERSONNEL AND OFFICE EXPENSE ACCOUNT,1052,NET PAYROLL EXPENSES,1067,1488298.45,1488298.45,ok,segment,,
SENATOR AL FRANKEN,2015,SENATORS OFFICIAL PERSONNEL AND OFFICE EXPENSE ACCOUNT,1052,BANNER NET PAYROLL,1052,1488298.45,1488298.45,ok,banner,,
SENATOR AL FRANKEN,2015,SENATORS OFFICIAL PERSONNEL AND OFFICE EXPENSE ACCOUNT,1052,BANNER ORGANIZATION TOTALS,1052,1632760.36,1583313.02,fail,banner,,
SENATOR CORY GARDNER,2015,SENATORS OFFICIAL PERSONNEL AND OFFICE EXPENSE ACCOUNT,1068,TRAVEL AND TRANSPORTATION OF PERSONS,1089,78638.96,78638.96,ok,segment,,
SENATOR CORY GARDNER,2015,SENATORS OFFICIAL PERSONNEL AND OFFICE EXPENSE ACCOUNT,1068,OTHER CONTRACTUAL SERVICES,1089,6078.19,6078.19,ok,segment,,
SENATOR CORY GARDNER,2015,SENATORS OFFICIAL PERSONNEL AND OFFICE EXPENSE ACCOUNT,1068,ACQUISITION OF ASSETS,1089,899.88,899.88,ok,segment,,
SENATOR CORY GARDNER,2015,SENATORS OFFICIAL PERSONNEL AND OFFICE EXPENSE ACCOUNT,1068,PERSONNEL COMP. FULL-TIME PERMANENT,1089,1150007.52,0.0,component,payroll_component,,
SENATOR CORY GARDNER,2015,SENATORS OFFICIAL PERSONNEL AND OFFICE EXPENSE ACCOUNT,1068,PERSONNEL BENEFITS,1089,4067.5,0.0,component,payroll_component,,
SENATOR CORY GARDNER,2015,SENATORS OFFICIAL PERSONNEL AND OFFICE EXPENSE ACCOUNT,1068,NET PAYROLL EXPENSES,1089,1154075.02,1133130.6,fail,segment,inconclusive,0.0
SENATOR CORY GARDNER,2015,SENATORS OFFICIAL PERSONNEL AND OFFICE EXPENSE ACCOUNT,1068,BANNER NET PAYROLL,1068,1154075.02,1154075.02,ok,banner,,
SENATOR CORY GARDNER,2015,SENATORS OFFICIAL PERSONNEL AND OFFICE EXPENSE ACCOUNT,1068,BANNER ORGANIZATION TOTALS,1068,1286482.18,1218747.63,fail,banner,,
SENATOR KIRSTEN GILLIBRAND,2013,SENATORS OFFICIAL PERSONNEL AND OFFICE EXPENSE ACCOUNT,1090,BANNER NET PAYROLL,1090,0.0,0.0,banner_missing,banner,,
SENATOR KIRSTEN GILLIBRAND,2013,SENATORS OFFICIAL PERSONNEL AND OFFICE EXPENSE ACCOUNT,1090,BANNER ORGANIZATION TOTALS,1090,0.0,0.0,ok,banner,,
OUNT,,,1091,TRAVEL AND TRANSPORTATION OF PERSONS,1091,635.2,635.2,ok,segment,,
OUNT,,,1091,OTHER CONTRACTUAL SERVICES,1091,80.0,80.0,ok,segment,,
OUNT,,,1091,PERSONNEL BENEFITS,1091,1119.73,0.0,component,payroll_component,,
OUNT,,,1091,NET PAYROLL EXPENSES,1091,1119.73,1119.73,ok,segment,,
OUNT,,,1091,BANNER NET PAYROLL,1091,1119.73,1119.73,ok,banner,,
OUNT,,,1091,BANNER ORGANIZATION TOTALS,1091,2190.37,1834.93,fail,banner,,
SENATOR KIRSTEN GILLIBRAND,2015,SENATORS OFFICIAL PERSONNEL AND OFFICE EXPENSE ACCOUNT,1092,TRAVEL AND TRANSPORTATION OF PERSONS,1109,210646.48,210646.48,ok,segment,,
SENATOR KIRSTEN GILLIBRAND,2015,SENATORS OFFICIAL PERSONNEL AND OFFICE EXPENSE ACCOUNT,1092,OTHER CONTRACTUAL SERVICES,1110,3883.8,3883.8,ok,segment,,
SENATOR KIRSTEN GILLIBRAND,2015,SENATORS OFFICIAL PERSONNEL AND OFFICE EXPENSE ACCOUNT,1092,ACQUISITION OF ASSETS,1110,1788.14,1788.14,ok,segment,,
SENATOR KIRSTEN GILLIBRAND,2015,SENATORS OFFICIAL PERSONNEL AND OFFICE EXPENSE ACCOUNT,1092,PERSONNEL COMP. FULL-TIME PERMANENT,1110,1782521.96,0.0,component,payroll_component,,
SENATOR KIRSTEN GILLIBRAND,2015,SENATORS OFFICIAL PERSONNEL AND OFFICE EXPENSE ACCOUNT,1092,PERSONNEL BENEFITS,1110,21744.8,0.0,component,payroll_component,,
SENATOR KIRSTEN GILLIBRAND,2015,SENATORS OFFICIAL PERSONNEL AND OFFICE EXPENSE ACCOUNT,1092,NET PAYROLL EXPENSES,1110,1804266.76,1804266.76,ok,segment,,
SENATOR KIRSTEN GILLIBRAND,2015,SENATORS OFFICIAL PERSONNEL AND OFFICE EXPENSE ACCOUNT,1092,BANNER NET PAYROLL,1092,1804266.76,1804266.76,ok,banner,,
SENATOR KIRSTEN GILLIBRAND,2015,SENATORS OFFICIAL PERSONNEL AND OFFICE EXPENSE ACCOUNT,1092,BANNER ORGANIZATION TOTALS,1092,2093085.13,2020585.18,fail,banner,,
SENATOR LINDSEY GRAHAM,2013,SENATORS OFFICIAL PERSONNEL AND OFFICE EXPENSE ACCOUNT,1111,BANNER NET PAYROLL,1111,0.0,0.0,banner_missing,banner,,
SENATOR LINDSEY GRAHAM,2013,SENATORS OFFICIAL PERSONNEL AND OFFICE EXPENSE ACCOUNT,1111,BANNER ORGANIZATION TOTALS,1111,0.0,0.0,ok,banner,,
SENATOR LINDSEY GRAHAM,2014,SENATORS OFFICIAL PERSONNEL AND OFFICE EXPENSE ACCOUNT,1112,BANNER NET PAYROLL,1112,0.0,0.0,banner_missing,banner,,
SENATOR LINDSEY GRAHAM,2014,SENATORS OFFICIAL PERSONNEL AND OFFICE EXPENSE ACCOUNT,1112,BANNER ORGANIZATION TOTALS,1112,0.0,0.0,ok,banner,,
SENATOR LINDSEY GRAHAM,2015,SENATORS OFFICIAL PERSONNEL AND OFFICE EXPENSE ACCOUNT,1113,TRAVEL AND TRANSPORTATION OF PERSONS,1117,18760.25,18760.25,ok,segment,,
SENATOR LINDSEY GRAHAM,2015,SENATORS OFFICIAL PERSONNEL AND OFFICE EXPENSE ACCOUNT,1113,OTHER CONTRACTUAL SERVICES,1117,1294.1,1294.1,ok,segment,,
SENATOR LINDSEY GRAHAM,2015,SENATORS OFFICIAL PERSONNEL AND OFFICE EXPENSE ACCOUNT,1113,ACQUISITION OF ASSETS,1117,219.99,219.99,ok,segment,,
SENATOR LINDSEY GRAHAM,2015,SENATORS OFFICIAL PERSONNEL AND OFFICE EXPENSE ACCOUNT,1113,PERSONNEL COMP. FULL-TIME PERMANENT,1117,1181286.4,0.0,component,payroll_component,,
SENATOR LINDSEY GRAHAM,2015,SENATORS OFFICIAL PERSONNEL AND OFFICE EXPENSE ACCOUNT,1113,NET PAYROLL EXPENSES,1117,1181286.4,1241286.4,fail,segment,inconclusive,0.0
SENATOR LINDSEY GRAHAM,2015,SENATORS OFFICIAL PERSONNEL AND OFFICE EXPENSE ACCOUNT,1113,BANNER NET PAYROLL,1113,1181286.4,1181286.4,ok,banner,,
SENATOR LINDSEY GRAHAM,2015,SENATORS OFFICIAL PERSONNEL AND OFFICE EXPENSE ACCOUNT,1113,BANNER ORGANIZATION TOTALS,1113,1233770.09,1261560.74,fail,banner,,
SENATOR CHARLES E. GRASSLEY,2013,SENATORS OFFICIAL PERSONNEL AND OFFICE EXPENSE ACCOUNT,1118,BANNER NET PAYROLL,1118,0.0,0.0,banner_missing,banner,,
SENATOR CHARLES E. GRASSLEY,2013,SENATORS OFFICIAL PERSONNEL AND OFFICE EXPENSE ACCOUNT,1118,BANNER ORGANIZATION TOTALS,1118,0.0,0.0,ok,banner,,
SENATOR CHARLES E. GRASSLEY,2014,SENATORS OFFICIAL PERSONNEL AND OFFICE EXPENSE ACCOUNT,1119,BANNER NET PAYROLL,1119,0.0,0.0,banner_missing,banner,,
SENATOR CHARLES E. GRASSLEY,2014,SENATORS OFFICIAL PERSONNEL AND OFFICE EXPENSE ACCOUNT,1119,BANNER ORGANIZATION TOTALS,1119,0.0,0.0,ok,banner,,
SENATOR CHARLES E. GRASSLEY,2015,SENATORS OFFICIAL PERSONNEL AND OFFICE EXPENSE ACCOUNT,1120,TRAVEL AND TRANSPORTATION OF PERSONS,1131,39479.4,39479.4,ok,segment,,
SENATOR CHARLES E. GRASSLEY,2015,SENATORS OFFICIAL PERSONNEL AND OFFICE EXPENSE ACCOUNT,1120,OTHER CONTRACTUAL SERVICES,1131,968.6,968.6,ok,segment,,
SENATOR CHARLES E. GRASSLEY,2015,SENATORS OFFICIAL PERSONNEL AND OFFICE EXPENSE ACCOUNT,1120,ACQUISITION OF ASSETS,1131,458.07,458.07,ok,segment,,
SENATOR CHARLES E. GRASSLEY,2015,SENATORS OFFICIAL PERSONNEL AND OFFICE EXPENSE ACCOUNT,1120,OTHER PERSONNEL COMPENSATION,1131,2982.2,0.0,component,payroll_component,,
SENATOR CHARLES E. GRASSLEY,2015,SENATORS OFFICIAL PERSONNEL AND OFFICE EXPENSE ACCOUNT,1120,PERSONNEL COMP. FULL-TIME PERMANENT,1131,1193580.92,0.0,component,payroll_component,,
SENATOR CHARLES E. GRASSLEY,2015,SENATORS OFFICIAL PERSONNEL AND OFFICE EXPENSE ACCOUNT,1120,PERSONNEL BENEFITS,1131,4375.1,0.0,component,payroll_component,,
SENATOR CHARLES E. GRASSLEY,2015,SENATORS OFFICIAL PERSONNEL AND OFFICE EXPENSE ACCOUNT,1120,NET PAYROLL EXPENSES,1131,1200938.22,1200938.22,ok,segment,,
SENATOR CHARLES E. GRASSLEY,2015,SENATORS OFFICIAL PERSONNEL AND OFFICE EXPENSE ACCOUNT,1120,BANNER NET PAYROLL,1120,1200938.22,1200938.22,ok,banner,,
SENATOR CHARLES E. GRASSLEY,2015,SENATORS OFFICIAL PERSONNEL AND OFFICE EXPENSE ACCOUNT,1120,BANNER ORGANIZATION TOTALS,1120,1328311.12,1241844.29,fail,banner,,
SENATOR KAY HAGAN,2013,SENATORS OFFICIAL PERSONNEL AND OFFICE EXPENSE ACCOUNT,1132,BANNER NET PAYROLL,1132,0.0,0.0,banner_missing,banner,,
SENATOR KAY HAGAN,2013,SENATORS OFFICIAL PERSONNEL AND OFFICE EXPENSE ACCOUNT,1132,BANNER ORGANIZATION TOTALS,1132,0.0,0.0,ok,banner,,
SENATOR KAY HAGAN,2014,SENATORS OFFICIAL PERSONNEL AND OFFICE EXPENSE ACCOUNT,1133,BANNER NET PAYROLL,1133,0.0,0.0,banner_missing,banner,,
SENATOR KAY HAGAN,2014,SENATORS OFFICIAL PERSONNEL AND OFFICE EXPENSE ACCOUNT,1133,BANNER ORGANIZATION TOTALS,1133,0.0,0.0,ok,banner,,
SENATOR KAY HAGAN,2015,SENATORS OFFICIAL PERSONNEL AND OFFICE EXPENSE ACCOUNT,1134,BANNER NET PAYROLL,1134,0.0,0.0,banner_missing,banner,,
SENATOR KAY HAGAN,2015,SENATORS OFFICIAL PERSONNEL AND OFFICE EXPENSE ACCOUNT,1134,BANNER ORGANIZATION TOTALS,1134,25.96,0.0,fail,banner,,
SENATOR TOM HARKIN,2013,SENATORS OFFICIAL PERSONNEL AND OFFICE EXPENSE ACCOUNT,1135,BANNER NET PAYROLL,1135,0.0,0.0,banner_missing,banner,,
SENATOR TOM HARKIN,2013,SENATORS OFFICIAL PERSONNEL AND OFFICE EXPENSE ACCOUNT,1135,BANNER ORGANIZATION TOTALS,1135,0.0,0.0,ok,banner,,
SENATOR TOM HARKIN,2014,SENATORS OFFICIAL PERSONNEL AND OFFICE EXPENSE ACCOUNT,1136,BANNER NET PAYROLL,1136,0.0,0.0,banner_missing,banner,,
SENATOR TOM HARKIN,2014,SENATORS OFFICIAL PERSONNEL AND OFFICE EXPENSE ACCOUNT,1136,BANNER ORGANIZATION TOTALS,1136,165.03,0.0,fail,banner,,
SENATOR TOM HARKIN,2015,SENATORS OFFICIAL PERSONNEL AND OFFICE EXPENSE ACCOUNT,1137,BANNER NET PAYROLL,1137,0.0,0.0,banner_missing,banner,,
SENATOR TOM HARKIN,2015,SENATORS OFFICIAL PERSONNEL AND OFFICE EXPENSE ACCOUNT,1137,BANNER ORGANIZATION TOTALS,1137,1525.63,0.0,fail,banner,,
SENATOR ORRIN G. HATCH,2013,SENATORS OFFICIAL PERSONNEL AND OFFICE EXPENSE ACCOUNT,1138,BANNER NET PAYROLL,1138,0.0,0.0,banner_missing,banner,,
SENATOR ORRIN G. HATCH,2013,SENATORS OFFICIAL PERSONNEL AND OFFICE EXPENSE ACCOUNT,1138,BANNER ORGANIZATION TOTALS,1138,0.0,0.0,ok,banner,,
SENATOR ORRIN G. HATCH,2014,SENATORS OFFICIAL PERSONNEL AND OFFICE EXPENSE ACCOUNT,1139,BANNER NET PAYROLL,1139,0.0,0.0,banner_missing,banner,,
SENATOR ORRIN G. HATCH,2014,SENATORS OFFICIAL PERSONNEL AND OFFICE EXPENSE ACCOUNT,1139,BANNER ORGANIZATION TOTALS,1139,0.0,0.0,ok,banner,,
SENATOR ORRIN G. HATCH,2015,SENATORS OFFICIAL PERSONNEL AND OFFICE EXPENSE ACCOUNT,1140,TRAVEL AND TRANSPORTATION OF PERSONS,1148,82219.33,82219.33,ok,segment,,
SENATOR ORRIN G. HATCH,2015,SENATORS OFFICIAL PERSONNEL AND OFFICE EXPENSE ACCOUNT,1140,OTHER CONTRACTUAL SERVICES,1148,352.2,352.2,ok,segment,,
SENATOR ORRIN G. HATCH,2015,SENATORS OFFICIAL PERSONNEL AND OFFICE EXPENSE ACCOUNT,1140,ACQUISITION OF ASSETS,1148,273.88,273.88,ok,segment,,
SENATOR ORRIN G. HATCH,2015,SENATORS OFFICIAL PERSONNEL AND OFFICE EXPENSE ACCOUNT,1140,PERSONNEL COMP. FULL-TIME PERMANENT,1148,1093714.07,0.0,component,payroll_component,,
SENATOR ORRIN G. HATCH,2015,SENATORS OFFICIAL PERSONNEL AND OFFICE EXPENSE ACCOUNT,1140,PERSONNEL BENEFITS,1148,8256.7,0.0,component,payroll_component,,
SENATOR ORRIN G. HATCH,2015,SENATORS OFFICIAL PERSONNEL AND OFFICE EXPENSE ACCOUNT,1140,NET PAYROLL EXPENSES,1148,1101970.77,1101970.77,ok,segment,,
SENATOR ORRIN G. HATCH,2015,SENATORS OFFICIAL PERSONNEL AND OFFICE EXPENSE ACCOUNT,1140,BANNER NET PAYROLL,1140,1101970.77,1101970.77,ok,banner,,
SENATOR ORRIN G. HATCH,2015,SENATORS OFFICIAL PERSONNEL AND OFFICE EXPENSE ACCOUNT,1140,BANNER ORGANIZATION TOTALS,1140,1226393.23,1184816.18,fail,banner,,
SENATOR MARTIN HEINRICH,2013,SENATORS OFFICIAL PERSONNEL AND OFFICE EXPENSE ACCOUNT,1149,TRAVEL AND TRANSPORTATION OF PERSONS,1150,-1119.34,-1119.34,ok,segment,,
SENATOR MARTIN HEINRICH,2013,SENATORS OFFICIAL PERSONNEL AND OFFICE EXPENSE ACCOUNT,1149,BANNER NET PAYROLL,1149,0.0,0.0,banner_missing,banner,,
SENATOR MARTIN HEINRICH,2013,SENATORS OFFICIAL PERSONNEL AND OFFICE EXPENSE ACCOUNT,1149,BANNER ORGANIZATION TOTALS,1149,1119.34,1119.34,ok,banner,,
SENATOR MARTIN HEINRICH,2014,SENATORS OFFICIAL PERSONNEL AND OFFICE EXPENSE ACCOUNT,1151,TRAVEL AND TRANSPORTATION OF PERSONS,1152,-395.23,-395.23,ok,segment,,
SENATOR MARTIN HEINRICH,2014,SENATORS OFFICIAL PERSONNEL AND OFFICE EXPENSE ACCOUNT,1151,BANNER NET PAYROLL,1151,0.0,0.0,banner_missing,banner,,
SENATOR MARTIN HEINRICH,2014,SENATORS OFFICIAL PERSONNEL AND OFFICE EXPENSE ACCOUNT,1151,BANNER ORGANIZATION TOTALS,1151,395.23,395.23,ok,banner,,
SENATOR MARTIN HEINRICH,2015,SENATORS OFFICIAL PERSONNEL AND OFFICE EXPENSE ACCOUNT,1153,TRAVEL AND TRANSPORTATION OF PERSONS,1166,69259.73,69259.73,ok,segment,,
SENATOR MARTIN HEINRICH,2015,SENATORS OFFICIAL PERSONNEL AND OFFICE EXPENSE ACCOUNT,1153,OTHER CONTRACTUAL SERVICES,1166,418.75,418.75,ok,segment,,
SENATOR MARTIN HEINRICH,2015,SENATORS OFFICIAL PERSONNEL AND OFFICE EXPENSE ACCOUNT,1153,ACQUISITION OF ASSETS,1166,2556.18,2556.18,ok,segment,,
SENATOR MARTIN HEINRICH,2015,SENATORS OFFICIAL PERSONNEL AND OFFICE EXPENSE ACCOUNT,1153,PERSONNEL COMP. FULL-TIME PERMANENT,1166,1453989.8,0.0,component,payroll_component,,
SENATOR MARTIN HEINRICH,2015,SENATORS OFFICIAL PERSONNEL AND OFFICE EXPENSE ACCOUNT,1153,PERSONNEL BENEFITS,1166,7581.3,0.0,component,payroll_component,,
SENATOR MARTIN HEINRICH,2015,SENATORS OFFICIAL PERSONNEL AND OFFICE EXPENSE ACCOUNT,1153,NET PAYROLL EXPENSES,1166,1461571.1,1461571.1,ok,segment,,
SENATOR MARTIN HEINRICH,2015,SENATORS OFFICIAL PERSONNEL AND OFFICE EXPENSE ACCOUNT,1153,BANNER NET PAYROLL,1153,1461571.1,1461571.1,ok,banner,,
SENATOR MARTIN HEINRICH,2015,SENATORS OFFICIAL PERSONNEL AND OFFICE EXPENSE ACCOUNT,1153,BANNER ORGANIZATION TOTALS,1153,1557213.88,1533805.76,fail,banner,,
SENATOR HEIDI HEITKAMP,2013,SENATORS OFFICIAL PERSONNEL AND OFFICE EXPENSE ACCOUNT,1167,BANNER NET PAYROLL,1167,0.0,0.0,banner_missing,banner,,
SENATOR HEIDI HEITKAMP,2013,SENATORS OFFICIAL PERSONNEL AND OFFICE EXPENSE ACCOUNT,1167,BANNER ORGANIZATION TOTALS,1167,0.0,0.0,ok,banner,,
SENATOR HEIDI HEITKAMP,2014,SENATORS OFFICIAL PERSONNEL AND OFFICE EXPENSE ACCOUNT,1168,BANNER NET PAYROLL,1168,0.0,0.0,banner_missing,banner,,
SENATOR HEIDI HEITKAMP,2014,SENATORS OFFICIAL PERSONNEL AND OFFICE EXPENSE ACCOUNT,1168,BANNER ORGANIZATION TOTALS,1168,0.0,0.0,ok,banner,,
SENATOR HEIDI HEITKAMP,2015,SENATORS OFFICIAL PERSONNEL AND OFFICE EXPENSE ACCOUNT,1169,TRAVEL AND TRANSPORTATION OF PERSONS,1180,92035.11,92035.11,ok,segment,,
SENATOR HEIDI HEITKAMP,2015,SENATORS OFFICIAL PERSONNEL AND OFFICE EXPENSE ACCOUNT,1169,OTHER CONTRACTUAL SERVICES,1180,1204.0,1204.0,ok,segment,,
SENATOR HEIDI HEITKAMP,2015,SENATORS OFFICIAL PERSONNEL AND OFFICE EXPENSE ACCOUNT,1169,ACQUISITION OF ASSETS,1180,31229.97,31229.97,ok,segment,,
SENATOR HEIDI HEITKAMP,2015,SENATORS OFFICIAL PERSONNEL AND OFFICE EXPENSE ACCOUNT,1169,PERSONNEL COMP. FULL-TIME PERMANENT,1180,1350599.01,0.0,component,payroll_component,,
SENATOR HEIDI HEITKAMP,2015,SENATORS OFFICIAL PERSONNEL AND OFFICE EXPENSE ACCOUNT,1169,PERSONNEL BENEFITS,1180,5858.35,0.0,component,payroll_component,,
SENATOR HEIDI HEITKAMP,2015,SENATORS OFFICIAL PERSONNEL AND OFFICE EXPENSE ACCOUNT,1169,NET PAYROLL EXPENSES,1180,1356457.36,1356457.36,ok,segment,,
SENATOR HEIDI HEITKAMP,2015,SENATORS OFFICIAL PERSONNEL AND OFFICE EXPENSE ACCOUNT,1169,BANNER NET PAYROLL,1169,1356457.36,1356457.36,ok,banner,,
SENATOR HEIDI HEITKAMP,2015,SENATORS OFFICIAL PERSONNEL AND OFFICE EXPENSE ACCOUNT,1169,BANNER ORGANIZATION TOTALS,1169,1532504.49,1480926.44,fail,banner,,
SENATOR DEAN HELLER,2013,SENATORS OFFICIAL PERSONNEL AND OFFICE EXPENSE ACCOUNT,1181,BANNER NET PAYROLL,1181,0.0,0.0,banner_missing,banner,,
SENATOR DEAN HELLER,2013,SENATORS OFFICIAL PERSONNEL AND OFFICE EXPENSE ACCOUNT,1181,BANNER ORGANIZATION TOTALS,1181,0.0,0.0,ok,banner,,
SENATOR DEAN HELLER,2014,SENATORS OFFICIAL PERSONNEL AND OFFICE EXPENSE ACCOUNT,1182,BANNER NET PAYROLL,1182,0.0,0.0,banner_missing,banner,,
SENATOR DEAN HELLER,2014,SENATORS OFFICIAL PERSONNEL AND OFFICE EXPENSE ACCOUNT,1182,BANNER ORGANIZATION TOTALS,1182,0.0,0.0,ok,banner,,
SENATOR DEAN HELLER,2015,SENATORS OFFICIAL PERSONNEL AND OFFICE EXPENSE ACCOUNT,1183,TRAVEL AND TRANSPORTATION OF PERSONS,1188,60424.71,60424.71,ok,segment,,
SENATOR DEAN HELLER,2015,SENATORS OFFICIAL PERSONNEL AND OFFICE EXPENSE ACCOUNT,1183,OTHER CONTRACTUAL SERVICES,1188,2759.78,2759.78,ok,segment,,
SENATOR DEAN HELLER,2015,SENATORS OFFICIAL PERSONNEL AND OFFICE EXPENSE ACCOUNT,1183,PERSONNEL COMP. FULL-TIME PERMANENT,1188,1063711.63,0.0,component,payroll_component,,
SENATOR DEAN HELLER,2015,SENATORS OFFICIAL PERSONNEL AND OFFICE EXPENSE ACCOUNT,1183,PERSONNEL BENEFITS,1188,3967.2,0.0,component,payroll_component,,
SENATOR DEAN HELLER,2015,SENATORS OFFICIAL PERSONNEL AND OFFICE EXPENSE ACCOUNT,1183,NET PAYROLL EXPENSES,1188,1067678.83,1067678.83,ok,segment,,
SENATOR DEAN HELLER,2015,SENATORS OFFICIAL PERSONNEL AND OFFICE EXPENSE ACCOUNT,1183,BANNER NET PAYROLL,1183,1067678.83,1067678.83,ok,banner,,
SENATOR DEAN HELLER,2015,SENATORS OFFICIAL PERSONNEL AND OFFICE EXPENSE ACCOUNT,1183,BANNER ORGANIZATION TOTALS,1183,1227278.78,1130863.32,fail,banner,,
SENATOR MAZIE HIRONO,2013,SENATORS OFFICIAL PERSONNEL AND OFFICE EXPENSE ACCOUNT,1189,BANNER NET PAYROLL,1189,0.0,0.0,banner_missing,banner,,
SENATOR MAZIE HIRONO,2013,SENATORS OFFICIAL PERSONNEL AND OFFICE EXPENSE ACCOUNT,1189,BANNER ORGANIZATION TOTALS,1189,0.0,0.0,ok,banner,,
SENATOR MAZIE HIRONO,2014,SENATORS OFFICIAL PERSONNEL AND OFFICE EXPENSE ACCOUNT,1190,BANNER NET PAYROLL,1190,0.0,0.0,banner_missing,banner,,
SENATOR MAZIE HIRONO,2014,SENATORS OFFICIAL PERSONNEL AND OFFICE EXPENSE ACCOUNT,1190,BANNER ORGANIZATION TOTALS,1190,1125.6,0.0,fail,banner,,
SENATOR MAZIE HIRONO,2015,SENATORS OFFICIAL PERSONNEL AND OFFICE EXPENSE ACCOUNT,1191,TRAVEL AND TRANSPORTATION OF PERSONS,1194,22025.86,22025.86,ok,segment,,
SENATOR MAZIE HIRONO,2015,SENATORS OFFICIAL PERSONNEL AND OFFICE EXPENSE ACCOUNT,1191,OTHER CONTRACTUAL SERVICES,1195,1984.16,1984.16,ok,segment,,
SENATOR MAZIE HIRONO,2015,SENATORS OFFICIAL PERSONNEL AND OFFICE EXPENSE ACCOUNT,1191,ACQUISITION OF ASSETS,1195,7026.27,7026.27,ok,segment,,
SENATOR MAZIE HIRONO,2015,SENATORS OFFICIAL PERSONNEL AND OFFICE EXPENSE ACCOUNT,1191,OTHER PERSONNEL COMPENSATION,1195,6915.07,0.0,component,payroll_component,,
SENATOR MAZIE HIRONO,2015,SENATORS OFFICIAL PERSONNEL AND OFFICE EXPENSE ACCOUNT,1191,PERSONNEL COMP. FULL-TIME PERMANENT,1195,1057262.71,0.0,component,payroll_component,,
SENATOR MAZIE HIRONO,2015,SENATORS OFFICIAL PERSONNEL AND OFFICE EXPENSE ACCOUNT,1191,PERSONNEL BENEFITS,1195,8806.8,0.0,component,payroll_component,,
SENATOR MAZIE HIRONO,2015,SENATORS OFFICIAL PERSONNEL AND OFFICE EXPENSE ACCOUNT,1191,NET PAYROLL EXPENSES,1195,1072984.58,1128168.98,fail,segment,inconclusive,0.0
SENATOR MAZIE HIRONO,2015,SENATORS OFFICIAL PERSONNEL AND OFFICE EXPENSE ACCOUNT,1191,BANNER NET PAYROLL,1191,1072984.58,1072984.58,ok,banner,,
SENATOR MAZIE HIRONO,2015,SENATORS OFFICIAL PERSONNEL AND OFFICE EXPENSE ACCOUNT,1191,BANNER ORGANIZATION TOTALS,1191,1150494.01,1159205.27,fail,banner,,
SENATOR JOHN HOEVEN,2013,SENATORS OFFICIAL PERSONNEL AND OFFICE EXPENSE ACCOUNT,1196,BANNER NET PAYROLL,1196,0.0,0.0,banner_missing,banner,,
SENATOR JOHN HOEVEN,2013,SENATORS OFFICIAL PERSONNEL AND OFFICE EXPENSE ACCOUNT,1196,BANNER ORGANIZATION TOTALS,1196,0.0,0.0,ok,banner,,
SENATOR JOHN HOEVEN,2014,SENATORS OFFICIAL PERSONNEL AND OFFICE EXPENSE ACCOUNT,1197,ACQUISITION OF ASSETS,1197,1044.0,1044.0,ok,segment,,
SENATOR JOHN HOEVEN,2014,SENATORS OFFICIAL PERSONNEL AND OFFICE EXPENSE ACCOUNT,1197,BANNER NET PAYROLL,1197,0.0,0.0,banner_missing,banner,,
SENATOR JOHN HOEVEN,2014,SENATORS OFFICIAL PERSONNEL AND OFFICE EXPENSE ACCOUNT,1197,BANNER ORGANIZATION TOTALS,1197,1044.0,1044.0,ok,banner,,
SENATOR JOHN HOEVEN,2015,SENATORS OFFICIAL PERSONNEL AND OFFICE EXPENSE ACCOUNT,1198,TRAVEL AND TRANSPORTATION OF PERSONS,1203,36403.24,36403.24,ok,segment,,
SENATOR JOHN HOEVEN,2015,SENATORS OFFICIAL PERSONNEL AND OFFICE EXPENSE ACCOUNT,1198,OTHER CONTRACTUAL SERVICES,1204,142.6,142.6,ok,segment,,
SENATOR JOHN HOEVEN,2015,SENATORS OFFICIAL PERSONNEL AND OFFICE EXPENSE ACCOUNT,1198,ACQUISITION OF ASSETS,1204,123.83,123.83,ok,segment,,
SENATOR JOHN HOEVEN,2015,SENATORS OFFICIAL PERSONNEL AND OFFICE EXPENSE ACCOUNT,1198,PERSONNEL COMP. FULL-TIME PERMANENT,1204,1137997.7,0.0,component,payroll_component,,
SENATOR JOHN HOEVEN,2015,SENATORS OFFICIAL PERSONNEL AND OFFICE EXPENSE ACCOUNT,1198,PERSONNEL BENEFITS,1204,2451.55,0.0,component,payroll_component,,
SENATOR JOHN HOEVEN,2015,SENATORS OFFICIAL PERSONNEL AND OFFICE EXPENSE ACCOUNT,1198,NET PAYROLL EXPENSES,1204,1140449.25,1140449.25,ok,segment,,
SENATOR JOHN HOEVEN,2015,SENATORS OFFICIAL PERSONNEL AND OFFICE EXPENSE ACCOUNT,1198,BANNER NET PAYROLL,1198,1140449.25,1140449.25,ok,banner,,
SENATOR JOHN HOEVEN,2015,SENATORS OFFICIAL PERSONNEL AND OFFICE EXPENSE ACCOUNT,1198,BANNER ORGANIZATION TOTALS,1198,1196267.35,1177118.92,fail,banner,,
SENATOR KAY BAILEY HUTCHISON,2013,SENATORS OFFICIAL PERSONNEL AND OFFICE EXPENSE ACCOUNT,1205,BANNER NET PAYROLL,1205,0.0,0.0,banner_missing,banner,,
SENATOR KAY BAILEY HUTCHISON,2013,SENATORS OFFICIAL PERSONNEL AND OFFICE EXPENSE ACCOUNT,1205,BANNER ORGANIZATION TOTALS,1205,0.0,0.0,ok,banner,,
SENATOR JAMES M. INHOFE,2013,SENATORS OFFICIAL PERSONNEL AND OFFICE EXPENSE ACCOUNT,1206,BANNER NET PAYROLL,1206,0.0,0.0,banner_missing,banner,,
SENATOR JAMES M. INHOFE,2013,SENATORS OFFICIAL PERSONNEL AND OFFICE EXPENSE ACCOUNT,1206,BANNER ORGANIZATION TOTALS,1206,0.0,0.0,ok,banner,,
SENATOR JAMES M. INHOFE,2014,SENATORS OFFICIAL PERSONNEL AND OFFICE EXPENSE ACCOUNT,1207,BANNER NET PAYROLL,1207,0.0,0.0,banner_missing,banner,,
SENATOR JAMES M. INHOFE,2014,SENATORS OFFICIAL PERSONNEL AND OFFICE EXPENSE ACCOUNT,1207,BANNER ORGANIZATION TOTALS,1207,0.0,0.0,ok,banner,,
SENATOR JAMES M. INHOFE,2015,SENATORS OFFICIAL PERSONNEL AND OFFICE EXPENSE ACCOUNT,1208,TRAVEL AND TRANSPORTATION OF PERSONS,1222,77891.12,77891.12,ok,segment,,
SENATOR JAMES M. INHOFE,2015,SENATORS OFFICIAL PERSONNEL AND OFFICE EXPENSE ACCOUNT,1208,OTHER CONTRACTUAL SERVICES,1223,2151.95,2151.95,ok,segment,,
SENATOR JAMES M. INHOFE,2015,SENATORS OFFICIAL PERSONNEL AND OFFICE EXPENSE ACCOUNT,1208,ACQUISITION OF ASSETS,1223,369.54,369.54,ok,segment,,
SENATOR JAMES M. INHOFE,2015,SENATORS OFFICIAL PERSONNEL AND OFFICE EXPENSE ACCOUNT,1208,OTHER PERSONNEL COMPENSATION,1223,450.57,0.0,component,payroll_component,,
SENATOR JAMES M. INHOFE,2015,SENATORS OFFICIAL PERSONNEL AND OFFICE EXPENSE ACCOUNT,1208,PERSONNEL COMP. FULL-TIME PERMANENT,1223,1504660.95,0.0,component,payroll_component,,
SENATOR JAMES M. INHOFE,2015,SENATORS OFFICIAL PERSONNEL AND OFFICE EXPENSE ACCOUNT,1208,RE-EMPLOYED ANNUITANTS,1223,55794.0,0.0,component,payroll_component,,
SENATOR JAMES M. INHOFE,2015,SENATORS OFFICIAL PERSONNEL AND OFFICE EXPENSE ACCOUNT,1208,PERSONNEL BENEFITS,1223,2661.9,0.0,component,payroll_component,,
SENATOR JAMES M. INHOFE,2015,SENATORS OFFICIAL PERSONNEL AND OFFICE EXPENSE ACCOUNT,1208,NET PAYROLL EXPENSES,1223,1563567.42,1563567.42,ok,segment,,
SENATOR JAMES M. INHOFE,2015,SENATORS OFFICIAL PERSONNEL AND OFFICE EXPENSE ACCOUNT,1208,BANNER NET PAYROLL,1208,1563567.42,1563567.42,ok,banner,,
SENATOR JAMES M. INHOFE,2015,SENATORS OFFICIAL PERSONNEL AND OFFICE EXPENSE ACCOUNT,1208,BANNER ORGANIZATION TOTALS,1208,1682150.98,1643980.03,fail,banner,,
SENATOR DANIEL K. INOUYE,2013,SENATORS OFFICIAL PERSONNEL AND OFFICE EXPENSE ACCOUNT,1224,BANNER NET PAYROLL,1224,0.0,0.0,banner_missing,banner,,
SENATOR DANIEL K. INOUYE,2013,SENATORS OFFICIAL PERSONNEL AND OFFICE EXPENSE ACCOUNT,1224,BANNER ORGANIZATION TOTALS,1224,0.0,0.0,ok,banner,,
SENATOR JOHNNY ISAKSON,2013,SENATORS OFFICIAL PERSONNEL AND OFFICE EXPENSE ACCOUNT,1225,BANNER NET PAYROLL,1225,0.0,0.0,banner_missing,banner,,
SENATOR JOHNNY ISAKSON,2013,SENATORS OFFICIAL PERSONNEL AND OFFICE EXPENSE ACCOUNT,1225,BANNER ORGANIZATION TOTALS,1225,0.0,0.0,ok,banner,,
SENATOR JOHNNY ISAKSON,2014,SENATORS OFFICIAL PERSONNEL AND OFFICE EXPENSE ACCOUNT,1226,TRAVEL AND TRANSPORTATION OF PERSONS,1226,201.6,201.6,ok,segment,,
SENATOR JOHNNY ISAKSON,2014,SENATORS OFFICIAL PERSONNEL AND OFFICE EXPENSE ACCOUNT,1226,BANNER NET PAYROLL,1226,0.0,0.0,banner_missing,banner,,
SENATOR JOHNNY ISAKSON,2014,SENATORS OFFICIAL PERSONNEL AND OFFICE EXPENSE ACCOUNT,1226,BANNER ORGANIZATION TOTALS,1226,201.6,201.6,ok,banner,,
SENATOR JOHNNY ISAKSON,2015,SENATORS OFFICIAL PERSONNEL AND OFFICE EXPENSE ACCOUNT,1227,TRAVEL AND TRANSPORTATION OF PERSONS,1256,104042.78,104042.78,ok,segment,,
SENATOR JOHNNY ISAKSON,2015,SENATORS OFFICIAL PERSONNEL AND OFFICE EXPENSE ACCOUNT,1227,OTHER CONTRACTUAL SERVICES,1257,1382.0,1382.0,ok,segment,,
SENATOR JOHNNY ISAKSON,2015,SENATORS OFFICIAL PERSONNEL AND OFFICE EXPENSE ACCOUNT,1227,ACQUISITION OF ASSETS,1257,499.0,499.0,ok,segment,,
SENATOR JOHNNY ISAKSON,2015,SENATORS OFFICIAL PERSONNEL AND OFFICE EXPENSE ACCOUNT,1227,PERSONNEL COMP. FULL-TIME PERMANENT,1257,1302189.75,0.0,component,payroll_component,,
SENATOR JOHNNY ISAKSON,2015,SENATORS OFFICIAL PERSONNEL AND OFFICE EXPENSE ACCOUNT,1227,PERSONNEL BENEFITS,1257,537.0,0.0,component,payroll_component,,
SENATOR JOHNNY ISAKSON,2015,SENATORS OFFICIAL PERSONNEL AND OFFICE EXPENSE ACCOUNT,1227,NET PAYROLL EXPENSES,1257,1302726.75,1345091.49,fail,segment,inconclusive,0.0
SENATOR JOHNNY ISAKSON,2015,SENATORS OFFICIAL PERSONNEL AND OFFICE EXPENSE ACCOUNT,1227,BANNER NET PAYROLL,1227,1302726.75,1302726.75,ok,banner,,
SENATOR JOHNNY ISAKSON,2015,SENATORS OFFICIAL PERSONNEL AND OFFICE EXPENSE ACCOUNT,1227,BANNER ORGANIZATION TOTALS,1227,1451197.65,1451015.27,fail,banner,,
SENATOR MIKE JOHANNS,2013,SENATORS OFFICIAL PERSONNEL AND OFFICE EXPENSE ACCOUNT,1258,BANNER NET PAYROLL,1258,0.0,0.0,banner_missing,banner,,
SENATOR MIKE JOHANNS,2013,SENATORS OFFICIAL PERSONNEL AND OFFICE EXPENSE ACCOUNT,1258,BANNER ORGANIZATION TOTALS,1258,0.0,0.0,ok,banner,,
SENATOR MIKE JOHANNS,2014,SENATORS OFFICIAL PERSONNEL AND OFFICE EXPENSE ACCOUNT,1259,BANNER NET PAYROLL,1259,0.0,0.0,banner_missing,banner,,
SENATOR MIKE JOHANNS,2014,SENATORS OFFICIAL PERSONNEL AND OFFICE EXPENSE ACCOUNT,1259,BANNER ORGANIZATION TOTALS,1259,3.35,0.0,fail,banner,,
SENATOR MIKE JOHANNS,2015,SENATORS OFFICIAL PERSONNEL AND OFFICE EXPENSE ACCOUNT,1260,PERSONNEL COMP. FULL-TIME PERMANENT,1260,-9190.45,0.0,component,payroll_component,,
SENATOR MIKE JOHANNS,2015,SENATORS OFFICIAL PERSONNEL AND OFFICE EXPENSE ACCOUNT,1260,NET PAYROLL EXPENSES,1260,-9190.45,0.0,zero_records,segment,,
SENATOR MIKE JOHANNS,2015,SENATORS OFFICIAL PERSONNEL AND OFFICE EXPENSE ACCOUNT,1260,BANNER NET PAYROLL,1260,9190.45,9190.45,ok,banner,,
SENATOR MIKE JOHANNS,2015,SENATORS OFFICIAL PERSONNEL AND OFFICE EXPENSE ACCOUNT,1260,BANNER ORGANIZATION TOTALS,1260,9983.66,0.0,fail,banner,,
SENATOR TIM JOHNSON,2013,SENATORS OFFICIAL PERSONNEL AND OFFICE EXPENSE ACCOUNT,1261,BANNER NET PAYROLL,1261,0.0,0.0,banner_missing,banner,,
SENATOR TIM JOHNSON,2013,SENATORS OFFICIAL PERSONNEL AND OFFICE EXPENSE ACCOUNT,1261,BANNER ORGANIZATION TOTALS,1261,0.0,0.0,ok,banner,,
SENATOR TIM JOHNSON,2014,SENATORS OFFICIAL PERSONNEL AND OFFICE EXPENSE ACCOUNT,1262,BANNER NET PAYROLL,1262,0.0,0.0,banner_missing,banner,,
SENATOR TIM JOHNSON,2014,SENATORS OFFICIAL PERSONNEL AND OFFICE EXPENSE ACCOUNT,1262,BANNER ORGANIZATION TOTALS,1262,0.0,0.0,ok,banner,,
SENATOR TIM JOHNSON,2015,SENATORS OFFICIAL PERSONNEL AND OFFICE EXPENSE ACCOUNT,1263,PERSONNEL BENEFITS,1263,-433.5,0.0,component,payroll_component,,
SENATOR TIM JOHNSON,2015,SENATORS OFFICIAL PERSONNEL AND OFFICE EXPENSE ACCOUNT,1263,NET PAYROLL EXPENSES,1263,-433.5,-433.5,ok,segment,,
SENATOR TIM JOHNSON,2015,SENATORS OFFICIAL PERSONNEL AND OFFICE EXPENSE ACCOUNT,1263,BANNER NET PAYROLL,1263,433.5,433.5,ok,banner,,
SENATOR TIM JOHNSON,2015,SENATORS OFFICIAL PERSONNEL AND OFFICE EXPENSE ACCOUNT,1263,BANNER ORGANIZATION TOTALS,1263,994.3,433.5,fail,banner,,
SENATOR RON JOHNSON,2013,SENATORS OFFICIAL PERSONNEL AND OFFICE EXPENSE ACCOUNT,1264,BANNER NET PAYROLL,1264,0.0,0.0,banner_missing,banner,,
SENATOR RON JOHNSON,2013,SENATORS OFFICIAL PERSONNEL AND OFFICE EXPENSE ACCOUNT,1264,BANNER ORGANIZATION TOTALS,1264,0.0,0.0,ok,banner,,
OUNT,,,1265,TRAVEL AND TRANSPORTATION OF PERSONS,1265,998.32,998.32,ok,segment,,
OUNT,,,1265,BANNER NET PAYROLL,1265,0.0,0.0,banner_missing,banner,,
OUNT,,,1265,BANNER ORGANIZATION TOTALS,1265,998.32,998.32,ok,banner,,
SENATOR RON JOHNSON,2015,SENATORS OFFICIAL PERSONNEL AND OFFICE EXPENSE ACCOUNT,1266,TRAVEL AND TRANSPORTATION OF PERSONS,1284,88607.44,88607.44,ok,segment,,
SENATOR RON JOHNSON,2015,SENATORS OFFICIAL PERSONNEL AND OFFICE EXPENSE ACCOUNT,1266,OTHER CONTRACTUAL SERVICES,1284,97.0,97.0,ok,segment,,
SENATOR RON JOHNSON,2015,SENATORS OFFICIAL PERSONNEL AND OFFICE EXPENSE ACCOUNT,1266,ACQUISITION OF ASSETS,1284,1123.99,1123.99,ok,segment,,
SENATOR RON JOHNSON,2015,SENATORS OFFICIAL PERSONNEL AND OFFICE EXPENSE ACCOUNT,1266,PERSONNEL COMP. FULL-TIME PERMANENT,1284,1358203.72,0.0,component,payroll_component,,
SENATOR RON JOHNSON,2015,SENATORS OFFICIAL PERSONNEL AND OFFICE EXPENSE ACCOUNT,1266,PERSONNEL BENEFITS,1284,5328.6,0.0,component,payroll_component,,
SENATOR RON JOHNSON,2015,SENATORS OFFICIAL PERSONNEL AND OFFICE EXPENSE ACCOUNT,1266,NET PAYROLL EXPENSES,1284,1363532.32,1363571.65,fail,segment,inconclusive,0.0
SENATOR RON JOHNSON,2015,SENATORS OFFICIAL PERSONNEL AND OFFICE EXPENSE ACCOUNT,1266,BANNER NET PAYROLL,1266,1363532.32,1363532.32,ok,banner,,
SENATOR RON JOHNSON,2015,SENATORS OFFICIAL PERSONNEL AND OFFICE EXPENSE ACCOUNT,1266,BANNER ORGANIZATION TOTALS,1266,1508978.02,1453400.08,fail,banner,,
SENATOR TIM KAINE,2013,SENATORS OFFICIAL PERSONNEL AND OFFICE EXPENSE ACCOUNT,1285,TRAVEL AND TRANSPORTATION OF PERSONS,1285,82.5,82.5,ok,segment,,
SENATOR TIM KAINE,2013,SENATORS OFFICIAL PERSONNEL AND OFFICE EXPENSE ACCOUNT,1285,BANNER NET PAYROLL,1285,0.0,0.0,banner_missing,banner,,
SENATOR TIM KAINE,2013,SENATORS OFFICIAL PERSONNEL AND OFFICE EXPENSE ACCOUNT,1285,BANNER ORGANIZATION TOTALS,1285,82.5,82.5,ok,banner,,
SENATOR TIM KAINE,2014,SENATORS OFFICIAL PERSONNEL AND OFFICE EXPENSE ACCOUNT,1286,TRAVEL AND TRANSPORTATION OF PERSONS,1286,328.11,328.11,ok,segment,,
SENATOR TIM KAINE,2014,SENATORS OFFICIAL PERSONNEL AND OFFICE EXPENSE ACCOUNT,1286,BANNER NET PAYROLL,1286,0.0,0.0,banner_missing,banner,,
SENATOR TIM KAINE,2014,SENATORS OFFICIAL PERSONNEL AND OFFICE EXPENSE ACCOUNT,1286,BANNER ORGANIZATION TOTALS,1286,340.95,328.11,fail,banner,,
SENATOR TIM KAINE,2015,SENATORS OFFICIAL PERSONNEL AND OFFICE EXPENSE ACCOUNT,1287,TRAVEL AND TRANSPORTATION OF PERSONS,1299,42763.31,42763.31,ok,segment,,
SENATOR TIM KAINE,2015,SENATORS OFFICIAL PERSONNEL AND OFFICE EXPENSE ACCOUNT,1287,OTHER CONTRACTUAL SERVICES,1299,4566.74,4566.74,ok,segment,,
SENATOR TIM KAINE,2015,SENATORS OFFICIAL PERSONNEL AND OFFICE EXPENSE ACCOUNT,1287,ACQUISITION OF ASSETS,1300,4638.98,4638.98,ok,segment,,
SENATOR TIM KAINE,2015,SENATORS OFFICIAL PERSONNEL AND OFFICE EXPENSE ACCOUNT,1287,OTHER PERSONNEL COMPENSATION,1300,1123.38,0.0,component,payroll_component,,
SENATOR TIM KAINE,2015,SENATORS OFFICIAL PERSONNEL AND OFFICE EXPENSE ACCOUNT,1287,PERSONNEL COMP. FULL-TIME PERMANENT,1300,1441660.34,0.0,component,payroll_component,,
SENATOR TIM KAINE,2015,SENATORS OFFICIAL PERSONNEL AND OFFICE EXPENSE ACCOUNT,1287,PERSONNEL BENEFITS,1300,6031.4,0.0,component,payroll_component,,
SENATOR TIM KAINE,2015,SENATORS OFFICIAL PERSONNEL AND OFFICE EXPENSE ACCOUNT,1287,NET PAYROLL EXPENSES,1300,1448815.12,1448815.12,ok,segment,,
SENATOR TIM KAINE,2015,SENATORS OFFICIAL PERSONNEL AND OFFICE EXPENSE ACCOUNT,1287,BANNER NET PAYROLL,1287,1448815.12,1448815.12,ok,banner,,
SENATOR TIM KAINE,2015,SENATORS OFFICIAL PERSONNEL AND OFFICE EXPENSE ACCOUNT,1287,BANNER ORGANIZATION TOTALS,1287,1567505.04,1500784.15,fail,banner,,
SENATOR JOHN F. KERRY,2013,SENATORS OFFICIAL PERSONNEL AND OFFICE EXPENSE ACCOUNT,1301,BANNER NET PAYROLL,1301,0.0,0.0,banner_missing,banner,,
SENATOR JOHN F. KERRY,2013,SENATORS OFFICIAL PERSONNEL AND OFFICE EXPENSE ACCOUNT,1301,BANNER ORGANIZATION TOTALS,1301,0.0,0.0,ok,banner,,
SENATOR ANGUS KING,2013,SENATORS OFFICIAL PERSONNEL AND OFFICE EXPENSE ACCOUNT,1302,BANNER NET PAYROLL,1302,0.0,0.0,banner_missing,banner,,
SENATOR ANGUS KING,2013,SENATORS OFFICIAL PERSONNEL AND OFFICE EXPENSE ACCOUNT,1302,BANNER ORGANIZATION TOTALS,1302,0.0,0.0,ok,banner,,
SENATOR ANGUS KING,2014,SENATORS OFFICIAL PERSONNEL AND OFFICE EXPENSE ACCOUNT,1303,PERSONNEL COMP. FULL-TIME PERMANENT,1303,3630.71,0.0,component,payroll_component,,
SENATOR ANGUS KING,2014,SENATORS OFFICIAL PERSONNEL AND OFFICE EXPENSE ACCOUNT,1303,NET PAYROLL EXPENSES,1303,3630.71,0.0,zero_records,segment,,
SENATOR ANGUS KING,2014,SENATORS OFFICIAL PERSONNEL AND OFFICE EXPENSE ACCOUNT,1303,BANNER NET PAYROLL,1303,3630.71,3630.71,ok,banner,,
SENATOR ANGUS KING,2014,SENATORS OFFICIAL PERSONNEL AND OFFICE EXPENSE ACCOUNT,1303,BANNER ORGANIZATION TOTALS,1303,3630.71,0.0,fail,banner,,
SENATOR ANGUS KING,2015,SENATORS OFFICIAL PERSONNEL AND OFFICE EXPENSE ACCOUNT,1304,TRAVEL AND TRANSPORTATION OF PERSONS,1319,86632.87,86632.87,ok,segment,,
SENATOR ANGUS KING,2015,SENATORS OFFICIAL PERSONNEL AND OFFICE EXPENSE ACCOUNT,1304,OTHER CONTRACTUAL SERVICES,1320,1584.18,1584.18,ok,segment,,
SENATOR ANGUS KING,2015,SENATORS OFFICIAL PERSONNEL AND OFFICE EXPENSE ACCOUNT,1304,ACQUISITION OF ASSETS,1320,3327.11,3327.11,ok,segment,,
SENATOR ANGUS KING,2015,SENATORS OFFICIAL PERSONNEL AND OFFICE EXPENSE ACCOUNT,1304,OTHER PERSONNEL COMPENSATION,1320,21357.25,0.0,component,payroll_component,,
SENATOR ANGUS KING,2015,SENATORS OFFICIAL PERSONNEL AND OFFICE EXPENSE ACCOUNT,1304,PERSONNEL COMP. FULL-TIME PERMANENT,1320,1376450.7,0.0,component,payroll_component,,
SENATOR ANGUS KING,2015,SENATORS OFFICIAL PERSONNEL AND OFFICE EXPENSE ACCOUNT,1304,PERSONNEL BENEFITS,1320,6255.55,0.0,component,payroll_component,,
SENATOR ANGUS KING,2015,SENATORS OFFICIAL PERSONNEL AND OFFICE EXPENSE ACCOUNT,1304,NET PAYROLL EXPENSES,1320,1404063.5,1407694.21,fail,segment,inconclusive,0.0
SENATOR ANGUS KING,2015,SENATORS OFFICIAL PERSONNEL AND OFFICE EXPENSE ACCOUNT,1304,BANNER NET PAYROLL,1304,1404063.5,1404063.5,ok,banner,,
SENATOR ANGUS KING,2015,SENATORS OFFICIAL PERSONNEL AND OFFICE EXPENSE ACCOUNT,1304,BANNER ORGANIZATION TOTALS,1304,1529806.28,1499238.37,fail,banner,,
SENATOR MARK KIRK,2013,SENATORS OFFICIAL PERSONNEL AND OFFICE EXPENSE ACCOUNT,1321,BANNER NET PAYROLL,1321,0.0,0.0,banner_missing,banner,,
SENATOR MARK KIRK,2013,SENATORS OFFICIAL PERSONNEL AND OFFICE EXPENSE ACCOUNT,1321,BANNER ORGANIZATION TOTALS,1321,0.0,0.0,ok,banner,,
SENATOR MARK KIRK,2014,SENATORS OFFICIAL PERSONNEL AND OFFICE EXPENSE ACCOUNT,1322,BANNER NET PAYROLL,1322,0.0,0.0,banner_missing,banner,,
SENATOR MARK KIRK,2014,SENATORS OFFICIAL PERSONNEL AND OFFICE EXPENSE ACCOUNT,1322,BANNER ORGANIZATION TOTALS,1322,0.0,0.0,ok,banner,,
SENATOR MARK KIRK,2015,SENATORS OFFICIAL PERSONNEL AND OFFICE EXPENSE ACCOUNT,1323,TRAVEL AND TRANSPORTATION OF PERSONS,1339,72985.72,72985.72,ok,segment,,
SENATOR MARK KIRK,2015,SENATORS OFFICIAL PERSONNEL AND OFFICE EXPENSE ACCOUNT,1323,OTHER CONTRACTUAL SERVICES,1339,285.4,285.4,ok,segment,,
SENATOR MARK KIRK,2015,SENATORS OFFICIAL PERSONNEL AND OFFICE EXPENSE ACCOUNT,1323,ACQUISITION OF ASSETS,1339,648.62,648.62,ok,segment,,
SENATOR MARK KIRK,2015,SENATORS OFFICIAL PERSONNEL AND OFFICE EXPENSE ACCOUNT,1323,PERSONNEL COMP. FULL-TIME PERMANENT,1339,1625596.28,0.0,component,payroll_component,,
SENATOR MARK KIRK,2015,SENATORS OFFICIAL PERSONNEL AND OFFICE EXPENSE ACCOUNT,1323,PERSONNEL BENEFITS,1339,13838.1,0.0,component,payroll_component,,
SENATOR MARK KIRK,2015,SENATORS OFFICIAL PERSONNEL AND OFFICE EXPENSE ACCOUNT,1323,NET PAYROLL EXPENSES,1339,1639434.38,1639434.38,ok,segment,,
SENATOR MARK KIRK,2015,SENATORS OFFICIAL PERSONNEL AND OFFICE EXPENSE ACCOUNT,1323,BANNER NET PAYROLL,1323,1639434.38,1639434.38,ok,banner,,
SENATOR MARK KIRK,2015,SENATORS OFFICIAL PERSONNEL AND OFFICE EXPENSE ACCOUNT,1323,BANNER ORGANIZATION TOTALS,1323,1759180.68,1713354.12,fail,banner,,
SENATOR AMY KLOBUCHAR,2013,SENATORS OFFICIAL PERSONNEL AND OFFICE EXPENSE ACCOUNT,1340,BANNER NET PAYROLL,1340,0.0,0.0,banner_missing,banner,,
SENATOR AMY KLOBUCHAR,2013,SENATORS OFFICIAL PERSONNEL AND OFFICE EXPENSE ACCOUNT,1340,BANNER ORGANIZATION TOTALS,1340,0.0,0.0,ok,banner,,
SENATOR AMY KLOBUCHAR,2014,SENATORS OFFICIAL PERSONNEL AND OFFICE EXPENSE ACCOUNT,1341,ACQUISITION OF ASSETS,1341,1044.0,1044.0,ok,segment,,
SENATOR AMY KLOBUCHAR,2014,SENATORS OFFICIAL PERSONNEL AND OFFICE EXPENSE ACCOUNT,1341,BANNER NET PAYROLL,1341,0.0,0.0,banner_missing,banner,,
SENATOR AMY KLOBUCHAR,2014,SENATORS OFFICIAL PERSONNEL AND OFFICE EXPENSE ACCOUNT,1341,BANNER ORGANIZATION TOTALS,1341,1044.0,1044.0,ok,banner,,
SENATOR AMY KLOBUCHAR,2015,SENATORS OFFICIAL PERSONNEL AND OFFICE EXPENSE ACCOUNT,1342,TRAVEL AND TRANSPORTATION OF PERSONS,1359,59716.28,59716.28,ok,segment,,
SENATOR AMY KLOBUCHAR,2015,SENATORS OFFICIAL PERSONNEL AND OFFICE EXPENSE ACCOUNT,1342,OTHER CONTRACTUAL SERVICES,1359,549.12,549.12,ok,segment,,
SENATOR AMY KLOBUCHAR,2015,SENATORS OFFICIAL PERSONNEL AND OFFICE EXPENSE ACCOUNT,1342,ACQUISITION OF ASSETS,1359,407.99,407.99,ok,segment,,
SENATOR AMY KLOBUCHAR,2015,SENATORS OFFICIAL PERSONNEL AND OFFICE EXPENSE ACCOUNT,1342,PERSONNEL COMP. FULL-TIME PERMANENT,1359,1464185.84,0.0,component,payroll_component,,
SENATOR AMY KLOBUCHAR,2015,SENATORS OFFICIAL PERSONNEL AND OFFICE EXPENSE ACCOUNT,1342,PERSONNEL BENEFITS,1359,4876.7,0.0,component,payroll_component,,
SENATOR AMY KLOBUCHAR,2015,SENATORS OFFICIAL PERSONNEL AND OFFICE EXPENSE ACCOUNT,1342,NET PAYROLL EXPENSES,1360,1469062.54,1469062.54,ok,segment,,
SENATOR AMY KLOBUCHAR,2015,SENATORS OFFICIAL PERSONNEL AND OFFICE EXPENSE ACCOUNT,1342,BANNER NET PAYROLL,1342,1469062.54,1469062.54,ok,banner,,
SENATOR AMY KLOBUCHAR,2015,SENATORS OFFICIAL PERSONNEL AND OFFICE EXPENSE ACCOUNT,1342,BANNER ORGANIZATION TOTALS,1342,1572051.49,1529735.93,fail,banner,,
SENATOR HERBERT H. KOHL,2013,SENATORS OFFICIAL PERSONNEL AND OFFICE EXPENSE ACCOUNT,1361,BANNER NET PAYROLL,1361,0.0,0.0,banner_missing,banner,,
SENATOR HERBERT H. KOHL,2013,SENATORS OFFICIAL PERSONNEL AND OFFICE EXPENSE ACCOUNT,1361,BANNER ORGANIZATION TOTALS,1361,0.0,0.0,ok,banner,,
SENATOR JON KYL,2013,SENATORS OFFICIAL PERSONNEL AND OFFICE EXPENSE ACCOUNT,1362,BANNER NET PAYROLL,1362,0.0,0.0,banner_missing,banner,,
SENATOR JON KYL,2013,SENATORS OFFICIAL PERSONNEL AND OFFICE EXPENSE ACCOUNT,1362,BANNER ORGANIZATION TOTALS,1362,0.0,0.0,ok,banner,,
SENATOR MARY L. LANDRIEU,2013,SENATORS OFFICIAL PERSONNEL AND OFFICE EXPENSE ACCOUNT,1363,BANNER NET PAYROLL,1363,0.0,0.0,banner_missing,banner,,
SENATOR MARY L. LANDRIEU,2013,SENATORS OFFICIAL PERSONNEL AND OFFICE EXPENSE ACCOUNT,1363,BANNER ORGANIZATION TOTALS,1363,0.0,0.0,ok,banner,,
SENATOR MARY L. LANDRIEU,2014,SENATORS OFFICIAL PERSONNEL AND OFFICE EXPENSE ACCOUNT,1364,TRAVEL AND TRANSPORTATION OF PERSONS,1364,101.14,101.14,ok,segment,,
SENATOR MARY L. LANDRIEU,2014,SENATORS OFFICIAL PERSONNEL AND OFFICE EXPENSE ACCOUNT,1364,ACQUISITION OF ASSETS,1364,435.0,435.0,ok,segment,,
SENATOR MARY L. LANDRIEU,2014,SENATORS OFFICIAL PERSONNEL AND OFFICE EXPENSE ACCOUNT,1364,BANNER NET PAYROLL,1364,0.0,0.0,banner_missing,banner,,
SENATOR MARY L. LANDRIEU,2014,SENATORS OFFICIAL PERSONNEL AND OFFICE EXPENSE ACCOUNT,1364,BANNER ORGANIZATION TOTALS,1364,506.14,536.14,fail,banner,,
SENATOR MARY L. LANDRIEU,2015,SENATORS OFFICIAL PERSONNEL AND OFFICE EXPENSE ACCOUNT,1365,PERSONNEL COMP. FULL-TIME PERMANENT,1365,-250.0,0.0,component,payroll_component,,
SENATOR MARY L. LANDRIEU,2015,SENATORS OFFICIAL PERSONNEL AND OFFICE EXPENSE ACCOUNT,1365,NET PAYROLL EXPENSES,1365,-250.0,0.0,zero_records,segment,,
SENATOR MARY L. LANDRIEU,2015,SENATORS OFFICIAL PERSONNEL AND OFFICE EXPENSE ACCOUNT,1365,BANNER NET PAYROLL,1365,250.0,250.0,ok,banner,,
SENATOR MARY L. LANDRIEU,2015,SENATORS OFFICIAL PERSONNEL AND OFFICE EXPENSE ACCOUNT,1365,BANNER ORGANIZATION TOTALS,1365,192.17,0.0,fail,banner,,
SENATOR JAMES LANKFORD,2015,SENATORS OFFICIAL PERSONNEL AND OFFICE EXPENSE ACCOUNT,1366,TRAVEL AND TRANSPORTATION OF PERSONS,1378,98157.86,98157.86,ok,segment,,
SENATOR JAMES LANKFORD,2015,SENATORS OFFICIAL PERSONNEL AND OFFICE EXPENSE ACCOUNT,1366,OTHER CONTRACTUAL SERVICES,1379,590.3,590.3,ok,segment,,
SENATOR JAMES LANKFORD,2015,SENATORS OFFICIAL PERSONNEL AND OFFICE EXPENSE ACCOUNT,1366,ACQUISITION OF ASSETS,1379,8077.07,8077.07,ok,segment,,
SENATOR JAMES LANKFORD,2015,SENATORS OFFICIAL PERSONNEL AND OFFICE EXPENSE ACCOUNT,1366,PERSONNEL COMP. FULL-TIME PERMANENT,1379,1297920.32,0.0,component,payroll_component,,
SENATOR JAMES LANKFORD,2015,SENATORS OFFICIAL PERSONNEL AND OFFICE EXPENSE ACCOUNT,1366,PERSONNEL BENEFITS,1379,197.0,0.0,component,payroll_component,,
SENATOR JAMES LANKFORD,2015,SENATORS OFFICIAL PERSONNEL AND OFFICE EXPENSE ACCOUNT,1366,NET PAYROLL EXPENSES,1379,1298117.32,1298117.32,ok,segment,,
SENATOR JAMES LANKFORD,2015,SENATORS OFFICIAL PERSONNEL AND OFFICE EXPENSE ACCOUNT,1366,BANNER NET PAYROLL,1366,1298117.32,1298117.32,ok,banner,,
SENATOR JAMES LANKFORD,2015,SENATORS OFFICIAL PERSONNEL AND OFFICE EXPENSE ACCOUNT,1366,BANNER ORGANIZATION TOTALS,1366,1466872.87,1404942.55,fail,banner,,
SENATOR FRANK R. LAUTENBERG,2013,SENATORS OFFICIAL PERSONNEL AND OFFICE EXPENSE ACCOUNT,1380,BANNER NET PAYROLL,1380,0.0,0.0,banner_missing,banner,,
SENATOR FRANK R. LAUTENBERG,2013,SENATORS OFFICIAL PERSONNEL AND OFFICE EXPENSE ACCOUNT,1380,BANNER ORGANIZATION TOTALS,1380,0.0,0.0,ok,banner,,
SENATOR PATRICK J. LEAHY,2013,SENATORS OFFICIAL PERSONNEL AND OFFICE EXPENSE ACCOUNT,1381,BANNER NET PAYROLL,1381,0.0,0.0,banner_missing,banner,,
SENATOR PATRICK J. LEAHY,2013,SENATORS OFFICIAL PERSONNEL AND OFFICE EXPENSE ACCOUNT,1381,BANNER ORGANIZATION TOTALS,1381,0.0,0.0,ok,banner,,
SENATOR PATRICK J. LEAHY,2014,SENATORS OFFICIAL PERSONNEL AND OFFICE EXPENSE ACCOUNT,1382,OTHER CONTRACTUAL SERVICES,1382,5857.0,5857.0,ok,segment,,
SENATOR PATRICK J. LEAHY,2014,SENATORS OFFICIAL PERSONNEL AND OFFICE EXPENSE ACCOUNT,1382,ACQUISITION OF ASSETS,1382,450.0,450.0,ok,segment,,
SENATOR PATRICK J. LEAHY,2014,SENATORS OFFICIAL PERSONNEL AND OFFICE EXPENSE ACCOUNT,1382,BANNER NET PAYROLL,1382,0.0,0.0,banner_missing,banner,,
SENATOR PATRICK J. LEAHY,2014,SENATORS OFFICIAL PERSONNEL AND OFFICE EXPENSE ACCOUNT,1382,BANNER ORGANIZATION TOTALS,1382,6311.47,6307.0,fail,banner,,
SENATOR PATRICK J. LEAHY,2015,SENATORS OFFICIAL PERSONNEL AND OFFICE EXPENSE ACCOUNT,1383,TRAVEL AND TRANSPORTATION OF PERSONS,1391,26108.05,26108.05,ok,segment,,
SENATOR PATRICK J. LEAHY,2015,SENATORS OFFICIAL PERSONNEL AND OFFICE EXPENSE ACCOUNT,1383,OTHER CONTRACTUAL SERVICES,1392,3798.46,3798.46,ok,segment,,
SENATOR PATRICK J. LEAHY,2015,SENATORS OFFICIAL PERSONNEL AND OFFICE EXPENSE ACCOUNT,1383,ACQUISITION OF ASSETS,1392,2160.0,2160.0,ok,segment,,
SENATOR PATRICK J. LEAHY,2015,SENATORS OFFICIAL PERSONNEL AND OFFICE EXPENSE ACCOUNT,1383,PERSONNEL COMP. FULL-TIME PERMANENT,1392,1356816.77,0.0,component,payroll_component,,
SENATOR PATRICK J. LEAHY,2015,SENATORS OFFICIAL PERSONNEL AND OFFICE EXPENSE ACCOUNT,1383,PERSONNEL BENEFITS,1392,4615.85,0.0,component,payroll_component,,
SENATOR PATRICK J. LEAHY,2015,SENATORS OFFICIAL PERSONNEL AND OFFICE EXPENSE ACCOUNT,1383,NET PAYROLL EXPENSES,1392,1361432.62,1361432.62,ok,segment,,
SENATOR PATRICK J. LEAHY,2015,SENATORS OFFICIAL PERSONNEL AND OFFICE EXPENSE ACCOUNT,1383,BANNER NET PAYROLL,1383,1361432.62,1361432.62,ok,banner,,
SENATOR PATRICK J. LEAHY,2015,SENATORS OFFICIAL PERSONNEL AND OFFICE EXPENSE ACCOUNT,1383,BANNER ORGANIZATION TOTALS,1383,1439498.33,1393499.13,fail,banner,,
SENATOR MIKE LEE,2013,SENATORS OFFICIAL PERSONNEL AND OFFICE EXPENSE ACCOUNT,1393,BANNER NET PAYROLL,1393,0.0,0.0,banner_missing,banner,,
SENATOR MIKE LEE,2013,SENATORS OFFICIAL PERSONNEL AND OFFICE EXPENSE ACCOUNT,1393,BANNER ORGANIZATION TOTALS,1393,0.0,0.0,ok,banner,,
SENATOR MIKE LEE,2014,SENATORS OFFICIAL PERSONNEL AND OFFICE EXPENSE ACCOUNT,1394,OTHER CONTRACTUAL SERVICES,1394,3729.0,3729.0,ok,segment,,
SENATOR MIKE LEE,2014,SENATORS OFFICIAL PERSONNEL AND OFFICE EXPENSE ACCOUNT,1394,ACQUISITION OF ASSETS,1394,3795.0,3795.0,ok,segment,,
SENATOR MIKE LEE,2014,SENATORS OFFICIAL PERSONNEL AND OFFICE EXPENSE ACCOUNT,1394,BANNER NET PAYROLL,1394,0.0,0.0,banner_missing,banner,,
SENATOR MIKE LEE,2014,SENATORS OFFICIAL PERSONNEL AND OFFICE EXPENSE ACCOUNT,1394,BANNER ORGANIZATION TOTALS,1394,16824.0,7524.0,fail,banner,,
SENATOR MIKE LEE,2015,SENATORS OFFICIAL PERSONNEL AND OFFICE EXPENSE ACCOUNT,1395,TRAVEL AND TRANSPORTATION OF PERSONS,1403,103060.47,103060.47,ok,segment,,
SENATOR MIKE LEE,2015,SENATORS OFFICIAL PERSONNEL AND OFFICE EXPENSE ACCOUNT,1395,OTHER CONTRACTUAL SERVICES,1403,1239.05,1239.05,ok,segment,,
SENATOR MIKE LEE,2015,SENATORS OFFICIAL PERSONNEL AND OFFICE EXPENSE ACCOUNT,1395,ACQUISITION OF ASSETS,1403,14507.76,14507.76,ok,segment,,
SENATOR MIKE LEE,2015,SENATORS OFFICIAL PERSONNEL AND OFFICE EXPENSE ACCOUNT,1395,PERSONNEL COMP. FULL-TIME PERMANENT,1403,1189561.76,0.0,component,payroll_component,,
SENATOR MIKE LEE,2015,SENATORS OFFICIAL PERSONNEL AND OFFICE EXPENSE ACCOUNT,1395,PERSONNEL BENEFITS,1403,7486.25,0.0,component,payroll_component,,
SENATOR MIKE LEE,2015,SENATORS OFFICIAL PERSONNEL AND OFFICE EXPENSE ACCOUNT,1395,NET PAYROLL EXPENSES,1403,1197048.01,1197048.01,ok,segment,,
SENATOR MIKE LEE,2015,SENATORS OFFICIAL PERSONNEL AND OFFICE EXPENSE ACCOUNT,1395,BANNER NET PAYROLL,1395,1197048.01,1197048.01,ok,banner,,
SENATOR MIKE LEE,2015,SENATORS OFFICIAL PERSONNEL AND OFFICE EXPENSE ACCOUNT,1395,BANNER ORGANIZATION TOTALS,1395,1388634.73,1315855.29,fail,banner,,
SENATOR CARL LEVIN,2013,SENATORS OFFICIAL PERSONNEL AND OFFICE EXPENSE ACCOUNT,1404,BANNER NET PAYROLL,1404,0.0,0.0,banner_missing,banner,,
SENATOR CARL LEVIN,2013,SENATORS OFFICIAL PERSONNEL AND OFFICE EXPENSE ACCOUNT,1404,BANNER ORGANIZATION TOTALS,1404,0.0,0.0,ok,banner,,
SENATOR CARL LEVIN,2014,SENATORS OFFICIAL PERSONNEL AND OFFICE EXPENSE ACCOUNT,1405,BANNER NET PAYROLL,1405,0.0,0.0,banner_missing,banner,,
SENATOR CARL LEVIN,2014,SENATORS OFFICIAL PERSONNEL AND OFFICE EXPENSE ACCOUNT,1405,BANNER ORGANIZATION TOTALS,1405,0.0,0.0,ok,banner,,
SENATOR CARL LEVIN,2015,SENATORS OFFICIAL PERSONNEL AND OFFICE EXPENSE ACCOUNT,1406,OTHER CONTRACTUAL SERVICES,1406,846.35,846.35,ok,segment,,
SENATOR CARL LEVIN,2015,SENATORS OFFICIAL PERSONNEL AND OFFICE EXPENSE ACCOUNT,1406,PERSONNEL COMP. FULL-TIME PERMANENT,1406,-6458.34,0.0,component,payroll_component,,
SENATOR CARL LEVIN,2015,SENATORS OFFICIAL PERSONNEL AND OFFICE EXPENSE ACCOUNT,1406,NET PAYROLL EXPENSES,1406,-6458.34,0.0,zero_records,segment,,
SENATOR CARL LEVIN,2015,SENATORS OFFICIAL PERSONNEL AND OFFICE EXPENSE ACCOUNT,1406,BANNER NET PAYROLL,1406,6458.34,6458.34,ok,banner,,
SENATOR CARL LEVIN,2015,SENATORS OFFICIAL PERSONNEL AND OFFICE EXPENSE ACCOUNT,1406,BANNER ORGANIZATION TOTALS,1406,6647.54,846.35,fail,banner,,
SENATOR JOSEPH I. LIEBERMAN,2013,SENATORS OFFICIAL PERSONNEL AND OFFICE EXPENSE ACCOUNT,1407,BANNER NET PAYROLL,1407,0.0,0.0,banner_missing,banner,,
SENATOR JOSEPH I. LIEBERMAN,2013,SENATORS OFFICIAL PERSONNEL AND OFFICE EXPENSE ACCOUNT,1407,BANNER ORGANIZATION TOTALS,1407,0.0,0.0,ok,banner,,
SENATOR RICHARD G. LUGAR,2013,SENATORS OFFICIAL PERSONNEL AND OFFICE EXPENSE ACCOUNT,1408,BANNER NET PAYROLL,1408,0.0,0.0,banner_missing,banner,,
SENATOR RICHARD G. LUGAR,2013,SENATORS OFFICIAL PERSONNEL AND OFFICE EXPENSE ACCOUNT,1408,BANNER ORGANIZATION TOTALS,1408,0.0,0.0,ok,banner,,
SENATOR JOE MANCHIN,2013,SENATORS OFFICIAL PERSONNEL AND OFFICE EXPENSE ACCOUNT,1409,BANNER NET PAYROLL,1409,0.0,0.0,banner_missing,banner,,
SENATOR JOE MANCHIN,2013,SENATORS OFFICIAL PERSONNEL AND OFFICE EXPENSE ACCOUNT,1409,BANNER ORGANIZATION TOTALS,1409,0.0,0.0,ok,banner,,
SENATOR JOE MANCHIN,2014,SENATORS OFFICIAL PERSONNEL AND OFFICE EXPENSE ACCOUNT,1410,BANNER NET PAYROLL,1410,0.0,0.0,banner_missing,banner,,
SENATOR JOE MANCHIN,2014,SENATORS OFFICIAL PERSONNEL AND OFFICE EXPENSE ACCOUNT,1410,BANNER ORGANIZATION TOTALS,1410,230.0,0.0,fail,banner,,
SENATOR JOE MANCHIN,2015,SENATORS OFFICIAL PERSONNEL AND OFFICE EXPENSE ACCOUNT,1411,TRAVEL AND TRANSPORTATION OF PERSONS,1429,46564.32,46564.32,ok,segment,,
SENATOR JOE MANCHIN,2015,SENATORS OFFICIAL PERSONNEL AND OFFICE EXPENSE ACCOUNT,1411,OTHER CONTRACTUAL SERVICES,1429,709.6,709.6,ok,segment,,
SENATOR JOE MANCHIN,2015,SENATORS OFFICIAL PERSONNEL AND OFFICE EXPENSE ACCOUNT,1411,OTHER PERSONNEL COMPENSATION,1429,4543.07,0.0,component,payroll_component,,
SENATOR JOE MANCHIN,2015,SENATORS OFFICIAL PERSONNEL AND OFFICE EXPENSE ACCOUNT,1411,PERSONNEL COMP. FULL-TIME PERMANENT,1429,1251855.57,0.0,component,payroll_component,,
SENATOR JOE MANCHIN,2015,SENATORS OFFICIAL PERSONNEL AND OFFICE EXPENSE ACCOUNT,1411,PERSONNEL BENEFITS,1429,3270.95,0.0,component,payroll_component,,
SENATOR JOE MANCHIN,2015,SENATORS OFFICIAL PERSONNEL AND OFFICE EXPENSE ACCOUNT,1411,NET PAYROLL EXPENSES,1429,1259669.59,1259669.59,ok,segment,,
SENATOR JOE MANCHIN,2015,SENATORS OFFICIAL PERSONNEL AND OFFICE EXPENSE ACCOUNT,1411,BANNER NET PAYROLL,1411,1259669.59,1259669.59,ok,banner,,
SENATOR JOE MANCHIN,2015,SENATORS OFFICIAL PERSONNEL AND OFFICE EXPENSE ACCOUNT,1411,BANNER ORGANIZATION TOTALS,1411,1359477.17,1306943.51,fail,banner,,
SENATOR EDWARD MARKEY,2013,SENATORS OFFICIAL PERSONNEL AND OFFICE EXPENSE ACCOUNT,1430,BANNER NET PAYROLL,1430,0.0,0.0,banner_missing,banner,,
SENATOR EDWARD MARKEY,2013,SENATORS OFFICIAL PERSONNEL AND OFFICE EXPENSE ACCOUNT,1430,BANNER ORGANIZATION TOTALS,1430,0.0,0.0,ok,banner,,
SENATOR EDWARD MARKEY,2014,SENATORS OFFICIAL PERSONNEL AND OFFICE EXPENSE ACCOUNT,1431,TRAVEL AND TRANSPORTATION OF PERSONS,1431,71.51,71.51,ok,segment,,
SENATOR EDWARD MARKEY,2014,SENATORS OFFICIAL PERSONNEL AND OFFICE EXPENSE ACCOUNT,1431,BANNER NET PAYROLL,1431,0.0,0.0,banner_missing,banner,,
SENATOR EDWARD MARKEY,2014,SENATORS OFFICIAL PERSONNEL AND OFFICE EXPENSE ACCOUNT,1431,BANNER ORGANIZATION TOTALS,1431,71.51,71.51,ok,banner,,
SENATOR EDWARD MARKEY,2015,SENATORS OFFICIAL PERSONNEL AND OFFICE EXPENSE ACCOUNT,1432,TRAVEL AND TRANSPORTATION OF PERSONS,1433,11719.56,11719.56,ok,segment,,
SENATOR EDWARD MARKEY,2015,SENATORS OFFICIAL PERSONNEL AND OFFICE EXPENSE ACCOUNT,1432,OTHER CONTRACTUAL SERVICES,1433,271.7,271.7,ok,segment,,
SENATOR EDWARD MARKEY,2015,SENATORS OFFICIAL PERSONNEL AND OFFICE EXPENSE ACCOUNT,1432,PERSONNEL COMP. FULL-TIME PERMANENT,1433,1226760.63,0.0,component,payroll_component,,
SENATOR EDWARD MARKEY,2015,SENATORS OFFICIAL PERSONNEL AND OFFICE EXPENSE ACCOUNT,1432,PERSONNEL BENEFITS,1433,2945.85,0.0,component,payroll_component,,
SENATOR EDWARD MARKEY,2015,SENATORS OFFICIAL PERSONNEL AND OFFICE EXPENSE ACCOUNT,1432,NET PAYROLL EXPENSES,1434,1229706.48,1229706.48,ok,segment,,
SENATOR EDWARD MARKEY,2015,SENATORS OFFICIAL PERSONNEL AND OFFICE EXPENSE ACCOUNT,1432,BANNER NET PAYROLL,1432,1229706.48,1229706.48,ok,banner,,
SENATOR EDWARD MARKEY,2015,SENATORS OFFICIAL PERSONNEL AND OFFICE EXPENSE ACCOUNT,1432,BANNER ORGANIZATION TOTALS,1432,1309959.33,1241697.74,fail,banner,,
SENATOR JOHN MCCAIN,2013,SENATORS OFFICIAL PERSONNEL AND OFFICE EXPENSE ACCOUNT,1435,BANNER NET PAYROLL,1435,0.0,0.0,banner_missing,banner,,
SENATOR JOHN MCCAIN,2013,SENATORS OFFICIAL PERSONNEL AND OFFICE EXPENSE ACCOUNT,1435,BANNER ORGANIZATION TOTALS,1435,0.0,0.0,ok,banner,,
SENATOR JOHN MCCAIN,2014,SENATORS OFFICIAL PERSONNEL AND OFFICE EXPENSE ACCOUNT,1436,ACQUISITION OF ASSETS,1436,8100.4,8100.4,ok,segment,,
SENATOR JOHN MCCAIN,2014,SENATORS OFFICIAL PERSONNEL AND OFFICE EXPENSE ACCOUNT,1436,PERSONNEL COMP. FULL-TIME PERMANENT,1436,-2666.66,0.0,component,payroll_component,,
SENATOR JOHN MCCAIN,2014,SENATORS OFFICIAL PERSONNEL AND OFFICE EXPENSE ACCOUNT,1436,NET PAYROLL EXPENSES,1436,-2666.66,0.0,zero_records,segment,,
SENATOR JOHN MCCAIN,2014,SENATORS OFFICIAL PERSONNEL AND OFFICE EXPENSE ACCOUNT,1436,BANNER NET PAYROLL,1436,2666.66,2666.66,ok,banner,,
SENATOR JOHN MCCAIN,2014,SENATORS OFFICIAL PERSONNEL AND OFFICE EXPENSE ACCOUNT,1436,BANNER ORGANIZATION TOTALS,1436,5433.74,8100.4,fail,banner,,
SENATOR JOHN MCCAIN,2015,SENATORS OFFICIAL PERSONNEL AND OFFICE EXPENSE ACCOUNT,1437,TRAVEL AND TRANSPORTATION OF PERSONS,1442,48011.94,48011.94,ok,segment,,
SENATOR JOHN MCCAIN,2015,SENATORS OFFICIAL PERSONNEL AND OFFICE EXPENSE ACCOUNT,1437,OTHER CONTRACTUAL SERVICES,1442,790.15,790.15,ok,segment,,
SENATOR JOHN MCCAIN,2015,SENATORS OFFICIAL PERSONNEL AND OFFICE EXPENSE ACCOUNT,1437,OTHER PERSONNEL COMPENSATION,1442,1051.75,0.0,component,payroll_component,,
SENATOR JOHN MCCAIN,2015,SENATORS OFFICIAL PERSONNEL AND OFFICE EXPENSE ACCOUNT,1437,PERSONNEL COMP. FULL-TIME PERMANENT,1442,1332252.18,0.0,component,payroll_component,,
SENATOR JOHN MCCAIN,2015,SENATORS OFFICIAL PERSONNEL AND OFFICE EXPENSE ACCOUNT,1437,PERSONNEL BENEFITS,1442,3177.85,0.0,component,payroll_component,,
SENATOR JOHN MCCAIN,2015,SENATORS OFFICIAL PERSONNEL AND OFFICE EXPENSE ACCOUNT,1437,NET PAYROLL EXPENSES,1442,1336481.78,1336481.78,ok,segment,,
SENATOR JOHN MCCAIN,2015,SENATORS OFFICIAL PERSONNEL AND OFFICE EXPENSE ACCOUNT,1437,BANNER NET PAYROLL,1437,1336481.78,1336481.78,ok,banner,,
SENATOR JOHN MCCAIN,2015,SENATORS OFFICIAL PERSONNEL AND OFFICE EXPENSE ACCOUNT,1437,BANNER ORGANIZATION TOTALS,1437,1437767.95,1385283.87,fail,banner,,
SENATOR CLAIRE MCCASKILL,2013,SENATORS OFFICIAL PERSONNEL AND OFFICE EXPENSE ACCOUNT,1443,BANNER NET PAYROLL,1443,0.0,0.0,banner_missing,banner,,
SENATOR CLAIRE MCCASKILL,2013,SENATORS OFFICIAL PERSONNEL AND OFFICE EXPENSE ACCOUNT,1443,BANNER ORGANIZATION TOTALS,1443,0.0,0.0,ok,banner,,
SENATOR CLAIRE MCCASKILL,2014,SENATORS OFFICIAL PERSONNEL AND OFFICE EXPENSE ACCOUNT,1444,BANNER NET PAYROLL,1444,0.0,0.0,banner_missing,banner,,
SENATOR CLAIRE MCCASKILL,2014,SENATORS OFFICIAL PERSONNEL AND OFFICE EXPENSE ACCOUNT,1444,BANNER ORGANIZATION TOTALS,1444,0.0,0.0,ok,banner,,
SENATOR CLAIRE MCCASKILL,2015,SENATORS OFFICIAL PERSONNEL AND OFFICE EXPENSE ACCOUNT,1445,TRAVEL AND TRANSPORTATION OF PERSONS,1458,48928.32,48928.32,ok,segment,,
SENATOR CLAIRE MCCASKILL,2015,SENATORS OFFICIAL PERSONNEL AND OFFICE EXPENSE ACCOUNT,1445,OTHER CONTRACTUAL SERVICES,1458,743.85,743.85,ok,segment,,
SENATOR CLAIRE MCCASKILL,2015,SENATORS OFFICIAL PERSONNEL AND OFFICE EXPENSE ACCOUNT,1445,ACQUISITION OF ASSETS,1458,664.7,664.7,ok,segment,,
SENATOR CLAIRE MCCASKILL,2015,SENATORS OFFICIAL PERSONNEL AND OFFICE EXPENSE ACCOUNT,1445,OTHER PERSONNEL COMPENSATION,1458,5235.04,0.0,component,payroll_component,,
SENATOR CLAIRE MCCASKILL,2015,SENATORS OFFICIAL PERSONNEL AND OFFICE EXPENSE ACCOUNT,1445,PERSONNEL COMP. FULL-TIME PERMANENT,1458,1368066.98,0.0,component,payroll_component,,
SENATOR CLAIRE MCCASKILL,2015,SENATORS OFFICIAL PERSONNEL AND OFFICE EXPENSE ACCOUNT,1445,PERSONNEL BENEFITS,1458,4749.1,0.0,component,payroll_component,,
SENATOR CLAIRE MCCASKILL,2015,SENATORS OFFICIAL PERSONNEL AND OFFICE EXPENSE ACCOUNT,1445,NET PAYROLL EXPENSES,1458,1378051.12,1378051.12,ok,segment,,
SENATOR CLAIRE MCCASKILL,2015,SENATORS OFFICIAL PERSONNEL AND OFFICE EXPENSE ACCOUNT,1445,BANNER NET PAYROLL,1445,1378051.12,1378051.12,ok,banner,,
SENATOR CLAIRE MCCASKILL,2015,SENATORS OFFICIAL PERSONNEL AND OFFICE EXPENSE ACCOUNT,1445,BANNER ORGANIZATION TOTALS,1445,1466177.24,1428387.99,fail,banner,,
"SENATOR A. MITCHELL MCCONNELL, JR.",2013,SENATORS OFFICIAL PERSONNEL AND OFFICE EXPENSE ACCOUNT,1459,BANNER NET PAYROLL,1459,0.0,0.0,banner_missing,banner,,
"SENATOR A. MITCHELL MCCONNELL, JR.",2013,SENATORS OFFICIAL PERSONNEL AND OFFICE EXPENSE ACCOUNT,1459,BANNER ORGANIZATION TOTALS,1459,0.0,0.0,ok,banner,,
"SENATOR A. MITCHELL MCCONNELL, JR.",2014,SENATORS OFFICIAL PERSONNEL AND OFFICE EXPENSE ACCOUNT,1460,BANNER NET PAYROLL,1460,0.0,0.0,banner_missing,banner,,
"SENATOR A. MITCHELL MCCONNELL, JR.",2014,SENATORS OFFICIAL PERSONNEL AND OFFICE EXPENSE ACCOUNT,1460,BANNER ORGANIZATION TOTALS,1460,0.0,0.0,ok,banner,,
"SENATOR A. MITCHELL MCCONNELL, JR.",2015,SENATORS OFFICIAL PERSONNEL AND OFFICE EXPENSE ACCOUNT,1461,TRAVEL AND TRANSPORTATION OF PERSONS,1468,52724.84,52724.84,ok,segment,,
"SENATOR A. MITCHELL MCCONNELL, JR.",2015,SENATORS OFFICIAL PERSONNEL AND OFFICE EXPENSE ACCOUNT,1461,OTHER CONTRACTUAL SERVICES,1468,2223.2,2223.2,ok,segment,,
"SENATOR A. MITCHELL MCCONNELL, JR.",2015,SENATORS OFFICIAL PERSONNEL AND OFFICE EXPENSE ACCOUNT,1461,PERSONNEL COMP. FULL-TIME PERMANENT,1468,1397876.92,0.0,component,payroll_component,,
"SENATOR A. MITCHELL MCCONNELL, JR.",2015,SENATORS OFFICIAL PERSONNEL AND OFFICE EXPENSE ACCOUNT,1461,PERSONNEL BENEFITS,1468,2307.85,0.0,component,payroll_component,,
"SENATOR A. MITCHELL MCCONNELL, JR.",2015,SENATORS OFFICIAL PERSONNEL AND OFFICE EXPENSE ACCOUNT,1461,NET PAYROLL EXPENSES,1468,1400184.77,1400184.77,ok,segment,,
"SENATOR A. MITCHELL MCCONNELL, JR.",2015,SENATORS OFFICIAL PERSONNEL AND OFFICE EXPENSE ACCOUNT,1461,BANNER NET PAYROLL,1461,1400184.77,1400184.77,ok,banner,,
"SENATOR A. MITCHELL MCCONNELL, JR.",2015,SENATORS OFFICIAL PERSONNEL AND OFFICE EXPENSE ACCOUNT,1461,BANNER ORGANIZATION TOTALS,1461,1492998.03,1455132.81,fail,banner,,
SENATOR ROBERT MENENDEZ,2013,SENATORS OFFICIAL PERSONNEL AND OFFICE EXPENSE ACCOUNT,1469,BANNER NET PAYROLL,1469,0.0,0.0,banner_missing,banner,,
SENATOR ROBERT MENENDEZ,2013,SENATORS OFFICIAL PERSONNEL AND OFFICE EXPENSE ACCOUNT,1469,BANNER ORGANIZATION TOTALS,1469,0.0,0.0,ok,banner,,
SENATOR ROBERT MENENDEZ,2014,SENATORS OFFICIAL PERSONNEL AND OFFICE EXPENSE ACCOUNT,1470,BANNER NET PAYROLL,1470,0.0,0.0,banner_missing,banner,,
SENATOR ROBERT MENENDEZ,2014,SENATORS OFFICIAL PERSONNEL AND OFFICE EXPENSE ACCOUNT,1470,BANNER ORGANIZATION TOTALS,1470,0.0,0.0,ok,banner,,
SENATOR ROBERT MENENDEZ,2015,SENATORS OFFICIAL PERSONNEL AND OFFICE EXPENSE ACCOUNT,1471,TRAVEL AND TRANSPORTATION OF PERSONS,1477,42220.58,42220.58,ok,segment,,
SENATOR ROBERT MENENDEZ,2015,SENATORS OFFICIAL PERSONNEL AND OFFICE EXPENSE ACCOUNT,1471,OTHER CONTRACTUAL SERVICES,1477,145.6,145.6,ok,segment,,
SENATOR ROBERT MENENDEZ,2015,SENATORS OFFICIAL PERSONNEL AND OFFICE EXPENSE ACCOUNT,1471,ACQUISITION OF ASSETS,1477,21515.72,21515.72,ok,segment,,
SENATOR ROBERT MENENDEZ,2015,SENATORS OFFICIAL PERSONNEL AND OFFICE EXPENSE ACCOUNT,1471,PERSONNEL COMP. FULL-TIME PERMANENT,1477,1496712.35,0.0,component,payroll_component,,
SENATOR ROBERT MENENDEZ,2015,SENATORS OFFICIAL PERSONNEL AND OFFICE EXPENSE ACCOUNT,1471,PERSONNEL BENEFITS,1477,5592.7,0.0,component,payroll_component,,
SENATOR ROBERT MENENDEZ,2015,SENATORS OFFICIAL PERSONNEL AND OFFICE EXPENSE ACCOUNT,1471,NET PAYROLL EXPENSES,1477,1502305.05,1502305.05,ok,segment,,
SENATOR ROBERT MENENDEZ,2015,SENATORS OFFICIAL PERSONNEL AND OFFICE EXPENSE ACCOUNT,1471,BANNER NET PAYROLL,1471,1502305.05,1502305.05,ok,banner,,
SENATOR ROBERT MENENDEZ,2015,SENATORS OFFICIAL PERSONNEL AND OFFICE EXPENSE ACCOUNT,1471,BANNER ORGANIZATION TOTALS,1471,1642622.13,1566186.95,fail,banner,,
SENATOR JEFF MERKLEY,2013,SENATORS OFFICIAL PERSONNEL AND OFFICE EXPENSE ACCOUNT,1478,BANNER NET PAYROLL,1478,0.0,0.0,banner_missing,banner,,
SENATOR JEFF MERKLEY,2013,SENATORS OFFICIAL PERSONNEL AND OFFICE EXPENSE ACCOUNT,1478,BANNER ORGANIZATION TOTALS,1478,0.0,0.0,ok,banner,,
SENATOR JEFF MERKLEY,2014,SENATORS OFFICIAL PERSONNEL AND OFFICE EXPENSE ACCOUNT,1479,ACQUISITION OF ASSETS,1479,2218.0,2218.0,ok,segment,,
SENATOR JEFF MERKLEY,2014,SENATORS OFFICIAL PERSONNEL AND OFFICE EXPENSE ACCOUNT,1479,BANNER NET PAYROLL,1479,0.0,0.0,banner_missing,banner,,
SENATOR JEFF MERKLEY,2014,SENATORS OFFICIAL PERSONNEL AND OFFICE EXPENSE ACCOUNT,1479,BANNER ORGANIZATION TOTALS,1479,2218.0,2218.0,ok,banner,,
SENATOR JEFF MERKLEY,2015,SENATORS OFFICIAL PERSONNEL AND OFFICE EXPENSE ACCOUNT,1480,TRAVEL AND TRANSPORTATION OF PERSONS,1490,72498.65,72498.65,ok,segment,,
SENATOR JEFF MERKLEY,2015,SENATORS OFFICIAL PERSONNEL AND OFFICE EXPENSE ACCOUNT,1480,OTHER CONTRACTUAL SERVICES,1490,461.7,461.7,ok,segment,,
SENATOR JEFF MERKLEY,2015,SENATORS OFFICIAL PERSONNEL AND OFFICE EXPENSE ACCOUNT,1480,ACQUISITION OF ASSETS,1491,965.37,965.37,ok,segment,,
SENATOR JEFF MERKLEY,2015,SENATORS OFFICIAL PERSONNEL AND OFFICE EXPENSE ACCOUNT,1480,OTHER PERSONNEL COMPENSATION,1491,4485.07,0.0,component,payroll_component,,
SENATOR JEFF MERKLEY,2015,SENATORS OFFICIAL PERSONNEL AND OFFICE EXPENSE ACCOUNT,1480,PERSONNEL COMP. FULL-TIME PERMANENT,1491,1354521.12,0.0,component,payroll_component,,
SENATOR JEFF MERKLEY,2015,SENATORS OFFICIAL PERSONNEL AND OFFICE EXPENSE ACCOUNT,1480,PERSONNEL BENEFITS,1491,10259.05,0.0,component,payroll_component,,
SENATOR JEFF MERKLEY,2015,SENATORS OFFICIAL PERSONNEL AND OFFICE EXPENSE ACCOUNT,1480,NET PAYROLL EXPENSES,1491,1369265.24,1369265.24,ok,segment,,
SENATOR JEFF MERKLEY,2015,SENATORS OFFICIAL PERSONNEL AND OFFICE EXPENSE ACCOUNT,1480,BANNER NET PAYROLL,1480,1369265.24,1369265.24,ok,banner,,
SENATOR JEFF MERKLEY,2015,SENATORS OFFICIAL PERSONNEL AND OFFICE EXPENSE ACCOUNT,1480,BANNER ORGANIZATION TOTALS,1480,1576453.68,1443190.96,fail,banner,,
SENATOR BARBARA A. MIKULSKI,2013,SENATORS OFFICIAL PERSONNEL AND OFFICE EXPENSE ACCOUNT,1492,BANNER NET PAYROLL,1492,0.0,0.0,banner_missing,banner,,
SENATOR BARBARA A. MIKULSKI,2013,SENATORS OFFICIAL PERSONNEL AND OFFICE EXPENSE ACCOUNT,1492,BANNER ORGANIZATION TOTALS,1492,0.0,0.0,ok,banner,,
SENATOR BARBARA A. MIKULSKI,2014,SENATORS OFFICIAL PERSONNEL AND OFFICE EXPENSE ACCOUNT,1493,BANNER NET PAYROLL,1493,0.0,0.0,banner_missing,banner,,
SENATOR BARBARA A. MIKULSKI,2014,SENATORS OFFICIAL PERSONNEL AND OFFICE EXPENSE ACCOUNT,1493,BANNER ORGANIZATION TOTALS,1493,0.0,0.0,ok,banner,,
SENATOR BARBARA A. MIKULSKI,2015,SENATORS OFFICIAL PERSONNEL AND OFFICE EXPENSE ACCOUNT,1494,TRAVEL AND TRANSPORTATION OF PERSONS,1505,24016.29,24016.29,ok,segment,,
SENATOR BARBARA A. MIKULSKI,2015,SENATORS OFFICIAL PERSONNEL AND OFFICE EXPENSE ACCOUNT,1494,OTHER CONTRACTUAL SERVICES,1505,1428.6,1428.6,ok,segment,,
SENATOR BARBARA A. MIKULSKI,2015,SENATORS OFFICIAL PERSONNEL AND OFFICE EXPENSE ACCOUNT,1494,PERSONNEL COMP. FULL-TIME PERMANENT,1505,1475560.91,0.0,component,payroll_component,,
SENATOR BARBARA A. MIKULSKI,2015,SENATORS OFFICIAL PERSONNEL AND OFFICE EXPENSE ACCOUNT,1494,RE-EMPLOYED ANNUITANTS,1505,11177.83,0.0,component,payroll_component,,
SENATOR BARBARA A. MIKULSKI,2015,SENATORS OFFICIAL PERSONNEL AND OFFICE EXPENSE ACCOUNT,1494,PERSONNEL BENEFITS,1505,6260.15,0.0,component,payroll_component,,
SENATOR BARBARA A. MIKULSKI,2015,SENATORS OFFICIAL PERSONNEL AND OFFICE EXPENSE ACCOUNT,1494,NET PAYROLL EXPENSES,1505,1492998.89,1492998.89,ok,segment,,
SENATOR BARBARA A. MIKULSKI,2015,SENATORS OFFICIAL PERSONNEL AND OFFICE EXPENSE ACCOUNT,1494,BANNER NET PAYROLL,1494,1492998.89,1492998.89,ok,banner,,
SENATOR BARBARA A. MIKULSKI,2015,SENATORS OFFICIAL PERSONNEL AND OFFICE EXPENSE ACCOUNT,1494,BANNER ORGANIZATION TOTALS,1494,1582608.65,1518443.78,fail,banner,,
SENATOR JERRY MORAN,2013,SENATORS OFFICIAL PERSONNEL AND OFFICE EXPENSE ACCOUNT,1506,TRAVEL AND TRANSPORTATION OF PERSONS,1506,2030.59,2030.59,ok,segment,,
SENATOR JERRY MORAN,2013,SENATORS OFFICIAL PERSONNEL AND OFFICE EXPENSE ACCOUNT,1506,OTHER CONTRACTUAL SERVICES,1506,25.0,25.0,ok,segment,,
SENATOR JERRY MORAN,2013,SENATORS OFFICIAL PERSONNEL AND OFFICE EXPENSE ACCOUNT,1506,BANNER NET PAYROLL,1506,0.0,0.0,banner_missing,banner,,
SENATOR JERRY MORAN,2013,SENATORS OFFICIAL PERSONNEL AND OFFICE EXPENSE ACCOUNT,1506,BANNER ORGANIZATION TOTALS,1506,2499.95,2055.59,fail,banner,,
SENATOR JERRY MORAN,2014,SENATORS OFFICIAL PERSONNEL AND OFFICE EXPENSE ACCOUNT,1507,BANNER NET PAYROLL,1507,0.0,0.0,banner_missing,banner,,
SENATOR JERRY MORAN,2014,SENATORS OFFICIAL PERSONNEL AND OFFICE EXPENSE ACCOUNT,1507,BANNER ORGANIZATION TOTALS,1507,989.76,0.0,fail,banner,,
SENATOR JERRY MORAN,2015,SENATORS OFFICIAL PERSONNEL AND OFFICE EXPENSE ACCOUNT,1508,TRAVEL AND TRANSPORTATION OF PERSONS,1521,85331.02,85331.02,ok,segment,,
SENATOR JERRY MORAN,2015,SENATORS OFFICIAL PERSONNEL AND OFFICE EXPENSE ACCOUNT,1508,OTHER CONTRACTUAL SERVICES,1521,2715.25,2715.25,ok,segment,,
SENATOR JERRY MORAN,2015,SENATORS OFFICIAL PERSONNEL AND OFFICE EXPENSE ACCOUNT,1508,ACQUISITION OF ASSETS,1521,357.6,357.6,ok,segment,,
SENATOR JERRY MORAN,2015,SENATORS OFFICIAL PERSONNEL AND OFFICE EXPENSE ACCOUNT,1508,PERSONNEL COMP. FULL-TIME PERMANENT,1521,1336895.76,0.0,component,payroll_component,,
SENATOR JERRY MORAN,2015,SENATORS OFFICIAL PERSONNEL AND OFFICE EXPENSE ACCOUNT,1508,PERSONNEL BENEFITS,1521,4585.3,0.0,component,payroll_component,,
SENATOR JERRY MORAN,2015,SENATORS OFFICIAL PERSONNEL AND OFFICE EXPENSE ACCOUNT,1508,NET PAYROLL EXPENSES,1521,1341481.06,1341481.06,ok,segment,,
SENATOR JERRY MORAN,2015,SENATORS OFFICIAL PERSONNEL AND OFFICE EXPENSE ACCOUNT,1508,BANNER NET PAYROLL,1508,1341481.06,1341481.06,ok,banner,,
SENATOR JERRY MORAN,2015,SENATORS OFFICIAL PERSONNEL AND OFFICE EXPENSE ACCOUNT,1508,BANNER ORGANIZATION TOTALS,1508,1488751.71,1429884.93,fail,banner,,
SENATOR LISA MURKOWSKI,2013,SENATORS OFFICIAL PERSONNEL AND OFFICE EXPENSE ACCOUNT,1522,BANNER NET PAYROLL,1522,0.0,0.0,banner_missing,banner,,
SENATOR LISA MURKOWSKI,2013,SENATORS OFFICIAL PERSONNEL AND OFFICE EXPENSE ACCOUNT,1522,BANNER ORGANIZATION TOTALS,1522,0.0,0.0,ok,banner,,
SENATOR LISA MURKOWSKI,2014,SENATORS OFFICIAL PERSONNEL AND OFFICE EXPENSE ACCOUNT,1523,BANNER NET PAYROLL,1523,0.0,0.0,banner_missing,banner,,
SENATOR LISA MURKOWSKI,2014,SENATORS OFFICIAL PERSONNEL AND OFFICE EXPENSE ACCOUNT,1523,BANNER ORGANIZATION TOTALS,1523,0.0,0.0,ok,banner,,
SENATOR LISA MURKOWSKI,2015,SENATORS OFFICIAL PERSONNEL AND OFFICE EXPENSE ACCOUNT,1524,TRAVEL AND TRANSPORTATION OF PERSONS,1531,150763.65,150763.65,ok,segment,,
SENATOR LISA MURKOWSKI,2015,SENATORS OFFICIAL PERSONNEL AND OFFICE EXPENSE ACCOUNT,1524,OTHER CONTRACTUAL SERVICES,1532,5123.79,5123.79,ok,segment,,
SENATOR LISA MURKOWSKI,2015,SENATORS OFFICIAL PERSONNEL AND OFFICE EXPENSE ACCOUNT,1524,ACQUISITION OF ASSETS,1532,921.79,921.79,ok,segment,,
SENATOR LISA MURKOWSKI,2015,SENATORS OFFICIAL PERSONNEL AND OFFICE EXPENSE ACCOUNT,1524,PERSONNEL COMP. FULL-TIME PERMANENT,1532,1290786.03,0.0,component,payroll_component,,
SENATOR LISA MURKOWSKI,2015,SENATORS OFFICIAL PERSONNEL AND OFFICE EXPENSE ACCOUNT,1524,PERSONNEL BENEFITS,1532,5563.65,0.0,component,payroll_component,,
SENATOR LISA MURKOWSKI,2015,SENATORS OFFICIAL PERSONNEL AND OFFICE EXPENSE ACCOUNT,1524,NET PAYROLL EXPENSES,1532,1296349.68,1394549.01,fail,segment,inconclusive,0.0
SENATOR LISA MURKOWSKI,2015,SENATORS OFFICIAL PERSONNEL AND OFFICE EXPENSE ACCOUNT,1524,BANNER NET PAYROLL,1524,1296349.68,1296349.68,ok,banner,,
SENATOR LISA MURKOWSKI,2015,SENATORS OFFICIAL PERSONNEL AND OFFICE EXPENSE ACCOUNT,1524,BANNER ORGANIZATION TOTALS,1524,1512389.77,1551358.24,fail,banner,,
SENATOR CHRIS MURPHY,2013,SENATORS OFFICIAL PERSONNEL AND OFFICE EXPENSE ACCOUNT,1533,BANNER NET PAYROLL,1533,0.0,0.0,banner_missing,banner,,
SENATOR CHRIS MURPHY,2013,SENATORS OFFICIAL PERSONNEL AND OFFICE EXPENSE ACCOUNT,1533,BANNER ORGANIZATION TOTALS,1533,0.0,0.0,ok,banner,,
SENATOR CHRIS MURPHY,2014,SENATORS OFFICIAL PERSONNEL AND OFFICE EXPENSE ACCOUNT,1534,BANNER NET PAYROLL,1534,0.0,0.0,banner_missing,banner,,
SENATOR CHRIS MURPHY,2014,SENATORS OFFICIAL PERSONNEL AND OFFICE EXPENSE ACCOUNT,1534,BANNER ORGANIZATION TOTALS,1534,0.0,0.0,ok,banner,,
SENATOR CHRIS MURPHY,2015,SENATORS OFFICIAL PERSONNEL AND OFFICE EXPENSE ACCOUNT,1535,TRAVEL AND TRANSPORTATION OF PERSONS,1546,51878.16,51878.16,ok,segment,,
SENATOR CHRIS MURPHY,2015,SENATORS OFFICIAL PERSONNEL AND OFFICE EXPENSE ACCOUNT,1535,OTHER CONTRACTUAL SERVICES,1546,1906.2,1906.2,ok,segment,,
SENATOR CHRIS MURPHY,2015,SENATORS OFFICIAL PERSONNEL AND OFFICE EXPENSE ACCOUNT,1535,ACQUISITION OF ASSETS,1547,15082.89,15082.89,ok,segment,,
SENATOR CHRIS MURPHY,2015,SENATORS OFFICIAL PERSONNEL AND OFFICE EXPENSE ACCOUNT,1535,OTHER PERSONNEL COMPENSATION,1547,6178.34,0.0,component,payroll_component,,
SENATOR CHRIS MURPHY,2015,SENATORS OFFICIAL PERSONNEL AND OFFICE EXPENSE ACCOUNT,1535,PERSONNEL COMP. FULL-TIME PERMANENT,1547,1321323.85,0.0,component,payroll_component,,
SENATOR CHRIS MURPHY,2015,SENATORS OFFICIAL PERSONNEL AND OFFICE EXPENSE ACCOUNT,1535,PERSONNEL BENEFITS,1547,5650.0,0.0,component,payroll_component,,
SENATOR CHRIS MURPHY,2015,SENATORS OFFICIAL PERSONNEL AND OFFICE EXPENSE ACCOUNT,1535,NET PAYROLL EXPENSES,1547,1333152.19,1333112.86,fail,segment,inconclusive,0.0
SENATOR CHRIS MURPHY,2015,SENATORS OFFICIAL PERSONNEL AND OFFICE EXPENSE ACCOUNT,1535,BANNER NET PAYROLL,1535,1333152.19,1333152.19,ok,banner,,
SENATOR CHRIS MURPHY,2015,SENATORS OFFICIAL PERSONNEL AND OFFICE EXPENSE ACCOUNT,1535,BANNER ORGANIZATION TOTALS,1535,1473758.32,1401980.11,fail,banner,,
SENATOR PATTY MURRAY,2013,SENATORS OFFICIAL PERSONNEL AND OFFICE EXPENSE ACCOUNT,1548,BANNER NET PAYROLL,1548,0.0,0.0,banner_missing,banner,,
SENATOR PATTY MURRAY,2013,SENATORS OFFICIAL PERSONNEL AND OFFICE EXPENSE ACCOUNT,1548,BANNER ORGANIZATION TOTALS,1548,0.0,0.0,ok,banner,,
SENATOR PATTY MURRAY,2014,SENATORS OFFICIAL PERSONNEL AND OFFICE EXPENSE ACCOUNT,1549,BANNER NET PAYROLL,1549,0.0,0.0,banner_missing,banner,,
SENATOR PATTY MURRAY,2014,SENATORS OFFICIAL PERSONNEL AND OFFICE EXPENSE ACCOUNT,1549,BANNER ORGANIZATION TOTALS,1549,176.14,0.0,fail,banner,,
SENATOR PATTY MURRAY,2015,SENATORS OFFICIAL PERSONNEL AND OFFICE EXPENSE ACCOUNT,1550,TRAVEL AND TRANSPORTATION OF PERSONS,1567,127813.95,127813.95,ok,segment,,
SENATOR PATTY MURRAY,2015,SENATORS OFFICIAL PERSONNEL AND OFFICE EXPENSE ACCOUNT,1550,OTHER CONTRACTUAL SERVICES,1567,1397.5,1397.5,ok,segment,,
SENATOR PATTY MURRAY,2015,SENATORS OFFICIAL PERSONNEL AND OFFICE EXPENSE ACCOUNT,1550,ACQUISITION OF ASSETS,1567,8049.67,8049.67,ok,segment,,
SENATOR PATTY MURRAY,2015,SENATORS OFFICIAL PERSONNEL AND OFFICE EXPENSE ACCOUNT,1550,PERSONNEL COMP. FULL-TIME PERMANENT,1567,1403357.3,0.0,component,payroll_component,,
SENATOR PATTY MURRAY,2015,SENATORS OFFICIAL PERSONNEL AND OFFICE EXPENSE ACCOUNT,1550,PERSONNEL BENEFITS,1567,7011.75,0.0,component,payroll_component,,
SENATOR PATTY MURRAY,2015,SENATORS OFFICIAL PERSONNEL AND OFFICE EXPENSE ACCOUNT,1550,NET PAYROLL EXPENSES,1567,1410369.05,1410369.05,ok,segment,,
SENATOR PATTY MURRAY,2015,SENATORS OFFICIAL PERSONNEL AND OFFICE EXPENSE ACCOUNT,1550,BANNER NET PAYROLL,1550,1410369.05,1410369.05,ok,banner,,
SENATOR PATTY MURRAY,2015,SENATORS OFFICIAL PERSONNEL AND OFFICE EXPENSE ACCOUNT,1550,BANNER ORGANIZATION TOTALS,1550,1584940.53,1547630.17,fail,banner,,
SENATOR BEN NELSON,2013,SENATORS OFFICIAL PERSONNEL AND OFFICE EXPENSE ACCOUNT,1568,BANNER NET PAYROLL,1568,0.0,0.0,banner_missing,banner,,
SENATOR BEN NELSON,2013,SENATORS OFFICIAL PERSONNEL AND OFFICE EXPENSE ACCOUNT,1568,BANNER ORGANIZATION TOTALS,1568,0.0,0.0,ok,banner,,
SENATOR BILL NELSON,2013,SENATORS OFFICIAL PERSONNEL AND OFFICE EXPENSE ACCOUNT,1569,BANNER NET PAYROLL,1569,0.0,0.0,banner_missing,banner,,
SENATOR BILL NELSON,2013,SENATORS OFFICIAL PERSONNEL AND OFFICE EXPENSE ACCOUNT,1569,BANNER ORGANIZATION TOTALS,1569,0.0,0.0,ok,banner,,
SENATOR BILL NELSON,2014,SENATORS OFFICIAL PERSONNEL AND OFFICE EXPENSE ACCOUNT,1570,PERSONNEL BENEFITS,1570,209.7,0.0,component,payroll_component,,
SENATOR BILL NELSON,2014,SENATORS OFFICIAL PERSONNEL AND OFFICE EXPENSE ACCOUNT,1570,NET PAYROLL EXPENSES,1570,209.7,209.7,ok,segment,,
SENATOR BILL NELSON,2014,SENATORS OFFICIAL PERSONNEL AND OFFICE EXPENSE ACCOUNT,1570,BANNER NET PAYROLL,1570,209.7,209.7,ok,banner,,
SENATOR BILL NELSON,2014,SENATORS OFFICIAL PERSONNEL AND OFFICE EXPENSE ACCOUNT,1570,BANNER ORGANIZATION TOTALS,1570,209.7,209.7,ok,banner,,
SENATOR BILL NELSON,2015,SENATORS OFFICIAL PERSONNEL AND OFFICE EXPENSE ACCOUNT,1571,TRAVEL AND TRANSPORTATION OF PERSONS,1583,53920.9,53920.9,ok,segment,,
SENATOR BILL NELSON,2015,SENATORS OFFICIAL PERSONNEL AND OFFICE EXPENSE ACCOUNT,1571,OTHER CONTRACTUAL SERVICES,1583,639.5,639.5,ok,segment,,
SENATOR BILL NELSON,2015,SENATORS OFFICIAL PERSONNEL AND OFFICE EXPENSE ACCOUNT,1571,ACQUISITION OF ASSETS,1584,26842.0,26842.0,ok,segment,,
SENATOR BILL NELSON,2015,SENATORS OFFICIAL PERSONNEL AND OFFICE EXPENSE ACCOUNT,1571,PERSONNEL COMP. FULL-TIME PERMANENT,1584,1913723.33,0.0,component,payroll_component,,
SENATOR BILL NELSON,2015,SENATORS OFFICIAL PERSONNEL AND OFFICE EXPENSE ACCOUNT,1571,RE-EMPLOYED ANNUITANTS,1584,35136.0,0.0,component,payroll_component,,
SENATOR BILL NELSON,2015,SENATORS OFFICIAL PERSONNEL AND OFFICE EXPENSE ACCOUNT,1571,PERSONNEL BENEFITS,1584,11056.2,0.0,component,payroll_component,,
SENATOR BILL NELSON,2015,SENATORS OFFICIAL PERSONNEL AND OFFICE EXPENSE ACCOUNT,1571,NET PAYROLL EXPENSES,1584,1959915.53,1959915.53,ok,segment,,
SENATOR BILL NELSON,2015,SENATORS OFFICIAL PERSONNEL AND OFFICE EXPENSE ACCOUNT,1571,BANNER NET PAYROLL,1571,1959915.53,1959915.53,ok,banner,,
SENATOR BILL NELSON,2015,SENATORS OFFICIAL PERSONNEL AND OFFICE EXPENSE ACCOUNT,1571,BANNER ORGANIZATION TOTALS,1571,2105686.15,2041317.93,fail,banner,,
SENATOR RAND PAUL,2013,SENATORS OFFICIAL PERSONNEL AND OFFICE EXPENSE ACCOUNT,1585,TRAVEL AND TRANSPORTATION OF PERSONS,1585,419.88,419.88,ok,segment,,
SENATOR RAND PAUL,2013,SENATORS OFFICIAL PERSONNEL AND OFFICE EXPENSE ACCOUNT,1585,BANNER NET PAYROLL,1585,0.0,0.0,banner_missing,banner,,
SENATOR RAND PAUL,2013,SENATORS OFFICIAL PERSONNEL AND OFFICE EXPENSE ACCOUNT,1585,BANNER ORGANIZATION TOTALS,1585,491.27,419.88,fail,banner,,
SENATOR RAND PAUL,2014,SENATORS OFFICIAL PERSONNEL AND OFFICE EXPENSE ACCOUNT,1586,TRAVEL AND TRANSPORTATION OF PERSONS,1586,107.52,107.52,ok,segment,,
SENATOR RAND PAUL,2014,SENATORS OFFICIAL PERSONNEL AND OFFICE EXPENSE ACCOUNT,1586,BANNER NET PAYROLL,1586,0.0,0.0,banner_missing,banner,,
SENATOR RAND PAUL,2014,SENATORS OFFICIAL PERSONNEL AND OFFICE EXPENSE ACCOUNT,1586,BANNER ORGANIZATION TOTALS,1586,107.52,107.52,ok,banner,,
SENATOR RAND PAUL,2015,SENATORS OFFICIAL PERSONNEL AND OFFICE EXPENSE ACCOUNT,1587,TRAVEL AND TRANSPORTATION OF PERSONS,1614,70306.84,70306.84,ok,segment,,
SENATOR RAND PAUL,2015,SENATORS OFFICIAL PERSONNEL AND OFFICE EXPENSE ACCOUNT,1587,OTHER CONTRACTUAL SERVICES,1614,1617.7,1617.7,ok,segment,,
SENATOR RAND PAUL,2015,SENATORS OFFICIAL PERSONNEL AND OFFICE EXPENSE ACCOUNT,1587,ACQUISITION OF ASSETS,1614,6597.98,6597.98,ok,segment,,
SENATOR RAND PAUL,2015,SENATORS OFFICIAL PERSONNEL AND OFFICE EXPENSE ACCOUNT,1587,PERSONNEL COMP. FULL-TIME PERMANENT,1614,1037412.68,0.0,component,payroll_component,,
SENATOR RAND PAUL,2015,SENATORS OFFICIAL PERSONNEL AND OFFICE EXPENSE ACCOUNT,1587,NET PAYROLL EXPENSES,1614,1037412.68,1037412.68,ok,segment,,
SENATOR RAND PAUL,2015,SENATORS OFFICIAL PERSONNEL AND OFFICE EXPENSE ACCOUNT,1587,BANNER NET PAYROLL,1587,1037412.68,1037412.68,ok,banner,,
SENATOR RAND PAUL,2015,SENATORS OFFICIAL PERSONNEL AND OFFICE EXPENSE ACCOUNT,1587,BANNER ORGANIZATION TOTALS,1587,1164801.48,1115935.2,fail,banner,,
SENATOR DAVID PERDUE,2015,SENATORS OFFICIAL PERSONNEL AND OFFICE EXPENSE ACCOUNT,1615,TRAVEL AND TRANSPORTATION OF PERSONS,1623,99227.84,99227.84,ok,segment,,
SENATOR DAVID PERDUE,2015,SENATORS OFFICIAL PERSONNEL AND OFFICE EXPENSE ACCOUNT,1615,OTHER CONTRACTUAL SERVICES,1624,779.8,779.8,ok,segment,,
SENATOR DAVID PERDUE,2015,SENATORS OFFICIAL PERSONNEL AND OFFICE EXPENSE ACCOUNT,1615,ACQUISITION OF ASSETS,1624,59208.32,59208.32,ok,segment,,
SENATOR DAVID PERDUE,2015,SENATORS OFFICIAL PERSONNEL AND OFFICE EXPENSE ACCOUNT,1615,PERSONNEL COMP. FULL-TIME PERMANENT,1624,1037306.77,0.0,component,payroll_component,,
SENATOR DAVID PERDUE,2015,SENATORS OFFICIAL PERSONNEL AND OFFICE EXPENSE ACCOUNT,1615,PERSONNEL BENEFITS,1624,1915.4,0.0,component,payroll_component,,
SENATOR DAVID PERDUE,2015,SENATORS OFFICIAL PERSONNEL AND OFFICE EXPENSE ACCOUNT,1615,NET PAYROLL EXPENSES,1624,1039222.17,1022222.17,fail,segment,inconclusive,0.0
SENATOR DAVID PERDUE,2015,SENATORS OFFICIAL PERSONNEL AND OFFICE EXPENSE ACCOUNT,1615,BANNER NET PAYROLL,1615,1039222.17,1039222.17,ok,banner,,
SENATOR DAVID PERDUE,2015,SENATORS OFFICIAL PERSONNEL AND OFFICE EXPENSE ACCOUNT,1615,BANNER ORGANIZATION TOTALS,1615,1239473.63,1181438.13,fail,banner,,
SENATOR GARY PETERS,2015,SENATORS OFFICIAL PERSONNEL AND OFFICE EXPENSE ACCOUNT,1625,TRAVEL AND TRANSPORTATION OF PERSONS,1634,61070.73,61070.73,ok,segment,,
SENATOR GARY PETERS,2015,SENATORS OFFICIAL PERSONNEL AND OFFICE EXPENSE ACCOUNT,1625,OTHER CONTRACTUAL SERVICES,1634,4440.75,4440.75,ok,segment,,
SENATOR GARY PETERS,2015,SENATORS OFFICIAL PERSONNEL AND OFFICE EXPENSE ACCOUNT,1625,ACQUISITION OF ASSETS,1634,1884.43,1884.43,ok,segment,,
SENATOR GARY PETERS,2015,SENATORS OFFICIAL PERSONNEL AND OFFICE EXPENSE ACCOUNT,1625,OTHER PERSONNEL COMPENSATION,1634,1890.32,0.0,component,payroll_component,,
SENATOR GARY PETERS,2015,SENATORS OFFICIAL PERSONNEL AND OFFICE EXPENSE ACCOUNT,1625,PERSONNEL COMP. FULL-TIME PERMANENT,1634,1317712.38,0.0,component,payroll_component,,
SENATOR GARY PETERS,2015,SENATORS OFFICIAL PERSONNEL AND OFFICE EXPENSE ACCOUNT,1625,PERSONNEL BENEFITS,1634,9049.0,0.0,component,payroll_component,,
SENATOR GARY PETERS,2015,SENATORS OFFICIAL PERSONNEL AND OFFICE EXPENSE ACCOUNT,1625,NET PAYROLL EXPENSES,1634,1328651.7,1308185.04,fail,segment,inconclusive,0.0
SENATOR GARY PETERS,2015,SENATORS OFFICIAL PERSONNEL AND OFFICE EXPENSE ACCOUNT,1625,BANNER NET PAYROLL,1625,1328651.7,1328651.7,ok,banner,,
SENATOR GARY PETERS,2015,SENATORS OFFICIAL PERSONNEL AND OFFICE EXPENSE ACCOUNT,1625,BANNER ORGANIZATION TOTALS,1625,1438769.34,1375580.95,fail,banner,,
SENATOR ROB PORTMAN,2013,SENATORS OFFICIAL PERSONNEL AND OFFICE EXPENSE ACCOUNT,1635,BANNER NET PAYROLL,1635,0.0,0.0,banner_missing,banner,,
SENATOR ROB PORTMAN,2013,SENATORS OFFICIAL PERSONNEL AND OFFICE EXPENSE ACCOUNT,1635,BANNER ORGANIZATION TOTALS,1635,1286.2,0.0,fail,banner,,
SENATOR ROB PORTMAN,2014,SENATORS OFFICIAL PERSONNEL AND OFFICE EXPENSE ACCOUNT,1636,ACQUISITION OF ASSETS,1636,1044.0,1044.0,ok,segment,,
SENATOR ROB PORTMAN,2014,SENATORS OFFICIAL PERSONNEL AND OFFICE EXPENSE ACCOUNT,1636,BANNER NET PAYROLL,1636,0.0,0.0,banner_missing,banner,,
SENATOR ROB PORTMAN,2014,SENATORS OFFICIAL PERSONNEL AND OFFICE EXPENSE ACCOUNT,1636,BANNER ORGANIZATION TOTALS,1636,1044.0,1044.0,ok,banner,,
SENATOR ROB PORTMAN,2015,SENATORS OFFICIAL PERSONNEL AND OFFICE EXPENSE ACCOUNT,1637,TRAVEL AND TRANSPORTATION OF PERSONS,1652,108072.43,108072.43,ok,segment,,
SENATOR ROB PORTMAN,2015,SENATORS OFFICIAL PERSONNEL AND OFFICE EXPENSE ACCOUNT,1637,OTHER CONTRACTUAL SERVICES,1652,2276.1,2276.1,ok,segment,,
SENATOR ROB PORTMAN,2015,SENATORS OFFICIAL PERSONNEL AND OFFICE EXPENSE ACCOUNT,1637,ACQUISITION OF ASSETS,1652,233.97,233.97,ok,segment,,
SENATOR ROB PORTMAN,2015,SENATORS OFFICIAL PERSONNEL AND OFFICE EXPENSE ACCOUNT,1637,PERSONNEL COMP. FULL-TIME PERMANENT,1652,1507644.26,0.0,component,payroll_component,,
SENATOR ROB PORTMAN,2015,SENATORS OFFICIAL PERSONNEL AND OFFICE EXPENSE ACCOUNT,1637,PERSONNEL BENEFITS,1652,3287.05,0.0,component,payroll_component,,
SENATOR ROB PORTMAN,2015,SENATORS OFFICIAL PERSONNEL AND OFFICE EXPENSE ACCOUNT,1637,NET PAYROLL EXPENSES,1652,1510931.31,1510931.31,ok,segment,,
SENATOR ROB PORTMAN,2015,SENATORS OFFICIAL PERSONNEL AND OFFICE EXPENSE ACCOUNT,1637,BANNER NET PAYROLL,1637,1510931.31,1510931.31,ok,banner,,
SENATOR ROB PORTMAN,2015,SENATORS OFFICIAL PERSONNEL AND OFFICE EXPENSE ACCOUNT,1637,BANNER ORGANIZATION TOTALS,1637,1686371.63,1621513.81,fail,banner,,
SENATOR MARK PRYOR,2013,SENATORS OFFICIAL PERSONNEL AND OFFICE EXPENSE ACCOUNT,1653,BANNER NET PAYROLL,1653,0.0,0.0,banner_missing,banner,,
SENATOR MARK PRYOR,2013,SENATORS OFFICIAL PERSONNEL AND OFFICE EXPENSE ACCOUNT,1653,BANNER ORGANIZATION TOTALS,1653,0.0,0.0,ok,banner,,
SENATOR MARK PRYOR,2014,SENATORS OFFICIAL PERSONNEL AND OFFICE EXPENSE ACCOUNT,1654,BANNER NET PAYROLL,1654,0.0,0.0,banner_missing,banner,,
SENATOR MARK PRYOR,2014,SENATORS OFFICIAL PERSONNEL AND OFFICE EXPENSE ACCOUNT,1654,BANNER ORGANIZATION TOTALS,1654,0.0,0.0,ok,banner,,
SENATOR MARK PRYOR,2015,SENATORS OFFICIAL PERSONNEL AND OFFICE EXPENSE ACCOUNT,1655,PERSONNEL COMP. FULL-TIME PERMANENT,1655,16945.92,0.0,component,payroll_component,,
SENATOR MARK PRYOR,2015,SENATORS OFFICIAL PERSONNEL AND OFFICE EXPENSE ACCOUNT,1655,NET PAYROLL EXPENSES,1655,16945.92,0.0,zero_records,segment,,
SENATOR MARK PRYOR,2015,SENATORS OFFICIAL PERSONNEL AND OFFICE EXPENSE ACCOUNT,1655,BANNER NET PAYROLL,1655,16945.92,16945.92,ok,banner,,
SENATOR MARK PRYOR,2015,SENATORS OFFICIAL PERSONNEL AND OFFICE EXPENSE ACCOUNT,1655,BANNER ORGANIZATION TOTALS,1655,16855.2,0.0,fail,banner,,
SENATOR JOHN F. REED,2013,SENATORS OFFICIAL PERSONNEL AND OFFICE EXPENSE ACCOUNT,1656,BANNER NET PAYROLL,1656,0.0,0.0,banner_missing,banner,,
SENATOR JOHN F. REED,2013,SENATORS OFFICIAL PERSONNEL AND OFFICE EXPENSE ACCOUNT,1656,BANNER ORGANIZATION TOTALS,1656,0.0,0.0,ok,banner,,
SENATOR JOHN F. REED,2014,SENATORS OFFICIAL PERSONNEL AND OFFICE EXPENSE ACCOUNT,1657,BANNER NET PAYROLL,1657,0.0,0.0,banner_missing,banner,,
SENATOR JOHN F. REED,2014,SENATORS OFFICIAL PERSONNEL AND OFFICE EXPENSE ACCOUNT,1657,BANNER ORGANIZATION TOTALS,1657,0.0,0.0,ok,banner,,
SENATOR JOHN F. REED,2015,SENATORS OFFICIAL PERSONNEL AND OFFICE EXPENSE ACCOUNT,1658,TRAVEL AND TRANSPORTATION OF PERSONS,1660,18969.79,18969.79,ok,segment,,
SENATOR JOHN F. REED,2015,SENATORS OFFICIAL PERSONNEL AND OFFICE EXPENSE ACCOUNT,1658,OTHER CONTRACTUAL SERVICES,1661,16658.65,16658.65,ok,segment,,
SENATOR JOHN F. REED,2015,SENATORS OFFICIAL PERSONNEL AND OFFICE EXPENSE ACCOUNT,1658,ACQUISITION OF ASSETS,1661,5577.53,5577.53,ok,segment,,
SENATOR JOHN F. REED,2015,SENATORS OFFICIAL PERSONNEL AND OFFICE EXPENSE ACCOUNT,1658,OTHER PERSONNEL COMPENSATION,1661,1152.35,0.0,component,payroll_component,,
SENATOR JOHN F. REED,2015,SENATORS OFFICIAL PERSONNEL AND OFFICE EXPENSE ACCOUNT,1658,PERSONNEL COMP. FULL-TIME PERMANENT,1661,1255949.3,0.0,component,payroll_component,,
SENATOR JOHN F. REED,2015,SENATORS OFFICIAL PERSONNEL AND OFFICE EXPENSE ACCOUNT,1658,RE-EMPLOYED ANNUITANTS,1661,22428.0,0.0,component,payroll_component,,
SENATOR JOHN F. REED,2015,SENATORS OFFICIAL PERSONNEL AND OFFICE EXPENSE ACCOUNT,1658,PERSONNEL BENEFITS,1661,4321.7,0.0,component,payroll_component,,
SENATOR JOHN F. REED,2015,SENATORS OFFICIAL PERSONNEL AND OFFICE EXPENSE ACCOUNT,1658,NET PAYROLL EXPENSES,1661,1283851.35,1283851.35,ok,segment,,
SENATOR JOHN F. REED,2015,SENATORS OFFICIAL PERSONNEL AND OFFICE EXPENSE ACCOUNT,1658,BANNER NET PAYROLL,1658,1283851.35,1283851.35,ok,banner,,
SENATOR JOHN F. REED,2015,SENATORS OFFICIAL PERSONNEL AND OFFICE EXPENSE ACCOUNT,1658,BANNER ORGANIZATION TOTALS,1658,1354826.33,1325057.32,fail,banner,,
SENATOR HARRY REID,2013,SENATORS OFFICIAL PERSONNEL AND OFFICE EXPENSE ACCOUNT,1662,BANNER NET PAYROLL,1662,0.0,0.0,banner_missing,banner,,
SENATOR HARRY REID,2013,SENATORS OFFICIAL PERSONNEL AND OFFICE EXPENSE ACCOUNT,1662,BANNER ORGANIZATION TOTALS,1662,0.0,0.0,ok,banner,,
SENATOR HARRY REID,2014,SENATORS OFFICIAL PERSONNEL AND OFFICE EXPENSE ACCOUNT,1663,TRAVEL AND TRANSPORTATION OF PERSONS,1663,95.7,95.7,ok,segment,,
SENATOR HARRY REID,2014,SENATORS OFFICIAL PERSONNEL AND OFFICE EXPENSE ACCOUNT,1663,OTHER CONTRACTUAL SERVICES,1663,8165.0,8165.0,ok,segment,,
SENATOR HARRY REID,2014,SENATORS OFFICIAL PERSONNEL AND OFFICE EXPENSE ACCOUNT,1663,BANNER NET PAYROLL,1663,0.0,0.0,banner_missing,banner,,
SENATOR HARRY REID,2014,SENATORS OFFICIAL PERSONNEL AND OFFICE EXPENSE ACCOUNT,1663,BANNER ORGANIZATION TOTALS,1663,8260.7,8260.7,ok,banner,,
SENATOR HARRY REID,2015,SENATORS OFFICIAL PERSONNEL AND OFFICE EXPENSE ACCOUNT,1664,TRAVEL AND TRANSPORTATION OF PERSONS,1671,93927.74,93927.74,ok,segment,,
SENATOR HARRY REID,2015,SENATORS OFFICIAL PERSONNEL AND OFFICE EXPENSE ACCOUNT,1664,OTHER CONTRACTUAL SERVICES,1672,7013.4,7013.4,ok,segment,,
SENATOR HARRY REID,2015,SENATORS OFFICIAL PERSONNEL AND OFFICE EXPENSE ACCOUNT,1664,ACQUISITION OF ASSETS,1672,5295.27,5295.27,ok,segment,,
SENATOR HARRY REID,2015,SENATORS OFFICIAL PERSONNEL AND OFFICE EXPENSE ACCOUNT,1664,OTHER PERSONNEL COMPENSATION,1672,10310.16,0.0,component,payroll_component,,
SENATOR HARRY REID,2015,SENATORS OFFICIAL PERSONNEL AND OFFICE EXPENSE ACCOUNT,1664,PERSONNEL COMP. FULL-TIME PERMANENT,1672,1297616.63,0.0,component,payroll_component,,
SENATOR HARRY REID,2015,SENATORS OFFICIAL PERSONNEL AND OFFICE EXPENSE ACCOUNT,1664,PERSONNEL BENEFITS,1672,9635.15,0.0,component,payroll_component,,
SENATOR HARRY REID,2015,SENATORS OFFICIAL PERSONNEL AND OFFICE EXPENSE ACCOUNT,1664,NET PAYROLL EXPENSES,1672,1317561.94,1317561.94,ok,segment,,
SENATOR HARRY REID,2015,SENATORS OFFICIAL PERSONNEL AND OFFICE EXPENSE ACCOUNT,1664,BANNER NET PAYROLL,1664,1317561.94,1317561.94,ok,banner,,
SENATOR HARRY REID,2015,SENATORS OFFICIAL PERSONNEL AND OFFICE EXPENSE ACCOUNT,1664,BANNER ORGANIZATION TOTALS,1664,1516308.89,1423798.35,fail,banner,,
SENATOR JAMES E. RISCH,2013,SENATORS OFFICIAL PERSONNEL AND OFFICE EXPENSE ACCOUNT,1673,BANNER NET PAYROLL,1673,0.0,0.0,banner_missing,banner,,
SENATOR JAMES E. RISCH,2013,SENATORS OFFICIAL PERSONNEL AND OFFICE EXPENSE ACCOUNT,1673,BANNER ORGANIZATION TOTALS,1673,0.0,0.0,ok,banner,,
SENATOR JAMES E. RISCH,2014,SENATORS OFFICIAL PERSONNEL AND OFFICE EXPENSE ACCOUNT,1674,BANNER NET PAYROLL,1674,0.0,0.0,banner_missing,banner,,
SENATOR JAMES E. RISCH,2014,SENATORS OFFICIAL PERSONNEL AND OFFICE EXPENSE ACCOUNT,1674,BANNER ORGANIZATION TOTALS,1674,0.0,0.0,ok,banner,,
SENATOR JAMES E. RISCH,2015,SENATORS OFFICIAL PERSONNEL AND OFFICE EXPENSE ACCOUNT,1675,TRAVEL AND TRANSPORTATION OF PERSONS,1684,115619.09,115619.09,ok,segment,,
SENATOR JAMES E. RISCH,2015,SENATORS OFFICIAL PERSONNEL AND OFFICE EXPENSE ACCOUNT,1675,OTHER CONTRACTUAL SERVICES,1684,3151.05,3151.05,ok,segment,,
SENATOR JAMES E. RISCH,2015,SENATORS OFFICIAL PERSONNEL AND OFFICE EXPENSE ACCOUNT,1675,ACQUISITION OF ASSETS,1684,389.99,389.99,ok,segment,,
SENATOR JAMES E. RISCH,2015,SENATORS OFFICIAL PERSONNEL AND OFFICE EXPENSE ACCOUNT,1675,PERSONNEL COMP. FULL-TIME PERMANENT,1684,1120412.86,0.0,component,payroll_component,,
SENATOR JAMES E. RISCH,2015,SENATORS OFFICIAL PERSONNEL AND OFFICE EXPENSE ACCOUNT,1675,PERSONNEL BENEFITS,1684,2256.0,0.0,component,payroll_component,,
SENATOR JAMES E. RISCH,2015,SENATORS OFFICIAL PERSONNEL AND OFFICE EXPENSE ACCOUNT,1675,NET PAYROLL EXPENSES,1684,1122668.86,1122668.86,ok,segment,,
SENATOR JAMES E. RISCH,2015,SENATORS OFFICIAL PERSONNEL AND OFFICE EXPENSE ACCOUNT,1675,BANNER NET PAYROLL,1675,1122668.86,1122668.86,ok,banner,,
SENATOR JAMES E. RISCH,2015,SENATORS OFFICIAL PERSONNEL AND OFFICE EXPENSE ACCOUNT,1675,BANNER ORGANIZATION TOTALS,1675,1277478.89,1241828.99,fail,banner,,
SENATOR PAT ROBERTS,2013,SENATORS OFFICIAL PERSONNEL AND OFFICE EXPENSE ACCOUNT,1685,BANNER NET PAYROLL,1685,0.0,0.0,banner_missing,banner,,
SENATOR PAT ROBERTS,2013,SENATORS OFFICIAL PERSONNEL AND OFFICE EXPENSE ACCOUNT,1685,BANNER ORGANIZATION TOTALS,1685,0.0,0.0,ok,banner,,
SENATOR PAT ROBERTS,2014,SENATORS OFFICIAL PERSONNEL AND OFFICE EXPENSE ACCOUNT,1686,BANNER NET PAYROLL,1686,0.0,0.0,banner_missing,banner,,
SENATOR PAT ROBERTS,2014,SENATORS OFFICIAL PERSONNEL AND OFFICE EXPENSE ACCOUNT,1686,BANNER ORGANIZATION TOTALS,1686,0.0,0.0,ok,banner,,
SENATOR PAT ROBERTS,2015,SENATORS OFFICIAL PERSONNEL AND OFFICE EXPENSE ACCOUNT,1687,TRAVEL AND TRANSPORTATION OF PERSONS,1696,51525.91,51525.91,ok,segment,,
SENATOR PAT ROBERTS,2015,SENATORS OFFICIAL PERSONNEL AND OFFICE EXPENSE ACCOUNT,1687,OTHER CONTRACTUAL SERVICES,1696,2119.65,2119.65,ok,segment,,
SENATOR PAT ROBERTS,2015,SENATORS OFFICIAL PERSONNEL AND OFFICE EXPENSE ACCOUNT,1687,PERSONNEL COMP. FULL-TIME PERMANENT,1696,1299038.89,0.0,component,payroll_component,,
SENATOR PAT ROBERTS,2015,SENATORS OFFICIAL PERSONNEL AND OFFICE EXPENSE ACCOUNT,1687,PERSONNEL BENEFITS,1696,4353.4,0.0,component,payroll_component,,
SENATOR PAT ROBERTS,2015,SENATORS OFFICIAL PERSONNEL AND OFFICE EXPENSE ACCOUNT,1687,NET PAYROLL EXPENSES,1696,1303392.29,1300725.63,fail,segment,inconclusive,0.0
SENATOR PAT ROBERTS,2015,SENATORS OFFICIAL PERSONNEL AND OFFICE EXPENSE ACCOUNT,1687,BANNER NET PAYROLL,1687,1303392.29,1303392.29,ok,banner,,
SENATOR PAT ROBERTS,2015,SENATORS OFFICIAL PERSONNEL AND OFFICE EXPENSE ACCOUNT,1687,BANNER ORGANIZATION TOTALS,1687,1424302.15,1354371.19,fail,banner,,
"SENATOR JOHN D. ROCKEFELLER, IV",2013,SENATORS OFFICIAL PERSONNEL AND OFFICE EXPENSE ACCOUNT,1697,BANNER NET PAYROLL,1697,0.0,0.0,banner_missing,banner,,
"SENATOR JOHN D. ROCKEFELLER, IV",2013,SENATORS OFFICIAL PERSONNEL AND OFFICE EXPENSE ACCOUNT,1697,BANNER ORGANIZATION TOTALS,1697,0.0,0.0,ok,banner,,
"SENATOR JOHN D. ROCKEFELLER, IV",2014,SENATORS OFFICIAL PERSONNEL AND OFFICE EXPENSE ACCOUNT,1698,BANNER NET PAYROLL,1698,0.0,0.0,banner_missing,banner,,
"SENATOR JOHN D. ROCKEFELLER, IV",2014,SENATORS OFFICIAL PERSONNEL AND OFFICE EXPENSE ACCOUNT,1698,BANNER ORGANIZATION TOTALS,1698,0.0,0.0,ok,banner,,
"SENATOR JOHN D. ROCKEFELLER, IV",2015,SENATORS OFFICIAL PERSONNEL AND OFFICE EXPENSE ACCOUNT,1699,BANNER NET PAYROLL,1699,0.0,0.0,banner_missing,banner,,
"SENATOR JOHN D. ROCKEFELLER, IV",2015,SENATORS OFFICIAL PERSONNEL AND OFFICE EXPENSE ACCOUNT,1699,BANNER ORGANIZATION TOTALS,1699,558.38,0.0,fail,banner,,
SENATOR MIKE ROUNDS,2015,SENATORS OFFICIAL PERSONNEL AND OFFICE EXPENSE ACCOUNT,1700,TRAVEL AND TRANSPORTATION OF PERSONS,1714,140770.31,140770.31,ok,segment,,
SENATOR MIKE ROUNDS,2015,SENATORS OFFICIAL PERSONNEL AND OFFICE EXPENSE ACCOUNT,1700,OTHER CONTRACTUAL SERVICES,1714,1318.7,1318.7,ok,segment,,
SENATOR MIKE ROUNDS,2015,SENATORS OFFICIAL PERSONNEL AND OFFICE EXPENSE ACCOUNT,1700,ACQUISITION OF ASSETS,1714,4474.32,4474.32,ok,segment,,
SENATOR MIKE ROUNDS,2015,SENATORS OFFICIAL PERSONNEL AND OFFICE EXPENSE ACCOUNT,1700,PERSONNEL COMP. FULL-TIME PERMANENT,1714,1132688.99,0.0,component,payroll_component,,
SENATOR MIKE ROUNDS,2015,SENATORS OFFICIAL PERSONNEL AND OFFICE EXPENSE ACCOUNT,1700,PERSONNEL BENEFITS,1714,1334.0,0.0,component,payroll_component,,
SENATOR MIKE ROUNDS,2015,SENATORS OFFICIAL PERSONNEL AND OFFICE EXPENSE ACCOUNT,1700,NET PAYROLL EXPENSES,1714,1134022.99,1117022.99,fail,segment,inconclusive,0.0
SENATOR MIKE ROUNDS,2015,SENATORS OFFICIAL PERSONNEL AND OFFICE EXPENSE ACCOUNT,1700,BANNER NET PAYROLL,1700,1134022.99,1134022.99,ok,banner,,
SENATOR MIKE ROUNDS,2015,SENATORS OFFICIAL PERSONNEL AND OFFICE EXPENSE ACCOUNT,1700,BANNER ORGANIZATION TOTALS,1700,1326862.76,1263586.32,fail,banner,,
SENATOR MARCO RUBIO,2013,SENATORS OFFICIAL PERSONNEL AND OFFICE EXPENSE ACCOUNT,1715,BANNER NET PAYROLL,1715,0.0,0.0,banner_missing,banner,,
SENATOR MARCO RUBIO,2013,SENATORS OFFICIAL PERSONNEL AND OFFICE EXPENSE ACCOUNT,1715,BANNER ORGANIZATION TOTALS,1715,0.0,0.0,ok,banner,,
SENATOR MARCO RUBIO,2014,SENATORS OFFICIAL PERSONNEL AND OFFICE EXPENSE ACCOUNT,1716,BANNER NET PAYROLL,1716,0.0,0.0,banner_missing,banner,,
SENATOR MARCO RUBIO,2014,SENATORS OFFICIAL PERSONNEL AND OFFICE EXPENSE ACCOUNT,1716,BANNER ORGANIZATION TOTALS,1716,0.0,0.0,ok,banner,,
SENATOR MARCO RUBIO,2015,SENATORS OFFICIAL PERSONNEL AND OFFICE EXPENSE ACCOUNT,1717,TRAVEL AND TRANSPORTATION OF PERSONS,1727,72258.53,72258.53,ok,segment,,
SENATOR MARCO RUBIO,2015,SENATORS OFFICIAL PERSONNEL AND OFFICE EXPENSE ACCOUNT,1717,OTHER CONTRACTUAL SERVICES,1727,519.34,519.34,ok,segment,,
SENATOR MARCO RUBIO,2015,SENATORS OFFICIAL PERSONNEL AND OFFICE EXPENSE ACCOUNT,1717,ACQUISITION OF ASSETS,1727,4130.0,4130.0,ok,segment,,
SENATOR MARCO RUBIO,2015,SENATORS OFFICIAL PERSONNEL AND OFFICE EXPENSE ACCOUNT,1717,PERSONNEL COMP. FULL-TIME PERMANENT,1727,1731627.64,0.0,component,payroll_component,,
SENATOR MARCO RUBIO,2015,SENATORS OFFICIAL PERSONNEL AND OFFICE EXPENSE ACCOUNT,1717,PERSONNEL BENEFITS,1727,3857.9,0.0,component,payroll_component,,
SENATOR MARCO RUBIO,2015,SENATORS OFFICIAL PERSONNEL AND OFFICE EXPENSE ACCOUNT,1717,NET PAYROLL EXPENSES,1727,1735485.54,1835485.54,fail,segment,inconclusive,0.0
SENATOR MARCO RUBIO,2015,SENATORS OFFICIAL PERSONNEL AND OFFICE EXPENSE ACCOUNT,1717,BANNER NET PAYROLL,1717,1735485.54,1735485.54,ok,banner,,
SENATOR MARCO RUBIO,2015,SENATORS OFFICIAL PERSONNEL AND OFFICE EXPENSE ACCOUNT,1717,BANNER ORGANIZATION TOTALS,1717,1846222.08,1912393.41,fail,banner,,
SENATOR BERNARD SANDERS,2013,SENATORS OFFICIAL PERSONNEL AND OFFICE EXPENSE ACCOUNT,1728,BANNER NET PAYROLL,1728,0.0,0.0,banner_missing,banner,,
SENATOR BERNARD SANDERS,2013,SENATORS OFFICIAL PERSONNEL AND OFFICE EXPENSE ACCOUNT,1728,BANNER ORGANIZATION TOTALS,1728,0.0,0.0,ok,banner,,
SENATOR BERNARD SANDERS,2014,SENATORS OFFICIAL PERSONNEL AND OFFICE EXPENSE ACCOUNT,1729,TRAVEL AND TRANSPORTATION OF PERSONS,1729,95.0,95.0,ok,segment,,
SENATOR BERNARD SANDERS,2014,SENATORS OFFICIAL PERSONNEL AND OFFICE EXPENSE ACCOUNT,1729,ACQUISITION OF ASSETS,1729,40266.62,40266.62,ok,segment,,
SENATOR BERNARD SANDERS,2014,SENATORS OFFICIAL PERSONNEL AND OFFICE EXPENSE ACCOUNT,1729,BANNER NET PAYROLL,1729,0.0,0.0,banner_missing,banner,,
SENATOR BERNARD SANDERS,2014,SENATORS OFFICIAL PERSONNEL AND OFFICE EXPENSE ACCOUNT,1729,BANNER ORGANIZATION TOTALS,1729,42316.62,40361.62,fail,banner,,
SENATOR BERNARD SANDERS,2015,SENATORS OFFICIAL PERSONNEL AND OFFICE EXPENSE ACCOUNT,1730,TRAVEL AND TRANSPORTATION OF PERSONS,1742,50233.84,50233.84,ok,segment,,
SENATOR BERNARD SANDERS,2015,SENATORS OFFICIAL PERSONNEL AND OFFICE EXPENSE ACCOUNT,1730,OTHER CONTRACTUAL SERVICES,1742,758.44,758.44,ok,segment,,
SENATOR BERNARD SANDERS,2015,SENATORS OFFICIAL PERSONNEL AND OFFICE EXPENSE ACCOUNT,1730,PERSONNEL COMP. FULL-TIME PERMANENT,1742,1041361.71,0.0,component,payroll_component,,
SENATOR BERNARD SANDERS,2015,SENATORS OFFICIAL PERSONNEL AND OFFICE EXPENSE ACCOUNT,1730,RE-EMPLOYED ANNUITANTS,1742,2244.0,0.0,component,payroll_component,,
SENATOR BERNARD SANDERS,2015,SENATORS OFFICIAL PERSONNEL AND OFFICE EXPENSE ACCOUNT,1730,PERSONNEL BENEFITS,1742,3841.65,0.0,component,payroll_component,,
SENATOR BERNARD SANDERS,2015,SENATORS OFFICIAL PERSONNEL AND OFFICE EXPENSE ACCOUNT,1730,NET PAYROLL EXPENSES,1742,1047447.36,1047447.36,ok,segment,,
SENATOR BERNARD SANDERS,2015,SENATORS OFFICIAL PERSONNEL AND OFFICE EXPENSE ACCOUNT,1730,BANNER NET PAYROLL,1730,1047447.36,1047447.36,ok,banner,,
SENATOR BERNARD SANDERS,2015,SENATORS OFFICIAL PERSONNEL AND OFFICE EXPENSE ACCOUNT,1730,BANNER ORGANIZATION TOTALS,1730,1139656.64,1098439.64,fail,banner,,
SENATOR BEN SASSE,2015,SENATORS OFFICIAL PERSONNEL AND OFFICE EXPENSE ACCOUNT,1743,TRAVEL AND TRANSPORTATION OF PERSONS,1751,56015.21,56015.21,ok,segment,,
SENATOR BEN SASSE,2015,SENATORS OFFICIAL PERSONNEL AND OFFICE EXPENSE ACCOUNT,1743,OTHER CONTRACTUAL SERVICES,1751,843.4,843.4,ok,segment,,
SENATOR BEN SASSE,2015,SENATORS OFFICIAL PERSONNEL AND OFFICE EXPENSE ACCOUNT,1743,ACQUISITION OF ASSETS,1751,132042.35,132042.35,ok,segment,,
SENATOR BEN SASSE,2015,SENATORS OFFICIAL PERSONNEL AND OFFICE EXPENSE ACCOUNT,1743,PERSONNEL COMP. FULL-TIME PERMANENT,1751,1069834.73,0.0,component,payroll_component,,
SENATOR BEN SASSE,2015,SENATORS OFFICIAL PERSONNEL AND OFFICE EXPENSE ACCOUNT,1743,PERSONNEL BENEFITS,1751,1756.1,0.0,component,payroll_component,,
SENATOR BEN SASSE,2015,SENATORS OFFICIAL PERSONNEL AND OFFICE EXPENSE ACCOUNT,1743,NET PAYROLL EXPENSES,1751,1071590.83,1024557.53,fail,segment,inconclusive,0.0
SENATOR BEN SASSE,2015,SENATORS OFFICIAL PERSONNEL AND OFFICE EXPENSE ACCOUNT,1743,BANNER NET PAYROLL,1743,1071590.83,1071590.83,ok,banner,,
SENATOR BEN SASSE,2015,SENATORS OFFICIAL PERSONNEL AND OFFICE EXPENSE ACCOUNT,1743,BANNER ORGANIZATION TOTALS,1743,1333294.12,1213458.49,fail,banner,,
SENATOR BRIAN SCHATZ,2013,SENATORS OFFICIAL PERSONNEL AND OFFICE EXPENSE ACCOUNT,1752,BANNER NET PAYROLL,1752,0.0,0.0,banner_missing,banner,,
SENATOR BRIAN SCHATZ,2013,SENATORS OFFICIAL PERSONNEL AND OFFICE EXPENSE ACCOUNT,1752,BANNER ORGANIZATION TOTALS,1752,0.0,0.0,ok,banner,,
SENATOR BRIAN SCHATZ,2014,SENATORS OFFICIAL PERSONNEL AND OFFICE EXPENSE ACCOUNT,1753,ACQUISITION OF ASSETS,1753,1435.0,1435.0,ok,segment,,
SENATOR BRIAN SCHATZ,2014,SENATORS OFFICIAL PERSONNEL AND OFFICE EXPENSE ACCOUNT,1753,PERSONNEL COMP. FULL-TIME PERMANENT,1753,771.55,0.0,component,payroll_component,,
SENATOR BRIAN SCHATZ,2014,SENATORS OFFICIAL PERSONNEL AND OFFICE EXPENSE ACCOUNT,1753,NET PAYROLL EXPENSES,1753,771.55,0.0,zero_records,segment,,
SENATOR BRIAN SCHATZ,2014,SENATORS OFFICIAL PERSONNEL AND OFFICE EXPENSE ACCOUNT,1753,BANNER NET PAYROLL,1753,771.55,771.55,ok,banner,,
SENATOR BRIAN SCHATZ,2014,SENATORS OFFICIAL PERSONNEL AND OFFICE EXPENSE ACCOUNT,1753,BANNER ORGANIZATION TOTALS,1753,2206.55,1435.0,fail,banner,,
SENATOR BRIAN SCHATZ,2015,SENATORS OFFICIAL PERSONNEL AND OFFICE EXPENSE ACCOUNT,1754,TRAVEL AND TRANSPORTATION OF PERSONS,1759,117204.92,117204.92,ok,segment,,
SENATOR BRIAN SCHATZ,2015,SENATORS OFFICIAL PERSONNEL AND OFFICE EXPENSE ACCOUNT,1754,OTHER CONTRACTUAL SERVICES,1759,13690.3,13690.3,ok,segment,,
SENATOR BRIAN SCHATZ,2015,SENATORS OFFICIAL PERSONNEL AND OFFICE EXPENSE ACCOUNT,1754,ACQUISITION OF ASSETS,1759,749.9,749.9,ok,segment,,
SENATOR BRIAN SCHATZ,2015,SENATORS OFFICIAL PERSONNEL AND OFFICE EXPENSE ACCOUNT,1754,PERSONNEL COMP. FULL-TIME PERMANENT,1759,1456532.01,0.0,component,payroll_component,,
SENATOR BRIAN SCHATZ,2015,SENATORS OFFICIAL PERSONNEL AND OFFICE EXPENSE ACCOUNT,1754,PERSONNEL BENEFITS,1759,4323.85,0.0,component,payroll_component,,
SENATOR BRIAN SCHATZ,2015,SENATORS OFFICIAL PERSONNEL AND OFFICE EXPENSE ACCOUNT,1754,NET PAYROLL EXPENSES,1759,1460855.86,1461627.41,fail,segment,inconclusive,0.0
SENATOR BRIAN SCHATZ,2015,SENATORS OFFICIAL PERSONNEL AND OFFICE EXPENSE ACCOUNT,1754,BANNER NET PAYROLL,1754,1460855.86,1460855.86,ok,banner,,
SENATOR BRIAN SCHATZ,2015,SENATORS OFFICIAL PERSONNEL AND OFFICE EXPENSE ACCOUNT,1754,BANNER ORGANIZATION TOTALS,1754,1630060.56,1593272.53,fail,banner,,
SENATOR CHARLES E. SCHUMER,2013,SENATORS OFFICIAL PERSONNEL AND OFFICE EXPENSE ACCOUNT,1760,BANNER NET PAYROLL,1760,0.0,0.0,banner_missing,banner,,
SENATOR CHARLES E. SCHUMER,2013,SENATORS OFFICIAL PERSONNEL AND OFFICE EXPENSE ACCOUNT,1760,BANNER ORGANIZATION TOTALS,1760,0.0,0.0,ok,banner,,
SENATOR CHARLES E. SCHUMER,2014,SENATORS OFFICIAL PERSONNEL AND OFFICE EXPENSE ACCOUNT,1761,BANNER NET PAYROLL,1761,0.0,0.0,banner_missing,banner,,
SENATOR CHARLES E. SCHUMER,2014,SENATORS OFFICIAL PERSONNEL AND OFFICE EXPENSE ACCOUNT,1761,BANNER ORGANIZATION TOTALS,1761,51.05,0.0,fail,banner,,
SENATOR CHARLES E. SCHUMER,2015,SENATORS OFFICIAL PERSONNEL AND OFFICE EXPENSE ACCOUNT,1762,TRAVEL AND TRANSPORTATION OF PERSONS,1774,222320.88,222320.88,ok,segment,,
SENATOR CHARLES E. SCHUMER,2015,SENATORS OFFICIAL PERSONNEL AND OFFICE EXPENSE ACCOUNT,1762,OTHER CONTRACTUAL SERVICES,1774,3542.5,3542.5,ok,segment,,
SENATOR CHARLES E. SCHUMER,2015,SENATORS OFFICIAL PERSONNEL AND OFFICE EXPENSE ACCOUNT,1762,ACQUISITION OF ASSETS,1774,1196.99,1196.99,ok,segment,,
SENATOR CHARLES E. SCHUMER,2015,SENATORS OFFICIAL PERSONNEL AND OFFICE EXPENSE ACCOUNT,1762,OTHER PERSONNEL COMPENSATION,1774,74985.28,0.0,component,payroll_component,,
SENATOR CHARLES E. SCHUMER,2015,SENATORS OFFICIAL PERSONNEL AND OFFICE EXPENSE ACCOUNT,1762,PERSONNEL COMP. FULL-TIME PERMANENT,1774,1803651.06,0.0,component,payroll_component,,
SENATOR CHARLES E. SCHUMER,2015,SENATORS OFFICIAL PERSONNEL AND OFFICE EXPENSE ACCOUNT,1762,PERSONNEL BENEFITS,1774,21384.13,0.0,component,payroll_component,,
SENATOR CHARLES E. SCHUMER,2015,SENATORS OFFICIAL PERSONNEL AND OFFICE EXPENSE ACCOUNT,1762,NET PAYROLL EXPENSES,1774,1900020.47,1897342.0,fail,segment,inconclusive,0.0
SENATOR CHARLES E. SCHUMER,2015,SENATORS OFFICIAL PERSONNEL AND OFFICE EXPENSE ACCOUNT,1762,BANNER NET PAYROLL,1762,1900020.47,1900020.47,ok,banner,,
SENATOR CHARLES E. SCHUMER,2015,SENATORS OFFICIAL PERSONNEL AND OFFICE EXPENSE ACCOUNT,1762,BANNER ORGANIZATION TOTALS,1762,2237508.03,2124402.37,fail,banner,,
SENATOR TIM SCOTT,2013,SENATORS OFFICIAL PERSONNEL AND OFFICE EXPENSE ACCOUNT,1775,BANNER NET PAYROLL,1775,0.0,0.0,banner_missing,banner,,
SENATOR TIM SCOTT,2013,SENATORS OFFICIAL PERSONNEL AND OFFICE EXPENSE ACCOUNT,1775,BANNER ORGANIZATION TOTALS,1775,0.0,0.0,ok,banner,,
SENATOR TIM SCOTT,2014,SENATORS OFFICIAL PERSONNEL AND OFFICE EXPENSE ACCOUNT,1776,BANNER NET PAYROLL,1776,0.0,0.0,banner_missing,banner,,
SENATOR TIM SCOTT,2014,SENATORS OFFICIAL PERSONNEL AND OFFICE EXPENSE ACCOUNT,1776,BANNER ORGANIZATION TOTALS,1776,0.0,0.0,ok,banner,,
SENATOR TIM SCOTT,2015,SENATORS OFFICIAL PERSONNEL AND OFFICE EXPENSE ACCOUNT,1777,TRAVEL AND TRANSPORTATION OF PERSONS,1785,49754.15,49754.15,ok,segment,,
SENATOR TIM SCOTT,2015,SENATORS OFFICIAL PERSONNEL AND OFFICE EXPENSE ACCOUNT,1777,OTHER CONTRACTUAL SERVICES,1785,2914.0,2914.0,ok,segment,,
SENATOR TIM SCOTT,2015,SENATORS OFFICIAL PERSONNEL AND OFFICE EXPENSE ACCOUNT,1777,ACQUISITION OF ASSETS,1785,883.03,883.03,ok,segment,,
SENATOR TIM SCOTT,2015,SENATORS OFFICIAL PERSONNEL AND OFFICE EXPENSE ACCOUNT,1777,PERSONNEL COMP. FULL-TIME PERMANENT,1785,1111211.37,0.0,component,payroll_component,,
SENATOR TIM SCOTT,2015,SENATORS OFFICIAL PERSONNEL AND OFFICE EXPENSE ACCOUNT,1777,PERSONNEL BENEFITS,1785,4103.9,0.0,component,payroll_component,,
SENATOR TIM SCOTT,2015,SENATORS OFFICIAL PERSONNEL AND OFFICE EXPENSE ACCOUNT,1777,NET PAYROLL EXPENSES,1785,1115315.27,1115315.27,ok,segment,,
SENATOR TIM SCOTT,2015,SENATORS OFFICIAL PERSONNEL AND OFFICE EXPENSE ACCOUNT,1777,BANNER NET PAYROLL,1777,1115315.27,1115315.27,ok,banner,,
SENATOR TIM SCOTT,2015,SENATORS OFFICIAL PERSONNEL AND OFFICE EXPENSE ACCOUNT,1777,BANNER ORGANIZATION TOTALS,1777,1213768.8,1168866.45,fail,banner,,
"SENATOR JEFFERSON B. SESSIONS, III",2013,SENATORS OFFICIAL PERSONNEL AND OFFICE EXPENSE ACCOUNT,1786,BANNER NET PAYROLL,1786,0.0,0.0,banner_missing,banner,,
"SENATOR JEFFERSON B. SESSIONS, III",2013,SENATORS OFFICIAL PERSONNEL AND OFFICE EXPENSE ACCOUNT,1786,BANNER ORGANIZATION TOTALS,1786,0.0,0.0,ok,banner,,
"SENATOR JEFFERSON B. SESSIONS, III",2014,SENATORS OFFICIAL PERSONNEL AND OFFICE EXPENSE ACCOUNT,1787,BANNER NET PAYROLL,1787,0.0,0.0,banner_missing,banner,,
"SENATOR JEFFERSON B. SESSIONS, III",2014,SENATORS OFFICIAL PERSONNEL AND OFFICE EXPENSE ACCOUNT,1787,BANNER ORGANIZATION TOTALS,1787,0.0,0.0,ok,banner,,
"SENATOR JEFFERSON B. SESSIONS, III",2015,SENATORS OFFICIAL PERSONNEL AND OFFICE EXPENSE ACCOUNT,1788,TRAVEL AND TRANSPORTATION OF PERSONS,1796,47187.37,47187.37,ok,segment,,
"SENATOR JEFFERSON B. SESSIONS, III",2015,SENATORS OFFICIAL PERSONNEL AND OFFICE EXPENSE ACCOUNT,1788,OTHER CONTRACTUAL SERVICES,1796,971.42,971.42,ok,segment,,
"SENATOR JEFFERSON B. SESSIONS, III",2015,SENATORS OFFICIAL PERSONNEL AND OFFICE EXPENSE ACCOUNT,1788,ACQUISITION OF ASSETS,1796,21.19,21.19,ok,segment,,
"SENATOR JEFFERSON B. SESSIONS, III",2015,SENATORS OFFICIAL PERSONNEL AND OFFICE EXPENSE ACCOUNT,1788,PERSONNEL COMP. FULL-TIME PERMANENT,1796,1121707.74,0.0,component,payroll_component,,
"SENATOR JEFFERSON B. SESSIONS, III",2015,SENATORS OFFICIAL PERSONNEL AND OFFICE EXPENSE ACCOUNT,1788,PERSONNEL BENEFITS,1796,2392.3,0.0,component,payroll_component,,
"SENATOR JEFFERSON B. SESSIONS, III",2015,SENATORS OFFICIAL PERSONNEL AND OFFICE EXPENSE ACCOUNT,1788,NET PAYROLL EXPENSES,1796,1124100.04,1187350.04,fail,segment,inconclusive,0.0
"SENATOR JEFFERSON B. SESSIONS, III",2015,SENATORS OFFICIAL PERSONNEL AND OFFICE EXPENSE ACCOUNT,1788,BANNER NET PAYROLL,1788,1124100.04,1124100.04,ok,banner,,
"SENATOR JEFFERSON B. SESSIONS, III",2015,SENATORS OFFICIAL PERSONNEL AND OFFICE EXPENSE ACCOUNT,1788,BANNER ORGANIZATION TOTALS,1788,1217491.96,1235530.02,fail,banner,,
SENATOR JEANNE SHAHEEN,2013,SENATORS OFFICIAL PERSONNEL AND OFFICE EXPENSE ACCOUNT,1797,BANNER NET PAYROLL,1797,0.0,0.0,banner_missing,banner,,
SENATOR JEANNE SHAHEEN,2013,SENATORS OFFICIAL PERSONNEL AND OFFICE EXPENSE ACCOUNT,1797,BANNER ORGANIZATION TOTALS,1797,0.0,0.0,ok,banner,,
SENATOR JEANNE SHAHEEN,2014,SENATORS OFFICIAL PERSONNEL AND OFFICE EXPENSE ACCOUNT,1798,TRAVEL AND TRANSPORTATION OF PERSONS,1798,91.02,91.02,ok,segment,,
SENATOR JEANNE SHAHEEN,2014,SENATORS OFFICIAL PERSONNEL AND OFFICE EXPENSE ACCOUNT,1798,BANNER NET PAYROLL,1798,0.0,0.0,banner_missing,banner,,
SENATOR JEANNE SHAHEEN,2014,SENATORS OFFICIAL PERSONNEL AND OFFICE EXPENSE ACCOUNT,1798,BANNER ORGANIZATION TOTALS,1798,668.36,91.02,fail,banner,,
SENATOR JEANNE SHAHEEN,2015,SENATORS OFFICIAL PERSONNEL AND OFFICE EXPENSE ACCOUNT,1799,TRAVEL AND TRANSPORTATION OF PERSONS,1814,52457.97,52457.97,ok,segment,,
SENATOR JEANNE SHAHEEN,2015,SENATORS OFFICIAL PERSONNEL AND OFFICE EXPENSE ACCOUNT,1799,OTHER CONTRACTUAL SERVICES,1814,1178.5,1178.5,ok,segment,,
SENATOR JEANNE SHAHEEN,2015,SENATORS OFFICIAL PERSONNEL AND OFFICE EXPENSE ACCOUNT,1799,PERSONNEL COMP. FULL-TIME PERMANENT,1814,1193878.22,0.0,component,payroll_component,,
SENATOR JEANNE SHAHEEN,2015,SENATORS OFFICIAL PERSONNEL AND OFFICE EXPENSE ACCOUNT,1799,PERSONNEL BENEFITS,1814,4112.0,0.0,component,payroll_component,,
SENATOR JEANNE SHAHEEN,2015,SENATORS OFFICIAL PERSONNEL AND OFFICE EXPENSE ACCOUNT,1799,NET PAYROLL EXPENSES,1814,1197990.22,1197990.22,ok,segment,,
SENATOR JEANNE SHAHEEN,2015,SENATORS OFFICIAL PERSONNEL AND OFFICE EXPENSE ACCOUNT,1799,BANNER NET PAYROLL,1799,1197990.22,1197990.22,ok,banner,,
SENATOR JEANNE SHAHEEN,2015,SENATORS OFFICIAL PERSONNEL AND OFFICE EXPENSE ACCOUNT,1799,BANNER ORGANIZATION TOTALS,1799,1297041.62,1251626.69,fail,banner,,
SENATOR RICHARD C. SHELBY,2013,SENATORS OFFICIAL PERSONNEL AND OFFICE EXPENSE ACCOUNT,1815,BANNER NET PAYROLL,1815,0.0,0.0,banner_missing,banner,,
SENATOR RICHARD C. SHELBY,2013,SENATORS OFFICIAL PERSONNEL AND OFFICE EXPENSE ACCOUNT,1815,BANNER ORGANIZATION TOTALS,1815,0.0,0.0,ok,banner,,
SENATOR RICHARD C. SHELBY,2014,SENATORS OFFICIAL PERSONNEL AND OFFICE EXPENSE ACCOUNT,1816,BANNER NET PAYROLL,1816,0.0,0.0,banner_missing,banner,,
SENATOR RICHARD C. SHELBY,2014,SENATORS OFFICIAL PERSONNEL AND OFFICE EXPENSE ACCOUNT,1816,BANNER ORGANIZATION TOTALS,1816,0.0,0.0,ok,banner,,
SENA TOR RICHARD C. SHELBY,2015,SENATORS OFFICIAL PERSONNEL AND OFFICE EXPENSE ACCOUNT,1817,TRAVEL AND TRANSPORTATION OF PERSONS,1819,20101.67,20101.67,ok,segment,,
SENA TOR RICHARD C. SHELBY,2015,SENATORS OFFICIAL PERSONNEL AND OFFICE EXPENSE ACCOUNT,1817,OTHER CONTRACTUAL SERVICES,1819,505.3,505.3,ok,segment,,
SENA TOR RICHARD C. SHELBY,2015,SENATORS OFFICIAL PERSONNEL AND OFFICE EXPENSE ACCOUNT,1817,PERSONNEL COMP. FULL-TIME PERMANENT,1819,840174.82,0.0,component,payroll_component,,
SENA TOR RICHARD C. SHELBY,2015,SENATORS OFFICIAL PERSONNEL AND OFFICE EXPENSE ACCOUNT,1817,PERSONNEL BENEFITS,1819,2699.55,0.0,component,payroll_component,,
SENA TOR RICHARD C. SHELBY,2015,SENATORS OFFICIAL PERSONNEL AND OFFICE EXPENSE ACCOUNT,1817,NET PAYROLL EXPENSES,1819,842874.37,842874.37,ok,segment,,
SENA TOR RICHARD C. SHELBY,2015,SENATORS OFFICIAL PERSONNEL AND OFFICE EXPENSE ACCOUNT,1817,BANNER NET PAYROLL,1817,842874.37,842874.37,ok,banner,,
SENA TOR RICHARD C. SHELBY,2015,SENATORS OFFICIAL PERSONNEL AND OFFICE EXPENSE ACCOUNT,1817,BANNER ORGANIZATION TOTALS,1817,889576.04,863481.34,fail,banner,,
SENATOR OLYMPIA J. SNOWE,2013,SENATORS OFFICIAL PERSONNEL AND OFFICE EXPENSE ACCOUNT,1820,BANNER NET PAYROLL,1820,0.0,0.0,banner_missing,banner,,
SENATOR OLYMPIA J. SNOWE,2013,SENATORS OFFICIAL PERSONNEL AND OFFICE EXPENSE ACCOUNT,1820,BANNER ORGANIZATION TOTALS,1820,0.0,0.0,ok,banner,,
SENATOR DEBBIE A. STABENOW,2013,SENATORS OFFICIAL PERSONNEL AND OFFICE EXPENSE ACCOUNT,1821,BANNER NET PAYROLL,1821,0.0,0.0,banner_missing,banner,,
SENATOR DEBBIE A. STABENOW,2013,SENATORS OFFICIAL PERSONNEL AND OFFICE EXPENSE ACCOUNT,1821,BANNER ORGANIZATION TOTALS,1821,56.25,0.0,fail,banner,,
SENATOR DEBBIE A. STABENOW,2014,SENATORS OFFICIAL PERSONNEL AND OFFICE EXPENSE ACCOUNT,1822,ACQUISITION OF ASSETS,1822,1044.0,1044.0,ok,segment,,
SENATOR DEBBIE A. STABENOW,2014,SENATORS OFFICIAL PERSONNEL AND OFFICE EXPENSE ACCOUNT,1822,BANNER NET PAYROLL,1822,0.0,0.0,banner_missing,banner,,
SENATOR DEBBIE A. STABENOW,2014,SENATORS OFFICIAL PERSONNEL AND OFFICE EXPENSE ACCOUNT,1822,BANNER ORGANIZATION TOTALS,1822,1044.0,1044.0,ok,banner,,
SENATOR DEBBIE A. STABENOW,2015,SENATORS OFFICIAL PERSONNEL AND OFFICE EXPENSE ACCOUNT,1823,TRAVEL AND TRANSPORTATION OF PERSONS,1833,74562.18,74562.18,ok,segment,,
SENATOR DEBBIE A. STABENOW,2015,SENATORS OFFICIAL PERSONNEL AND OFFICE EXPENSE ACCOUNT,1823,OTHER CONTRACTUAL SERVICES,1833,17561.1,17561.1,ok,segment,,
SENATOR DEBBIE A. STABENOW,2015,SENATORS OFFICIAL PERSONNEL AND OFFICE EXPENSE ACCOUNT,1823,ACQUISITION OF ASSETS,1833,754.0,754.0,ok,segment,,
SENATOR DEBBIE A. STABENOW,2015,SENATORS OFFICIAL PERSONNEL AND OFFICE EXPENSE ACCOUNT,1823,PERSONNEL COMP. FULL-TIME PERMANENT,1833,1663621.85,0.0,component,payroll_component,,
SENATOR DEBBIE A. STABENOW,2015,SENATORS OFFICIAL PERSONNEL AND OFFICE EXPENSE ACCOUNT,1823,PERSONNEL BENEFITS,1833,6370.35,0.0,component,payroll_component,,
SENATOR DEBBIE A. STABENOW,2015,SENATORS OFFICIAL PERSONNEL AND OFFICE EXPENSE ACCOUNT,1823,NET PAYROLL EXPENSES,1833,1669992.2,1669992.2,ok,segment,,
SENATOR DEBBIE A. STABENOW,2015,SENATORS OFFICIAL PERSONNEL AND OFFICE EXPENSE ACCOUNT,1823,BANNER NET PAYROLL,1823,1669992.2,1669992.2,ok,banner,,
SENATOR DEBBIE A. STABENOW,2015,SENATORS OFFICIAL PERSONNEL AND OFFICE EXPENSE ACCOUNT,1823,BANNER ORGANIZATION TOTALS,1823,1798768.16,1762869.48,fail,banner,,
SENATOR DAN SULLIVAN,2015,SENATORS OFFICIAL PERSONNEL AND OFFICE EXPENSE ACCOUNT,1834,TRAVEL AND TRANSPORTATION OF PERSONS,1838,69791.05,69791.05,ok,segment,,
SENATOR DAN SULLIVAN,2015,SENATORS OFFICIAL PERSONNEL AND OFFICE EXPENSE ACCOUNT,1834,OTHER CONTRACTUAL SERVICES,1838,4279.68,4279.68,ok,segment,,
SENATOR DAN SULLIVAN,2015,SENATORS OFFICIAL PERSONNEL AND OFFICE EXPENSE ACCOUNT,1834,ACQUISITION OF ASSETS,1838,17868.47,17868.47,ok,segment,,
SENATOR DAN SULLIVAN,2015,SENATORS OFFICIAL PERSONNEL AND OFFICE EXPENSE ACCOUNT,1834,PERSONNEL COMP. FULL-TIME PERMANENT,1838,1292134.59,0.0,component,payroll_component,,
SENATOR DAN SULLIVAN,2015,SENATORS OFFICIAL PERSONNEL AND OFFICE EXPENSE ACCOUNT,1834,RE-EMPLOYED ANNUITANTS,1838,28734.0,0.0,component,payroll_component,,
SENATOR DAN SULLIVAN,2015,SENATORS OFFICIAL PERSONNEL AND OFFICE EXPENSE ACCOUNT,1834,PERSONNEL BENEFITS,1838,838.5,0.0,component,payroll_component,,
SENATOR DAN SULLIVAN,2015,SENATORS OFFICIAL PERSONNEL AND OFFICE EXPENSE ACCOUNT,1834,NET PAYROLL EXPENSES,1838,1321707.09,1373864.44,fail,segment,inconclusive,0.0
SENATOR DAN SULLIVAN,2015,SENATORS OFFICIAL PERSONNEL AND OFFICE EXPENSE ACCOUNT,1834,BANNER NET PAYROLL,1834,1321707.09,1321707.09,ok,banner,,
SENATOR DAN SULLIVAN,2015,SENATORS OFFICIAL PERSONNEL AND OFFICE EXPENSE ACCOUNT,1834,BANNER ORGANIZATION TOTALS,1834,1469389.98,1465803.64,fail,banner,,
SENATOR JON TESTER,2013,SENATORS OFFICIAL PERSONNEL AND OFFICE EXPENSE ACCOUNT,1839,BANNER NET PAYROLL,1839,0.0,0.0,banner_missing,banner,,
SENATOR JON TESTER,2013,SENATORS OFFICIAL PERSONNEL AND OFFICE EXPENSE ACCOUNT,1839,BANNER ORGANIZATION TOTALS,1839,0.0,0.0,ok,banner,,
SENATOR JON TESTER,2014,SENATORS OFFICIAL PERSONNEL AND OFFICE EXPENSE ACCOUNT,1840,BANNER NET PAYROLL,1840,0.0,0.0,banner_missing,banner,,
SENATOR JON TESTER,2014,SENATORS OFFICIAL PERSONNEL AND OFFICE EXPENSE ACCOUNT,1840,BANNER ORGANIZATION TOTALS,1840,0.0,0.0,ok,banner,,
SENATOR JON TESTER,2015,SENATORS OFFICIAL PERSONNEL AND OFFICE EXPENSE ACCOUNT,1841,TRAVEL AND TRANSPORTATION OF PERSONS,1857,108056.48,108056.48,ok,segment,,
SENATOR JON TESTER,2015,SENATORS OFFICIAL PERSONNEL AND OFFICE EXPENSE ACCOUNT,1841,OTHER CONTRACTUAL SERVICES,1857,2354.1,2354.1,ok,segment,,
SENATOR JON TESTER,2015,SENATORS OFFICIAL PERSONNEL AND OFFICE EXPENSE ACCOUNT,1841,ACQUISITION OF ASSETS,1857,7740.11,7740.11,ok,segment,,
SENATOR JON TESTER,2015,SENATORS OFFICIAL PERSONNEL AND OFFICE EXPENSE ACCOUNT,1841,PERSONNEL COMP. FULL-TIME PERMANENT,1857,1289998.6,0.0,component,payroll_component,,
SENATOR JON TESTER,2015,SENATORS OFFICIAL PERSONNEL AND OFFICE EXPENSE ACCOUNT,1841,PERSONNEL BENEFITS,1857,3937.2,0.0,component,payroll_component,,
SENATOR JON TESTER,2015,SENATORS OFFICIAL PERSONNEL AND OFFICE EXPENSE ACCOUNT,1841,NET PAYROLL EXPENSES,1857,1293935.8,1293935.8,ok,segment,,
SENATOR JON TESTER,2015,SENATORS OFFICIAL PERSONNEL AND OFFICE EXPENSE ACCOUNT,1841,BANNER NET PAYROLL,1841,1293935.8,1293935.8,ok,banner,,
SENATOR JON TESTER,2015,SENATORS OFFICIAL PERSONNEL AND OFFICE EXPENSE ACCOUNT,1841,BANNER ORGANIZATION TOTALS,1841,1452363.06,1412086.49,fail,banner,,
SENATOR JOHN R. THUNE,2013,SENATORS OFFICIAL PERSONNEL AND OFFICE EXPENSE ACCOUNT,1858,BANNER NET PAYROLL,1858,0.0,0.0,banner_missing,banner,,
SENATOR JOHN R. THUNE,2013,SENATORS OFFICIAL PERSONNEL AND OFFICE EXPENSE ACCOUNT,1858,BANNER ORGANIZATION TOTALS,1858,0.0,0.0,ok,banner,,
SENATOR JOHN R. THUNE,2014,SENATORS OFFICIAL PERSONNEL AND OFFICE EXPENSE ACCOUNT,1859,BANNER NET PAYROLL,1859,0.0,0.0,banner_missing,banner,,
SENATOR JOHN R. THUNE,2014,SENATORS OFFICIAL PERSONNEL AND OFFICE EXPENSE ACCOUNT,1859,BANNER ORGANIZATION TOTALS,1859,0.0,0.0,ok,banner,,
SENATOR JOHN R. THUNE,2015,SENATORS OFFICIAL PERSONNEL AND OFFICE EXPENSE ACCOUNT,1860,TRAVEL AND TRANSPORTATION OF PERSONS,1868,101889.23,101889.23,ok,segment,,
SENATOR JOHN R. THUNE,2015,SENATORS OFFICIAL PERSONNEL AND OFFICE EXPENSE ACCOUNT,1860,OTHER CONTRACTUAL SERVICES,1868,4159.6,4159.6,ok,segment,,
SENATOR JOHN R. THUNE,2015,SENATORS OFFICIAL PERSONNEL AND OFFICE EXPENSE ACCOUNT,1860,ACQUISITION OF ASSETS,1869,1449.11,1449.11,ok,segment,,
SENATOR JOHN R. THUNE,2015,SENATORS OFFICIAL PERSONNEL AND OFFICE EXPENSE ACCOUNT,1860,PERSONNEL COMP. FULL-TIME PERMANENT,1869,1324362.48,0.0,component,payroll_component,,
SENATOR JOHN R. THUNE,2015,SENATORS OFFICIAL PERSONNEL AND OFFICE EXPENSE ACCOUNT,1860,PERSONNEL BENEFITS,1869,1445.25,0.0,component,payroll_component,,
SENATOR JOHN R. THUNE,2015,SENATORS OFFICIAL PERSONNEL AND OFFICE EXPENSE ACCOUNT,1860,NET PAYROLL EXPENSES,1869,1325807.73,1325807.73,ok,segment,,
SENATOR JOHN R. THUNE,2015,SENATORS OFFICIAL PERSONNEL AND OFFICE EXPENSE ACCOUNT,1860,BANNER NET PAYROLL,1860,1325807.73,1325807.73,ok,banner,,
SENATOR JOHN R. THUNE,2015,SENATORS OFFICIAL PERSONNEL AND OFFICE EXPENSE ACCOUNT,1860,BANNER ORGANIZATION TOTALS,1860,1467153.19,1433305.67,fail,banner,,
SENATOR THOM TILLIS,2015,SENATORS OFFICIAL PERSONNEL AND OFFICE EXPENSE ACCOUNT,1870,TRAVEL AND TRANSPORTATION OF PERSONS,1883,60732.02,60732.02,ok,segment,,
SENATOR THOM TILLIS,2015,SENATORS OFFICIAL PERSONNEL AND OFFICE EXPENSE ACCOUNT,1870,OTHER CONTRACTUAL SERVICES,1883,1827.15,1827.15,ok,segment,,
SENATOR THOM TILLIS,2015,SENATORS OFFICIAL PERSONNEL AND OFFICE EXPENSE ACCOUNT,1870,ACQUISITION OF ASSETS,1884,26391.04,26391.04,ok,segment,,
SENATOR THOM TILLIS,2015,SENATORS OFFICIAL PERSONNEL AND OFFICE EXPENSE ACCOUNT,1870,PERSONNEL COMP. FULL-TIME PERMANENT,1884,1381803.59,0.0,component,payroll_component,,
SENATOR THOM TILLIS,2015,SENATORS OFFICIAL PERSONNEL AND OFFICE EXPENSE ACCOUNT,1870,RE-EMPLOYED ANNUITANTS,1884,23298.0,0.0,component,payroll_component,,
SENATOR THOM TILLIS,2015,SENATORS OFFICIAL PERSONNEL AND OFFICE EXPENSE ACCOUNT,1870,PERSONNEL BENEFITS,1884,1499.35,0.0,component,payroll_component,,
SENATOR THOM TILLIS,2015,SENATORS OFFICIAL PERSONNEL AND OFFICE EXPENSE ACCOUNT,1870,NET PAYROLL EXPENSES,1884,1406600.94,1377712.08,fail,segment,inconclusive,0.0
SENATOR THOM TILLIS,2015,SENATORS OFFICIAL PERSONNEL AND OFFICE EXPENSE ACCOUNT,1870,BANNER NET PAYROLL,1870,1406600.94,1406600.94,ok,banner,,
SENATOR THOM TILLIS,2015,SENATORS OFFICIAL PERSONNEL AND OFFICE EXPENSE ACCOUNT,1870,BANNER ORGANIZATION TOTALS,1870,1580805.39,1466662.29,fail,banner,,
SENATOR PATRICK J.TOOMEY,2013,SENATORS OFFICIAL PERSONNEL AND OFFICE EXPENSE ACCOUNT,1885,BANNER NET PAYROLL,1885,0.0,0.0,banner_missing,banner,,
SENATOR PATRICK J.TOOMEY,2013,SENATORS OFFICIAL PERSONNEL AND OFFICE EXPENSE ACCOUNT,1885,BANNER ORGANIZATION TOTALS,1885,0.0,0.0,ok,banner,,
SENATOR PATRICK J.TOOMEY,2014,SENATORS OFFICIAL PERSONNEL AND OFFICE EXPENSE ACCOUNT,1886,BANNER NET PAYROLL,1886,0.0,0.0,banner_missing,banner,,
SENATOR PATRICK J.TOOMEY,2014,SENATORS OFFICIAL PERSONNEL AND OFFICE EXPENSE ACCOUNT,1886,BANNER ORGANIZATION TOTALS,1886,0.0,0.0,ok,banner,,
SENATOR PATRICK J.TOOMEY,2015,SENATORS OFFICIAL PERSONNEL AND OFFICE EXPENSE ACCOUNT,1887,TRAVEL AND TRANSPORTATION OF PERSONS,1908,69753.08,69753.08,ok,segment,,
SENATOR PATRICK J.TOOMEY,2015,SENATORS OFFICIAL PERSONNEL AND OFFICE EXPENSE ACCOUNT,1887,OTHER CONTRACTUAL SERVICES,1909,956.89,956.89,ok,segment,,
SENATOR PATRICK J.TOOMEY,2015,SENATORS OFFICIAL PERSONNEL AND OFFICE EXPENSE ACCOUNT,1887,ACQUISITION OF ASSETS,1909,3768.0,3768.0,ok,segment,,
SENATOR PATRICK J.TOOMEY,2015,SENATORS OFFICIAL PERSONNEL AND OFFICE EXPENSE ACCOUNT,1887,OTHER PERSONNEL COMPENSATION,1909,3867.26,0.0,component,payroll_component,,
SENATOR PATRICK J.TOOMEY,2015,SENATORS OFFICIAL PERSONNEL AND OFFICE EXPENSE ACCOUNT,1887,PERSONNEL COMP. FULL-TIME PERMANENT,1909,1585940.22,0.0,component,payroll_component,,
SENATOR PATRICK J.TOOMEY,2015,SENATORS OFFICIAL PERSONNEL AND OFFICE EXPENSE ACCOUNT,1887,PERSONNEL BENEFITS,1909,5819.0,0.0,component,payroll_component,,
SENATOR PATRICK J.TOOMEY,2015,SENATORS OFFICIAL PERSONNEL AND OFFICE EXPENSE ACCOUNT,1887,NET PAYROLL EXPENSES,1909,1595626.48,1595626.48,ok,segment,,
SENATOR PATRICK J.TOOMEY,2015,SENATORS OFFICIAL PERSONNEL AND OFFICE EXPENSE ACCOUNT,1887,BANNER NET PAYROLL,1887,1595626.48,1595626.48,ok,banner,,
SENATOR PATRICK J.TOOMEY,2015,SENATORS OFFICIAL PERSONNEL AND OFFICE EXPENSE ACCOUNT,1887,BANNER ORGANIZATION TOTALS,1887,1836978.96,1670104.45,fail,banner,,
SENATOR MARK UDALL (CO),2013,SENATORS OFFICIAL PERSONNEL AND OFFICE EXPENSE ACCOUNT,1910,BANNER NET PAYROLL,1910,0.0,0.0,banner_missing,banner,,
SENATOR MARK UDALL (CO),2013,SENATORS OFFICIAL PERSONNEL AND OFFICE EXPENSE ACCOUNT,1910,BANNER ORGANIZATION TOTALS,1910,0.0,0.0,ok,banner,,
SENATOR MARK UDALL (CO),2014,SENATORS OFFICIAL PERSONNEL AND OFFICE EXPENSE ACCOUNT,1911,BANNER NET PAYROLL,1911,0.0,0.0,banner_missing,banner,,
SENATOR MARK UDALL (CO),2014,SENATORS OFFICIAL PERSONNEL AND OFFICE EXPENSE ACCOUNT,1911,BANNER ORGANIZATION TOTALS,1911,152.61,0.0,fail,banner,,
SENATOR MARK UDALL (CO),2015,SENATORS OFFICIAL PERSONNEL AND OFFICE EXPENSE ACCOUNT,1912,BANNER NET PAYROLL,1912,0.0,0.0,banner_missing,banner,,
SENATOR MARK UDALL (CO),2015,SENATORS OFFICIAL PERSONNEL AND OFFICE EXPENSE ACCOUNT,1912,BANNER ORGANIZATION TOTALS,1912,0.0,0.0,ok,banner,,
SENATOR TOM UDALL (NM),2013,SENATORS OFFICIAL PERSONNEL AND OFFICE EXPENSE ACCOUNT,1913,BANNER NET PAYROLL,1913,0.0,0.0,banner_missing,banner,,
SENATOR TOM UDALL (NM),2013,SENATORS OFFICIAL PERSONNEL AND OFFICE EXPENSE ACCOUNT,1913,BANNER ORGANIZATION TOTALS,1913,0.0,0.0,ok,banner,,
SENATOR TOM UDALL (NM),2014,SENATORS OFFICIAL PERSONNEL AND OFFICE EXPENSE ACCOUNT,1914,BANNER NET PAYROLL,1914,0.0,0.0,banner_missing,banner,,
SENATOR TOM UDALL (NM),2014,SENATORS OFFICIAL PERSONNEL AND OFFICE EXPENSE ACCOUNT,1914,BANNER ORGANIZATION TOTALS,1914,0.0,0.0,ok,banner,,
SENATOR TOM UDALL (NM),2015,SENATORS OFFICIAL PERSONNEL AND OFFICE EXPENSE ACCOUNT,1915,TRAVEL AND TRANSPORTATION OF PERSONS,1928,69156.74,69156.74,ok,segment,,
SENATOR TOM UDALL (NM),2015,SENATORS OFFICIAL PERSONNEL AND OFFICE EXPENSE ACCOUNT,1915,OTHER CONTRACTUAL SERVICES,1928,8951.62,8951.62,ok,segment,,
SENATOR TOM UDALL (NM),2015,SENATORS OFFICIAL PERSONNEL AND OFFICE EXPENSE ACCOUNT,1915,ACQUISITION OF ASSETS,1928,1469.41,1469.41,ok,segment,,
SENATOR TOM UDALL (NM),2015,SENATORS OFFICIAL PERSONNEL AND OFFICE EXPENSE ACCOUNT,1915,OTHER PERSONNEL COMPENSATION,1928,129.54,0.0,component,payroll_component,,
SENATOR TOM UDALL (NM),2015,SENATORS OFFICIAL PERSONNEL AND OFFICE EXPENSE ACCOUNT,1915,PERSONNEL COMP. FULL-TIME PERMANENT,1928,1353322.99,0.0,component,payroll_component,,
SENATOR TOM UDALL (NM),2015,SENATORS OFFICIAL PERSONNEL AND OFFICE EXPENSE ACCOUNT,1915,PERSONNEL BENEFITS,1928,4860.65,0.0,component,payroll_component,,
SENATOR TOM UDALL (NM),2015,SENATORS OFFICIAL PERSONNEL AND OFFICE EXPENSE ACCOUNT,1915,NET PAYROLL EXPENSES,1928,1358313.18,1358313.18,ok,segment,,
SENATOR TOM UDALL (NM),2015,SENATORS OFFICIAL PERSONNEL AND OFFICE EXPENSE ACCOUNT,1915,BANNER NET PAYROLL,1915,1358313.18,1358313.18,ok,banner,,
SENATOR TOM UDALL (NM),2015,SENATORS OFFICIAL PERSONNEL AND OFFICE EXPENSE ACCOUNT,1915,BANNER ORGANIZATION TOTALS,1915,1471972.08,1437890.95,fail,banner,,
SENATOR DAVID VITTER,2013,SENATORS OFFICIAL PERSONNEL AND OFFICE EXPENSE ACCOUNT,1929,BANNER NET PAYROLL,1929,0.0,0.0,banner_missing,banner,,
SENATOR DAVID VITTER,2013,SENATORS OFFICIAL PERSONNEL AND OFFICE EXPENSE ACCOUNT,1929,BANNER ORGANIZATION TOTALS,1929,0.0,0.0,ok,banner,,
SENATOR DAVID VITTER,2014,SENATORS OFFICIAL PERSONNEL AND OFFICE EXPENSE ACCOUNT,1930,BANNER NET PAYROLL,1930,0.0,0.0,banner_missing,banner,,
SENATOR DAVID VITTER,2014,SENATORS OFFICIAL PERSONNEL AND OFFICE EXPENSE ACCOUNT,1930,BANNER ORGANIZATION TOTALS,1930,0.0,0.0,ok,banner,,
SENATOR DAVID VITTER,2015,SENATORS OFFICIAL PERSONNEL AND OFFICE EXPENSE ACCOUNT,1931,TRAVEL AND TRANSPORTATION OF PERSONS,1943,48831.07,48831.07,ok,segment,,
SENATOR DAVID VITTER,2015,SENATORS OFFICIAL PERSONNEL AND OFFICE EXPENSE ACCOUNT,1931,OTHER CONTRACTUAL SERVICES,1943,1539.8,1539.8,ok,segment,,
SENATOR DAVID VITTER,2015,SENATORS OFFICIAL PERSONNEL AND OFFICE EXPENSE ACCOUNT,1931,PERSONNEL COMP. FULL-TIME PERMANENT,1943,1028842.8,0.0,component,payroll_component,,
SENATOR DAVID VITTER,2015,SENATORS OFFICIAL PERSONNEL AND OFFICE EXPENSE ACCOUNT,1931,PERSONNEL BENEFITS,1943,1801.55,0.0,component,payroll_component,,
SENATOR DAVID VITTER,2015,SENATORS OFFICIAL PERSONNEL AND OFFICE EXPENSE ACCOUNT,1931,NET PAYROLL EXPENSES,1943,1030644.35,1030644.35,ok,segment,,
SENATOR DAVID VITTER,2015,SENATORS OFFICIAL PERSONNEL AND OFFICE EXPENSE ACCOUNT,1931,BANNER NET PAYROLL,1931,1030644.35,1030644.35,ok,banner,,
SENATOR DAVID VITTER,2015,SENATORS OFFICIAL PERSONNEL AND OFFICE EXPENSE ACCOUNT,1931,BANNER ORGANIZATION TOTALS,1931,1595597.19,1081015.22,fail,banner,,
SENATOR JOHN WALSH,2014,SENATORS OFFICIAL PERSONNEL AND OFFICE EXPENSE ACCOUNT,1944,BANNER NET PAYROLL,1944,0.0,0.0,banner_missing,banner,,
SENATOR JOHN WALSH,2014,SENATORS OFFICIAL PERSONNEL AND OFFICE EXPENSE ACCOUNT,1944,BANNER ORGANIZATION TOTALS,1944,0.0,0.0,ok,banner,,
SENATOR JOHN WALSH,2015,SENATORS OFFICIAL PERSONNEL AND OFFICE EXPENSE ACCOUNT,1945,BANNER NET PAYROLL,1945,0.0,0.0,banner_missing,banner,,
SENATOR JOHN WALSH,2015,SENATORS OFFICIAL PERSONNEL AND OFFICE EXPENSE ACCOUNT,1945,BANNER ORGANIZATION TOTALS,1945,702.86,0.0,fail,banner,,
SENATOR MARK WARNER,2013,SENATORS OFFICIAL PERSONNEL AND OFFICE EXPENSE ACCOUNT,1946,BANNER NET PAYROLL,1946,0.0,0.0,banner_missing,banner,,
SENATOR MARK WARNER,2013,SENATORS OFFICIAL PERSONNEL AND OFFICE EXPENSE ACCOUNT,1946,BANNER ORGANIZATION TOTALS,1946,0.0,0.0,ok,banner,,
SENATOR MARK WARNER,2014,SENATORS OFFICIAL PERSONNEL AND OFFICE EXPENSE ACCOUNT,1947,BANNER NET PAYROLL,1947,0.0,0.0,banner_missing,banner,,
SENATOR MARK WARNER,2014,SENATORS OFFICIAL PERSONNEL AND OFFICE EXPENSE ACCOUNT,1947,BANNER ORGANIZATION TOTALS,1947,0.0,0.0,ok,banner,,
SENATOR MARK WARNER,2015,SENATORS OFFICIAL PERSONNEL AND OFFICE EXPENSE ACCOUNT,1948,TRAVEL AND TRANSPORTATION OF PERSONS,1965,65153.95,65153.95,ok,segment,,
SENATOR MARK WARNER,2015,SENATORS OFFICIAL PERSONNEL AND OFFICE EXPENSE ACCOUNT,1948,OTHER CONTRACTUAL SERVICES,1965,1706.9,1706.9,ok,segment,,
SENATOR MARK WARNER,2015,SENATORS OFFICIAL PERSONNEL AND OFFICE EXPENSE ACCOUNT,1948,ACQUISITION OF ASSETS,1965,260.0,260.0,ok,segment,,
SENATOR MARK WARNER,2015,SENATORS OFFICIAL PERSONNEL AND OFFICE EXPENSE ACCOUNT,1948,OTHER PERSONNEL COMPENSATION,1965,4957.75,0.0,component,payroll_component,,
SENATOR MARK WARNER,2015,SENATORS OFFICIAL PERSONNEL AND OFFICE EXPENSE ACCOUNT,1948,PERSONNEL COMP. FULL-TIME PERMANENT,1965,1574721.85,0.0,component,payroll_component,,
SENATOR MARK WARNER,2015,SENATORS OFFICIAL PERSONNEL AND OFFICE EXPENSE ACCOUNT,1948,PERSONNEL BENEFITS,1965,2063.6,0.0,component,payroll_component,,
SENATOR MARK WARNER,2015,SENATORS OFFICIAL PERSONNEL AND OFFICE EXPENSE ACCOUNT,1948,NET PAYROLL EXPENSES,1965,1581743.2,1581743.2,ok,segment,,
SENATOR MARK WARNER,2015,SENATORS OFFICIAL PERSONNEL AND OFFICE EXPENSE ACCOUNT,1948,BANNER NET PAYROLL,1948,1581743.2,1581743.2,ok,banner,,
SENATOR MARK WARNER,2015,SENATORS OFFICIAL PERSONNEL AND OFFICE EXPENSE ACCOUNT,1948,BANNER ORGANIZATION TOTALS,1948,1682935.34,1648864.05,fail,banner,,
SENATOR ELIZABETH WARREN,2013,SENATORS OFFICIAL PERSONNEL AND OFFICE EXPENSE ACCOUNT,1966,BANNER NET PAYROLL,1966,0.0,0.0,banner_missing,banner,,
SENATOR ELIZABETH WARREN,2013,SENATORS OFFICIAL PERSONNEL AND OFFICE EXPENSE ACCOUNT,1966,BANNER ORGANIZATION TOTALS,1966,0.0,0.0,ok,banner,,
SENATOR ELIZABETH WARREN,2014,SENATORS OFFICIAL PERSONNEL AND OFFICE EXPENSE ACCOUNT,1967,BANNER NET PAYROLL,1967,0.0,0.0,banner_missing,banner,,
SENATOR ELIZABETH WARREN,2014,SENATORS OFFICIAL PERSONNEL AND OFFICE EXPENSE ACCOUNT,1967,BANNER ORGANIZATION TOTALS,1967,0.0,0.0,ok,banner,,
SENATOR ELIZABETH WARREN,2015,SENATORS OFFICIAL PERSONNEL AND OFFICE EXPENSE ACCOUNT,1968,TRAVEL AND TRANSPORTATION OF PERSONS,1974,24913.22,24913.22,ok,segment,,
SENATOR ELIZABETH WARREN,2015,SENATORS OFFICIAL PERSONNEL AND OFFICE EXPENSE ACCOUNT,1968,OTHER CONTRACTUAL SERVICES,1974,632.8,632.8,ok,segment,,
SENATOR ELIZABETH WARREN,2015,SENATORS OFFICIAL PERSONNEL AND OFFICE EXPENSE ACCOUNT,1968,ACQUISITION OF ASSETS,1975,6428.49,6428.49,ok,segment,,
SENATOR ELIZABETH WARREN,2015,SENATORS OFFICIAL PERSONNEL AND OFFICE EXPENSE ACCOUNT,1968,OTHER PERSONNEL COMPENSATION,1975,4756.93,0.0,component,payroll_component,,
SENATOR ELIZABETH WARREN,2015,SENATORS OFFICIAL PERSONNEL AND OFFICE EXPENSE ACCOUNT,1968,PERSONNEL COMP. FULL-TIME PERMANENT,1975,1361017.78,0.0,component,payroll_component,,
SENATOR ELIZABETH WARREN,2015,SENATORS OFFICIAL PERSONNEL AND OFFICE EXPENSE ACCOUNT,1968,PERSONNEL BENEFITS,1975,6324.55,0.0,component,payroll_component,,
SENATOR ELIZABETH WARREN,2015,SENATORS OFFICIAL PERSONNEL AND OFFICE EXPENSE ACCOUNT,1968,NET PAYROLL EXPENSES,1975,1372099.26,1372099.26,ok,segment,,
SENATOR ELIZABETH WARREN,2015,SENATORS OFFICIAL PERSONNEL AND OFFICE EXPENSE ACCOUNT,1968,BANNER NET PAYROLL,1968,1372099.26,1372099.26,ok,banner,,
SENATOR ELIZABETH WARREN,2015,SENATORS OFFICIAL PERSONNEL AND OFFICE EXPENSE ACCOUNT,1968,BANNER ORGANIZATION TOTALS,1968,1443952.84,1404073.77,fail,banner,,
SENATOR JIM WEBB,2013,SENATORS OFFICIAL PERSONNEL AND OFFICE EXPENSE ACCOUNT,1976,BANNER NET PAYROLL,1976,0.0,0.0,banner_missing,banner,,
SENATOR JIM WEBB,2013,SENATORS OFFICIAL PERSONNEL AND OFFICE EXPENSE ACCOUNT,1976,BANNER ORGANIZATION TOTALS,1976,0.0,0.0,ok,banner,,
SENATOR SHELDON WHITEHOUSE,2013,SENATORS OFFICIAL PERSONNEL AND OFFICE EXPENSE ACCOUNT,1977,BANNER NET PAYROLL,1977,0.0,0.0,banner_missing,banner,,
SENATOR SHELDON WHITEHOUSE,2013,SENATORS OFFICIAL PERSONNEL AND OFFICE EXPENSE ACCOUNT,1977,BANNER ORGANIZATION TOTALS,1977,0.0,0.0,ok,banner,,
SENATOR SHELDON WHITEHOUSE,2014,SENATORS OFFICIAL PERSONNEL AND OFFICE EXPENSE ACCOUNT,1978,BANNER NET PAYROLL,1978,0.0,0.0,banner_missing,banner,,
SENATOR SHELDON WHITEHOUSE,2014,SENATORS OFFICIAL PERSONNEL AND OFFICE EXPENSE ACCOUNT,1978,BANNER ORGANIZATION TOTALS,1978,0.0,0.0,ok,banner,,
SENATOR SHELDON WHITEHOUSE,2015,SENATORS OFFICIAL PERSONNEL AND OFFICE EXPENSE ACCOUNT,1979,TRAVEL AND TRANSPORTATION OF PERSONS,1993,26737.93,26737.93,ok,segment,,
SENATOR SHELDON WHITEHOUSE,2015,SENATORS OFFICIAL PERSONNEL AND OFFICE EXPENSE ACCOUNT,1979,OTHER CONTRACTUAL SERVICES,1993,11866.9,11866.9,ok,segment,,
SENATOR SHELDON WHITEHOUSE,2015,SENATORS OFFICIAL PERSONNEL AND OFFICE EXPENSE ACCOUNT,1979,ACQUISITION OF ASSETS,1993,963.55,963.55,ok,segment,,
SENATOR SHELDON WHITEHOUSE,2015,SENATORS OFFICIAL PERSONNEL AND OFFICE EXPENSE ACCOUNT,1979,OTHER PERSONNEL COMPENSATION,1993,3904.44,0.0,component,payroll_component,,
SENATOR SHELDON WHITEHOUSE,2015,SENATORS OFFICIAL PERSONNEL AND OFFICE EXPENSE ACCOUNT,1979,PERSONNEL COMP. FULL-TIME PERMANENT,1993,1477154.01,0.0,component,payroll_component,,
SENATOR SHELDON WHITEHOUSE,2015,SENATORS OFFICIAL PERSONNEL AND OFFICE EXPENSE ACCOUNT,1979,RE-EMPLOYED ANNUITANTS,1993,3984.0,0.0,component,payroll_component,,
SENATOR SHELDON WHITEHOUSE,2015,SENATORS OFFICIAL PERSONNEL AND OFFICE EXPENSE ACCOUNT,1979,PERSONNEL BENEFITS,1993,7378.3,0.0,component,payroll_component,,
SENATOR SHELDON WHITEHOUSE,2015,SENATORS OFFICIAL PERSONNEL AND OFFICE EXPENSE ACCOUNT,1979,NET PAYROLL EXPENSES,1993,1492420.75,1492420.75,ok,segment,,
SENATOR SHELDON WHITEHOUSE,2015,SENATORS OFFICIAL PERSONNEL AND OFFICE EXPENSE ACCOUNT,1979,BANNER NET PAYROLL,1979,1492420.75,1492420.75,ok,banner,,
SENATOR SHELDON WHITEHOUSE,2015,SENATORS OFFICIAL PERSONNEL AND OFFICE EXPENSE ACCOUNT,1979,BANNER ORGANIZATION TOTALS,1979,1581586.86,1531989.13,fail,banner,,
SENATOR ROGER WICKER,2013,SENATORS OFFICIAL PERSONNEL AND OFFICE EXPENSE ACCOUNT,1994,BANNER NET PAYROLL,1994,0.0,0.0,banner_missing,banner,,
SENATOR ROGER WICKER,2013,SENATORS OFFICIAL PERSONNEL AND OFFICE EXPENSE ACCOUNT,1994,BANNER ORGANIZATION TOTALS,1994,0.0,0.0,ok,banner,,
SENATOR ROGER WICKER,2014,SENATORS OFFICIAL PERSONNEL AND OFFICE EXPENSE ACCOUNT,1995,BANNER NET PAYROLL,1995,0.0,0.0,banner_missing,banner,,
SENATOR ROGER WICKER,2014,SENATORS OFFICIAL PERSONNEL AND OFFICE EXPENSE ACCOUNT,1995,BANNER ORGANIZATION TOTALS,1995,0.0,0.0,ok,banner,,
SENATOR ROGER WICKER,2015,SENATORS OFFICIAL PERSONNEL AND OFFICE EXPENSE ACCOUNT,1996,TRAVEL AND TRANSPORTATION OF PERSONS,2009,41863.99,41863.99,ok,segment,,
SENATOR ROGER WICKER,2015,SENATORS OFFICIAL PERSONNEL AND OFFICE EXPENSE ACCOUNT,1996,OTHER CONTRACTUAL SERVICES,2009,2152.4,2152.4,ok,segment,,
SENATOR ROGER WICKER,2015,SENATORS OFFICIAL PERSONNEL AND OFFICE EXPENSE ACCOUNT,1996,PERSONNEL COMP. FULL-TIME PERMANENT,2009,1354478.87,0.0,component,payroll_component,,
SENATOR ROGER WICKER,2015,SENATORS OFFICIAL PERSONNEL AND OFFICE EXPENSE ACCOUNT,1996,PERSONNEL BENEFITS,2009,1838.75,0.0,component,payroll_component,,
SENATOR ROGER WICKER,2015,SENATORS OFFICIAL PERSONNEL AND OFFICE EXPENSE ACCOUNT,1996,NET PAYROLL EXPENSES,2009,1356317.62,1356885.5,fail,segment,inconclusive,0.0
SENATOR ROGER WICKER,2015,SENATORS OFFICIAL PERSONNEL AND OFFICE EXPENSE ACCOUNT,1996,BANNER NET PAYROLL,1996,1356317.62,1356317.62,ok,banner,,
SENATOR ROGER WICKER,2015,SENATORS OFFICIAL PERSONNEL AND OFFICE EXPENSE ACCOUNT,1996,BANNER ORGANIZATION TOTALS,1996,1424559.28,1400901.89,fail,banner,,
SENATOR RON WYDEN,2013,SENATORS OFFICIAL PERSONNEL AND OFFICE EXPENSE ACCOUNT,2010,BANNER NET PAYROLL,2010,0.0,0.0,banner_missing,banner,,
SENATOR RON WYDEN,2013,SENATORS OFFICIAL PERSONNEL AND OFFICE EXPENSE ACCOUNT,2010,BANNER ORGANIZATION TOTALS,2010,0.0,0.0,ok,banner,,
SENATOR RON WYDEN,2014,SENATORS OFFICIAL PERSONNEL AND OFFICE EXPENSE ACCOUNT,2011,TRAVEL AND TRANSPORTATION OF PERSONS,2011,438.6,438.6,ok,segment,,
SENATOR RON WYDEN,2014,SENATORS OFFICIAL PERSONNEL AND OFFICE EXPENSE ACCOUNT,2011,BANNER NET PAYROLL,2011,0.0,0.0,banner_missing,banner,,
SENATOR RON WYDEN,2014,SENATORS OFFICIAL PERSONNEL AND OFFICE EXPENSE ACCOUNT,2011,BANNER ORGANIZATION TOTALS,2011,438.6,438.6,ok,banner,,
SENATOR RON WYDEN,2015,SENATORS OFFICIAL PERSONNEL AND OFFICE EXPENSE ACCOUNT,2012,TRAVEL AND TRANSPORTATION OF PERSONS,2025,61615.06,61615.06,ok,segment,,
SENATOR RON WYDEN,2015,SENATORS OFFICIAL PERSONNEL AND OFFICE EXPENSE ACCOUNT,2012,OTHER CONTRACTUAL SERVICES,2026,2689.83,2689.83,ok,segment,,
SENATOR RON WYDEN,2015,SENATORS OFFICIAL PERSONNEL AND OFFICE EXPENSE ACCOUNT,2012,ACQUISITION OF ASSETS,2026,630.92,630.92,ok,segment,,
SENATOR RON WYDEN,2015,SENATORS OFFICIAL PERSONNEL AND OFFICE EXPENSE ACCOUNT,2012,PERSONNEL COMP. FULL-TIME PERMANENT,2026,1564597.66,0.0,component,payroll_component,,
SENATOR RON WYDEN,2015,SENATORS OFFICIAL PERSONNEL AND OFFICE EXPENSE ACCOUNT,2012,PERSONNEL BENEFITS,2026,3955.47,0.0,component,payroll_component,,
SENATOR RON WYDEN,2015,SENATORS OFFICIAL PERSONNEL AND OFFICE EXPENSE ACCOUNT,2012,NET PAYROLL EXPENSES,2026,1568553.13,1568553.13,ok,segment,,
SENATOR RON WYDEN,2015,SENATORS OFFICIAL PERSONNEL AND OFFICE EXPENSE ACCOUNT,2012,BANNER NET PAYROLL,2012,1568553.13,1568553.13,ok,banner,,
SENATOR RON WYDEN,2015,SENATORS OFFICIAL PERSONNEL AND OFFICE EXPENSE ACCOUNT,2012,BANNER ORGANIZATION TOTALS,2012,1684935.3,1633488.94,fail,banner,,
STATIONERY Funding Year STATIONERY REVOLVING FUND,,,2027,BANNER NET PAYROLL,2027,0.0,0.0,banner_missing,banner,,
STATIONERY Funding Year STATIONERY REVOLVING FUND,,,2027,BANNER ORGANIZATION TOTALS,2027,246191.27,0.0,fail,banner,,
LEGAL COUNSEL,2013,OFFICE OF SENATE LEGAL COUNSEL,2028,BANNER NET PAYROLL,2028,0.0,0.0,banner_missing,banner,,
LEGAL COUNSEL,2013,OFFICE OF SENATE LEGAL COUNSEL,2028,BANNER ORGANIZATION TOTALS,2028,0.0,0.0,ok,banner,,
LEGAL COUNSEL,2014,OFFICE OF SENATE LEGAL COUNSEL,2029,BANNER NET PAYROLL,2029,0.0,0.0,banner_missing,banner,,
LEGAL COUNSEL,2014,OFFICE OF SENATE LEGAL COUNSEL,2029,BANNER ORGANIZATION TOTALS,2029,314.65,0.0,fail,banner,,
LEGAL COUNSEL,2015,OFFICE OF SENATE LEGAL COUNSEL,2030,TRAVEL AND TRANSPORTATION OF PERSONS,2030,1161.18,1161.18,ok,segment,,
LEGAL COUNSEL,2015,OFFICE OF SENATE LEGAL COUNSEL,2030,OTHER CONTRACTUAL SERVICES,2030,200.0,200.0,ok,segment,,
LEGAL COUNSEL,2015,OFFICE OF SENATE LEGAL COUNSEL,2030,PERSONNEL COMP. FULL-TIME PERMANENT,2030,424449.84,0.0,component,payroll_component,,
LEGAL COUNSEL,2015,OFFICE OF SENATE LEGAL COUNSEL,2030,PERSONNEL BENEFITS,2030,486.9,0.0,component,payroll_component,,
LEGAL COUNSEL,2015,OFFICE OF SENATE LEGAL COUNSEL,2030,NET PAYROLL EXPENSES,2030,424936.74,424936.74,ok,segment,,
LEGAL COUNSEL,2015,OFFICE OF SENATE LEGAL COUNSEL,2030,BANNER NET PAYROLL,2030,424936.74,424936.74,ok,banner,,
LEGAL COUNSEL,2015,OFFICE OF SENATE LEGAL COUNSEL,2030,BANNER ORGANIZATION TOTALS,2030,432680.92,426297.92,fail,banner,,
SECRETARY FOR THE MAJORITY (D),2013,"SECRETARY OF THE SENATE, SERGEANT AT ARMS AND DOORKEEPER OF THE SENATE AND SECRETARIES FOR THE MAJORITY AND THE MINORITY OF THE SENATE",2031,BANNER NET PAYROLL,2031,0.0,0.0,banner_missing,banner,,
SECRETARY FOR THE MAJORITY (D),2013,"SECRETARY OF THE SENATE, SERGEANT AT ARMS AND DOORKEEPER OF THE SENATE AND SECRETARIES FOR THE MAJORITY AND THE MINORITY OF THE SENATE",2031,BANNER ORGANIZATION TOTALS,2031,0.0,0.0,ok,banner,,
SECRETARY FOR THE MAJORITY (D),2014,"SECRETARY OF THE SENATE, SERGEANT AT ARMS AND DOORKEEPER OF THE SENATE AND SECRETARIES FOR THE MAJORITY AND THE MINORITY OF THE SENATE",2032,BANNER NET PAYROLL,2032,0.0,0.0,banner_missing,banner,,
SECRETARY FOR THE MAJORITY (D),2014,"SECRETARY OF THE SENATE, SERGEANT AT ARMS AND DOORKEEPER OF THE SENATE AND SECRETARIES FOR THE MAJORITY AND THE MINORITY OF THE SENATE",2032,BANNER ORGANIZATION TOTALS,2032,0.0,0.0,ok,banner,,
SECRETARY FOR THE MINORITY (D),2015,"SECRETARY OF THE SENATE, SERGEANT AT ARMS AND DOORKEEPER OF THE SENATE AND SECRETARIES FOR THE MAJORITY AND THE MINORITY OF THE SENATE",2033,PERSONNEL BENEFITS,2033,1922.0,0.0,component,payroll_component,,
SECRETARY FOR THE MINORITY (D),2015,"SECRETARY OF THE SENATE, SERGEANT AT ARMS AND DOORKEEPER OF THE SENATE AND SECRETARIES FOR THE MAJORITY AND THE MINORITY OF THE SENATE",2033,NET PAYROLL EXPENSES,2033,1922.0,1922.0,ok,segment,,
SECRETARY FOR THE MINORITY (D),2015,"SECRETARY OF THE SENATE, SERGEANT AT ARMS AND DOORKEEPER OF THE SENATE AND SECRETARIES FOR THE MAJORITY AND THE MINORITY OF THE SENATE",2033,BANNER NET PAYROLL,2033,1922.0,1922.0,ok,banner,,
SECRETARY FOR THE MINORITY (D),2015,"SECRETARY OF THE SENATE, SERGEANT AT ARMS AND DOORKEEPER OF THE SENATE AND SECRETARIES FOR THE MAJORITY AND THE MINORITY OF THE SENATE",2033,BANNER ORGANIZATION TOTALS,2033,4070.86,1922.0,fail,banner,,
SECRETARY FOR THE MINORITY (R),2013,"SECRETARY OF THE SENATE, SERGEANT AT ARMS AND DOORKEEPER OF THE SENATE AND SECRETARIES FOR THE MAJORITY AND THE MINORITY OF THE SENATE",2034,BANNER NET PAYROLL,2034,0.0,0.0,banner_missing,banner,,
SECRETARY FOR THE MINORITY (R),2013,"SECRETARY OF THE SENATE, SERGEANT AT ARMS AND DOORKEEPER OF THE SENATE AND SECRETARIES FOR THE MAJORITY AND THE MINORITY OF THE SENATE",2034,BANNER ORGANIZATION TOTALS,2034,0.0,0.0,ok,banner,,
SECRETARY FOR THE MINORITY (R),2014,"SECRETARY OF THE SENATE, SERGEANT AT ARMS AND DOORKEEPER OF THE SENATE AND SECRETARIES FOR THE MAJORITY AND THE MINORITY OF THE SENATE",2035,BANNER NET PAYROLL,2035,0.0,0.0,banner_missing,banner,,
SECRETARY FOR THE MINORITY (R),2014,"SECRETARY OF THE SENATE, SERGEANT AT ARMS AND DOORKEEPER OF THE SENATE AND SECRETARIES FOR THE MAJORITY AND THE MINORITY OF THE SENATE",2035,BANNER ORGANIZATION TOTALS,2035,0.0,0.0,ok,banner,,
SECRETARY FOR THE MAJORITY (R),2015,"SECRETARY OF THE SENATE, SERGEANT AT ARMS AND DOORKEEPER OF THE SENATE AND SECRETARIES FOR THE MAJORITY AND THE MINORITY OF THE SENATE",2036,PERSONNEL BENEFITS,2036,-214.0,0.0,component,payroll_component,,
SECRETARY FOR THE MAJORITY (R),2015,"SECRETARY OF THE SENATE, SERGEANT AT ARMS AND DOORKEEPER OF THE SENATE AND SECRETARIES FOR THE MAJORITY AND THE MINORITY OF THE SENATE",2036,NET PAYROLL EXPENSES,2036,-214.0,-214.0,ok,segment,,
SECRETARY FOR THE MAJORITY (R),2015,"SECRETARY OF THE SENATE, SERGEANT AT ARMS AND DOORKEEPER OF THE SENATE AND SECRETARIES FOR THE MAJORITY AND THE MINORITY OF THE SENATE",2036,BANNER NET PAYROLL,2036,214.0,214.0,ok,banner,,
SECRETARY FOR THE MAJORITY (R),2015,"SECRETARY OF THE SENATE, SERGEANT AT ARMS AND DOORKEEPER OF THE SENATE AND SECRETARIES FOR THE MAJORITY AND THE MINORITY OF THE SENATE",2036,BANNER ORGANIZATION TOTALS,2036,1623.07,214.0,fail,banner,,
SERGEANT AT ARMS AND DOORKEEPER OF THE SENATE,2013,"SECRETARY OF THE SENATE, SERGEANT AT ARMS AND DOORKEEPER OF THE SENATE AND SECRETARIES FOR THE MAJORITY AND THE MINORITY OF THE SENATE",2037,BANNER NET PAYROLL,2037,,0.0,banner_missing,banner,,
SERGEANT AT ARMS AND DOORKEEPER OF THE SENATE,2013,"SECRETARY OF THE SENATE, SERGEANT AT ARMS AND DOORKEEPER OF THE SENATE AND SECRETARIES FOR THE MAJORITY AND THE MINORITY OF THE SENATE",2037,BANNER ORGANIZATION TOTALS,2037,0.0,0.0,ok,banner,,
SERGEANT AT ARMS AND DOORKEEPER OF THE SENATE,2014,"SECRETARY OF THE SENATE, SERGEANT AT ARMS AND DOORKEEPER OF THE SENATE AND SECRETARIES FOR THE MAJORITY AND THE MINORITY OF THE SENATE",2038,BANNER NET PAYROLL,2038,,0.0,banner_missing,banner,,
SERGEANT AT ARMS AND DOORKEEPER OF THE SENATE,2014,"SECRETARY OF THE SENATE, SERGEANT AT ARMS AND DOORKEEPER OF THE SENATE AND SECRETARIES FOR THE MAJORITY AND THE MINORITY OF THE SENATE",2038,BANNER ORGANIZATION TOTALS,2038,0.0,0.0,ok,banner,,
SERGEANT AT ARMS AND DOORKEEPER OF THE SENATE,2015,"SECRETARY OF THE SENATE, SERGEANT AT ARMS AND DOORKEEPER OF THE SENATE AND SECRETARIES FOR THE MAJORITY AND THE MINORITY OF THE SENATE",2039,BANNER NET PAYROLL,2039,,0.0,banner_missing,banner,,
SERGEANT AT ARMS AND DOORKEEPER OF THE SENATE,2015,"SECRETARY OF THE SENATE, SERGEANT AT ARMS AND DOORKEEPER OF THE SENATE AND SECRETARIES FOR THE MAJORITY AND THE MINORITY OF THE SENATE",2039,BANNER ORGANIZATION TOTALS,2039,4998.0,0.0,fail,banner,,
SECRETARY OF THE SENATE,2013,"SECRETARY OF THE SENATE, SERGEANT AT ARMS AND DOORKEEPER OF THE SENATE AND SECRETARIES FOR THE MAJORITY AND THE MINORITY OF THE SENATE",2040,BANNER NET PAYROLL,2040,,0.0,banner_missing,banner,,
SECRETARY OF THE SENATE,2013,"SECRETARY OF THE SENATE, SERGEANT AT ARMS AND DOORKEEPER OF THE SENATE AND SECRETARIES FOR THE MAJORITY AND THE MINORITY OF THE SENATE",2040,BANNER ORGANIZATION TOTALS,2040,0.0,0.0,ok,banner,,
SECRETARY OF THE SENATE,2014,"SECRETARY OF THE SENATE, SERGEANT AT ARMS AND DOORKEEPER OF THE SENATE AND SECRETARIES FOR THE MAJORITY AND THE MINORITY OF THE SENATE",2041,BANNER NET PAYROLL,2041,,0.0,banner_missing,banner,,
SECRETARY OF THE SENATE,2014,"SECRETARY OF THE SENATE, SERGEANT AT ARMS AND DOORKEEPER OF THE SENATE AND SECRETARIES FOR THE MAJORITY AND THE MINORITY OF THE SENATE",2041,BANNER ORGANIZATION TOTALS,2041,0.0,0.0,ok,banner,,
SECRETARY OF THE SENATE,2015,"SECRETARY OF THE SENATE, SERGEANT AT ARMS AND DOORKEEPER OF THE SENATE AND SECRETARIES FOR THE MAJORITY AND THE MINORITY OF THE SENATE",2042,BANNER NET PAYROLL,2042,,0.0,banner_missing,banner,,
SECRETARY OF THE SENATE,2015,"SECRETARY OF THE SENATE, SERGEANT AT ARMS AND DOORKEEPER OF THE SENATE AND SECRETARIES FOR THE MAJORITY AND THE MINORITY OF THE SENATE",2042,BANNER ORGANIZATION TOTALS,2042,1947.69,0.0,fail,banner,,
JOINT ECONOMIC COMMITTEE,2013,JOINT ECONOMIC COMMITTEE,2043,BANNER NET PAYROLL,2043,0.0,0.0,banner_missing,banner,,
JOINT ECONOMIC COMMITTEE,2013,JOINT ECONOMIC COMMITTEE,2043,BANNER ORGANIZATION TOTALS,2043,0.0,0.0,ok,banner,,
JOINT ECONOMIC COMMITTEE,2014,JOINT ECONOMIC COMMITTEE,2044,BANNER NET PAYROLL,2044,0.0,0.0,banner_missing,banner,,
JOINT ECONOMIC COMMITTEE,2014,JOINT ECONOMIC COMMITTEE,2044,BANNER ORGANIZATION TOTALS,2044,0.0,0.0,ok,banner,,
JOINT ECONOMIC COMMITTEE,2015,JOINT ECONOMIC COMMITTEE,2045,TRAVEL AND TRANSPORTATION OF PERSONS,2046,641.49,641.49,ok,segment,,
JOINT ECONOMIC COMMITTEE,2015,JOINT ECONOMIC COMMITTEE,2045,OTHER CONTRACTUAL SERVICES,2046,6074.2,6074.2,ok,segment,,
JOINT ECONOMIC COMMITTEE,2015,JOINT ECONOMIC COMMITTEE,2045,ACQUISITION OF ASSETS,2046,5092.5,5092.5,ok,segment,,
JOINT ECONOMIC COMMITTEE,2015,JOINT ECONOMIC COMMITTEE,2045,OTHER PERSONNEL COMPENSATION,2046,3329.76,0.0,component,payroll_component,,
JOINT ECONOMIC COMMITTEE,2015,JOINT ECONOMIC COMMITTEE,2045,PERSONNEL COMP. FULL-TIME PERMANENT,2046,1953365.94,0.0,component,payroll_component,,
JOINT ECONOMIC COMMITTEE,2015,JOINT ECONOMIC COMMITTEE,2045,PERSONNEL BENEFITS,2046,6375.15,0.0,component,payroll_component,,
JOINT ECONOMIC COMMITTEE,2015,JOINT ECONOMIC COMMITTEE,2045,NET PAYROLL EXPENSES,2046,1963070.85,1963070.85,ok,segment,,
JOINT ECONOMIC COMMITTEE,2015,JOINT ECONOMIC COMMITTEE,2045,BANNER NET PAYROLL,2045,1963070.85,1963070.85,ok,banner,,
JOINT ECONOMIC COMMITTEE,2015,JOINT ECONOMIC COMMITTEE,2045,BANNER ORGANIZATION TOTALS,2045,2000702.09,1974879.04,fail,banner,,
RESERVE FOR CONTINGENCIES Funding Year SETTLEMENTS AND AWARDS RESERVE,,,2047,BANNER NET PAYROLL,2047,,0.0,banner_missing,banner,,
RESERVE FOR CONTINGENCIES Funding Year SETTLEMENTS AND AWARDS RESERVE,,,2047,BANNER ORGANIZATION TOTALS,2047,0.0,0.0,ok,banner,,
LEGISLATIVE COUNSEL,2013,LEGISLATIVE COUNSEL,2048,BANNER NET PAYROLL,2048,0.0,0.0,banner_missing,banner,,
LEGISLATIVE COUNSEL,2013,LEGISLATIVE COUNSEL,2048,BANNER ORGANIZATION TOTALS,2048,0.0,0.0,ok,banner,,
LEGISLATIVE COUNSEL,2014,LEGISLATIVE COUNSEL,2049,BANNER NET PAYROLL,2049,0.0,0.0,banner_missing,banner,,
LEGISLATIVE COUNSEL,2014,LEGISLATIVE COUNSEL,2049,BANNER ORGANIZATION TOTALS,2049,0.0,0.0,ok,banner,,
LEGISLATIVE COUNSEL,2015,LEGISLATIVE COUNSEL,2050,TRAVEL AND TRANSPORTATION OF PERSONS,2051,276.8,276.8,ok,segment,,
LEGISLATIVE COUNSEL,2015,LEGISLATIVE COUNSEL,2050,OTHER PERSONNEL COMPENSATION,2051,545.4,0.0,component,payroll_component,,
LEGISLATIVE COUNSEL,2015,LEGISLATIVE COUNSEL,2050,PERSONNEL COMP. FULL-TIME PERMANENT,2051,2620505.34,0.0,component,payroll_component,,
LEGISLATIVE COUNSEL,2015,LEGISLATIVE COUNSEL,2050,PERSONNEL BENEFITS,2051,11596.4,0.0,component,payroll_component,,
LEGISLATIVE COUNSEL,2015,LEGISLATIVE COUNSEL,2050,NET PAYROLL EXPENSES,2051,2632647.14,2632647.14,ok,segment,,
LEGISLATIVE COUNSEL,2015,LEGISLATIVE COUNSEL,2050,BANNER NET PAYROLL,2050,2632647.14,2632647.14,ok,banner,,
LEGISLATIVE COUNSEL,2015,LEGISLATIVE COUNSEL,2050,BANNER ORGANIZATION TOTALS,2050,2652065.25,2632923.94,fail,banner,,
JOINT COMMITTEES ON INAUGURAL CEREMONIES,,JOINT COMMITTEE ON INAUGURAL CEREMONIES,2052,BANNER NET PAYROLL,2052,0.0,0.0,banner_missing,banner,,
JOINT COMMITTEES ON INAUGURAL CEREMONIES,,JOINT COMMITTEE ON INAUGURAL CEREMONIES,2052,BANNER ORGANIZATION TOTALS,2052,0.0,0.0,ok,banner,,
OFFICE OF CONGRESSIONAL ACCESSIBILITY SERVICES,2013,OFFICE OF CONGRESSIONAL ACCESSIBILITY SERVICES,2053,BANNER NET PAYROLL,2053,0.0,0.0,banner_missing,banner,,
OFFICE OF CONGRESSIONAL ACCESSIBILITY SERVICES,2013,OFFICE OF CONGRESSIONAL ACCESSIBILITY SERVICES,2053,BANNER ORGANIZATION TOTALS,2053,0.0,0.0,ok,banner,,
OFFICE OF CONGRESSIONAL ACCESSIBILITY SERVICES,2014,OFFICE OF CONGRESSIONAL ACCESSIBILITY SERVICES,2054,BANNER NET PAYROLL,2054,0.0,0.0,banner_missing,banner,,
OFFICE OF CONGRESSIONAL ACCESSIBILITY SERVICES,2014,OFFICE OF CONGRESSIONAL ACCESSIBILITY SERVICES,2054,BANNER ORGANIZATION TOTALS,2054,0.0,0.0,ok,banner,,
OFFICE OF CONGRESSIONAL ACCESSIBILITY SERVICES,2015,OFFICE OF CONGRESSIONAL ACCESSIBILITY SERVICES,2055,TRAVEL AND TRANSPORTATION OF PERSONS,2055,1094.04,1094.04,ok,segment,,
OFFICE OF CONGRESSIONAL ACCESSIBILITY SERVICES,2015,OFFICE OF CONGRESSIONAL ACCESSIBILITY SERVICES,2055,OTHER CONTRACTUAL SERVICES,2056,19937.0,19937.0,ok,segment,,
OFFICE OF CONGRESSIONAL ACCESSIBILITY SERVICES,2015,OFFICE OF CONGRESSIONAL ACCESSIBILITY SERVICES,2055,ACQUISITION OF ASSETS,2056,602.52,602.52,ok,segment,,
OFFICE OF CONGRESSIONAL ACCESSIBILITY SERVICES,2015,OFFICE OF CONGRESSIONAL ACCESSIBILITY SERVICES,2055,PERSONNEL COMP. FULL-TIME PERMANENT,2056,254339.64,0.0,component,payroll_component,,
OFFICE OF CONGRESSIONAL ACCESSIBILITY SERVICES,2015,OFFICE OF CONGRESSIONAL ACCESSIBILITY SERVICES,2055,PERSONNEL BENEFITS,2056,100347.1,0.0,component,payroll_component,,
OFFICE OF CONGRESSIONAL ACCESSIBILITY SERVICES,2015,OFFICE OF CONGRESSIONAL ACCESSIBILITY SERVICES,2055,NET PAYROLL EXPENSES,2056,354686.74,354686.74,ok,segment,,
OFFICE OF CONGRESSIONAL ACCESSIBILITY SERVICES,2015,OFFICE OF CONGRESSIONAL ACCESSIBILITY SERVICES,2055,BANNER NET PAYROLL,2055,354686.74,354686.74,ok,banner,,
OFFICE OF CONGRESSIONAL ACCESSIBILITY SERVICES,2015,OFFICE OF CONGRESSIONAL ACCESSIBILITY SERVICES,2055,BANNER ORGANIZATION TOTALS,2055,376921.3,376320.3,fail,banner,,
OFFICE OF CONGRESSIONAL ACCESSIBILITY SERVICES Funding Year OFFICE OF CONGRESSIONAL ACCESSIBILITY SERVICES,,,2057,BANNER NET PAYROLL,2057,,0.0,banner_missing,banner,,
OFFICE OF CONGRESSIONAL ACCESSIBILITY SERVICES Funding Year OFFICE OF CONGRESSIONAL ACCESSIBILITY SERVICES,,,2057,BANNER ORGANIZATION TOTALS,2057,0.0,0.0,ok,banner,,
COMPUTER CENTER REVOLVING FUND Funding Year SENATE COMPUTER CENTER REVOLVING FUND,,,2058,BANNER NET PAYROLL,2058,,0.0,banner_missing,banner,,
COMPUTER CENTER REVOLVING FUND Funding Year SENATE COMPUTER CENTER REVOLVING FUND,,,2058,BANNER ORGANIZATION TOTALS,2058,0.0,0.0,ok,banner,,
HEALTH & PROMOTION Funding Year SENATE HEALTH PROMOTION REVOLVING FUND,,,2059,OTHER CONTRACTUAL SERVICES,2059,8604.0,8604.0,ok,segment,,
HEALTH & PROMOTION Funding Year SENATE HEALTH PROMOTION REVOLVING FUND,,,2059,BANNER NET PAYROLL,2059,,0.0,banner_missing,banner,,
HEALTH & PROMOTION Funding Year SENATE HEALTH PROMOTION REVOLVING FUND,,,2059,BANNER ORGANIZATION TOTALS,2059,3072.0,8604.0,fail,banner,,
PUBLIC RECORDS Funding Year SENATE OFFICE OF PUBLIC RECORDS REVOLVING FUND,,,2060,BANNER NET PAYROLL,2060,,0.0,banner_missing,banner,,
PUBLIC RECORDS Funding Year SENATE OFFICE OF PUBLIC RECORDS REVOLVING FUND,,,2060,BANNER ORGANIZATION TOTALS,2060,3133.6,0.0,fail,banner,,
GIFT SHOP Funding Year SENATE GIFT SHOP REVOLVING FUND,,,2061,BANNER NET PAYROLL,2061,,0.0,banner_missing,banner,,
GIFT SHOP Funding Year SENATE GIFT SHOP REVOLVING FUND,,,2061,BANNER ORGANIZATION TOTALS,2061,265179.82,0.0,fail,banner,,
PHOTOGRAPHIC STUDIO Funding Year SENATE PHOTOGRAPHIC STUDIO REVOLVING FUND,,,2062,OTHER CONTRACTUAL SERVICES,2062,6481.19,6481.19,ok,segment,,
PHOTOGRAPHIC STUDIO Funding Year SENATE PHOTOGRAPHIC STUDIO REVOLVING FUND,,,2062,ACQUISITION OF ASSETS,2062,71482.16,71482.16,ok,segment,,
PHOTOGRAPHIC STUDIO Funding Year SENATE PHOTOGRAPHIC STUDIO REVOLVING FUND,,,2062,BANNER NET PAYROLL,2062,0.0,0.0,banner_missing,banner,,
PHOTOGRAPHIC STUDIO Funding Year SENATE PHOTOGRAPHIC STUDIO REVOLVING FUND,,,2062,BANNER ORGANIZATION TOTALS,2062,24890.7,77963.35,fail,banner,,
RECORDING STUDIO Funding Year SENATE RECORDING STUDIO REVOLVING FUND,,,2063,ACQUISITION OF ASSETS,2063,4556.51,4556.51,ok,segment,,
RECORDING STUDIO Funding Year SENATE RECORDING STUDIO REVOLVING FUND,,,2063,BANNER NET PAYROLL,2063,,0.0,banner_missing,banner,,
RECORDING STUDIO Funding Year SENATE RECORDING STUDIO REVOLVING FUND,,,2063,BANNER ORGANIZATION TOTALS,2063,45802.41,4556.51,fail,banner,,
DANIEL WEBSTER SENATE PAGE RESIDENCE Funding Year DANIEL WEBSTER SENATE PAGE RESIDENCE REVOLVING FUND,,,2064,OTHER CONTRACTUAL SERVICES,2064,27541.55,27541.55,ok,segment,,
DANIEL WEBSTER SENATE PAGE RESIDENCE Funding Year DANIEL WEBSTER SENATE PAGE RESIDENCE REVOLVING FUND,,,2064,ACQUISITION OF ASSETS,2065,265.48,265.48,ok,segment,,
DANIEL WEBSTER SENATE PAGE RESIDENCE Funding Year DANIEL WEBSTER SENATE PAGE RESIDENCE REVOLVING FUND,,,2064,BANNER NET PAYROLL,2064,0.0,0.0,banner_missing,banner,,
DANIEL WEBSTER SENATE PAGE RESIDENCE Funding Year DANIEL WEBSTER SENATE PAGE RESIDENCE REVOLVING FUND,,,2064,BANNER ORGANIZATION TOTALS,2064,6433.45,27807.03,fail,banner,,
SENATE HAIR CARE Funding Year SENATE HAIR CARE SERVICES REVOLVING FUND,,,2066,PERSONNEL COMP. FULL-TIME PERMANENT,2066,48681.42,0.0,component,payroll_component,,
SENATE HAIR CARE Funding Year SENATE HAIR CARE SERVICES REVOLVING FUND,,,2066,NET PAYROLL EXPENSES,2066,48681.42,48681.42,ok,segment,,
SENATE HAIR CARE Funding Year SENATE HAIR CARE SERVICES REVOLVING FUND,,,2066,BANNER NET PAYROLL,2066,48681.42,48681.42,ok,banner,,
SENATE HAIR CARE Funding Year SENATE HAIR CARE SERVICES REVOLVING FUND,,,2066,BANNER ORGANIZATION TOTALS,2066,11454.02,48681.42,fail,banner,,
"AGRICULTURE, NUTRITION & FORESTRY AGRICULTURE, NUTR & FOR S.RES.81D(112TH) EXPENSES OF INQUIRIES AND INVESTIGATIONS",,,2067,BANNER NET PAYROLL,2067,0.0,0.0,banner_missing,banner,,
"AGRICULTURE, NUTRITION & FORESTRY AGRICULTURE, NUTR & FOR S.RES.81D(112TH) EXPENSES OF INQUIRIES AND INVESTIGATIONS",,,2067,BANNER ORGANIZATION TOTALS,2067,0.0,0.0,ok,banner,,
"AGRICULTURE, NUTRITION & FORESTRY AGRICULTURE, NUTR & FOR S.RES.64B(113TH) EXPENSES OF INQUIRIES AND INVESTIGATIONS",,,2068,BANNER NET PAYROLL,2068,0.0,0.0,banner_missing,banner,,
"AGRICULTURE, NUTRITION & FORESTRY AGRICULTURE, NUTR & FOR S.RES.64B(113TH) EXPENSES OF INQUIRIES AND INVESTIGATIONS",,,2068,BANNER ORGANIZATION TOTALS,2068,0.0,0.0,ok,banner,,
"AGRICULTURE, NUTRITION & FORESTRY AGRICULTURE, NUTR & FOR S.RES.253B(113TH) EXPENSES OF INQUIRIES AND INVESTIGATIONS",,,2069,BANNER NET PAYROLL,2069,0.0,0.0,banner_missing,banner,,
"AGRICULTURE, NUTRITION & FORESTRY AGRICULTURE, NUTR & FOR S.RES.253B(113TH) EXPENSES OF INQUIRIES AND INVESTIGATIONS",,,2069,BANNER ORGANIZATION TOTALS,2069,45.0,0.0,fail,banner,,
"AGRICULTURE, NUTRITION & FORESTRY AGRICULTURE, NUTR & FOR S.RES.253C(113TH) EXPENSES OF INQUIRIES AND INVESTIGATIONS",,,2070,TRAVEL AND TRANSPORTATION OF PERSONS,2070,1602.49,1602.49,ok,segment,,
"AGRICULTURE, NUTRITION & FORESTRY AGRICULTURE, NUTR & FOR S.RES.253C(113TH) EXPENSES OF INQUIRIES AND INVESTIGATIONS",,,2070,OTHER CONTRACTUAL SERVICES,2070,9000.0,9000.0,ok,segment,,
"AGRICULTURE, NUTRITION & FORESTRY AGRICULTURE, NUTR & FOR S.RES.253C(113TH) EXPENSES OF INQUIRIES AND INVESTIGATIONS",,,2070,ACQUISITION OF ASSETS,2071,14375.55,14375.55,ok,segment,,
"AGRICULTURE, NUTRITION & FORESTRY AGRICULTURE, NUTR & FOR S.RES.253C(113TH) EXPENSES OF INQUIRIES AND INVESTIGATIONS",,,2070,PERSONNEL BENEFITS,2071,122.37,0.0,component,payroll_component,,
"AGRICULTURE, NUTRITION & FORESTRY AGRICULTURE, NUTR & FOR S.RES.253C(113TH) EXPENSES OF INQUIRIES AND INVESTIGATIONS",,,2070,NET PAYROLL EXPENSES,2071,122.37,122.37,ok,segment,,
"AGRICULTURE, NUTRITION & FORESTRY AGRICULTURE, NUTR & FOR S.RES.253C(113TH) EXPENSES OF INQUIRIES AND INVESTIGATIONS",,,2070,BANNER NET PAYROLL,2070,122.37,122.37,ok,banner,,
"AGRICULTURE, NUTRITION & FORESTRY AGRICULTURE, NUTR & FOR S.RES.253C(113TH) EXPENSES OF INQUIRIES AND INVESTIGATIONS",,,2070,BANNER ORGANIZATION TOTALS,2070,25345.41,25100.41,fail,banner,,
"AGRICULTURE, NUTRITION & FORESTRY AGRICULTURE, NUTR & FOR S.RES.73B(114TH) EXPENSES OF INQUIRIES AND INVESTIGATIONS",,,2072,TRAVEL AND TRANSPORTATION OF PERSONS,2079,52098.84,52098.84,ok,segment,,
"AGRICULTURE, NUTRITION & FORESTRY AGRICULTURE, NUTR & FOR S.RES.73B(114TH) EXPENSES OF INQUIRIES AND INVESTIGATIONS",,,2072,OTHER CONTRACTUAL SERVICES,2080,7478.09,7478.09,ok,segment,,
"AGRICULTURE, NUTRITION & FORESTRY AGRICULTURE, NUTR & FOR S.RES.73B(114TH) EXPENSES OF INQUIRIES AND INVESTIGATIONS",,,2072,ACQUISITION OF ASSETS,2080,454.23,454.23,ok,segment,,
"AGRICULTURE, NUTRITION & FORESTRY AGRICULTURE, NUTR & FOR S.RES.73B(114TH) EXPENSES OF INQUIRIES AND INVESTIGATIONS",,,2072,OTHER PERSONNEL COMPENSATION,2080,25.25,0.0,component,payroll_component,,
"AGRICULTURE, NUTRITION & FORESTRY AGRICULTURE, NUTR & FOR S.RES.73B(114TH) EXPENSES OF INQUIRIES AND INVESTIGATIONS",,,2072,PERSONNEL COMP. FULL-TIME PERMANENT,2080,2007912.14,0.0,component,payroll_component,,
"AGRICULTURE, NUTRITION & FORESTRY AGRICULTURE, NUTR & FOR S.RES.73B(114TH) EXPENSES OF INQUIRIES AND INVESTIGATIONS",,,2072,PERSONNEL BENEFITS,2080,8304.6,0.0,component,payroll_component,,
"AGRICULTURE, NUTRITION & FORESTRY AGRICULTURE, NUTR & FOR S.RES.73B(114TH) EXPENSES OF INQUIRIES AND INVESTIGATIONS",,,2072,NET PAYROLL EXPENSES,2080,2016241.99,2016241.99,ok,segment,,
"AGRICULTURE, NUTRITION & FORESTRY AGRICULTURE, NUTR & FOR S.RES.73B(114TH) EXPENSES OF INQUIRIES AND INVESTIGATIONS",,,2072,BANNER NET PAYROLL,2072,2016241.99,2016241.99,ok,banner,,
"AGRICULTURE, NUTRITION & FORESTRY AGRICULTURE, NUTR & FOR S.RES.73B(114TH) EXPENSES OF INQUIRIES AND INVESTIGATIONS",,,2072,BANNER ORGANIZATION TOTALS,2072,2087985.32,2076273.15,fail,banner,,
ARMED SERVICES ARMED SERVICES - S.RES. 81D (112TH) EXPENSES OF INQUIRIES AND INVESTIGATIONS,,,2081,BANNER NET PAYROLL,2081,0.0,0.0,banner_missing,banner,,
ARMED SERVICES ARMED SERVICES - S.RES. 81D (112TH) EXPENSES OF INQUIRIES AND INVESTIGATIONS,,,2081,BANNER ORGANIZATION TOTALS,2081,0.0,0.0,ok,banner,,
ARMED SERVICES ARMED SERVICES - S.RES. 64B (113TH) EXPENSES OF INQUIRIES AND INVESTIGATIONS,,,2082,BANNER NET PAYROLL,2082,0.0,0.0,banner_missing,banner,,
ARMED SERVICES ARMED SERVICES - S.RES. 64B (113TH) EXPENSES OF INQUIRIES AND INVESTIGATIONS,,,2082,BANNER ORGANIZATION TOTALS,2082,0.0,0.0,ok,banner,,
ARMED SERVICES ARMED SERVICES - S.RES. 253B (113TH) EXPENSES OF INQUIRIES AND INVESTIGATIONS,,,2083,BANNER NET PAYROLL,2083,0.0,0.0,banner_missing,banner,,
ARMED SERVICES ARMED SERVICES - S.RES. 253B (113TH) EXPENSES OF INQUIRIES AND INVESTIGATIONS,,,2083,BANNER ORGANIZATION TOTALS,2083,0.0,0.0,ok,banner,,
ARMED SERVICES ARMED SERVICES - S.RES. 253C (113TH) EXPENSES OF INQUIRIES AND INVESTIGATIONS,,,2084,OTHER CONTRACTUAL SERVICES,2084,715.0,715.0,ok,segment,,
ARMED SERVICES ARMED SERVICES - S.RES. 253C (113TH) EXPENSES OF INQUIRIES AND INVESTIGATIONS,,,2084,BANNER NET PAYROLL,2084,0.0,0.0,banner_missing,banner,,
ARMED SERVICES ARMED SERVICES - S.RES. 253C (113TH) EXPENSES OF INQUIRIES AND INVESTIGATIONS,,,2084,BANNER ORGANIZATION TOTALS,2084,715.0,715.0,ok,banner,,
ARMED SERVICES ARMED SERVICES - S.RES. 73B (114TH) EXPENSES OF INQUIRIES AND INVESTIGATIONS,,,2085,OTHER CONTRACTUAL SERVICES,2087,32465.9,32465.9,ok,segment,,
ARMED SERVICES ARMED SERVICES - S.RES. 73B (114TH) EXPENSES OF INQUIRIES AND INVESTIGATIONS,,,2085,ACQUISITION OF ASSETS,2087,36126.8,36126.8,ok,segment,,
ARMED SERVICES ARMED SERVICES - S.RES. 73B (114TH) EXPENSES OF INQUIRIES AND INVESTIGATIONS,,,2085,OTHER PERSONNEL COMPENSATION,2087,1915.82,0.0,component,payroll_component,,
ARMED SERVICES ARMED SERVICES - S.RES. 73B (114TH) EXPENSES OF INQUIRIES AND INVESTIGATIONS,,,2085,PERSONNEL COMP. FULL-TIME PERMANENT,2087,3065864.32,0.0,component,payroll_component,,
ARMED SERVICES ARMED SERVICES - S.RES. 73B (114TH) EXPENSES OF INQUIRIES AND INVESTIGATIONS,,,2085,PERSONNEL BENEFITS,2087,7189.65,0.0,component,payroll_component,,
ARMED SERVICES ARMED SERVICES - S.RES. 73B (114TH) EXPENSES OF INQUIRIES AND INVESTIGATIONS,,,2085,NET PAYROLL EXPENSES,2087,3074969.79,3074969.79,ok,segment,,
ARMED SERVICES ARMED SERVICES - S.RES. 73B (114TH) EXPENSES OF INQUIRIES AND INVESTIGATIONS,,,2085,BANNER NET PAYROLL,2085,3074969.79,3074969.79,ok,banner,,
ARMED SERVICES ARMED SERVICES - S.RES. 73B (114TH) EXPENSES OF INQUIRIES AND INVESTIGATIONS,,,2085,BANNER ORGANIZATION TOTALS,2085,3181662.32,3143562.49,fail,banner,,
"BANKING, HOUSING & URBAN AFFAIRS BANKING, HOUSING &URBDEV S.RES. 81D (112TH) EXPENSES OF INQUIRIES AND INVESTIGATIONS",,,2088,BANNER NET PAYROLL,2088,0.0,0.0,banner_missing,banner,,
"BANKING, HOUSING & URBAN AFFAIRS BANKING, HOUSING &URBDEV S.RES. 81D (112TH) EXPENSES OF INQUIRIES AND INVESTIGATIONS",,,2088,BANNER ORGANIZATION TOTALS,2088,0.0,0.0,ok,banner,,
"BANKING, HOUSING & URBAN AFFAIRS BANKING, HOUSING &URBDEV S.RES. 64B (113TH) EXPENSES OF INQUIRIES AND INVESTIGATIONS",,,2089,BANNER NET PAYROLL,2089,0.0,0.0,banner_missing,banner,,
"BANKING, HOUSING & URBAN AFFAIRS BANKING, HOUSING &URBDEV S.RES. 64B (113TH) EXPENSES OF INQUIRIES AND INVESTIGATIONS",,,2089,BANNER ORGANIZATION TOTALS,2089,0.0,0.0,ok,banner,,
"BANKING, HOUSING & URBAN AFFAIRS BANKING, HOUSING &URBDEV S.RES. 253B (113TH) EXPENSES OF INQUIRIES AND INVESTIGATIONS",,,2090,PERSONNEL BENEFITS,2090,1216.0,0.0,component,payroll_component,,
"BANKING, HOUSING & URBAN AFFAIRS BANKING, HOUSING &URBDEV S.RES. 253B (113TH) EXPENSES OF INQUIRIES AND INVESTIGATIONS",,,2090,NET PAYROLL EXPENSES,2090,1216.0,1216.0,ok,segment,,
"BANKING, HOUSING & URBAN AFFAIRS BANKING, HOUSING &URBDEV S.RES. 253B (113TH) EXPENSES OF INQUIRIES AND INVESTIGATIONS",,,2090,BANNER NET PAYROLL,2090,1216.0,1216.0,ok,banner,,
"BANKING, HOUSING & URBAN AFFAIRS BANKING, HOUSING &URBDEV S.RES. 253B (113TH) EXPENSES OF INQUIRIES AND INVESTIGATIONS",,,2090,BANNER ORGANIZATION TOTALS,2090,1216.0,1216.0,ok,banner,,
"BANKING, HOUSING & URBAN AFFAIRS BANKING, HOUSING &URBDEV S.RES. 253C (113TH) EXPENSES OF INQUIRIES AND INVESTIGATIONS",,,2091,TRAVEL AND TRANSPORTATION OF PERSONS,2091,40.69,40.69,ok,segment,,
"BANKING, HOUSING & URBAN AFFAIRS BANKING, HOUSING &URBDEV S.RES. 253C (113TH) EXPENSES OF INQUIRIES AND INVESTIGATIONS",,,2091,ACQUISITION OF ASSETS,2091,7163.07,7163.07,ok,segment,,
"BANKING, HOUSING & URBAN AFFAIRS BANKING, HOUSING &URBDEV S.RES. 253C (113TH) EXPENSES OF INQUIRIES AND INVESTIGATIONS",,,2091,PERSONNEL BENEFITS,2091,795.5,0.0,component,payroll_component,,
"BANKING, HOUSING & URBAN AFFAIRS BANKING, HOUSING &URBDEV S.RES. 253C (113TH) EXPENSES OF INQUIRIES AND INVESTIGATIONS",,,2091,NET PAYROLL EXPENSES,2091,795.5,795.5,ok,segment,,
"BANKING, HOUSING & URBAN AFFAIRS BANKING, HOUSING &URBDEV S.RES. 253C (113TH) EXPENSES OF INQUIRIES AND INVESTIGATIONS",,,2091,BANNER NET PAYROLL,2091,795.5,795.5,ok,banner,,
"BANKING, HOUSING & URBAN AFFAIRS BANKING, HOUSING &URBDEV S.RES. 253C (113TH) EXPENSES OF INQUIRIES AND INVESTIGATIONS",,,2091,BANNER ORGANIZATION TOTALS,2091,11116.61,7999.26,fail,banner,,
"BANKING, HOUSING & URBAN AFFAIRS BANKING, HOUSING &URBDEV S.RES. 73B (114TH) EXPENSES OF INQUIRIES AND INVESTIGATIONS",,,2092,TRAVEL AND TRANSPORTATION OF PERSONS,2094,1953.02,1953.02,ok,segment,,
"BANKING, HOUSING & URBAN AFFAIRS BANKING, HOUSING &URBDEV S.RES. 73B (114TH) EXPENSES OF INQUIRIES AND INVESTIGATIONS",,,2092,OTHER CONTRACTUAL SERVICES,2095,14924.85,14924.85,ok,segment,,
"BANKING, HOUSING & URBAN AFFAIRS BANKING, HOUSING &URBDEV S.RES. 73B (114TH) EXPENSES OF INQUIRIES AND INVESTIGATIONS",,,2092,ACQUISITION OF ASSETS,2095,1135.92,1135.92,ok,segment,,
"BANKING, HOUSING & URBAN AFFAIRS BANKING, HOUSING &URBDEV S.RES. 73B (114TH) EXPENSES OF INQUIRIES AND INVESTIGATIONS",,,2092,PERSONNEL COMP. FULL-TIME PERMANENT,2095,2478489.86,0.0,component,payroll_component,,
"BANKING, HOUSING & URBAN AFFAIRS BANKING, HOUSING &URBDEV S.RES. 73B (114TH) EXPENSES OF INQUIRIES AND INVESTIGATIONS",,,2092,PERSONNEL BENEFITS,2095,7149.05,0.0,component,payroll_component,,
"BANKING, HOUSING & URBAN AFFAIRS BANKING, HOUSING &URBDEV S.RES. 73B (114TH) EXPENSES OF INQUIRIES AND INVESTIGATIONS",,,2092,NET PAYROLL EXPENSES,2095,2485638.91,2485638.91,ok,segment,,
"BANKING, HOUSING & URBAN AFFAIRS BANKING, HOUSING &URBDEV S.RES. 73B (114TH) EXPENSES OF INQUIRIES AND INVESTIGATIONS",,,2092,BANNER NET PAYROLL,2092,2485638.91,2485638.91,ok,banner,,
"BANKING, HOUSING & URBAN AFFAIRS BANKING, HOUSING &URBDEV S.RES. 73B (114TH) EXPENSES OF INQUIRIES AND INVESTIGATIONS",,,2092,BANNER ORGANIZATION TOTALS,2092,2544773.16,2503652.7,fail,banner,,
BUDGET BUDGET - S.RES. 81D (112TH) EXPENSES OF INQUIRIES AND INVESTIGATIONS,,,2096,BANNER NET PAYROLL,2096,0.0,0.0,banner_missing,banner,,
BUDGET BUDGET - S.RES. 81D (112TH) EXPENSES OF INQUIRIES AND INVESTIGATIONS,,,2096,BANNER ORGANIZATION TOTALS,2096,0.0,0.0,ok,banner,,
BUDGET BUDGET - S.RES. 64B (113TH) EXPENSES OF INQUIRIES AND INVESTIGATIONS,,,2097,BANNER NET PAYROLL,2097,0.0,0.0,banner_missing,banner,,
BUDGET BUDGET - S.RES. 64B (113TH) EXPENSES OF INQUIRIES AND INVESTIGATIONS,,,2097,BANNER ORGANIZATION TOTALS,2097,0.0,0.0,ok,banner,,
BUDGET BUDGET - S.RES. 253B (113TH) EXPENSES OF INQUIRIES AND INVESTIGATIONS,,,2098,BANNER NET PAYROLL,2098,0.0,0.0,banner_missing,banner,,
BUDGET BUDGET - S.RES. 253B (113TH) EXPENSES OF INQUIRIES AND INVESTIGATIONS,,,2098,BANNER ORGANIZATION TOTALS,2098,1200.0,0.0,fail,banner,,
BUDGET BUDGET - S.RES. 253C (113TH) EXPENSES OF INQUIRIES AND INVESTIGATIONS,,,2099,PERSONNEL BENEFITS,2099,250.0,0.0,component,payroll_component,,
BUDGET BUDGET - S.RES. 253C (113TH) EXPENSES OF INQUIRIES AND INVESTIGATIONS,,,2099,NET PAYROLL EXPENSES,2099,250.0,250.0,ok,segment,,
BUDGET BUDGET - S.RES. 253C (113TH) EXPENSES OF INQUIRIES AND INVESTIGATIONS,,,2099,(after final subtotal),2099,,-0.0,unchecked,trailing,,
BUDGET BUDGET - S.RES. 253C (113TH) EXPENSES OF INQUIRIES AND INVESTIGATIONS,,,2099,BANNER NET PAYROLL,2099,250.0,250.0,ok,banner,,
BUDGET BUDGET - S.RES. 253C (113TH) EXPENSES OF INQUIRIES AND INVESTIGATIONS,,,2099,BANNER ORGANIZATION TOTALS,2099,16707.83,250.0,fail,banner,,
BUDGET BUDGET - S.RES. 73B (114TH) EXPENSES OF INQUIRIES AND INVESTIGATIONS,,,2100,TRAVEL AND TRANSPORTATION OF PERSONS,2102,3745.75,3745.75,ok,segment,,
BUDGET BUDGET - S.RES. 73B (114TH) EXPENSES OF INQUIRIES AND INVESTIGATIONS,,,2100,OTHER CONTRACTUAL SERVICES,2102,8109.8,8109.8,ok,segment,,
BUDGET BUDGET - S.RES. 73B (114TH) EXPENSES OF INQUIRIES AND INVESTIGATIONS,,,2100,ACQUISITION OF ASSETS,2102,21.96,21.96,ok,segment,,
BUDGET BUDGET - S.RES. 73B (114TH) EXPENSES OF INQUIRIES AND INVESTIGATIONS,,,2100,OTHER PERSONNEL COMPENSATION,2102,555.4,0.0,component,payroll_component,,
BUDGET BUDGET - S.RES. 73B (114TH) EXPENSES OF INQUIRIES AND INVESTIGATIONS,,,2100,PERSONNEL COMP. FULL-TIME PERMANENT,2102,2405364.52,0.0,component,payroll_component,,
BUDGET BUDGET - S.RES. 73B (114TH) EXPENSES OF INQUIRIES AND INVESTIGATIONS,,,2100,PERSONNEL BENEFITS,2102,10687.9,0.0,component,payroll_component,,
BUDGET BUDGET - S.RES. 73B (114TH) EXPENSES OF INQUIRIES AND INVESTIGATIONS,,,2100,NET PAYROLL EXPENSES,2102,2416607.82,2416607.82,ok,segment,,
BUDGET BUDGET - S.RES. 73B (114TH) EXPENSES OF INQUIRIES AND INVESTIGATIONS,,,2100,BANNER NET PAYROLL,2100,2416607.82,2416607.82,ok,banner,,
BUDGET BUDGET - S.RES. 73B (114TH) EXPENSES OF INQUIRIES AND INVESTIGATIONS,,,2100,BANNER ORGANIZATION TOTALS,2100,2482838.4,2428485.33,fail,banner,,
"COMMERCE, SCIENCE & TRANSPORTATION COMMERCE, SCI & TRANS S.RES. 81D (112TH) EXPENSES OF INQUIRIES AND INVESTIGATIONS",,,2103,BANNER NET PAYROLL,2103,0.0,0.0,banner_missing,banner,,
"COMMERCE, SCIENCE & TRANSPORTATION COMMERCE, SCI & TRANS S.RES. 81D (112TH) EXPENSES OF INQUIRIES AND INVESTIGATIONS",,,2103,BANNER ORGANIZATION TOTALS,2103,0.0,0.0,ok,banner,,
"COMMERCE, SCIENCE & TRANSPORTATION COMMERCE, SCI & TRANS S.RES. 64B (113TH) EXPENSES OF INQUIRIES AND INVESTIGATIONS",,,2104,BANNER NET PAYROLL,2104,0.0,0.0,banner_missing,banner,,
"COMMERCE, SCIENCE & TRANSPORTATION COMMERCE, SCI & TRANS S.RES. 64B (113TH) EXPENSES OF INQUIRIES AND INVESTIGATIONS",,,2104,BANNER ORGANIZATION TOTALS,2104,0.0,0.0,ok,banner,,
"COMMERCE, SCIENCE & TRANSPORTATION COMMERCE, SCI & TRANS S.RES. 253B (113TH) EXPENSES OF INQUIRIES AND INVESTIGATIONS",,,2105,TRAVEL AND TRANSPORTATION OF PERSONS,2105,253.56,253.56,ok,segment,,
"COMMERCE, SCIENCE & TRANSPORTATION COMMERCE, SCI & TRANS S.RES. 253B (113TH) EXPENSES OF INQUIRIES AND INVESTIGATIONS",,,2105,PERSONNEL BENEFITS,2105,1182.6,0.0,component,payroll_component,,
"COMMERCE, SCIENCE & TRANSPORTATION COMMERCE, SCI & TRANS S.RES. 253B (113TH) EXPENSES OF INQUIRIES AND INVESTIGATIONS",,,2105,NET PAYROLL EXPENSES,2105,1182.6,1182.6,ok,segment,,
"COMMERCE, SCIENCE & TRANSPORTATION COMMERCE, SCI & TRANS S.RES. 253B (113TH) EXPENSES OF INQUIRIES AND INVESTIGATIONS",,,2105,BANNER NET PAYROLL,2105,1182.6,1182.6,ok,banner,,
"COMMERCE, SCIENCE & TRANSPORTATION COMMERCE, SCI & TRANS S.RES. 253B (113TH) EXPENSES OF INQUIRIES AND INVESTIGATIONS",,,2105,BANNER ORGANIZATION TOTALS,2105,1436.16,1436.16,ok,banner,,
"COMMERCE, SCIENCE & TRANSPORTATION COMMERCE, SCI & TRANS S.RES. 253C (113TH) EXPENSES OF INQUIRIES AND INVESTIGATIONS",,,2106,TRAVEL AND TRANSPORTATION OF PERSONS,2107,2234.7,2234.7,ok,segment,,
"COMMERCE, SCIENCE & TRANSPORTATION COMMERCE, SCI & TRANS S.RES. 253C (113TH) EXPENSES OF INQUIRIES AND INVESTIGATIONS",,,2106,OTHER CONTRACTUAL SERVICES,2107,2350.0,2350.0,ok,segment,,
"COMMERCE, SCIENCE & TRANSPORTATION COMMERCE, SCI & TRANS S.RES. 253C (113TH) EXPENSES OF INQUIRIES AND INVESTIGATIONS",,,2106,ACQUISITION OF ASSETS,2107,853.79,853.79,ok,segment,,
"COMMERCE, SCIENCE & TRANSPORTATION COMMERCE, SCI & TRANS S.RES. 253C (113TH) EXPENSES OF INQUIRIES AND INVESTIGATIONS",,,2106,PERSONNEL BENEFITS,2107,2760.3,0.0,component,payroll_component,,
"COMMERCE, SCIENCE & TRANSPORTATION COMMERCE, SCI & TRANS S.RES. 253C (113TH) EXPENSES OF INQUIRIES AND INVESTIGATIONS",,,2106,NET PAYROLL EXPENSES,2107,2760.3,2760.3,ok,segment,,
"COMMERCE, SCIENCE & TRANSPORTATION COMMERCE, SCI & TRANS S.RES. 253C (113TH) EXPENSES OF INQUIRIES AND INVESTIGATIONS",,,2106,BANNER NET PAYROLL,2106,2760.3,2760.3,ok,banner,,
"COMMERCE, SCIENCE & TRANSPORTATION COMMERCE, SCI & TRANS S.RES. 253C (113TH) EXPENSES OF INQUIRIES AND INVESTIGATIONS",,,2106,BANNER ORGANIZATION TOTALS,2106,22835.06,8198.79,fail,banner,,
"COMMERCE, SCIENCE & TRANSPORTATION COMMERCE, SCI & TRANS S.RES. 73B (114TH) EXPENSES OF INQUIRIES AND INVESTIGATIONS",,,2108,TRAVEL AND TRANSPORTATION OF PERSONS,2111,14130.9,14130.9,ok,segment,,
"COMMERCE, SCIENCE & TRANSPORTATION COMMERCE, SCI & TRANS S.RES. 73B (114TH) EXPENSES OF INQUIRIES AND INVESTIGATIONS",,,2108,OTHER CONTRACTUAL SERVICES,2112,21379.25,21379.25,ok,segment,,
"COMMERCE, SCIENCE & TRANSPORTATION COMMERCE, SCI & TRANS S.RES. 73B (114TH) EXPENSES OF INQUIRIES AND INVESTIGATIONS",,,2108,ACQUISITION OF ASSETS,2112,457.51,457.51,ok,segment,,
"COMMERCE, SCIENCE & TRANSPORTATION COMMERCE, SCI & TRANS S.RES. 73B (114TH) EXPENSES OF INQUIRIES AND INVESTIGATIONS",,,2108,PERSONNEL COMP. FULL-TIME PERMANENT,2112,3197313.57,0.0,component,payroll_component,,
"COMMERCE, SCIENCE & TRANSPORTATION COMMERCE, SCI & TRANS S.RES. 73B (114TH) EXPENSES OF INQUIRIES AND INVESTIGATIONS",,,2108,PERSONNEL BENEFITS,2112,9099.8,0.0,component,payroll_component,,
"COMMERCE, SCIENCE & TRANSPORTATION COMMERCE, SCI & TRANS S.RES. 73B (114TH) EXPENSES OF INQUIRIES AND INVESTIGATIONS",,,2108,NET PAYROLL EXPENSES,2112,3206413.37,3206413.37,ok,segment,,
"COMMERCE, SCIENCE & TRANSPORTATION COMMERCE, SCI & TRANS S.RES. 73B (114TH) EXPENSES OF INQUIRIES AND INVESTIGATIONS",,,2108,BANNER NET PAYROLL,2108,3206413.37,3206413.37,ok,banner,,
"COMMERCE, SCIENCE & TRANSPORTATION COMMERCE, SCI & TRANS S.RES. 73B (114TH) EXPENSES OF INQUIRIES AND INVESTIGATIONS",,,2108,BANNER ORGANIZATION TOTALS,2108,3277459.58,3242381.03,fail,banner,,
ENERGY & NATURAL RESOURCES ENERGY & NATURAL S.RES. 81D (112TH) EXPENSES OF INQUIRIES AND INVESTIGATIONS,,,2113,BANNER NET PAYROLL,2113,0.0,0.0,banner_missing,banner,,
ENERGY & NATURAL RESOURCES ENERGY & NATURAL S.RES. 81D (112TH) EXPENSES OF INQUIRIES AND INVESTIGATIONS,,,2113,BANNER ORGANIZATION TOTALS,2113,0.0,0.0,ok,banner,,
ENERGY & NATURAL RESOURCES ENERGY & NATURAL S.RES. 64B (113TH) EXPENSES OF INQUIRIES AND INVESTIGATIONS,,,2114,BANNER NET PAYROLL,2114,0.0,0.0,banner_missing,banner,,
ENERGY & NATURAL RESOURCES ENERGY & NATURAL S.RES. 64B (113TH) EXPENSES OF INQUIRIES AND INVESTIGATIONS,,,2114,BANNER ORGANIZATION TOTALS,2114,0.0,0.0,ok,banner,,
ENERGY & NATURAL RESOURCES ENERGY & NATURAL S.RES. 253B (113TH) EXPENSES OF INQUIRIES AND INVESTIGATIONS,,,2115,TRAVEL AND TRANSPORTATION OF PERSONS,2115,245.92,245.92,ok,segment,,
ENERGY & NATURAL RESOURCES ENERGY & NATURAL S.RES. 253B (113TH) EXPENSES OF INQUIRIES AND INVESTIGATIONS,,,2115,BANNER NET PAYROLL,2115,0.0,0.0,banner_missing,banner,,
ENERGY & NATURAL RESOURCES ENERGY & NATURAL S.RES. 253B (113TH) EXPENSES OF INQUIRIES AND INVESTIGATIONS,,,2115,BANNER ORGANIZATION TOTALS,2115,245.92,245.92,ok,banner,,
ENERGY & NATURAL RESOURCES ENERGY & NATURAL S.RES. 253C (113TH) EXPENSES OF INQUIRIES AND INVESTIGATIONS,,,2116,TRAVEL AND TRANSPORTATION OF PERSONS,2116,984.48,984.48,ok,segment,,
ENERGY & NATURAL RESOURCES ENERGY & NATURAL S.RES. 253C (113TH) EXPENSES OF INQUIRIES AND INVESTIGATIONS,,,2116,OTHER CONTRACTUAL SERVICES,2116,200.0,200.0,ok,segment,,
ENERGY & NATURAL RESOURCES ENERGY & NATURAL S.RES. 253C (113TH) EXPENSES OF INQUIRIES AND INVESTIGATIONS,,,2116,BANNER NET PAYROLL,2116,0.0,0.0,banner_missing,banner,,
ENERGY & NATURAL RESOURCES ENERGY & NATURAL S.RES. 253C (113TH) EXPENSES OF INQUIRIES AND INVESTIGATIONS,,,2116,BANNER ORGANIZATION TOTALS,2116,1225.42,1184.48,fail,banner,,
ENERGY & NATURAL RESOURCES ENERGY & NATURAL S.RES. 73B (114TH) EXPENSES OF INQUIRIES AND INVESTIGATIONS,,,2117,TRAVEL AND TRANSPORTATION OF PERSONS,2123,83427.03,83427.03,ok,segment,,
ENERGY & NATURAL RESOURCES ENERGY & NATURAL S.RES. 73B (114TH) EXPENSES OF INQUIRIES AND INVESTIGATIONS,,,2117,OTHER CONTRACTUAL SERVICES,2125,18992.9,18992.9,ok,segment,,
ENERGY & NATURAL RESOURCES ENERGY & NATURAL S.RES. 73B (114TH) EXPENSES OF INQUIRIES AND INVESTIGATIONS,,,2117,PERSONNEL COMP. FULL-TIME PERMANENT,2125,2297105.82,0.0,component,payroll_component,,
ENERGY & NATURAL RESOURCES ENERGY & NATURAL S.RES. 73B (114TH) EXPENSES OF INQUIRIES AND INVESTIGATIONS,,,2117,RE-EMPLOYED ANNUITANTS,2125,22644.0,0.0,component,payroll_component,,
ENERGY & NATURAL RESOURCES ENERGY & NATURAL S.RES. 73B (114TH) EXPENSES OF INQUIRIES AND INVESTIGATIONS,,,2117,PERSONNEL BENEFITS,2125,4976.25,0.0,component,payroll_component,,
ENERGY & NATURAL RESOURCES ENERGY & NATURAL S.RES. 73B (114TH) EXPENSES OF INQUIRIES AND INVESTIGATIONS,,,2117,NET PAYROLL EXPENSES,2125,2324726.07,2324726.07,ok,segment,,
ENERGY & NATURAL RESOURCES ENERGY & NATURAL S.RES. 73B (114TH) EXPENSES OF INQUIRIES AND INVESTIGATIONS,,,2117,BANNER NET PAYROLL,2117,2324726.07,2324726.07,ok,banner,,
ENERGY & NATURAL RESOURCES ENERGY & NATURAL S.RES. 73B (114TH) EXPENSES OF INQUIRIES AND INVESTIGATIONS,,,2117,BANNER ORGANIZATION TOTALS,2117,2456740.84,2427146.0,fail,banner,,
ENVIRONMENT & PUBLIC WORKS ENVIRONMENT & PUB WORKS S.RES. 81D (112TH) EXPENSES OF INQUIRIES AND INVESTIGATIONS,,,2126,BANNER NET PAYROLL,2126,0.0,0.0,banner_missing,banner,,
ENVIRONMENT & PUBLIC WORKS ENVIRONMENT & PUB WORKS S.RES. 81D (112TH) EXPENSES OF INQUIRIES AND INVESTIGATIONS,,,2126,BANNER ORGANIZATION TOTALS,2126,0.0,0.0,ok,banner,,
ENVIRONMENT & PUBLIC WORKS ENVIRONMENT & PUB WORKS S.RES. 64B (113TH) EXPENSES OF INQUIRIES AND INVESTIGATIONS,,,2127,BANNER NET PAYROLL,2127,0.0,0.0,banner_missing,banner,,
ENVIRONMENT & PUBLIC WORKS ENVIRONMENT & PUB WORKS S.RES. 64B (113TH) EXPENSES OF INQUIRIES AND INVESTIGATIONS,,,2127,BANNER ORGANIZATION TOTALS,2127,0.0,0.0,ok,banner,,
ENVIRONMENT & PUBLIC WORKS ENVIRONMENT & PUB WORKS S.RES. 253B (113TH) EXPENSES OF INQUIRIES AND INVESTIGATIONS,,,2128,BANNER NET PAYROLL,2128,0.0,0.0,banner_missing,banner,,
ENVIRONMENT & PUBLIC WORKS ENVIRONMENT & PUB WORKS S.RES. 253B (113TH) EXPENSES OF INQUIRIES AND INVESTIGATIONS,,,2128,BANNER ORGANIZATION TOTALS,2128,0.0,0.0,ok,banner,,
ENVIRONMENT & PUBLIC WORKS ENVIRONMENT & PUB WORKS S.RES. 253C (113TH) EXPENSES OF INQUIRIES AND INVESTIGATIONS,,,2129,PERSONNEL BENEFITS,2129,130.0,0.0,component,payroll_component,,
ENVIRONMENT & PUBLIC WORKS ENVIRONMENT & PUB WORKS S.RES. 253C (113TH) EXPENSES OF INQUIRIES AND INVESTIGATIONS,,,2129,NET PAYROLL EXPENSES,2129,130.0,130.0,ok,segment,,
ENVIRONMENT & PUBLIC WORKS ENVIRONMENT & PUB WORKS S.RES. 253C (113TH) EXPENSES OF INQUIRIES AND INVESTIGATIONS,,,2129,(after final subtotal),2129,,0.0,unchecked,trailing,,
ENVIRONMENT & PUBLIC WORKS ENVIRONMENT & PUB WORKS S.RES. 253C (113TH) EXPENSES OF INQUIRIES AND INVESTIGATIONS,,,2129,BANNER NET PAYROLL,2129,130.0,130.0,ok,banner,,
ENVIRONMENT & PUBLIC WORKS ENVIRONMENT & PUB WORKS S.RES. 253C (113TH) EXPENSES OF INQUIRIES AND INVESTIGATIONS,,,2129,BANNER ORGANIZATION TOTALS,2129,277.02,130.0,fail,banner,,
ENVIRONMENT & PUBLIC WORKS ENVIRONMENT & PUB WORKS S.RES. 73B (114TH) EXPENSES OF INQUIRIES AND INVESTIGATIONS,,,2130,TRAVEL AND TRANSPORTATION OF PERSONS,2134,40307.23,40307.23,ok,segment,,
ENVIRONMENT & PUBLIC WORKS ENVIRONMENT & PUB WORKS S.RES. 73B (114TH) EXPENSES OF INQUIRIES AND INVESTIGATIONS,,,2130,OTHER CONTRACTUAL SERVICES,2134,18543.65,18543.65,ok,segment,,
ENVIRONMENT & PUBLIC WORKS ENVIRONMENT & PUB WORKS S.RES. 73B (114TH) EXPENSES OF INQUIRIES AND INVESTIGATIONS,,,2130,OTHER PERSONNEL COMPENSATION,2134,494.05,0.0,component,payroll_component,,
ENVIRONMENT & PUBLIC WORKS ENVIRONMENT & PUB WORKS S.RES. 73B (114TH) EXPENSES OF INQUIRIES AND INVESTIGATIONS,,,2130,PERSONNEL COMP. FULL-TIME PERMANENT,2134,2233560.03,0.0,component,payroll_component,,
ENVIRONMENT & PUBLIC WORKS ENVIRONMENT & PUB WORKS S.RES. 73B (114TH) EXPENSES OF INQUIRIES AND INVESTIGATIONS,,,2130,PERSONNEL BENEFITS,2134,4364.5,0.0,component,payroll_component,,
ENVIRONMENT & PUBLIC WORKS ENVIRONMENT & PUB WORKS S.RES. 73B (114TH) EXPENSES OF INQUIRIES AND INVESTIGATIONS,,,2130,NET PAYROLL EXPENSES,2134,2238418.58,2238418.58,ok,segment,,
ENVIRONMENT & PUBLIC WORKS ENVIRONMENT & PUB WORKS S.RES. 73B (114TH) EXPENSES OF INQUIRIES AND INVESTIGATIONS,,,2130,BANNER NET PAYROLL,2130,2238418.58,2238418.58,ok,banner,,
ENVIRONMENT & PUBLIC WORKS ENVIRONMENT & PUB WORKS S.RES. 73B (114TH) EXPENSES OF INQUIRIES AND INVESTIGATIONS,,,2130,BANNER ORGANIZATION TOTALS,2130,2400569.37,2297269.46,fail,banner,,
ETHICS COMMITTEE ON ETHICS - FY 2013 EXPENSES OF INQUIRIES AND INVESTIGATIONS,,,2135,BANNER NET PAYROLL,2135,0.0,0.0,banner_missing,banner,,
ETHICS COMMITTEE ON ETHICS - FY 2013 EXPENSES OF INQUIRIES AND INVESTIGATIONS,,,2135,BANNER ORGANIZATION TOTALS,2135,0.0,0.0,ok,banner,,
ETHICS COMMITTEE ON ETHICS - FY 2014 EXPENSES OF INQUIRIES AND INVESTIGATIONS,,,2136,BANNER NET PAYROLL,2136,0.0,0.0,banner_missing,banner,,
ETHICS COMMITTEE ON ETHICS - FY 2014 EXPENSES OF INQUIRIES AND INVESTIGATIONS,,,2136,BANNER ORGANIZATION TOTALS,2136,0.0,0.0,ok,banner,,
ETHICS COMMITTEE ON ETHICS - FY 2015 EXPENSES OF INQUIRIES AND INVESTIGATIONS,,,2137,TRAVEL AND TRANSPORTATION OF PERSONS,2138,34.0,34.0,ok,segment,,
ETHICS COMMITTEE ON ETHICS - FY 2015 EXPENSES OF INQUIRIES AND INVESTIGATIONS,,,2137,OTHER CONTRACTUAL SERVICES,2138,6262.0,6262.0,ok,segment,,
ETHICS COMMITTEE ON ETHICS - FY 2015 EXPENSES OF INQUIRIES AND INVESTIGATIONS,,,2137,ACQUISITION OF ASSETS,2138,1692.0,1692.0,ok,segment,,
ETHICS COMMITTEE ON ETHICS - FY 2015 EXPENSES OF INQUIRIES AND INVESTIGATIONS,,,2137,PERSONNEL COMP. FULL-TIME PERMANENT,2138,793988.0,0.0,component,payroll_component,,
ETHICS COMMITTEE ON ETHICS - FY 2015 EXPENSES OF INQUIRIES AND INVESTIGATIONS,,,2137,PERSONNEL BENEFITS,2138,229888.55,0.0,component,payroll_component,,
ETHICS COMMITTEE ON ETHICS - FY 2015 EXPENSES OF INQUIRIES AND INVESTIGATIONS,,,2137,NET PAYROLL EXPENSES,2138,1023876.55,939147.07,fail,segment,inconclusive,0.0
ETHICS COMMITTEE ON ETHICS - FY 2015 EXPENSES OF INQUIRIES AND INVESTIGATIONS,,,2137,BANNER NET PAYROLL,2137,1023876.55,1023876.55,ok,banner,,
ETHICS COMMITTEE ON ETHICS - FY 2015 EXPENSES OF INQUIRIES AND INVESTIGATIONS,,,2137,BANNER ORGANIZATION TOTALS,2137,1044473.5,947135.07,fail,banner,,
FINANCE FINANCE - S.RES. 81D (112TH) EXPENSES OF INQUIRIES AND INVESTIGATIONS,,,2139,BANNER NET PAYROLL,2139,0.0,0.0,banner_missing,banner,,
FINANCE FINANCE - S.RES. 81D (112TH) EXPENSES OF INQUIRIES AND INVESTIGATIONS,,,2139,BANNER ORGANIZATION TOTALS,2139,0.0,0.0,ok,banner,,
FINANCE FINANCE - S.RES. 64B (113TH) EXPENSES OF INQUIRIES AND INVESTIGATIONS,,,2140,BANNER NET PAYROLL,2140,0.0,0.0,banner_missing,banner,,
FINANCE FINANCE - S.RES. 64B (113TH) EXPENSES OF INQUIRIES AND INVESTIGATIONS,,,2140,BANNER ORGANIZATION TOTALS,2140,0.0,0.0,ok,banner,,
FINANCE FINANCE - S.RES. 253B (113TH) EXPENSES OF INQUIRIES AND INVESTIGATIONS,,,2141,TRAVEL AND TRANSPORTATION OF PERSONS,2141,126.38,126.38,ok,segment,,
FINANCE FINANCE - S.RES. 253B (113TH) EXPENSES OF INQUIRIES AND INVESTIGATIONS,,,2141,PERSONNEL BENEFITS,2141,245.1,0.0,component,payroll_component,,
FINANCE FINANCE - S.RES. 253B (113TH) EXPENSES OF INQUIRIES AND INVESTIGATIONS,,,2141,NET PAYROLL EXPENSES,2141,245.1,245.1,ok,segment,,
FINANCE FINANCE - S.RES. 253B (113TH) EXPENSES OF INQUIRIES AND INVESTIGATIONS,,,2141,BANNER NET PAYROLL,2141,245.1,245.1,ok,banner,,
FINANCE FINANCE - S.RES. 253B (113TH) EXPENSES OF INQUIRIES AND INVESTIGATIONS,,,2141,BANNER ORGANIZATION TOTALS,2141,371.48,371.48,ok,banner,,
FINANCE FINANCE - S.RES. 253C (113TH) EXPENSES OF INQUIRIES AND INVESTIGATIONS,,,2142,TRAVEL AND TRANSPORTATION OF PERSONS,2143,3465.34,3465.34,ok,segment,,
FINANCE FINANCE - S.RES. 253C (113TH) EXPENSES OF INQUIRIES AND INVESTIGATIONS,,,2142,PERSONNEL BENEFITS,2143,49.85,0.0,component,payroll_component,,
FINANCE FINANCE - S.RES. 253C (113TH) EXPENSES OF INQUIRIES AND INVESTIGATIONS,,,2142,NET PAYROLL EXPENSES,2143,49.85,49.85,ok,segment,,
FINANCE FINANCE - S.RES. 253C (113TH) EXPENSES OF INQUIRIES AND INVESTIGATIONS,,,2142,(after final subtotal),2143,,0.0,unchecked,trailing,,
FINANCE FINANCE - S.RES. 253C (113TH) EXPENSES OF INQUIRIES AND INVESTIGATIONS,,,2142,BANNER NET PAYROLL,2142,49.85,49.85,ok,banner,,
FINANCE FINANCE - S.RES. 253C (113TH) EXPENSES OF INQUIRIES AND INVESTIGATIONS,,,2142,BANNER ORGANIZATION TOTALS,2142,3993.33,3515.19,fail,banner,,
FINANCE FINANCE - S.RES. 73B (114TH) EXPENSES OF INQUIRIES AND INVESTIGATIONS,,,2144,TRAVEL AND TRANSPORTATION OF PERSONS,2149,30559.43,30559.43,ok,segment,,
FINANCE FINANCE - S.RES. 73B (114TH) EXPENSES OF INQUIRIES AND INVESTIGATIONS,,,2144,OTHER CONTRACTUAL SERVICES,2150,16317.0,16317.0,ok,segment,,
FINANCE FINANCE - S.RES. 73B (114TH) EXPENSES OF INQUIRIES AND INVESTIGATIONS,,,2144,ACQUISITION OF ASSETS,2150,18416.67,18416.67,ok,segment,,
FINANCE FINANCE - S.RES. 73B (114TH) EXPENSES OF INQUIRIES AND INVESTIGATIONS,,,2144,OTHER PERSONNEL COMPENSATION,2150,2213.65,0.0,component,payroll_component,,
FINANCE FINANCE - S.RES. 73B (114TH) EXPENSES OF INQUIRIES AND INVESTIGATIONS,,,2144,PERSONNEL COMP. FULL-TIME PERMANENT,2150,3814893.56,0.0,component,payroll_component,,
FINANCE FINANCE - S.RES. 73B (114TH) EXPENSES OF INQUIRIES AND INVESTIGATIONS,,,2144,PERSONNEL BENEFITS,2150,17427.35,0.0,component,payroll_component,,
FINANCE FINANCE - S.RES. 73B (114TH) EXPENSES OF INQUIRIES AND INVESTIGATIONS,,,2144,NET PAYROLL EXPENSES,2150,3834534.56,3834534.56,ok,segment,,
FINANCE FINANCE - S.RES. 73B (114TH) EXPENSES OF INQUIRIES AND INVESTIGATIONS,,,2144,BANNER NET PAYROLL,2144,3834534.56,3834534.56,ok,banner,,
FINANCE FINANCE - S.RES. 73B (114TH) EXPENSES OF INQUIRIES AND INVESTIGATIONS,,,2144,BANNER ORGANIZATION TOTALS,2144,4004028.95,3899827.66,fail,banner,,
FOREIGN RELATIONS FOREIGN RELATIONS - S.RES. 81D (112TH) EXPENSES OF INQUIRIES AND INVESTIGATIONS,,,2151,BANNER NET PAYROLL,2151,0.0,0.0,banner_missing,banner,,
FOREIGN RELATIONS FOREIGN RELATIONS - S.RES. 81D (112TH) EXPENSES OF INQUIRIES AND INVESTIGATIONS,,,2151,BANNER ORGANIZATION TOTALS,2151,0.0,0.0,ok,banner,,
FOREIGN RELATIONS FOREIGN RELATIONS - S.RES. 64B (113TH) EXPENSES OF INQUIRIES AND INVESTIGATIONS,,,2152,BANNER NET PAYROLL,2152,0.0,0.0,banner_missing,banner,,
FOREIGN RELATIONS FOREIGN RELATIONS - S.RES. 64B (113TH) EXPENSES OF INQUIRIES AND INVESTIGATIONS,,,2152,BANNER ORGANIZATION TOTALS,2152,0.0,0.0,ok,banner,,
FOREIGN RELATIONS FOREIGN RELATIONS - S.RES. 253B (113TH) EXPENSES OF INQUIRIES AND INVESTIGATIONS,,,2153,TRAVEL AND TRANSPORTATION OF PERSONS,2153,31.0,31.0,ok,segment,,
FOREIGN RELATIONS FOREIGN RELATIONS - S.RES. 253B (113TH) EXPENSES OF INQUIRIES AND INVESTIGATIONS,,,2153,PERSONNEL BENEFITS,2153,2993.75,0.0,component,payroll_component,,
FOREIGN RELATIONS FOREIGN RELATIONS - S.RES. 253B (113TH) EXPENSES OF INQUIRIES AND INVESTIGATIONS,,,2153,NET PAYROLL EXPENSES,2153,2993.75,2993.75,ok,segment,,
FOREIGN RELATIONS FOREIGN RELATIONS - S.RES. 253B (113TH) EXPENSES OF INQUIRIES AND INVESTIGATIONS,,,2153,BANNER NET PAYROLL,2153,2993.75,2993.75,ok,banner,,
FOREIGN RELATIONS FOREIGN RELATIONS - S.RES. 253B (113TH) EXPENSES OF INQUIRIES AND INVESTIGATIONS,,,2153,BANNER ORGANIZATION TOTALS,2153,3024.75,3024.75,ok,banner,,
FOREIGN RELATIONS FOREIGN RELATIONS - S.RES. 253C (113TH) EXPENSES OF INQUIRIES AND INVESTIGATIONS,,,2154,TRAVEL AND TRANSPORTATION OF PERSONS,2155,8172.53,8172.53,ok,segment,,
FOREIGN RELATIONS FOREIGN RELATIONS - S.RES. 253C (113TH) EXPENSES OF INQUIRIES AND INVESTIGATIONS,,,2154,OTHER CONTRACTUAL SERVICES,2155,872.5,872.5,ok,segment,,
FOREIGN RELATIONS FOREIGN RELATIONS - S.RES. 253C (113TH) EXPENSES OF INQUIRIES AND INVESTIGATIONS,,,2154,PERSONNEL COMP. FULL-TIME PERMANENT,2155,-9583.37,0.0,component,payroll_component,,
FOREIGN RELATIONS FOREIGN RELATIONS - S.RES. 253C (113TH) EXPENSES OF INQUIRIES AND INVESTIGATIONS,,,2154,PERSONNEL BENEFITS,2155,583.0,0.0,component,payroll_component,,
FOREIGN RELATIONS FOREIGN RELATIONS - S.RES. 253C (113TH) EXPENSES OF INQUIRIES AND INVESTIGATIONS,,,2154,NET PAYROLL EXPENSES,2155,-9000.37,583.0,fail,segment,inconclusive,0.0
FOREIGN RELATIONS FOREIGN RELATIONS - S.RES. 253C (113TH) EXPENSES OF INQUIRIES AND INVESTIGATIONS,,,2154,BANNER NET PAYROLL,2154,9000.37,9000.37,ok,banner,,
FOREIGN RELATIONS FOREIGN RELATIONS - S.RES. 253C (113TH) EXPENSES OF INQUIRIES AND INVESTIGATIONS,,,2154,BANNER ORGANIZATION TOTALS,2154,110.66,9628.03,fail,banner,,
FOREIGN RELATIONS FOREIGN RELATIONS - S.RES. 73B (114TH) EXPENSES OF INQUIRIES AND INVESTIGATIONS,,,2156,TRAVEL AND TRANSPORTATION OF PERSONS,2162,30286.71,30286.71,ok,segment,,
FOREIGN RELATIONS FOREIGN RELATIONS - S.RES. 73B (114TH) EXPENSES OF INQUIRIES AND INVESTIGATIONS,,,2156,OTHER CONTRACTUAL SERVICES,2163,30218.2,30218.2,ok,segment,,
FOREIGN RELATIONS FOREIGN RELATIONS - S.RES. 73B (114TH) EXPENSES OF INQUIRIES AND INVESTIGATIONS,,,2156,ACQUISITION OF ASSETS,2163,68.75,68.75,ok,segment,,
FOREIGN RELATIONS FOREIGN RELATIONS - S.RES. 73B (114TH) EXPENSES OF INQUIRIES AND INVESTIGATIONS,,,2156,OTHER PERSONNEL COMPENSATION,2163,814.41,0.0,component,payroll_component,,
FOREIGN RELATIONS FOREIGN RELATIONS - S.RES. 73B (114TH) EXPENSES OF INQUIRIES AND INVESTIGATIONS,,,2156,PERSONNEL COMP. FULL-TIME PERMANENT,2163,3008249.99,0.0,component,payroll_component,,
FOREIGN RELATIONS FOREIGN RELATIONS - S.RES. 73B (114TH) EXPENSES OF INQUIRIES AND INVESTIGATIONS,,,2156,RE-EMPLOYED ANNUITANTS,2163,25674.0,0.0,component,payroll_component,,
FOREIGN RELATIONS FOREIGN RELATIONS - S.RES. 73B (114TH) EXPENSES OF INQUIRIES AND INVESTIGATIONS,,,2156,PERSONNEL BENEFITS,2163,8004.6,0.0,component,payroll_component,,
FOREIGN RELATIONS FOREIGN RELATIONS - S.RES. 73B (114TH) EXPENSES OF INQUIRIES AND INVESTIGATIONS,,,2156,NET PAYROLL EXPENSES,2163,3042743.0,3093159.63,fail,segment,inconclusive,0.0
FOREIGN RELATIONS FOREIGN RELATIONS - S.RES. 73B (114TH) EXPENSES OF INQUIRIES AND INVESTIGATIONS,,,2156,BANNER NET PAYROLL,2156,3042743.0,3042743.0,ok,banner,,
FOREIGN RELATIONS FOREIGN RELATIONS - S.RES. 73B (114TH) EXPENSES OF INQUIRIES AND INVESTIGATIONS,,,2156,BANNER ORGANIZATION TOTALS,2156,3121687.07,3153733.29,fail,banner,,
HOMELAND SECURITY & GOVERNMENTAL AFFAIRS HOMELAND SEC.& GOV AFF. S.RES. 81D (112TH) EXPENSES OF INQUIRIES AND INVESTIGATIONS,,,2164,BANNER NET PAYROLL,2164,0.0,0.0,banner_missing,banner,,
HOMELAND SECURITY & GOVERNMENTAL AFFAIRS HOMELAND SEC.& GOV AFF. S.RES. 81D (112TH) EXPENSES OF INQUIRIES AND INVESTIGATIONS,,,2164,BANNER ORGANIZATION TOTALS,2164,0.0,0.0,ok,banner,,
HOMELAND SECURITY & GOVERNMENTAL AFFAIRS HOMELAND SEC.& GOV AFF. S.RES. 64B (113TH) EXPENSES OF INQUIRIES AND INVESTIGATIONS,,,2165,BANNER NET PAYROLL,2165,0.0,0.0,banner_missing,banner,,
HOMELAND SECURITY & GOVERNMENTAL AFFAIRS HOMELAND SEC.& GOV AFF. S.RES. 64B (113TH) EXPENSES OF INQUIRIES AND INVESTIGATIONS,,,2165,BANNER ORGANIZATION TOTALS,2165,0.0,0.0,ok,banner,,
HOMELAND SECURITY & GOVERNMENTAL AFFAIRS HOMELAND SEC.& GOV AFF. S.RES. 253B (113TH) EXPENSES OF INQUIRIES AND INVESTIGATIONS,,,2166,BANNER NET PAYROLL,2166,0.0,0.0,banner_missing,banner,,
HOMELAND SECURITY & GOVERNMENTAL AFFAIRS HOMELAND SEC.& GOV AFF. S.RES. 253B (113TH) EXPENSES OF INQUIRIES AND INVESTIGATIONS,,,2166,BANNER ORGANIZATION TOTALS,2166,0.0,0.0,ok,banner,,
HOMELAND SECURITY & GOVERNMENTAL AFFAIRS HOMELAND SEC.& GOV AFF. S.RES. 253C (113TH) EXPENSES OF INQUIRIES AND INVESTIGATIONS,,,2167,(after final subtotal),2167,,0.0,unchecked,trailing,,
HOMELAND SECURITY & GOVERNMENTAL AFFAIRS HOMELAND SEC.& GOV AFF. S.RES. 253C (113TH) EXPENSES OF INQUIRIES AND INVESTIGATIONS,,,2167,BANNER NET PAYROLL,2167,0.0,0.0,banner_missing,banner,,
HOMELAND SECURITY & GOVERNMENTAL AFFAIRS HOMELAND SEC.& GOV AFF. S.RES. 253C (113TH) EXPENSES OF INQUIRIES AND INVESTIGATIONS,,,2167,BANNER ORGANIZATION TOTALS,2167,10826.92,0.0,fail,banner,,
HOMELAND SECURITY & GOVERNMENTAL AFFAIRS HOMELAND SEC.& GOV AFF. S.RES. 73B (114TH) EXPENSES OF INQUIRIES AND INVESTIGATIONS,,,2168,TRAVEL AND TRANSPORTATION OF PERSONS,2173,19738.55,19738.55,ok,segment,,
HOMELAND SECURITY & GOVERNMENTAL AFFAIRS HOMELAND SEC.& GOV AFF. S.RES. 73B (114TH) EXPENSES OF INQUIRIES AND INVESTIGATIONS,,,2168,OTHER CONTRACTUAL SERVICES,2174,74221.36,74221.36,ok,segment,,
HOMELAND SECURITY & GOVERNMENTAL AFFAIRS HOMELAND SEC.& GOV AFF. S.RES. 73B (114TH) EXPENSES OF INQUIRIES AND INVESTIGATIONS,,,2168,PERSONNEL COMP. FULL-TIME PERMANENT,2174,4137842.86,0.0,component,payroll_component,,
HOMELAND SECURITY & GOVERNMENTAL AFFAIRS HOMELAND SEC.& GOV AFF. S.RES. 73B (114TH) EXPENSES OF INQUIRIES AND INVESTIGATIONS,,,2168,PERSONNEL BENEFITS,2174,16342.25,0.0,component,payroll_component,,
HOMELAND SECURITY & GOVERNMENTAL AFFAIRS HOMELAND SEC.& GOV AFF. S.RES. 73B (114TH) EXPENSES OF INQUIRIES AND INVESTIGATIONS,,,2168,NET PAYROLL EXPENSES,2174,4154185.11,4154935.11,fail,segment,inconclusive,0.0
HOMELAND SECURITY & GOVERNMENTAL AFFAIRS HOMELAND SEC.& GOV AFF. S.RES. 73B (114TH) EXPENSES OF INQUIRIES AND INVESTIGATIONS,,,2168,BANNER NET PAYROLL,2168,4154185.11,4154185.11,ok,banner,,
HOMELAND SECURITY & GOVERNMENTAL AFFAIRS HOMELAND SEC.& GOV AFF. S.RES. 73B (114TH) EXPENSES OF INQUIRIES AND INVESTIGATIONS,,,2168,BANNER ORGANIZATION TOTALS,2168,4329517.78,4248895.02,fail,banner,,
"HEALTH, EDUCATION, LABOR, AND PENSIONS HEALTH, EDU,LABOR&PENS S.RES. 81D (112TH) EXPENSES OF INQUIRIES AND INVESTIGATIONS",,,2175,BANNER NET PAYROLL,2175,0.0,0.0,banner_missing,banner,,
"HEALTH, EDUCATION, LABOR, AND PENSIONS HEALTH, EDU,LABOR&PENS S.RES. 81D (112TH) EXPENSES OF INQUIRIES AND INVESTIGATIONS",,,2175,BANNER ORGANIZATION TOTALS,2175,0.0,0.0,ok,banner,,
"HEALTH, EDUCATION, LABOR, AND PENSIONS HEALTH, EDU,LABOR&PENS S.RES. 64B (113TH) EXPENSES OF INQUIRIES AND INVESTIGATIONS",,,2176,BANNER NET PAYROLL,2176,0.0,0.0,banner_missing,banner,,
"HEALTH, EDUCATION, LABOR, AND PENSIONS HEALTH, EDU,LABOR&PENS S.RES. 64B (113TH) EXPENSES OF INQUIRIES AND INVESTIGATIONS",,,2176,BANNER ORGANIZATION TOTALS,2176,0.0,0.0,ok,banner,,
"HEALTH, EDUCATION, LABOR, AND PENSIONS HEALTH, EDU,LABOR&PENS S.RES. 253B (113TH) EXPENSES OF INQUIRIES AND INVESTIGATIONS",,,2177,TRAVEL AND TRANSPORTATION OF PERSONS,2177,11.0,11.0,ok,segment,,
"HEALTH, EDUCATION, LABOR, AND PENSIONS HEALTH, EDU,LABOR&PENS S.RES. 253B (113TH) EXPENSES OF INQUIRIES AND INVESTIGATIONS",,,2177,PERSONNEL BENEFITS,2177,80.0,0.0,component,payroll_component,,
"HEALTH, EDUCATION, LABOR, AND PENSIONS HEALTH, EDU,LABOR&PENS S.RES. 253B (113TH) EXPENSES OF INQUIRIES AND INVESTIGATIONS",,,2177,NET PAYROLL EXPENSES,2177,80.0,80.0,ok,segment,,
"HEALTH, EDUCATION, LABOR, AND PENSIONS HEALTH, EDU,LABOR&PENS S.RES. 253B (113TH) EXPENSES OF INQUIRIES AND INVESTIGATIONS",,,2177,BANNER NET PAYROLL,2177,80.0,80.0,ok,banner,,
"HEALTH, EDUCATION, LABOR, AND PENSIONS HEALTH, EDU,LABOR&PENS S.RES. 253B (113TH) EXPENSES OF INQUIRIES AND INVESTIGATIONS",,,2177,BANNER ORGANIZATION TOTALS,2177,311.5,91.0,fail,banner,,
"HEALTH, EDUCATION, LABOR, AND PENSIONS HEALTH, EDU,LABOR&PENS S.RES. 253C (113TH) EXPENSES OF INQUIRIES AND INVESTIGATIONS",,,2178,TRAVEL AND TRANSPORTATION OF PERSONS,2178,156.65,156.65,ok,segment,,
"HEALTH, EDUCATION, LABOR, AND PENSIONS HEALTH, EDU,LABOR&PENS S.RES. 253C (113TH) EXPENSES OF INQUIRIES AND INVESTIGATIONS",,,2178,ACQUISITION OF ASSETS,2178,58637.21,58637.21,ok,segment,,
"HEALTH, EDUCATION, LABOR, AND PENSIONS HEALTH, EDU,LABOR&PENS S.RES. 253C (113TH) EXPENSES OF INQUIRIES AND INVESTIGATIONS",,,2178,PERSONNEL BENEFITS,2178,280.0,0.0,component,payroll_component,,
"HEALTH, EDUCATION, LABOR, AND PENSIONS HEALTH, EDU,LABOR&PENS S.RES. 253C (113TH) EXPENSES OF INQUIRIES AND INVESTIGATIONS",,,2178,NET PAYROLL EXPENSES,2179,280.0,280.0,ok,segment,,
"HEALTH, EDUCATION, LABOR, AND PENSIONS HEALTH, EDU,LABOR&PENS S.RES. 253C (113TH) EXPENSES OF INQUIRIES AND INVESTIGATIONS",,,2178,BANNER NET PAYROLL,2178,280.0,280.0,ok,banner,,
"HEALTH, EDUCATION, LABOR, AND PENSIONS HEALTH, EDU,LABOR&PENS S.RES. 253C (113TH) EXPENSES OF INQUIRIES AND INVESTIGATIONS",,,2178,BANNER ORGANIZATION TOTALS,2178,62443.38,59073.86,fail,banner,,
"HEALTH, EDUCATION, LABOR, AND PENSIONS HEALTH, EDU,LABOR&PENS S.RES. 73B (114TH) EXPENSES OF INQUIRIES AND INVESTIGATIONS",,,2180,TRAVEL AND TRANSPORTATION OF PERSONS,2186,40349.84,40349.84,ok,segment,,
"HEALTH, EDUCATION, LABOR, AND PENSIONS HEALTH, EDU,LABOR&PENS S.RES. 73B (114TH) EXPENSES OF INQUIRIES AND INVESTIGATIONS",,,2180,OTHER CONTRACTUAL SERVICES,2186,16952.1,16952.1,ok,segment,,
"HEALTH, EDUCATION, LABOR, AND PENSIONS HEALTH, EDU,LABOR&PENS S.RES. 73B (114TH) EXPENSES OF INQUIRIES AND INVESTIGATIONS",,,2180,ACQUISITION OF ASSETS,2187,14919.44,14919.44,ok,segment,,
"HEALTH, EDUCATION, LABOR, AND PENSIONS HEALTH, EDU,LABOR&PENS S.RES. 73B (114TH) EXPENSES OF INQUIRIES AND INVESTIGATIONS",,,2180,OTHER PERSONNEL COMPENSATION,2187,628.41,0.0,component,payroll_component,,
"HEALTH, EDUCATION, LABOR, AND PENSIONS HEALTH, EDU,LABOR&PENS S.RES. 73B (114TH) EXPENSES OF INQUIRIES AND INVESTIGATIONS",,,2180,PERSONNEL COMP. FULL-TIME PERMANENT,2187,4140457.17,0.0,component,payroll_component,,
"HEALTH, EDUCATION, LABOR, AND PENSIONS HEALTH, EDU,LABOR&PENS S.RES. 73B (114TH) EXPENSES OF INQUIRIES AND INVESTIGATIONS",,,2180,PERSONNEL BENEFITS,2187,10982.6,0.0,component,payroll_component,,
"HEALTH, EDUCATION, LABOR, AND PENSIONS HEALTH, EDU,LABOR&PENS S.RES. 73B (114TH) EXPENSES OF INQUIRIES AND INVESTIGATIONS",,,2180,NET PAYROLL EXPENSES,2187,4152068.18,4152068.18,ok,segment,,
"HEALTH, EDUCATION, LABOR, AND PENSIONS HEALTH, EDU,LABOR&PENS S.RES. 73B (114TH) EXPENSES OF INQUIRIES AND INVESTIGATIONS",,,2180,BANNER NET PAYROLL,2180,4152068.18,4152068.18,ok,banner,,
"HEALTH, EDUCATION, LABOR, AND PENSIONS HEALTH, EDU,LABOR&PENS S.RES. 73B (114TH) EXPENSES OF INQUIRIES AND INVESTIGATIONS",,,2180,BANNER ORGANIZATION TOTALS,2180,4331625.56,4224289.56,fail,banner,,
INDIAN AFFAIRS INDIAN AFFAIRS - S.RES. 81D (112TH) EXPENSES OF INQUIRIES AND INVESTIGATIONS,,,2188,BANNER NET PAYROLL,2188,0.0,0.0,banner_missing,banner,,
INDIAN AFFAIRS INDIAN AFFAIRS - S.RES. 81D (112TH) EXPENSES OF INQUIRIES AND INVESTIGATIONS,,,2188,BANNER ORGANIZATION TOTALS,2188,0.0,0.0,ok,banner,,
INDIAN AFFAIRS INDIAN AFFAIRS - S.RES. 64B (113TH) EXPENSES OF INQUIRIES AND INVESTIGATIONS,,,2189,BANNER NET PAYROLL,2189,0.0,0.0,banner_missing,banner,,
INDIAN AFFAIRS INDIAN AFFAIRS - S.RES. 64B (113TH) EXPENSES OF INQUIRIES AND INVESTIGATIONS,,,2189,BANNER ORGANIZATION TOTALS,2189,0.0,0.0,ok,banner,,
INDIAN AFFAIRS INDIAN AFFAIRS - S.RES. 253B (113TH) EXPENSES OF INQUIRIES AND INVESTIGATIONS,,,2190,BANNER NET PAYROLL,2190,0.0,0.0,banner_missing,banner,,
INDIAN AFFAIRS INDIAN AFFAIRS - S.RES. 253B (113TH) EXPENSES OF INQUIRIES AND INVESTIGATIONS,,,2190,BANNER ORGANIZATION TOTALS,2190,0.0,0.0,ok,banner,,
INDIAN AFFAIRS INDIAN AFFAIRS - S.RES. 253C (113TH) EXPENSES OF INQUIRIES AND INVESTIGATIONS,,,2191,TRAVEL AND TRANSPORTATION OF PERSONS,2191,50.61,50.61,ok,segment,,
INDIAN AFFAIRS INDIAN AFFAIRS - S.RES. 253C (113TH) EXPENSES OF INQUIRIES AND INVESTIGATIONS,,,2191,ACQUISITION OF ASSETS,2191,2800.95,2800.95,ok,segment,,
INDIAN AFFAIRS INDIAN AFFAIRS - S.RES. 253C (113TH) EXPENSES OF INQUIRIES AND INVESTIGATIONS,,,2191,BANNER NET PAYROLL,2191,0.0,0.0,banner_missing,banner,,
INDIAN AFFAIRS INDIAN AFFAIRS - S.RES. 253C (113TH) EXPENSES OF INQUIRIES AND INVESTIGATIONS,,,2191,BANNER ORGANIZATION TOTALS,2191,2851.56,2851.56,ok,banner,,
INDIAN AFFAIRS INDIAN AFFAIRS - S.RES. 73B (114TH) EXPENSES OF INQUIRIES AND INVESTIGATIONS,,,2192,TRAVEL AND TRANSPORTATION OF PERSONS,2196,54010.05,54010.05,ok,segment,,
INDIAN AFFAIRS INDIAN AFFAIRS - S.RES. 73B (114TH) EXPENSES OF INQUIRIES AND INVESTIGATIONS,,,2192,OTHER CONTRACTUAL SERVICES,2196,19125.77,19125.77,ok,segment,,
INDIAN AFFAIRS INDIAN AFFAIRS - S.RES. 73B (114TH) EXPENSES OF INQUIRIES AND INVESTIGATIONS,,,2192,ACQUISITION OF ASSETS,2197,895.0,895.0,ok,segment,,
INDIAN AFFAIRS INDIAN AFFAIRS - S.RES. 73B (114TH) EXPENSES OF INQUIRIES AND INVESTIGATIONS,,,2192,PERSONNEL COMP. FULL-TIME PERMANENT,2197,821107.9,0.0,component,payroll_component,,
INDIAN AFFAIRS INDIAN AFFAIRS - S.RES. 73B (114TH) EXPENSES OF INQUIRIES AND INVESTIGATIONS,,,2192,PERSONNEL BENEFITS,2197,2242.2,0.0,component,payroll_component,,
INDIAN AFFAIRS INDIAN AFFAIRS - S.RES. 73B (114TH) EXPENSES OF INQUIRIES AND INVESTIGATIONS,,,2192,NET PAYROLL EXPENSES,2197,823350.1,823350.1,ok,segment,,
INDIAN AFFAIRS INDIAN AFFAIRS - S.RES. 73B (114TH) EXPENSES OF INQUIRIES AND INVESTIGATIONS,,,2192,BANNER NET PAYROLL,2192,823350.1,823350.1,ok,banner,,
INDIAN AFFAIRS INDIAN AFFAIRS - S.RES. 73B (114TH) EXPENSES OF INQUIRIES AND INVESTIGATIONS,,,2192,BANNER ORGANIZATION TOTALS,2192,926313.37,897380.92,fail,banner,,
INTELLIGENCE SELECT COM ON INTEL - S.RES. 81D (112TH) EXPENSES OF INQUIRIES AND INVESTIGATIONS,,,2198,BANNER NET PAYROLL,2198,0.0,0.0,banner_missing,banner,,
INTELLIGENCE SELECT COM ON INTEL - S.RES. 81D (112TH) EXPENSES OF INQUIRIES AND INVESTIGATIONS,,,2198,BANNER ORGANIZATION TOTALS,2198,0.0,0.0,ok,banner,,
INTELLIGENCE SELECT COM ON INTEL - S.RES. 64B (113TH) EXPENSES OF INQUIRIES AND INVESTIGATIONS,,,2199,BANNER NET PAYROLL,2199,0.0,0.0,banner_missing,banner,,
INTELLIGENCE SELECT COM ON INTEL - S.RES. 64B (113TH) EXPENSES OF INQUIRIES AND INVESTIGATIONS,,,2199,BANNER ORGANIZATION TOTALS,2199,0.0,0.0,ok,banner,,
INTELLIGENCE SELECT COM ON INTEL - S.RES. 253B (113TH) EXPENSES OF INQUIRIES AND INVESTIGATIONS,,,2200,BANNER NET PAYROLL,2200,0.0,0.0,banner_missing,banner,,
INTELLIGENCE SELECT COM ON INTEL - S.RES. 253B (113TH) EXPENSES OF INQUIRIES AND INVESTIGATIONS,,,2200,BANNER ORGANIZATION TOTALS,2200,0.0,0.0,ok,banner,,
INTELLIGENCE SELECT COM ON INTEL - S.RES. 253C (113TH) EXPENSES OF INQUIRIES AND INVESTIGATIONS,,,2201,TRAVEL AND TRANSPORTATION OF PERSONS,2201,1419.25,1419.25,ok,segment,,
INTELLIGENCE SELECT COM ON INTEL - S.RES. 253C (113TH) EXPENSES OF INQUIRIES AND INVESTIGATIONS,,,2201,OTHER CONTRACTUAL SERVICES,2202,3656.0,3656.0,ok,segment,,
INTELLIGENCE SELECT COM ON INTEL - S.RES. 253C (113TH) EXPENSES OF INQUIRIES AND INVESTIGATIONS,,,2201,PERSONNEL BENEFITS,2202,679.5,0.0,component,payroll_component,,
INTELLIGENCE SELECT COM ON INTEL - S.RES. 253C (113TH) EXPENSES OF INQUIRIES AND INVESTIGATIONS,,,2201,NET PAYROLL EXPENSES,2202,679.5,679.5,ok,segment,,
INTELLIGENCE SELECT COM ON INTEL - S.RES. 253C (113TH) EXPENSES OF INQUIRIES AND INVESTIGATIONS,,,2201,BANNER NET PAYROLL,2201,679.5,679.5,ok,banner,,
INTELLIGENCE SELECT COM ON INTEL - S.RES. 253C (113TH) EXPENSES OF INQUIRIES AND INVESTIGATIONS,,,2201,BANNER ORGANIZATION TOTALS,2201,48359.36,5754.75,fail,banner,,
INTELLIGENCE SELECT COM ON INTEL - S.RES. 73B (114TH) EXPENSES OF INQUIRIES AND INVESTIGATIONS,,,2203,TRAVEL AND TRANSPORTATION OF PERSONS,2205,4811.53,4811.53,ok,segment,,
INTELLIGENCE SELECT COM ON INTEL - S.RES. 73B (114TH) EXPENSES OF INQUIRIES AND INVESTIGATIONS,,,2203,OTHER CONTRACTUAL SERVICES,2205,490.0,490.0,ok,segment,,
INTELLIGENCE SELECT COM ON INTEL - S.RES. 73B (114TH) EXPENSES OF INQUIRIES AND INVESTIGATIONS,,,2203,ACQUISITION OF ASSETS,2205,999.9,999.9,ok,segment,,
INTELLIGENCE SELECT COM ON INTEL - S.RES. 73B (114TH) EXPENSES OF INQUIRIES AND INVESTIGATIONS,,,2203,PERSONNEL COMP. FULL-TIME PERMANENT,2205,2662518.48,0.0,component,payroll_component,,
INTELLIGENCE SELECT COM ON INTEL - S.RES. 73B (114TH) EXPENSES OF INQUIRIES AND INVESTIGATIONS,,,2203,PERSONNEL BENEFITS,2205,2801.2,0.0,component,payroll_component,,
INTELLIGENCE SELECT COM ON INTEL - S.RES. 73B (114TH) EXPENSES OF INQUIRIES AND INVESTIGATIONS,,,2203,NET PAYROLL EXPENSES,2205,2665319.68,2665319.68,ok,segment,,
INTELLIGENCE SELECT COM ON INTEL - S.RES. 73B (114TH) EXPENSES OF INQUIRIES AND INVESTIGATIONS,,,2203,BANNER NET PAYROLL,2203,2665319.68,2665319.68,ok,banner,,
INTELLIGENCE SELECT COM ON INTEL - S.RES. 73B (114TH) EXPENSES OF INQUIRIES AND INVESTIGATIONS,,,2203,BANNER ORGANIZATION TOTALS,2203,2722814.4,2671621.11,fail,banner,,
INTELLIGENCE SELECT COM ON INTEL - P.L. 113-76 (10/13-9/14) EXPENSES OF INQUIRIES AND INVESTIGATIONS,,,2206,BANNER NET PAYROLL,2206,0.0,0.0,banner_missing,banner,,
INTELLIGENCE SELECT COM ON INTEL - P.L. 113-76 (10/13-9/14) EXPENSES OF INQUIRIES AND INVESTIGATIONS,,,2206,BANNER ORGANIZATION TOTALS,2206,0.0,0.0,ok,banner,,
INTELLIGENCE SEL COM ON INTEL-P.L. 113-76 (10/14-2/15) EXPENSES OF INQUIRIES AND INVESTIGATIONS,,,2207,BANNER NET PAYROLL,2207,0.0,0.0,banner_missing,banner,,
INTELLIGENCE SEL COM ON INTEL-P.L. 113-76 (10/14-2/15) EXPENSES OF INQUIRIES AND INVESTIGATIONS,,,2207,BANNER ORGANIZATION TOTALS,2207,0.0,0.0,ok,banner,,
INTELLIGENCE SEL COM ON INTEL-P.L. 113-76 (03-09/2015) EXPENSES OF INQUIRIES AND INVESTIGATIONS,,,2208,PERSONNEL COMP. FULL-TIME PERMANENT,2208,176390.19,0.0,component,payroll_component,,
INTELLIGENCE SEL COM ON INTEL-P.L. 113-76 (03-09/2015) EXPENSES OF INQUIRIES AND INVESTIGATIONS,,,2208,PERSONNEL BENEFITS,2208,54632.79,0.0,component,payroll_component,,
INTELLIGENCE SEL COM ON INTEL-P.L. 113-76 (03-09/2015) EXPENSES OF INQUIRIES AND INVESTIGATIONS,,,2208,NET PAYROLL EXPENSES,2208,231022.98,231022.98,ok,segment,,
INTELLIGENCE SEL COM ON INTEL-P.L. 113-76 (03-09/2015) EXPENSES OF INQUIRIES AND INVESTIGATIONS,,,2208,BANNER NET PAYROLL,2208,231022.98,231022.98,ok,banner,,
INTELLIGENCE SEL COM ON INTEL-P.L. 113-76 (03-09/2015) EXPENSES OF INQUIRIES AND INVESTIGATIONS,,,2208,BANNER ORGANIZATION TOTALS,2208,231022.98,231022.98,ok,banner,,
JUDICIARY JUDICIARY - S.RES. 81D (112TH) EXPENSES OF INQUIRIES AND INVESTIGATIONS,,,2209,BANNER NET PAYROLL,2209,0.0,0.0,banner_missing,banner,,
JUDICIARY JUDICIARY - S.RES. 81D (112TH) EXPENSES OF INQUIRIES AND INVESTIGATIONS,,,2209,BANNER ORGANIZATION TOTALS,2209,0.0,0.0,ok,banner,,
JUDICIARY JUDICIARY - S.RES. 64B (113TH) EXPENSES OF INQUIRIES AND INVESTIGATIONS,,,2210,BANNER NET PAYROLL,2210,0.0,0.0,banner_missing,banner,,
JUDICIARY JUDICIARY - S.RES. 64B (113TH) EXPENSES OF INQUIRIES AND INVESTIGATIONS,,,2210,BANNER ORGANIZATION TOTALS,2210,0.0,0.0,ok,banner,,
JUDICIARY JUDICIARY - S.RES. 253B (113TH) EXPENSES OF INQUIRIES AND INVESTIGATIONS,,,2211,BANNER NET PAYROLL,2211,0.0,0.0,banner_missing,banner,,
JUDICIARY JUDICIARY - S.RES. 253B (113TH) EXPENSES OF INQUIRIES AND INVESTIGATIONS,,,2211,BANNER ORGANIZATION TOTALS,2211,296.55,0.0,fail,banner,,
JUDICIARY JUDICIARY - S.RES. 253C (113TH) EXPENSES OF INQUIRIES AND INVESTIGATIONS,,,2212,TRAVEL AND TRANSPORTATION OF PERSONS,2212,1022.52,1022.52,ok,segment,,
JUDICIARY JUDICIARY - S.RES. 253C (113TH) EXPENSES OF INQUIRIES AND INVESTIGATIONS,,,2212,OTHER CONTRACTUAL SERVICES,2212,720.0,720.0,ok,segment,,
JUDICIARY JUDICIARY - S.RES. 253C (113TH) EXPENSES OF INQUIRIES AND INVESTIGATIONS,,,2212,BANNER NET PAYROLL,2212,0.0,0.0,banner_missing,banner,,
JUDICIARY JUDICIARY - S.RES. 253C (113TH) EXPENSES OF INQUIRIES AND INVESTIGATIONS,,,2212,BANNER ORGANIZATION TOTALS,2212,2977.57,1742.52,fail,banner,,
JUDICIARY JUDICIARY - S.RES. 73B (114TH) EXPENSES OF INQUIRIES AND INVESTIGATIONS,,,2213,TRAVEL AND TRANSPORTATION OF PERSONS,2217,13597.24,13597.24,ok,segment,,
JUDICIARY JUDICIARY - S.RES. 73B (114TH) EXPENSES OF INQUIRIES AND INVESTIGATIONS,,,2213,OTHER CONTRACTUAL SERVICES,2218,26269.0,26269.0,ok,segment,,
JUDICIARY JUDICIARY - S.RES. 73B (114TH) EXPENSES OF INQUIRIES AND INVESTIGATIONS,,,2213,OTHER PERSONNEL COMPENSATION,2218,8442.23,0.0,component,payroll_component,,
JUDICIARY JUDICIARY - S.RES. 73B (114TH) EXPENSES OF INQUIRIES AND INVESTIGATIONS,,,2213,PERSONNEL COMP. FULL-TIME PERMANENT,2218,4137429.62,0.0,component,payroll_component,,
JUDICIARY JUDICIARY - S.RES. 73B (114TH) EXPENSES OF INQUIRIES AND INVESTIGATIONS,,,2213,PERSONNEL BENEFITS,2218,16311.85,0.0,component,payroll_component,,
JUDICIARY JUDICIARY - S.RES. 73B (114TH) EXPENSES OF INQUIRIES AND INVESTIGATIONS,,,2213,NET PAYROLL EXPENSES,2218,4162183.7,4162183.7,ok,segment,,
JUDICIARY JUDICIARY - S.RES. 73B (114TH) EXPENSES OF INQUIRIES AND INVESTIGATIONS,,,2213,BANNER NET PAYROLL,2213,4162183.7,4162183.7,ok,banner,,
JUDICIARY JUDICIARY - S.RES. 73B (114TH) EXPENSES OF INQUIRIES AND INVESTIGATIONS,,,2213,BANNER ORGANIZATION TOTALS,2213,4275018.3,4202049.94,fail,banner,,
RULES & ADMINISTRATION RULES & ADMINISTRATION S.RES. 81D(112TH) EXPENSES OF INQUIRIES AND INVESTIGATIONS,,,2219,BANNER NET PAYROLL,2219,0.0,0.0,banner_missing,banner,,
RULES & ADMINISTRATION RULES & ADMINISTRATION S.RES. 81D(112TH) EXPENSES OF INQUIRIES AND INVESTIGATIONS,,,2219,BANNER ORGANIZATION TOTALS,2219,0.0,0.0,ok,banner,,
RULES & ADMINISTRATION RULES & ADMINISTRATION S.RES. 64B(113TH) EXPENSES OF INQUIRIES AND INVESTIGATIONS,,,2220,BANNER NET PAYROLL,2220,0.0,0.0,banner_missing,banner,,
RULES & ADMINISTRATION RULES & ADMINISTRATION S.RES. 64B(113TH) EXPENSES OF INQUIRIES AND INVESTIGATIONS,,,2220,BANNER ORGANIZATION TOTALS,2220,0.0,0.0,ok,banner,,
RULES & ADMINISTRATION RULES & ADMINISTRATION S.RES. 253B(113TH) EXPENSES OF INQUIRIES AND INVESTIGATIONS,,,2221,BANNER NET PAYROLL,2221,0.0,0.0,banner_missing,banner,,
RULES & ADMINISTRATION RULES & ADMINISTRATION S.RES. 253B(113TH) EXPENSES OF INQUIRIES AND INVESTIGATIONS,,,2221,BANNER ORGANIZATION TOTALS,2221,0.0,0.0,ok,banner,,
RULES & ADMINISTRATION RULES & ADMINISTRATION S.RES. 253C(113TH) EXPENSES OF INQUIRIES AND INVESTIGATIONS,,,2222,ACQUISITION OF ASSETS,2222,6881.88,6881.88,ok,segment,,
RULES & ADMINISTRATION RULES & ADMINISTRATION S.RES. 253C(113TH) EXPENSES OF INQUIRIES AND INVESTIGATIONS,,,2222,BANNER NET PAYROLL,2222,0.0,0.0,banner_missing,banner,,
RULES & ADMINISTRATION RULES & ADMINISTRATION S.RES. 253C(113TH) EXPENSES OF INQUIRIES AND INVESTIGATIONS,,,2222,BANNER ORGANIZATION TOTALS,2222,6881.88,6881.88,ok,banner,,
RULES & ADMINISTRATION RULES & ADMINISTRATION S.RES. 73B(114TH) EXPENSES OF INQUIRIES AND INVESTIGATIONS,,,2223,TRAVEL AND TRANSPORTATION OF PERSONS,2224,3911.61,3911.61,ok,segment,,
RULES & ADMINISTRATION RULES & ADMINISTRATION S.RES. 73B(114TH) EXPENSES OF INQUIRIES AND INVESTIGATIONS,,,2223,OTHER CONTRACTUAL SERVICES,2224,656.15,656.15,ok,segment,,
RULES & ADMINISTRATION RULES & ADMINISTRATION S.RES. 73B(114TH) EXPENSES OF INQUIRIES AND INVESTIGATIONS,,,2223,PERSONNEL COMP. FULL-TIME PERMANENT,2224,1036353.4,0.0,component,payroll_component,,
RULES & ADMINISTRATION RULES & ADMINISTRATION S.RES. 73B(114TH) EXPENSES OF INQUIRIES AND INVESTIGATIONS,,,2223,PERSONNEL BENEFITS,2224,3231.15,0.0,component,payroll_component,,
RULES & ADMINISTRATION RULES & ADMINISTRATION S.RES. 73B(114TH) EXPENSES OF INQUIRIES AND INVESTIGATIONS,,,2223,NET PAYROLL EXPENSES,2224,1039584.55,1039584.55,ok,segment,,
RULES & ADMINISTRATION RULES & ADMINISTRATION S.RES. 73B(114TH) EXPENSES OF INQUIRIES AND INVESTIGATIONS,,,2223,BANNER NET PAYROLL,2223,1039584.55,1039584.55,ok,banner,,
RULES & ADMINISTRATION RULES & ADMINISTRATION S.RES. 73B(114TH) EXPENSES OF INQUIRIES AND INVESTIGATIONS,,,2223,BANNER ORGANIZATION TOTALS,2223,1057160.24,1044152.31,fail,banner,,
SMALL BUSINESS AND ENTREPRENEURSHIP SMALL BUS & ENTREP.- S.RES. 81D (112TH) EXPENSES OF INQUIRIES AND INVESTIGATIONS,,,2225,BANNER NET PAYROLL,2225,0.0,0.0,banner_missing,banner,,
SMALL BUSINESS AND ENTREPRENEURSHIP SMALL BUS & ENTREP.- S.RES. 81D (112TH) EXPENSES OF INQUIRIES AND INVESTIGATIONS,,,2225,BANNER ORGANIZATION TOTALS,2225,0.0,0.0,ok,banner,,
SMALL BUSINESS AND ENTREPRENEURSHIP SMALL BUS & ENTREP.- S.RES. 64B (113TH) EXPENSES OF INQUIRIES AND INVESTIGATIONS,,,2226,TRAVEL AND TRANSPORTATION OF PERSONS,2226,5.0,5.0,ok,segment,,
SMALL BUSINESS AND ENTREPRENEURSHIP SMALL BUS & ENTREP.- S.RES. 64B (113TH) EXPENSES OF INQUIRIES AND INVESTIGATIONS,,,2226,BANNER NET PAYROLL,2226,0.0,0.0,banner_missing,banner,,
SMALL BUSINESS AND ENTREPRENEURSHIP SMALL BUS & ENTREP.- S.RES. 64B (113TH) EXPENSES OF INQUIRIES AND INVESTIGATIONS,,,2226,BANNER ORGANIZATION TOTALS,2226,5.0,5.0,ok,banner,,
SMALL BUSINESS AND ENTREPRENEURSHIP SMALL BUS & ENTREP.- S.RES. 253B (113TH) EXPENSES OF INQUIRIES AND INVESTIGATIONS,,,2227,BANNER NET PAYROLL,2227,0.0,0.0,banner_missing,banner,,
SMALL BUSINESS AND ENTREPRENEURSHIP SMALL BUS & ENTREP.- S.RES. 253B (113TH) EXPENSES OF INQUIRIES AND INVESTIGATIONS,,,2227,BANNER ORGANIZATION TOTALS,2227,0.0,0.0,ok,banner,,
SMALL BUSINESS AND ENTREPRENEURSHIP SMALL BUS & ENTREP.- S.RES. 253C (113TH) EXPENSES OF INQUIRIES AND INVESTIGATIONS,,,2228,OTHER CONTRACTUAL SERVICES,2228,873.0,873.0,ok,segment,,
SMALL BUSINESS AND ENTREPRENEURSHIP SMALL BUS & ENTREP.- S.RES. 253C (113TH) EXPENSES OF INQUIRIES AND INVESTIGATIONS,,,2228,BANNER NET PAYROLL,2228,0.0,0.0,banner_missing,banner,,
SMALL BUSINESS AND ENTREPRENEURSHIP SMALL BUS & ENTREP.- S.RES. 253C (113TH) EXPENSES OF INQUIRIES AND INVESTIGATIONS,,,2228,BANNER ORGANIZATION TOTALS,2228,6312.0,873.0,fail,banner,,
SMALL BUSINESS AND ENTREPRENEURSHIP SMALL BUS & ENTREP.- S.RES. 73B (114TH) EXPENSES OF INQUIRIES AND INVESTIGATIONS,,,2229,TRAVEL AND TRANSPORTATION OF PERSONS,2233,36485.29,36485.29,ok,segment,,
SMALL BUSINESS AND ENTREPRENEURSHIP SMALL BUS & ENTREP.- S.RES. 73B (114TH) EXPENSES OF INQUIRIES AND INVESTIGATIONS,,,2229,OTHER CONTRACTUAL SERVICES,2234,13231.1,13231.1,ok,segment,,
SMALL BUSINESS AND ENTREPRENEURSHIP SMALL BUS & ENTREP.- S.RES. 73B (114TH) EXPENSES OF INQUIRIES AND INVESTIGATIONS,,,2229,PERSONNEL COMP. FULL-TIME PERMANENT,2234,1004288.18,0.0,component,payroll_component,,
SMALL BUSINESS AND ENTREPRENEURSHIP SMALL BUS & ENTREP.- S.RES. 73B (114TH) EXPENSES OF INQUIRIES AND INVESTIGATIONS,,,2229,PERSONNEL BENEFITS,2234,3893.95,0.0,component,payroll_component,,
SMALL BUSINESS AND ENTREPRENEURSHIP SMALL BUS & ENTREP.- S.RES. 73B (114TH) EXPENSES OF INQUIRIES AND INVESTIGATIONS,,,2229,NET PAYROLL EXPENSES,2234,1008182.13,1008182.13,ok,segment,,
SMALL BUSINESS AND ENTREPRENEURSHIP SMALL BUS & ENTREP.- S.RES. 73B (114TH) EXPENSES OF INQUIRIES AND INVESTIGATIONS,,,2229,BANNER NET PAYROLL,2229,1008182.13,1008182.13,ok,banner,,
SMALL BUSINESS AND ENTREPRENEURSHIP SMALL BUS & ENTREP.- S.RES. 73B (114TH) EXPENSES OF INQUIRIES AND INVESTIGATIONS,,,2229,BANNER ORGANIZATION TOTALS,2229,1080420.79,1057898.52,fail,banner,,
SPECIAL COMMITTEE ON AGING SPECIAL COM ON AGING S.RES. 81D (112TH) EXPENSES OF INQUIRIES AND INVESTIGATIONS,,,2235,BANNER NET PAYROLL,2235,0.0,0.0,banner_missing,banner,,
SPECIAL COMMITTEE ON AGING SPECIAL COM ON AGING S.RES. 81D (112TH) EXPENSES OF INQUIRIES AND INVESTIGATIONS,,,2235,BANNER ORGANIZATION TOTALS,2235,0.0,0.0,ok,banner,,
SPECIAL COMMITTEE ON AGING SPECIAL COM ON AGING S.RES. 64B (113TH) EXPENSES OF INQUIRIES AND INVESTIGATIONS,,,2236,BANNER NET PAYROLL,2236,0.0,0.0,banner_missing,banner,,
SPECIAL COMMITTEE ON AGING SPECIAL COM ON AGING S.RES. 64B (113TH) EXPENSES OF INQUIRIES AND INVESTIGATIONS,,,2236,BANNER ORGANIZATION TOTALS,2236,0.0,0.0,ok,banner,,
SPECIAL COMMITTEE ON AGING SPECIAL COM ON AGING S.RES. 253B (113TH) EXPENSES OF INQUIRIES AND INVESTIGATIONS,,,2237,BANNER NET PAYROLL,2237,0.0,0.0,banner_missing,banner,,
SPECIAL COMMITTEE ON AGING SPECIAL COM ON AGING S.RES. 253B (113TH) EXPENSES OF INQUIRIES AND INVESTIGATIONS,,,2237,BANNER ORGANIZATION TOTALS,2237,0.0,0.0,ok,banner,,
SPECIAL COMMITTEE ON AGING SPECIAL COM ON AGING S.RES. 253C (113TH) EXPENSES OF INQUIRIES AND INVESTIGATIONS,,,2238,TRAVEL AND TRANSPORTATION OF PERSONS,2238,721.73,721.73,ok,segment,,
SPECIAL COMMITTEE ON AGING SPECIAL COM ON AGING S.RES. 253C (113TH) EXPENSES OF INQUIRIES AND INVESTIGATIONS,,,2238,OTHER CONTRACTUAL SERVICES,2238,812.0,812.0,ok,segment,,
SPECIAL COMMITTEE ON AGING SPECIAL COM ON AGING S.RES. 253C (113TH) EXPENSES OF INQUIRIES AND INVESTIGATIONS,,,2238,BANNER NET PAYROLL,2238,0.0,0.0,banner_missing,banner,,
SPECIAL COMMITTEE ON AGING SPECIAL COM ON AGING S.RES. 253C (113TH) EXPENSES OF INQUIRIES AND INVESTIGATIONS,,,2238,BANNER ORGANIZATION TOTALS,2238,1533.73,1533.73,ok,banner,,
SPECIAL COMMITTEE ON AGING SPECIAL COM ON AGING S.RES. 73B (114TH) EXPENSES OF INQUIRIES AND INVESTIGATIONS,,,2239,TRAVEL AND TRANSPORTATION OF PERSONS,2241,12393.89,12393.89,ok,segment,,
SPECIAL COMMITTEE ON AGING SPECIAL COM ON AGING S.RES. 73B (114TH) EXPENSES OF INQUIRIES AND INVESTIGATIONS,,,2239,OTHER CONTRACTUAL SERVICES,2241,7094.0,7094.0,ok,segment,,
SPECIAL COMMITTEE ON AGING SPECIAL COM ON AGING S.RES. 73B (114TH) EXPENSES OF INQUIRIES AND INVESTIGATIONS,,,2239,ACQUISITION OF ASSETS,2241,10479.0,10479.0,ok,segment,,
SPECIAL COMMITTEE ON AGING SPECIAL COM ON AGING S.RES. 73B (114TH) EXPENSES OF INQUIRIES AND INVESTIGATIONS,,,2239,OTHER PERSONNEL COMPENSATION,2241,3269.51,0.0,component,payroll_component,,
SPECIAL COMMITTEE ON AGING SPECIAL COM ON AGING S.RES. 73B (114TH) EXPENSES OF INQUIRIES AND INVESTIGATIONS,,,2239,PERSONNEL COMP. FULL-TIME PERMANENT,2241,802561.06,0.0,component,payroll_component,,
SPECIAL COMMITTEE ON AGING SPECIAL COM ON AGING S.RES. 73B (114TH) EXPENSES OF INQUIRIES AND INVESTIGATIONS,,,2239,PERSONNEL BENEFITS,2241,6217.15,0.0,component,payroll_component,,
SPECIAL COMMITTEE ON AGING SPECIAL COM ON AGING S.RES. 73B (114TH) EXPENSES OF INQUIRIES AND INVESTIGATIONS,,,2239,NET PAYROLL EXPENSES,2241,812047.72,812047.72,ok,segment,,
SPECIAL COMMITTEE ON AGING SPECIAL COM ON AGING S.RES. 73B (114TH) EXPENSES OF INQUIRIES AND INVESTIGATIONS,,,2239,BANNER NET PAYROLL,2239,812047.72,812047.72,ok,banner,,
SPECIAL COMMITTEE ON AGING SPECIAL COM ON AGING S.RES. 73B (114TH) EXPENSES OF INQUIRIES AND INVESTIGATIONS,,,2239,BANNER ORGANIZATION TOTALS,2239,859553.27,842014.61,fail,banner,,
VETERANS' AFFAIRS VETERANS' AFFAIRS - S.RES. 81D (112TH) EXPENSES OF INQUIRIES AND INVESTIGATIONS,,,2242,BANNER NET PAYROLL,2242,0.0,0.0,banner_missing,banner,,
VETERANS' AFFAIRS VETERANS' AFFAIRS - S.RES. 81D (112TH) EXPENSES OF INQUIRIES AND INVESTIGATIONS,,,2242,BANNER ORGANIZATION TOTALS,2242,0.0,0.0,ok,banner,,
VETERANS' AFFAIRS VETERANS' AFFAIRS - S.RES. 64B (113TH) EXPENSES OF INQUIRIES AND INVESTIGATIONS,,,2243,BANNER NET PAYROLL,2243,0.0,0.0,banner_missing,banner,,
VETERANS' AFFAIRS VETERANS' AFFAIRS - S.RES. 64B (113TH) EXPENSES OF INQUIRIES AND INVESTIGATIONS,,,2243,BANNER ORGANIZATION TOTALS,2243,0.0,0.0,ok,banner,,
VETERANS' AFFAIRS VETERANS' AFFAIRS - S.RES. 253B (113TH) EXPENSES OF INQUIRIES AND INVESTIGATIONS,,,2244,BANNER NET PAYROLL,2244,0.0,0.0,banner_missing,banner,,
VETERANS' AFFAIRS VETERANS' AFFAIRS - S.RES. 253B (113TH) EXPENSES OF INQUIRIES AND INVESTIGATIONS,,,2244,BANNER ORGANIZATION TOTALS,2244,0.0,0.0,ok,banner,,
VETERANS' AFFAIRS VETERANS' AFFAIRS - S.RES. 253C (113TH) EXPENSES OF INQUIRIES AND INVESTIGATIONS,,,2245,ACQUISITION OF ASSETS,2245,21045.24,21045.24,ok,segment,,
VETERANS' AFFAIRS VETERANS' AFFAIRS - S.RES. 253C (113TH) EXPENSES OF INQUIRIES AND INVESTIGATIONS,,,2245,BANNER NET PAYROLL,2245,0.0,0.0,banner_missing,banner,,
VETERANS' AFFAIRS VETERANS' AFFAIRS - S.RES. 253C (113TH) EXPENSES OF INQUIRIES AND INVESTIGATIONS,,,2245,BANNER ORGANIZATION TOTALS,2245,21045.24,21045.24,ok,banner,,
VETERANS' AFFAIRS VETERANS' AFFAIRS - S.RES. 73B (114TH) EXPENSES OF INQUIRIES AND INVESTIGATIONS,,,2246,TRAVEL AND TRANSPORTATION OF PERSONS,2248,18057.41,18057.41,ok,segment,,
VETERANS' AFFAIRS VETERANS' AFFAIRS - S.RES. 73B (114TH) EXPENSES OF INQUIRIES AND INVESTIGATIONS,,,2246,OTHER CONTRACTUAL SERVICES,2249,12710.95,12710.95,ok,segment,,
VETERANS' AFFAIRS VETERANS' AFFAIRS - S.RES. 73B (114TH) EXPENSES OF INQUIRIES AND INVESTIGATIONS,,,2246,ACQUISITION OF ASSETS,2249,1522.9,1522.9,ok,segment,,
VETERANS' AFFAIRS VETERANS' AFFAIRS - S.RES. 73B (114TH) EXPENSES OF INQUIRIES AND INVESTIGATIONS,,,2246,OTHER PERSONNEL COMPENSATION,2249,966.32,0.0,component,payroll_component,,
VETERANS' AFFAIRS VETERANS' AFFAIRS - S.RES. 73B (114TH) EXPENSES OF INQUIRIES AND INVESTIGATIONS,,,2246,PERSONNEL COMP. FULL-TIME PERMANENT,2249,945018.58,0.0,component,payroll_component,,
VETERANS' AFFAIRS VETERANS' AFFAIRS - S.RES. 73B (114TH) EXPENSES OF INQUIRIES AND INVESTIGATIONS,,,2246,RE-EMPLOYED ANNUITANTS,2249,10056.0,0.0,component,payroll_component,,
VETERANS' AFFAIRS VETERANS' AFFAIRS - S.RES. 73B (114TH) EXPENSES OF INQUIRIES AND INVESTIGATIONS,,,2246,PERSONNEL BENEFITS,2249,3582.25,0.0,component,payroll_component,,
VETERANS' AFFAIRS VETERANS' AFFAIRS - S.RES. 73B (114TH) EXPENSES OF INQUIRIES AND INVESTIGATIONS,,,2246,NET PAYROLL EXPENSES,2249,959623.15,959623.15,ok,segment,,
VETERANS' AFFAIRS VETERANS' AFFAIRS - S.RES. 73B (114TH) EXPENSES OF INQUIRIES AND INVESTIGATIONS,,,2246,BANNER NET PAYROLL,2246,959623.15,959623.15,ok,banner,,
VETERANS' AFFAIRS VETERANS' AFFAIRS - S.RES. 73B (114TH) EXPENSES OF INQUIRIES AND INVESTIGATIONS,,,2246,BANNER ORGANIZATION TOTALS,2246,1003127.25,991914.41,fail,banner,,
SPECIAL RESERVES - COMMITTEES SPECIAL RESERVES - S.RES. 81D (112TH) EXPENSES OF INQUIRIES AND INVESTIGATIONS,,,2250,BANNER NET PAYROLL,2250,,0.0,banner_missing,banner,,
SPECIAL RESERVES - COMMITTEES SPECIAL RESERVES - S.RES. 81D (112TH) EXPENSES OF INQUIRIES AND INVESTIGATIONS,,,2250,BANNER ORGANIZATION TOTALS,2250,0.0,0.0,ok,banner,,
SPECIAL RESERVES - COMMITTEES SPECIAL RESERVES - S.RES. 64B (113TH) EXPENSES OF INQUIRIES AND INVESTIGATIONS,,,2251,BANNER NET PAYROLL,2251,,0.0,banner_missing,banner,,
SPECIAL RESERVES - COMMITTEES SPECIAL RESERVES - S.RES. 64B (113TH) EXPENSES OF INQUIRIES AND INVESTIGATIONS,,,2251,BANNER ORGANIZATION TOTALS,2251,0.0,0.0,ok,banner,,
SPECIAL RESERVES - COMMITTEES SPECIAL RESERVES - S.RES. 253B (113TH) EXPENSES OF INQUIRIES AND INVESTIGATIONS,,,2252,BANNER NET PAYROLL,2252,,0.0,banner_missing,banner,,
SPECIAL RESERVES - COMMITTEES SPECIAL RESERVES - S.RES. 253B (113TH) EXPENSES OF INQUIRIES AND INVESTIGATIONS,,,2252,BANNER ORGANIZATION TOTALS,2252,0.0,0.0,ok,banner,,
SPECIAL RESERVES - COMMITTEES SPECIAL RESERVES - S.RES. 253C (113TH) EXPENSES OF INQUIRIES AND INVESTIGATIONS,,,2253,BANNER NET PAYROLL,2253,,0.0,banner_missing,banner,,
SPECIAL RESERVES - COMMITTEES SPECIAL RESERVES - S.RES. 253C (113TH) EXPENSES OF INQUIRIES AND INVESTIGATIONS,,,2253,BANNER ORGANIZATION TOTALS,2253,0.0,0.0,ok,banner,,
SPECIAL RESERVES - COMMITTEES SPECIAL RESERVES - S.RES. 73B (114TH) EXPENSES OF INQUIRIES AND INVESTIGATIONS,,,2254,BANNER NET PAYROLL,2254,,0.0,banner_missing,banner,,
SPECIAL RESERVES - COMMITTEES SPECIAL RESERVES - S.RES. 73B (114TH) EXPENSES OF INQUIRIES AND INVESTIGATIONS,,,2254,BANNER ORGANIZATION TOTALS,2254,0.0,0.0,ok,banner,,
COMPENSATION OF MEMBERS,2015,"COMPENSATION OF MEMBERS, SENATE",2255,BANNER NET PAYROLL,2255,,0.0,banner_missing,banner,,
COMPENSATION OF MEMBERS,2015,"COMPENSATION OF MEMBERS, SENATE",2255,BANNER ORGANIZATION TOTALS,2255,,0.0,banner_missing,banner,,
COMPENSATION OF MEMBERS,2014,"COMPENSATION OF MEMBERS, SENATE",2258,BANNER NET PAYROLL,2258,,0.0,banner_missing,banner,,
COMPENSATION OF MEMBERS,2014,"COMPENSATION OF MEMBERS, SENATE",2258,BANNER ORGANIZATION TOTALS,2258,,0.0,banner_missing,banner,,
COMPENSATION OF MEMBERS,2013,"COMPENSATION OF MEMBERS, SENATE",2259,BANNER NET PAYROLL,2259,,0.0,banner_missing,banner,,
COMPENSATION OF MEMBERS,2013,"COMPENSATION OF MEMBERS, SENATE",2259,BANNER ORGANIZATION TOTALS,2259,,0.0,banner_missing,banner,,
