severity,reason,source_doc,source_pdf,reference_page,office,funding_year,label,expected,detail,exception_key
warning,banner_check_discrepancy,119sdoc5,GPO-CDOC-119sdoc5-1.pdf,20,OFFICE OF THE VICE PRESIDENT (D) - HARRIS,2024,BANNER ORGANIZATION TOTALS,5704.52,status=warn; banner=5704.52; parsed_body=0.0. Banner checks are advisory; review against the source before treating this as a parser defect.,119sdoc5|banner_check_discrepancy|20|OFFICE OF THE VICE PRESIDENT (D) - HARRIS|2024|BANNER ORGANIZATION TOTALS|5704.52
warning,banner_check_discrepancy,119sdoc5,GPO-CDOC-119sdoc5-1.pdf,25,PRES PRO TEM EMERITUS (D),2025,BANNER ORGANIZATION TOTALS,4773.9,status=warn; banner=4773.9; parsed_body=36.91. Banner checks are advisory; review against the source before treating this as a parser defect.,119sdoc5|banner_check_discrepancy|25|PRES PRO TEM EMERITUS (D)|2025|BANNER ORGANIZATION TOTALS|4773.9
warning,banner_check_discrepancy,119sdoc5,GPO-CDOC-119sdoc5-1.pdf,28,MINORITY LEADER (D),2025,BANNER ORGANIZATION TOTALS,4796.85,status=warn; banner=4796.85; parsed_body=0.0. Banner checks are advisory; review against the source before treating this as a parser defect.,119sdoc5|banner_check_discrepancy|28|MINORITY LEADER (D)|2025|BANNER ORGANIZATION TOTALS|4796.85
warning,banner_check_discrepancy,119sdoc5,GPO-CDOC-119sdoc5-1.pdf,31,MINORITY WHIP (D),2025,BANNER ORGANIZATION TOTALS,1639.68,status=warn; banner=1639.68; parsed_body=0.0. Banner checks are advisory; review against the source before treating this as a parser defect.,119sdoc5|banner_check_discrepancy|31|MINORITY WHIP (D)|2025|BANNER ORGANIZATION TOTALS|1639.68
warning,banner_check_discrepancy,119sdoc5,GPO-CDOC-119sdoc5-1.pdf,38,OFFICE OF THE VICE PRESIDENT (R) - VANCE,2025,BANNER ORGANIZATION TOTALS,8771.57,status=warn; banner=8771.57; parsed_body=1756.89. Banner checks are advisory; review against the source before treating this as a parser defect.,119sdoc5|banner_check_discrepancy|38|OFFICE OF THE VICE PRESIDENT (R) - VANCE|2025|BANNER ORGANIZATION TOTALS|8771.57
warning,banner_check_discrepancy,119sdoc5,GPO-CDOC-119sdoc5-1.pdf,45,MAJORITY LEADER (R),2025,BANNER ORGANIZATION TOTALS,12356.35,status=warn; banner=12356.35; parsed_body=1212.3. Banner checks are advisory; review against the source before treating this as a parser defect.,119sdoc5|banner_check_discrepancy|45|MAJORITY LEADER (R)|2025|BANNER ORGANIZATION TOTALS|12356.35
warning,banner_check_discrepancy,119sdoc5,GPO-CDOC-119sdoc5-1.pdf,48,MAJORITY WHIP (R),2025,BANNER ORGANIZATION TOTALS,6123.23,status=warn; banner=6123.23; parsed_body=400.0. Banner checks are advisory; review against the source before treating this as a parser defect.,119sdoc5|banner_check_discrepancy|48|MAJORITY WHIP (R)|2025|BANNER ORGANIZATION TOTALS|6123.23
warning,banner_check_discrepancy,119sdoc5,GPO-CDOC-119sdoc5-1.pdf,51,CHAIRMAN MAJORITY CONFERENCE COMMITTEE (R),2025,BANNER ORGANIZATION TOTALS,3437.23,status=warn; banner=3437.23; parsed_body=0.0. Banner checks are advisory; review against the source before treating this as a parser defect.,119sdoc5|banner_check_discrepancy|51|CHAIRMAN MAJORITY CONFERENCE COMMITTEE (R)|2025|BANNER ORGANIZATION TOTALS|3437.23
warning,banner_check_discrepancy,119sdoc5,GPO-CDOC-119sdoc5-1.pdf,54,CHAIRMAN MAJORITY POLICY COMMITTEE (R),2025,BANNER ORGANIZATION TOTALS,1802.63,status=warn; banner=1802.63; parsed_body=0.0. Banner checks are advisory; review against the source before treating this as a parser defect.,119sdoc5|banner_check_discrepancy|54|CHAIRMAN MAJORITY POLICY COMMITTEE (R)|2025|BANNER ORGANIZATION TOTALS|1802.63
warning,banner_check_missing,119sdoc5,GPO-CDOC-119sdoc5-1.pdf,61,APPROPRIATIONS,2023,BANNER NET PAYROLL,0.0,status=banner_missing; banner=0.0; parsed_body=0.0. Banner checks are advisory; review against the source before treating this as a parser defect.,119sdoc5|banner_check_missing|61|APPROPRIATIONS|2023|BANNER NET PAYROLL|0.0
warning,banner_check_missing,119sdoc5,GPO-CDOC-119sdoc5-1.pdf,62,APPROPRIATIONS,2024,BANNER NET PAYROLL,0.0,status=banner_missing; banner=0.0; parsed_body=0.0. Banner checks are advisory; review against the source before treating this as a parser defect.,119sdoc5|banner_check_missing|62|APPROPRIATIONS|2024|BANNER NET PAYROLL|0.0
warning,banner_check_missing,119sdoc5,GPO-CDOC-119sdoc5-1.pdf,66,CHAPLAIN,2021,BANNER NET PAYROLL,0.0,status=banner_missing; banner=0.0; parsed_body=0.0. Banner checks are advisory; review against the source before treating this as a parser defect.,119sdoc5|banner_check_missing|66|CHAPLAIN|2021|BANNER NET PAYROLL|0.0
warning,banner_check_missing,119sdoc5,GPO-CDOC-119sdoc5-1.pdf,67,CHAPLAIN,2022,BANNER NET PAYROLL,0.0,status=banner_missing; banner=0.0; parsed_body=0.0. Banner checks are advisory; review against the source before treating this as a parser defect.,119sdoc5|banner_check_missing|67|CHAPLAIN|2022|BANNER NET PAYROLL|0.0
warning,banner_check_missing,119sdoc5,GPO-CDOC-119sdoc5-1.pdf,68,CHAPLAIN,2023,BANNER NET PAYROLL,0.0,status=banner_missing; banner=0.0; parsed_body=0.0. Banner checks are advisory; review against the source before treating this as a parser defect.,119sdoc5|banner_check_missing|68|CHAPLAIN|2023|BANNER NET PAYROLL|0.0
warning,banner_check_missing,119sdoc5,GPO-CDOC-119sdoc5-1.pdf,69,CHAPLAIN,2023,BANNER NET PAYROLL,0.0,status=banner_missing; banner=0.0; parsed_body=0.0. Banner checks are advisory; review against the source before treating this as a parser defect.,119sdoc5|banner_check_missing|69|CHAPLAIN|2023|BANNER NET PAYROLL|0.0
warning,banner_check_missing,119sdoc5,GPO-CDOC-119sdoc5-1.pdf,70,CHAPLAIN,2024,BANNER NET PAYROLL,0.0,status=banner_missing; banner=0.0; parsed_body=0.0. Banner checks are advisory; review against the source before treating this as a parser defect.,119sdoc5|banner_check_missing|70|CHAPLAIN|2024|BANNER NET PAYROLL|0.0
warning,banner_check_missing,119sdoc5,GPO-CDOC-119sdoc5-1.pdf,71,CHAPLAIN,2024,BANNER NET PAYROLL,0.0,status=banner_missing; banner=0.0; parsed_body=0.0. Banner checks are advisory; review against the source before treating this as a parser defect.,119sdoc5|banner_check_missing|71|CHAPLAIN|2024|BANNER NET PAYROLL|0.0
warning,banner_check_missing,119sdoc5,GPO-CDOC-119sdoc5-1.pdf,73,CHAPLAIN,2025,BANNER NET PAYROLL,0.0,status=banner_missing; banner=0.0; parsed_body=0.0. Banner checks are advisory; review against the source before treating this as a parser defect.,119sdoc5|banner_check_missing|73|CHAPLAIN|2025|BANNER NET PAYROLL|0.0
warning,banner_check_missing,119sdoc5,GPO-CDOC-119sdoc5-1.pdf,74,OFFICE OF THE VICE PRESIDENT (D) - HARRIS,2023,BANNER NET PAYROLL,0.0,status=banner_missing; banner=0.0; parsed_body=0.0. Banner checks are advisory; review against the source before treating this as a parser defect.,119sdoc5|banner_check_missing|74|OFFICE OF THE VICE PRESIDENT (D) - HARRIS|2023|BANNER NET PAYROLL|0.0
warning,banner_check_missing,119sdoc5,GPO-CDOC-119sdoc5-1.pdf,75,OFFICE OF THE VICE PRESIDENT (D) - HARRIS,2024,BANNER NET PAYROLL,0.0,status=banner_missing; banner=0.0; parsed_body=0.0. Banner checks are advisory; review against the source before treating this as a parser defect.,119sdoc5|banner_check_missing|75|OFFICE OF THE VICE PRESIDENT (D) - HARRIS|2024|BANNER NET PAYROLL|0.0
warning,banner_check_missing,119sdoc5,GPO-CDOC-119sdoc5-1.pdf,76,OFFICE OF THE VICE PRESIDENT (D) - HARRIS,2025,BANNER NET PAYROLL,0.0,status=banner_missing; banner=0.0; parsed_body=0.0. Banner checks are advisory; review against the source before treating this as a parser defect.,119sdoc5|banner_check_missing|76|OFFICE OF THE VICE PRESIDENT (D) - HARRIS|2025|BANNER NET PAYROLL|0.0
warning,banner_check_missing,119sdoc5,GPO-CDOC-119sdoc5-1.pdf,77,PRESIDENT PRO TEMPORE (D),2023,BANNER NET PAYROLL,0.0,status=banner_missing; banner=0.0; parsed_body=0.0. Banner checks are advisory; review against the source before treating this as a parser defect.,119sdoc5|banner_check_missing|77|PRESIDENT PRO TEMPORE (D)|2023|BANNER NET PAYROLL|0.0
warning,banner_check_missing,119sdoc5,GPO-CDOC-119sdoc5-1.pdf,78,PRESIDENT PRO TEMPORE (D),2024,BANNER NET PAYROLL,0.0,status=banner_missing; banner=0.0; parsed_body=0.0. Banner checks are advisory; review against the source before treating this as a parser defect.,119sdoc5|banner_check_missing|78|PRESIDENT PRO TEMPORE (D)|2024|BANNER NET PAYROLL|0.0
warning,banner_check_missing,119sdoc5,GPO-CDOC-119sdoc5-1.pdf,79,PRESIDENT PRO TEMPORE (D),2025,BANNER NET PAYROLL,0.0,status=banner_missing; banner=0.0; parsed_body=0.0. Banner checks are advisory; review against the source before treating this as a parser defect.,119sdoc5|banner_check_missing|79|PRESIDENT PRO TEMPORE (D)|2025|BANNER NET PAYROLL|0.0
warning,banner_check_missing,119sdoc5,GPO-CDOC-119sdoc5-1.pdf,81,MAJORITY LEADER (D),2023,BANNER NET PAYROLL,0.0,status=banner_missing; banner=0.0; parsed_body=0.0. Banner checks are advisory; review against the source before treating this as a parser defect.,119sdoc5|banner_check_missing|81|MAJORITY LEADER (D)|2023|BANNER NET PAYROLL|0.0
warning,banner_check_missing,119sdoc5,GPO-CDOC-119sdoc5-1.pdf,82,MAJORITY LEADER (D),2023,BANNER NET PAYROLL,0.0,status=banner_missing; banner=0.0; parsed_body=0.0. Banner checks are advisory; review against the source before treating this as a parser defect.,119sdoc5|banner_check_missing|82|MAJORITY LEADER (D)|2023|BANNER NET PAYROLL|0.0
warning,banner_check_missing,119sdoc5,GPO-CDOC-119sdoc5-1.pdf,83,MAJORITY LEADER (D),2024,BANNER NET PAYROLL,0.0,status=banner_missing; banner=0.0; parsed_body=0.0. Banner checks are advisory; review against the source before treating this as a parser defect.,119sdoc5|banner_check_missing|83|MAJORITY LEADER (D)|2024|BANNER NET PAYROLL|0.0
warning,banner_check_missing,119sdoc5,GPO-CDOC-119sdoc5-1.pdf,86,MAJORITY WHIP (D),2023,BANNER NET PAYROLL,0.0,status=banner_missing; banner=0.0; parsed_body=0.0. Banner checks are advisory; review against the source before treating this as a parser defect.,119sdoc5|banner_check_missing|86|MAJORITY WHIP (D)|2023|BANNER NET PAYROLL|0.0
warning,banner_check_missing,119sdoc5,GPO-CDOC-119sdoc5-1.pdf,87,MAJORITY WHIP (D),2024,BANNER NET PAYROLL,0.0,status=banner_missing; banner=0.0; parsed_body=0.0. Banner checks are advisory; review against the source before treating this as a parser defect.,119sdoc5|banner_check_missing|87|MAJORITY WHIP (D)|2024|BANNER NET PAYROLL|0.0
warning,banner_check_missing,119sdoc5,GPO-CDOC-119sdoc5-1.pdf,89,MAJORITY CONFERENCE COMMITTEE (D),2023,BANNER NET PAYROLL,0.0,status=banner_missing; banner=0.0; parsed_body=0.0. Banner checks are advisory; review against the source before treating this as a parser defect.,119sdoc5|banner_check_missing|89|MAJORITY CONFERENCE COMMITTEE (D)|2023|BANNER NET PAYROLL|0.0
warning,banner_check_missing,119sdoc5,GPO-CDOC-119sdoc5-1.pdf,90,MAJORITY CONFERENCE COMMITTEE (D),2024,BANNER NET PAYROLL,0.0,status=banner_missing; banner=0.0; parsed_body=0.0. Banner checks are advisory; review against the source before treating this as a parser defect.,119sdoc5|banner_check_missing|90|MAJORITY CONFERENCE COMMITTEE (D)|2024|BANNER NET PAYROLL|0.0
warning,banner_check_missing,119sdoc5,GPO-CDOC-119sdoc5-1.pdf,92,MAJORITY POLICY COMMITTEE (D),2023,BANNER NET PAYROLL,0.0,status=banner_missing; banner=0.0; parsed_body=0.0. Banner checks are advisory; review against the source before treating this as a parser defect.,119sdoc5|banner_check_missing|92|MAJORITY POLICY COMMITTEE (D)|2023|BANNER NET PAYROLL|0.0
warning,banner_check_missing,119sdoc5,GPO-CDOC-119sdoc5-1.pdf,93,MAJORITY POLICY COMMITTEE (D),2024,BANNER NET PAYROLL,0.0,status=banner_missing; banner=0.0; parsed_body=0.0. Banner checks are advisory; review against the source before treating this as a parser defect.,119sdoc5|banner_check_missing|93|MAJORITY POLICY COMMITTEE (D)|2024|BANNER NET PAYROLL|0.0
warning,banner_check_missing,119sdoc5,GPO-CDOC-119sdoc5-1.pdf,95,"SECRETARY, MAJORITY CONFERENCE COMM (D)",2023,BANNER NET PAYROLL,0.0,status=banner_missing; banner=0.0; parsed_body=0.0. Banner checks are advisory; review against the source before treating this as a parser defect.,"119sdoc5|banner_check_missing|95|SECRETARY, MAJORITY CONFERENCE COMM (D)|2023|BANNER NET PAYROLL|0.0"
warning,banner_check_missing,119sdoc5,GPO-CDOC-119sdoc5-1.pdf,96,"SECRETARY, MAJORITY CONFERENCE COMM (D)",2024,BANNER NET PAYROLL,0.0,status=banner_missing; banner=0.0; parsed_body=0.0. Banner checks are advisory; review against the source before treating this as a parser defect.,"119sdoc5|banner_check_missing|96|SECRETARY, MAJORITY CONFERENCE COMM (D)|2024|BANNER NET PAYROLL|0.0"
warning,banner_check_missing,119sdoc5,GPO-CDOC-119sdoc5-1.pdf,100,PRES PRO TEM EMERITUS (R),2023,BANNER NET PAYROLL,0.0,status=banner_missing; banner=0.0; parsed_body=0.0. Banner checks are advisory; review against the source before treating this as a parser defect.,119sdoc5|banner_check_missing|100|PRES PRO TEM EMERITUS (R)|2023|BANNER NET PAYROLL|0.0
warning,banner_check_missing,119sdoc5,GPO-CDOC-119sdoc5-1.pdf,101,PRES PRO TEM EMERITUS (R),2024,BANNER NET PAYROLL,0.0,status=banner_missing; banner=0.0; parsed_body=0.0. Banner checks are advisory; review against the source before treating this as a parser defect.,119sdoc5|banner_check_missing|101|PRES PRO TEM EMERITUS (R)|2024|BANNER NET PAYROLL|0.0
warning,banner_check_missing,119sdoc5,GPO-CDOC-119sdoc5-1.pdf,102,PRES PRO TEM EMERITUS (R),2025,BANNER NET PAYROLL,0.0,status=banner_missing; banner=0.0; parsed_body=0.0. Banner checks are advisory; review against the source before treating this as a parser defect.,119sdoc5|banner_check_missing|102|PRES PRO TEM EMERITUS (R)|2025|BANNER NET PAYROLL|0.0
warning,banner_check_missing,119sdoc5,GPO-CDOC-119sdoc5-1.pdf,104,MINORITY LEADER (R),2023,BANNER NET PAYROLL,0.0,status=banner_missing; banner=0.0; parsed_body=0.0. Banner checks are advisory; review against the source before treating this as a parser defect.,119sdoc5|banner_check_missing|104|MINORITY LEADER (R)|2023|BANNER NET PAYROLL|0.0
warning,banner_check_missing,119sdoc5,GPO-CDOC-119sdoc5-1.pdf,105,MINORITY LEADER (R),2023,BANNER NET PAYROLL,0.0,status=banner_missing; banner=0.0; parsed_body=0.0. Banner checks are advisory; review against the source before treating this as a parser defect.,119sdoc5|banner_check_missing|105|MINORITY LEADER (R)|2023|BANNER NET PAYROLL|0.0
warning,banner_check_missing,119sdoc5,GPO-CDOC-119sdoc5-1.pdf,106,MINORITY LEADER (R),2024,BANNER NET PAYROLL,0.0,status=banner_missing; banner=0.0; parsed_body=0.0. Banner checks are advisory; review against the source before treating this as a parser defect.,119sdoc5|banner_check_missing|106|MINORITY LEADER (R)|2024|BANNER NET PAYROLL|0.0
warning,banner_check_discrepancy,119sdoc5,GPO-CDOC-119sdoc5-1.pdf,107,MAJORITY LEADER (R),2025,BANNER NET PAYROLL,1296479.73,status=fail; banner=1296479.73; parsed_body=1396479.73. Banner checks are advisory; review against the source before treating this as a parser defect.,119sdoc5|banner_check_discrepancy|107|MAJORITY LEADER (R)|2025|BANNER NET PAYROLL|1296479.73
warning,banner_check_discrepancy,119sdoc5,GPO-CDOC-119sdoc5-1.pdf,107,MAJORITY LEADER (R),2025,BANNER ORGANIZATION TOTALS,1296479.73,status=warn; banner=1296479.73; parsed_body=1396479.73. Banner checks are advisory; review against the source before treating this as a parser defect.,119sdoc5|banner_check_discrepancy|107|MAJORITY LEADER (R)|2025|BANNER ORGANIZATION TOTALS|1296479.73
warning,banner_check_missing,119sdoc5,GPO-CDOC-119sdoc5-1.pdf,108,MINORITY WHIP (R),2023,BANNER NET PAYROLL,0.0,status=banner_missing; banner=0.0; parsed_body=0.0. Banner checks are advisory; review against the source before treating this as a parser defect.,119sdoc5|banner_check_missing|108|MINORITY WHIP (R)|2023|BANNER NET PAYROLL|0.0
warning,banner_check_missing,119sdoc5,GPO-CDOC-119sdoc5-1.pdf,109,MINORITY WHIP (R),2024,BANNER NET PAYROLL,0.0,status=banner_missing; banner=0.0; parsed_body=0.0. Banner checks are advisory; review against the source before treating this as a parser defect.,119sdoc5|banner_check_missing|109|MINORITY WHIP (R)|2024|BANNER NET PAYROLL|0.0
warning,banner_check_missing,119sdoc5,GPO-CDOC-119sdoc5-1.pdf,111,MINORITY CONFERENCE COMMITTEE (R),2023,BANNER NET PAYROLL,0.0,status=banner_missing; banner=0.0; parsed_body=0.0. Banner checks are advisory; review against the source before treating this as a parser defect.,119sdoc5|banner_check_missing|111|MINORITY CONFERENCE COMMITTEE (R)|2023|BANNER NET PAYROLL|0.0
warning,banner_check_missing,119sdoc5,GPO-CDOC-119sdoc5-1.pdf,112,MINORITY CONFERENCE COMMITTEE (R),2024,BANNER NET PAYROLL,0.0,status=banner_missing; banner=0.0; parsed_body=0.0. Banner checks are advisory; review against the source before treating this as a parser defect.,119sdoc5|banner_check_missing|112|MINORITY CONFERENCE COMMITTEE (R)|2024|BANNER NET PAYROLL|0.0
warning,banner_check_missing,119sdoc5,GPO-CDOC-119sdoc5-1.pdf,114,MINORITY POLICY COMMITTEE (R),2023,BANNER NET PAYROLL,0.0,status=banner_missing; banner=0.0; parsed_body=0.0. Banner checks are advisory; review against the source before treating this as a parser defect.,119sdoc5|banner_check_missing|114|MINORITY POLICY COMMITTEE (R)|2023|BANNER NET PAYROLL|0.0
warning,banner_check_missing,119sdoc5,GPO-CDOC-119sdoc5-1.pdf,115,MINORITY POLICY COMMITTEE (R),2024,BANNER NET PAYROLL,0.0,status=banner_missing; banner=0.0; parsed_body=0.0. Banner checks are advisory; review against the source before treating this as a parser defect.,119sdoc5|banner_check_missing|115|MINORITY POLICY COMMITTEE (R)|2024|BANNER NET PAYROLL|0.0
warning,banner_check_missing,119sdoc5,GPO-CDOC-119sdoc5-1.pdf,117,"SECRETARY, MINORITY CONFERENCE COMM (R)",2023,BANNER NET PAYROLL,0.0,status=banner_missing; banner=0.0; parsed_body=0.0. Banner checks are advisory; review against the source before treating this as a parser defect.,"119sdoc5|banner_check_missing|117|SECRETARY, MINORITY CONFERENCE COMM (R)|2023|BANNER NET PAYROLL|0.0"
warning,banner_check_missing,119sdoc5,GPO-CDOC-119sdoc5-1.pdf,118,"SECRETARY, MINORITY CONFERENCE COMM (R)",2024,BANNER NET PAYROLL,0.0,status=banner_missing; banner=0.0; parsed_body=0.0. Banner checks are advisory; review against the source before treating this as a parser defect.,"119sdoc5|banner_check_missing|118|SECRETARY, MINORITY CONFERENCE COMM (R)|2024|BANNER NET PAYROLL|0.0"
warning,banner_check_missing,119sdoc5,GPO-CDOC-119sdoc5-1.pdf,120,SECRETARY FOR THE MAJORITY (D),2023,BANNER NET PAYROLL,0.0,status=banner_missing; banner=0.0; parsed_body=0.0. Banner checks are advisory; review against the source before treating this as a parser defect.,119sdoc5|banner_check_missing|120|SECRETARY FOR THE MAJORITY (D)|2023|BANNER NET PAYROLL|0.0
warning,banner_check_missing,119sdoc5,GPO-CDOC-119sdoc5-1.pdf,121,SECRETARY FOR THE MAJORITY (D),2024,BANNER NET PAYROLL,0.0,status=banner_missing; banner=0.0; parsed_body=0.0. Banner checks are advisory; review against the source before treating this as a parser defect.,119sdoc5|banner_check_missing|121|SECRETARY FOR THE MAJORITY (D)|2024|BANNER NET PAYROLL|0.0
warning,banner_check_missing,119sdoc5,GPO-CDOC-119sdoc5-1.pdf,123,SECRETARY FOR THE MINORITY (R),2023,BANNER NET PAYROLL,0.0,status=banner_missing; banner=0.0; parsed_body=0.0. Banner checks are advisory; review against the source before treating this as a parser defect.,119sdoc5|banner_check_missing|123|SECRETARY FOR THE MINORITY (R)|2023|BANNER NET PAYROLL|0.0
warning,banner_check_missing,119sdoc5,GPO-CDOC-119sdoc5-1.pdf,124,SECRETARY FOR THE MINORITY (R),2024,BANNER NET PAYROLL,0.0,status=banner_missing; banner=0.0; parsed_body=0.0. Banner checks are advisory; review against the source before treating this as a parser defect.,119sdoc5|banner_check_missing|124|SECRETARY FOR THE MINORITY (R)|2024|BANNER NET PAYROLL|0.0
warning,banner_check_missing,119sdoc5,GPO-CDOC-119sdoc5-1.pdf,126,SERGEANT AT ARMS AND DOORKEEPER OF THE SENATE,2023,BANNER NET PAYROLL,0.0,status=banner_missing; banner=0.0; parsed_body=0.0. Banner checks are advisory; review against the source before treating this as a parser defect.,119sdoc5|banner_check_missing|126|SERGEANT AT ARMS AND DOORKEEPER OF THE SENATE|2023|BANNER NET PAYROLL|0.0
warning,banner_check_missing,119sdoc5,GPO-CDOC-119sdoc5-1.pdf,127,SERGEANT AT ARMS AND DOORKEEPER OF THE SENATE,2024,BANNER NET PAYROLL,0.0,status=banner_missing; banner=0.0; parsed_body=0.0. Banner checks are advisory; review against the source before treating this as a parser defect.,119sdoc5|banner_check_missing|127|SERGEANT AT ARMS AND DOORKEEPER OF THE SENATE|2024|BANNER NET PAYROLL|0.0
warning,banner_check_discrepancy,119sdoc5,GPO-CDOC-119sdoc5-1.pdf,128,SERGEANT AT ARMS AND DOORKEEPER OF THE SENATE,2025,BANNER NET PAYROLL,57289771.24,status=fail; banner=57289771.24; parsed_body=57781868.01. Banner checks are advisory; review against the source before treating this as a parser defect.,119sdoc5|banner_check_discrepancy|128|SERGEANT AT ARMS AND DOORKEEPER OF THE SENATE|2025|BANNER NET PAYROLL|57289771.24
warning,banner_check_discrepancy,119sdoc5,GPO-CDOC-119sdoc5-1.pdf,128,SERGEANT AT ARMS AND DOORKEEPER OF THE SENATE,2025,BANNER ORGANIZATION TOTALS,57289771.24,status=warn; banner=57289771.24; parsed_body=57781868.01. Banner checks are advisory; review against the source before treating this as a parser defect.,119sdoc5|banner_check_discrepancy|128|SERGEANT AT ARMS AND DOORKEEPER OF THE SENATE|2025|BANNER ORGANIZATION TOTALS|57289771.24
warning,banner_check_missing,119sdoc5,GPO-CDOC-119sdoc5-1.pdf,152,SECRETARY OF THE SENATE,2023,BANNER NET PAYROLL,0.0,status=banner_missing; banner=0.0; parsed_body=0.0. Banner checks are advisory; review against the source before treating this as a parser defect.,119sdoc5|banner_check_missing|152|SECRETARY OF THE SENATE|2023|BANNER NET PAYROLL|0.0
warning,banner_check_missing,119sdoc5,GPO-CDOC-119sdoc5-1.pdf,153,SECRETARY OF THE SENATE,2023,BANNER NET PAYROLL,0.0,status=banner_missing; banner=0.0; parsed_body=0.0. Banner checks are advisory; review against the source before treating this as a parser defect.,119sdoc5|banner_check_missing|153|SECRETARY OF THE SENATE|2023|BANNER NET PAYROLL|0.0
warning,banner_check_missing,119sdoc5,GPO-CDOC-119sdoc5-1.pdf,154,SECRETARY OF THE SENATE,2024,BANNER NET PAYROLL,0.0,status=banner_missing; banner=0.0; parsed_body=0.0. Banner checks are advisory; review against the source before treating this as a parser defect.,119sdoc5|banner_check_missing|154|SECRETARY OF THE SENATE|2024|BANNER NET PAYROLL|0.0
warning,banner_check_missing,119sdoc5,GPO-CDOC-119sdoc5-1.pdf,155,SECRETARY OF THE SENATE,2024,BANNER NET PAYROLL,40000.0,status=banner_missing; banner=40000.0; parsed_body=0.0. Banner checks are advisory; review against the source before treating this as a parser defect.,119sdoc5|banner_check_missing|155|SECRETARY OF THE SENATE|2024|BANNER NET PAYROLL|40000.0
warning,banner_check_discrepancy,119sdoc5,GPO-CDOC-119sdoc5-1.pdf,155,SECRETARY OF THE SENATE,2024,BANNER ORGANIZATION TOTALS,40000.0,status=warn; banner=40000.0; parsed_body=0.0. Banner checks are advisory; review against the source before treating this as a parser defect.,119sdoc5|banner_check_discrepancy|155|SECRETARY OF THE SENATE|2024|BANNER ORGANIZATION TOTALS|40000.0
warning,banner_check_discrepancy,119sdoc5,GPO-CDOC-119sdoc5-1.pdf,156,SECRETARY OF THE SENATE,2025,BANNER NET PAYROLL,14685457.53,status=fail; banner=14685457.53; parsed_body=15597457.53. Banner checks are advisory; review against the source before treating this as a parser defect.,119sdoc5|banner_check_discrepancy|156|SECRETARY OF THE SENATE|2025|BANNER NET PAYROLL|14685457.53
warning,banner_check_discrepancy,119sdoc5,GPO-CDOC-119sdoc5-1.pdf,156,SECRETARY OF THE SENATE,2025,BANNER ORGANIZATION TOTALS,14685457.53,status=warn; banner=14685457.53; parsed_body=15597457.53. Banner checks are advisory; review against the source before treating this as a parser defect.,119sdoc5|banner_check_discrepancy|156|SECRETARY OF THE SENATE|2025|BANNER ORGANIZATION TOTALS|14685457.53
warning,banner_check_missing,119sdoc5,GPO-CDOC-119sdoc5-1.pdf,162,SECRETARY OF THE SENATE,2025,BANNER NET PAYROLL,112000.0,status=banner_missing; banner=112000.0; parsed_body=0.0. Banner checks are advisory; review against the source before treating this as a parser defect.,119sdoc5|banner_check_missing|162|SECRETARY OF THE SENATE|2025|BANNER NET PAYROLL|112000.0
warning,banner_check_discrepancy,119sdoc5,GPO-CDOC-119sdoc5-1.pdf,162,SECRETARY OF THE SENATE,2025,BANNER ORGANIZATION TOTALS,112000.0,status=warn; banner=112000.0; parsed_body=0.0. Banner checks are advisory; review against the source before treating this as a parser defect.,119sdoc5|banner_check_discrepancy|162|SECRETARY OF THE SENATE|2025|BANNER ORGANIZATION TOTALS|112000.0
warning,banner_check_missing,119sdoc5,GPO-CDOC-119sdoc5-1.pdf,163,SECRETARY OF THE SENATE,,BANNER NET PAYROLL,760000.0,status=banner_missing; banner=760000.0; parsed_body=0.0. Banner checks are advisory; review against the source before treating this as a parser defect.,119sdoc5|banner_check_missing|163|SECRETARY OF THE SENATE||BANNER NET PAYROLL|760000.0
warning,banner_check_discrepancy,119sdoc5,GPO-CDOC-119sdoc5-1.pdf,163,SECRETARY OF THE SENATE,,BANNER ORGANIZATION TOTALS,760000.0,status=warn; banner=760000.0; parsed_body=0.0. Banner checks are advisory; review against the source before treating this as a parser defect.,119sdoc5|banner_check_discrepancy|163|SECRETARY OF THE SENATE||BANNER ORGANIZATION TOTALS|760000.0
warning,banner_check_missing,119sdoc5,GPO-CDOC-119sdoc5-1.pdf,165,PAYMENT TO NEXT OF KIN OF SENATOR,,BANNER NET PAYROLL,0.0,status=banner_missing; banner=0.0; parsed_body=0.0. Banner checks are advisory; review against the source before treating this as a parser defect.,119sdoc5|banner_check_missing|165|PAYMENT TO NEXT OF KIN OF SENATOR||BANNER NET PAYROLL|0.0
warning,banner_check_missing,119sdoc5,GPO-CDOC-119sdoc5-1.pdf,166,APPROPRIATIONS,2021,BANNER NET PAYROLL,0.0,status=banner_missing; banner=0.0; parsed_body=0.0. Banner checks are advisory; review against the source before treating this as a parser defect.,119sdoc5|banner_check_missing|166|APPROPRIATIONS|2021|BANNER NET PAYROLL|0.0
warning,banner_check_missing,119sdoc5,GPO-CDOC-119sdoc5-1.pdf,167,APPROPRIATIONS,2022,BANNER NET PAYROLL,0.0,status=banner_missing; banner=0.0; parsed_body=0.0. Banner checks are advisory; review against the source before treating this as a parser defect.,119sdoc5|banner_check_missing|167|APPROPRIATIONS|2022|BANNER NET PAYROLL|0.0
warning,banner_check_discrepancy,119sdoc5,GPO-CDOC-119sdoc5-1.pdf,168,APPROPRIATIONS,2023,BANNER ORGANIZATION TOTALS,229614.14,status=warn; banner=229614.14; parsed_body=194023.5. Banner checks are advisory; review against the source before treating this as a parser defect.,119sdoc5|banner_check_discrepancy|168|APPROPRIATIONS|2023|BANNER ORGANIZATION TOTALS|229614.14
warning,banner_check_discrepancy,119sdoc5,GPO-CDOC-119sdoc5-1.pdf,171,APPROPRIATIONS,2025,BANNER ORGANIZATION TOTALS,101332.97,status=warn; banner=101332.97; parsed_body=3150.19. Banner checks are advisory; review against the source before treating this as a parser defect.,119sdoc5|banner_check_discrepancy|171|APPROPRIATIONS|2025|BANNER ORGANIZATION TOTALS|101332.97
warning,banner_check_discrepancy,119sdoc5,GPO-CDOC-119sdoc5-1.pdf,175,CHAPLAIN,2023,BANNER ORGANIZATION TOTALS,85.32,status=warn; banner=85.32; parsed_body=18.76. Banner checks are advisory; review against the source before treating this as a parser defect.,119sdoc5|banner_check_discrepancy|175|CHAPLAIN|2023|BANNER ORGANIZATION TOTALS|85.32
warning,banner_check_discrepancy,119sdoc5,GPO-CDOC-119sdoc5-1.pdf,176,CHAPLAIN,2024,BANNER ORGANIZATION TOTALS,1787.52,status=warn; banner=1787.52; parsed_body=66.29. Banner checks are advisory; review against the source before treating this as a parser defect.,119sdoc5|banner_check_discrepancy|176|CHAPLAIN|2024|BANNER ORGANIZATION TOTALS|1787.52
warning,banner_check_discrepancy,119sdoc5,GPO-CDOC-119sdoc5-1.pdf,178,CHAPLAIN,2025,BANNER ORGANIZATION TOTALS,7569.7,status=warn; banner=7569.7; parsed_body=61.68. Banner checks are advisory; review against the source before treating this as a parser defect.,119sdoc5|banner_check_discrepancy|178|CHAPLAIN|2025|BANNER ORGANIZATION TOTALS|7569.7
warning,banner_check_missing,119sdoc5,GPO-CDOC-119sdoc5-1.pdf,180,MAJORITY CONFERENCE COMMITTEE (D),2021,BANNER NET PAYROLL,0.0,status=banner_missing; banner=0.0; parsed_body=0.0. Banner checks are advisory; review against the source before treating this as a parser defect.,119sdoc5|banner_check_missing|180|MAJORITY CONFERENCE COMMITTEE (D)|2021|BANNER NET PAYROLL|0.0
warning,banner_check_missing,119sdoc5,GPO-CDOC-119sdoc5-1.pdf,181,MAJORITY CONFERENCE COMMITTEE (D),2022,BANNER NET PAYROLL,0.0,status=banner_missing; banner=0.0; parsed_body=0.0. Banner checks are advisory; review against the source before treating this as a parser defect.,119sdoc5|banner_check_missing|181|MAJORITY CONFERENCE COMMITTEE (D)|2022|BANNER NET PAYROLL|0.0
warning,banner_check_discrepancy,119sdoc5,GPO-CDOC-119sdoc5-1.pdf,182,MAJORITY CONFERENCE COMMITTEE (D),2023,BANNER ORGANIZATION TOTALS,15937.24,status=warn; banner=15937.24; parsed_body=3481.06. Banner checks are advisory; review against the source before treating this as a parser defect.,119sdoc5|banner_check_discrepancy|182|MAJORITY CONFERENCE COMMITTEE (D)|2023|BANNER ORGANIZATION TOTALS|15937.24
warning,banner_check_missing,119sdoc5,GPO-CDOC-119sdoc5-1.pdf,184,MAJORITY CONFERENCE COMMITTEE (D),2024,BANNER NET PAYROLL,0.0,status=banner_missing; banner=0.0; parsed_body=0.0. Banner checks are advisory; review against the source before treating this as a parser defect.,119sdoc5|banner_check_missing|184|MAJORITY CONFERENCE COMMITTEE (D)|2024|BANNER NET PAYROLL|0.0
warning,banner_check_discrepancy,119sdoc5,GPO-CDOC-119sdoc5-1.pdf,185,MINORITY CONFERENCE COMMITTEE (D),2025,BANNER ORGANIZATION TOTALS,39489.21,status=warn; banner=39489.21; parsed_body=5222.43. Banner checks are advisory; review against the source before treating this as a parser defect.,119sdoc5|banner_check_discrepancy|185|MINORITY CONFERENCE COMMITTEE (D)|2025|BANNER ORGANIZATION TOTALS|39489.21
warning,banner_check_missing,119sdoc5,GPO-CDOC-119sdoc5-1.pdf,186,MAJORITY POLICY COMMITTEE (D),2021,BANNER NET PAYROLL,0.0,status=banner_missing; banner=0.0; parsed_body=0.0. Banner checks are advisory; review against the source before treating this as a parser defect.,119sdoc5|banner_check_missing|186|MAJORITY POLICY COMMITTEE (D)|2021|BANNER NET PAYROLL|0.0
warning,banner_check_missing,119sdoc5,GPO-CDOC-119sdoc5-1.pdf,187,MAJORITY POLICY COMMITTEE (D),2022,BANNER NET PAYROLL,0.0,status=banner_missing; banner=0.0; parsed_body=0.0. Banner checks are advisory; review against the source before treating this as a parser defect.,119sdoc5|banner_check_missing|187|MAJORITY POLICY COMMITTEE (D)|2022|BANNER NET PAYROLL|0.0
warning,banner_check_missing,119sdoc5,GPO-CDOC-119sdoc5-1.pdf,189,MAJORITY POLICY COMMITTEE (D),2024,BANNER NET PAYROLL,0.0,status=banner_missing; banner=0.0; parsed_body=0.0. Banner checks are advisory; review against the source before treating this as a parser defect.,119sdoc5|banner_check_missing|189|MAJORITY POLICY COMMITTEE (D)|2024|BANNER NET PAYROLL|0.0
warning,banner_check_discrepancy,119sdoc5,GPO-CDOC-119sdoc5-1.pdf,190,MINORITY POLICY COMMITTEE (D),2025,BANNER ORGANIZATION TOTALS,15383.0,status=warn; banner=15383.0; parsed_body=5204.59. Banner checks are advisory; review against the source before treating this as a parser defect.,119sdoc5|banner_check_discrepancy|190|MINORITY POLICY COMMITTEE (D)|2025|BANNER ORGANIZATION TOTALS|15383.0
warning,banner_check_missing,119sdoc5,GPO-CDOC-119sdoc5-1.pdf,192,SECRETARY FOR THE MAJORITY (D),2024,BANNER NET PAYROLL,0.0,status=banner_missing; banner=0.0; parsed_body=0.0. Banner checks are advisory; review against the source before treating this as a parser defect.,119sdoc5|banner_check_missing|192|SECRETARY FOR THE MAJORITY (D)|2024|BANNER NET PAYROLL|0.0
warning,banner_check_missing,119sdoc5,GPO-CDOC-119sdoc5-1.pdf,193,MINORITY LEADER (R),2023,BANNER NET PAYROLL,0.0,status=banner_missing; banner=0.0; parsed_body=0.0. Banner checks are advisory; review against the source before treating this as a parser defect.,119sdoc5|banner_check_missing|193|MINORITY LEADER (R)|2023|BANNER NET PAYROLL|0.0
warning,banner_check_missing,119sdoc5,GPO-CDOC-119sdoc5-1.pdf,194,MINORITY LEADER (R),2024,BANNER NET PAYROLL,0.0,status=banner_missing; banner=0.0; parsed_body=0.0. Banner checks are advisory; review against the source before treating this as a parser defect.,119sdoc5|banner_check_missing|194|MINORITY LEADER (R)|2024|BANNER NET PAYROLL|0.0
warning,banner_check_discrepancy,119sdoc5,GPO-CDOC-119sdoc5-1.pdf,195,MAJORITY LEADER (R),2025,BANNER ORGANIZATION TOTALS,24486.38,status=warn; banner=24486.38; parsed_body=2377.35. Banner checks are advisory; review against the source before treating this as a parser defect.,119sdoc5|banner_check_discrepancy|195|MAJORITY LEADER (R)|2025|BANNER ORGANIZATION TOTALS|24486.38
warning,banner_check_discrepancy,119sdoc5,GPO-CDOC-119sdoc5-1.pdf,198,MAJORITY WHIP (R),2025,BANNER ORGANIZATION TOTALS,8399.0,status=warn; banner=8399.0; parsed_body=7380.63. Banner checks are advisory; review against the source before treating this as a parser defect.,119sdoc5|banner_check_discrepancy|198|MAJORITY WHIP (R)|2025|BANNER ORGANIZATION TOTALS|8399.0
warning,banner_check_missing,119sdoc5,GPO-CDOC-119sdoc5-1.pdf,199,MINORITY CONFERENCE COMMITTEE (R),2021,BANNER NET PAYROLL,0.0,status=banner_missing; banner=0.0; parsed_body=0.0. Banner checks are advisory; review against the source before treating this as a parser defect.,119sdoc5|banner_check_missing|199|MINORITY CONFERENCE COMMITTEE (R)|2021|BANNER NET PAYROLL|0.0
warning,banner_check_missing,119sdoc5,GPO-CDOC-119sdoc5-1.pdf,200,MINORITY CONFERENCE COMMITTEE (R),2022,BANNER NET PAYROLL,0.0,status=banner_missing; banner=0.0; parsed_body=0.0. Banner checks are advisory; review against the source before treating this as a parser defect.,119sdoc5|banner_check_missing|200|MINORITY CONFERENCE COMMITTEE (R)|2022|BANNER NET PAYROLL|0.0
warning,banner_check_missing,119sdoc5,GPO-CDOC-119sdoc5-1.pdf,201,MINORITY CONFERENCE COMMITTEE (R),2023,BANNER NET PAYROLL,0.0,status=banner_missing; banner=0.0; parsed_body=0.0. Banner checks are advisory; review against the source before treating this as a parser defect.,119sdoc5|banner_check_missing|201|MINORITY CONFERENCE COMMITTEE (R)|2023|BANNER NET PAYROLL|0.0
warning,banner_check_discrepancy,119sdoc5,GPO-CDOC-119sdoc5-1.pdf,202,MINORITY CONFERENCE COMMITTEE (R),2023,BANNER ORGANIZATION TOTALS,107119.5,status=warn; banner=107119.5; parsed_body=91494.19. Banner checks are advisory; review against the source before treating this as a parser defect.,119sdoc5|banner_check_discrepancy|202|MINORITY CONFERENCE COMMITTEE (R)|2023|BANNER ORGANIZATION TOTALS|107119.5
warning,banner_check_discrepancy,119sdoc5,GPO-CDOC-119sdoc5-1.pdf,208,MINORITY CONFERENCE COMMITTEE (R),2024,BANNER ORGANIZATION TOTALS,36201.52,status=warn; banner=36201.52; parsed_body=34663.77. Banner checks are advisory; review against the source before treating this as a parser defect.,119sdoc5|banner_check_discrepancy|208|MINORITY CONFERENCE COMMITTEE (R)|2024|BANNER ORGANIZATION TOTALS|36201.52
warning,banner_check_discrepancy,119sdoc5,GPO-CDOC-119sdoc5-1.pdf,209,MAJORITY CONFERENCE COMMITTEE (R),2025,BANNER ORGANIZATION TOTALS,25114.06,status=warn; banner=25114.06; parsed_body=20293.51. Banner checks are advisory; review against the source before treating this as a parser defect.,119sdoc5|banner_check_discrepancy|209|MAJORITY CONFERENCE COMMITTEE (R)|2025|BANNER ORGANIZATION TOTALS|25114.06
warning,banner_check_missing,119sdoc5,GPO-CDOC-119sdoc5-1.pdf,210,MINORITY POLICY COMMITTEE (R),2021,BANNER NET PAYROLL,0.0,status=banner_missing; banner=0.0; parsed_body=0.0. Banner checks are advisory; review against the source before treating this as a parser defect.,119sdoc5|banner_check_missing|210|MINORITY POLICY COMMITTEE (R)|2021|BANNER NET PAYROLL|0.0
warning,banner_check_missing,119sdoc5,GPO-CDOC-119sdoc5-1.pdf,211,MINORITY POLICY COMMITTEE (R),2022,BANNER NET PAYROLL,0.0,status=banner_missing; banner=0.0; parsed_body=0.0. Banner checks are advisory; review against the source before treating this as a parser defect.,119sdoc5|banner_check_missing|211|MINORITY POLICY COMMITTEE (R)|2022|BANNER NET PAYROLL|0.0
warning,banner_check_discrepancy,119sdoc5,GPO-CDOC-119sdoc5-1.pdf,212,MINORITY POLICY COMMITTEE (R),2023,BANNER ORGANIZATION TOTALS,1393.11,status=warn; banner=1393.11; parsed_body=405.3. Banner checks are advisory; review against the source before treating this as a parser defect.,119sdoc5|banner_check_discrepancy|212|MINORITY POLICY COMMITTEE (R)|2023|BANNER ORGANIZATION TOTALS|1393.11
warning,banner_check_missing,119sdoc5,GPO-CDOC-119sdoc5-1.pdf,213,MINORITY POLICY COMMITTEE (R),2023,BANNER NET PAYROLL,0.0,status=banner_missing; banner=0.0; parsed_body=0.0. Banner checks are advisory; review against the source before treating this as a parser defect.,119sdoc5|banner_check_missing|213|MINORITY POLICY COMMITTEE (R)|2023|BANNER NET PAYROLL|0.0
warning,banner_check_missing,119sdoc5,GPO-CDOC-119sdoc5-1.pdf,214,MINORITY POLICY COMMITTEE (R),2024,BANNER NET PAYROLL,0.0,status=banner_missing; banner=0.0; parsed_body=0.0. Banner checks are advisory; review against the source before treating this as a parser defect.,119sdoc5|banner_check_missing|214|MINORITY POLICY COMMITTEE (R)|2024|BANNER NET PAYROLL|0.0
warning,banner_check_discrepancy,119sdoc5,GPO-CDOC-119sdoc5-1.pdf,214,MINORITY POLICY COMMITTEE (R),2024,BANNER ORGANIZATION TOTALS,5963.17,status=warn; banner=5963.17; parsed_body=3458.04. Banner checks are advisory; review against the source before treating this as a parser defect.,119sdoc5|banner_check_discrepancy|214|MINORITY POLICY COMMITTEE (R)|2024|BANNER ORGANIZATION TOTALS|5963.17
warning,banner_check_discrepancy,119sdoc5,GPO-CDOC-119sdoc5-1.pdf,216,MAJORITY POLICY COMMITTEE (R),2025,BANNER ORGANIZATION TOTALS,812.65,status=warn; banner=812.65; parsed_body=0.0. Banner checks are advisory; review against the source before treating this as a parser defect.,119sdoc5|banner_check_discrepancy|216|MAJORITY POLICY COMMITTEE (R)|2025|BANNER ORGANIZATION TOTALS|812.65
warning,banner_check_discrepancy,119sdoc5,GPO-CDOC-119sdoc5-1.pdf,217,MAJORITY POLICY COMMITTEE (R),2025,BANNER ORGANIZATION TOTALS,37542.86,status=warn; banner=37542.86; parsed_body=6185.66. Banner checks are advisory; review against the source before treating this as a parser defect.,119sdoc5|banner_check_discrepancy|217|MAJORITY POLICY COMMITTEE (R)|2025|BANNER ORGANIZATION TOTALS|37542.86
warning,banner_check_missing,119sdoc5,GPO-CDOC-119sdoc5-1.pdf,221,SENATE CHILD CARE CENTER,2021,BANNER NET PAYROLL,0.0,status=banner_missing; banner=0.0; parsed_body=0.0. Banner checks are advisory; review against the source before treating this as a parser defect.,119sdoc5|banner_check_missing|221|SENATE CHILD CARE CENTER|2021|BANNER NET PAYROLL|0.0
warning,banner_check_missing,119sdoc5,GPO-CDOC-119sdoc5-1.pdf,222,SENATE CHILD CARE – AGENCY CONTRIBUTIONS – P.L. 102-90,2022,BANNER NET PAYROLL,0.0,status=banner_missing; banner=0.0; parsed_body=0.0. Banner checks are advisory; review against the source before treating this as a parser defect.,119sdoc5|banner_check_missing|222|SENATE CHILD CARE – AGENCY CONTRIBUTIONS – P.L. 102-90|2022|BANNER NET PAYROLL|0.0
warning,banner_check_discrepancy,119sdoc5,GPO-CDOC-119sdoc5-1.pdf,225,SENATE CHILD CARE – AGENCY CONTRIBUTIONS – P.L. 102-90,2023,BANNER ORGANIZATION TOTALS,38458.27,status=fail; banner=38458.27; parsed_body=38149.1. Banner checks are advisory; review against the source before treating this as a parser defect.,119sdoc5|banner_check_discrepancy|225|SENATE CHILD CARE – AGENCY CONTRIBUTIONS – P.L. 102-90|2023|BANNER ORGANIZATION TOTALS|38458.27
warning,banner_check_discrepancy,119sdoc5,GPO-CDOC-119sdoc5-1.pdf,228,SENATE CHILD CARE – AGENCY CONTRIBUTIONS – P.L. 102-90,2024,BANNER NET PAYROLL,13236.74,status=fail; banner=13236.74; parsed_body=13908.0. Banner checks are advisory; review against the source before treating this as a parser defect.,119sdoc5|banner_check_discrepancy|228|SENATE CHILD CARE – AGENCY CONTRIBUTIONS – P.L. 102-90|2024|BANNER NET PAYROLL|13236.74
warning,banner_check_discrepancy,119sdoc5,GPO-CDOC-119sdoc5-1.pdf,228,SENATE CHILD CARE – AGENCY CONTRIBUTIONS – P.L. 102-90,2024,BANNER ORGANIZATION TOTALS,13347.92,status=fail; banner=13347.92; parsed_body=13908.0. Banner checks are advisory; review against the source before treating this as a parser defect.,119sdoc5|banner_check_discrepancy|228|SENATE CHILD CARE – AGENCY CONTRIBUTIONS – P.L. 102-90|2024|BANNER ORGANIZATION TOTALS|13347.92
warning,banner_check_missing,119sdoc5,GPO-CDOC-119sdoc5-1.pdf,231,SENATE CHILD CARE – AGENCY CONTRIBUTIONS – P.L. 102-90,2025,BANNER NET PAYROLL,80184.42,status=banner_missing; banner=80184.42; parsed_body=0.0. Banner checks are advisory; review against the source before treating this as a parser defect.,119sdoc5|banner_check_missing|231|SENATE CHILD CARE – AGENCY CONTRIBUTIONS – P.L. 102-90|2025|BANNER NET PAYROLL|80184.42
warning,banner_check_discrepancy,119sdoc5,GPO-CDOC-119sdoc5-1.pdf,231,SENATE CHILD CARE – AGENCY CONTRIBUTIONS – P.L. 102-90,2025,BANNER ORGANIZATION TOTALS,197530.15,status=fail; banner=197530.15; parsed_body=0.0. Banner checks are advisory; review against the source before treating this as a parser defect.,119sdoc5|banner_check_discrepancy|231|SENATE CHILD CARE – AGENCY CONTRIBUTIONS – P.L. 102-90|2025|BANNER ORGANIZATION TOTALS|197530.15
warning,banner_check_discrepancy,119sdoc5,GPO-CDOC-119sdoc5-1.pdf,232,SENATE CHILD CARE – SALARY REIMBURSEMENT – S. RES. 329,2025,BANNER ORGANIZATION TOTALS,90969.9,status=fail; banner=90969.9; parsed_body=0.0. Banner checks are advisory; review against the source before treating this as a parser defect.,119sdoc5|banner_check_discrepancy|232|SENATE CHILD CARE – SALARY REIMBURSEMENT – S. RES. 329|2025|BANNER ORGANIZATION TOTALS|90969.9
warning,banner_check_missing,119sdoc5,GPO-CDOC-119sdoc5-1.pdf,234,CONSULTANTS,2021,BANNER NET PAYROLL,0.0,status=banner_missing; banner=0.0; parsed_body=0.0. Banner checks are advisory; review against the source before treating this as a parser defect.,119sdoc5|banner_check_missing|234|CONSULTANTS|2021|BANNER NET PAYROLL|0.0
warning,banner_check_missing,119sdoc5,GPO-CDOC-119sdoc5-1.pdf,235,CONSULTANTS,2022,BANNER NET PAYROLL,0.0,status=banner_missing; banner=0.0; parsed_body=0.0. Banner checks are advisory; review against the source before treating this as a parser defect.,119sdoc5|banner_check_missing|235|CONSULTANTS|2022|BANNER NET PAYROLL|0.0
warning,banner_check_missing,119sdoc5,GPO-CDOC-119sdoc5-1.pdf,236,CONSULTANTS,2023,BANNER NET PAYROLL,0.0,status=banner_missing; banner=0.0; parsed_body=0.0. Banner checks are advisory; review against the source before treating this as a parser defect.,119sdoc5|banner_check_missing|236|CONSULTANTS|2023|BANNER NET PAYROLL|0.0
warning,banner_check_missing,119sdoc5,GPO-CDOC-119sdoc5-1.pdf,237,CONSULTANTS,2024,BANNER NET PAYROLL,0.0,status=banner_missing; banner=0.0; parsed_body=0.0. Banner checks are advisory; review against the source before treating this as a parser defect.,119sdoc5|banner_check_missing|237|CONSULTANTS|2024|BANNER NET PAYROLL|0.0
warning,banner_check_discrepancy,119sdoc5,GPO-CDOC-119sdoc5-1.pdf,238,CONSULTANTS,2025,BANNER ORGANIZATION TOTALS,4306121.67,status=fail; banner=4306121.67; parsed_body=4323676.12. Banner checks are advisory; review against the source before treating this as a parser defect.,119sdoc5|banner_check_discrepancy|238|CONSULTANTS|2025|BANNER ORGANIZATION TOTALS|4306121.67
warning,banner_check_missing,119sdoc5,GPO-CDOC-119sdoc5-1.pdf,240,FEDERAL EMPLOYEES COMPENSATION ACCOUNT,2021,BANNER NET PAYROLL,0.0,status=banner_missing; banner=0.0; parsed_body=0.0. Banner checks are advisory; review against the source before treating this as a parser defect.,119sdoc5|banner_check_missing|240|FEDERAL EMPLOYEES COMPENSATION ACCOUNT|2021|BANNER NET PAYROLL|0.0
warning,banner_check_discrepancy,119sdoc5,GPO-CDOC-119sdoc5-1.pdf,255,POSTAGE,2025,BANNER ORGANIZATION TOTALS,2698.66,status=warn; banner=2698.66; parsed_body=0.0. Banner checks are advisory; review against the source before treating this as a parser defect.,119sdoc5|banner_check_discrepancy|255|POSTAGE|2025|BANNER ORGANIZATION TOTALS|2698.66
warning,banner_check_discrepancy,119sdoc5,GPO-CDOC-119sdoc5-1.pdf,258,MOBILE COMMUNICATIONS DEVICES,2023,BANNER ORGANIZATION TOTALS,13158.73,status=warn; banner=13158.73; parsed_body=0.0. Banner checks are advisory; review against the source before treating this as a parser defect.,119sdoc5|banner_check_discrepancy|258|MOBILE COMMUNICATIONS DEVICES|2023|BANNER ORGANIZATION TOTALS|13158.73
warning,banner_check_discrepancy,119sdoc5,GPO-CDOC-119sdoc5-1.pdf,259,MOBILE COMMUNICATIONS DEVICES,2024,BANNER ORGANIZATION TOTALS,13226.58,status=warn; banner=13226.58; parsed_body=5331.14. Banner checks are advisory; review against the source before treating this as a parser defect.,119sdoc5|banner_check_discrepancy|259|MOBILE COMMUNICATIONS DEVICES|2024|BANNER ORGANIZATION TOTALS|13226.58
warning,banner_check_discrepancy,119sdoc5,GPO-CDOC-119sdoc5-1.pdf,260,MOBILE COMMUNICATIONS DEVICES,2025,BANNER ORGANIZATION TOTALS,11901.27,status=fail; banner=11901.27; parsed_body=13868.36. Banner checks are advisory; review against the source before treating this as a parser defect.,119sdoc5|banner_check_discrepancy|260|MOBILE COMMUNICATIONS DEVICES|2025|BANNER ORGANIZATION TOTALS|11901.27
warning,banner_check_missing,119sdoc5,GPO-CDOC-119sdoc5-1.pdf,261,RESERVE FOR CONTINGENCIES,2021,BANNER NET PAYROLL,0.0,status=banner_missing; banner=0.0; parsed_body=0.0. Banner checks are advisory; review against the source before treating this as a parser defect.,119sdoc5|banner_check_missing|261|RESERVE FOR CONTINGENCIES|2021|BANNER NET PAYROLL|0.0
warning,banner_check_missing,119sdoc5,GPO-CDOC-119sdoc5-1.pdf,262,RESERVE FOR CONTINGENCIES,2022,BANNER NET PAYROLL,0.0,status=banner_missing; banner=0.0; parsed_body=0.0. Banner checks are advisory; review against the source before treating this as a parser defect.,119sdoc5|banner_check_missing|262|RESERVE FOR CONTINGENCIES|2022|BANNER NET PAYROLL|0.0
warning,banner_check_discrepancy,119sdoc5,GPO-CDOC-119sdoc5-1.pdf,263,RESERVE FOR CONTINGENCIES,2023,BANNER ORGANIZATION TOTALS,236433.04,status=fail; banner=236433.04; parsed_body=152836.5. Banner checks are advisory; review against the source before treating this as a parser defect.,119sdoc5|banner_check_discrepancy|263|RESERVE FOR CONTINGENCIES|2023|BANNER ORGANIZATION TOTALS|236433.04
warning,banner_check_missing,119sdoc5,GPO-CDOC-119sdoc5-1.pdf,264,RESERVE FOR CONTINGENCIES,2024,BANNER NET PAYROLL,103378.27,status=banner_missing; banner=103378.27; parsed_body=0.0. Banner checks are advisory; review against the source before treating this as a parser defect.,119sdoc5|banner_check_missing|264|RESERVE FOR CONTINGENCIES|2024|BANNER NET PAYROLL|103378.27
warning,banner_check_discrepancy,119sdoc5,GPO-CDOC-119sdoc5-1.pdf,264,RESERVE FOR CONTINGENCIES,2024,BANNER ORGANIZATION TOTALS,83596.54,status=fail; banner=83596.54; parsed_body=19781.73. Banner checks are advisory; review against the source before treating this as a parser defect.,119sdoc5|banner_check_discrepancy|264|RESERVE FOR CONTINGENCIES|2024|BANNER ORGANIZATION TOTALS|83596.54
warning,banner_check_discrepancy,119sdoc5,GPO-CDOC-119sdoc5-1.pdf,265,RESERVE FOR CONTINGENCIES,2025,BANNER ORGANIZATION TOTALS,2675.98,status=fail; banner=2675.98; parsed_body=0.0. Banner checks are advisory; review against the source before treating this as a parser defect.,119sdoc5|banner_check_discrepancy|265|RESERVE FOR CONTINGENCIES|2025|BANNER ORGANIZATION TOTALS|2675.98
warning,banner_check_discrepancy,119sdoc5,GPO-CDOC-119sdoc5-1.pdf,270,RECEPTION OF FOREIGN DIGNITARIES,2025,BANNER ORGANIZATION TOTALS,723.1,status=warn; banner=723.1; parsed_body=0.0. Banner checks are advisory; review against the source before treating this as a parser defect.,119sdoc5|banner_check_discrepancy|270|RECEPTION OF FOREIGN DIGNITARIES|2025|BANNER ORGANIZATION TOTALS|723.1
warning,banner_check_missing,119sdoc5,GPO-CDOC-119sdoc5-1.pdf,271,RESOLUTION AND REORGANIZATION RESERVE,2021,BANNER NET PAYROLL,0.0,status=banner_missing; banner=0.0; parsed_body=0.0. Banner checks are advisory; review against the source before treating this as a parser defect.,119sdoc5|banner_check_missing|271|RESOLUTION AND REORGANIZATION RESERVE|2021|BANNER NET PAYROLL|0.0
warning,banner_check_missing,119sdoc5,GPO-CDOC-119sdoc5-1.pdf,273,RESOLUTION AND REORGANIZATION RESERVE,2023,BANNER NET PAYROLL,0.0,status=banner_missing; banner=0.0; parsed_body=0.0. Banner checks are advisory; review against the source before treating this as a parser defect.,119sdoc5|banner_check_missing|273|RESOLUTION AND REORGANIZATION RESERVE|2023|BANNER NET PAYROLL|0.0
warning,banner_check_missing,119sdoc5,GPO-CDOC-119sdoc5-1.pdf,274,RESOLUTION AND REORGANIZATION RESERVE,2024,BANNER NET PAYROLL,0.0,status=banner_missing; banner=0.0; parsed_body=0.0. Banner checks are advisory; review against the source before treating this as a parser defect.,119sdoc5|banner_check_missing|274|RESOLUTION AND REORGANIZATION RESERVE|2024|BANNER NET PAYROLL|0.0
warning,banner_check_discrepancy,119sdoc5,GPO-CDOC-119sdoc5-1.pdf,275,RESOLUTION AND REORGANIZATION RESERVE,2025,BANNER NET PAYROLL,716317.47,status=fail; banner=716317.47; parsed_body=1092949.9. Banner checks are advisory; review against the source before treating this as a parser defect.,119sdoc5|banner_check_discrepancy|275|RESOLUTION AND REORGANIZATION RESERVE|2025|BANNER NET PAYROLL|716317.47
warning,banner_check_discrepancy,119sdoc5,GPO-CDOC-119sdoc5-1.pdf,275,RESOLUTION AND REORGANIZATION RESERVE,2025,BANNER ORGANIZATION TOTALS,703379.59,status=fail; banner=703379.59; parsed_body=1134571.06. Banner checks are advisory; review against the source before treating this as a parser defect.,119sdoc5|banner_check_discrepancy|275|RESOLUTION AND REORGANIZATION RESERVE|2025|BANNER ORGANIZATION TOTALS|703379.59
warning,banner_check_missing,119sdoc5,GPO-CDOC-119sdoc5-1.pdf,278,NATL SECURITY WORKING GRP-MAJ ADMIN CO-CHAIR (FEINSTEIN),2021,BANNER NET PAYROLL,0.0,status=banner_missing; banner=0.0; parsed_body=0.0. Banner checks are advisory; review against the source before treating this as a parser defect.,119sdoc5|banner_check_missing|278|NATL SECURITY WORKING GRP-MAJ ADMIN CO-CHAIR (FEINSTEIN)|2021|BANNER NET PAYROLL|0.0
warning,banner_check_missing,119sdoc5,GPO-CDOC-119sdoc5-1.pdf,279,NATL SECURITY WORKING GRP-MAJ ADMIN CO-CHAIR (FEINSTEIN),2022,BANNER NET PAYROLL,0.0,status=banner_missing; banner=0.0; parsed_body=0.0. Banner checks are advisory; review against the source before treating this as a parser defect.,119sdoc5|banner_check_missing|279|NATL SECURITY WORKING GRP-MAJ ADMIN CO-CHAIR (FEINSTEIN)|2022|BANNER NET PAYROLL|0.0
warning,banner_check_missing,119sdoc5,GPO-CDOC-119sdoc5-1.pdf,280,NATL SECURITY WORKING GRP-MAJ ADMIN CO-CHAIR (FEINSTEIN),2023,BANNER NET PAYROLL,0.0,status=banner_missing; banner=0.0; parsed_body=0.0. Banner checks are advisory; review against the source before treating this as a parser defect.,119sdoc5|banner_check_missing|280|NATL SECURITY WORKING GRP-MAJ ADMIN CO-CHAIR (FEINSTEIN)|2023|BANNER NET PAYROLL|0.0
warning,banner_check_missing,119sdoc5,GPO-CDOC-119sdoc5-1.pdf,282,NATL SECURITY WORKING GRP-MIN ADM. CO- CHAIR (REED),2025,BANNER NET PAYROLL,100000.0,status=banner_missing; banner=100000.0; parsed_body=0.0. Banner checks are advisory; review against the source before treating this as a parser defect.,119sdoc5|banner_check_missing|282|NATL SECURITY WORKING GRP-MIN ADM. CO- CHAIR (REED)|2025|BANNER NET PAYROLL|100000.0
warning,banner_check_discrepancy,119sdoc5,GPO-CDOC-119sdoc5-1.pdf,282,NATL SECURITY WORKING GRP-MIN ADM. CO- CHAIR (REED),2025,BANNER ORGANIZATION TOTALS,100000.0,status=warn; banner=100000.0; parsed_body=0.0. Banner checks are advisory; review against the source before treating this as a parser defect.,119sdoc5|banner_check_discrepancy|282|NATL SECURITY WORKING GRP-MIN ADM. CO- CHAIR (REED)|2025|BANNER ORGANIZATION TOTALS|100000.0
warning,banner_check_missing,119sdoc5,GPO-CDOC-119sdoc5-1.pdf,283,NATL SECURITY WORKING GRP-MAJ CO- CHAIR (DURBIN),2021,BANNER NET PAYROLL,0.0,status=banner_missing; banner=0.0; parsed_body=0.0. Banner checks are advisory; review against the source before treating this as a parser defect.,119sdoc5|banner_check_missing|283|NATL SECURITY WORKING GRP-MAJ CO- CHAIR (DURBIN)|2021|BANNER NET PAYROLL|0.0
warning,banner_check_missing,119sdoc5,GPO-CDOC-119sdoc5-1.pdf,284,NATL SECURITY WORKING GRP-MAJ CO- CHAIR (DURBIN),2022,BANNER NET PAYROLL,0.0,status=banner_missing; banner=0.0; parsed_body=0.0. Banner checks are advisory; review against the source before treating this as a parser defect.,119sdoc5|banner_check_missing|284|NATL SECURITY WORKING GRP-MAJ CO- CHAIR (DURBIN)|2022|BANNER NET PAYROLL|0.0
warning,banner_check_missing,119sdoc5,GPO-CDOC-119sdoc5-1.pdf,285,NATL SECURITY WORKING GRP-MAJ CO- CHAIR (DURBIN),2023,BANNER NET PAYROLL,0.0,status=banner_missing; banner=0.0; parsed_body=0.0. Banner checks are advisory; review against the source before treating this as a parser defect.,119sdoc5|banner_check_missing|285|NATL SECURITY WORKING GRP-MAJ CO- CHAIR (DURBIN)|2023|BANNER NET PAYROLL|0.0
warning,banner_check_missing,119sdoc5,GPO-CDOC-119sdoc5-1.pdf,286,NATL SECURITY WORKING GRP-MAJ CO- CHAIR (DURBIN),2024,BANNER NET PAYROLL,0.0,status=banner_missing; banner=0.0; parsed_body=0.0. Banner checks are advisory; review against the source before treating this as a parser defect.,119sdoc5|banner_check_missing|286|NATL SECURITY WORKING GRP-MAJ CO- CHAIR (DURBIN)|2024|BANNER NET PAYROLL|0.0
warning,banner_check_missing,119sdoc5,GPO-CDOC-119sdoc5-1.pdf,287,NATL SECURITY WORKING GRP-MIN CO- CHAIR (DURBIN),2025,BANNER NET PAYROLL,60000.0,status=banner_missing; banner=60000.0; parsed_body=0.0. Banner checks are advisory; review against the source before treating this as a parser defect.,119sdoc5|banner_check_missing|287|NATL SECURITY WORKING GRP-MIN CO- CHAIR (DURBIN)|2025|BANNER NET PAYROLL|60000.0
warning,banner_check_discrepancy,119sdoc5,GPO-CDOC-119sdoc5-1.pdf,287,NATL SECURITY WORKING GRP-MIN CO- CHAIR (DURBIN),2025,BANNER ORGANIZATION TOTALS,60000.0,status=warn; banner=60000.0; parsed_body=0.0. Banner checks are advisory; review against the source before treating this as a parser defect.,119sdoc5|banner_check_discrepancy|287|NATL SECURITY WORKING GRP-MIN CO- CHAIR (DURBIN)|2025|BANNER ORGANIZATION TOTALS|60000.0
warning,banner_check_missing,119sdoc5,GPO-CDOC-119sdoc5-1.pdf,288,NATL SECURITY WORKING GRP-MAJ CO- CHAIR (REED),2021,BANNER NET PAYROLL,0.0,status=banner_missing; banner=0.0; parsed_body=0.0. Banner checks are advisory; review against the source before treating this as a parser defect.,119sdoc5|banner_check_missing|288|NATL SECURITY WORKING GRP-MAJ CO- CHAIR (REED)|2021|BANNER NET PAYROLL|0.0
warning,banner_check_missing,119sdoc5,GPO-CDOC-119sdoc5-1.pdf,289,NATL SECURITY WORKING GRP-MAJ CO- CHAIR (REED),2022,BANNER NET PAYROLL,0.0,status=banner_missing; banner=0.0; parsed_body=0.0. Banner checks are advisory; review against the source before treating this as a parser defect.,119sdoc5|banner_check_missing|289|NATL SECURITY WORKING GRP-MAJ CO- CHAIR (REED)|2022|BANNER NET PAYROLL|0.0
warning,banner_check_missing,119sdoc5,GPO-CDOC-119sdoc5-1.pdf,292,NATL SECURITY WORKING GRP-MIN CO- CHAIR (DUCKWORTH),2025,BANNER NET PAYROLL,60000.0,status=banner_missing; banner=60000.0; parsed_body=0.0. Banner checks are advisory; review against the source before treating this as a parser defect.,119sdoc5|banner_check_missing|292|NATL SECURITY WORKING GRP-MIN CO- CHAIR (DUCKWORTH)|2025|BANNER NET PAYROLL|60000.0
warning,banner_check_discrepancy,119sdoc5,GPO-CDOC-119sdoc5-1.pdf,292,NATL SECURITY WORKING GRP-MIN CO- CHAIR (DUCKWORTH),2025,BANNER ORGANIZATION TOTALS,60000.0,status=warn; banner=60000.0; parsed_body=0.0. Banner checks are advisory; review against the source before treating this as a parser defect.,119sdoc5|banner_check_discrepancy|292|NATL SECURITY WORKING GRP-MIN CO- CHAIR (DUCKWORTH)|2025|BANNER ORGANIZATION TOTALS|60000.0
warning,banner_check_missing,119sdoc5,GPO-CDOC-119sdoc5-1.pdf,293,NATL SECURITY WORKING GRP-MAJ CO- CHAIR (MENENDEZ),2021,BANNER NET PAYROLL,0.0,status=banner_missing; banner=0.0; parsed_body=0.0. Banner checks are advisory; review against the source before treating this as a parser defect.,119sdoc5|banner_check_missing|293|NATL SECURITY WORKING GRP-MAJ CO- CHAIR (MENENDEZ)|2021|BANNER NET PAYROLL|0.0
warning,banner_check_missing,119sdoc5,GPO-CDOC-119sdoc5-1.pdf,294,NATL SECURITY WORKING GRP-MAJ CO- CHAIR (MENENDEZ),2022,BANNER NET PAYROLL,0.0,status=banner_missing; banner=0.0; parsed_body=0.0. Banner checks are advisory; review against the source before treating this as a parser defect.,119sdoc5|banner_check_missing|294|NATL SECURITY WORKING GRP-MAJ CO- CHAIR (MENENDEZ)|2022|BANNER NET PAYROLL|0.0
warning,banner_check_missing,119sdoc5,GPO-CDOC-119sdoc5-1.pdf,297,NATL SECURITY WORKING GRP-MAJ LEADER (SCHUMER),2021,BANNER NET PAYROLL,0.0,status=banner_missing; banner=0.0; parsed_body=0.0. Banner checks are advisory; review against the source before treating this as a parser defect.,119sdoc5|banner_check_missing|297|NATL SECURITY WORKING GRP-MAJ LEADER (SCHUMER)|2021|BANNER NET PAYROLL|0.0
warning,banner_check_missing,119sdoc5,GPO-CDOC-119sdoc5-1.pdf,298,NATL SECURITY WORKING GRP-MAJ LEADER (SCHUMER),2022,BANNER NET PAYROLL,0.0,status=banner_missing; banner=0.0; parsed_body=0.0. Banner checks are advisory; review against the source before treating this as a parser defect.,119sdoc5|banner_check_missing|298|NATL SECURITY WORKING GRP-MAJ LEADER (SCHUMER)|2022|BANNER NET PAYROLL|0.0
warning,banner_check_missing,119sdoc5,GPO-CDOC-119sdoc5-1.pdf,299,NATL SECURITY WORKING GRP-MAJ LEADER (SCHUMER),2023,BANNER NET PAYROLL,0.0,status=banner_missing; banner=0.0; parsed_body=0.0. Banner checks are advisory; review against the source before treating this as a parser defect.,119sdoc5|banner_check_missing|299|NATL SECURITY WORKING GRP-MAJ LEADER (SCHUMER)|2023|BANNER NET PAYROLL|0.0
warning,banner_check_missing,119sdoc5,GPO-CDOC-119sdoc5-1.pdf,300,NATL SECURITY WORKING GRP-MAJ LEADER (SCHUMER),2024,BANNER NET PAYROLL,0.0,status=banner_missing; banner=0.0; parsed_body=0.0. Banner checks are advisory; review against the source before treating this as a parser defect.,119sdoc5|banner_check_missing|300|NATL SECURITY WORKING GRP-MAJ LEADER (SCHUMER)|2024|BANNER NET PAYROLL|0.0
warning,banner_check_missing,119sdoc5,GPO-CDOC-119sdoc5-1.pdf,301,NATL SECURITY WORKING GRP-MIN LEADER (SCHUMER),2025,BANNER NET PAYROLL,100000.0,status=banner_missing; banner=100000.0; parsed_body=0.0. Banner checks are advisory; review against the source before treating this as a parser defect.,119sdoc5|banner_check_missing|301|NATL SECURITY WORKING GRP-MIN LEADER (SCHUMER)|2025|BANNER NET PAYROLL|100000.0
warning,banner_check_discrepancy,119sdoc5,GPO-CDOC-119sdoc5-1.pdf,301,NATL SECURITY WORKING GRP-MIN LEADER (SCHUMER),2025,BANNER ORGANIZATION TOTALS,100000.0,status=warn; banner=100000.0; parsed_body=0.0. Banner checks are advisory; review against the source before treating this as a parser defect.,119sdoc5|banner_check_discrepancy|301|NATL SECURITY WORKING GRP-MIN LEADER (SCHUMER)|2025|BANNER ORGANIZATION TOTALS|100000.0
warning,banner_check_missing,119sdoc5,GPO-CDOC-119sdoc5-1.pdf,302,NATL SECURITY WORKING GRP-MIN ADM. CO- CHAIR (CORNYN),2021,BANNER NET PAYROLL,0.0,status=banner_missing; banner=0.0; parsed_body=0.0. Banner checks are advisory; review against the source before treating this as a parser defect.,119sdoc5|banner_check_missing|302|NATL SECURITY WORKING GRP-MIN ADM. CO- CHAIR (CORNYN)|2021|BANNER NET PAYROLL|0.0
warning,banner_check_missing,119sdoc5,GPO-CDOC-119sdoc5-1.pdf,303,NATL SECURITY WORKING GRP-MIN ADM. CO- CHAIR (CORNYN),2022,BANNER NET PAYROLL,0.0,status=banner_missing; banner=0.0; parsed_body=0.0. Banner checks are advisory; review against the source before treating this as a parser defect.,119sdoc5|banner_check_missing|303|NATL SECURITY WORKING GRP-MIN ADM. CO- CHAIR (CORNYN)|2022|BANNER NET PAYROLL|0.0
warning,banner_check_missing,119sdoc5,GPO-CDOC-119sdoc5-1.pdf,304,NATL SECURITY WORKING GRP-MIN ADM. CO- CHAIR (CORNYN),2023,BANNER NET PAYROLL,0.0,status=banner_missing; banner=0.0; parsed_body=0.0. Banner checks are advisory; review against the source before treating this as a parser defect.,119sdoc5|banner_check_missing|304|NATL SECURITY WORKING GRP-MIN ADM. CO- CHAIR (CORNYN)|2023|BANNER NET PAYROLL|0.0
warning,banner_check_missing,119sdoc5,GPO-CDOC-119sdoc5-1.pdf,305,NATL SECURITY WORKING GRP-MIN ADM. CO- CHAIR (CORNYN),2024,BANNER NET PAYROLL,0.0,status=banner_missing; banner=0.0; parsed_body=0.0. Banner checks are advisory; review against the source before treating this as a parser defect.,119sdoc5|banner_check_missing|305|NATL SECURITY WORKING GRP-MIN ADM. CO- CHAIR (CORNYN)|2024|BANNER NET PAYROLL|0.0
warning,banner_check_missing,119sdoc5,GPO-CDOC-119sdoc5-1.pdf,306,NATL SECURITY WORKING GRP-MAJ ADM. CO- CHAIR (FISCHER),2025,BANNER NET PAYROLL,100000.0,status=banner_missing; banner=100000.0; parsed_body=0.0. Banner checks are advisory; review against the source before treating this as a parser defect.,119sdoc5|banner_check_missing|306|NATL SECURITY WORKING GRP-MAJ ADM. CO- CHAIR (FISCHER)|2025|BANNER NET PAYROLL|100000.0
warning,banner_check_discrepancy,119sdoc5,GPO-CDOC-119sdoc5-1.pdf,306,NATL SECURITY WORKING GRP-MAJ ADM. CO- CHAIR (FISCHER),2025,BANNER ORGANIZATION TOTALS,100000.0,status=warn; banner=100000.0; parsed_body=0.0. Banner checks are advisory; review against the source before treating this as a parser defect.,119sdoc5|banner_check_discrepancy|306|NATL SECURITY WORKING GRP-MAJ ADM. CO- CHAIR (FISCHER)|2025|BANNER ORGANIZATION TOTALS|100000.0
warning,banner_check_missing,119sdoc5,GPO-CDOC-119sdoc5-1.pdf,307,NATL SECURITY WORKING GRP-MIN CO- CHAIR (FISCHER),2021,BANNER NET PAYROLL,0.0,status=banner_missing; banner=0.0; parsed_body=0.0. Banner checks are advisory; review against the source before treating this as a parser defect.,119sdoc5|banner_check_missing|307|NATL SECURITY WORKING GRP-MIN CO- CHAIR (FISCHER)|2021|BANNER NET PAYROLL|0.0
warning,banner_check_missing,119sdoc5,GPO-CDOC-119sdoc5-1.pdf,308,NATL SECURITY WORKING GRP-MIN CO- CHAIR (FISCHER),2022,BANNER NET PAYROLL,0.0,status=banner_missing; banner=0.0; parsed_body=0.0. Banner checks are advisory; review against the source before treating this as a parser defect.,119sdoc5|banner_check_missing|308|NATL SECURITY WORKING GRP-MIN CO- CHAIR (FISCHER)|2022|BANNER NET PAYROLL|0.0
warning,banner_check_missing,119sdoc5,GPO-CDOC-119sdoc5-1.pdf,310,NATL SECURITY WORKING GRP-MIN CO- CHAIR (FISCHER),2024,BANNER NET PAYROLL,0.0,status=banner_missing; banner=0.0; parsed_body=0.0. Banner checks are advisory; review against the source before treating this as a parser defect.,119sdoc5|banner_check_missing|310|NATL SECURITY WORKING GRP-MIN CO- CHAIR (FISCHER)|2024|BANNER NET PAYROLL|0.0
warning,banner_check_missing,119sdoc5,GPO-CDOC-119sdoc5-1.pdf,311,NATL SECURITY WORKING GRP-MAJ CO- CHAIR (ERNST),2025,BANNER NET PAYROLL,60000.0,status=banner_missing; banner=60000.0; parsed_body=0.0. Banner checks are advisory; review against the source before treating this as a parser defect.,119sdoc5|banner_check_missing|311|NATL SECURITY WORKING GRP-MAJ CO- CHAIR (ERNST)|2025|BANNER NET PAYROLL|60000.0
warning,banner_check_discrepancy,119sdoc5,GPO-CDOC-119sdoc5-1.pdf,311,NATL SECURITY WORKING GRP-MAJ CO- CHAIR (ERNST),2025,BANNER ORGANIZATION TOTALS,60000.0,status=warn; banner=60000.0; parsed_body=0.0. Banner checks are advisory; review against the source before treating this as a parser defect.,119sdoc5|banner_check_discrepancy|311|NATL SECURITY WORKING GRP-MAJ CO- CHAIR (ERNST)|2025|BANNER ORGANIZATION TOTALS|60000.0
warning,banner_check_missing,119sdoc5,GPO-CDOC-119sdoc5-1.pdf,312,NATL SECURITY WORKING GRP-MAJ CO- CHAIR (HAGERTY),2025,BANNER NET PAYROLL,60000.0,status=banner_missing; banner=60000.0; parsed_body=0.0. Banner checks are advisory; review against the source before treating this as a parser defect.,119sdoc5|banner_check_missing|312|NATL SECURITY WORKING GRP-MAJ CO- CHAIR (HAGERTY)|2025|BANNER NET PAYROLL|60000.0
warning,banner_check_discrepancy,119sdoc5,GPO-CDOC-119sdoc5-1.pdf,312,NATL SECURITY WORKING GRP-MAJ CO- CHAIR (HAGERTY),2025,BANNER ORGANIZATION TOTALS,60000.0,status=warn; banner=60000.0; parsed_body=0.0. Banner checks are advisory; review against the source before treating this as a parser defect.,119sdoc5|banner_check_discrepancy|312|NATL SECURITY WORKING GRP-MAJ CO- CHAIR (HAGERTY)|2025|BANNER ORGANIZATION TOTALS|60000.0
warning,banner_check_missing,119sdoc5,GPO-CDOC-119sdoc5-1.pdf,313,NATL SECURITY WORKING GRP-MIN CO- CHAIR (SASSE),2021,BANNER NET PAYROLL,0.0,status=banner_missing; banner=0.0; parsed_body=0.0. Banner checks are advisory; review against the source before treating this as a parser defect.,119sdoc5|banner_check_missing|313|NATL SECURITY WORKING GRP-MIN CO- CHAIR (SASSE)|2021|BANNER NET PAYROLL|0.0
warning,banner_check_missing,119sdoc5,GPO-CDOC-119sdoc5-1.pdf,314,NATL SECURITY WORKING GRP-MIN CO- CHAIR (SASSE),2022,BANNER NET PAYROLL,0.0,status=banner_missing; banner=0.0; parsed_body=0.0. Banner checks are advisory; review against the source before treating this as a parser defect.,119sdoc5|banner_check_missing|314|NATL SECURITY WORKING GRP-MIN CO- CHAIR (SASSE)|2022|BANNER NET PAYROLL|0.0
warning,banner_check_missing,119sdoc5,GPO-CDOC-119sdoc5-1.pdf,316,NATL SECURITY WORKING GRP-MIN CO- CHAIR (LANKFORD),2024,BANNER NET PAYROLL,0.0,status=banner_missing; banner=0.0; parsed_body=0.0. Banner checks are advisory; review against the source before treating this as a parser defect.,119sdoc5|banner_check_missing|316|NATL SECURITY WORKING GRP-MIN CO- CHAIR (LANKFORD)|2024|BANNER NET PAYROLL|0.0
warning,banner_check_missing,119sdoc5,GPO-CDOC-119sdoc5-1.pdf,317,NATL SECURITY WORKING GRP-MAJ CO- CHAIR (LANKFORD),2025,BANNER NET PAYROLL,60000.0,status=banner_missing; banner=60000.0; parsed_body=0.0. Banner checks are advisory; review against the source before treating this as a parser defect.,119sdoc5|banner_check_missing|317|NATL SECURITY WORKING GRP-MAJ CO- CHAIR (LANKFORD)|2025|BANNER NET PAYROLL|60000.0
warning,banner_check_discrepancy,119sdoc5,GPO-CDOC-119sdoc5-1.pdf,317,NATL SECURITY WORKING GRP-MAJ CO- CHAIR (LANKFORD),2025,BANNER ORGANIZATION TOTALS,60000.0,status=warn; banner=60000.0; parsed_body=0.0. Banner checks are advisory; review against the source before treating this as a parser defect.,119sdoc5|banner_check_discrepancy|317|NATL SECURITY WORKING GRP-MAJ CO- CHAIR (LANKFORD)|2025|BANNER ORGANIZATION TOTALS|60000.0
warning,banner_check_missing,119sdoc5,GPO-CDOC-119sdoc5-1.pdf,322,NATL SECURITY WORKING GRP-MAJ LEADER (THUNE),2025,BANNER NET PAYROLL,100000.0,status=banner_missing; banner=100000.0; parsed_body=0.0. Banner checks are advisory; review against the source before treating this as a parser defect.,119sdoc5|banner_check_missing|322|NATL SECURITY WORKING GRP-MAJ LEADER (THUNE)|2025|BANNER NET PAYROLL|100000.0
warning,banner_check_discrepancy,119sdoc5,GPO-CDOC-119sdoc5-1.pdf,322,NATL SECURITY WORKING GRP-MAJ LEADER (THUNE),2025,BANNER ORGANIZATION TOTALS,100000.0,status=warn; banner=100000.0; parsed_body=0.0. Banner checks are advisory; review against the source before treating this as a parser defect.,119sdoc5|banner_check_discrepancy|322|NATL SECURITY WORKING GRP-MAJ LEADER (THUNE)|2025|BANNER ORGANIZATION TOTALS|100000.0
warning,banner_check_discrepancy,119sdoc5,GPO-CDOC-119sdoc5-1.pdf,327,STATIONERY,2025,BANNER ORGANIZATION TOTALS,6484.5,status=warn; banner=6484.5; parsed_body=0.0. Banner checks are advisory; review against the source before treating this as a parser defect.,119sdoc5|banner_check_discrepancy|327|STATIONERY|2025|BANNER ORGANIZATION TOTALS|6484.5
warning,banner_check_missing,119sdoc5,GPO-CDOC-119sdoc5-1.pdf,328,MISC ITEMS - STUDENT LOANS,2021,BANNER NET PAYROLL,0.0,status=banner_missing; banner=0.0; parsed_body=0.0. Banner checks are advisory; review against the source before treating this as a parser defect.,119sdoc5|banner_check_missing|328|MISC ITEMS - STUDENT LOANS|2021|BANNER NET PAYROLL|0.0
warning,banner_check_missing,119sdoc5,GPO-CDOC-119sdoc5-1.pdf,329,MISC ITEMS - STUDENT LOANS,2022,BANNER NET PAYROLL,0.0,status=banner_missing; banner=0.0; parsed_body=0.0. Banner checks are advisory; review against the source before treating this as a parser defect.,119sdoc5|banner_check_missing|329|MISC ITEMS - STUDENT LOANS|2022|BANNER NET PAYROLL|0.0
warning,banner_check_missing,119sdoc5,GPO-CDOC-119sdoc5-1.pdf,330,MISC ITEMS - STUDENT LOANS,2023,BANNER NET PAYROLL,0.0,status=banner_missing; banner=0.0; parsed_body=0.0. Banner checks are advisory; review against the source before treating this as a parser defect.,119sdoc5|banner_check_missing|330|MISC ITEMS - STUDENT LOANS|2023|BANNER NET PAYROLL|0.0
warning,banner_check_missing,119sdoc5,GPO-CDOC-119sdoc5-1.pdf,331,MISC ITEMS - STUDENT LOANS,2024,BANNER NET PAYROLL,987.65,status=banner_missing; banner=987.65; parsed_body=0.0. Banner checks are advisory; review against the source before treating this as a parser defect.,119sdoc5|banner_check_missing|331|MISC ITEMS - STUDENT LOANS|2024|BANNER NET PAYROLL|987.65
warning,banner_check_discrepancy,119sdoc5,GPO-CDOC-119sdoc5-1.pdf,331,MISC ITEMS - STUDENT LOANS,2024,BANNER ORGANIZATION TOTALS,987.65,status=warn; banner=987.65; parsed_body=0.0. Banner checks are advisory; review against the source before treating this as a parser defect.,119sdoc5|banner_check_discrepancy|331|MISC ITEMS - STUDENT LOANS|2024|BANNER ORGANIZATION TOTALS|987.65
error,unexpected_zero_records,119sdoc5,GPO-CDOC-119sdoc5-1.pdf,332,MISC ITEMS - STUDENT LOANS,2025,PERSONNEL COMP. FULL-TIME PERMANENT,0.0,A normally itemized subtotal has no parsed records; exact review is required.,119sdoc5|unexpected_zero_records|332|MISC ITEMS - STUDENT LOANS|2025|PERSONNEL COMP. FULL-TIME PERMANENT|0.0
warning,banner_check_missing,119sdoc5,GPO-CDOC-119sdoc5-1.pdf,333,CARES ACT EMERG. APPROP. P.L. 116-136,,BANNER NET PAYROLL,0.0,status=banner_missing; banner=0.0; parsed_body=0.0. Banner checks are advisory; review against the source before treating this as a parser defect.,119sdoc5|banner_check_missing|333|CARES ACT EMERG. APPROP. P.L. 116-136||BANNER NET PAYROLL|0.0
warning,banner_check_missing,119sdoc5,GPO-CDOC-119sdoc5-1.pdf,334,EMERGENCY APPROPRIATION PUBLIC LAW 109-13,,BANNER NET PAYROLL,723222.09,status=banner_missing; banner=723222.09; parsed_body=0.0. Banner checks are advisory; review against the source before treating this as a parser defect.,119sdoc5|banner_check_missing|334|EMERGENCY APPROPRIATION PUBLIC LAW 109-13||BANNER NET PAYROLL|723222.09
warning,banner_check_discrepancy,119sdoc5,GPO-CDOC-119sdoc5-1.pdf,334,EMERGENCY APPROPRIATION PUBLIC LAW 109-13,,BANNER ORGANIZATION TOTALS,722152.25,status=warn; banner=722152.25; parsed_body=0.0. Banner checks are advisory; review against the source before treating this as a parser defect.,119sdoc5|banner_check_discrepancy|334|EMERGENCY APPROPRIATION PUBLIC LAW 109-13||BANNER ORGANIZATION TOTALS|722152.25
warning,banner_check_discrepancy,119sdoc5,GPO-CDOC-119sdoc5-1.pdf,340,SECRETARY - SENATE INFORMATION SERVICES (SIS),2024,BANNER ORGANIZATION TOTALS,498823.4,status=warn; banner=498823.4; parsed_body=0.0. Banner checks are advisory; review against the source before treating this as a parser defect.,119sdoc5|banner_check_discrepancy|340|SECRETARY - SENATE INFORMATION SERVICES (SIS)|2024|BANNER ORGANIZATION TOTALS|498823.4
warning,banner_check_discrepancy,119sdoc5,GPO-CDOC-119sdoc5-1.pdf,341,SECRETARY - SENATE INFORMATION SERVICES (SIS),2025,BANNER ORGANIZATION TOTALS,2709284.32,status=warn; banner=2709284.32; parsed_body=0.0. Banner checks are advisory; review against the source before treating this as a parser defect.,119sdoc5|banner_check_discrepancy|341|SECRETARY - SENATE INFORMATION SERVICES (SIS)|2025|BANNER ORGANIZATION TOTALS|2709284.32
warning,banner_check_missing,119sdoc5,GPO-CDOC-119sdoc5-1.pdf,342,SECRETARY OF THE SENATE,2019,BANNER NET PAYROLL,0.0,status=banner_missing; banner=0.0; parsed_body=0.0. Banner checks are advisory; review against the source before treating this as a parser defect.,119sdoc5|banner_check_missing|342|SECRETARY OF THE SENATE|2019|BANNER NET PAYROLL|0.0
warning,banner_check_missing,119sdoc5,GPO-CDOC-119sdoc5-1.pdf,343,SECRETARY OF THE SENATE,2020,BANNER NET PAYROLL,0.0,status=banner_missing; banner=0.0; parsed_body=0.0. Banner checks are advisory; review against the source before treating this as a parser defect.,119sdoc5|banner_check_missing|343|SECRETARY OF THE SENATE|2020|BANNER NET PAYROLL|0.0
warning,banner_check_discrepancy,119sdoc5,GPO-CDOC-119sdoc5-1.pdf,343,SECRETARY OF THE SENATE,2020,BANNER ORGANIZATION TOTALS,909130.64,status=warn; banner=909130.64; parsed_body=907224.19. Banner checks are advisory; review against the source before treating this as a parser defect.,119sdoc5|banner_check_discrepancy|343|SECRETARY OF THE SENATE|2020|BANNER ORGANIZATION TOTALS|909130.64
warning,banner_check_discrepancy,119sdoc5,GPO-CDOC-119sdoc5-1.pdf,344,SECRETARY OF THE SENATE,2021,BANNER ORGANIZATION TOTALS,28043.77,status=warn; banner=28043.77; parsed_body=17730.77. Banner checks are advisory; review against the source before treating this as a parser defect.,119sdoc5|banner_check_discrepancy|344|SECRETARY OF THE SENATE|2021|BANNER ORGANIZATION TOTALS|28043.77
warning,banner_check_missing,119sdoc5,GPO-CDOC-119sdoc5-1.pdf,345,SECRETARY OF THE SENATE,2022,BANNER NET PAYROLL,0.0,status=banner_missing; banner=0.0; parsed_body=0.0. Banner checks are advisory; review against the source before treating this as a parser defect.,119sdoc5|banner_check_missing|345|SECRETARY OF THE SENATE|2022|BANNER NET PAYROLL|0.0
warning,banner_check_missing,119sdoc5,GPO-CDOC-119sdoc5-1.pdf,346,SECRETARY OF THE SENATE,2023,BANNER NET PAYROLL,0.0,status=banner_missing; banner=0.0; parsed_body=0.0. Banner checks are advisory; review against the source before treating this as a parser defect.,119sdoc5|banner_check_missing|346|SECRETARY OF THE SENATE|2023|BANNER NET PAYROLL|0.0
warning,banner_check_discrepancy,119sdoc5,GPO-CDOC-119sdoc5-1.pdf,346,SECRETARY OF THE SENATE,2023,BANNER ORGANIZATION TOTALS,3699.0,status=warn; banner=3699.0; parsed_body=0.0. Banner checks are advisory; review against the source before treating this as a parser defect.,119sdoc5|banner_check_discrepancy|346|SECRETARY OF THE SENATE|2023|BANNER ORGANIZATION TOTALS|3699.0
warning,banner_check_missing,119sdoc5,GPO-CDOC-119sdoc5-1.pdf,347,SECRETARY OF THE SENATE,2024,BANNER NET PAYROLL,0.0,status=banner_missing; banner=0.0; parsed_body=0.0. Banner checks are advisory; review against the source before treating this as a parser defect.,119sdoc5|banner_check_missing|347|SECRETARY OF THE SENATE|2024|BANNER NET PAYROLL|0.0
warning,banner_check_discrepancy,119sdoc5,GPO-CDOC-119sdoc5-1.pdf,347,SECRETARY OF THE SENATE,2024,BANNER ORGANIZATION TOTALS,35094.88,status=warn; banner=35094.88; parsed_body=4408.59. Banner checks are advisory; review against the source before treating this as a parser defect.,119sdoc5|banner_check_discrepancy|347|SECRETARY OF THE SENATE|2024|BANNER ORGANIZATION TOTALS|35094.88
warning,banner_check_discrepancy,119sdoc5,GPO-CDOC-119sdoc5-1.pdf,349,SECRETARY OF THE SENATE,2025,BANNER ORGANIZATION TOTALS,394769.11,status=fail; banner=394769.11; parsed_body=166710.06. Banner checks are advisory; review against the source before treating this as a parser defect.,119sdoc5|banner_check_discrepancy|349|SECRETARY OF THE SENATE|2025|BANNER ORGANIZATION TOTALS|394769.11
warning,banner_check_discrepancy,119sdoc5,GPO-CDOC-119sdoc5-1.pdf,363,SECRETARY - SENATE COLLECTION,,BANNER ORGANIZATION TOTALS,283421.43,status=warn; banner=283421.43; parsed_body=263703.75. Banner checks are advisory; review against the source before treating this as a parser defect.,119sdoc5|banner_check_discrepancy|363|SECRETARY - SENATE COLLECTION||BANNER ORGANIZATION TOTALS|283421.43
warning,banner_check_missing,119sdoc5,GPO-CDOC-119sdoc5-1.pdf,365,SERGEANT AT ARMS AND DOORKEEPER OF THE SENATE,2019,BANNER NET PAYROLL,0.0,status=banner_missing; banner=0.0; parsed_body=0.0. Banner checks are advisory; review against the source before treating this as a parser defect.,119sdoc5|banner_check_missing|365|SERGEANT AT ARMS AND DOORKEEPER OF THE SENATE|2019|BANNER NET PAYROLL|0.0
warning,banner_check_discrepancy,119sdoc5,GPO-CDOC-119sdoc5-1.pdf,365,SERGEANT AT ARMS AND DOORKEEPER OF THE SENATE,2019,BANNER ORGANIZATION TOTALS,24453.09,status=warn; banner=24453.09; parsed_body=24299.65. Banner checks are advisory; review against the source before treating this as a parser defect.,119sdoc5|banner_check_discrepancy|365|SERGEANT AT ARMS AND DOORKEEPER OF THE SENATE|2019|BANNER ORGANIZATION TOTALS|24453.09
warning,banner_check_missing,119sdoc5,GPO-CDOC-119sdoc5-1.pdf,366,SERGEANT AT ARMS AND DOORKEEPER OF THE SENATE,2020,BANNER NET PAYROLL,0.0,status=banner_missing; banner=0.0; parsed_body=0.0. Banner checks are advisory; review against the source before treating this as a parser defect.,119sdoc5|banner_check_missing|366|SERGEANT AT ARMS AND DOORKEEPER OF THE SENATE|2020|BANNER NET PAYROLL|0.0
warning,banner_check_discrepancy,119sdoc5,GPO-CDOC-119sdoc5-1.pdf,369,SERGEANT AT ARMS AND DOORKEEPER OF THE SENATE,2021,BANNER ORGANIZATION TOTALS,4112246.1,status=warn; banner=4112246.1; parsed_body=4016613.87. Banner checks are advisory; review against the source before treating this as a parser defect.,119sdoc5|banner_check_discrepancy|369|SERGEANT AT ARMS AND DOORKEEPER OF THE SENATE|2021|BANNER ORGANIZATION TOTALS|4112246.1
warning,banner_check_discrepancy,119sdoc5,GPO-CDOC-119sdoc5-1.pdf,372,SERGEANT AT ARMS AND DOORKEEPER OF THE SENATE,2022,BANNER ORGANIZATION TOTALS,6207465.07,status=warn; banner=6207465.07; parsed_body=6045762.22. Banner checks are advisory; review against the source before treating this as a parser defect.,119sdoc5|banner_check_discrepancy|372|SERGEANT AT ARMS AND DOORKEEPER OF THE SENATE|2022|BANNER ORGANIZATION TOTALS|6207465.07
warning,banner_check_discrepancy,119sdoc5,GPO-CDOC-119sdoc5-1.pdf,376,SERGEANT AT ARMS AND DOORKEEPER OF THE SENATE,2023,BANNER ORGANIZATION TOTALS,11509015.94,status=warn; banner=11509015.94; parsed_body=10984388.7. Banner checks are advisory; review against the source before treating this as a parser defect.,119sdoc5|banner_check_discrepancy|376|SERGEANT AT ARMS AND DOORKEEPER OF THE SENATE|2023|BANNER ORGANIZATION TOTALS|11509015.94
warning,banner_check_missing,119sdoc5,GPO-CDOC-119sdoc5-1.pdf,385,SERGEANT AT ARMS AND DOORKEEPER OF THE SENATE,2024,BANNER NET PAYROLL,0.0,status=banner_missing; banner=0.0; parsed_body=0.0. Banner checks are advisory; review against the source before treating this as a parser defect.,119sdoc5|banner_check_missing|385|SERGEANT AT ARMS AND DOORKEEPER OF THE SENATE|2024|BANNER NET PAYROLL|0.0
warning,banner_check_discrepancy,119sdoc5,GPO-CDOC-119sdoc5-1.pdf,385,SERGEANT AT ARMS AND DOORKEEPER OF THE SENATE,2024,BANNER ORGANIZATION TOTALS,10904683.35,status=warn; banner=10904683.35; parsed_body=9890235.65. Banner checks are advisory; review against the source before treating this as a parser defect.,119sdoc5|banner_check_discrepancy|385|SERGEANT AT ARMS AND DOORKEEPER OF THE SENATE|2024|BANNER ORGANIZATION TOTALS|10904683.35
warning,banner_check_discrepancy,119sdoc5,GPO-CDOC-119sdoc5-1.pdf,404,SERGEANT AT ARMS AND DOORKEEPER OF THE SENATE,2025,BANNER ORGANIZATION TOTALS,45268763.29,status=warn; banner=45268763.29; parsed_body=29852429.84. Banner checks are advisory; review against the source before treating this as a parser defect.,119sdoc5|banner_check_discrepancy|404|SERGEANT AT ARMS AND DOORKEEPER OF THE SENATE|2025|BANNER ORGANIZATION TOTALS|45268763.29
warning,banner_check_missing,119sdoc5,GPO-CDOC-119sdoc5-1.pdf,488,SAA - SMI PROJECT,,BANNER NET PAYROLL,0.0,status=banner_missing; banner=0.0; parsed_body=0.0. Banner checks are advisory; review against the source before treating this as a parser defect.,119sdoc5|banner_check_missing|488|SAA - SMI PROJECT||BANNER NET PAYROLL|0.0
warning,banner_check_missing,119sdoc5,GPO-CDOC-119sdoc5-1.pdf,489,SAA – OPERATING EXPENSES,,BANNER NET PAYROLL,0.0,status=banner_missing; banner=0.0; parsed_body=0.0. Banner checks are advisory; review against the source before treating this as a parser defect.,119sdoc5|banner_check_missing|489|SAA – OPERATING EXPENSES||BANNER NET PAYROLL|0.0
warning,banner_check_discrepancy,119sdoc5,GPO-CDOC-119sdoc5-1.pdf,491,SAA - RESIDENTIAL SECURITY SYSTEM PROGRAM,,BANNER ORGANIZATION TOTALS,1435783.44,status=warn; banner=1435783.44; parsed_body=1435448.45. Banner checks are advisory; review against the source before treating this as a parser defect.,119sdoc5|banner_check_discrepancy|491|SAA - RESIDENTIAL SECURITY SYSTEM PROGRAM||BANNER ORGANIZATION TOTALS|1435783.44
warning,banner_check_discrepancy,119sdoc5,GPO-CDOC-119sdoc5-1.pdf,494,SAA - SENATE HEARING ROOM AUDIOVISUAL EQUIPMENT,,BANNER ORGANIZATION TOTALS,2952649.26,status=warn; banner=2952649.26; parsed_body=2906399.59. Banner checks are advisory; review against the source before treating this as a parser defect.,119sdoc5|banner_check_discrepancy|494|SAA - SENATE HEARING ROOM AUDIOVISUAL EQUIPMENT||BANNER ORGANIZATION TOTALS|2952649.26
warning,banner_check_missing,119sdoc5,GPO-CDOC-119sdoc5-1.pdf,496,CAUCUS - INTERNATIONAL NARCOTICS CONTROL,2023,BANNER NET PAYROLL,0.0,status=banner_missing; banner=0.0; parsed_body=0.0. Banner checks are advisory; review against the source before treating this as a parser defect.,119sdoc5|banner_check_missing|496|CAUCUS - INTERNATIONAL NARCOTICS CONTROL|2023|BANNER NET PAYROLL|0.0
warning,banner_check_missing,119sdoc5,GPO-CDOC-119sdoc5-1.pdf,497,CAUCUS - INTERNATIONAL NARCOTICS CONTROL,2024,BANNER NET PAYROLL,0.0,status=banner_missing; banner=0.0; parsed_body=0.0. Banner checks are advisory; review against the source before treating this as a parser defect.,119sdoc5|banner_check_missing|497|CAUCUS - INTERNATIONAL NARCOTICS CONTROL|2024|BANNER NET PAYROLL|0.0
warning,banner_check_discrepancy,119sdoc5,GPO-CDOC-119sdoc5-1.pdf,498,CAUCUS - INTERNATIONAL NARCOTICS CONTROL,2025,BANNER ORGANIZATION TOTALS,293131.47,status=warn; banner=293131.47; parsed_body=292987.77. Banner checks are advisory; review against the source before treating this as a parser defect.,119sdoc5|banner_check_discrepancy|498|CAUCUS - INTERNATIONAL NARCOTICS CONTROL|2025|BANNER ORGANIZATION TOTALS|293131.47
warning,banner_check_discrepancy,119sdoc5,GPO-CDOC-119sdoc5-1.pdf,499,SENATOR ANGELA ALSOBROOKS,2025,BANNER NET PAYROLL,2334472.15,status=fail; banner=2334472.15; parsed_body=2305222.15. Banner checks are advisory; review against the source before treating this as a parser defect.,119sdoc5|banner_check_discrepancy|499|SENATOR ANGELA ALSOBROOKS|2025|BANNER NET PAYROLL|2334472.15
warning,banner_check_discrepancy,119sdoc5,GPO-CDOC-119sdoc5-1.pdf,499,SENATOR ANGELA ALSOBROOKS,2025,BANNER ORGANIZATION TOTALS,2721367.91,status=warn; banner=2721367.91; parsed_body=2496549.04. Banner checks are advisory; review against the source before treating this as a parser defect.,119sdoc5|banner_check_discrepancy|499|SENATOR ANGELA ALSOBROOKS|2025|BANNER ORGANIZATION TOTALS|2721367.91
warning,banner_check_missing,119sdoc5,GPO-CDOC-119sdoc5-1.pdf,509,SENATOR TAMMY BALDWIN,2023,BANNER NET PAYROLL,0.0,status=banner_missing; banner=0.0; parsed_body=0.0. Banner checks are advisory; review against the source before treating this as a parser defect.,119sdoc5|banner_check_missing|509|SENATOR TAMMY BALDWIN|2023|BANNER NET PAYROLL|0.0
warning,banner_check_missing,119sdoc5,GPO-CDOC-119sdoc5-1.pdf,510,INTERN COMPENSATION - BALDWIN,2023,BANNER NET PAYROLL,0.0,status=banner_missing; banner=0.0; parsed_body=0.0. Banner checks are advisory; review against the source before treating this as a parser defect.,119sdoc5|banner_check_missing|510|INTERN COMPENSATION - BALDWIN|2023|BANNER NET PAYROLL|0.0
warning,banner_check_missing,119sdoc5,GPO-CDOC-119sdoc5-1.pdf,511,SENATOR TAMMY BALDWIN,2024,BANNER NET PAYROLL,0.0,status=banner_missing; banner=0.0; parsed_body=0.0. Banner checks are advisory; review against the source before treating this as a parser defect.,119sdoc5|banner_check_missing|511|SENATOR TAMMY BALDWIN|2024|BANNER NET PAYROLL|0.0
warning,banner_check_missing,119sdoc5,GPO-CDOC-119sdoc5-1.pdf,512,INTERN COMPENSATION - BALDWIN,2024,BANNER NET PAYROLL,0.0,status=banner_missing; banner=0.0; parsed_body=0.0. Banner checks are advisory; review against the source before treating this as a parser defect.,119sdoc5|banner_check_missing|512|INTERN COMPENSATION - BALDWIN|2024|BANNER NET PAYROLL|0.0
warning,banner_check_discrepancy,119sdoc5,GPO-CDOC-119sdoc5-1.pdf,513,SENATOR TAMMY BALDWIN,2025,BANNER NET PAYROLL,2263301.78,status=fail; banner=2263301.78; parsed_body=2235660.45. Banner checks are advisory; review against the source before treating this as a parser defect.,119sdoc5|banner_check_discrepancy|513|SENATOR TAMMY BALDWIN|2025|BANNER NET PAYROLL|2263301.78
warning,banner_check_discrepancy,119sdoc5,GPO-CDOC-119sdoc5-1.pdf,513,SENATOR TAMMY BALDWIN,2025,BANNER ORGANIZATION TOTALS,2379987.0,status=warn; banner=2379987.0; parsed_body=2320538.01. Banner checks are advisory; review against the source before treating this as a parser defect.,119sdoc5|banner_check_discrepancy|513|SENATOR TAMMY BALDWIN|2025|BANNER ORGANIZATION TOTALS|2379987.0
warning,banner_check_discrepancy,119sdoc5,GPO-CDOC-119sdoc5-1.pdf,528,INTERN COMPENSATION - BALDWIN,2025,BANNER NET PAYROLL,30509.34,status=fail; banner=30509.34; parsed_body=58150.67. Banner checks are advisory; review against the source before treating this as a parser defect.,119sdoc5|banner_check_discrepancy|528|INTERN COMPENSATION - BALDWIN|2025|BANNER NET PAYROLL|30509.34
warning,banner_check_discrepancy,119sdoc5,GPO-CDOC-119sdoc5-1.pdf,528,INTERN COMPENSATION - BALDWIN,2025,BANNER ORGANIZATION TOTALS,30509.34,status=warn; banner=30509.34; parsed_body=58150.67. Banner checks are advisory; review against the source before treating this as a parser defect.,119sdoc5|banner_check_discrepancy|528|INTERN COMPENSATION - BALDWIN|2025|BANNER ORGANIZATION TOTALS|30509.34
warning,banner_check_discrepancy,119sdoc5,GPO-CDOC-119sdoc5-1.pdf,529,SENATOR JIM BANKS,2025,BANNER NET PAYROLL,2077213.91,status=fail; banner=2077213.91; parsed_body=2033213.98. Banner checks are advisory; review against the source before treating this as a parser defect.,119sdoc5|banner_check_discrepancy|529|SENATOR JIM BANKS|2025|BANNER NET PAYROLL|2077213.91
warning,banner_check_discrepancy,119sdoc5,GPO-CDOC-119sdoc5-1.pdf,529,SENATOR JIM BANKS,2025,BANNER ORGANIZATION TOTALS,2277667.33,status=warn; banner=2277667.33; parsed_body=2180168.1. Banner checks are advisory; review against the source before treating this as a parser defect.,119sdoc5|banner_check_discrepancy|529|SENATOR JIM BANKS|2025|BANNER ORGANIZATION TOTALS|2277667.33
warning,banner_check_missing,119sdoc5,GPO-CDOC-119sdoc5-1.pdf,561,SENATOR JOHN BARRASSO,2023,BANNER NET PAYROLL,0.0,status=banner_missing; banner=0.0; parsed_body=0.0. Banner checks are advisory; review against the source before treating this as a parser defect.,119sdoc5|banner_check_missing|561|SENATOR JOHN BARRASSO|2023|BANNER NET PAYROLL|0.0
warning,banner_check_missing,119sdoc5,GPO-CDOC-119sdoc5-1.pdf,562,INTERN COMPENSATION - BARRASSO,2023,BANNER NET PAYROLL,0.0,status=banner_missing; banner=0.0; parsed_body=0.0. Banner checks are advisory; review against the source before treating this as a parser defect.,119sdoc5|banner_check_missing|562|INTERN COMPENSATION - BARRASSO|2023|BANNER NET PAYROLL|0.0
warning,banner_check_missing,119sdoc5,GPO-CDOC-119sdoc5-1.pdf,563,SENATOR JOHN BARRASSO,2024,BANNER NET PAYROLL,0.0,status=banner_missing; banner=0.0; parsed_body=0.0. Banner checks are advisory; review against the source before treating this as a parser defect.,119sdoc5|banner_check_missing|563|SENATOR JOHN BARRASSO|2024|BANNER NET PAYROLL|0.0
warning,banner_check_discrepancy,119sdoc5,GPO-CDOC-119sdoc5-1.pdf,563,SENATOR JOHN BARRASSO,2024,BANNER ORGANIZATION TOTALS,11682.76,status=warn; banner=11682.76; parsed_body=11616.76. Banner checks are advisory; review against the source before treating this as a parser defect.,119sdoc5|banner_check_discrepancy|563|SENATOR JOHN BARRASSO|2024|BANNER ORGANIZATION TOTALS|11682.76
warning,banner_check_missing,119sdoc5,GPO-CDOC-119sdoc5-1.pdf,565,INTERN COMPENSATION - BARRASSO,2024,BANNER NET PAYROLL,0.0,status=banner_missing; banner=0.0; parsed_body=0.0. Banner checks are advisory; review against the source before treating this as a parser defect.,119sdoc5|banner_check_missing|565|INTERN COMPENSATION - BARRASSO|2024|BANNER NET PAYROLL|0.0
warning,banner_check_discrepancy,119sdoc5,GPO-CDOC-119sdoc5-1.pdf,566,SENATOR JOHN BARRASSO,2025,BANNER NET PAYROLL,1562143.21,status=fail; banner=1562143.21; parsed_body=1561945.65. Banner checks are advisory; review against the source before treating this as a parser defect.,119sdoc5|banner_check_discrepancy|566|SENATOR JOHN BARRASSO|2025|BANNER NET PAYROLL|1562143.21
warning,banner_check_discrepancy,119sdoc5,GPO-CDOC-119sdoc5-1.pdf,566,SENATOR JOHN BARRASSO,2025,BANNER ORGANIZATION TOTALS,1760075.67,status=warn; banner=1760075.67; parsed_body=1702860.52. Banner checks are advisory; review against the source before treating this as a parser defect.,119sdoc5|banner_check_discrepancy|566|SENATOR JOHN BARRASSO|2025|BANNER ORGANIZATION TOTALS|1760075.67
warning,banner_check_discrepancy,119sdoc5,GPO-CDOC-119sdoc5-1.pdf,577,INTERN COMPENSATION - BARRASSO,2025,BANNER NET PAYROLL,24891.03,status=fail; banner=24891.03; parsed_body=25088.59. Banner checks are advisory; review against the source before treating this as a parser defect.,119sdoc5|banner_check_discrepancy|577|INTERN COMPENSATION - BARRASSO|2025|BANNER NET PAYROLL|24891.03
warning,banner_check_discrepancy,119sdoc5,GPO-CDOC-119sdoc5-1.pdf,577,INTERN COMPENSATION - BARRASSO,2025,BANNER ORGANIZATION TOTALS,24891.03,status=warn; banner=24891.03; parsed_body=25088.59. Banner checks are advisory; review against the source before treating this as a parser defect.,119sdoc5|banner_check_discrepancy|577|INTERN COMPENSATION - BARRASSO|2025|BANNER ORGANIZATION TOTALS|24891.03
warning,banner_check_missing,119sdoc5,GPO-CDOC-119sdoc5-1.pdf,578,SENATOR MICHAEL BENNET,2023,BANNER NET PAYROLL,0.0,status=banner_missing; banner=0.0; parsed_body=0.0. Banner checks are advisory; review against the source before treating this as a parser defect.,119sdoc5|banner_check_missing|578|SENATOR MICHAEL BENNET|2023|BANNER NET PAYROLL|0.0
warning,banner_check_missing,119sdoc5,GPO-CDOC-119sdoc5-1.pdf,579,INTERN COMPENSATION - BENNET,2023,BANNER NET PAYROLL,0.0,status=banner_missing; banner=0.0; parsed_body=0.0. Banner checks are advisory; review against the source before treating this as a parser defect.,119sdoc5|banner_check_missing|579|INTERN COMPENSATION - BENNET|2023|BANNER NET PAYROLL|0.0
warning,banner_check_missing,119sdoc5,GPO-CDOC-119sdoc5-1.pdf,580,SENATOR MICHAEL BENNET,2024,BANNER NET PAYROLL,2879.47,status=banner_missing; banner=2879.47; parsed_body=0.0. Banner checks are advisory; review against the source before treating this as a parser defect.,119sdoc5|banner_check_missing|580|SENATOR MICHAEL BENNET|2024|BANNER NET PAYROLL|2879.47
warning,banner_check_discrepancy,119sdoc5,GPO-CDOC-119sdoc5-1.pdf,580,SENATOR MICHAEL BENNET,2024,BANNER ORGANIZATION TOTALS,4442.86,status=warn; banner=4442.86; parsed_body=3178.33. Banner checks are advisory; review against the source before treating this as a parser defect.,119sdoc5|banner_check_discrepancy|580|SENATOR MICHAEL BENNET|2024|BANNER ORGANIZATION TOTALS|4442.86
warning,banner_check_missing,119sdoc5,GPO-CDOC-119sdoc5-1.pdf,582,INTERN COMPENSATION - BENNET,2024,BANNER NET PAYROLL,0.0,status=banner_missing; banner=0.0; parsed_body=0.0. Banner checks are advisory; review against the source before treating this as a parser defect.,119sdoc5|banner_check_missing|582|INTERN COMPENSATION - BENNET|2024|BANNER NET PAYROLL|0.0
warning,banner_check_discrepancy,119sdoc5,GPO-CDOC-119sdoc5-1.pdf,583,SENATOR MICHAEL BENNET,2025,BANNER NET PAYROLL,2205408.66,status=fail; banner=2205408.66; parsed_body=2202529.19. Banner checks are advisory; review against the source before treating this as a parser defect.,119sdoc5|banner_check_discrepancy|583|SENATOR MICHAEL BENNET|2025|BANNER NET PAYROLL|2205408.66
warning,banner_check_discrepancy,119sdoc5,GPO-CDOC-119sdoc5-1.pdf,583,SENATOR MICHAEL BENNET,2025,BANNER ORGANIZATION TOTALS,2354470.17,status=warn; banner=2354470.17; parsed_body=2304529.45. Banner checks are advisory; review against the source before treating this as a parser defect.,119sdoc5|banner_check_discrepancy|583|SENATOR MICHAEL BENNET|2025|BANNER ORGANIZATION TOTALS|2354470.17
warning,banner_check_missing,119sdoc5,GPO-CDOC-119sdoc5-1.pdf,598,SENATOR MARSHA BLACKBURN,2023,BANNER NET PAYROLL,0.0,status=banner_missing; banner=0.0; parsed_body=0.0. Banner checks are advisory; review against the source before treating this as a parser defect.,119sdoc5|banner_check_missing|598|SENATOR MARSHA BLACKBURN|2023|BANNER NET PAYROLL|0.0
warning,banner_check_missing,119sdoc5,GPO-CDOC-119sdoc5-1.pdf,599,INTERN COMPENSATION - BLACKBURN,2023,BANNER NET PAYROLL,0.0,status=banner_missing; banner=0.0; parsed_body=0.0. Banner checks are advisory; review against the source before treating this as a parser defect.,119sdoc5|banner_check_missing|599|INTERN COMPENSATION - BLACKBURN|2023|BANNER NET PAYROLL|0.0
warning,banner_check_missing,119sdoc5,GPO-CDOC-119sdoc5-1.pdf,600,SENATOR MARSHA BLACKBURN,2024,BANNER NET PAYROLL,0.0,status=banner_missing; banner=0.0; parsed_body=0.0. Banner checks are advisory; review against the source before treating this as a parser defect.,119sdoc5|banner_check_missing|600|SENATOR MARSHA BLACKBURN|2024|BANNER NET PAYROLL|0.0
warning,banner_check_missing,119sdoc5,GPO-CDOC-119sdoc5-1.pdf,601,INTERN COMPENSATION - BLACKBURN,2024,BANNER NET PAYROLL,0.0,status=banner_missing; banner=0.0; parsed_body=0.0. Banner checks are advisory; review against the source before treating this as a parser defect.,119sdoc5|banner_check_missing|601|INTERN COMPENSATION - BLACKBURN|2024|BANNER NET PAYROLL|0.0
warning,banner_check_discrepancy,119sdoc5,GPO-CDOC-119sdoc5-1.pdf,602,SENATOR MARSHA BLACKBURN,2025,BANNER ORGANIZATION TOTALS,2269884.25,status=warn; banner=2269884.25; parsed_body=2151973.34. Banner checks are advisory; review against the source before treating this as a parser defect.,119sdoc5|banner_check_discrepancy|602|SENATOR MARSHA BLACKBURN|2025|BANNER ORGANIZATION TOTALS|2269884.25
warning,banner_check_missing,119sdoc5,GPO-CDOC-119sdoc5-1.pdf,650,SENATOR RICHARD BLUMENTHAL,2023,BANNER NET PAYROLL,0.0,status=banner_missing; banner=0.0; parsed_body=0.0. Banner checks are advisory; review against the source before treating this as a parser defect.,119sdoc5|banner_check_missing|650|SENATOR RICHARD BLUMENTHAL|2023|BANNER NET PAYROLL|0.0
warning,banner_check_missing,119sdoc5,GPO-CDOC-119sdoc5-1.pdf,656,INTERN COMPENSATION - BLUMENTHAL,2023,BANNER NET PAYROLL,0.0,status=banner_missing; banner=0.0; parsed_body=0.0. Banner checks are advisory; review against the source before treating this as a parser defect.,119sdoc5|banner_check_missing|656|INTERN COMPENSATION - BLUMENTHAL|2023|BANNER NET PAYROLL|0.0
warning,banner_check_missing,119sdoc5,GPO-CDOC-119sdoc5-1.pdf,657,SENATOR RICHARD BLUMENTHAL,2024,BANNER NET PAYROLL,0.0,status=banner_missing; banner=0.0; parsed_body=0.0. Banner checks are advisory; review against the source before treating this as a parser defect.,119sdoc5|banner_check_missing|657|SENATOR RICHARD BLUMENTHAL|2024|BANNER NET PAYROLL|0.0
warning,banner_check_missing,119sdoc5,GPO-CDOC-119sdoc5-1.pdf,658,INTERN COMPENSATION - BLUMENTHAL,2024,BANNER NET PAYROLL,0.0,status=banner_missing; banner=0.0; parsed_body=0.0. Banner checks are advisory; review against the source before treating this as a parser defect.,119sdoc5|banner_check_missing|658|INTERN COMPENSATION - BLUMENTHAL|2024|BANNER NET PAYROLL|0.0
warning,banner_check_discrepancy,119sdoc5,GPO-CDOC-119sdoc5-1.pdf,659,SENATOR RICHARD BLUMENTHAL,2025,BANNER ORGANIZATION TOTALS,2231333.31,status=warn; banner=2231333.31; parsed_body=2186914.1. Banner checks are advisory; review against the source before treating this as a parser defect.,119sdoc5|banner_check_discrepancy|659|SENATOR RICHARD BLUMENTHAL|2025|BANNER ORGANIZATION TOTALS|2231333.31
warning,banner_check_missing,119sdoc5,GPO-CDOC-119sdoc5-1.pdf,672,SENATOR ROY BLUNT,2023,BANNER NET PAYROLL,0.0,status=banner_missing; banner=0.0; parsed_body=0.0. Banner checks are advisory; review against the source before treating this as a parser defect.,119sdoc5|banner_check_missing|672|SENATOR ROY BLUNT|2023|BANNER NET PAYROLL|0.0
warning,banner_check_missing,119sdoc5,GPO-CDOC-119sdoc5-1.pdf,673,INTERN COMPENSATION - BLUNT,2023,BANNER NET PAYROLL,0.0,status=banner_missing; banner=0.0; parsed_body=0.0. Banner checks are advisory; review against the source before treating this as a parser defect.,119sdoc5|banner_check_missing|673|INTERN COMPENSATION - BLUNT|2023|BANNER NET PAYROLL|0.0
warning,banner_check_discrepancy,119sdoc5,GPO-CDOC-119sdoc5-1.pdf,674,SENATOR LISA BLUNT ROCHESTER,2025,BANNER NET PAYROLL,2020559.46,status=fail; banner=2020559.46; parsed_body=1979934.49. Banner checks are advisory; review against the source before treating this as a parser defect.,119sdoc5|banner_check_discrepancy|674|SENATOR LISA BLUNT ROCHESTER|2025|BANNER NET PAYROLL|2020559.46
warning,banner_check_discrepancy,119sdoc5,GPO-CDOC-119sdoc5-1.pdf,674,SENATOR LISA BLUNT ROCHESTER,2025,BANNER ORGANIZATION TOTALS,2178458.14,status=warn; banner=2178458.14; parsed_body=2047860.19. Banner checks are advisory; review against the source before treating this as a parser defect.,119sdoc5|banner_check_discrepancy|674|SENATOR LISA BLUNT ROCHESTER|2025|BANNER ORGANIZATION TOTALS|2178458.14
warning,banner_check_missing,119sdoc5,GPO-CDOC-119sdoc5-1.pdf,689,SENATOR CORY BOOKER,2023,BANNER NET PAYROLL,0.0,status=banner_missing; banner=0.0; parsed_body=0.0. Banner checks are advisory; review against the source before treating this as a parser defect.,119sdoc5|banner_check_missing|689|SENATOR CORY BOOKER|2023|BANNER NET PAYROLL|0.0
warning,banner_check_missing,119sdoc5,GPO-CDOC-119sdoc5-1.pdf,690,INTERN COMPENSATION - BOOKER,2023,BANNER NET PAYROLL,0.0,status=banner_missing; banner=0.0; parsed_body=0.0. Banner checks are advisory; review against the source before treating this as a parser defect.,119sdoc5|banner_check_missing|690|INTERN COMPENSATION - BOOKER|2023|BANNER NET PAYROLL|0.0
warning,banner_check_discrepancy,119sdoc5,GPO-CDOC-119sdoc5-1.pdf,691,SENATOR CORY BOOKER,2024,BANNER ORGANIZATION TOTALS,1647.23,status=warn; banner=1647.23; parsed_body=1551.24. Banner checks are advisory; review against the source before treating this as a parser defect.,119sdoc5|banner_check_discrepancy|691|SENATOR CORY BOOKER|2024|BANNER ORGANIZATION TOTALS|1647.23
warning,banner_check_missing,119sdoc5,GPO-CDOC-119sdoc5-1.pdf,692,INTERN COMPENSATION - BOOKER,2024,BANNER NET PAYROLL,0.0,status=banner_missing; banner=0.0; parsed_body=0.0. Banner checks are advisory; review against the source before treating this as a parser defect.,119sdoc5|banner_check_missing|692|INTERN COMPENSATION - BOOKER|2024|BANNER NET PAYROLL|0.0
warning,banner_check_discrepancy,119sdoc5,GPO-CDOC-119sdoc5-1.pdf,693,SENATOR CORY BOOKER,2025,BANNER NET PAYROLL,2346233.68,status=fail; banner=2346233.68; parsed_body=2309933.78. Banner checks are advisory; review against the source before treating this as a parser defect.,119sdoc5|banner_check_discrepancy|693|SENATOR CORY BOOKER|2025|BANNER NET PAYROLL|2346233.68
warning,banner_check_discrepancy,119sdoc5,GPO-CDOC-119sdoc5-1.pdf,693,SENATOR CORY BOOKER,2025,BANNER ORGANIZATION TOTALS,2435235.89,status=warn; banner=2435235.89; parsed_body=2348344.82. Banner checks are advisory; review against the source before treating this as a parser defect.,119sdoc5|banner_check_discrepancy|693|SENATOR CORY BOOKER|2025|BANNER ORGANIZATION TOTALS|2435235.89
warning,banner_check_discrepancy,119sdoc5,GPO-CDOC-119sdoc5-1.pdf,700,INTERN COMPENSATION - BOOKER,2025,BANNER NET PAYROLL,23700.1,status=fail; banner=23700.1; parsed_body=60000.0. Banner checks are advisory; review against the source before treating this as a parser defect.,119sdoc5|banner_check_discrepancy|700|INTERN COMPENSATION - BOOKER|2025|BANNER NET PAYROLL|23700.1
warning,banner_check_discrepancy,119sdoc5,GPO-CDOC-119sdoc5-1.pdf,700,INTERN COMPENSATION - BOOKER,2025,BANNER ORGANIZATION TOTALS,23700.1,status=warn; banner=23700.1; parsed_body=60000.0. Banner checks are advisory; review against the source before treating this as a parser defect.,119sdoc5|banner_check_discrepancy|700|INTERN COMPENSATION - BOOKER|2025|BANNER ORGANIZATION TOTALS|23700.1
warning,banner_check_missing,119sdoc5,GPO-CDOC-119sdoc5-1.pdf,701,SENATOR JOHN BOOZMAN,2023,BANNER NET PAYROLL,0.0,status=banner_missing; banner=0.0; parsed_body=0.0. Banner checks are advisory; review against the source before treating this as a parser defect.,119sdoc5|banner_check_missing|701|SENATOR JOHN BOOZMAN|2023|BANNER NET PAYROLL|0.0
warning,banner_check_missing,119sdoc5,GPO-CDOC-119sdoc5-1.pdf,702,INTERN COMPENSATION - BOOZMAN,2023,BANNER NET PAYROLL,0.0,status=banner_missing; banner=0.0; parsed_body=0.0. Banner checks are advisory; review against the source before treating this as a parser defect.,119sdoc5|banner_check_missing|702|INTERN COMPENSATION - BOOZMAN|2023|BANNER NET PAYROLL|0.0
warning,banner_check_missing,119sdoc5,GPO-CDOC-119sdoc5-1.pdf,703,SENATOR JOHN BOOZMAN,2024,BANNER NET PAYROLL,0.0,status=banner_missing; banner=0.0; parsed_body=0.0. Banner checks are advisory; review against the source before treating this as a parser defect.,119sdoc5|banner_check_missing|703|SENATOR JOHN BOOZMAN|2024|BANNER NET PAYROLL|0.0
warning,banner_check_missing,119sdoc5,GPO-CDOC-119sdoc5-1.pdf,704,INTERN COMPENSATION - BOOZMAN,2024,BANNER NET PAYROLL,0.0,status=banner_missing; banner=0.0; parsed_body=0.0. Banner checks are advisory; review against the source before treating this as a parser defect.,119sdoc5|banner_check_missing|704|INTERN COMPENSATION - BOOZMAN|2024|BANNER NET PAYROLL|0.0
warning,banner_check_discrepancy,119sdoc5,GPO-CDOC-119sdoc5-1.pdf,705,SENATOR JOHN BOOZMAN,2025,BANNER ORGANIZATION TOTALS,1784221.44,status=warn; banner=1784221.44; parsed_body=1747822.06. Banner checks are advisory; review against the source before treating this as a parser defect.,119sdoc5|banner_check_discrepancy|705|SENATOR JOHN BOOZMAN|2025|BANNER ORGANIZATION TOTALS|1784221.44
warning,banner_check_missing,119sdoc5,GPO-CDOC-119sdoc5-1.pdf,721,SENATOR MIKE BRAUN,2023,BANNER NET PAYROLL,0.0,status=banner_missing; banner=0.0; parsed_body=0.0. Banner checks are advisory; review against the source before treating this as a parser defect.,119sdoc5|banner_check_missing|721|SENATOR MIKE BRAUN|2023|BANNER NET PAYROLL|0.0
warning,banner_check_missing,119sdoc5,GPO-CDOC-119sdoc5-1.pdf,722,INTERN COMPENSATION - BRAUN,2023,BANNER NET PAYROLL,0.0,status=banner_missing; banner=0.0; parsed_body=0.0. Banner checks are advisory; review against the source before treating this as a parser defect.,119sdoc5|banner_check_missing|722|INTERN COMPENSATION - BRAUN|2023|BANNER NET PAYROLL|0.0
warning,banner_check_missing,119sdoc5,GPO-CDOC-119sdoc5-1.pdf,723,SENATOR MIKE BRAUN,2024,BANNER NET PAYROLL,0.0,status=banner_missing; banner=0.0; parsed_body=0.0. Banner checks are advisory; review against the source before treating this as a parser defect.,119sdoc5|banner_check_missing|723|SENATOR MIKE BRAUN|2024|BANNER NET PAYROLL|0.0
warning,banner_check_missing,119sdoc5,GPO-CDOC-119sdoc5-1.pdf,724,INTERN COMPENSATION - BRAUN,2024,BANNER NET PAYROLL,0.0,status=banner_missing; banner=0.0; parsed_body=0.0. Banner checks are advisory; review against the source before treating this as a parser defect.,119sdoc5|banner_check_missing|724|INTERN COMPENSATION - BRAUN|2024|BANNER NET PAYROLL|0.0
warning,banner_check_missing,119sdoc5,GPO-CDOC-119sdoc5-1.pdf,725,SENATOR MIKE BRAUN,2025,BANNER NET PAYROLL,0.0,status=banner_missing; banner=0.0; parsed_body=0.0. Banner checks are advisory; review against the source before treating this as a parser defect.,119sdoc5|banner_check_missing|725|SENATOR MIKE BRAUN|2025|BANNER NET PAYROLL|0.0
warning,banner_check_discrepancy,119sdoc5,GPO-CDOC-119sdoc5-1.pdf,725,SENATOR MIKE BRAUN,2025,BANNER ORGANIZATION TOTALS,646.15,status=warn; banner=646.15; parsed_body=0.0. Banner checks are advisory; review against the source before treating this as a parser defect.,119sdoc5|banner_check_discrepancy|725|SENATOR MIKE BRAUN|2025|BANNER ORGANIZATION TOTALS|646.15
warning,banner_check_missing,119sdoc5,GPO-CDOC-119sdoc5-1.pdf,727,SENATOR KATIE BRITT,2023,BANNER NET PAYROLL,0.0,status=banner_missing; banner=0.0; parsed_body=0.0. Banner checks are advisory; review against the source before treating this as a parser defect.,119sdoc5|banner_check_missing|727|SENATOR KATIE BRITT|2023|BANNER NET PAYROLL|0.0
warning,banner_check_missing,119sdoc5,GPO-CDOC-119sdoc5-1.pdf,728,INTERN COMPENSATION - BRITT,2023,BANNER NET PAYROLL,0.0,status=banner_missing; banner=0.0; parsed_body=0.0. Banner checks are advisory; review against the source before treating this as a parser defect.,119sdoc5|banner_check_missing|728|INTERN COMPENSATION - BRITT|2023|BANNER NET PAYROLL|0.0
warning,banner_check_missing,119sdoc5,GPO-CDOC-119sdoc5-1.pdf,729,SENATOR KATIE BRITT,2024,BANNER NET PAYROLL,0.0,status=banner_missing; banner=0.0; parsed_body=0.0. Banner checks are advisory; review against the source before treating this as a parser defect.,119sdoc5|banner_check_missing|729|SENATOR KATIE BRITT|2024|BANNER NET PAYROLL|0.0
warning,banner_check_missing,119sdoc5,GPO-CDOC-119sdoc5-1.pdf,730,INTERN COMPENSATION - BRITT,2024,BANNER NET PAYROLL,0.0,status=banner_missing; banner=0.0; parsed_body=0.0. Banner checks are advisory; review against the source before treating this as a parser defect.,119sdoc5|banner_check_missing|730|INTERN COMPENSATION - BRITT|2024|BANNER NET PAYROLL|0.0
warning,banner_check_discrepancy,119sdoc5,GPO-CDOC-119sdoc5-1.pdf,731,SENATOR KATIE BRITT,2025,BANNER ORGANIZATION TOTALS,2194762.23,status=warn; banner=2194762.23; parsed_body=2028981.52. Banner checks are advisory; review against the source before treating this as a parser defect.,119sdoc5|banner_check_discrepancy|731|SENATOR KATIE BRITT|2025|BANNER ORGANIZATION TOTALS|2194762.23
warning,banner_check_missing,119sdoc5,GPO-CDOC-119sdoc5-1.pdf,747,SENATOR SHERROD BROWN,2023,BANNER NET PAYROLL,0.0,status=banner_missing; banner=0.0; parsed_body=0.0. Banner checks are advisory; review against the source before treating this as a parser defect.,119sdoc5|banner_check_missing|747|SENATOR SHERROD BROWN|2023|BANNER NET PAYROLL|0.0
warning,banner_check_missing,119sdoc5,GPO-CDOC-119sdoc5-1.pdf,748,INTERN COMPENSATION - BROWN,2023,BANNER NET PAYROLL,0.0,status=banner_missing; banner=0.0; parsed_body=0.0. Banner checks are advisory; review against the source before treating this as a parser defect.,119sdoc5|banner_check_missing|748|INTERN COMPENSATION - BROWN|2023|BANNER NET PAYROLL|0.0
warning,banner_check_missing,119sdoc5,GPO-CDOC-119sdoc5-1.pdf,749,SENATOR SHERROD BROWN,2024,BANNER NET PAYROLL,0.0,status=banner_missing; banner=0.0; parsed_body=0.0. Banner checks are advisory; review against the source before treating this as a parser defect.,119sdoc5|banner_check_missing|749|SENATOR SHERROD BROWN|2024|BANNER NET PAYROLL|0.0
warning,banner_check_missing,119sdoc5,GPO-CDOC-119sdoc5-1.pdf,750,INTERN COMPENSATION - BROWN,2024,BANNER NET PAYROLL,0.0,status=banner_missing; banner=0.0; parsed_body=0.0. Banner checks are advisory; review against the source before treating this as a parser defect.,119sdoc5|banner_check_missing|750|INTERN COMPENSATION - BROWN|2024|BANNER NET PAYROLL|0.0
warning,banner_check_missing,119sdoc5,GPO-CDOC-119sdoc5-1.pdf,751,SENATOR SHERROD BROWN,2025,BANNER NET PAYROLL,0.0,status=banner_missing; banner=0.0; parsed_body=0.0. Banner checks are advisory; review against the source before treating this as a parser defect.,119sdoc5|banner_check_missing|751|SENATOR SHERROD BROWN|2025|BANNER NET PAYROLL|0.0
warning,banner_check_discrepancy,119sdoc5,GPO-CDOC-119sdoc5-1.pdf,751,SENATOR SHERROD BROWN,2025,BANNER ORGANIZATION TOTALS,1146.9,status=fail; banner=1146.9; parsed_body=550.0. Banner checks are advisory; review against the source before treating this as a parser defect.,119sdoc5|banner_check_discrepancy|751|SENATOR SHERROD BROWN|2025|BANNER ORGANIZATION TOTALS|1146.9
warning,banner_check_missing,119sdoc5,GPO-CDOC-119sdoc5-1.pdf,752,INTERN COMPENSATION - BROWN,2025,BANNER NET PAYROLL,0.0,status=banner_missing; banner=0.0; parsed_body=0.0. Banner checks are advisory; review against the source before treating this as a parser defect.,119sdoc5|banner_check_missing|752|INTERN COMPENSATION - BROWN|2025|BANNER NET PAYROLL|0.0
warning,banner_check_missing,119sdoc5,GPO-CDOC-119sdoc5-1.pdf,753,SENATOR THEODORE BUDD,2023,BANNER NET PAYROLL,0.0,status=banner_missing; banner=0.0; parsed_body=0.0. Banner checks are advisory; review against the source before treating this as a parser defect.,119sdoc5|banner_check_missing|753|SENATOR THEODORE BUDD|2023|BANNER NET PAYROLL|0.0
warning,banner_check_missing,119sdoc5,GPO-CDOC-119sdoc5-1.pdf,754,INTERN COMPENSATION - BUDD,2023,BANNER NET PAYROLL,0.0,status=banner_missing; banner=0.0; parsed_body=0.0. Banner checks are advisory; review against the source before treating this as a parser defect.,119sdoc5|banner_check_missing|754|INTERN COMPENSATION - BUDD|2023|BANNER NET PAYROLL|0.0
warning,banner_check_missing,119sdoc5,GPO-CDOC-119sdoc5-1.pdf,755,SENATOR THEODORE BUDD,2024,BANNER NET PAYROLL,0.0,status=banner_missing; banner=0.0; parsed_body=0.0. Banner checks are advisory; review against the source before treating this as a parser defect.,119sdoc5|banner_check_missing|755|SENATOR THEODORE BUDD|2024|BANNER NET PAYROLL|0.0
warning,banner_check_missing,119sdoc5,GPO-CDOC-119sdoc5-1.pdf,756,INTERN COMPENSATION - BUDD,2024,BANNER NET PAYROLL,0.0,status=banner_missing; banner=0.0; parsed_body=0.0. Banner checks are advisory; review against the source before treating this as a parser defect.,119sdoc5|banner_check_missing|756|INTERN COMPENSATION - BUDD|2024|BANNER NET PAYROLL|0.0
warning,banner_check_discrepancy,119sdoc5,GPO-CDOC-119sdoc5-1.pdf,757,SENATOR THEODORE BUDD,2025,BANNER ORGANIZATION TOTALS,2418464.42,status=warn; banner=2418464.42; parsed_body=2377401.23. Banner checks are advisory; review against the source before treating this as a parser defect.,119sdoc5|banner_check_discrepancy|757|SENATOR THEODORE BUDD|2025|BANNER ORGANIZATION TOTALS|2418464.42
warning,banner_check_missing,119sdoc5,GPO-CDOC-119sdoc5-1.pdf,772,SENATOR RICHARD BURR,2023,BANNER NET PAYROLL,0.0,status=banner_missing; banner=0.0; parsed_body=0.0. Banner checks are advisory; review against the source before treating this as a parser defect.,119sdoc5|banner_check_missing|772|SENATOR RICHARD BURR|2023|BANNER NET PAYROLL|0.0
warning,banner_check_missing,119sdoc5,GPO-CDOC-119sdoc5-1.pdf,773,INTERN COMPENSATION - BURR,2023,BANNER NET PAYROLL,0.0,status=banner_missing; banner=0.0; parsed_body=0.0. Banner checks are advisory; review against the source before treating this as a parser defect.,119sdoc5|banner_check_missing|773|INTERN COMPENSATION - BURR|2023|BANNER NET PAYROLL|0.0
warning,banner_check_missing,119sdoc5,GPO-CDOC-119sdoc5-1.pdf,774,SENATOR LAPHONZA BUTLER,2024,BANNER NET PAYROLL,0.0,status=banner_missing; banner=0.0; parsed_body=0.0. Banner checks are advisory; review against the source before treating this as a parser defect.,119sdoc5|banner_check_missing|774|SENATOR LAPHONZA BUTLER|2024|BANNER NET PAYROLL|0.0
warning,banner_check_missing,119sdoc5,GPO-CDOC-119sdoc5-1.pdf,775,INTERN COMPENSATION - BUTLER,2024,BANNER NET PAYROLL,0.0,status=banner_missing; banner=0.0; parsed_body=0.0. Banner checks are advisory; review against the source before treating this as a parser defect.,119sdoc5|banner_check_missing|775|INTERN COMPENSATION - BUTLER|2024|BANNER NET PAYROLL|0.0
warning,banner_check_missing,119sdoc5,GPO-CDOC-119sdoc5-1.pdf,776,SENATOR LAPHONZA BUTLER,2025,BANNER NET PAYROLL,0.0,status=banner_missing; banner=0.0; parsed_body=0.0. Banner checks are advisory; review against the source before treating this as a parser defect.,119sdoc5|banner_check_missing|776|SENATOR LAPHONZA BUTLER|2025|BANNER NET PAYROLL|0.0
warning,banner_check_discrepancy,119sdoc5,GPO-CDOC-119sdoc5-1.pdf,776,SENATOR LAPHONZA BUTLER,2025,BANNER ORGANIZATION TOTALS,183.54,status=warn; banner=183.54; parsed_body=0.0. Banner checks are advisory; review against the source before treating this as a parser defect.,119sdoc5|banner_check_discrepancy|776|SENATOR LAPHONZA BUTLER|2025|BANNER ORGANIZATION TOTALS|183.54
warning,banner_check_missing,119sdoc5,GPO-CDOC-119sdoc5-1.pdf,777,INTERN COMPENSATION - BUTLER,2025,BANNER NET PAYROLL,0.0,status=banner_missing; banner=0.0; parsed_body=0.0. Banner checks are advisory; review against the source before treating this as a parser defect.,119sdoc5|banner_check_missing|777|INTERN COMPENSATION - BUTLER|2025|BANNER NET PAYROLL|0.0
warning,banner_check_missing,119sdoc5,GPO-CDOC-119sdoc5-1.pdf,778,SENATOR MARIA CANTWELL,2023,BANNER NET PAYROLL,0.0,status=banner_missing; banner=0.0; parsed_body=0.0. Banner checks are advisory; review against the source before treating this as a parser defect.,119sdoc5|banner_check_missing|778|SENATOR MARIA CANTWELL|2023|BANNER NET PAYROLL|0.0
warning,banner_check_missing,119sdoc5,GPO-CDOC-119sdoc5-1.pdf,780,SENATOR MARIA CANTWELL,2024,BANNER NET PAYROLL,0.0,status=banner_missing; banner=0.0; parsed_body=0.0. Banner checks are advisory; review against the source before treating this as a parser defect.,119sdoc5|banner_check_missing|780|SENATOR MARIA CANTWELL|2024|BANNER NET PAYROLL|0.0
warning,banner_check_missing,119sdoc5,GPO-CDOC-119sdoc5-1.pdf,781,INTERN COMPENSATION - CANTWELL,2024,BANNER NET PAYROLL,0.0,status=banner_missing; banner=0.0; parsed_body=0.0. Banner checks are advisory; review against the source before treating this as a parser defect.,119sdoc5|banner_check_missing|781|INTERN COMPENSATION - CANTWELL|2024|BANNER NET PAYROLL|0.0
warning,banner_check_discrepancy,119sdoc5,GPO-CDOC-119sdoc5-1.pdf,782,SENATOR MARIA CANTWELL,2025,BANNER ORGANIZATION TOTALS,2427348.41,status=warn; banner=2427348.41; parsed_body=2387641.09. Banner checks are advisory; review against the source before treating this as a parser defect.,119sdoc5|banner_check_discrepancy|782|SENATOR MARIA CANTWELL|2025|BANNER ORGANIZATION TOTALS|2427348.41
warning,banner_check_missing,119sdoc5,GPO-CDOC-119sdoc5-1.pdf,796,SENATOR SHELLEY MOORE CAPITO,2023,BANNER NET PAYROLL,0.0,status=banner_missing; banner=0.0; parsed_body=0.0. Banner checks are advisory; review against the source before treating this as a parser defect.,119sdoc5|banner_check_missing|796|SENATOR SHELLEY MOORE CAPITO|2023|BANNER NET PAYROLL|0.0
warning,banner_check_missing,119sdoc5,GPO-CDOC-119sdoc5-1.pdf,797,INTERN COMPENSATION - CAPITO,2023,BANNER NET PAYROLL,0.0,status=banner_missing; banner=0.0; parsed_body=0.0. Banner checks are advisory; review against the source before treating this as a parser defect.,119sdoc5|banner_check_missing|797|INTERN COMPENSATION - CAPITO|2023|BANNER NET PAYROLL|0.0
warning,banner_check_missing,119sdoc5,GPO-CDOC-119sdoc5-1.pdf,798,SENATOR SHELLEY MOORE CAPITO,2024,BANNER NET PAYROLL,0.0,status=banner_missing; banner=0.0; parsed_body=0.0. Banner checks are advisory; review against the source before treating this as a parser defect.,119sdoc5|banner_check_missing|798|SENATOR SHELLEY MOORE CAPITO|2024|BANNER NET PAYROLL|0.0
warning,banner_check_missing,119sdoc5,GPO-CDOC-119sdoc5-1.pdf,799,INTERN COMPENSATION - CAPITO,2024,BANNER NET PAYROLL,0.0,status=banner_missing; banner=0.0; parsed_body=0.0. Banner checks are advisory; review against the source before treating this as a parser defect.,119sdoc5|banner_check_missing|799|INTERN COMPENSATION - CAPITO|2024|BANNER NET PAYROLL|0.0
warning,banner_check_discrepancy,119sdoc5,GPO-CDOC-119sdoc5-1.pdf,800,SENATOR SHELLEY MOORE CAPITO,2025,BANNER ORGANIZATION TOTALS,1695835.24,status=warn; banner=1695835.24; parsed_body=1646488.25. Banner checks are advisory; review against the source before treating this as a parser defect.,119sdoc5|banner_check_discrepancy|800|SENATOR SHELLEY MOORE CAPITO|2025|BANNER ORGANIZATION TOTALS|1695835.24
warning,banner_check_missing,119sdoc5,GPO-CDOC-119sdoc5-1.pdf,816,SENATOR BENJAMIN L. CARDIN,2023,BANNER NET PAYROLL,0.0,status=banner_missing; banner=0.0; parsed_body=0.0. Banner checks are advisory; review against the source before treating this as a parser defect.,119sdoc5|banner_check_missing|816|SENATOR BENJAMIN L. CARDIN|2023|BANNER NET PAYROLL|0.0
warning,banner_check_missing,119sdoc5,GPO-CDOC-119sdoc5-1.pdf,817,INTERN COMPENSATION - CARDIN,2023,BANNER NET PAYROLL,0.0,status=banner_missing; banner=0.0; parsed_body=0.0. Banner checks are advisory; review against the source before treating this as a parser defect.,119sdoc5|banner_check_missing|817|INTERN COMPENSATION - CARDIN|2023|BANNER NET PAYROLL|0.0
warning,banner_check_missing,119sdoc5,GPO-CDOC-119sdoc5-1.pdf,818,SENATOR BENJAMIN L. CARDIN,2024,BANNER NET PAYROLL,0.0,status=banner_missing; banner=0.0; parsed_body=0.0. Banner checks are advisory; review against the source before treating this as a parser defect.,119sdoc5|banner_check_missing|818|SENATOR BENJAMIN L. CARDIN|2024|BANNER NET PAYROLL|0.0
warning,banner_check_missing,119sdoc5,GPO-CDOC-119sdoc5-1.pdf,819,INTERN COMPENSATION - CARDIN,2024,BANNER NET PAYROLL,0.0,status=banner_missing; banner=0.0; parsed_body=0.0. Banner checks are advisory; review against the source before treating this as a parser defect.,119sdoc5|banner_check_missing|819|INTERN COMPENSATION - CARDIN|2024|BANNER NET PAYROLL|0.0
warning,banner_check_missing,119sdoc5,GPO-CDOC-119sdoc5-1.pdf,820,SENATOR BENJAMIN L. CARDIN,2025,BANNER NET PAYROLL,0.0,status=banner_missing; banner=0.0; parsed_body=0.0. Banner checks are advisory; review against the source before treating this as a parser defect.,119sdoc5|banner_check_missing|820|SENATOR BENJAMIN L. CARDIN|2025|BANNER NET PAYROLL|0.0
warning,banner_check_discrepancy,119sdoc5,GPO-CDOC-119sdoc5-1.pdf,820,SENATOR BENJAMIN L. CARDIN,2025,BANNER ORGANIZATION TOTALS,2242.88,status=warn; banner=2242.88; parsed_body=249.04. Banner checks are advisory; review against the source before treating this as a parser defect.,119sdoc5|banner_check_discrepancy|820|SENATOR BENJAMIN L. CARDIN|2025|BANNER ORGANIZATION TOTALS|2242.88
warning,banner_check_missing,119sdoc5,GPO-CDOC-119sdoc5-1.pdf,821,INTERN COMPENSATION - CARDIN,2025,BANNER NET PAYROLL,0.0,status=banner_missing; banner=0.0; parsed_body=0.0. Banner checks are advisory; review against the source before treating this as a parser defect.,119sdoc5|banner_check_missing|821|INTERN COMPENSATION - CARDIN|2025|BANNER NET PAYROLL|0.0
warning,banner_check_missing,119sdoc5,GPO-CDOC-119sdoc5-1.pdf,822,SENATOR THOMAS R. CARPER,2023,BANNER NET PAYROLL,0.0,status=banner_missing; banner=0.0; parsed_body=0.0. Banner checks are advisory; review against the source before treating this as a parser defect.,119sdoc5|banner_check_missing|822|SENATOR THOMAS R. CARPER|2023|BANNER NET PAYROLL|0.0
warning,banner_check_missing,119sdoc5,GPO-CDOC-119sdoc5-1.pdf,823,INTERN COMPENSATION - CARPER,2023,BANNER NET PAYROLL,0.0,status=banner_missing; banner=0.0; parsed_body=0.0. Banner checks are advisory; review against the source before treating this as a parser defect.,119sdoc5|banner_check_missing|823|INTERN COMPENSATION - CARPER|2023|BANNER NET PAYROLL|0.0
warning,banner_check_missing,119sdoc5,GPO-CDOC-119sdoc5-1.pdf,824,SENATOR THOMAS R. CARPER,2024,BANNER NET PAYROLL,0.0,status=banner_missing; banner=0.0; parsed_body=0.0. Banner checks are advisory; review against the source before treating this as a parser defect.,119sdoc5|banner_check_missing|824|SENATOR THOMAS R. CARPER|2024|BANNER NET PAYROLL|0.0
warning,banner_check_missing,119sdoc5,GPO-CDOC-119sdoc5-1.pdf,825,INTERN COMPENSATION - CARPER,2024,BANNER NET PAYROLL,0.0,status=banner_missing; banner=0.0; parsed_body=0.0. Banner checks are advisory; review against the source before treating this as a parser defect.,119sdoc5|banner_check_missing|825|INTERN COMPENSATION - CARPER|2024|BANNER NET PAYROLL|0.0
warning,banner_check_missing,119sdoc5,GPO-CDOC-119sdoc5-1.pdf,826,SENATOR THOMAS R. CARPER,2025,BANNER NET PAYROLL,0.0,status=banner_missing; banner=0.0; parsed_body=0.0. Banner checks are advisory; review against the source before treating this as a parser defect.,119sdoc5|banner_check_missing|826|SENATOR THOMAS R. CARPER|2025|BANNER NET PAYROLL|0.0
warning,banner_check_missing,119sdoc5,GPO-CDOC-119sdoc5-1.pdf,827,INTERN COMPENSATION - CARPER,2025,BANNER NET PAYROLL,0.0,status=banner_missing; banner=0.0; parsed_body=0.0. Banner checks are advisory; review against the source before treating this as a parser defect.,119sdoc5|banner_check_missing|827|INTERN COMPENSATION - CARPER|2025|BANNER NET PAYROLL|0.0
warning,banner_check_missing,119sdoc5,GPO-CDOC-119sdoc5-1.pdf,828,SENATOR ROBERT CASEY,2023,BANNER NET PAYROLL,0.0,status=banner_missing; banner=0.0; parsed_body=0.0. Banner checks are advisory; review against the source before treating this as a parser defect.,119sdoc5|banner_check_missing|828|SENATOR ROBERT CASEY|2023|BANNER NET PAYROLL|0.0
warning,banner_check_missing,119sdoc5,GPO-CDOC-119sdoc5-1.pdf,829,INTERN COMPENSATION - CASEY,2023,BANNER NET PAYROLL,0.0,status=banner_missing; banner=0.0; parsed_body=0.0. Banner checks are advisory; review against the source before treating this as a parser defect.,119sdoc5|banner_check_missing|829|INTERN COMPENSATION - CASEY|2023|BANNER NET PAYROLL|0.0
warning,banner_check_missing,119sdoc5,GPO-CDOC-119sdoc5-1.pdf,830,SENATOR ROBERT CASEY,2024,BANNER NET PAYROLL,0.0,status=banner_missing; banner=0.0; parsed_body=0.0. Banner checks are advisory; review against the source before treating this as a parser defect.,119sdoc5|banner_check_missing|830|SENATOR ROBERT CASEY|2024|BANNER NET PAYROLL|0.0
warning,banner_check_missing,119sdoc5,GPO-CDOC-119sdoc5-1.pdf,831,INTERN COMPENSATION - CASEY,2024,BANNER NET PAYROLL,0.0,status=banner_missing; banner=0.0; parsed_body=0.0. Banner checks are advisory; review against the source before treating this as a parser defect.,119sdoc5|banner_check_missing|831|INTERN COMPENSATION - CASEY|2024|BANNER NET PAYROLL|0.0
warning,banner_check_missing,119sdoc5,GPO-CDOC-119sdoc5-1.pdf,834,SENATOR BILL CASSIDY,2023,BANNER NET PAYROLL,0.0,status=banner_missing; banner=0.0; parsed_body=0.0. Banner checks are advisory; review against the source before treating this as a parser defect.,119sdoc5|banner_check_missing|834|SENATOR BILL CASSIDY|2023|BANNER NET PAYROLL|0.0
warning,banner_check_missing,119sdoc5,GPO-CDOC-119sdoc5-1.pdf,835,INTERN COMPENSATION - CASSIDY,2023,BANNER NET PAYROLL,0.0,status=banner_missing; banner=0.0; parsed_body=0.0. Banner checks are advisory; review against the source before treating this as a parser defect.,119sdoc5|banner_check_missing|835|INTERN COMPENSATION - CASSIDY|2023|BANNER NET PAYROLL|0.0
warning,banner_check_missing,119sdoc5,GPO-CDOC-119sdoc5-1.pdf,836,SENATOR BILL CASSIDY,2024,BANNER NET PAYROLL,0.0,status=banner_missing; banner=0.0; parsed_body=0.0. Banner checks are advisory; review against the source before treating this as a parser defect.,119sdoc5|banner_check_missing|836|SENATOR BILL CASSIDY|2024|BANNER NET PAYROLL|0.0
warning,banner_check_discrepancy,119sdoc5,GPO-CDOC-119sdoc5-1.pdf,836,SENATOR BILL CASSIDY,2024,BANNER ORGANIZATION TOTALS,472.91,status=warn; banner=472.91; parsed_body=0.0. Banner checks are advisory; review against the source before treating this as a parser defect.,119sdoc5|banner_check_discrepancy|836|SENATOR BILL CASSIDY|2024|BANNER ORGANIZATION TOTALS|472.91
warning,banner_check_missing,119sdoc5,GPO-CDOC-119sdoc5-1.pdf,837,INTERN COMPENSATION - CASSIDY,2024,BANNER NET PAYROLL,0.0,status=banner_missing; banner=0.0; parsed_body=0.0. Banner checks are advisory; review against the source before treating this as a parser defect.,119sdoc5|banner_check_missing|837|INTERN COMPENSATION - CASSIDY|2024|BANNER NET PAYROLL|0.0
warning,banner_check_discrepancy,119sdoc5,GPO-CDOC-119sdoc5-1.pdf,838,SENATOR BILL CASSIDY,2025,BANNER ORGANIZATION TOTALS,2191001.09,status=warn; banner=2191001.09; parsed_body=2101078.85. Banner checks are advisory; review against the source before treating this as a parser defect.,119sdoc5|banner_check_discrepancy|838|SENATOR BILL CASSIDY|2025|BANNER ORGANIZATION TOTALS|2191001.09
warning,banner_check_missing,119sdoc5,GPO-CDOC-119sdoc5-1.pdf,860,SENATOR SUSAN M. COLLINS,2023,BANNER NET PAYROLL,0.0,status=banner_missing; banner=0.0; parsed_body=0.0. Banner checks are advisory; review against the source before treating this as a parser defect.,119sdoc5|banner_check_missing|860|SENATOR SUSAN M. COLLINS|2023|BANNER NET PAYROLL|0.0
warning,banner_check_missing,119sdoc5,GPO-CDOC-119sdoc5-1.pdf,861,INTERN COMPENSATION - COLLINS,2023,BANNER NET PAYROLL,0.0,status=banner_missing; banner=0.0; parsed_body=0.0. Banner checks are advisory; review against the source before treating this as a parser defect.,119sdoc5|banner_check_missing|861|INTERN COMPENSATION - COLLINS|2023|BANNER NET PAYROLL|0.0
warning,banner_check_missing,119sdoc5,GPO-CDOC-119sdoc5-1.pdf,862,SENATOR SUSAN M. COLLINS,2024,BANNER NET PAYROLL,0.0,status=banner_missing; banner=0.0; parsed_body=0.0. Banner checks are advisory; review against the source before treating this as a parser defect.,119sdoc5|banner_check_missing|862|SENATOR SUSAN M. COLLINS|2024|BANNER NET PAYROLL|0.0
warning,banner_check_discrepancy,119sdoc5,GPO-CDOC-119sdoc5-1.pdf,862,SENATOR SUSAN M. COLLINS,2024,BANNER ORGANIZATION TOTALS,51082.65,status=warn; banner=51082.65; parsed_body=50000.0. Banner checks are advisory; review against the source before treating this as a parser defect.,119sdoc5|banner_check_discrepancy|862|SENATOR SUSAN M. COLLINS|2024|BANNER ORGANIZATION TOTALS|51082.65
warning,banner_check_missing,119sdoc5,GPO-CDOC-119sdoc5-1.pdf,863,INTERN COMPENSATION - COLLINS,2024,BANNER NET PAYROLL,0.0,status=banner_missing; banner=0.0; parsed_body=0.0. Banner checks are advisory; review against the source before treating this as a parser defect.,119sdoc5|banner_check_missing|863|INTERN COMPENSATION - COLLINS|2024|BANNER NET PAYROLL|0.0
warning,banner_check_discrepancy,119sdoc5,GPO-CDOC-119sdoc5-1.pdf,864,SENATOR SUSAN M. COLLINS,2025,BANNER ORGANIZATION TOTALS,2098669.91,status=warn; banner=2098669.91; parsed_body=1987396.09. Banner checks are advisory; review against the source before treating this as a parser defect.,119sdoc5|banner_check_discrepancy|864|SENATOR SUSAN M. COLLINS|2025|BANNER ORGANIZATION TOTALS|2098669.91
warning,banner_check_missing,119sdoc5,GPO-CDOC-119sdoc5-1.pdf,882,SENATOR CHRISTOPHER A. COONS,2023,BANNER NET PAYROLL,0.0,status=banner_missing; banner=0.0; parsed_body=0.0. Banner checks are advisory; review against the source before treating this as a parser defect.,119sdoc5|banner_check_missing|882|SENATOR CHRISTOPHER A. COONS|2023|BANNER NET PAYROLL|0.0
warning,banner_check_missing,119sdoc5,GPO-CDOC-119sdoc5-1.pdf,883,INTERN COMPENSATION - COONS,2023,BANNER NET PAYROLL,0.0,status=banner_missing; banner=0.0; parsed_body=0.0. Banner checks are advisory; review against the source before treating this as a parser defect.,119sdoc5|banner_check_missing|883|INTERN COMPENSATION - COONS|2023|BANNER NET PAYROLL|0.0
warning,banner_check_missing,119sdoc5,GPO-CDOC-119sdoc5-1.pdf,884,SENATOR CHRISTOPHER A. COONS,2024,BANNER NET PAYROLL,0.0,status=banner_missing; banner=0.0; parsed_body=0.0. Banner checks are advisory; review against the source before treating this as a parser defect.,119sdoc5|banner_check_missing|884|SENATOR CHRISTOPHER A. COONS|2024|BANNER NET PAYROLL|0.0
warning,banner_check_discrepancy,119sdoc5,GPO-CDOC-119sdoc5-1.pdf,884,SENATOR CHRISTOPHER A. COONS,2024,BANNER ORGANIZATION TOTALS,2409.02,status=warn; banner=2409.02; parsed_body=1445.0. Banner checks are advisory; review against the source before treating this as a parser defect.,119sdoc5|banner_check_discrepancy|884|SENATOR CHRISTOPHER A. COONS|2024|BANNER ORGANIZATION TOTALS|2409.02
warning,banner_check_missing,119sdoc5,GPO-CDOC-119sdoc5-1.pdf,885,INTERN COMPENSATION - COONS,2024,BANNER NET PAYROLL,0.0,status=banner_missing; banner=0.0; parsed_body=0.0. Banner checks are advisory; review against the source before treating this as a parser defect.,119sdoc5|banner_check_missing|885|INTERN COMPENSATION - COONS|2024|BANNER NET PAYROLL|0.0
warning,banner_check_discrepancy,119sdoc5,GPO-CDOC-119sdoc5-1.pdf,886,SENATOR CHRISTOPHER A. COONS,2025,BANNER NET PAYROLL,2155972.75,status=fail; banner=2155972.75; parsed_body=2216639.44. Banner checks are advisory; review against the source before treating this as a parser defect.,119sdoc5|banner_check_discrepancy|886|SENATOR CHRISTOPHER A. COONS|2025|BANNER NET PAYROLL|2155972.75
warning,banner_check_discrepancy,119sdoc5,GPO-CDOC-119sdoc5-1.pdf,886,SENATOR CHRISTOPHER A. COONS,2025,BANNER ORGANIZATION TOTALS,2297160.19,status=warn; banner=2297160.19; parsed_body=2303612.54. Banner checks are advisory; review against the source before treating this as a parser defect.,119sdoc5|banner_check_discrepancy|886|SENATOR CHRISTOPHER A. COONS|2025|BANNER ORGANIZATION TOTALS|2297160.19
warning,banner_check_missing,119sdoc5,GPO-CDOC-119sdoc5-1.pdf,901,SENATOR JOHN CORNYN,2023,BANNER NET PAYROLL,0.0,status=banner_missing; banner=0.0; parsed_body=0.0. Banner checks are advisory; review against the source before treating this as a parser defect.,119sdoc5|banner_check_missing|901|SENATOR JOHN CORNYN|2023|BANNER NET PAYROLL|0.0
warning,banner_check_missing,119sdoc5,GPO-CDOC-119sdoc5-1.pdf,902,INTERN COMPENSATION - CORNYN,2023,BANNER NET PAYROLL,0.0,status=banner_missing; banner=0.0; parsed_body=0.0. Banner checks are advisory; review against the source before treating this as a parser defect.,119sdoc5|banner_check_missing|902|INTERN COMPENSATION - CORNYN|2023|BANNER NET PAYROLL|0.0
warning,banner_check_missing,119sdoc5,GPO-CDOC-119sdoc5-1.pdf,903,SENATOR JOHN CORNYN,2024,BANNER NET PAYROLL,4418.86,status=banner_missing; banner=4418.86; parsed_body=0.0. Banner checks are advisory; review against the source before treating this as a parser defect.,119sdoc5|banner_check_missing|903|SENATOR JOHN CORNYN|2024|BANNER NET PAYROLL|4418.86
warning,banner_check_discrepancy,119sdoc5,GPO-CDOC-119sdoc5-1.pdf,903,SENATOR JOHN CORNYN,2024,BANNER ORGANIZATION TOTALS,662.08,status=fail; banner=662.08; parsed_body=3583.62. Banner checks are advisory; review against the source before treating this as a parser defect.,119sdoc5|banner_check_discrepancy|903|SENATOR JOHN CORNYN|2024|BANNER ORGANIZATION TOTALS|662.08
warning,banner_check_missing,119sdoc5,GPO-CDOC-119sdoc5-1.pdf,904,INTERN COMPENSATION - CORNYN,2024,BANNER NET PAYROLL,0.0,status=banner_missing; banner=0.0; parsed_body=0.0. Banner checks are advisory; review against the source before treating this as a parser defect.,119sdoc5|banner_check_missing|904|INTERN COMPENSATION - CORNYN|2024|BANNER NET PAYROLL|0.0
warning,banner_check_discrepancy,119sdoc5,GPO-CDOC-119sdoc5-1.pdf,905,SENATOR JOHN CORNYN,2025,BANNER NET PAYROLL,2757262.87,status=fail; banner=2757262.87; parsed_body=2752844.01. Banner checks are advisory; review against the source before treating this as a parser defect.,119sdoc5|banner_check_discrepancy|905|SENATOR JOHN CORNYN|2025|BANNER NET PAYROLL|2757262.87
warning,banner_check_discrepancy,119sdoc5,GPO-CDOC-119sdoc5-1.pdf,905,SENATOR JOHN CORNYN,2025,BANNER ORGANIZATION TOTALS,3326353.94,status=warn; banner=3326353.94; parsed_body=2927764.49. Banner checks are advisory; review against the source before treating this as a parser defect.,119sdoc5|banner_check_discrepancy|905|SENATOR JOHN CORNYN|2025|BANNER ORGANIZATION TOTALS|3326353.94
warning,banner_check_missing,119sdoc5,GPO-CDOC-119sdoc5-1.pdf,921,SENATOR CATHERINE CORTEZ MASTO,2023,BANNER NET PAYROLL,0.0,status=banner_missing; banner=0.0; parsed_body=0.0. Banner checks are advisory; review against the source before treating this as a parser defect.,119sdoc5|banner_check_missing|921|SENATOR CATHERINE CORTEZ MASTO|2023|BANNER NET PAYROLL|0.0
warning,banner_check_discrepancy,119sdoc5,GPO-CDOC-119sdoc5-1.pdf,921,SENATOR CATHERINE CORTEZ MASTO,2023,BANNER ORGANIZATION TOTALS,24426.0,status=warn; banner=24426.0; parsed_body=0.0. Banner checks are advisory; review against the source before treating this as a parser defect.,119sdoc5|banner_check_discrepancy|921|SENATOR CATHERINE CORTEZ MASTO|2023|BANNER ORGANIZATION TOTALS|24426.0
warning,banner_check_missing,119sdoc5,GPO-CDOC-119sdoc5-1.pdf,922,INTERN COMPENSATION - CORTEZ MASTO,2023,BANNER NET PAYROLL,0.0,status=banner_missing; banner=0.0; parsed_body=0.0. Banner checks are advisory; review against the source before treating this as a parser defect.,119sdoc5|banner_check_missing|922|INTERN COMPENSATION - CORTEZ MASTO|2023|BANNER NET PAYROLL|0.0
warning,banner_check_missing,119sdoc5,GPO-CDOC-119sdoc5-1.pdf,923,SENATOR CATHERINE CORTEZ MASTO,2024,BANNER NET PAYROLL,0.0,status=banner_missing; banner=0.0; parsed_body=0.0. Banner checks are advisory; review against the source before treating this as a parser defect.,119sdoc5|banner_check_missing|923|SENATOR CATHERINE CORTEZ MASTO|2024|BANNER NET PAYROLL|0.0
warning,banner_check_discrepancy,119sdoc5,GPO-CDOC-119sdoc5-1.pdf,923,SENATOR CATHERINE CORTEZ MASTO,2024,BANNER ORGANIZATION TOTALS,9606.21,status=warn; banner=9606.21; parsed_body=5788.92. Banner checks are advisory; review against the source before treating this as a parser defect.,119sdoc5|banner_check_discrepancy|923|SENATOR CATHERINE CORTEZ MASTO|2024|BANNER ORGANIZATION TOTALS|9606.21
warning,banner_check_missing,119sdoc5,GPO-CDOC-119sdoc5-1.pdf,924,INTERN COMPENSATION - CORTEZ MASTO,2024,BANNER NET PAYROLL,0.0,status=banner_missing; banner=0.0; parsed_body=0.0. Banner checks are advisory; review against the source before treating this as a parser defect.,119sdoc5|banner_check_missing|924|INTERN COMPENSATION - CORTEZ MASTO|2024|BANNER NET PAYROLL|0.0
warning,banner_check_discrepancy,119sdoc5,GPO-CDOC-119sdoc5-1.pdf,925,SENATOR CATHERINE CORTEZ MASTO,2025,BANNER NET PAYROLL,2209920.95,status=fail; banner=2209920.95; parsed_body=2201490.49. Banner checks are advisory; review against the source before treating this as a parser defect.,119sdoc5|banner_check_discrepancy|925|SENATOR CATHERINE CORTEZ MASTO|2025|BANNER NET PAYROLL|2209920.95
warning,banner_check_discrepancy,119sdoc5,GPO-CDOC-119sdoc5-1.pdf,925,SENATOR CATHERINE CORTEZ MASTO,2025,BANNER ORGANIZATION TOTALS,2335839.88,status=warn; banner=2335839.88; parsed_body=2284743.28. Banner checks are advisory; review against the source before treating this as a parser defect.,119sdoc5|banner_check_discrepancy|925|SENATOR CATHERINE CORTEZ MASTO|2025|BANNER ORGANIZATION TOTALS|2335839.88
warning,banner_check_discrepancy,119sdoc5,GPO-CDOC-119sdoc5-1.pdf,934,INTERN COMPENSATION - CORTEZ MASTO,2025,BANNER NET PAYROLL,0.0,status=fail; banner=0.0; parsed_body=8430.46. Banner checks are advisory; review against the source before treating this as a parser defect.,119sdoc5|banner_check_discrepancy|934|INTERN COMPENSATION - CORTEZ MASTO|2025|BANNER NET PAYROLL|0.0
warning,banner_check_discrepancy,119sdoc5,GPO-CDOC-119sdoc5-1.pdf,934,INTERN COMPENSATION - CORTEZ MASTO,2025,BANNER ORGANIZATION TOTALS,0.0,status=warn; banner=0.0; parsed_body=8430.46. Banner checks are advisory; review against the source before treating this as a parser defect.,119sdoc5|banner_check_discrepancy|934|INTERN COMPENSATION - CORTEZ MASTO|2025|BANNER ORGANIZATION TOTALS|0.0
warning,banner_check_missing,119sdoc5,GPO-CDOC-119sdoc5-1.pdf,935,SENATOR TOM COTTON,2023,BANNER NET PAYROLL,0.0,status=banner_missing; banner=0.0; parsed_body=0.0. Banner checks are advisory; review against the source before treating this as a parser defect.,119sdoc5|banner_check_missing|935|SENATOR TOM COTTON|2023|BANNER NET PAYROLL|0.0
warning,banner_check_missing,119sdoc5,GPO-CDOC-119sdoc5-1.pdf,936,INTERN COMPENSATION - COTTON,2023,BANNER NET PAYROLL,0.0,status=banner_missing; banner=0.0; parsed_body=0.0. Banner checks are advisory; review against the source before treating this as a parser defect.,119sdoc5|banner_check_missing|936|INTERN COMPENSATION - COTTON|2023|BANNER NET PAYROLL|0.0
warning,banner_check_missing,119sdoc5,GPO-CDOC-119sdoc5-1.pdf,937,SENATOR TOM COTTON,2024,BANNER NET PAYROLL,0.0,status=banner_missing; banner=0.0; parsed_body=0.0. Banner checks are advisory; review against the source before treating this as a parser defect.,119sdoc5|banner_check_missing|937|SENATOR TOM COTTON|2024|BANNER NET PAYROLL|0.0
warning,banner_check_discrepancy,119sdoc5,GPO-CDOC-119sdoc5-1.pdf,937,SENATOR TOM COTTON,2024,BANNER ORGANIZATION TOTALS,280.54,status=warn; banner=280.54; parsed_body=0.0. Banner checks are advisory; review against the source before treating this as a parser defect.,119sdoc5|banner_check_discrepancy|937|SENATOR TOM COTTON|2024|BANNER ORGANIZATION TOTALS|280.54
warning,banner_check_missing,119sdoc5,GPO-CDOC-119sdoc5-1.pdf,938,INTERN COMPENSATION - COTTON,2024,BANNER NET PAYROLL,0.0,status=banner_missing; banner=0.0; parsed_body=0.0. Banner checks are advisory; review against the source before treating this as a parser defect.,119sdoc5|banner_check_missing|938|INTERN COMPENSATION - COTTON|2024|BANNER NET PAYROLL|0.0
warning,banner_check_discrepancy,119sdoc5,GPO-CDOC-119sdoc5-1.pdf,939,SENATOR TOM COTTON,2025,BANNER ORGANIZATION TOTALS,2104223.46,status=warn; banner=2104223.46; parsed_body=2035325.26. Banner checks are advisory; review against the source before treating this as a parser defect.,119sdoc5|banner_check_discrepancy|939|SENATOR TOM COTTON|2025|BANNER ORGANIZATION TOTALS|2104223.46
warning,banner_check_missing,119sdoc5,GPO-CDOC-119sdoc5-1.pdf,953,SENATOR KEVIN CRAMER,2023,BANNER NET PAYROLL,0.0,status=banner_missing; banner=0.0; parsed_body=0.0. Banner checks are advisory; review against the source before treating this as a parser defect.,119sdoc5|banner_check_missing|953|SENATOR KEVIN CRAMER|2023|BANNER NET PAYROLL|0.0
warning,banner_check_discrepancy,119sdoc5,GPO-CDOC-119sdoc5-1.pdf,953,SENATOR KEVIN CRAMER,2023,BANNER ORGANIZATION TOTALS,495.48,status=warn; banner=495.48; parsed_body=0.0. Banner checks are advisory; review against the source before treating this as a parser defect.,119sdoc5|banner_check_discrepancy|953|SENATOR KEVIN CRAMER|2023|BANNER ORGANIZATION TOTALS|495.48
warning,banner_check_missing,119sdoc5,GPO-CDOC-119sdoc5-1.pdf,954,INTERN COMPENSATION - CRAMER,2023,BANNER NET PAYROLL,0.0,status=banner_missing; banner=0.0; parsed_body=0.0. Banner checks are advisory; review against the source before treating this as a parser defect.,119sdoc5|banner_check_missing|954|INTERN COMPENSATION - CRAMER|2023|BANNER NET PAYROLL|0.0
warning,banner_check_missing,119sdoc5,GPO-CDOC-119sdoc5-1.pdf,955,SENATOR KEVIN CRAMER,2024,BANNER NET PAYROLL,0.0,status=banner_missing; banner=0.0; parsed_body=0.0. Banner checks are advisory; review against the source before treating this as a parser defect.,119sdoc5|banner_check_missing|955|SENATOR KEVIN CRAMER|2024|BANNER NET PAYROLL|0.0
warning,banner_check_discrepancy,119sdoc5,GPO-CDOC-119sdoc5-1.pdf,955,SENATOR KEVIN CRAMER,2024,BANNER ORGANIZATION TOTALS,1646.7,status=warn; banner=1646.7; parsed_body=1587.37. Banner checks are advisory; review against the source before treating this as a parser defect.,119sdoc5|banner_check_discrepancy|955|SENATOR KEVIN CRAMER|2024|BANNER ORGANIZATION TOTALS|1646.7
warning,banner_check_missing,119sdoc5,GPO-CDOC-119sdoc5-1.pdf,956,INTERN COMPENSATION - CRAMER,2024,BANNER NET PAYROLL,0.0,status=banner_missing; banner=0.0; parsed_body=0.0. Banner checks are advisory; review against the source before treating this as a parser defect.,119sdoc5|banner_check_missing|956|INTERN COMPENSATION - CRAMER|2024|BANNER NET PAYROLL|0.0
warning,banner_check_discrepancy,119sdoc5,GPO-CDOC-119sdoc5-1.pdf,957,SENATOR KEVIN CRAMER,2025,BANNER ORGANIZATION TOTALS,2068501.86,status=warn; banner=2068501.86; parsed_body=1958847.1. Banner checks are advisory; review against the source before treating this as a parser defect.,119sdoc5|banner_check_discrepancy|957|SENATOR KEVIN CRAMER|2025|BANNER ORGANIZATION TOTALS|2068501.86
warning,banner_check_missing,119sdoc5,GPO-CDOC-119sdoc5-1.pdf,972,SENATOR MICHAEL D. CRAPO,2023,BANNER NET PAYROLL,0.0,status=banner_missing; banner=0.0; parsed_body=0.0. Banner checks are advisory; review against the source before treating this as a parser defect.,119sdoc5|banner_check_missing|972|SENATOR MICHAEL D. CRAPO|2023|BANNER NET PAYROLL|0.0
warning,banner_check_missing,119sdoc5,GPO-CDOC-119sdoc5-1.pdf,973,INTERN COMPENSATION - CRAPO,2023,BANNER NET PAYROLL,0.0,status=banner_missing; banner=0.0; parsed_body=0.0. Banner checks are advisory; review against the source before treating this as a parser defect.,119sdoc5|banner_check_missing|973|INTERN COMPENSATION - CRAPO|2023|BANNER NET PAYROLL|0.0
warning,banner_check_missing,119sdoc5,GPO-CDOC-119sdoc5-1.pdf,974,SENATOR MICHAEL D. CRAPO,2024,BANNER NET PAYROLL,0.0,status=banner_missing; banner=0.0; parsed_body=0.0. Banner checks are advisory; review against the source before treating this as a parser defect.,119sdoc5|banner_check_missing|974|SENATOR MICHAEL D. CRAPO|2024|BANNER NET PAYROLL|0.0
warning,banner_check_missing,119sdoc5,GPO-CDOC-119sdoc5-1.pdf,975,INTERN COMPENSATION - CRAPO,2024,BANNER NET PAYROLL,0.0,status=banner_missing; banner=0.0; parsed_body=0.0. Banner checks are advisory; review against the source before treating this as a parser defect.,119sdoc5|banner_check_missing|975|INTERN COMPENSATION - CRAPO|2024|BANNER NET PAYROLL|0.0
warning,banner_check_discrepancy,119sdoc5,GPO-CDOC-119sdoc5-1.pdf,976,SENATOR MICHAEL D. CRAPO,2025,BANNER ORGANIZATION TOTALS,2321041.15,status=warn; banner=2321041.15; parsed_body=2292235.39. Banner checks are advisory; review against the source before treating this as a parser defect.,119sdoc5|banner_check_discrepancy|976|SENATOR MICHAEL D. CRAPO|2025|BANNER ORGANIZATION TOTALS|2321041.15
warning,banner_check_missing,119sdoc5,GPO-CDOC-119sdoc5-1.pdf,983,SENATOR TED CRUZ,2023,BANNER NET PAYROLL,0.0,status=banner_missing; banner=0.0; parsed_body=0.0. Banner checks are advisory; review against the source before treating this as a parser defect.,119sdoc5|banner_check_missing|983|SENATOR TED CRUZ|2023|BANNER NET PAYROLL|0.0
warning,banner_check_missing,119sdoc5,GPO-CDOC-119sdoc5-1.pdf,984,INTERN COMPENSATION - CRUZ,2023,BANNER NET PAYROLL,0.0,status=banner_missing; banner=0.0; parsed_body=0.0. Banner checks are advisory; review against the source before treating this as a parser defect.,119sdoc5|banner_check_missing|984|INTERN COMPENSATION - CRUZ|2023|BANNER NET PAYROLL|0.0
warning,banner_check_missing,119sdoc5,GPO-CDOC-119sdoc5-1.pdf,985,SENATOR TED CRUZ,2024,BANNER NET PAYROLL,0.0,status=banner_missing; banner=0.0; parsed_body=0.0. Banner checks are advisory; review against the source before treating this as a parser defect.,119sdoc5|banner_check_missing|985|SENATOR TED CRUZ|2024|BANNER NET PAYROLL|0.0
warning,banner_check_missing,119sdoc5,GPO-CDOC-119sdoc5-1.pdf,986,INTERN COMPENSATION - CRUZ,2024,BANNER NET PAYROLL,0.0,status=banner_missing; banner=0.0; parsed_body=0.0. Banner checks are advisory; review against the source before treating this as a parser defect.,119sdoc5|banner_check_missing|986|INTERN COMPENSATION - CRUZ|2024|BANNER NET PAYROLL|0.0
warning,banner_check_discrepancy,119sdoc5,GPO-CDOC-119sdoc5-1.pdf,987,SENATOR TED CRUZ,2025,BANNER ORGANIZATION TOTALS,3056151.62,status=warn; banner=3056151.62; parsed_body=2982203.89. Banner checks are advisory; review against the source before treating this as a parser defect.,119sdoc5|banner_check_discrepancy|987|SENATOR TED CRUZ|2025|BANNER ORGANIZATION TOTALS|3056151.62
warning,banner_check_discrepancy,119sdoc5,GPO-CDOC-119sdoc5-1.pdf,1014,SENATOR JOHN CURTIS,2025,BANNER ORGANIZATION TOTALS,2085446.15,status=warn; banner=2085446.15; parsed_body=2061840.12. Banner checks are advisory; review against the source before treating this as a parser defect.,119sdoc5|banner_check_discrepancy|1014|SENATOR JOHN CURTIS|2025|BANNER ORGANIZATION TOTALS|2085446.15
warning,banner_check_missing,119sdoc5,GPO-CDOC-119sdoc5-1.pdf,1039,SENATOR STEVE DAINES,2023,BANNER NET PAYROLL,0.0,status=banner_missing; banner=0.0; parsed_body=0.0. Banner checks are advisory; review against the source before treating this as a parser defect.,119sdoc5|banner_check_missing|1039|SENATOR STEVE DAINES|2023|BANNER NET PAYROLL|0.0
warning,banner_check_missing,119sdoc5,GPO-CDOC-119sdoc5-1.pdf,1040,INTERN COMPENSATION - DAINES,2023,BANNER NET PAYROLL,0.0,status=banner_missing; banner=0.0; parsed_body=0.0. Banner checks are advisory; review against the source before treating this as a parser defect.,119sdoc5|banner_check_missing|1040|INTERN COMPENSATION - DAINES|2023|BANNER NET PAYROLL|0.0
warning,banner_check_missing,119sdoc5,GPO-CDOC-119sdoc5-1.pdf,1041,SENATOR STEVE DAINES,2024,BANNER NET PAYROLL,0.0,status=banner_missing; banner=0.0; parsed_body=0.0. Banner checks are advisory; review against the source before treating this as a parser defect.,119sdoc5|banner_check_missing|1041|SENATOR STEVE DAINES|2024|BANNER NET PAYROLL|0.0
warning,banner_check_discrepancy,119sdoc5,GPO-CDOC-119sdoc5-1.pdf,1041,SENATOR STEVE DAINES,2024,BANNER ORGANIZATION TOTALS,28.0,status=warn; banner=28.0; parsed_body=0.0. Banner checks are advisory; review against the source before treating this as a parser defect.,119sdoc5|banner_check_discrepancy|1041|SENATOR STEVE DAINES|2024|BANNER ORGANIZATION TOTALS|28.0
warning,banner_check_missing,119sdoc5,GPO-CDOC-119sdoc5-1.pdf,1042,INTERN COMPENSATION - DAINES,2024,BANNER NET PAYROLL,0.0,status=banner_missing; banner=0.0; parsed_body=0.0. Banner checks are advisory; review against the source before treating this as a parser defect.,119sdoc5|banner_check_missing|1042|INTERN COMPENSATION - DAINES|2024|BANNER NET PAYROLL|0.0
warning,banner_check_discrepancy,119sdoc5,GPO-CDOC-119sdoc5-1.pdf,1043,SENATOR STEVE DAINES,2025,BANNER NET PAYROLL,1799714.41,status=fail; banner=1799714.41; parsed_body=1791111.94. Banner checks are advisory; review against the source before treating this as a parser defect.,119sdoc5|banner_check_discrepancy|1043|SENATOR STEVE DAINES|2025|BANNER NET PAYROLL|1799714.41
warning,banner_check_discrepancy,119sdoc5,GPO-CDOC-119sdoc5-1.pdf,1043,SENATOR STEVE DAINES,2025,BANNER ORGANIZATION TOTALS,2039805.85,status=warn; banner=2039805.85; parsed_body=1979957.8. Banner checks are advisory; review against the source before treating this as a parser defect.,119sdoc5|banner_check_discrepancy|1043|SENATOR STEVE DAINES|2025|BANNER ORGANIZATION TOTALS|2039805.85
warning,banner_check_discrepancy,119sdoc5,GPO-CDOC-119sdoc5-1.pdf,1066,INTERN COMPENSATION - DAINES,2025,BANNER NET PAYROLL,23285.84,status=fail; banner=23285.84; parsed_body=31888.31. Banner checks are advisory; review against the source before treating this as a parser defect.,119sdoc5|banner_check_discrepancy|1066|INTERN COMPENSATION - DAINES|2025|BANNER NET PAYROLL|23285.84
warning,banner_check_discrepancy,119sdoc5,GPO-CDOC-119sdoc5-1.pdf,1066,INTERN COMPENSATION - DAINES,2025,BANNER ORGANIZATION TOTALS,23285.84,status=warn; banner=23285.84; parsed_body=31888.31. Banner checks are advisory; review against the source before treating this as a parser defect.,119sdoc5|banner_check_discrepancy|1066|INTERN COMPENSATION - DAINES|2025|BANNER ORGANIZATION TOTALS|23285.84
warning,banner_check_missing,119sdoc5,GPO-CDOC-119sdoc5-1.pdf,1067,SENATOR TAMMY DUCKWORTH,2023,BANNER NET PAYROLL,0.0,status=banner_missing; banner=0.0; parsed_body=0.0. Banner checks are advisory; review against the source before treating this as a parser defect.,119sdoc5|banner_check_missing|1067|SENATOR TAMMY DUCKWORTH|2023|BANNER NET PAYROLL|0.0
warning,banner_check_missing,119sdoc5,GPO-CDOC-119sdoc5-1.pdf,1068,INTERN COMPENSATION - DUCKWORTH,2023,BANNER NET PAYROLL,0.0,status=banner_missing; banner=0.0; parsed_body=0.0. Banner checks are advisory; review against the source before treating this as a parser defect.,119sdoc5|banner_check_missing|1068|INTERN COMPENSATION - DUCKWORTH|2023|BANNER NET PAYROLL|0.0
warning,banner_check_missing,119sdoc5,GPO-CDOC-119sdoc5-1.pdf,1069,SENATOR TAMMY DUCKWORTH,2024,BANNER NET PAYROLL,0.0,status=banner_missing; banner=0.0; parsed_body=0.0. Banner checks are advisory; review against the source before treating this as a parser defect.,119sdoc5|banner_check_missing|1069|SENATOR TAMMY DUCKWORTH|2024|BANNER NET PAYROLL|0.0
warning,banner_check_missing,119sdoc5,GPO-CDOC-119sdoc5-1.pdf,1070,INTERN COMPENSATION - DUCKWORTH,2024,BANNER NET PAYROLL,0.0,status=banner_missing; banner=0.0; parsed_body=0.0. Banner checks are advisory; review against the source before treating this as a parser defect.,119sdoc5|banner_check_missing|1070|INTERN COMPENSATION - DUCKWORTH|2024|BANNER NET PAYROLL|0.0
warning,banner_check_discrepancy,119sdoc5,GPO-CDOC-119sdoc5-1.pdf,1071,SENATOR TAMMY DUCKWORTH,2025,BANNER NET PAYROLL,2442219.17,status=fail; banner=2442219.17; parsed_body=2502219.17. Banner checks are advisory; review against the source before treating this as a parser defect.,119sdoc5|banner_check_discrepancy|1071|SENATOR TAMMY DUCKWORTH|2025|BANNER NET PAYROLL|2442219.17
warning,banner_check_discrepancy,119sdoc5,GPO-CDOC-119sdoc5-1.pdf,1071,SENATOR TAMMY DUCKWORTH,2025,BANNER ORGANIZATION TOTALS,2642160.28,status=warn; banner=2642160.28; parsed_body=2628283.98. Banner checks are advisory; review against the source before treating this as a parser defect.,119sdoc5|banner_check_discrepancy|1071|SENATOR TAMMY DUCKWORTH|2025|BANNER ORGANIZATION TOTALS|2642160.28
warning,banner_check_missing,119sdoc5,GPO-CDOC-119sdoc5-1.pdf,1092,SENATOR RICHARD J. DURBIN,2023,BANNER NET PAYROLL,0.0,status=banner_missing; banner=0.0; parsed_body=0.0. Banner checks are advisory; review against the source before treating this as a parser defect.,119sdoc5|banner_check_missing|1092|SENATOR RICHARD J. DURBIN|2023|BANNER NET PAYROLL|0.0
warning,banner_check_missing,119sdoc5,GPO-CDOC-119sdoc5-1.pdf,1093,INTERN COMPENSATION - DURBIN,2023,BANNER NET PAYROLL,0.0,status=banner_missing; banner=0.0; parsed_body=0.0. Banner checks are advisory; review against the source before treating this as a parser defect.,119sdoc5|banner_check_missing|1093|INTERN COMPENSATION - DURBIN|2023|BANNER NET PAYROLL|0.0
warning,banner_check_missing,119sdoc5,GPO-CDOC-119sdoc5-1.pdf,1094,SENATOR RICHARD J. DURBIN,2024,BANNER NET PAYROLL,0.0,status=banner_missing; banner=0.0; parsed_body=0.0. Banner checks are advisory; review against the source before treating this as a parser defect.,119sdoc5|banner_check_missing|1094|SENATOR RICHARD J. DURBIN|2024|BANNER NET PAYROLL|0.0
warning,banner_check_missing,119sdoc5,GPO-CDOC-119sdoc5-1.pdf,1095,INTERN COMPENSATION - DURBIN,2024,BANNER NET PAYROLL,0.0,status=banner_missing; banner=0.0; parsed_body=0.0. Banner checks are advisory; review against the source before treating this as a parser defect.,119sdoc5|banner_check_missing|1095|INTERN COMPENSATION - DURBIN|2024|BANNER NET PAYROLL|0.0
warning,banner_check_discrepancy,119sdoc5,GPO-CDOC-119sdoc5-1.pdf,1096,SENATOR RICHARD J. DURBIN,2025,BANNER NET PAYROLL,2627668.32,status=fail; banner=2627668.32; parsed_body=2687668.32. Banner checks are advisory; review against the source before treating this as a parser defect.,119sdoc5|banner_check_discrepancy|1096|SENATOR RICHARD J. DURBIN|2025|BANNER NET PAYROLL|2627668.32
warning,banner_check_discrepancy,119sdoc5,GPO-CDOC-119sdoc5-1.pdf,1096,SENATOR RICHARD J. DURBIN,2025,BANNER ORGANIZATION TOTALS,2719113.63,status=warn; banner=2719113.63; parsed_body=2742681.17. Banner checks are advisory; review against the source before treating this as a parser defect.,119sdoc5|banner_check_discrepancy|1096|SENATOR RICHARD J. DURBIN|2025|BANNER ORGANIZATION TOTALS|2719113.63
warning,banner_check_missing,119sdoc5,GPO-CDOC-119sdoc5-1.pdf,1108,SENATOR JONI ERNST,2023,BANNER NET PAYROLL,0.0,status=banner_missing; banner=0.0; parsed_body=0.0. Banner checks are advisory; review against the source before treating this as a parser defect.,119sdoc5|banner_check_missing|1108|SENATOR JONI ERNST|2023|BANNER NET PAYROLL|0.0
warning,banner_check_missing,119sdoc5,GPO-CDOC-119sdoc5-1.pdf,1109,INTERN COMPENSATION - ERNST,2023,BANNER NET PAYROLL,0.0,status=banner_missing; banner=0.0; parsed_body=0.0. Banner checks are advisory; review against the source before treating this as a parser defect.,119sdoc5|banner_check_missing|1109|INTERN COMPENSATION - ERNST|2023|BANNER NET PAYROLL|0.0
warning,banner_check_missing,119sdoc5,GPO-CDOC-119sdoc5-1.pdf,1110,SENATOR JONI ERNST,2024,BANNER NET PAYROLL,0.0,status=banner_missing; banner=0.0; parsed_body=0.0. Banner checks are advisory; review against the source before treating this as a parser defect.,119sdoc5|banner_check_missing|1110|SENATOR JONI ERNST|2024|BANNER NET PAYROLL|0.0
warning,banner_check_missing,119sdoc5,GPO-CDOC-119sdoc5-1.pdf,1111,INTERN COMPENSATION - ERNST,2024,BANNER NET PAYROLL,0.0,status=banner_missing; banner=0.0; parsed_body=0.0. Banner checks are advisory; review against the source before treating this as a parser defect.,119sdoc5|banner_check_missing|1111|INTERN COMPENSATION - ERNST|2024|BANNER NET PAYROLL|0.0
warning,banner_check_discrepancy,119sdoc5,GPO-CDOC-119sdoc5-1.pdf,1112,SENATOR JONI ERNST,2025,BANNER NET PAYROLL,1995234.51,status=fail; banner=1995234.51; parsed_body=2055234.51. Banner checks are advisory; review against the source before treating this as a parser defect.,119sdoc5|banner_check_discrepancy|1112|SENATOR JONI ERNST|2025|BANNER NET PAYROLL|1995234.51
warning,banner_check_discrepancy,119sdoc5,GPO-CDOC-119sdoc5-1.pdf,1112,SENATOR JONI ERNST,2025,BANNER ORGANIZATION TOTALS,2145321.97,status=warn; banner=2145321.97; parsed_body=2172418.38. Banner checks are advisory; review against the source before treating this as a parser defect.,119sdoc5|banner_check_discrepancy|1112|SENATOR JONI ERNST|2025|BANNER ORGANIZATION TOTALS|2145321.97
warning,banner_check_missing,119sdoc5,GPO-CDOC-119sdoc5-1.pdf,1136,SENATOR DIANNE FEINSTEIN,2023,BANNER NET PAYROLL,0.0,status=banner_missing; banner=0.0; parsed_body=0.0. Banner checks are advisory; review against the source before treating this as a parser defect.,119sdoc5|banner_check_missing|1136|SENATOR DIANNE FEINSTEIN|2023|BANNER NET PAYROLL|0.0
warning,banner_check_discrepancy,119sdoc5,GPO-CDOC-119sdoc5-1.pdf,1136,SENATOR DIANNE FEINSTEIN,2023,BANNER ORGANIZATION TOTALS,156.52,status=warn; banner=156.52; parsed_body=0.0. Banner checks are advisory; review against the source before treating this as a parser defect.,119sdoc5|banner_check_discrepancy|1136|SENATOR DIANNE FEINSTEIN|2023|BANNER ORGANIZATION TOTALS|156.52
warning,banner_check_missing,119sdoc5,GPO-CDOC-119sdoc5-1.pdf,1137,INTERN COMPENSATION - FEINSTEIN,2023,BANNER NET PAYROLL,0.0,status=banner_missing; banner=0.0; parsed_body=0.0. Banner checks are advisory; review against the source before treating this as a parser defect.,119sdoc5|banner_check_missing|1137|INTERN COMPENSATION - FEINSTEIN|2023|BANNER NET PAYROLL|0.0
warning,banner_check_missing,119sdoc5,GPO-CDOC-119sdoc5-1.pdf,1138,SENATOR JOHN FETTERMAN,2023,BANNER NET PAYROLL,0.0,status=banner_missing; banner=0.0; parsed_body=0.0. Banner checks are advisory; review against the source before treating this as a parser defect.,119sdoc5|banner_check_missing|1138|SENATOR JOHN FETTERMAN|2023|BANNER NET PAYROLL|0.0
warning,banner_check_missing,119sdoc5,GPO-CDOC-119sdoc5-1.pdf,1139,INTERN COMPENSATION - FETTERMAN,2023,BANNER NET PAYROLL,0.0,status=banner_missing; banner=0.0; parsed_body=0.0. Banner checks are advisory; review against the source before treating this as a parser defect.,119sdoc5|banner_check_missing|1139|INTERN COMPENSATION - FETTERMAN|2023|BANNER NET PAYROLL|0.0
warning,banner_check_missing,119sdoc5,GPO-CDOC-119sdoc5-1.pdf,1140,SENATOR JOHN FETTERMAN,2024,BANNER NET PAYROLL,0.0,status=banner_missing; banner=0.0; parsed_body=0.0. Banner checks are advisory; review against the source before treating this as a parser defect.,119sdoc5|banner_check_missing|1140|SENATOR JOHN FETTERMAN|2024|BANNER NET PAYROLL|0.0
warning,banner_check_discrepancy,119sdoc5,GPO-CDOC-119sdoc5-1.pdf,1140,SENATOR JOHN FETTERMAN,2024,BANNER ORGANIZATION TOTALS,858.66,status=warn; banner=858.66; parsed_body=0.0. Banner checks are advisory; review against the source before treating this as a parser defect.,119sdoc5|banner_check_discrepancy|1140|SENATOR JOHN FETTERMAN|2024|BANNER ORGANIZATION TOTALS|858.66
warning,banner_check_missing,119sdoc5,GPO-CDOC-119sdoc5-1.pdf,1141,INTERN COMPENSATION - FETTERMAN,2024,BANNER NET PAYROLL,0.0,status=banner_missing; banner=0.0; parsed_body=0.0. Banner checks are advisory; review against the source before treating this as a parser defect.,119sdoc5|banner_check_missing|1141|INTERN COMPENSATION - FETTERMAN|2024|BANNER NET PAYROLL|0.0
warning,banner_check_discrepancy,119sdoc5,GPO-CDOC-119sdoc5-1.pdf,1142,SENATOR JOHN FETTERMAN,2025,BANNER NET PAYROLL,2840927.51,status=fail; banner=2840927.51; parsed_body=2816048.82. Banner checks are advisory; review against the source before treating this as a parser defect.,119sdoc5|banner_check_discrepancy|1142|SENATOR JOHN FETTERMAN|2025|BANNER NET PAYROLL|2840927.51
warning,banner_check_discrepancy,119sdoc5,GPO-CDOC-119sdoc5-1.pdf,1142,SENATOR JOHN FETTERMAN,2025,BANNER ORGANIZATION TOTALS,2955515.27,status=warn; banner=2955515.27; parsed_body=2874673.76. Banner checks are advisory; review against the source before treating this as a parser defect.,119sdoc5|banner_check_discrepancy|1142|SENATOR JOHN FETTERMAN|2025|BANNER ORGANIZATION TOTALS|2955515.27
warning,banner_check_discrepancy,119sdoc5,GPO-CDOC-119sdoc5-1.pdf,1158,INTERN COMPENSATION - FETTERMAN,2025,BANNER NET PAYROLL,30146.26,status=fail; banner=30146.26; parsed_body=55024.95. Banner checks are advisory; review against the source before treating this as a parser defect.,119sdoc5|banner_check_discrepancy|1158|INTERN COMPENSATION - FETTERMAN|2025|BANNER NET PAYROLL|30146.26
warning,banner_check_discrepancy,119sdoc5,GPO-CDOC-119sdoc5-1.pdf,1158,INTERN COMPENSATION - FETTERMAN,2025,BANNER ORGANIZATION TOTALS,30146.26,status=warn; banner=30146.26; parsed_body=55024.95. Banner checks are advisory; review against the source before treating this as a parser defect.,119sdoc5|banner_check_discrepancy|1158|INTERN COMPENSATION - FETTERMAN|2025|BANNER ORGANIZATION TOTALS|30146.26
warning,banner_check_missing,119sdoc5,GPO-CDOC-119sdoc5-1.pdf,1159,SENATOR DEB FISCHER,2023,BANNER NET PAYROLL,0.0,status=banner_missing; banner=0.0; parsed_body=0.0. Banner checks are advisory; review against the source before treating this as a parser defect.,119sdoc5|banner_check_missing|1159|SENATOR DEB FISCHER|2023|BANNER NET PAYROLL|0.0
warning,banner_check_missing,119sdoc5,GPO-CDOC-119sdoc5-1.pdf,1160,INTERN COMPENSATION - FISCHER,2023,BANNER NET PAYROLL,0.0,status=banner_missing; banner=0.0; parsed_body=0.0. Banner checks are advisory; review against the source before treating this as a parser defect.,119sdoc5|banner_check_missing|1160|INTERN COMPENSATION - FISCHER|2023|BANNER NET PAYROLL|0.0
warning,banner_check_missing,119sdoc5,GPO-CDOC-119sdoc5-1.pdf,1161,SENATOR DEB FISCHER,2024,BANNER NET PAYROLL,0.0,status=banner_missing; banner=0.0; parsed_body=0.0. Banner checks are advisory; review against the source before treating this as a parser defect.,119sdoc5|banner_check_missing|1161|SENATOR DEB FISCHER|2024|BANNER NET PAYROLL|0.0
warning,banner_check_missing,119sdoc5,GPO-CDOC-119sdoc5-1.pdf,1162,INTERN COMPENSATION - FISCHER,2024,BANNER NET PAYROLL,0.0,status=banner_missing; banner=0.0; parsed_body=0.0. Banner checks are advisory; review against the source before treating this as a parser defect.,119sdoc5|banner_check_missing|1162|INTERN COMPENSATION - FISCHER|2024|BANNER NET PAYROLL|0.0
warning,banner_check_discrepancy,119sdoc5,GPO-CDOC-119sdoc5-1.pdf,1163,SENATOR DEB FISCHER,2025,BANNER NET PAYROLL,1671000.16,status=fail; banner=1671000.16; parsed_body=1771000.16. Banner checks are advisory; review against the source before treating this as a parser defect.,119sdoc5|banner_check_discrepancy|1163|SENATOR DEB FISCHER|2025|BANNER NET PAYROLL|1671000.16
warning,banner_check_discrepancy,119sdoc5,GPO-CDOC-119sdoc5-1.pdf,1163,SENATOR DEB FISCHER,2025,BANNER ORGANIZATION TOTALS,1770193.74,status=warn; banner=1770193.74; parsed_body=1830540.74. Banner checks are advisory; review against the source before treating this as a parser defect.,119sdoc5|banner_check_discrepancy|1163|SENATOR DEB FISCHER|2025|BANNER ORGANIZATION TOTALS|1770193.74
warning,banner_check_discrepancy,119sdoc5,GPO-CDOC-119sdoc5-1.pdf,1174,SENATOR RUBEN GALLEGO,2025,BANNER NET PAYROLL,2138785.17,status=fail; banner=2138785.17; parsed_body=2082814.36. Banner checks are advisory; review against the source before treating this as a parser defect.,119sdoc5|banner_check_discrepancy|1174|SENATOR RUBEN GALLEGO|2025|BANNER NET PAYROLL|2138785.17
warning,banner_check_discrepancy,119sdoc5,GPO-CDOC-119sdoc5-1.pdf,1174,SENATOR RUBEN GALLEGO,2025,BANNER ORGANIZATION TOTALS,2330463.05,status=warn; banner=2330463.05; parsed_body=2199792.91. Banner checks are advisory; review against the source before treating this as a parser defect.,119sdoc5|banner_check_discrepancy|1174|SENATOR RUBEN GALLEGO|2025|BANNER ORGANIZATION TOTALS|2330463.05
warning,banner_check_missing,119sdoc5,GPO-CDOC-119sdoc5-1.pdf,1189,SENATOR KIRSTEN GILLIBRAND,2023,BANNER NET PAYROLL,0.0,status=banner_missing; banner=0.0; parsed_body=0.0. Banner checks are advisory; review against the source before treating this as a parser defect.,119sdoc5|banner_check_missing|1189|SENATOR KIRSTEN GILLIBRAND|2023|BANNER NET PAYROLL|0.0
warning,banner_check_missing,119sdoc5,GPO-CDOC-119sdoc5-1.pdf,1190,INTERN COMPENSATION - GILLIBRAND,2023,BANNER NET PAYROLL,0.0,status=banner_missing; banner=0.0; parsed_body=0.0. Banner checks are advisory; review against the source before treating this as a parser defect.,119sdoc5|banner_check_missing|1190|INTERN COMPENSATION - GILLIBRAND|2023|BANNER NET PAYROLL|0.0
warning,banner_check_missing,119sdoc5,GPO-CDOC-119sdoc5-1.pdf,1191,SENATOR KIRSTEN GILLIBRAND,2024,BANNER NET PAYROLL,0.0,status=banner_missing; banner=0.0; parsed_body=0.0. Banner checks are advisory; review against the source before treating this as a parser defect.,119sdoc5|banner_check_missing|1191|SENATOR KIRSTEN GILLIBRAND|2024|BANNER NET PAYROLL|0.0
warning,banner_check_discrepancy,119sdoc5,GPO-CDOC-119sdoc5-1.pdf,1191,SENATOR KIRSTEN GILLIBRAND,2024,BANNER ORGANIZATION TOTALS,12959.27,status=warn; banner=12959.27; parsed_body=12132.82. Banner checks are advisory; review against the source before treating this as a parser defect.,119sdoc5|banner_check_discrepancy|1191|SENATOR KIRSTEN GILLIBRAND|2024|BANNER ORGANIZATION TOTALS|12959.27
warning,banner_check_missing,119sdoc5,GPO-CDOC-119sdoc5-1.pdf,1193,INTERN COMPENSATION - GILLIBRAND,2024,BANNER NET PAYROLL,0.0,status=banner_missing; banner=0.0; parsed_body=0.0. Banner checks are advisory; review against the source before treating this as a parser defect.,119sdoc5|banner_check_missing|1193|INTERN COMPENSATION - GILLIBRAND|2024|BANNER NET PAYROLL|0.0
warning,banner_check_discrepancy,119sdoc5,GPO-CDOC-119sdoc5-1.pdf,1194,SENATOR KIRSTEN GILLIBRAND,2025,BANNER ORGANIZATION TOTALS,3351253.13,status=warn; banner=3351253.13; parsed_body=2982150.15. Banner checks are advisory; review against the source before treating this as a parser defect.,119sdoc5|banner_check_discrepancy|1194|SENATOR KIRSTEN GILLIBRAND|2025|BANNER ORGANIZATION TOTALS|3351253.13
warning,banner_check_missing,119sdoc5,GPO-CDOC-119sdoc5-1.pdf,1229,SENATOR LINDSEY GRAHAM,2023,BANNER NET PAYROLL,0.0,status=banner_missing; banner=0.0; parsed_body=0.0. Banner checks are advisory; review against the source before treating this as a parser defect.,119sdoc5|banner_check_missing|1229|SENATOR LINDSEY GRAHAM|2023|BANNER NET PAYROLL|0.0
warning,banner_check_missing,119sdoc5,GPO-CDOC-119sdoc5-1.pdf,1230,INTERN COMPENSATION - GRAHAM,2023,BANNER NET PAYROLL,0.0,status=banner_missing; banner=0.0; parsed_body=0.0. Banner checks are advisory; review against the source before treating this as a parser defect.,119sdoc5|banner_check_missing|1230|INTERN COMPENSATION - GRAHAM|2023|BANNER NET PAYROLL|0.0
warning,banner_check_missing,119sdoc5,GPO-CDOC-119sdoc5-1.pdf,1231,SENATOR LINDSEY GRAHAM,2024,BANNER NET PAYROLL,0.0,status=banner_missing; banner=0.0; parsed_body=0.0. Banner checks are advisory; review against the source before treating this as a parser defect.,119sdoc5|banner_check_missing|1231|SENATOR LINDSEY GRAHAM|2024|BANNER NET PAYROLL|0.0
warning,banner_check_missing,119sdoc5,GPO-CDOC-119sdoc5-1.pdf,1232,INTERN COMPENSATION - GRAHAM,2024,BANNER NET PAYROLL,0.0,status=banner_missing; banner=0.0; parsed_body=0.0. Banner checks are advisory; review against the source before treating this as a parser defect.,119sdoc5|banner_check_missing|1232|INTERN COMPENSATION - GRAHAM|2024|BANNER NET PAYROLL|0.0
warning,banner_check_discrepancy,119sdoc5,GPO-CDOC-119sdoc5-1.pdf,1233,SENATOR LINDSEY GRAHAM,2025,BANNER ORGANIZATION TOTALS,1979066.23,status=warn; banner=1979066.23; parsed_body=1945069.28. Banner checks are advisory; review against the source before treating this as a parser defect.,119sdoc5|banner_check_discrepancy|1233|SENATOR LINDSEY GRAHAM|2025|BANNER ORGANIZATION TOTALS|1979066.23
warning,banner_check_missing,119sdoc5,GPO-CDOC-119sdoc5-1.pdf,1242,SENATOR CHARLES E. GRASSLEY,2023,BANNER NET PAYROLL,0.0,status=banner_missing; banner=0.0; parsed_body=0.0. Banner checks are advisory; review against the source before treating this as a parser defect.,119sdoc5|banner_check_missing|1242|SENATOR CHARLES E. GRASSLEY|2023|BANNER NET PAYROLL|0.0
warning,banner_check_missing,119sdoc5,GPO-CDOC-119sdoc5-1.pdf,1243,INTERN COMPENSATION - GRASSLEY,2023,BANNER NET PAYROLL,0.0,status=banner_missing; banner=0.0; parsed_body=0.0. Banner checks are advisory; review against the source before treating this as a parser defect.,119sdoc5|banner_check_missing|1243|INTERN COMPENSATION - GRASSLEY|2023|BANNER NET PAYROLL|0.0
warning,banner_check_missing,119sdoc5,GPO-CDOC-119sdoc5-1.pdf,1244,SENATOR CHARLES E. GRASSLEY,2024,BANNER NET PAYROLL,0.0,status=banner_missing; banner=0.0; parsed_body=0.0. Banner checks are advisory; review against the source before treating this as a parser defect.,119sdoc5|banner_check_missing|1244|SENATOR CHARLES E. GRASSLEY|2024|BANNER NET PAYROLL|0.0
warning,banner_check_missing,119sdoc5,GPO-CDOC-119sdoc5-1.pdf,1245,INTERN COMPENSATION - GRASSLEY,2024,BANNER NET PAYROLL,0.0,status=banner_missing; banner=0.0; parsed_body=0.0. Banner checks are advisory; review against the source before treating this as a parser defect.,119sdoc5|banner_check_missing|1245|INTERN COMPENSATION - GRASSLEY|2024|BANNER NET PAYROLL|0.0
warning,banner_check_discrepancy,119sdoc5,GPO-CDOC-119sdoc5-1.pdf,1246,SENATOR CHARLES E. GRASSLEY,2025,BANNER ORGANIZATION TOTALS,1217215.03,status=warn; banner=1217215.03; parsed_body=1190557.52. Banner checks are advisory; review against the source before treating this as a parser defect.,119sdoc5|banner_check_discrepancy|1246|SENATOR CHARLES E. GRASSLEY|2025|BANNER ORGANIZATION TOTALS|1217215.03
warning,banner_check_missing,119sdoc5,GPO-CDOC-119sdoc5-1.pdf,1266,SENATOR BILL HAGERTY,2023,BANNER NET PAYROLL,0.0,status=banner_missing; banner=0.0; parsed_body=0.0. Banner checks are advisory; review against the source before treating this as a parser defect.,119sdoc5|banner_check_missing|1266|SENATOR BILL HAGERTY|2023|BANNER NET PAYROLL|0.0
warning,banner_check_missing,119sdoc5,GPO-CDOC-119sdoc5-1.pdf,1267,INTERN COMPENSATION - HAGERTY,2023,BANNER NET PAYROLL,0.0,status=banner_missing; banner=0.0; parsed_body=0.0. Banner checks are advisory; review against the source before treating this as a parser defect.,119sdoc5|banner_check_missing|1267|INTERN COMPENSATION - HAGERTY|2023|BANNER NET PAYROLL|0.0
warning,banner_check_missing,119sdoc5,GPO-CDOC-119sdoc5-1.pdf,1268,SENATOR BILL HAGERTY,2024,BANNER NET PAYROLL,8233.69,status=banner_missing; banner=8233.69; parsed_body=0.0. Banner checks are advisory; review against the source before treating this as a parser defect.,119sdoc5|banner_check_missing|1268|SENATOR BILL HAGERTY|2024|BANNER NET PAYROLL|8233.69
warning,banner_check_discrepancy,119sdoc5,GPO-CDOC-119sdoc5-1.pdf,1268,SENATOR BILL HAGERTY,2024,BANNER ORGANIZATION TOTALS,17095.43,status=warn; banner=17095.43; parsed_body=11666.79. Banner checks are advisory; review against the source before treating this as a parser defect.,119sdoc5|banner_check_discrepancy|1268|SENATOR BILL HAGERTY|2024|BANNER ORGANIZATION TOTALS|17095.43
warning,banner_check_missing,119sdoc5,GPO-CDOC-119sdoc5-1.pdf,1269,INTERN COMPENSATION - HAGERTY,2024,BANNER NET PAYROLL,0.0,status=banner_missing; banner=0.0; parsed_body=0.0. Banner checks are advisory; review against the source before treating this as a parser defect.,119sdoc5|banner_check_missing|1269|INTERN COMPENSATION - HAGERTY|2024|BANNER NET PAYROLL|0.0
warning,banner_check_discrepancy,119sdoc5,GPO-CDOC-119sdoc5-1.pdf,1270,SENATOR BILL HAGERTY,2025,BANNER NET PAYROLL,2242995.16,status=fail; banner=2242995.16; parsed_body=2294761.47. Banner checks are advisory; review against the source before treating this as a parser defect.,119sdoc5|banner_check_discrepancy|1270|SENATOR BILL HAGERTY|2025|BANNER NET PAYROLL|2242995.16
warning,banner_check_discrepancy,119sdoc5,GPO-CDOC-119sdoc5-1.pdf,1270,SENATOR BILL HAGERTY,2025,BANNER ORGANIZATION TOTALS,2406892.4,status=fail; banner=2406892.4; parsed_body=2414427.89. Banner checks are advisory; review against the source before treating this as a parser defect.,119sdoc5|banner_check_discrepancy|1270|SENATOR BILL HAGERTY|2025|BANNER ORGANIZATION TOTALS|2406892.4
warning,banner_check_missing,119sdoc5,GPO-CDOC-119sdoc5-1.pdf,1290,SENATOR MAGGIE HASSAN,2023,BANNER NET PAYROLL,0.0,status=banner_missing; banner=0.0; parsed_body=0.0. Banner checks are advisory; review against the source before treating this as a parser defect.,119sdoc5|banner_check_missing|1290|SENATOR MAGGIE HASSAN|2023|BANNER NET PAYROLL|0.0
warning,banner_check_missing,119sdoc5,GPO-CDOC-119sdoc5-1.pdf,1291,INTERN COMPENSATION - HASSAN,2023,BANNER NET PAYROLL,0.0,status=banner_missing; banner=0.0; parsed_body=0.0. Banner checks are advisory; review against the source before treating this as a parser defect.,119sdoc5|banner_check_missing|1291|INTERN COMPENSATION - HASSAN|2023|BANNER NET PAYROLL|0.0
warning,banner_check_missing,119sdoc5,GPO-CDOC-119sdoc5-1.pdf,1292,SENATOR MAGGIE HASSAN,2024,BANNER NET PAYROLL,0.0,status=banner_missing; banner=0.0; parsed_body=0.0. Banner checks are advisory; review against the source before treating this as a parser defect.,119sdoc5|banner_check_missing|1292|SENATOR MAGGIE HASSAN|2024|BANNER NET PAYROLL|0.0
warning,banner_check_missing,119sdoc5,GPO-CDOC-119sdoc5-1.pdf,1293,INTERN COMPENSATION - HASSAN,2024,BANNER NET PAYROLL,0.0,status=banner_missing; banner=0.0; parsed_body=0.0. Banner checks are advisory; review against the source before treating this as a parser defect.,119sdoc5|banner_check_missing|1293|INTERN COMPENSATION - HASSAN|2024|BANNER NET PAYROLL|0.0
warning,banner_check_discrepancy,119sdoc5,GPO-CDOC-119sdoc5-1.pdf,1294,SENATOR MAGGIE HASSAN,2025,BANNER ORGANIZATION TOTALS,2326564.7,status=warn; banner=2326564.7; parsed_body=2294847.55. Banner checks are advisory; review against the source before treating this as a parser defect.,119sdoc5|banner_check_discrepancy|1294|SENATOR MAGGIE HASSAN|2025|BANNER ORGANIZATION TOTALS|2326564.7
warning,banner_check_missing,119sdoc5,GPO-CDOC-119sdoc5-1.pdf,1309,SENATOR JOSH HAWLEY,2023,BANNER NET PAYROLL,0.0,status=banner_missing; banner=0.0; parsed_body=0.0. Banner checks are advisory; review against the source before treating this as a parser defect.,119sdoc5|banner_check_missing|1309|SENATOR JOSH HAWLEY|2023|BANNER NET PAYROLL|0.0
warning,banner_check_discrepancy,119sdoc5,GPO-CDOC-119sdoc5-1.pdf,1309,SENATOR JOSH HAWLEY,2023,BANNER ORGANIZATION TOTALS,22.93,status=warn; banner=22.93; parsed_body=0.0. Banner checks are advisory; review against the source before treating this as a parser defect.,119sdoc5|banner_check_discrepancy|1309|SENATOR JOSH HAWLEY|2023|BANNER ORGANIZATION TOTALS|22.93
warning,banner_check_missing,119sdoc5,GPO-CDOC-119sdoc5-1.pdf,1310,INTERN COMPENSATION - HAWLEY,2023,BANNER NET PAYROLL,0.0,status=banner_missing; banner=0.0; parsed_body=0.0. Banner checks are advisory; review against the source before treating this as a parser defect.,119sdoc5|banner_check_missing|1310|INTERN COMPENSATION - HAWLEY|2023|BANNER NET PAYROLL|0.0
warning,banner_check_missing,119sdoc5,GPO-CDOC-119sdoc5-1.pdf,1311,SENATOR JOSH HAWLEY,2024,BANNER NET PAYROLL,0.0,status=banner_missing; banner=0.0; parsed_body=0.0. Banner checks are advisory; review against the source before treating this as a parser defect.,119sdoc5|banner_check_missing|1311|SENATOR JOSH HAWLEY|2024|BANNER NET PAYROLL|0.0
warning,banner_check_missing,119sdoc5,GPO-CDOC-119sdoc5-1.pdf,1312,INTERN COMPENSATION - HAWLEY,2024,BANNER NET PAYROLL,0.0,status=banner_missing; banner=0.0; parsed_body=0.0. Banner checks are advisory; review against the source before treating this as a parser defect.,119sdoc5|banner_check_missing|1312|INTERN COMPENSATION - HAWLEY|2024|BANNER NET PAYROLL|0.0
warning,banner_check_discrepancy,119sdoc5,GPO-CDOC-119sdoc5-1.pdf,1313,SENATOR JOSH HAWLEY,2025,BANNER NET PAYROLL,1806211.07,status=fail; banner=1806211.07; parsed_body=1806552.74. Banner checks are advisory; review against the source before treating this as a parser defect.,119sdoc5|banner_check_discrepancy|1313|SENATOR JOSH HAWLEY|2025|BANNER NET PAYROLL|1806211.07
warning,banner_check_discrepancy,119sdoc5,GPO-CDOC-119sdoc5-1.pdf,1313,SENATOR JOSH HAWLEY,2025,BANNER ORGANIZATION TOTALS,1971779.04,status=warn; banner=1971779.04; parsed_body=1893566.2. Banner checks are advisory; review against the source before treating this as a parser defect.,119sdoc5|banner_check_discrepancy|1313|SENATOR JOSH HAWLEY|2025|BANNER ORGANIZATION TOTALS|1971779.04
warning,banner_check_missing,119sdoc5,GPO-CDOC-119sdoc5-1.pdf,1342,SENATOR MARTIN HEINRICH,2023,BANNER NET PAYROLL,0.0,status=banner_missing; banner=0.0; parsed_body=0.0. Banner checks are advisory; review against the source before treating this as a parser defect.,119sdoc5|banner_check_missing|1342|SENATOR MARTIN HEINRICH|2023|BANNER NET PAYROLL|0.0
warning,banner_check_discrepancy,119sdoc5,GPO-CDOC-119sdoc5-1.pdf,1342,SENATOR MARTIN HEINRICH,2023,BANNER ORGANIZATION TOTALS,20.14,status=warn; banner=20.14; parsed_body=0.0. Banner checks are advisory; review against the source before treating this as a parser defect.,119sdoc5|banner_check_discrepancy|1342|SENATOR MARTIN HEINRICH|2023|BANNER ORGANIZATION TOTALS|20.14
warning,banner_check_missing,119sdoc5,GPO-CDOC-119sdoc5-1.pdf,1343,INTERN COMPENSATION - HEINRICH,2023,BANNER NET PAYROLL,0.0,status=banner_missing; banner=0.0; parsed_body=0.0. Banner checks are advisory; review against the source before treating this as a parser defect.,119sdoc5|banner_check_missing|1343|INTERN COMPENSATION - HEINRICH|2023|BANNER NET PAYROLL|0.0
warning,banner_check_discrepancy,119sdoc5,GPO-CDOC-119sdoc5-1.pdf,1344,SENATOR MARTIN HEINRICH,2024,BANNER ORGANIZATION TOTALS,1434.81,status=warn; banner=1434.81; parsed_body=466.15. Banner checks are advisory; review against the source before treating this as a parser defect.,119sdoc5|banner_check_discrepancy|1344|SENATOR MARTIN HEINRICH|2024|BANNER ORGANIZATION TOTALS|1434.81
warning,banner_check_missing,119sdoc5,GPO-CDOC-119sdoc5-1.pdf,1345,INTERN COMPENSATION - HEINRICH,2024,BANNER NET PAYROLL,0.0,status=banner_missing; banner=0.0; parsed_body=0.0. Banner checks are advisory; review against the source before treating this as a parser defect.,119sdoc5|banner_check_missing|1345|INTERN COMPENSATION - HEINRICH|2024|BANNER NET PAYROLL|0.0
warning,banner_check_discrepancy,119sdoc5,GPO-CDOC-119sdoc5-1.pdf,1346,SENATOR MARTIN HEINRICH,2025,BANNER ORGANIZATION TOTALS,2437699.55,status=warn; banner=2437699.55; parsed_body=2409784.35. Banner checks are advisory; review against the source before treating this as a parser defect.,119sdoc5|banner_check_discrepancy|1346|SENATOR MARTIN HEINRICH|2025|BANNER ORGANIZATION TOTALS|2437699.55
warning,banner_check_missing,119sdoc5,GPO-CDOC-119sdoc5-1.pdf,1366,SENATOR GEORGE HELMY,2024,BANNER NET PAYROLL,0.0,status=banner_missing; banner=0.0; parsed_body=0.0. Banner checks are advisory; review against the source before treating this as a parser defect.,119sdoc5|banner_check_missing|1366|SENATOR GEORGE HELMY|2024|BANNER NET PAYROLL|0.0
warning,banner_check_missing,119sdoc5,GPO-CDOC-119sdoc5-1.pdf,1368,SENATOR GEORGE HELMY,2025,BANNER NET PAYROLL,0.0,status=banner_missing; banner=0.0; parsed_body=0.0. Banner checks are advisory; review against the source before treating this as a parser defect.,119sdoc5|banner_check_missing|1368|SENATOR GEORGE HELMY|2025|BANNER NET PAYROLL|0.0
warning,banner_check_discrepancy,119sdoc5,GPO-CDOC-119sdoc5-1.pdf,1368,SENATOR GEORGE HELMY,2025,BANNER ORGANIZATION TOTALS,2145.28,status=warn; banner=2145.28; parsed_body=0.0. Banner checks are advisory; review against the source before treating this as a parser defect.,119sdoc5|banner_check_discrepancy|1368|SENATOR GEORGE HELMY|2025|BANNER ORGANIZATION TOTALS|2145.28
warning,banner_check_missing,119sdoc5,GPO-CDOC-119sdoc5-1.pdf,1370,SENATOR JOHN HICKENLOOPER,2023,BANNER NET PAYROLL,0.0,status=banner_missing; banner=0.0; parsed_body=0.0. Banner checks are advisory; review against the source before treating this as a parser defect.,119sdoc5|banner_check_missing|1370|SENATOR JOHN HICKENLOOPER|2023|BANNER NET PAYROLL|0.0
warning,banner_check_missing,119sdoc5,GPO-CDOC-119sdoc5-1.pdf,1371,INTERN COMPENSATION - HICKENLOOPER,2023,BANNER NET PAYROLL,0.0,status=banner_missing; banner=0.0; parsed_body=0.0. Banner checks are advisory; review against the source before treating this as a parser defect.,119sdoc5|banner_check_missing|1371|INTERN COMPENSATION - HICKENLOOPER|2023|BANNER NET PAYROLL|0.0
warning,banner_check_missing,119sdoc5,GPO-CDOC-119sdoc5-1.pdf,1372,SENATOR JOHN HICKENLOOPER,2024,BANNER NET PAYROLL,0.0,status=banner_missing; banner=0.0; parsed_body=0.0. Banner checks are advisory; review against the source before treating this as a parser defect.,119sdoc5|banner_check_missing|1372|SENATOR JOHN HICKENLOOPER|2024|BANNER NET PAYROLL|0.0
warning,banner_check_missing,119sdoc5,GPO-CDOC-119sdoc5-1.pdf,1373,INTERN COMPENSATION - HICKENLOOPER,2024,BANNER NET PAYROLL,0.0,status=banner_missing; banner=0.0; parsed_body=0.0. Banner checks are advisory; review against the source before treating this as a parser defect.,119sdoc5|banner_check_missing|1373|INTERN COMPENSATION - HICKENLOOPER|2024|BANNER NET PAYROLL|0.0
warning,banner_check_discrepancy,119sdoc5,GPO-CDOC-119sdoc5-1.pdf,1374,SENATOR JOHN HICKENLOOPER,2025,BANNER ORGANIZATION TOTALS,2136131.61,status=warn; banner=2136131.61; parsed_body=2098584.55. Banner checks are advisory; review against the source before treating this as a parser defect.,119sdoc5|banner_check_discrepancy|1374|SENATOR JOHN HICKENLOOPER|2025|BANNER ORGANIZATION TOTALS|2136131.61
warning,banner_check_missing,119sdoc5,GPO-CDOC-119sdoc5-1.pdf,1384,SENATOR MAZIE HIRONO,2023,BANNER NET PAYROLL,0.0,status=banner_missing; banner=0.0; parsed_body=0.0. Banner checks are advisory; review against the source before treating this as a parser defect.,119sdoc5|banner_check_missing|1384|SENATOR MAZIE HIRONO|2023|BANNER NET PAYROLL|0.0
warning,banner_check_discrepancy,119sdoc5,GPO-CDOC-119sdoc5-1.pdf,1384,SENATOR MAZIE HIRONO,2023,BANNER ORGANIZATION TOTALS,9013.81,status=warn; banner=9013.81; parsed_body=293.81. Banner checks are advisory; review against the source before treating this as a parser defect.,119sdoc5|banner_check_discrepancy|1384|SENATOR MAZIE HIRONO|2023|BANNER ORGANIZATION TOTALS|9013.81
warning,banner_check_missing,119sdoc5,GPO-CDOC-119sdoc5-1.pdf,1385,INTERN COMPENSATION - HIRONO,2023,BANNER NET PAYROLL,0.0,status=banner_missing; banner=0.0; parsed_body=0.0. Banner checks are advisory; review against the source before treating this as a parser defect.,119sdoc5|banner_check_missing|1385|INTERN COMPENSATION - HIRONO|2023|BANNER NET PAYROLL|0.0
warning,banner_check_missing,119sdoc5,GPO-CDOC-119sdoc5-1.pdf,1386,SENATOR MAZIE HIRONO,2024,BANNER NET PAYROLL,0.0,status=banner_missing; banner=0.0; parsed_body=0.0. Banner checks are advisory; review against the source before treating this as a parser defect.,119sdoc5|banner_check_missing|1386|SENATOR MAZIE HIRONO|2024|BANNER NET PAYROLL|0.0
warning,banner_check_discrepancy,119sdoc5,GPO-CDOC-119sdoc5-1.pdf,1386,SENATOR MAZIE HIRONO,2024,BANNER ORGANIZATION TOTALS,8141.69,status=warn; banner=8141.69; parsed_body=7047.0. Banner checks are advisory; review against the source before treating this as a parser defect.,119sdoc5|banner_check_discrepancy|1386|SENATOR MAZIE HIRONO|2024|BANNER ORGANIZATION TOTALS|8141.69
warning,banner_check_missing,119sdoc5,GPO-CDOC-119sdoc5-1.pdf,1387,INTERN COMPENSATION - HIRONO,2024,BANNER NET PAYROLL,0.0,status=banner_missing; banner=0.0; parsed_body=0.0. Banner checks are advisory; review against the source before treating this as a parser defect.,119sdoc5|banner_check_missing|1387|INTERN COMPENSATION - HIRONO|2024|BANNER NET PAYROLL|0.0
warning,banner_check_discrepancy,119sdoc5,GPO-CDOC-119sdoc5-1.pdf,1388,SENATOR MAZIE HIRONO,2025,BANNER NET PAYROLL,2063348.11,status=fail; banner=2063348.11; parsed_body=2121231.03. Banner checks are advisory; review against the source before treating this as a parser defect.,119sdoc5|banner_check_discrepancy|1388|SENATOR MAZIE HIRONO|2025|BANNER NET PAYROLL|2063348.11
warning,banner_check_discrepancy,119sdoc5,GPO-CDOC-119sdoc5-1.pdf,1388,SENATOR MAZIE HIRONO,2025,BANNER ORGANIZATION TOTALS,2259104.91,status=fail; banner=2259104.91; parsed_body=2259000.65. Banner checks are advisory; review against the source before treating this as a parser defect.,119sdoc5|banner_check_discrepancy|1388|SENATOR MAZIE HIRONO|2025|BANNER ORGANIZATION TOTALS|2259104.91
warning,banner_check_missing,119sdoc5,GPO-CDOC-119sdoc5-1.pdf,1396,SENATOR JOHN HOEVEN,2023,BANNER NET PAYROLL,0.0,status=banner_missing; banner=0.0; parsed_body=0.0. Banner checks are advisory; review against the source before treating this as a parser defect.,119sdoc5|banner_check_missing|1396|SENATOR JOHN HOEVEN|2023|BANNER NET PAYROLL|0.0
warning,banner_check_missing,119sdoc5,GPO-CDOC-119sdoc5-1.pdf,1397,INTERN COMPENSATION - HOEVEN,2023,BANNER NET PAYROLL,0.0,status=banner_missing; banner=0.0; parsed_body=0.0. Banner checks are advisory; review against the source before treating this as a parser defect.,119sdoc5|banner_check_missing|1397|INTERN COMPENSATION - HOEVEN|2023|BANNER NET PAYROLL|0.0
warning,banner_check_missing,119sdoc5,GPO-CDOC-119sdoc5-1.pdf,1399,INTERN COMPENSATION - HOEVEN,2024,BANNER NET PAYROLL,0.0,status=banner_missing; banner=0.0; parsed_body=0.0. Banner checks are advisory; review against the source before treating this as a parser defect.,119sdoc5|banner_check_missing|1399|INTERN COMPENSATION - HOEVEN|2024|BANNER NET PAYROLL|0.0
warning,banner_check_discrepancy,119sdoc5,GPO-CDOC-119sdoc5-1.pdf,1400,SENATOR JOHN HOEVEN,2025,BANNER ORGANIZATION TOTALS,1870544.6,status=warn; banner=1870544.6; parsed_body=1838044.81. Banner checks are advisory; review against the source before treating this as a parser defect.,119sdoc5|banner_check_discrepancy|1400|SENATOR JOHN HOEVEN|2025|BANNER ORGANIZATION TOTALS|1870544.6
warning,banner_check_discrepancy,119sdoc5,GPO-CDOC-119sdoc5-1.pdf,1408,SENATOR JON HUSTED,2025,BANNER ORGANIZATION TOTALS,2351288.5,status=warn; banner=2351288.5; parsed_body=2016754.48. Banner checks are advisory; review against the source before treating this as a parser defect.,119sdoc5|banner_check_discrepancy|1408|SENATOR JON HUSTED|2025|BANNER ORGANIZATION TOTALS|2351288.5
warning,banner_check_missing,119sdoc5,GPO-CDOC-119sdoc5-1.pdf,1430,SENATOR CINDY HYDE-SMITH,2023,BANNER NET PAYROLL,0.0,status=banner_missing; banner=0.0; parsed_body=0.0. Banner checks are advisory; review against the source before treating this as a parser defect.,119sdoc5|banner_check_missing|1430|SENATOR CINDY HYDE-SMITH|2023|BANNER NET PAYROLL|0.0
warning,banner_check_missing,119sdoc5,GPO-CDOC-119sdoc5-1.pdf,1431,INTERN COMPENSATION - HYDE-SMITH,2023,BANNER NET PAYROLL,0.0,status=banner_missing; banner=0.0; parsed_body=0.0. Banner checks are advisory; review against the source before treating this as a parser defect.,119sdoc5|banner_check_missing|1431|INTERN COMPENSATION - HYDE-SMITH|2023|BANNER NET PAYROLL|0.0
warning,banner_check_missing,119sdoc5,GPO-CDOC-119sdoc5-1.pdf,1432,SENATOR CINDY HYDE-SMITH,2024,BANNER NET PAYROLL,0.0,status=banner_missing; banner=0.0; parsed_body=0.0. Banner checks are advisory; review against the source before treating this as a parser defect.,119sdoc5|banner_check_missing|1432|SENATOR CINDY HYDE-SMITH|2024|BANNER NET PAYROLL|0.0
warning,banner_check_missing,119sdoc5,GPO-CDOC-119sdoc5-1.pdf,1433,INTERN COMPENSATION - HYDE-SMITH,2024,BANNER NET PAYROLL,0.0,status=banner_missing; banner=0.0; parsed_body=0.0. Banner checks are advisory; review against the source before treating this as a parser defect.,119sdoc5|banner_check_missing|1433|INTERN COMPENSATION - HYDE-SMITH|2024|BANNER NET PAYROLL|0.0
warning,banner_check_discrepancy,119sdoc5,GPO-CDOC-119sdoc5-1.pdf,1434,SENATOR CINDY HYDE-SMITH,2025,BANNER ORGANIZATION TOTALS,1987387.71,status=warn; banner=1987387.71; parsed_body=1949759.03. Banner checks are advisory; review against the source before treating this as a parser defect.,119sdoc5|banner_check_discrepancy|1434|SENATOR CINDY HYDE-SMITH|2025|BANNER ORGANIZATION TOTALS|1987387.71
warning,banner_check_missing,119sdoc5,GPO-CDOC-119sdoc5-1.pdf,1455,SENATOR JAMES M. INHOFE,2023,BANNER NET PAYROLL,0.0,status=banner_missing; banner=0.0; parsed_body=0.0. Banner checks are advisory; review against the source before treating this as a parser defect.,119sdoc5|banner_check_missing|1455|SENATOR JAMES M. INHOFE|2023|BANNER NET PAYROLL|0.0
warning,banner_check_missing,119sdoc5,GPO-CDOC-119sdoc5-1.pdf,1456,INTERN COMPENSATION - INHOFE,2023,BANNER NET PAYROLL,0.0,status=banner_missing; banner=0.0; parsed_body=0.0. Banner checks are advisory; review against the source before treating this as a parser defect.,119sdoc5|banner_check_missing|1456|INTERN COMPENSATION - INHOFE|2023|BANNER NET PAYROLL|0.0
warning,banner_check_missing,119sdoc5,GPO-CDOC-119sdoc5-1.pdf,1457,SENATOR RON JOHNSON,2023,BANNER NET PAYROLL,0.0,status=banner_missing; banner=0.0; parsed_body=0.0. Banner checks are advisory; review against the source before treating this as a parser defect.,119sdoc5|banner_check_missing|1457|SENATOR RON JOHNSON|2023|BANNER NET PAYROLL|0.0
warning,banner_check_missing,119sdoc5,GPO-CDOC-119sdoc5-1.pdf,1458,INTERN COMPENSATION - JOHNSON,2023,BANNER NET PAYROLL,0.0,status=banner_missing; banner=0.0; parsed_body=0.0. Banner checks are advisory; review against the source before treating this as a parser defect.,119sdoc5|banner_check_missing|1458|INTERN COMPENSATION - JOHNSON|2023|BANNER NET PAYROLL|0.0
warning,banner_check_missing,119sdoc5,GPO-CDOC-119sdoc5-1.pdf,1459,SENATOR RON JOHNSON,2024,BANNER NET PAYROLL,0.0,status=banner_missing; banner=0.0; parsed_body=0.0. Banner checks are advisory; review against the source before treating this as a parser defect.,119sdoc5|banner_check_missing|1459|SENATOR RON JOHNSON|2024|BANNER NET PAYROLL|0.0
warning,banner_check_missing,119sdoc5,GPO-CDOC-119sdoc5-1.pdf,1460,INTERN COMPENSATION - JOHNSON,2024,BANNER NET PAYROLL,0.0,status=banner_missing; banner=0.0; parsed_body=0.0. Banner checks are advisory; review against the source before treating this as a parser defect.,119sdoc5|banner_check_missing|1460|INTERN COMPENSATION - JOHNSON|2024|BANNER NET PAYROLL|0.0
warning,banner_check_discrepancy,119sdoc5,GPO-CDOC-119sdoc5-1.pdf,1461,SENATOR RON JOHNSON,2025,BANNER ORGANIZATION TOTALS,2336344.72,status=warn; banner=2336344.72; parsed_body=2246567.05. Banner checks are advisory; review against the source before treating this as a parser defect.,119sdoc5|banner_check_discrepancy|1461|SENATOR RON JOHNSON|2025|BANNER ORGANIZATION TOTALS|2336344.72
