source_doc,source_pdf,source_page,reference_page,classification,assigned_to_block,block_start_page,block_reference_start,office,funding_year,word_count,visual_row_count,reason
119sdoc5,GPO-CDOC-119sdoc5-2.pdf,1,1477,other,False,,,,,37,18,non_data
119sdoc5,GPO-CDOC-119sdoc5-2.pdf,2,1478,other,False,,,,,0,0,non_data
119sdoc5,GPO-CDOC-119sdoc5-2.pdf,3,1479,other,False,,,,,1,1,non_data
119sdoc5,GPO-CDOC-119sdoc5-2.pdf,4,1480,other,False,,,,,0,0,non_data
119sdoc5,GPO-CDOC-119sdoc5-2.pdf,5,1481,toc,False,,,,,115,60,non_data
119sdoc5,GPO-CDOC-119sdoc5-2.pdf,6,1482,toc,False,,,,,96,60,non_data
119sdoc5,GPO-CDOC-119sdoc5-2.pdf,7,1483,toc,False,,,,,96,60,non_data
119sdoc5,GPO-CDOC-119sdoc5-2.pdf,8,1484,toc,False,,,,,104,50,non_data
119sdoc5,GPO-CDOC-119sdoc5-2.pdf,9,1485,toc,False,,,,,95,32,non_data
119sdoc5,GPO-CDOC-119sdoc5-2.pdf,10,1486,other,False,,,,,40,32,non_data
119sdoc5,GPO-CDOC-119sdoc5-2.pdf,11,1487,other,False,,,,,115,38,non_data
119sdoc5,GPO-CDOC-119sdoc5-2.pdf,12,1488,other,False,,,,,237,41,non_data
119sdoc5,GPO-CDOC-119sdoc5-2.pdf,13,1489,other,False,,,,,183,35,non_data
119sdoc5,GPO-CDOC-119sdoc5-2.pdf,14,1490,other,False,,,,,147,35,non_data
119sdoc5,GPO-CDOC-119sdoc5-2.pdf,15,1491,other,False,,,,,174,47,non_data
119sdoc5,GPO-CDOC-119sdoc5-2.pdf,16,1492,other,False,,,,,139,47,non_data
119sdoc5,GPO-CDOC-119sdoc5-2.pdf,17,1493,other,False,,,,,30,9,non_data
119sdoc5,GPO-CDOC-119sdoc5-2.pdf,18,1494,banner,True,18,1494,SENATOR JIM JUSTICE,2025,136,55,block_start
119sdoc5,GPO-CDOC-119sdoc5-2.pdf,19,1495,data,True,18,1494,SENATOR JIM JUSTICE,2025,172,57,block_data
119sdoc5,GPO-CDOC-119sdoc5-2.pdf,20,1496,data,True,18,1494,SENATOR JIM JUSTICE,2025,196,59,block_data
119sdoc5,GPO-CDOC-119sdoc5-2.pdf,21,1497,data,True,18,1494,SENATOR JIM JUSTICE,2025,179,59,block_data
119sdoc5,GPO-CDOC-119sdoc5-2.pdf,22,1498,data,True,18,1494,SENATOR JIM JUSTICE,2025,188,58,block_data
119sdoc5,GPO-CDOC-119sdoc5-2.pdf,23,1499,data,True,18,1494,SENATOR JIM JUSTICE,2025,174,58,block_data
119sdoc5,GPO-CDOC-119sdoc5-2.pdf,24,1500,data,True,18,1494,SENATOR JIM JUSTICE,2025,160,45,block_data
119sdoc5,GPO-CDOC-119sdoc5-2.pdf,25,1501,banner,True,25,1501,INTERN COMPENSATION - JUSTICE,2025,52,27,block_start
119sdoc5,GPO-CDOC-119sdoc5-2.pdf,26,1502,banner,True,26,1502,SENATOR TIM KAINE,2023,73,34,block_start
119sdoc5,GPO-CDOC-119sdoc5-2.pdf,27,1503,banner,True,27,1503,INTERN COMPENSATION - KAINE,2023,55,28,block_start
119sdoc5,GPO-CDOC-119sdoc5-2.pdf,28,1504,banner,True,28,1504,SENATOR TIM KAINE,2024,87,40,block_start
119sdoc5,GPO-CDOC-119sdoc5-2.pdf,29,1505,banner,True,29,1505,INTERN COMPENSATION - KAINE,2024,55,28,block_start
119sdoc5,GPO-CDOC-119sdoc5-2.pdf,30,1506,banner,True,30,1506,SENATOR TIM KAINE,2025,134,56,block_start
119sdoc5,GPO-CDOC-119sdoc5-2.pdf,31,1507,data,True,30,1506,SENATOR TIM KAINE,2025,157,56,block_data
119sdoc5,GPO-CDOC-119sdoc5-2.pdf,32,1508,data,True,30,1506,SENATOR TIM KAINE,2025,183,56,block_data
119sdoc5,GPO-CDOC-119sdoc5-2.pdf,33,1509,data,True,30,1506,SENATOR TIM KAINE,2025,199,59,block_data
119sdoc5,GPO-CDOC-119sdoc5-2.pdf,34,1510,data,True,30,1506,SENATOR TIM KAINE,2025,166,60,block_data
119sdoc5,GPO-CDOC-119sdoc5-2.pdf,35,1511,data,True,30,1506,SENATOR TIM KAINE,2025,185,56,block_data
119sdoc5,GPO-CDOC-119sdoc5-2.pdf,36,1512,data,True,30,1506,SENATOR TIM KAINE,2025,200,58,block_data
119sdoc5,GPO-CDOC-119sdoc5-2.pdf,37,1513,data,True,30,1506,SENATOR TIM KAINE,2025,197,60,block_data
119sdoc5,GPO-CDOC-119sdoc5-2.pdf,38,1514,data,True,30,1506,SENATOR TIM KAINE,2025,198,58,block_data
119sdoc5,GPO-CDOC-119sdoc5-2.pdf,39,1515,data,True,30,1506,SENATOR TIM KAINE,2025,203,58,block_data
119sdoc5,GPO-CDOC-119sdoc5-2.pdf,40,1516,data,True,30,1506,SENATOR TIM KAINE,2025,193,59,block_data
119sdoc5,GPO-CDOC-119sdoc5-2.pdf,41,1517,data,True,30,1506,SENATOR TIM KAINE,2025,184,58,block_data
119sdoc5,GPO-CDOC-119sdoc5-2.pdf,42,1518,data,True,30,1506,SENATOR TIM KAINE,2025,190,58,block_data
119sdoc5,GPO-CDOC-119sdoc5-2.pdf,43,1519,data,True,30,1506,SENATOR TIM KAINE,2025,172,59,block_data
119sdoc5,GPO-CDOC-119sdoc5-2.pdf,44,1520,data,True,30,1506,SENATOR TIM KAINE,2025,207,58,block_data
119sdoc5,GPO-CDOC-119sdoc5-2.pdf,45,1521,data,True,30,1506,SENATOR TIM KAINE,2025,152,33,block_data
119sdoc5,GPO-CDOC-119sdoc5-2.pdf,46,1522,banner,True,46,1522,INTERN COMPENSATION - KAINE,2025,142,55,block_start
119sdoc5,GPO-CDOC-119sdoc5-2.pdf,47,1523,data,True,46,1522,INTERN COMPENSATION - KAINE,2025,119,43,block_data
119sdoc5,GPO-CDOC-119sdoc5-2.pdf,48,1524,banner,True,48,1524,SENATOR MARK KELLY,2023,83,37,block_start
119sdoc5,GPO-CDOC-119sdoc5-2.pdf,49,1525,banner,True,49,1525,INTERN COMPENSATION - KELLY,2023,55,28,block_start
119sdoc5,GPO-CDOC-119sdoc5-2.pdf,50,1526,banner,True,50,1526,SENATOR MARK KELLY,2024,73,34,block_start
119sdoc5,GPO-CDOC-119sdoc5-2.pdf,51,1527,banner,True,51,1527,INTERN COMPENSATION - KELLY,2024,55,28,block_start
119sdoc5,GPO-CDOC-119sdoc5-2.pdf,52,1528,banner,True,52,1528,SENATOR MARK KELLY,2025,134,56,block_start
119sdoc5,GPO-CDOC-119sdoc5-2.pdf,53,1529,data,True,52,1528,SENATOR MARK KELLY,2025,160,58,block_data
119sdoc5,GPO-CDOC-119sdoc5-2.pdf,54,1530,data,True,52,1528,SENATOR MARK KELLY,2025,165,58,block_data
119sdoc5,GPO-CDOC-119sdoc5-2.pdf,55,1531,data,True,52,1528,SENATOR MARK KELLY,2025,177,58,block_data
119sdoc5,GPO-CDOC-119sdoc5-2.pdf,56,1532,data,True,52,1528,SENATOR MARK KELLY,2025,181,58,block_data
119sdoc5,GPO-CDOC-119sdoc5-2.pdf,57,1533,data,True,52,1528,SENATOR MARK KELLY,2025,172,58,block_data
119sdoc5,GPO-CDOC-119sdoc5-2.pdf,58,1534,data,True,52,1528,SENATOR MARK KELLY,2025,186,58,block_data
119sdoc5,GPO-CDOC-119sdoc5-2.pdf,59,1535,data,True,52,1528,SENATOR MARK KELLY,2025,173,58,block_data
119sdoc5,GPO-CDOC-119sdoc5-2.pdf,60,1536,data,True,52,1528,SENATOR MARK KELLY,2025,168,58,block_data
119sdoc5,GPO-CDOC-119sdoc5-2.pdf,61,1537,data,True,52,1528,SENATOR MARK KELLY,2025,180,58,block_data
119sdoc5,GPO-CDOC-119sdoc5-2.pdf,62,1538,data,True,52,1528,SENATOR MARK KELLY,2025,176,58,block_data
119sdoc5,GPO-CDOC-119sdoc5-2.pdf,63,1539,data,True,52,1528,SENATOR MARK KELLY,2025,194,58,block_data
119sdoc5,GPO-CDOC-119sdoc5-2.pdf,64,1540,data,True,52,1528,SENATOR MARK KELLY,2025,178,58,block_data
119sdoc5,GPO-CDOC-119sdoc5-2.pdf,65,1541,data,True,52,1528,SENATOR MARK KELLY,2025,169,58,block_data
119sdoc5,GPO-CDOC-119sdoc5-2.pdf,66,1542,data,True,52,1528,SENATOR MARK KELLY,2025,183,58,block_data
119sdoc5,GPO-CDOC-119sdoc5-2.pdf,67,1543,data,True,52,1528,SENATOR MARK KELLY,2025,138,34,block_data
119sdoc5,GPO-CDOC-119sdoc5-2.pdf,68,1544,banner,True,68,1544,INTERN COMPENSATION - KELLY,2025,92,39,block_start
119sdoc5,GPO-CDOC-119sdoc5-2.pdf,69,1545,banner,True,69,1545,SENATOR JOHN N. KENNEDY,2023,73,34,block_start
119sdoc5,GPO-CDOC-119sdoc5-2.pdf,70,1546,banner,True,70,1546,INTERN COMPENSATION - KENNEDY,2023,55,28,block_start
119sdoc5,GPO-CDOC-119sdoc5-2.pdf,71,1547,banner,True,71,1547,SENATOR JOHN N. KENNEDY,2024,73,34,block_start
119sdoc5,GPO-CDOC-119sdoc5-2.pdf,72,1548,banner,True,72,1548,INTERN COMPENSATION - KENNEDY,2024,55,28,block_start
119sdoc5,GPO-CDOC-119sdoc5-2.pdf,73,1549,banner,True,73,1549,SENATOR JOHN N. KENNEDY,2025,136,55,block_start
119sdoc5,GPO-CDOC-119sdoc5-2.pdf,74,1550,data,True,73,1549,SENATOR JOHN N. KENNEDY,2025,169,57,block_data
119sdoc5,GPO-CDOC-119sdoc5-2.pdf,75,1551,data,True,73,1549,SENATOR JOHN N. KENNEDY,2025,199,58,block_data
119sdoc5,GPO-CDOC-119sdoc5-2.pdf,76,1552,data,True,73,1549,SENATOR JOHN N. KENNEDY,2025,194,58,block_data
119sdoc5,GPO-CDOC-119sdoc5-2.pdf,77,1553,data,True,73,1549,SENATOR JOHN N. KENNEDY,2025,202,59,block_data
119sdoc5,GPO-CDOC-119sdoc5-2.pdf,78,1554,data,True,73,1549,SENATOR JOHN N. KENNEDY,2025,202,59,block_data
119sdoc5,GPO-CDOC-119sdoc5-2.pdf,79,1555,data,True,73,1549,SENATOR JOHN N. KENNEDY,2025,191,59,block_data
119sdoc5,GPO-CDOC-119sdoc5-2.pdf,80,1556,data,True,73,1549,SENATOR JOHN N. KENNEDY,2025,208,58,block_data
119sdoc5,GPO-CDOC-119sdoc5-2.pdf,81,1557,data,True,73,1549,SENATOR JOHN N. KENNEDY,2025,196,58,block_data
119sdoc5,GPO-CDOC-119sdoc5-2.pdf,82,1558,data,True,73,1549,SENATOR JOHN N. KENNEDY,2025,195,58,block_data
119sdoc5,GPO-CDOC-119sdoc5-2.pdf,83,1559,data,True,73,1549,SENATOR JOHN N. KENNEDY,2025,207,58,block_data
119sdoc5,GPO-CDOC-119sdoc5-2.pdf,84,1560,data,True,73,1549,SENATOR JOHN N. KENNEDY,2025,207,58,block_data
119sdoc5,GPO-CDOC-119sdoc5-2.pdf,85,1561,data,True,73,1549,SENATOR JOHN N. KENNEDY,2025,201,56,block_data
119sdoc5,GPO-CDOC-119sdoc5-2.pdf,86,1562,data,True,73,1549,SENATOR JOHN N. KENNEDY,2025,196,58,block_data
119sdoc5,GPO-CDOC-119sdoc5-2.pdf,87,1563,data,True,73,1549,SENATOR JOHN N. KENNEDY,2025,204,58,block_data
119sdoc5,GPO-CDOC-119sdoc5-2.pdf,88,1564,data,True,73,1549,SENATOR JOHN N. KENNEDY,2025,212,58,block_data
119sdoc5,GPO-CDOC-119sdoc5-2.pdf,89,1565,data,True,73,1549,SENATOR JOHN N. KENNEDY,2025,199,58,block_data
119sdoc5,GPO-CDOC-119sdoc5-2.pdf,90,1566,data,True,73,1549,SENATOR JOHN N. KENNEDY,2025,187,58,block_data
119sdoc5,GPO-CDOC-119sdoc5-2.pdf,91,1567,data,True,73,1549,SENATOR JOHN N. KENNEDY,2025,204,58,block_data
119sdoc5,GPO-CDOC-119sdoc5-2.pdf,92,1568,data,True,73,1549,SENATOR JOHN N. KENNEDY,2025,202,59,block_data
119sdoc5,GPO-CDOC-119sdoc5-2.pdf,93,1569,data,True,73,1549,SENATOR JOHN N. KENNEDY,2025,200,58,block_data
119sdoc5,GPO-CDOC-119sdoc5-2.pdf,94,1570,data,True,73,1549,SENATOR JOHN N. KENNEDY,2025,204,58,block_data
119sdoc5,GPO-CDOC-119sdoc5-2.pdf,95,1571,data,True,73,1549,SENATOR JOHN N. KENNEDY,2025,195,58,block_data
119sdoc5,GPO-CDOC-119sdoc5-2.pdf,96,1572,data,True,73,1549,SENATOR JOHN N. KENNEDY,2025,210,57,block_data
119sdoc5,GPO-CDOC-119sdoc5-2.pdf,97,1573,data,True,73,1549,SENATOR JOHN N. KENNEDY,2025,200,58,block_data
119sdoc5,GPO-CDOC-119sdoc5-2.pdf,98,1574,data,True,73,1549,SENATOR JOHN N. KENNEDY,2025,201,57,block_data
119sdoc5,GPO-CDOC-119sdoc5-2.pdf,99,1575,data,True,73,1549,SENATOR JOHN N. KENNEDY,2025,208,58,block_data
119sdoc5,GPO-CDOC-119sdoc5-2.pdf,100,1576,data,True,73,1549,SENATOR JOHN N. KENNEDY,2025,197,58,block_data
119sdoc5,GPO-CDOC-119sdoc5-2.pdf,101,1577,data,True,73,1549,SENATOR JOHN N. KENNEDY,2025,216,58,block_data
119sdoc5,GPO-CDOC-119sdoc5-2.pdf,102,1578,data,True,73,1549,SENATOR JOHN N. KENNEDY,2025,204,53,block_data
119sdoc5,GPO-CDOC-119sdoc5-2.pdf,103,1579,banner,True,103,1579,INTERN COMPENSATION - KENNEDY,2025,98,41,block_start
119sdoc5,GPO-CDOC-119sdoc5-2.pdf,104,1580,banner,True,104,1580,SENATOR ANDY KIM,2025,136,55,block_start
119sdoc5,GPO-CDOC-119sdoc5-2.pdf,105,1581,data,True,104,1580,SENATOR ANDY KIM,2025,174,58,block_data
119sdoc5,GPO-CDOC-119sdoc5-2.pdf,106,1582,data,True,104,1580,SENATOR ANDY KIM,2025,195,58,block_data
119sdoc5,GPO-CDOC-119sdoc5-2.pdf,107,1583,data,True,104,1580,SENATOR ANDY KIM,2025,201,60,block_data
119sdoc5,GPO-CDOC-119sdoc5-2.pdf,108,1584,data,True,104,1580,SENATOR ANDY KIM,2025,197,59,block_data
119sdoc5,GPO-CDOC-119sdoc5-2.pdf,109,1585,data,True,104,1580,SENATOR ANDY KIM,2025,202,59,block_data
119sdoc5,GPO-CDOC-119sdoc5-2.pdf,110,1586,data,True,104,1580,SENATOR ANDY KIM,2025,202,59,block_data
119sdoc5,GPO-CDOC-119sdoc5-2.pdf,111,1587,data,True,104,1580,SENATOR ANDY KIM,2025,204,59,block_data
119sdoc5,GPO-CDOC-119sdoc5-2.pdf,112,1588,data,True,104,1580,SENATOR ANDY KIM,2025,216,58,block_data
119sdoc5,GPO-CDOC-119sdoc5-2.pdf,113,1589,data,True,104,1580,SENATOR ANDY KIM,2025,210,58,block_data
119sdoc5,GPO-CDOC-119sdoc5-2.pdf,114,1590,data,True,104,1580,SENATOR ANDY KIM,2025,205,60,block_data
119sdoc5,GPO-CDOC-119sdoc5-2.pdf,115,1591,data,True,104,1580,SENATOR ANDY KIM,2025,214,58,block_data
119sdoc5,GPO-CDOC-119sdoc5-2.pdf,116,1592,data,True,104,1580,SENATOR ANDY KIM,2025,258,44,block_data
119sdoc5,GPO-CDOC-119sdoc5-2.pdf,117,1593,banner,True,117,1593,INTERN COMPENSATION - KIM,2025,101,42,block_start
119sdoc5,GPO-CDOC-119sdoc5-2.pdf,118,1594,banner,True,118,1594,SENATOR ANGUS KING,2023,73,34,block_start
119sdoc5,GPO-CDOC-119sdoc5-2.pdf,119,1595,banner,True,119,1595,INTERN COMPENSATION - KING,2023,55,28,block_start
119sdoc5,GPO-CDOC-119sdoc5-2.pdf,120,1596,banner,True,120,1596,SENATOR ANGUS KING,2024,73,34,block_start
119sdoc5,GPO-CDOC-119sdoc5-2.pdf,121,1597,banner,True,121,1597,INTERN COMPENSATION - KING,2024,55,28,block_start
119sdoc5,GPO-CDOC-119sdoc5-2.pdf,122,1598,banner,True,122,1598,SENATOR ANGUS KING,2025,136,55,block_start
119sdoc5,GPO-CDOC-119sdoc5-2.pdf,123,1599,data,True,122,1598,SENATOR ANGUS KING,2025,179,56,block_data
119sdoc5,GPO-CDOC-119sdoc5-2.pdf,124,1600,data,True,122,1598,SENATOR ANGUS KING,2025,240,58,block_data
119sdoc5,GPO-CDOC-119sdoc5-2.pdf,125,1601,data,True,122,1598,SENATOR ANGUS KING,2025,194,59,block_data
119sdoc5,GPO-CDOC-119sdoc5-2.pdf,126,1602,data,True,122,1598,SENATOR ANGUS KING,2025,235,58,block_data
119sdoc5,GPO-CDOC-119sdoc5-2.pdf,127,1603,data,True,122,1598,SENATOR ANGUS KING,2025,206,59,block_data
119sdoc5,GPO-CDOC-119sdoc5-2.pdf,128,1604,data,True,122,1598,SENATOR ANGUS KING,2025,212,60,block_data
119sdoc5,GPO-CDOC-119sdoc5-2.pdf,129,1605,data,True,122,1598,SENATOR ANGUS KING,2025,217,59,block_data
119sdoc5,GPO-CDOC-119sdoc5-2.pdf,130,1606,data,True,122,1598,SENATOR ANGUS KING,2025,205,59,block_data
119sdoc5,GPO-CDOC-119sdoc5-2.pdf,131,1607,data,True,122,1598,SENATOR ANGUS KING,2025,137,37,block_data
119sdoc5,GPO-CDOC-119sdoc5-2.pdf,132,1608,banner,True,132,1608,INTERN COMPENSATION - KING,2025,52,27,block_start
119sdoc5,GPO-CDOC-119sdoc5-2.pdf,133,1609,banner,True,133,1609,SENATOR AMY KLOBUCHAR,2023,76,34,block_start
119sdoc5,GPO-CDOC-119sdoc5-2.pdf,134,1610,banner,True,134,1610,INTERN COMPENSATION - KLOBUCHAR,2023,55,28,block_start
119sdoc5,GPO-CDOC-119sdoc5-2.pdf,135,1611,banner,True,135,1611,SENATOR AMY KLOBUCHAR,2024,82,36,block_start
119sdoc5,GPO-CDOC-119sdoc5-2.pdf,136,1612,banner,True,136,1612,INTERN COMPENSATION - KLOBUCHAR,2024,55,28,block_start
119sdoc5,GPO-CDOC-119sdoc5-2.pdf,137,1613,banner,True,137,1613,SENATOR AMY KLOBUCHAR,2025,134,56,block_start
119sdoc5,GPO-CDOC-119sdoc5-2.pdf,138,1614,data,True,137,1613,SENATOR AMY KLOBUCHAR,2025,165,58,block_data
119sdoc5,GPO-CDOC-119sdoc5-2.pdf,139,1615,data,True,137,1613,SENATOR AMY KLOBUCHAR,2025,189,56,block_data
119sdoc5,GPO-CDOC-119sdoc5-2.pdf,140,1616,data,True,137,1613,SENATOR AMY KLOBUCHAR,2025,209,58,block_data
119sdoc5,GPO-CDOC-119sdoc5-2.pdf,141,1617,data,True,137,1613,SENATOR AMY KLOBUCHAR,2025,212,58,block_data
119sdoc5,GPO-CDOC-119sdoc5-2.pdf,142,1618,data,True,137,1613,SENATOR AMY KLOBUCHAR,2025,191,57,block_data
119sdoc5,GPO-CDOC-119sdoc5-2.pdf,143,1619,data,True,137,1613,SENATOR AMY KLOBUCHAR,2025,198,58,block_data
119sdoc5,GPO-CDOC-119sdoc5-2.pdf,144,1620,data,True,137,1613,SENATOR AMY KLOBUCHAR,2025,208,58,block_data
119sdoc5,GPO-CDOC-119sdoc5-2.pdf,145,1621,data,True,137,1613,SENATOR AMY KLOBUCHAR,2025,203,59,block_data
119sdoc5,GPO-CDOC-119sdoc5-2.pdf,146,1622,data,True,137,1613,SENATOR AMY KLOBUCHAR,2025,191,58,block_data
119sdoc5,GPO-CDOC-119sdoc5-2.pdf,147,1623,data,True,137,1613,SENATOR AMY KLOBUCHAR,2025,216,58,block_data
119sdoc5,GPO-CDOC-119sdoc5-2.pdf,148,1624,data,True,137,1613,SENATOR AMY KLOBUCHAR,2025,216,58,block_data
119sdoc5,GPO-CDOC-119sdoc5-2.pdf,149,1625,data,True,137,1613,SENATOR AMY KLOBUCHAR,2025,216,58,block_data
119sdoc5,GPO-CDOC-119sdoc5-2.pdf,150,1626,data,True,137,1613,SENATOR AMY KLOBUCHAR,2025,216,58,block_data
119sdoc5,GPO-CDOC-119sdoc5-2.pdf,151,1627,data,True,137,1613,SENATOR AMY KLOBUCHAR,2025,193,58,block_data
119sdoc5,GPO-CDOC-119sdoc5-2.pdf,152,1628,data,True,137,1613,SENATOR AMY KLOBUCHAR,2025,196,58,block_data
119sdoc5,GPO-CDOC-119sdoc5-2.pdf,153,1629,data,True,137,1613,SENATOR AMY KLOBUCHAR,2025,193,58,block_data
119sdoc5,GPO-CDOC-119sdoc5-2.pdf,154,1630,data,True,137,1613,SENATOR AMY KLOBUCHAR,2025,186,58,block_data
119sdoc5,GPO-CDOC-119sdoc5-2.pdf,155,1631,data,True,137,1613,SENATOR AMY KLOBUCHAR,2025,190,47,block_data
119sdoc5,GPO-CDOC-119sdoc5-2.pdf,156,1632,banner,True,156,1632,INTERN COMPENSATION - KLOBUCHAR,2025,142,55,block_start
119sdoc5,GPO-CDOC-119sdoc5-2.pdf,157,1633,data,True,156,1632,INTERN COMPENSATION - KLOBUCHAR,2025,23,13,block_data
119sdoc5,GPO-CDOC-119sdoc5-2.pdf,158,1634,banner,True,158,1634,SENATOR JAMES LANKFORD,2023,73,34,block_start
119sdoc5,GPO-CDOC-119sdoc5-2.pdf,159,1635,banner,True,159,1635,INTERN COMPENSATION - LANKFORD,2023,55,28,block_start
119sdoc5,GPO-CDOC-119sdoc5-2.pdf,160,1636,banner,True,160,1636,SENATOR JAMES LANKFORD,2024,110,45,block_start
119sdoc5,GPO-CDOC-119sdoc5-2.pdf,161,1637,banner,True,161,1637,INTERN COMPENSATION - LANKFORD,2024,55,28,block_start
119sdoc5,GPO-CDOC-119sdoc5-2.pdf,162,1638,banner,True,162,1638,SENATOR JAMES LANKFORD,2025,134,56,block_start
119sdoc5,GPO-CDOC-119sdoc5-2.pdf,163,1639,data,True,162,1638,SENATOR JAMES LANKFORD,2025,167,56,block_data
119sdoc5,GPO-CDOC-119sdoc5-2.pdf,164,1640,data,True,162,1638,SENATOR JAMES LANKFORD,2025,189,58,block_data
119sdoc5,GPO-CDOC-119sdoc5-2.pdf,165,1641,data,True,162,1638,SENATOR JAMES LANKFORD,2025,193,59,block_data
119sdoc5,GPO-CDOC-119sdoc5-2.pdf,166,1642,data,True,162,1638,SENATOR JAMES LANKFORD,2025,194,61,block_data
119sdoc5,GPO-CDOC-119sdoc5-2.pdf,167,1643,data,True,162,1638,SENATOR JAMES LANKFORD,2025,198,56,block_data
119sdoc5,GPO-CDOC-119sdoc5-2.pdf,168,1644,data,True,162,1638,SENATOR JAMES LANKFORD,2025,189,60,block_data
119sdoc5,GPO-CDOC-119sdoc5-2.pdf,169,1645,data,True,162,1638,SENATOR JAMES LANKFORD,2025,190,58,block_data
119sdoc5,GPO-CDOC-119sdoc5-2.pdf,170,1646,data,True,162,1638,SENATOR JAMES LANKFORD,2025,205,57,block_data
119sdoc5,GPO-CDOC-119sdoc5-2.pdf,171,1647,data,True,162,1638,SENATOR JAMES LANKFORD,2025,196,58,block_data
119sdoc5,GPO-CDOC-119sdoc5-2.pdf,172,1648,data,True,162,1638,SENATOR JAMES LANKFORD,2025,185,59,block_data
119sdoc5,GPO-CDOC-119sdoc5-2.pdf,173,1649,data,True,162,1638,SENATOR JAMES LANKFORD,2025,190,59,block_data
119sdoc5,GPO-CDOC-119sdoc5-2.pdf,174,1650,data,True,162,1638,SENATOR JAMES LANKFORD,2025,183,58,block_data
119sdoc5,GPO-CDOC-119sdoc5-2.pdf,175,1651,data,True,162,1638,SENATOR JAMES LANKFORD,2025,189,57,block_data
119sdoc5,GPO-CDOC-119sdoc5-2.pdf,176,1652,data,True,162,1638,SENATOR JAMES LANKFORD,2025,208,58,block_data
119sdoc5,GPO-CDOC-119sdoc5-2.pdf,177,1653,data,True,162,1638,SENATOR JAMES LANKFORD,2025,196,59,block_data
119sdoc5,GPO-CDOC-119sdoc5-2.pdf,178,1654,data,True,162,1638,SENATOR JAMES LANKFORD,2025,182,56,block_data
119sdoc5,GPO-CDOC-119sdoc5-2.pdf,179,1655,data,True,162,1638,SENATOR JAMES LANKFORD,2025,185,61,block_data
119sdoc5,GPO-CDOC-119sdoc5-2.pdf,180,1656,data,True,162,1638,SENATOR JAMES LANKFORD,2025,202,59,block_data
119sdoc5,GPO-CDOC-119sdoc5-2.pdf,181,1657,data,True,162,1638,SENATOR JAMES LANKFORD,2025,207,59,block_data
119sdoc5,GPO-CDOC-119sdoc5-2.pdf,182,1658,data,True,162,1638,SENATOR JAMES LANKFORD,2025,197,58,block_data
119sdoc5,GPO-CDOC-119sdoc5-2.pdf,183,1659,data,True,162,1638,SENATOR JAMES LANKFORD,2025,189,58,block_data
119sdoc5,GPO-CDOC-119sdoc5-2.pdf,184,1660,data,True,162,1638,SENATOR JAMES LANKFORD,2025,225,59,block_data
119sdoc5,GPO-CDOC-119sdoc5-2.pdf,185,1661,data,True,162,1638,SENATOR JAMES LANKFORD,2025,211,56,block_data
119sdoc5,GPO-CDOC-119sdoc5-2.pdf,186,1662,data,True,162,1638,SENATOR JAMES LANKFORD,2025,191,59,block_data
119sdoc5,GPO-CDOC-119sdoc5-2.pdf,187,1663,data,True,162,1638,SENATOR JAMES LANKFORD,2025,217,58,block_data
119sdoc5,GPO-CDOC-119sdoc5-2.pdf,188,1664,data,True,162,1638,SENATOR JAMES LANKFORD,2025,217,58,block_data
119sdoc5,GPO-CDOC-119sdoc5-2.pdf,189,1665,data,True,162,1638,SENATOR JAMES LANKFORD,2025,201,58,block_data
119sdoc5,GPO-CDOC-119sdoc5-2.pdf,190,1666,data,True,162,1638,SENATOR JAMES LANKFORD,2025,234,58,block_data
119sdoc5,GPO-CDOC-119sdoc5-2.pdf,191,1667,data,True,162,1638,SENATOR JAMES LANKFORD,2025,198,58,block_data
119sdoc5,GPO-CDOC-119sdoc5-2.pdf,192,1668,data,True,162,1638,SENATOR JAMES LANKFORD,2025,194,58,block_data
119sdoc5,GPO-CDOC-119sdoc5-2.pdf,193,1669,data,True,162,1638,SENATOR JAMES LANKFORD,2025,193,59,block_data
119sdoc5,GPO-CDOC-119sdoc5-2.pdf,194,1670,data,True,162,1638,SENATOR JAMES LANKFORD,2025,185,60,block_data
119sdoc5,GPO-CDOC-119sdoc5-2.pdf,195,1671,data,True,162,1638,SENATOR JAMES LANKFORD,2025,210,57,block_data
119sdoc5,GPO-CDOC-119sdoc5-2.pdf,196,1672,data,True,162,1638,SENATOR JAMES LANKFORD,2025,238,56,block_data
119sdoc5,GPO-CDOC-119sdoc5-2.pdf,197,1673,banner,True,197,1673,INTERN COMPENSATION - LANKFORD,2025,119,48,block_start
119sdoc5,GPO-CDOC-119sdoc5-2.pdf,198,1674,banner,True,198,1674,SENATOR PATRICK J. LEAHY,2023,73,34,block_start
119sdoc5,GPO-CDOC-119sdoc5-2.pdf,199,1675,banner,True,199,1675,INTERN COMPENSATION - LEAHY,2023,55,28,block_start
119sdoc5,GPO-CDOC-119sdoc5-2.pdf,200,1676,banner,True,200,1676,SENATOR MIKE LEE,2023,73,34,block_start
119sdoc5,GPO-CDOC-119sdoc5-2.pdf,201,1677,banner,True,201,1677,INTERN COMPENSATION - LEE,2023,55,28,block_start
119sdoc5,GPO-CDOC-119sdoc5-2.pdf,202,1678,banner,True,202,1678,SENATOR MIKE LEE,2024,83,37,block_start
119sdoc5,GPO-CDOC-119sdoc5-2.pdf,203,1679,banner,True,203,1679,INTERN COMPENSATION - LEE,2024,55,28,block_start
119sdoc5,GPO-CDOC-119sdoc5-2.pdf,204,1680,banner,True,204,1680,SENATOR MIKE LEE,2025,136,55,block_start
119sdoc5,GPO-CDOC-119sdoc5-2.pdf,205,1681,data,True,204,1680,SENATOR MIKE LEE,2025,158,56,block_data
119sdoc5,GPO-CDOC-119sdoc5-2.pdf,206,1682,data,True,204,1680,SENATOR MIKE LEE,2025,193,58,block_data
119sdoc5,GPO-CDOC-119sdoc5-2.pdf,207,1683,data,True,204,1680,SENATOR MIKE LEE,2025,186,57,block_data
119sdoc5,GPO-CDOC-119sdoc5-2.pdf,208,1684,data,True,204,1680,SENATOR MIKE LEE,2025,188,59,block_data
119sdoc5,GPO-CDOC-119sdoc5-2.pdf,209,1685,data,True,204,1680,SENATOR MIKE LEE,2025,197,59,block_data
119sdoc5,GPO-CDOC-119sdoc5-2.pdf,210,1686,data,True,204,1680,SENATOR MIKE LEE,2025,185,60,block_data
119sdoc5,GPO-CDOC-119sdoc5-2.pdf,211,1687,data,True,204,1680,SENATOR MIKE LEE,2025,185,59,block_data
119sdoc5,GPO-CDOC-119sdoc5-2.pdf,212,1688,data,True,204,1680,SENATOR MIKE LEE,2025,171,57,block_data
119sdoc5,GPO-CDOC-119sdoc5-2.pdf,213,1689,data,True,204,1680,SENATOR MIKE LEE,2025,177,60,block_data
119sdoc5,GPO-CDOC-119sdoc5-2.pdf,214,1690,data,True,204,1680,SENATOR MIKE LEE,2025,196,59,block_data
119sdoc5,GPO-CDOC-119sdoc5-2.pdf,215,1691,data,True,204,1680,SENATOR MIKE LEE,2025,197,58,block_data
119sdoc5,GPO-CDOC-119sdoc5-2.pdf,216,1692,data,True,204,1680,SENATOR MIKE LEE,2025,163,58,block_data
119sdoc5,GPO-CDOC-119sdoc5-2.pdf,217,1693,data,True,204,1680,SENATOR MIKE LEE,2025,204,58,block_data
119sdoc5,GPO-CDOC-119sdoc5-2.pdf,218,1694,data,True,204,1680,SENATOR MIKE LEE,2025,221,57,block_data
119sdoc5,GPO-CDOC-119sdoc5-2.pdf,219,1695,data,True,204,1680,SENATOR MIKE LEE,2025,102,23,block_data
119sdoc5,GPO-CDOC-119sdoc5-2.pdf,220,1696,banner,True,220,1696,INTERN COMPENSATION - LEE,2025,113,46,block_start
119sdoc5,GPO-CDOC-119sdoc5-2.pdf,221,1697,banner,True,221,1697,SENATOR BEN RAY LUJAN,2023,73,34,block_start
119sdoc5,GPO-CDOC-119sdoc5-2.pdf,222,1698,banner,True,222,1698,INTERN COMPENSATION - LUJAN,2023,55,28,block_start
119sdoc5,GPO-CDOC-119sdoc5-2.pdf,223,1699,banner,True,223,1699,SENATOR BEN RAY LUJAN,2024,147,55,block_start
119sdoc5,GPO-CDOC-119sdoc5-2.pdf,224,1700,data,True,223,1699,SENATOR BEN RAY LUJAN,2024,64,25,block_data
119sdoc5,GPO-CDOC-119sdoc5-2.pdf,225,1701,banner,True,225,1701,INTERN COMPENSATION - LUJAN,2024,55,28,block_start
119sdoc5,GPO-CDOC-119sdoc5-2.pdf,226,1702,banner,True,226,1702,SENATOR BEN RAY LUJAN,2025,136,55,block_start
119sdoc5,GPO-CDOC-119sdoc5-2.pdf,227,1703,data,True,226,1702,SENATOR BEN RAY LUJAN,2025,159,57,block_data
119sdoc5,GPO-CDOC-119sdoc5-2.pdf,228,1704,data,True,226,1702,SENATOR BEN RAY LUJAN,2025,192,59,block_data
119sdoc5,GPO-CDOC-119sdoc5-2.pdf,229,1705,data,True,226,1702,SENATOR BEN RAY LUJAN,2025,188,58,block_data
119sdoc5,GPO-CDOC-119sdoc5-2.pdf,230,1706,data,True,226,1702,SENATOR BEN RAY LUJAN,2025,185,59,block_data
119sdoc5,GPO-CDOC-119sdoc5-2.pdf,231,1707,data,True,226,1702,SENATOR BEN RAY LUJAN,2025,181,58,block_data
119sdoc5,GPO-CDOC-119sdoc5-2.pdf,232,1708,data,True,226,1702,SENATOR BEN RAY LUJAN,2025,179,58,block_data
119sdoc5,GPO-CDOC-119sdoc5-2.pdf,233,1709,data,True,226,1702,SENATOR BEN RAY LUJAN,2025,193,58,block_data
119sdoc5,GPO-CDOC-119sdoc5-2.pdf,234,1710,data,True,226,1702,SENATOR BEN RAY LUJAN,2025,206,59,block_data
119sdoc5,GPO-CDOC-119sdoc5-2.pdf,235,1711,data,True,226,1702,SENATOR BEN RAY LUJAN,2025,186,58,block_data
119sdoc5,GPO-CDOC-119sdoc5-2.pdf,236,1712,data,True,226,1702,SENATOR BEN RAY LUJAN,2025,196,58,block_data
119sdoc5,GPO-CDOC-119sdoc5-2.pdf,237,1713,data,True,226,1702,SENATOR BEN RAY LUJAN,2025,193,59,block_data
119sdoc5,GPO-CDOC-119sdoc5-2.pdf,238,1714,data,True,226,1702,SENATOR BEN RAY LUJAN,2025,178,60,block_data
119sdoc5,GPO-CDOC-119sdoc5-2.pdf,239,1715,data,True,226,1702,SENATOR BEN RAY LUJAN,2025,185,58,block_data
119sdoc5,GPO-CDOC-119sdoc5-2.pdf,240,1716,data,True,226,1702,SENATOR BEN RAY LUJAN,2025,172,58,block_data
119sdoc5,GPO-CDOC-119sdoc5-2.pdf,241,1717,data,True,226,1702,SENATOR BEN RAY LUJAN,2025,181,58,block_data
119sdoc5,GPO-CDOC-119sdoc5-2.pdf,242,1718,data,True,226,1702,SENATOR BEN RAY LUJAN,2025,142,35,block_data
119sdoc5,GPO-CDOC-119sdoc5-2.pdf,243,1719,banner,True,243,1719,INTERN COMPENSATION - LUJAN,2025,104,43,block_start
119sdoc5,GPO-CDOC-119sdoc5-2.pdf,244,1720,banner,True,244,1720,SENATOR CYNTHIA LUMMIS,2023,73,34,block_start
119sdoc5,GPO-CDOC-119sdoc5-2.pdf,245,1721,banner,True,245,1721,INTERN COMPENSATION - LUMMIS,2023,55,28,block_start
119sdoc5,GPO-CDOC-119sdoc5-2.pdf,246,1722,banner,True,246,1722,SENATOR CYNTHIA LUMMIS,2024,92,39,block_start
119sdoc5,GPO-CDOC-119sdoc5-2.pdf,247,1723,banner,True,247,1723,INTERN COMPENSATION - LUMMIS,2024,55,28,block_start
119sdoc5,GPO-CDOC-119sdoc5-2.pdf,248,1724,banner,True,248,1724,SENATOR CYNTHIA LUMMIS,2025,136,55,block_start
119sdoc5,GPO-CDOC-119sdoc5-2.pdf,249,1725,data,True,248,1724,SENATOR CYNTHIA LUMMIS,2025,162,59,block_data
119sdoc5,GPO-CDOC-119sdoc5-2.pdf,250,1726,data,True,248,1724,SENATOR CYNTHIA LUMMIS,2025,192,58,block_data
119sdoc5,GPO-CDOC-119sdoc5-2.pdf,251,1727,data,True,248,1724,SENATOR CYNTHIA LUMMIS,2025,209,58,block_data
119sdoc5,GPO-CDOC-119sdoc5-2.pdf,252,1728,data,True,248,1724,SENATOR CYNTHIA LUMMIS,2025,192,58,block_data
119sdoc5,GPO-CDOC-119sdoc5-2.pdf,253,1729,data,True,248,1724,SENATOR CYNTHIA LUMMIS,2025,195,58,block_data
119sdoc5,GPO-CDOC-119sdoc5-2.pdf,254,1730,data,True,248,1724,SENATOR CYNTHIA LUMMIS,2025,186,59,block_data
119sdoc5,GPO-CDOC-119sdoc5-2.pdf,255,1731,data,True,248,1724,SENATOR CYNTHIA LUMMIS,2025,184,58,block_data
119sdoc5,GPO-CDOC-119sdoc5-2.pdf,256,1732,data,True,248,1724,SENATOR CYNTHIA LUMMIS,2025,178,58,block_data
119sdoc5,GPO-CDOC-119sdoc5-2.pdf,257,1733,data,True,248,1724,SENATOR CYNTHIA LUMMIS,2025,165,58,block_data
119sdoc5,GPO-CDOC-119sdoc5-2.pdf,258,1734,data,True,248,1724,SENATOR CYNTHIA LUMMIS,2025,175,58,block_data
119sdoc5,GPO-CDOC-119sdoc5-2.pdf,259,1735,data,True,248,1724,SENATOR CYNTHIA LUMMIS,2025,173,59,block_data
119sdoc5,GPO-CDOC-119sdoc5-2.pdf,260,1736,data,True,248,1724,SENATOR CYNTHIA LUMMIS,2025,213,58,block_data
119sdoc5,GPO-CDOC-119sdoc5-2.pdf,261,1737,data,True,248,1724,SENATOR CYNTHIA LUMMIS,2025,202,58,block_data
119sdoc5,GPO-CDOC-119sdoc5-2.pdf,262,1738,data,True,248,1724,SENATOR CYNTHIA LUMMIS,2025,182,58,block_data
119sdoc5,GPO-CDOC-119sdoc5-2.pdf,263,1739,data,True,248,1724,SENATOR CYNTHIA LUMMIS,2025,176,58,block_data
119sdoc5,GPO-CDOC-119sdoc5-2.pdf,264,1740,data,True,248,1724,SENATOR CYNTHIA LUMMIS,2025,202,58,block_data
119sdoc5,GPO-CDOC-119sdoc5-2.pdf,265,1741,data,True,248,1724,SENATOR CYNTHIA LUMMIS,2025,176,58,block_data
119sdoc5,GPO-CDOC-119sdoc5-2.pdf,266,1742,data,True,248,1724,SENATOR CYNTHIA LUMMIS,2025,186,59,block_data
119sdoc5,GPO-CDOC-119sdoc5-2.pdf,267,1743,data,True,248,1724,SENATOR CYNTHIA LUMMIS,2025,235,56,block_data
119sdoc5,GPO-CDOC-119sdoc5-2.pdf,268,1744,data,True,248,1724,SENATOR CYNTHIA LUMMIS,2025,74,19,block_data
119sdoc5,GPO-CDOC-119sdoc5-2.pdf,269,1745,banner,True,269,1745,INTERN COMPENSATION - LUMMIS,2025,86,37,block_start
119sdoc5,GPO-CDOC-119sdoc5-2.pdf,270,1746,banner,True,270,1746,SENATOR JOE MANCHIN,2023,73,34,block_start
119sdoc5,GPO-CDOC-119sdoc5-2.pdf,271,1747,banner,True,271,1747,INTERN COMPENSATION - MANCHIN,2023,55,28,block_start
119sdoc5,GPO-CDOC-119sdoc5-2.pdf,272,1748,banner,True,272,1748,SENATOR JOE MANCHIN,2024,70,30,block_start
119sdoc5,GPO-CDOC-119sdoc5-2.pdf,273,1749,banner,True,273,1749,INTERN COMPENSATION - MANCHIN,2024,55,28,block_start
119sdoc5,GPO-CDOC-119sdoc5-2.pdf,274,1750,banner,True,274,1750,SENATOR JOE MANCHIN,2025,70,30,block_start
119sdoc5,GPO-CDOC-119sdoc5-2.pdf,275,1751,banner,True,275,1751,INTERN COMPENSATION - MANCHIN,2025,55,28,block_start
119sdoc5,GPO-CDOC-119sdoc5-2.pdf,276,1752,banner,True,276,1752,SENATOR EDWARD MARKEY,2023,85,38,block_start
119sdoc5,GPO-CDOC-119sdoc5-2.pdf,277,1753,banner,True,277,1753,INTERN COMPENSATION - MARKEY,2023,55,28,block_start
119sdoc5,GPO-CDOC-119sdoc5-2.pdf,278,1754,banner,True,278,1754,SENATOR EDWARD MARKEY,2024,92,39,block_start
119sdoc5,GPO-CDOC-119sdoc5-2.pdf,279,1755,banner,True,279,1755,INTERN COMPENSATION - MARKEY,2024,55,28,block_start
119sdoc5,GPO-CDOC-119sdoc5-2.pdf,280,1756,banner,True,280,1756,SENATOR EDWARD MARKEY,2025,136,55,block_start
119sdoc5,GPO-CDOC-119sdoc5-2.pdf,281,1757,data,True,280,1756,SENATOR EDWARD MARKEY,2025,159,56,block_data
119sdoc5,GPO-CDOC-119sdoc5-2.pdf,282,1758,data,True,280,1756,SENATOR EDWARD MARKEY,2025,192,59,block_data
119sdoc5,GPO-CDOC-119sdoc5-2.pdf,283,1759,data,True,280,1756,SENATOR EDWARD MARKEY,2025,196,59,block_data
119sdoc5,GPO-CDOC-119sdoc5-2.pdf,284,1760,data,True,280,1756,SENATOR EDWARD MARKEY,2025,191,60,block_data
119sdoc5,GPO-CDOC-119sdoc5-2.pdf,285,1761,data,True,280,1756,SENATOR EDWARD MARKEY,2025,204,58,block_data
119sdoc5,GPO-CDOC-119sdoc5-2.pdf,286,1762,data,True,280,1756,SENATOR EDWARD MARKEY,2025,184,59,block_data
119sdoc5,GPO-CDOC-119sdoc5-2.pdf,287,1763,data,True,280,1756,SENATOR EDWARD MARKEY,2025,184,45,block_data
119sdoc5,GPO-CDOC-119sdoc5-2.pdf,288,1764,banner,True,288,1764,INTERN COMPENSATION - MARKEY,2025,128,51,block_start
119sdoc5,GPO-CDOC-119sdoc5-2.pdf,289,1765,banner,True,289,1765,SENATOR ROGER MARSHALL,2023,77,36,block_start
119sdoc5,GPO-CDOC-119sdoc5-2.pdf,290,1766,banner,True,290,1766,INTERN COMPENSATION - MARSHALL,2023,55,28,block_start
119sdoc5,GPO-CDOC-119sdoc5-2.pdf,291,1767,banner,True,291,1767,SENATOR ROGER MARSHALL,2024,93,40,block_start
119sdoc5,GPO-CDOC-119sdoc5-2.pdf,292,1768,banner,True,292,1768,INTERN COMPENSATION - MARSHALL,2024,55,28,block_start
119sdoc5,GPO-CDOC-119sdoc5-2.pdf,293,1769,banner,True,293,1769,SENATOR ROGER MARSHALL,2025,136,55,block_start
119sdoc5,GPO-CDOC-119sdoc5-2.pdf,294,1770,data,True,293,1769,SENATOR ROGER MARSHALL,2025,156,57,block_data
119sdoc5,GPO-CDOC-119sdoc5-2.pdf,295,1771,data,True,293,1769,SENATOR ROGER MARSHALL,2025,182,59,block_data
119sdoc5,GPO-CDOC-119sdoc5-2.pdf,296,1772,data,True,293,1769,SENATOR ROGER MARSHALL,2025,178,59,block_data
119sdoc5,GPO-CDOC-119sdoc5-2.pdf,297,1773,data,True,293,1769,SENATOR ROGER MARSHALL,2025,185,58,block_data
119sdoc5,GPO-CDOC-119sdoc5-2.pdf,298,1774,data,True,293,1769,SENATOR ROGER MARSHALL,2025,183,58,block_data
119sdoc5,GPO-CDOC-119sdoc5-2.pdf,299,1775,data,True,293,1769,SENATOR ROGER MARSHALL,2025,168,60,block_data
119sdoc5,GPO-CDOC-119sdoc5-2.pdf,300,1776,data,True,293,1769,SENATOR ROGER MARSHALL,2025,179,58,block_data
119sdoc5,GPO-CDOC-119sdoc5-2.pdf,301,1777,data,True,293,1769,SENATOR ROGER MARSHALL,2025,173,59,block_data
119sdoc5,GPO-CDOC-119sdoc5-2.pdf,302,1778,data,True,293,1769,SENATOR ROGER MARSHALL,2025,172,59,block_data
119sdoc5,GPO-CDOC-119sdoc5-2.pdf,303,1779,data,True,293,1769,SENATOR ROGER MARSHALL,2025,177,58,block_data
119sdoc5,GPO-CDOC-119sdoc5-2.pdf,304,1780,data,True,293,1769,SENATOR ROGER MARSHALL,2025,179,58,block_data
119sdoc5,GPO-CDOC-119sdoc5-2.pdf,305,1781,data,True,293,1769,SENATOR ROGER MARSHALL,2025,185,58,block_data
119sdoc5,GPO-CDOC-119sdoc5-2.pdf,306,1782,data,True,293,1769,SENATOR ROGER MARSHALL,2025,167,58,block_data
119sdoc5,GPO-CDOC-119sdoc5-2.pdf,307,1783,data,True,293,1769,SENATOR ROGER MARSHALL,2025,177,58,block_data
119sdoc5,GPO-CDOC-119sdoc5-2.pdf,308,1784,data,True,293,1769,SENATOR ROGER MARSHALL,2025,154,61,block_data
119sdoc5,GPO-CDOC-119sdoc5-2.pdf,309,1785,data,True,293,1769,SENATOR ROGER MARSHALL,2025,177,58,block_data
119sdoc5,GPO-CDOC-119sdoc5-2.pdf,310,1786,data,True,293,1769,SENATOR ROGER MARSHALL,2025,183,58,block_data
119sdoc5,GPO-CDOC-119sdoc5-2.pdf,311,1787,data,True,293,1769,SENATOR ROGER MARSHALL,2025,182,59,block_data
119sdoc5,GPO-CDOC-119sdoc5-2.pdf,312,1788,data,True,293,1769,SENATOR ROGER MARSHALL,2025,183,58,block_data
119sdoc5,GPO-CDOC-119sdoc5-2.pdf,313,1789,data,True,293,1769,SENATOR ROGER MARSHALL,2025,174,58,block_data
119sdoc5,GPO-CDOC-119sdoc5-2.pdf,314,1790,data,True,293,1769,SENATOR ROGER MARSHALL,2025,186,58,block_data
119sdoc5,GPO-CDOC-119sdoc5-2.pdf,315,1791,data,True,293,1769,SENATOR ROGER MARSHALL,2025,186,57,block_data
119sdoc5,GPO-CDOC-119sdoc5-2.pdf,316,1792,data,True,293,1769,SENATOR ROGER MARSHALL,2025,177,59,block_data
119sdoc5,GPO-CDOC-119sdoc5-2.pdf,317,1793,data,True,293,1769,SENATOR ROGER MARSHALL,2025,174,45,block_data
119sdoc5,GPO-CDOC-119sdoc5-2.pdf,318,1794,banner,True,318,1794,INTERN COMPENSATION - MARSHALL,2025,113,46,block_start
119sdoc5,GPO-CDOC-119sdoc5-2.pdf,319,1795,banner,True,319,1795,"SENATOR A. MITCHELL MCCONNELL, JR.",2023,70,30,block_start
119sdoc5,GPO-CDOC-119sdoc5-2.pdf,320,1796,banner,True,320,1796,"INTERN COMPENSATION - MCCONNELL, JR.",2023,55,28,block_start
119sdoc5,GPO-CDOC-119sdoc5-2.pdf,321,1797,banner,True,321,1797,"SENATOR A. MITCHELL MCCONNELL, JR.",2024,79,32,block_start
119sdoc5,GPO-CDOC-119sdoc5-2.pdf,322,1798,banner,True,322,1798,"INTERN COMPENSATION - MCCONNELL, JR.",2024,55,28,block_start
119sdoc5,GPO-CDOC-119sdoc5-2.pdf,323,1799,banner,True,323,1799,"SENATOR A. MITCHELL MCCONNELL, JR.",2025,134,53,block_start
119sdoc5,GPO-CDOC-119sdoc5-2.pdf,324,1800,data,True,323,1799,"SENATOR A. MITCHELL MCCONNELL, JR.",2025,183,57,block_data
119sdoc5,GPO-CDOC-119sdoc5-2.pdf,325,1801,data,True,323,1799,"SENATOR A. MITCHELL MCCONNELL, JR.",2025,216,59,block_data
119sdoc5,GPO-CDOC-119sdoc5-2.pdf,326,1802,data,True,323,1799,"SENATOR A. MITCHELL MCCONNELL, JR.",2025,216,58,block_data
119sdoc5,GPO-CDOC-119sdoc5-2.pdf,327,1803,data,True,323,1799,"SENATOR A. MITCHELL MCCONNELL, JR.",2025,206,58,block_data
119sdoc5,GPO-CDOC-119sdoc5-2.pdf,328,1804,data,True,323,1799,"SENATOR A. MITCHELL MCCONNELL, JR.",2025,216,58,block_data
119sdoc5,GPO-CDOC-119sdoc5-2.pdf,329,1805,data,True,323,1799,"SENATOR A. MITCHELL MCCONNELL, JR.",2025,201,58,block_data
119sdoc5,GPO-CDOC-119sdoc5-2.pdf,330,1806,data,True,323,1799,"SENATOR A. MITCHELL MCCONNELL, JR.",2025,208,58,block_data
119sdoc5,GPO-CDOC-119sdoc5-2.pdf,331,1807,data,True,323,1799,"SENATOR A. MITCHELL MCCONNELL, JR.",2025,195,58,block_data
119sdoc5,GPO-CDOC-119sdoc5-2.pdf,332,1808,data,True,323,1799,"SENATOR A. MITCHELL MCCONNELL, JR.",2025,210,58,block_data
119sdoc5,GPO-CDOC-119sdoc5-2.pdf,333,1809,data,True,323,1799,"SENATOR A. MITCHELL MCCONNELL, JR.",2025,216,58,block_data
119sdoc5,GPO-CDOC-119sdoc5-2.pdf,334,1810,data,True,323,1799,"SENATOR A. MITCHELL MCCONNELL, JR.",2025,216,58,block_data
119sdoc5,GPO-CDOC-119sdoc5-2.pdf,335,1811,data,True,323,1799,"SENATOR A. MITCHELL MCCONNELL, JR.",2025,206,58,block_data
119sdoc5,GPO-CDOC-119sdoc5-2.pdf,336,1812,data,True,323,1799,"SENATOR A. MITCHELL MCCONNELL, JR.",2025,216,58,block_data
119sdoc5,GPO-CDOC-119sdoc5-2.pdf,337,1813,data,True,323,1799,"SENATOR A. MITCHELL MCCONNELL, JR.",2025,208,58,block_data
119sdoc5,GPO-CDOC-119sdoc5-2.pdf,338,1814,data,True,323,1799,"SENATOR A. MITCHELL MCCONNELL, JR.",2025,216,58,block_data
119sdoc5,GPO-CDOC-119sdoc5-2.pdf,339,1815,data,True,323,1799,"SENATOR A. MITCHELL MCCONNELL, JR.",2025,217,58,block_data
119sdoc5,GPO-CDOC-119sdoc5-2.pdf,340,1816,data,True,323,1799,"SENATOR A. MITCHELL MCCONNELL, JR.",2025,210,58,block_data
119sdoc5,GPO-CDOC-119sdoc5-2.pdf,341,1817,data,True,323,1799,"SENATOR A. MITCHELL MCCONNELL, JR.",2025,210,58,block_data
119sdoc5,GPO-CDOC-119sdoc5-2.pdf,342,1818,data,True,323,1799,"SENATOR A. MITCHELL MCCONNELL, JR.",2025,216,58,block_data
119sdoc5,GPO-CDOC-119sdoc5-2.pdf,343,1819,data,True,323,1799,"SENATOR A. MITCHELL MCCONNELL, JR.",2025,199,58,block_data
119sdoc5,GPO-CDOC-119sdoc5-2.pdf,344,1820,data,True,323,1799,"SENATOR A. MITCHELL MCCONNELL, JR.",2025,203,58,block_data
119sdoc5,GPO-CDOC-119sdoc5-2.pdf,345,1821,data,True,323,1799,"SENATOR A. MITCHELL MCCONNELL, JR.",2025,208,58,block_data
119sdoc5,GPO-CDOC-119sdoc5-2.pdf,346,1822,data,True,323,1799,"SENATOR A. MITCHELL MCCONNELL, JR.",2025,203,58,block_data
119sdoc5,GPO-CDOC-119sdoc5-2.pdf,347,1823,data,True,323,1799,"SENATOR A. MITCHELL MCCONNELL, JR.",2025,213,58,block_data
119sdoc5,GPO-CDOC-119sdoc5-2.pdf,348,1824,data,True,323,1799,"SENATOR A. MITCHELL MCCONNELL, JR.",2025,216,58,block_data
119sdoc5,GPO-CDOC-119sdoc5-2.pdf,349,1825,data,True,323,1799,"SENATOR A. MITCHELL MCCONNELL, JR.",2025,127,33,block_data
119sdoc5,GPO-CDOC-119sdoc5-2.pdf,350,1826,banner,True,350,1826,"INTERN COMPENSATION - MCCONNELL, JR.",2025,113,46,block_start
119sdoc5,GPO-CDOC-119sdoc5-2.pdf,351,1827,banner,True,351,1827,SENATOR DAVE MCCORMICK,2025,134,56,block_start
119sdoc5,GPO-CDOC-119sdoc5-2.pdf,352,1828,data,True,351,1827,SENATOR DAVE MCCORMICK,2025,164,59,block_data
119sdoc5,GPO-CDOC-119sdoc5-2.pdf,353,1829,data,True,351,1827,SENATOR DAVE MCCORMICK,2025,178,56,block_data
119sdoc5,GPO-CDOC-119sdoc5-2.pdf,354,1830,data,True,351,1827,SENATOR DAVE MCCORMICK,2025,198,59,block_data
119sdoc5,GPO-CDOC-119sdoc5-2.pdf,355,1831,data,True,351,1827,SENATOR DAVE MCCORMICK,2025,204,58,block_data
119sdoc5,GPO-CDOC-119sdoc5-2.pdf,356,1832,data,True,351,1827,SENATOR DAVE MCCORMICK,2025,197,58,block_data
119sdoc5,GPO-CDOC-119sdoc5-2.pdf,357,1833,data,True,351,1827,SENATOR DAVE MCCORMICK,2025,192,58,block_data
119sdoc5,GPO-CDOC-119sdoc5-2.pdf,358,1834,data,True,351,1827,SENATOR DAVE MCCORMICK,2025,188,58,block_data
119sdoc5,GPO-CDOC-119sdoc5-2.pdf,359,1835,data,True,351,1827,SENATOR DAVE MCCORMICK,2025,204,58,block_data
119sdoc5,GPO-CDOC-119sdoc5-2.pdf,360,1836,data,True,351,1827,SENATOR DAVE MCCORMICK,2025,207,58,block_data
119sdoc5,GPO-CDOC-119sdoc5-2.pdf,361,1837,data,True,351,1827,SENATOR DAVE MCCORMICK,2025,204,58,block_data
119sdoc5,GPO-CDOC-119sdoc5-2.pdf,362,1838,data,True,351,1827,SENATOR DAVE MCCORMICK,2025,195,58,block_data
119sdoc5,GPO-CDOC-119sdoc5-2.pdf,363,1839,data,True,351,1827,SENATOR DAVE MCCORMICK,2025,187,58,block_data
119sdoc5,GPO-CDOC-119sdoc5-2.pdf,364,1840,data,True,351,1827,SENATOR DAVE MCCORMICK,2025,194,59,block_data
119sdoc5,GPO-CDOC-119sdoc5-2.pdf,365,1841,data,True,351,1827,SENATOR DAVE MCCORMICK,2025,198,58,block_data
119sdoc5,GPO-CDOC-119sdoc5-2.pdf,366,1842,data,True,351,1827,SENATOR DAVE MCCORMICK,2025,196,58,block_data
119sdoc5,GPO-CDOC-119sdoc5-2.pdf,367,1843,data,True,351,1827,SENATOR DAVE MCCORMICK,2025,190,58,block_data
119sdoc5,GPO-CDOC-119sdoc5-2.pdf,368,1844,data,True,351,1827,SENATOR DAVE MCCORMICK,2025,189,59,block_data
119sdoc5,GPO-CDOC-119sdoc5-2.pdf,369,1845,data,True,351,1827,SENATOR DAVE MCCORMICK,2025,186,59,block_data
119sdoc5,GPO-CDOC-119sdoc5-2.pdf,370,1846,data,True,351,1827,SENATOR DAVE MCCORMICK,2025,206,59,block_data
119sdoc5,GPO-CDOC-119sdoc5-2.pdf,371,1847,data,True,351,1827,SENATOR DAVE MCCORMICK,2025,204,58,block_data
119sdoc5,GPO-CDOC-119sdoc5-2.pdf,372,1848,data,True,351,1827,SENATOR DAVE MCCORMICK,2025,196,58,block_data
119sdoc5,GPO-CDOC-119sdoc5-2.pdf,373,1849,data,True,351,1827,SENATOR DAVE MCCORMICK,2025,187,58,block_data
119sdoc5,GPO-CDOC-119sdoc5-2.pdf,374,1850,data,True,351,1827,SENATOR DAVE MCCORMICK,2025,191,58,block_data
119sdoc5,GPO-CDOC-119sdoc5-2.pdf,375,1851,data,True,351,1827,SENATOR DAVE MCCORMICK,2025,185,59,block_data
119sdoc5,GPO-CDOC-119sdoc5-2.pdf,376,1852,data,True,351,1827,SENATOR DAVE MCCORMICK,2025,197,58,block_data
119sdoc5,GPO-CDOC-119sdoc5-2.pdf,377,1853,data,True,351,1827,SENATOR DAVE MCCORMICK,2025,196,58,block_data
119sdoc5,GPO-CDOC-119sdoc5-2.pdf,378,1854,data,True,351,1827,SENATOR DAVE MCCORMICK,2025,175,58,block_data
119sdoc5,GPO-CDOC-119sdoc5-2.pdf,379,1855,data,True,351,1827,SENATOR DAVE MCCORMICK,2025,201,58,block_data
119sdoc5,GPO-CDOC-119sdoc5-2.pdf,380,1856,data,True,351,1827,SENATOR DAVE MCCORMICK,2025,207,58,block_data
119sdoc5,GPO-CDOC-119sdoc5-2.pdf,381,1857,data,True,351,1827,SENATOR DAVE MCCORMICK,2025,202,58,block_data
119sdoc5,GPO-CDOC-119sdoc5-2.pdf,382,1858,data,True,351,1827,SENATOR DAVE MCCORMICK,2025,196,58,block_data
119sdoc5,GPO-CDOC-119sdoc5-2.pdf,383,1859,data,True,351,1827,SENATOR DAVE MCCORMICK,2025,177,58,block_data
119sdoc5,GPO-CDOC-119sdoc5-2.pdf,384,1860,data,True,351,1827,SENATOR DAVE MCCORMICK,2025,208,58,block_data
119sdoc5,GPO-CDOC-119sdoc5-2.pdf,385,1861,data,True,351,1827,SENATOR DAVE MCCORMICK,2025,208,58,block_data
119sdoc5,GPO-CDOC-119sdoc5-2.pdf,386,1862,data,True,351,1827,SENATOR DAVE MCCORMICK,2025,272,57,block_data
119sdoc5,GPO-CDOC-119sdoc5-2.pdf,387,1863,data,True,351,1827,SENATOR DAVE MCCORMICK,2025,46,15,block_data
119sdoc5,GPO-CDOC-119sdoc5-2.pdf,388,1864,banner,True,388,1864,INTERN COMPENSATION - MCCORMICK,2025,121,49,block_start
119sdoc5,GPO-CDOC-119sdoc5-2.pdf,389,1865,banner,True,389,1865,SENATOR ROBERT MENENDEZ,2023,73,34,block_start
119sdoc5,GPO-CDOC-119sdoc5-2.pdf,390,1866,banner,True,390,1866,INTERN COMPENSATION - MENENDEZ,2023,55,28,block_start
119sdoc5,GPO-CDOC-119sdoc5-2.pdf,391,1867,banner,True,391,1867,SENATOR ROBERT MENENDEZ,2024,73,34,block_start
119sdoc5,GPO-CDOC-119sdoc5-2.pdf,392,1868,banner,True,392,1868,INTERN COMPENSATION - MENENDEZ,2024,55,28,block_start
119sdoc5,GPO-CDOC-119sdoc5-2.pdf,393,1869,banner,True,393,1869,SENATOR JEFF MERKLEY,2023,73,34,block_start
119sdoc5,GPO-CDOC-119sdoc5-2.pdf,394,1870,banner,True,394,1870,INTERN COMPENSATION - MERKLEY,2023,55,28,block_start
119sdoc5,GPO-CDOC-119sdoc5-2.pdf,395,1871,banner,True,395,1871,SENATOR JEFF MERKLEY,2024,82,36,block_start
119sdoc5,GPO-CDOC-119sdoc5-2.pdf,396,1872,banner,True,396,1872,INTERN COMPENSATION - MERKLEY,2024,55,28,block_start
119sdoc5,GPO-CDOC-119sdoc5-2.pdf,397,1873,banner,True,397,1873,SENATOR JEFF MERKLEY,2025,136,55,block_start
119sdoc5,GPO-CDOC-119sdoc5-2.pdf,398,1874,data,True,397,1873,SENATOR JEFF MERKLEY,2025,167,56,block_data
119sdoc5,GPO-CDOC-119sdoc5-2.pdf,399,1875,data,True,397,1873,SENATOR JEFF MERKLEY,2025,193,59,block_data
119sdoc5,GPO-CDOC-119sdoc5-2.pdf,400,1876,data,True,397,1873,SENATOR JEFF MERKLEY,2025,163,59,block_data
119sdoc5,GPO-CDOC-119sdoc5-2.pdf,401,1877,data,True,397,1873,SENATOR JEFF MERKLEY,2025,176,58,block_data
119sdoc5,GPO-CDOC-119sdoc5-2.pdf,402,1878,data,True,397,1873,SENATOR JEFF MERKLEY,2025,172,61,block_data
119sdoc5,GPO-CDOC-119sdoc5-2.pdf,403,1879,data,True,397,1873,SENATOR JEFF MERKLEY,2025,174,59,block_data
119sdoc5,GPO-CDOC-119sdoc5-2.pdf,404,1880,data,True,397,1873,SENATOR JEFF MERKLEY,2025,191,59,block_data
119sdoc5,GPO-CDOC-119sdoc5-2.pdf,405,1881,data,True,397,1873,SENATOR JEFF MERKLEY,2025,188,59,block_data
119sdoc5,GPO-CDOC-119sdoc5-2.pdf,406,1882,data,True,397,1873,SENATOR JEFF MERKLEY,2025,188,59,block_data
119sdoc5,GPO-CDOC-119sdoc5-2.pdf,407,1883,data,True,397,1873,SENATOR JEFF MERKLEY,2025,196,58,block_data
119sdoc5,GPO-CDOC-119sdoc5-2.pdf,408,1884,data,True,397,1873,SENATOR JEFF MERKLEY,2025,187,58,block_data
119sdoc5,GPO-CDOC-119sdoc5-2.pdf,409,1885,data,True,397,1873,SENATOR JEFF MERKLEY,2025,208,58,block_data
119sdoc5,GPO-CDOC-119sdoc5-2.pdf,410,1886,data,True,397,1873,SENATOR JEFF MERKLEY,2025,185,60,block_data
119sdoc5,GPO-CDOC-119sdoc5-2.pdf,411,1887,data,True,397,1873,SENATOR JEFF MERKLEY,2025,201,58,block_data
119sdoc5,GPO-CDOC-119sdoc5-2.pdf,412,1888,data,True,397,1873,SENATOR JEFF MERKLEY,2025,103,29,block_data
119sdoc5,GPO-CDOC-119sdoc5-2.pdf,413,1889,banner,True,413,1889,INTERN COMPENSATION - MERKLEY,2025,71,32,block_start
119sdoc5,GPO-CDOC-119sdoc5-2.pdf,414,1890,banner,True,414,1890,SENATOR ASHLEY MOODY,2025,136,54,block_start
119sdoc5,GPO-CDOC-119sdoc5-2.pdf,415,1891,data,True,414,1890,SENATOR ASHLEY MOODY,2025,157,56,block_data
119sdoc5,GPO-CDOC-119sdoc5-2.pdf,416,1892,data,True,414,1890,SENATOR ASHLEY MOODY,2025,183,58,block_data
119sdoc5,GPO-CDOC-119sdoc5-2.pdf,417,1893,data,True,414,1890,SENATOR ASHLEY MOODY,2025,200,58,block_data
119sdoc5,GPO-CDOC-119sdoc5-2.pdf,418,1894,data,True,414,1890,SENATOR ASHLEY MOODY,2025,170,58,block_data
119sdoc5,GPO-CDOC-119sdoc5-2.pdf,419,1895,data,True,414,1890,SENATOR ASHLEY MOODY,2025,197,59,block_data
119sdoc5,GPO-CDOC-119sdoc5-2.pdf,420,1896,data,True,414,1890,SENATOR ASHLEY MOODY,2025,178,58,block_data
119sdoc5,GPO-CDOC-119sdoc5-2.pdf,421,1897,data,True,414,1890,SENATOR ASHLEY MOODY,2025,190,58,block_data
119sdoc5,GPO-CDOC-119sdoc5-2.pdf,422,1898,data,True,414,1890,SENATOR ASHLEY MOODY,2025,181,58,block_data
119sdoc5,GPO-CDOC-119sdoc5-2.pdf,423,1899,data,True,414,1890,SENATOR ASHLEY MOODY,2025,180,58,block_data
119sdoc5,GPO-CDOC-119sdoc5-2.pdf,424,1900,data,True,414,1890,SENATOR ASHLEY MOODY,2025,175,60,block_data
119sdoc5,GPO-CDOC-119sdoc5-2.pdf,425,1901,data,True,414,1890,SENATOR ASHLEY MOODY,2025,178,59,block_data
119sdoc5,GPO-CDOC-119sdoc5-2.pdf,426,1902,data,True,414,1890,SENATOR ASHLEY MOODY,2025,199,58,block_data
119sdoc5,GPO-CDOC-119sdoc5-2.pdf,427,1903,data,True,414,1890,SENATOR ASHLEY MOODY,2025,185,58,block_data
119sdoc5,GPO-CDOC-119sdoc5-2.pdf,428,1904,data,True,414,1890,SENATOR ASHLEY MOODY,2025,169,58,block_data
119sdoc5,GPO-CDOC-119sdoc5-2.pdf,429,1905,data,True,414,1890,SENATOR ASHLEY MOODY,2025,191,58,block_data
119sdoc5,GPO-CDOC-119sdoc5-2.pdf,430,1906,data,True,414,1890,SENATOR ASHLEY MOODY,2025,180,58,block_data
119sdoc5,GPO-CDOC-119sdoc5-2.pdf,431,1907,data,True,414,1890,SENATOR ASHLEY MOODY,2025,185,58,block_data
119sdoc5,GPO-CDOC-119sdoc5-2.pdf,432,1908,data,True,414,1890,SENATOR ASHLEY MOODY,2025,193,59,block_data
119sdoc5,GPO-CDOC-119sdoc5-2.pdf,433,1909,data,True,414,1890,SENATOR ASHLEY MOODY,2025,234,56,block_data
119sdoc5,GPO-CDOC-119sdoc5-2.pdf,434,1910,data,True,414,1890,SENATOR ASHLEY MOODY,2025,221,38,block_data
119sdoc5,GPO-CDOC-119sdoc5-2.pdf,435,1911,banner,True,435,1911,INTERN COMPENSATION - MOODY,2025,116,47,block_start
119sdoc5,GPO-CDOC-119sdoc5-2.pdf,436,1912,banner,True,436,1912,SENATOR JERRY MORAN,2023,73,34,block_start
119sdoc5,GPO-CDOC-119sdoc5-2.pdf,437,1913,banner,True,437,1913,INTERN COMPENSATION - MORAN,2023,55,28,block_start
119sdoc5,GPO-CDOC-119sdoc5-2.pdf,438,1914,banner,True,438,1914,SENATOR JERRY MORAN,2024,84,38,block_start
119sdoc5,GPO-CDOC-119sdoc5-2.pdf,439,1915,banner,True,439,1915,INTERN COMPENSATION - MORAN,2024,55,28,block_start
119sdoc5,GPO-CDOC-119sdoc5-2.pdf,440,1916,banner,True,440,1916,SENATOR JERRY MORAN,2025,136,55,block_start
119sdoc5,GPO-CDOC-119sdoc5-2.pdf,441,1917,data,True,440,1916,SENATOR JERRY MORAN,2025,163,58,block_data
119sdoc5,GPO-CDOC-119sdoc5-2.pdf,442,1918,data,True,440,1916,SENATOR JERRY MORAN,2025,172,57,block_data
119sdoc5,GPO-CDOC-119sdoc5-2.pdf,443,1919,data,True,440,1916,SENATOR JERRY MORAN,2025,177,60,block_data
119sdoc5,GPO-CDOC-119sdoc5-2.pdf,444,1920,data,True,440,1916,SENATOR JERRY MORAN,2025,189,57,block_data
119sdoc5,GPO-CDOC-119sdoc5-2.pdf,445,1921,data,True,440,1916,SENATOR JERRY MORAN,2025,175,58,block_data
119sdoc5,GPO-CDOC-119sdoc5-2.pdf,446,1922,data,True,440,1916,SENATOR JERRY MORAN,2025,196,58,block_data
119sdoc5,GPO-CDOC-119sdoc5-2.pdf,447,1923,data,True,440,1916,SENATOR JERRY MORAN,2025,190,58,block_data
119sdoc5,GPO-CDOC-119sdoc5-2.pdf,448,1924,data,True,440,1916,SENATOR JERRY MORAN,2025,190,59,block_data
119sdoc5,GPO-CDOC-119sdoc5-2.pdf,449,1925,data,True,440,1916,SENATOR JERRY MORAN,2025,172,60,block_data
119sdoc5,GPO-CDOC-119sdoc5-2.pdf,450,1926,data,True,440,1916,SENATOR JERRY MORAN,2025,187,59,block_data
119sdoc5,GPO-CDOC-119sdoc5-2.pdf,451,1927,data,True,440,1916,SENATOR JERRY MORAN,2025,161,59,block_data
119sdoc5,GPO-CDOC-119sdoc5-2.pdf,452,1928,data,True,440,1916,SENATOR JERRY MORAN,2025,165,58,block_data
119sdoc5,GPO-CDOC-119sdoc5-2.pdf,453,1929,data,True,440,1916,SENATOR JERRY MORAN,2025,179,58,block_data
119sdoc5,GPO-CDOC-119sdoc5-2.pdf,454,1930,data,True,440,1916,SENATOR JERRY MORAN,2025,193,58,block_data
119sdoc5,GPO-CDOC-119sdoc5-2.pdf,455,1931,data,True,440,1916,SENATOR JERRY MORAN,2025,176,58,block_data
119sdoc5,GPO-CDOC-119sdoc5-2.pdf,456,1932,data,True,440,1916,SENATOR JERRY MORAN,2025,185,57,block_data
119sdoc5,GPO-CDOC-119sdoc5-2.pdf,457,1933,data,True,440,1916,SENATOR JERRY MORAN,2025,183,57,block_data
119sdoc5,GPO-CDOC-119sdoc5-2.pdf,458,1934,data,True,440,1916,SENATOR JERRY MORAN,2025,199,58,block_data
119sdoc5,GPO-CDOC-119sdoc5-2.pdf,459,1935,data,True,440,1916,SENATOR JERRY MORAN,2025,176,58,block_data
119sdoc5,GPO-CDOC-119sdoc5-2.pdf,460,1936,data,True,440,1916,SENATOR JERRY MORAN,2025,176,58,block_data
119sdoc5,GPO-CDOC-119sdoc5-2.pdf,461,1937,data,True,440,1916,SENATOR JERRY MORAN,2025,191,59,block_data
119sdoc5,GPO-CDOC-119sdoc5-2.pdf,462,1938,data,True,440,1916,SENATOR JERRY MORAN,2025,172,60,block_data
119sdoc5,GPO-CDOC-119sdoc5-2.pdf,463,1939,data,True,440,1916,SENATOR JERRY MORAN,2025,180,59,block_data
119sdoc5,GPO-CDOC-119sdoc5-2.pdf,464,1940,data,True,440,1916,SENATOR JERRY MORAN,2025,189,59,block_data
119sdoc5,GPO-CDOC-119sdoc5-2.pdf,465,1941,data,True,440,1916,SENATOR JERRY MORAN,2025,168,59,block_data
119sdoc5,GPO-CDOC-119sdoc5-2.pdf,466,1942,data,True,440,1916,SENATOR JERRY MORAN,2025,248,56,block_data
119sdoc5,GPO-CDOC-119sdoc5-2.pdf,467,1943,data,True,440,1916,SENATOR JERRY MORAN,2025,39,14,block_data
119sdoc5,GPO-CDOC-119sdoc5-2.pdf,468,1944,banner,True,468,1944,INTERN COMPENSATION - MORAN,2025,113,46,block_start
119sdoc5,GPO-CDOC-119sdoc5-2.pdf,469,1945,banner,True,469,1945,SENATOR BERNIE MORENO,2025,136,54,block_start
119sdoc5,GPO-CDOC-119sdoc5-2.pdf,470,1946,data,True,469,1945,SENATOR BERNIE MORENO,2025,161,57,block_data
119sdoc5,GPO-CDOC-119sdoc5-2.pdf,471,1947,data,True,469,1945,SENATOR BERNIE MORENO,2025,148,63,block_data
119sdoc5,GPO-CDOC-119sdoc5-2.pdf,472,1948,data,True,469,1945,SENATOR BERNIE MORENO,2025,182,59,block_data
119sdoc5,GPO-CDOC-119sdoc5-2.pdf,473,1949,data,True,469,1945,SENATOR BERNIE MORENO,2025,156,60,block_data
119sdoc5,GPO-CDOC-119sdoc5-2.pdf,474,1950,data,True,469,1945,SENATOR BERNIE MORENO,2025,154,61,block_data
119sdoc5,GPO-CDOC-119sdoc5-2.pdf,475,1951,data,True,469,1945,SENATOR BERNIE MORENO,2025,169,61,block_data
119sdoc5,GPO-CDOC-119sdoc5-2.pdf,476,1952,data,True,469,1945,SENATOR BERNIE MORENO,2025,155,61,block_data
119sdoc5,GPO-CDOC-119sdoc5-2.pdf,477,1953,data,True,469,1945,SENATOR BERNIE MORENO,2025,169,58,block_data
119sdoc5,GPO-CDOC-119sdoc5-2.pdf,478,1954,data,True,469,1945,SENATOR BERNIE MORENO,2025,172,61,block_data
119sdoc5,GPO-CDOC-119sdoc5-2.pdf,479,1955,data,True,469,1945,SENATOR BERNIE MORENO,2025,160,59,block_data
119sdoc5,GPO-CDOC-119sdoc5-2.pdf,480,1956,data,True,469,1945,SENATOR BERNIE MORENO,2025,159,60,block_data
119sdoc5,GPO-CDOC-119sdoc5-2.pdf,481,1957,data,True,469,1945,SENATOR BERNIE MORENO,2025,153,59,block_data
119sdoc5,GPO-CDOC-119sdoc5-2.pdf,482,1958,data,True,469,1945,SENATOR BERNIE MORENO,2025,159,45,block_data
119sdoc5,GPO-CDOC-119sdoc5-2.pdf,483,1959,banner,True,483,1959,INTERN COMPENSATION - MORENO,2025,119,48,block_start
119sdoc5,GPO-CDOC-119sdoc5-2.pdf,484,1960,banner,True,484,1960,SENATOR MARKWAYNE MULLIN,2023,73,34,block_start
119sdoc5,GPO-CDOC-119sdoc5-2.pdf,485,1961,banner,True,485,1961,INTERN COMPENSATION - MULLIN,2023,55,28,block_start
119sdoc5,GPO-CDOC-119sdoc5-2.pdf,486,1962,banner,True,486,1962,SENATOR MARKWAYNE MULLIN,2024,87,39,block_start
119sdoc5,GPO-CDOC-119sdoc5-2.pdf,487,1963,banner,True,487,1963,INTERN COMPENSATION - MULLIN,2024,55,28,block_start
119sdoc5,GPO-CDOC-119sdoc5-2.pdf,488,1964,banner,True,488,1964,SENATOR MARKWAYNE MULLIN,2025,136,54,block_start
119sdoc5,GPO-CDOC-119sdoc5-2.pdf,489,1965,data,True,488,1964,SENATOR MARKWAYNE MULLIN,2025,168,58,block_data
119sdoc5,GPO-CDOC-119sdoc5-2.pdf,490,1966,data,True,488,1964,SENATOR MARKWAYNE MULLIN,2025,184,59,block_data
119sdoc5,GPO-CDOC-119sdoc5-2.pdf,491,1967,data,True,488,1964,SENATOR MARKWAYNE MULLIN,2025,186,57,block_data
119sdoc5,GPO-CDOC-119sdoc5-2.pdf,492,1968,data,True,488,1964,SENATOR MARKWAYNE MULLIN,2025,174,59,block_data
119sdoc5,GPO-CDOC-119sdoc5-2.pdf,493,1969,data,True,488,1964,SENATOR MARKWAYNE MULLIN,2025,176,58,block_data
119sdoc5,GPO-CDOC-119sdoc5-2.pdf,494,1970,data,True,488,1964,SENATOR MARKWAYNE MULLIN,2025,205,58,block_data
119sdoc5,GPO-CDOC-119sdoc5-2.pdf,495,1971,data,True,488,1964,SENATOR MARKWAYNE MULLIN,2025,176,59,block_data
119sdoc5,GPO-CDOC-119sdoc5-2.pdf,496,1972,data,True,488,1964,SENATOR MARKWAYNE MULLIN,2025,179,59,block_data
119sdoc5,GPO-CDOC-119sdoc5-2.pdf,497,1973,data,True,488,1964,SENATOR MARKWAYNE MULLIN,2025,182,60,block_data
119sdoc5,GPO-CDOC-119sdoc5-2.pdf,498,1974,data,True,488,1964,SENATOR MARKWAYNE MULLIN,2025,194,58,block_data
119sdoc5,GPO-CDOC-119sdoc5-2.pdf,499,1975,data,True,488,1964,SENATOR MARKWAYNE MULLIN,2025,178,41,block_data
119sdoc5,GPO-CDOC-119sdoc5-2.pdf,500,1976,banner,True,500,1976,INTERN COMPENSATION - MULLIN,2025,98,41,block_start
119sdoc5,GPO-CDOC-119sdoc5-2.pdf,501,1977,banner,True,501,1977,SENATOR LISA MURKOWSKI,2023,73,34,block_start
119sdoc5,GPO-CDOC-119sdoc5-2.pdf,502,1978,banner,True,502,1978,INTERN COMPENSATION - MURKOWSKI,2023,55,28,block_start
119sdoc5,GPO-CDOC-119sdoc5-2.pdf,503,1979,banner,True,503,1979,SENATOR LISA MURKOWSKI,2024,111,45,block_start
119sdoc5,GPO-CDOC-119sdoc5-2.pdf,504,1980,banner,True,504,1980,INTERN COMPENSATION - MURKOWSKI,2024,55,28,block_start
119sdoc5,GPO-CDOC-119sdoc5-2.pdf,505,1981,banner,True,505,1981,SENATOR LISA MURKOWSKI,2025,136,54,block_start
119sdoc5,GPO-CDOC-119sdoc5-2.pdf,506,1982,data,True,505,1981,SENATOR LISA MURKOWSKI,2025,161,59,block_data
119sdoc5,GPO-CDOC-119sdoc5-2.pdf,507,1983,data,True,505,1981,SENATOR LISA MURKOWSKI,2025,212,59,block_data
119sdoc5,GPO-CDOC-119sdoc5-2.pdf,508,1984,data,True,505,1981,SENATOR LISA MURKOWSKI,2025,179,58,block_data
119sdoc5,GPO-CDOC-119sdoc5-2.pdf,509,1985,data,True,505,1981,SENATOR LISA MURKOWSKI,2025,181,58,block_data
119sdoc5,GPO-CDOC-119sdoc5-2.pdf,510,1986,data,True,505,1981,SENATOR LISA MURKOWSKI,2025,210,58,block_data
119sdoc5,GPO-CDOC-119sdoc5-2.pdf,511,1987,data,True,505,1981,SENATOR LISA MURKOWSKI,2025,194,57,block_data
119sdoc5,GPO-CDOC-119sdoc5-2.pdf,512,1988,data,True,505,1981,SENATOR LISA MURKOWSKI,2025,185,59,block_data
119sdoc5,GPO-CDOC-119sdoc5-2.pdf,513,1989,data,True,505,1981,SENATOR LISA MURKOWSKI,2025,181,58,block_data
119sdoc5,GPO-CDOC-119sdoc5-2.pdf,514,1990,data,True,505,1981,SENATOR LISA MURKOWSKI,2025,212,58,block_data
119sdoc5,GPO-CDOC-119sdoc5-2.pdf,515,1991,data,True,505,1981,SENATOR LISA MURKOWSKI,2025,182,58,block_data
119sdoc5,GPO-CDOC-119sdoc5-2.pdf,516,1992,data,True,505,1981,SENATOR LISA MURKOWSKI,2025,172,59,block_data
119sdoc5,GPO-CDOC-119sdoc5-2.pdf,517,1993,data,True,505,1981,SENATOR LISA MURKOWSKI,2025,206,58,block_data
119sdoc5,GPO-CDOC-119sdoc5-2.pdf,518,1994,data,True,505,1981,SENATOR LISA MURKOWSKI,2025,185,60,block_data
119sdoc5,GPO-CDOC-119sdoc5-2.pdf,519,1995,data,True,505,1981,SENATOR LISA MURKOWSKI,2025,180,59,block_data
119sdoc5,GPO-CDOC-119sdoc5-2.pdf,520,1996,data,True,505,1981,SENATOR LISA MURKOWSKI,2025,194,59,block_data
119sdoc5,GPO-CDOC-119sdoc5-2.pdf,521,1997,data,True,505,1981,SENATOR LISA MURKOWSKI,2025,164,37,block_data
119sdoc5,GPO-CDOC-119sdoc5-2.pdf,522,1998,banner,True,522,1998,INTERN COMPENSATION - MURKOWSKI,2025,125,50,block_start
119sdoc5,GPO-CDOC-119sdoc5-2.pdf,523,1999,banner,True,523,1999,SENATOR CHRIS MURPHY,2023,73,34,block_start
119sdoc5,GPO-CDOC-119sdoc5-2.pdf,524,2000,banner,True,524,2000,INTERN COMPENSATION - MURPHY,2023,55,28,block_start
119sdoc5,GPO-CDOC-119sdoc5-2.pdf,525,2001,banner,True,525,2001,SENATOR CHRIS MURPHY,2024,83,38,block_start
119sdoc5,GPO-CDOC-119sdoc5-2.pdf,526,2002,banner,True,526,2002,INTERN COMPENSATION - MURPHY,2024,55,28,block_start
119sdoc5,GPO-CDOC-119sdoc5-2.pdf,527,2003,banner,True,527,2003,SENATOR CHRIS MURPHY,2025,134,55,block_start
119sdoc5,GPO-CDOC-119sdoc5-2.pdf,528,2004,data,True,527,2003,SENATOR CHRIS MURPHY,2025,171,56,block_data
119sdoc5,GPO-CDOC-119sdoc5-2.pdf,529,2005,data,True,527,2003,SENATOR CHRIS MURPHY,2025,212,58,block_data
119sdoc5,GPO-CDOC-119sdoc5-2.pdf,530,2006,data,True,527,2003,SENATOR CHRIS MURPHY,2025,187,59,block_data
119sdoc5,GPO-CDOC-119sdoc5-2.pdf,531,2007,data,True,527,2003,SENATOR CHRIS MURPHY,2025,190,59,block_data
119sdoc5,GPO-CDOC-119sdoc5-2.pdf,532,2008,data,True,527,2003,SENATOR CHRIS MURPHY,2025,177,60,block_data
119sdoc5,GPO-CDOC-119sdoc5-2.pdf,533,2009,data,True,527,2003,SENATOR CHRIS MURPHY,2025,201,58,block_data
119sdoc5,GPO-CDOC-119sdoc5-2.pdf,534,2010,data,True,527,2003,SENATOR CHRIS MURPHY,2025,203,58,block_data
119sdoc5,GPO-CDOC-119sdoc5-2.pdf,535,2011,data,True,527,2003,SENATOR CHRIS MURPHY,2025,194,59,block_data
119sdoc5,GPO-CDOC-119sdoc5-2.pdf,536,2012,data,True,527,2003,SENATOR CHRIS MURPHY,2025,196,58,block_data
119sdoc5,GPO-CDOC-119sdoc5-2.pdf,537,2013,data,True,527,2003,SENATOR CHRIS MURPHY,2025,207,58,block_data
119sdoc5,GPO-CDOC-119sdoc5-2.pdf,538,2014,data,True,527,2003,SENATOR CHRIS MURPHY,2025,208,58,block_data
119sdoc5,GPO-CDOC-119sdoc5-2.pdf,539,2015,data,True,527,2003,SENATOR CHRIS MURPHY,2025,193,58,block_data
119sdoc5,GPO-CDOC-119sdoc5-2.pdf,540,2016,data,True,527,2003,SENATOR CHRIS MURPHY,2025,195,58,block_data
119sdoc5,GPO-CDOC-119sdoc5-2.pdf,541,2017,data,True,527,2003,SENATOR CHRIS MURPHY,2025,196,58,block_data
119sdoc5,GPO-CDOC-119sdoc5-2.pdf,542,2018,data,True,527,2003,SENATOR CHRIS MURPHY,2025,213,58,block_data
119sdoc5,GPO-CDOC-119sdoc5-2.pdf,543,2019,data,True,527,2003,SENATOR CHRIS MURPHY,2025,208,58,block_data
119sdoc5,GPO-CDOC-119sdoc5-2.pdf,544,2020,data,True,527,2003,SENATOR CHRIS MURPHY,2025,189,58,block_data
119sdoc5,GPO-CDOC-119sdoc5-2.pdf,545,2021,data,True,527,2003,SENATOR CHRIS MURPHY,2025,213,58,block_data
119sdoc5,GPO-CDOC-119sdoc5-2.pdf,546,2022,data,True,527,2003,SENATOR CHRIS MURPHY,2025,202,58,block_data
119sdoc5,GPO-CDOC-119sdoc5-2.pdf,547,2023,data,True,527,2003,SENATOR CHRIS MURPHY,2025,198,58,block_data
119sdoc5,GPO-CDOC-119sdoc5-2.pdf,548,2024,data,True,527,2003,SENATOR CHRIS MURPHY,2025,212,58,block_data
119sdoc5,GPO-CDOC-119sdoc5-2.pdf,549,2025,data,True,527,2003,SENATOR CHRIS MURPHY,2025,208,58,block_data
119sdoc5,GPO-CDOC-119sdoc5-2.pdf,550,2026,data,True,527,2003,SENATOR CHRIS MURPHY,2025,207,58,block_data
119sdoc5,GPO-CDOC-119sdoc5-2.pdf,551,2027,data,True,527,2003,SENATOR CHRIS MURPHY,2025,207,57,block_data
119sdoc5,GPO-CDOC-119sdoc5-2.pdf,552,2028,banner,True,552,2028,INTERN COMPENSATION - MURPHY,2025,142,55,block_start
119sdoc5,GPO-CDOC-119sdoc5-2.pdf,553,2029,data,True,552,2028,INTERN COMPENSATION - MURPHY,2025,29,15,block_data
119sdoc5,GPO-CDOC-119sdoc5-2.pdf,554,2030,banner,True,554,2030,SENATOR PATTY MURRAY,2023,73,34,block_start
119sdoc5,GPO-CDOC-119sdoc5-2.pdf,555,2031,banner,True,555,2031,INTERN COMPENSATION - MURRAY,2023,55,28,block_start
119sdoc5,GPO-CDOC-119sdoc5-2.pdf,556,2032,banner,True,556,2032,SENATOR PATTY MURRAY,2024,73,34,block_start
119sdoc5,GPO-CDOC-119sdoc5-2.pdf,557,2033,banner,True,557,2033,INTERN COMPENSATION - MURRAY,2024,55,28,block_start
119sdoc5,GPO-CDOC-119sdoc5-2.pdf,558,2034,banner,True,558,2034,SENATOR PATTY MURRAY,2025,136,55,block_start
119sdoc5,GPO-CDOC-119sdoc5-2.pdf,559,2035,data,True,558,2034,SENATOR PATTY MURRAY,2025,157,56,block_data
119sdoc5,GPO-CDOC-119sdoc5-2.pdf,560,2036,data,True,558,2034,SENATOR PATTY MURRAY,2025,183,58,block_data
119sdoc5,GPO-CDOC-119sdoc5-2.pdf,561,2037,data,True,558,2034,SENATOR PATTY MURRAY,2025,200,59,block_data
119sdoc5,GPO-CDOC-119sdoc5-2.pdf,562,2038,data,True,558,2034,SENATOR PATTY MURRAY,2025,185,57,block_data
119sdoc5,GPO-CDOC-119sdoc5-2.pdf,563,2039,data,True,558,2034,SENATOR PATTY MURRAY,2025,194,58,block_data
119sdoc5,GPO-CDOC-119sdoc5-2.pdf,564,2040,data,True,558,2034,SENATOR PATTY MURRAY,2025,195,58,block_data
119sdoc5,GPO-CDOC-119sdoc5-2.pdf,565,2041,data,True,558,2034,SENATOR PATTY MURRAY,2025,183,59,block_data
119sdoc5,GPO-CDOC-119sdoc5-2.pdf,566,2042,data,True,558,2034,SENATOR PATTY MURRAY,2025,191,58,block_data
119sdoc5,GPO-CDOC-119sdoc5-2.pdf,567,2043,data,True,558,2034,SENATOR PATTY MURRAY,2025,182,58,block_data
119sdoc5,GPO-CDOC-119sdoc5-2.pdf,568,2044,data,True,558,2034,SENATOR PATTY MURRAY,2025,213,58,block_data
119sdoc5,GPO-CDOC-119sdoc5-2.pdf,569,2045,data,True,558,2034,SENATOR PATTY MURRAY,2025,190,58,block_data
119sdoc5,GPO-CDOC-119sdoc5-2.pdf,570,2046,data,True,558,2034,SENATOR PATTY MURRAY,2025,186,59,block_data
119sdoc5,GPO-CDOC-119sdoc5-2.pdf,571,2047,data,True,558,2034,SENATOR PATTY MURRAY,2025,176,58,block_data
119sdoc5,GPO-CDOC-119sdoc5-2.pdf,572,2048,data,True,558,2034,SENATOR PATTY MURRAY,2025,189,59,block_data
119sdoc5,GPO-CDOC-119sdoc5-2.pdf,573,2049,data,True,558,2034,SENATOR PATTY MURRAY,2025,190,58,block_data
119sdoc5,GPO-CDOC-119sdoc5-2.pdf,574,2050,data,True,558,2034,SENATOR PATTY MURRAY,2025,237,57,block_data
119sdoc5,GPO-CDOC-119sdoc5-2.pdf,575,2051,data,True,558,2034,SENATOR PATTY MURRAY,2025,18,11,block_data
119sdoc5,GPO-CDOC-119sdoc5-2.pdf,576,2052,banner,True,576,2052,INTERN COMPENSATION - MURRAY,2025,71,32,block_start
119sdoc5,GPO-CDOC-119sdoc5-2.pdf,577,2053,banner,True,577,2053,SENATOR JON OSSOFF,2023,90,39,block_start
119sdoc5,GPO-CDOC-119sdoc5-2.pdf,578,2054,banner,True,578,2054,INTERN COMPENSATION - OSSOFF,2023,55,28,block_start
119sdoc5,GPO-CDOC-119sdoc5-2.pdf,579,2055,banner,True,579,2055,SENATOR JON OSSOFF,2024,73,34,block_start
119sdoc5,GPO-CDOC-119sdoc5-2.pdf,580,2056,banner,True,580,2056,INTERN COMPENSATION - OSSOFF,2024,55,28,block_start
119sdoc5,GPO-CDOC-119sdoc5-2.pdf,581,2057,banner,True,581,2057,SENATOR JON OSSOFF,2025,134,56,block_start
119sdoc5,GPO-CDOC-119sdoc5-2.pdf,582,2058,data,True,581,2057,SENATOR JON OSSOFF,2025,162,56,block_data
119sdoc5,GPO-CDOC-119sdoc5-2.pdf,583,2059,data,True,581,2057,SENATOR JON OSSOFF,2025,184,58,block_data
119sdoc5,GPO-CDOC-119sdoc5-2.pdf,584,2060,data,True,581,2057,SENATOR JON OSSOFF,2025,208,58,block_data
119sdoc5,GPO-CDOC-119sdoc5-2.pdf,585,2061,data,True,581,2057,SENATOR JON OSSOFF,2025,200,58,block_data
119sdoc5,GPO-CDOC-119sdoc5-2.pdf,586,2062,data,True,581,2057,SENATOR JON OSSOFF,2025,205,58,block_data
119sdoc5,GPO-CDOC-119sdoc5-2.pdf,587,2063,data,True,581,2057,SENATOR JON OSSOFF,2025,194,58,block_data
119sdoc5,GPO-CDOC-119sdoc5-2.pdf,588,2064,data,True,581,2057,SENATOR JON OSSOFF,2025,194,58,block_data
119sdoc5,GPO-CDOC-119sdoc5-2.pdf,589,2065,data,True,581,2057,SENATOR JON OSSOFF,2025,211,58,block_data
119sdoc5,GPO-CDOC-119sdoc5-2.pdf,590,2066,data,True,581,2057,SENATOR JON OSSOFF,2025,193,58,block_data
119sdoc5,GPO-CDOC-119sdoc5-2.pdf,591,2067,data,True,581,2057,SENATOR JON OSSOFF,2025,201,58,block_data
119sdoc5,GPO-CDOC-119sdoc5-2.pdf,592,2068,data,True,581,2057,SENATOR JON OSSOFF,2025,183,58,block_data
119sdoc5,GPO-CDOC-119sdoc5-2.pdf,593,2069,data,True,581,2057,SENATOR JON OSSOFF,2025,195,58,block_data
119sdoc5,GPO-CDOC-119sdoc5-2.pdf,594,2070,data,True,581,2057,SENATOR JON OSSOFF,2025,196,58,block_data
119sdoc5,GPO-CDOC-119sdoc5-2.pdf,595,2071,data,True,581,2057,SENATOR JON OSSOFF,2025,205,58,block_data
119sdoc5,GPO-CDOC-119sdoc5-2.pdf,596,2072,data,True,581,2057,SENATOR JON OSSOFF,2025,194,58,block_data
119sdoc5,GPO-CDOC-119sdoc5-2.pdf,597,2073,data,True,581,2057,SENATOR JON OSSOFF,2025,201,58,block_data
119sdoc5,GPO-CDOC-119sdoc5-2.pdf,598,2074,data,True,581,2057,SENATOR JON OSSOFF,2025,212,58,block_data
119sdoc5,GPO-CDOC-119sdoc5-2.pdf,599,2075,data,True,581,2057,SENATOR JON OSSOFF,2025,206,58,block_data
119sdoc5,GPO-CDOC-119sdoc5-2.pdf,600,2076,data,True,581,2057,SENATOR JON OSSOFF,2025,206,58,block_data
119sdoc5,GPO-CDOC-119sdoc5-2.pdf,601,2077,data,True,581,2057,SENATOR JON OSSOFF,2025,183,58,block_data
119sdoc5,GPO-CDOC-119sdoc5-2.pdf,602,2078,data,True,581,2057,SENATOR JON OSSOFF,2025,178,58,block_data
119sdoc5,GPO-CDOC-119sdoc5-2.pdf,603,2079,data,True,581,2057,SENATOR JON OSSOFF,2025,185,52,block_data
119sdoc5,GPO-CDOC-119sdoc5-2.pdf,604,2080,banner,True,604,2080,INTERN COMPENSATION - OSSOFF,2025,116,47,block_start
119sdoc5,GPO-CDOC-119sdoc5-2.pdf,605,2081,banner,True,605,2081,SENATOR ALEX PADILLA,2023,70,30,block_start
119sdoc5,GPO-CDOC-119sdoc5-2.pdf,606,2082,banner,True,606,2082,INTERN COMPENSATION - PADILLA,2023,55,28,block_start
119sdoc5,GPO-CDOC-119sdoc5-2.pdf,607,2083,banner,True,607,2083,SENATOR ALEX PADILLA,2024,82,34,block_start
119sdoc5,GPO-CDOC-119sdoc5-2.pdf,608,2084,banner,True,608,2084,INTERN COMPENSATION - PADILLA,2024,55,28,block_start
119sdoc5,GPO-CDOC-119sdoc5-2.pdf,609,2085,banner,True,609,2085,SENATOR ALEX PADILLA,2025,136,55,block_start
119sdoc5,GPO-CDOC-119sdoc5-2.pdf,610,2086,data,True,609,2085,SENATOR ALEX PADILLA,2025,166,58,block_data
119sdoc5,GPO-CDOC-119sdoc5-2.pdf,611,2087,data,True,609,2085,SENATOR ALEX PADILLA,2025,157,56,block_data
119sdoc5,GPO-CDOC-119sdoc5-2.pdf,612,2088,data,True,609,2085,SENATOR ALEX PADILLA,2025,213,58,block_data
119sdoc5,GPO-CDOC-119sdoc5-2.pdf,613,2089,data,True,609,2085,SENATOR ALEX PADILLA,2025,207,58,block_data
119sdoc5,GPO-CDOC-119sdoc5-2.pdf,614,2090,data,True,609,2085,SENATOR ALEX PADILLA,2025,216,58,block_data
119sdoc5,GPO-CDOC-119sdoc5-2.pdf,615,2091,data,True,609,2085,SENATOR ALEX PADILLA,2025,186,58,block_data
119sdoc5,GPO-CDOC-119sdoc5-2.pdf,616,2092,data,True,609,2085,SENATOR ALEX PADILLA,2025,207,58,block_data
119sdoc5,GPO-CDOC-119sdoc5-2.pdf,617,2093,data,True,609,2085,SENATOR ALEX PADILLA,2025,177,60,block_data
119sdoc5,GPO-CDOC-119sdoc5-2.pdf,618,2094,data,True,609,2085,SENATOR ALEX PADILLA,2025,182,59,block_data
119sdoc5,GPO-CDOC-119sdoc5-2.pdf,619,2095,data,True,609,2085,SENATOR ALEX PADILLA,2025,185,58,block_data
119sdoc5,GPO-CDOC-119sdoc5-2.pdf,620,2096,data,True,609,2085,SENATOR ALEX PADILLA,2025,191,58,block_data
119sdoc5,GPO-CDOC-119sdoc5-2.pdf,621,2097,data,True,609,2085,SENATOR ALEX PADILLA,2025,178,58,block_data
119sdoc5,GPO-CDOC-119sdoc5-2.pdf,622,2098,data,True,609,2085,SENATOR ALEX PADILLA,2025,193,58,block_data
119sdoc5,GPO-CDOC-119sdoc5-2.pdf,623,2099,data,True,609,2085,SENATOR ALEX PADILLA,2025,202,58,block_data
119sdoc5,GPO-CDOC-119sdoc5-2.pdf,624,2100,data,True,609,2085,SENATOR ALEX PADILLA,2025,186,59,block_data
119sdoc5,GPO-CDOC-119sdoc5-2.pdf,625,2101,data,True,609,2085,SENATOR ALEX PADILLA,2025,204,58,block_data
119sdoc5,GPO-CDOC-119sdoc5-2.pdf,626,2102,data,True,609,2085,SENATOR ALEX PADILLA,2025,206,58,block_data
119sdoc5,GPO-CDOC-119sdoc5-2.pdf,627,2103,data,True,609,2085,SENATOR ALEX PADILLA,2025,188,49,block_data
119sdoc5,GPO-CDOC-119sdoc5-2.pdf,628,2104,banner,True,628,2104,INTERN COMPENSATION - PADILLA,2025,116,47,block_start
119sdoc5,GPO-CDOC-119sdoc5-2.pdf,629,2105,banner,True,629,2105,SENATOR RAND PAUL,2023,76,34,block_start
119sdoc5,GPO-CDOC-119sdoc5-2.pdf,630,2106,banner,True,630,2106,INTERN COMPENSATION - PAUL,2023,55,28,block_start
119sdoc5,GPO-CDOC-119sdoc5-2.pdf,631,2107,banner,True,631,2107,SENATOR RAND PAUL,2024,76,34,block_start
119sdoc5,GPO-CDOC-119sdoc5-2.pdf,632,2108,banner,True,632,2108,INTERN COMPENSATION - PAUL,2024,55,28,block_start
119sdoc5,GPO-CDOC-119sdoc5-2.pdf,633,2109,banner,True,633,2109,SENATOR RAND PAUL,2025,136,55,block_start
119sdoc5,GPO-CDOC-119sdoc5-2.pdf,634,2110,data,True,633,2109,SENATOR RAND PAUL,2025,172,56,block_data
119sdoc5,GPO-CDOC-119sdoc5-2.pdf,635,2111,data,True,633,2109,SENATOR RAND PAUL,2025,198,59,block_data
119sdoc5,GPO-CDOC-119sdoc5-2.pdf,636,2112,data,True,633,2109,SENATOR RAND PAUL,2025,185,58,block_data
119sdoc5,GPO-CDOC-119sdoc5-2.pdf,637,2113,data,True,633,2109,SENATOR RAND PAUL,2025,198,58,block_data
119sdoc5,GPO-CDOC-119sdoc5-2.pdf,638,2114,data,True,633,2109,SENATOR RAND PAUL,2025,200,58,block_data
119sdoc5,GPO-CDOC-119sdoc5-2.pdf,639,2115,data,True,633,2109,SENATOR RAND PAUL,2025,189,58,block_data
119sdoc5,GPO-CDOC-119sdoc5-2.pdf,640,2116,data,True,633,2109,SENATOR RAND PAUL,2025,193,58,block_data
119sdoc5,GPO-CDOC-119sdoc5-2.pdf,641,2117,data,True,633,2109,SENATOR RAND PAUL,2025,205,58,block_data
119sdoc5,GPO-CDOC-119sdoc5-2.pdf,642,2118,data,True,633,2109,SENATOR RAND PAUL,2025,212,58,block_data
119sdoc5,GPO-CDOC-119sdoc5-2.pdf,643,2119,data,True,633,2109,SENATOR RAND PAUL,2025,189,60,block_data
119sdoc5,GPO-CDOC-119sdoc5-2.pdf,644,2120,data,True,633,2109,SENATOR RAND PAUL,2025,199,59,block_data
119sdoc5,GPO-CDOC-119sdoc5-2.pdf,645,2121,data,True,633,2109,SENATOR RAND PAUL,2025,190,58,block_data
119sdoc5,GPO-CDOC-119sdoc5-2.pdf,646,2122,data,True,633,2109,SENATOR RAND PAUL,2025,207,58,block_data
119sdoc5,GPO-CDOC-119sdoc5-2.pdf,647,2123,data,True,633,2109,SENATOR RAND PAUL,2025,209,58,block_data
119sdoc5,GPO-CDOC-119sdoc5-2.pdf,648,2124,data,True,633,2109,SENATOR RAND PAUL,2025,206,58,block_data
119sdoc5,GPO-CDOC-119sdoc5-2.pdf,649,2125,data,True,633,2109,SENATOR RAND PAUL,2025,187,58,block_data
119sdoc5,GPO-CDOC-119sdoc5-2.pdf,650,2126,data,True,633,2109,SENATOR RAND PAUL,2025,186,59,block_data
119sdoc5,GPO-CDOC-119sdoc5-2.pdf,651,2127,data,True,633,2109,SENATOR RAND PAUL,2025,190,59,block_data
119sdoc5,GPO-CDOC-119sdoc5-2.pdf,652,2128,data,True,633,2109,SENATOR RAND PAUL,2025,203,58,block_data
119sdoc5,GPO-CDOC-119sdoc5-2.pdf,653,2129,data,True,633,2109,SENATOR RAND PAUL,2025,192,58,block_data
119sdoc5,GPO-CDOC-119sdoc5-2.pdf,654,2130,data,True,633,2109,SENATOR RAND PAUL,2025,195,58,block_data
119sdoc5,GPO-CDOC-119sdoc5-2.pdf,655,2131,data,True,633,2109,SENATOR RAND PAUL,2025,194,58,block_data
119sdoc5,GPO-CDOC-119sdoc5-2.pdf,656,2132,data,True,633,2109,SENATOR RAND PAUL,2025,188,58,block_data
119sdoc5,GPO-CDOC-119sdoc5-2.pdf,657,2133,data,True,633,2109,SENATOR RAND PAUL,2025,207,58,block_data
119sdoc5,GPO-CDOC-119sdoc5-2.pdf,658,2134,data,True,633,2109,SENATOR RAND PAUL,2025,237,56,block_data
119sdoc5,GPO-CDOC-119sdoc5-2.pdf,659,2135,data,True,633,2109,SENATOR RAND PAUL,2025,81,20,block_data
119sdoc5,GPO-CDOC-119sdoc5-2.pdf,660,2136,banner,True,660,2136,INTERN COMPENSATION - PAUL,2025,89,38,block_start
119sdoc5,GPO-CDOC-119sdoc5-2.pdf,661,2137,banner,True,661,2137,SENATOR GARY PETERS,2023,73,34,block_start
119sdoc5,GPO-CDOC-119sdoc5-2.pdf,662,2138,banner,True,662,2138,INTERN COMPENSATION - PETERS,2023,55,28,block_start
119sdoc5,GPO-CDOC-119sdoc5-2.pdf,663,2139,banner,True,663,2139,SENATOR GARY PETERS,2024,85,38,block_start
119sdoc5,GPO-CDOC-119sdoc5-2.pdf,664,2140,banner,True,664,2140,INTERN COMPENSATION - PETERS,2024,55,28,block_start
119sdoc5,GPO-CDOC-119sdoc5-2.pdf,665,2141,banner,True,665,2141,SENATOR GARY PETERS,2025,134,56,block_start
119sdoc5,GPO-CDOC-119sdoc5-2.pdf,666,2142,data,True,665,2141,SENATOR GARY PETERS,2025,165,56,block_data
119sdoc5,GPO-CDOC-119sdoc5-2.pdf,667,2143,data,True,665,2141,SENATOR GARY PETERS,2025,183,59,block_data
119sdoc5,GPO-CDOC-119sdoc5-2.pdf,668,2144,data,True,665,2141,SENATOR GARY PETERS,2025,212,58,block_data
119sdoc5,GPO-CDOC-119sdoc5-2.pdf,669,2145,data,True,665,2141,SENATOR GARY PETERS,2025,203,58,block_data
119sdoc5,GPO-CDOC-119sdoc5-2.pdf,670,2146,data,True,665,2141,SENATOR GARY PETERS,2025,189,58,block_data
119sdoc5,GPO-CDOC-119sdoc5-2.pdf,671,2147,data,True,665,2141,SENATOR GARY PETERS,2025,186,58,block_data
119sdoc5,GPO-CDOC-119sdoc5-2.pdf,672,2148,data,True,665,2141,SENATOR GARY PETERS,2025,194,59,block_data
119sdoc5,GPO-CDOC-119sdoc5-2.pdf,673,2149,data,True,665,2141,SENATOR GARY PETERS,2025,205,58,block_data
119sdoc5,GPO-CDOC-119sdoc5-2.pdf,674,2150,data,True,665,2141,SENATOR GARY PETERS,2025,200,58,block_data
119sdoc5,GPO-CDOC-119sdoc5-2.pdf,675,2151,data,True,665,2141,SENATOR GARY PETERS,2025,211,58,block_data
119sdoc5,GPO-CDOC-119sdoc5-2.pdf,676,2152,data,True,665,2141,SENATOR GARY PETERS,2025,205,58,block_data
119sdoc5,GPO-CDOC-119sdoc5-2.pdf,677,2153,data,True,665,2141,SENATOR GARY PETERS,2025,184,58,block_data
119sdoc5,GPO-CDOC-119sdoc5-2.pdf,678,2154,data,True,665,2141,SENATOR GARY PETERS,2025,212,58,block_data
119sdoc5,GPO-CDOC-119sdoc5-2.pdf,679,2155,data,True,665,2141,SENATOR GARY PETERS,2025,207,58,block_data
119sdoc5,GPO-CDOC-119sdoc5-2.pdf,680,2156,data,True,665,2141,SENATOR GARY PETERS,2025,191,58,block_data
119sdoc5,GPO-CDOC-119sdoc5-2.pdf,681,2157,data,True,665,2141,SENATOR GARY PETERS,2025,186,58,block_data
119sdoc5,GPO-CDOC-119sdoc5-2.pdf,682,2158,data,True,665,2141,SENATOR GARY PETERS,2025,182,58,block_data
119sdoc5,GPO-CDOC-119sdoc5-2.pdf,683,2159,data,True,665,2141,SENATOR GARY PETERS,2025,187,58,block_data
119sdoc5,GPO-CDOC-119sdoc5-2.pdf,684,2160,data,True,665,2141,SENATOR GARY PETERS,2025,46,15,block_data
119sdoc5,GPO-CDOC-119sdoc5-2.pdf,685,2161,banner,True,685,2161,INTERN COMPENSATION - PETERS,2025,110,45,block_start
119sdoc5,GPO-CDOC-119sdoc5-2.pdf,686,2162,banner,True,686,2162,SENATOR ROB PORTMAN,2023,73,34,block_start
119sdoc5,GPO-CDOC-119sdoc5-2.pdf,687,2163,banner,True,687,2163,INTERN COMPENSATION - PORTMAN,2023,52,27,block_start
119sdoc5,GPO-CDOC-119sdoc5-2.pdf,688,2164,banner,True,688,2164,SENATOR JOHN F. REED,2023,73,34,block_start
119sdoc5,GPO-CDOC-119sdoc5-2.pdf,689,2165,banner,True,689,2165,INTERN COMPENSATION - REED,2023,55,28,block_start
119sdoc5,GPO-CDOC-119sdoc5-2.pdf,690,2166,banner,True,690,2166,SENATOR JOHN F. REED,2024,73,34,block_start
119sdoc5,GPO-CDOC-119sdoc5-2.pdf,691,2167,banner,True,691,2167,INTERN COMPENSATION - REED,2024,55,28,block_start
119sdoc5,GPO-CDOC-119sdoc5-2.pdf,692,2168,banner,True,692,2168,SENATOR JOHN F. REED,2025,136,55,block_start
119sdoc5,GPO-CDOC-119sdoc5-2.pdf,693,2169,data,True,692,2168,SENATOR JOHN F. REED,2025,171,56,block_data
119sdoc5,GPO-CDOC-119sdoc5-2.pdf,694,2170,data,True,692,2168,SENATOR JOHN F. REED,2025,212,58,block_data
119sdoc5,GPO-CDOC-119sdoc5-2.pdf,695,2171,data,True,692,2168,SENATOR JOHN F. REED,2025,199,57,block_data
119sdoc5,GPO-CDOC-119sdoc5-2.pdf,696,2172,data,True,692,2168,SENATOR JOHN F. REED,2025,195,57,block_data
119sdoc5,GPO-CDOC-119sdoc5-2.pdf,697,2173,data,True,692,2168,SENATOR JOHN F. REED,2025,189,52,block_data
119sdoc5,GPO-CDOC-119sdoc5-2.pdf,698,2174,banner,True,698,2174,INTERN COMPENSATION - REED,2025,139,54,block_start
119sdoc5,GPO-CDOC-119sdoc5-2.pdf,699,2175,data,True,698,2174,INTERN COMPENSATION - REED,2025,20,12,block_data
119sdoc5,GPO-CDOC-119sdoc5-2.pdf,700,2176,banner,True,700,2176,SENATOR JOHN PETER RICKETTS,2023,73,34,block_start
119sdoc5,GPO-CDOC-119sdoc5-2.pdf,701,2177,banner,True,701,2177,INTERN COMPENSATION - RICKETTS,2023,55,28,block_start
119sdoc5,GPO-CDOC-119sdoc5-2.pdf,702,2178,banner,True,702,2178,SENATOR JOHN PETER RICKETTS,2024,82,36,block_start
119sdoc5,GPO-CDOC-119sdoc5-2.pdf,703,2179,banner,True,703,2179,INTERN COMPENSATION - RICKETTS,2024,55,28,block_start
119sdoc5,GPO-CDOC-119sdoc5-2.pdf,704,2180,banner,True,704,2180,SENATOR JOHN PETER RICKETTS,2025,136,55,block_start
119sdoc5,GPO-CDOC-119sdoc5-2.pdf,705,2181,data,True,704,2180,SENATOR JOHN PETER RICKETTS,2025,169,57,block_data
119sdoc5,GPO-CDOC-119sdoc5-2.pdf,706,2182,data,True,704,2180,SENATOR JOHN PETER RICKETTS,2025,189,58,block_data
119sdoc5,GPO-CDOC-119sdoc5-2.pdf,707,2183,data,True,704,2180,SENATOR JOHN PETER RICKETTS,2025,189,59,block_data
119sdoc5,GPO-CDOC-119sdoc5-2.pdf,708,2184,data,True,704,2180,SENATOR JOHN PETER RICKETTS,2025,166,58,block_data
119sdoc5,GPO-CDOC-119sdoc5-2.pdf,709,2185,data,True,704,2180,SENATOR JOHN PETER RICKETTS,2025,185,58,block_data
119sdoc5,GPO-CDOC-119sdoc5-2.pdf,710,2186,data,True,704,2180,SENATOR JOHN PETER RICKETTS,2025,194,58,block_data
119sdoc5,GPO-CDOC-119sdoc5-2.pdf,711,2187,data,True,704,2180,SENATOR JOHN PETER RICKETTS,2025,195,59,block_data
119sdoc5,GPO-CDOC-119sdoc5-2.pdf,712,2188,data,True,704,2180,SENATOR JOHN PETER RICKETTS,2025,180,58,block_data
119sdoc5,GPO-CDOC-119sdoc5-2.pdf,713,2189,data,True,704,2180,SENATOR JOHN PETER RICKETTS,2025,201,56,block_data
119sdoc5,GPO-CDOC-119sdoc5-2.pdf,714,2190,data,True,704,2180,SENATOR JOHN PETER RICKETTS,2025,184,60,block_data
119sdoc5,GPO-CDOC-119sdoc5-2.pdf,715,2191,data,True,704,2180,SENATOR JOHN PETER RICKETTS,2025,181,59,block_data
119sdoc5,GPO-CDOC-119sdoc5-2.pdf,716,2192,data,True,704,2180,SENATOR JOHN PETER RICKETTS,2025,179,58,block_data
119sdoc5,GPO-CDOC-119sdoc5-2.pdf,717,2193,data,True,704,2180,SENATOR JOHN PETER RICKETTS,2025,170,58,block_data
119sdoc5,GPO-CDOC-119sdoc5-2.pdf,718,2194,data,True,704,2180,SENATOR JOHN PETER RICKETTS,2025,163,58,block_data
119sdoc5,GPO-CDOC-119sdoc5-2.pdf,719,2195,data,True,704,2180,SENATOR JOHN PETER RICKETTS,2025,167,58,block_data
119sdoc5,GPO-CDOC-119sdoc5-2.pdf,720,2196,data,True,704,2180,SENATOR JOHN PETER RICKETTS,2025,217,58,block_data
119sdoc5,GPO-CDOC-119sdoc5-2.pdf,721,2197,data,True,704,2180,SENATOR JOHN PETER RICKETTS,2025,104,24,block_data
119sdoc5,GPO-CDOC-119sdoc5-2.pdf,722,2198,banner,True,722,2198,INTERN COMPENSATION - RICKETTS,2025,107,44,block_start
119sdoc5,GPO-CDOC-119sdoc5-2.pdf,723,2199,banner,True,723,2199,SENATOR JAMES E. RISCH,2023,73,34,block_start
119sdoc5,GPO-CDOC-119sdoc5-2.pdf,724,2200,banner,True,724,2200,INTERN COMPENSATION - RISCH,2023,55,28,block_start
119sdoc5,GPO-CDOC-119sdoc5-2.pdf,725,2201,banner,True,725,2201,SENATOR JAMES E. RISCH,2024,70,30,block_start
119sdoc5,GPO-CDOC-119sdoc5-2.pdf,726,2202,banner,True,726,2202,INTERN COMPENSATION - RISCH,2024,55,28,block_start
119sdoc5,GPO-CDOC-119sdoc5-2.pdf,727,2203,banner,True,727,2203,SENATOR JAMES E. RISCH,2025,136,55,block_start
119sdoc5,GPO-CDOC-119sdoc5-2.pdf,728,2204,data,True,727,2203,SENATOR JAMES E. RISCH,2025,161,56,block_data
119sdoc5,GPO-CDOC-119sdoc5-2.pdf,729,2205,data,True,727,2203,SENATOR JAMES E. RISCH,2025,189,58,block_data
119sdoc5,GPO-CDOC-119sdoc5-2.pdf,730,2206,data,True,727,2203,SENATOR JAMES E. RISCH,2025,173,60,block_data
119sdoc5,GPO-CDOC-119sdoc5-2.pdf,731,2207,data,True,727,2203,SENATOR JAMES E. RISCH,2025,191,58,block_data
119sdoc5,GPO-CDOC-119sdoc5-2.pdf,732,2208,data,True,727,2203,SENATOR JAMES E. RISCH,2025,185,57,block_data
119sdoc5,GPO-CDOC-119sdoc5-2.pdf,733,2209,data,True,727,2203,SENATOR JAMES E. RISCH,2025,168,59,block_data
119sdoc5,GPO-CDOC-119sdoc5-2.pdf,734,2210,data,True,727,2203,SENATOR JAMES E. RISCH,2025,167,58,block_data
119sdoc5,GPO-CDOC-119sdoc5-2.pdf,735,2211,data,True,727,2203,SENATOR JAMES E. RISCH,2025,187,59,block_data
119sdoc5,GPO-CDOC-119sdoc5-2.pdf,736,2212,data,True,727,2203,SENATOR JAMES E. RISCH,2025,165,58,block_data
119sdoc5,GPO-CDOC-119sdoc5-2.pdf,737,2213,data,True,727,2203,SENATOR JAMES E. RISCH,2025,171,58,block_data
119sdoc5,GPO-CDOC-119sdoc5-2.pdf,738,2214,data,True,727,2203,SENATOR JAMES E. RISCH,2025,170,59,block_data
119sdoc5,GPO-CDOC-119sdoc5-2.pdf,739,2215,data,True,727,2203,SENATOR JAMES E. RISCH,2025,172,57,block_data
119sdoc5,GPO-CDOC-119sdoc5-2.pdf,740,2216,data,True,727,2203,SENATOR JAMES E. RISCH,2025,183,57,block_data
119sdoc5,GPO-CDOC-119sdoc5-2.pdf,741,2217,data,True,727,2203,SENATOR JAMES E. RISCH,2025,18,11,block_data
119sdoc5,GPO-CDOC-119sdoc5-2.pdf,742,2218,banner,True,742,2218,INTERN COMPENSATION - RISCH,2025,101,42,block_start
119sdoc5,GPO-CDOC-119sdoc5-2.pdf,743,2219,banner,True,743,2219,SENATOR MITT ROMNEY,2023,73,34,block_start
119sdoc5,GPO-CDOC-119sdoc5-2.pdf,744,2220,banner,True,744,2220,INTERN COMPENSATION - ROMNEY,2023,55,28,block_start
119sdoc5,GPO-CDOC-119sdoc5-2.pdf,745,2221,banner,True,745,2221,SENATOR MITT ROMNEY,2024,73,34,block_start
119sdoc5,GPO-CDOC-119sdoc5-2.pdf,746,2222,banner,True,746,2222,INTERN COMPENSATION - ROMNEY,2024,55,28,block_start
119sdoc5,GPO-CDOC-119sdoc5-2.pdf,747,2223,banner,True,747,2223,SENATOR MITT ROMNEY,2025,73,34,block_start
119sdoc5,GPO-CDOC-119sdoc5-2.pdf,748,2224,banner,True,748,2224,INTERN COMPENSATION - ROMNEY,2025,55,28,block_start
119sdoc5,GPO-CDOC-119sdoc5-2.pdf,749,2225,banner,True,749,2225,SENATOR JACKY ROSEN,2023,73,34,block_start
119sdoc5,GPO-CDOC-119sdoc5-2.pdf,750,2226,banner,True,750,2226,INTERN COMPENSATION - ROSEN,2023,55,28,block_start
119sdoc5,GPO-CDOC-119sdoc5-2.pdf,751,2227,banner,True,751,2227,SENATOR JACKY ROSEN,2024,70,30,block_start
119sdoc5,GPO-CDOC-119sdoc5-2.pdf,752,2228,banner,True,752,2228,INTERN COMPENSATION - ROSEN,2024,55,28,block_start
119sdoc5,GPO-CDOC-119sdoc5-2.pdf,753,2229,banner,True,753,2229,SENATOR JACKY ROSEN,2025,136,55,block_start
119sdoc5,GPO-CDOC-119sdoc5-2.pdf,754,2230,data,True,753,2229,SENATOR JACKY ROSEN,2025,169,56,block_data
119sdoc5,GPO-CDOC-119sdoc5-2.pdf,755,2231,data,True,753,2229,SENATOR JACKY ROSEN,2025,199,58,block_data
119sdoc5,GPO-CDOC-119sdoc5-2.pdf,756,2232,data,True,753,2229,SENATOR JACKY ROSEN,2025,181,56,block_data
119sdoc5,GPO-CDOC-119sdoc5-2.pdf,757,2233,data,True,753,2229,SENATOR JACKY ROSEN,2025,205,58,block_data
119sdoc5,GPO-CDOC-119sdoc5-2.pdf,758,2234,data,True,753,2229,SENATOR JACKY ROSEN,2025,207,58,block_data
119sdoc5,GPO-CDOC-119sdoc5-2.pdf,759,2235,data,True,753,2229,SENATOR JACKY ROSEN,2025,193,58,block_data
119sdoc5,GPO-CDOC-119sdoc5-2.pdf,760,2236,data,True,753,2229,SENATOR JACKY ROSEN,2025,205,58,block_data
119sdoc5,GPO-CDOC-119sdoc5-2.pdf,761,2237,data,True,753,2229,SENATOR JACKY ROSEN,2025,187,58,block_data
119sdoc5,GPO-CDOC-119sdoc5-2.pdf,762,2238,data,True,753,2229,SENATOR JACKY ROSEN,2025,186,59,block_data
119sdoc5,GPO-CDOC-119sdoc5-2.pdf,763,2239,data,True,753,2229,SENATOR JACKY ROSEN,2025,199,56,block_data
119sdoc5,GPO-CDOC-119sdoc5-2.pdf,764,2240,data,True,753,2229,SENATOR JACKY ROSEN,2025,95,22,block_data
119sdoc5,GPO-CDOC-119sdoc5-2.pdf,765,2241,banner,True,765,2241,INTERN COMPENSATION - ROSEN,2025,74,33,block_start
119sdoc5,GPO-CDOC-119sdoc5-2.pdf,766,2242,banner,True,766,2242,SENATOR MIKE ROUNDS,2023,84,38,block_start
119sdoc5,GPO-CDOC-119sdoc5-2.pdf,767,2243,banner,True,767,2243,INTERN COMPENSATION - ROUNDS,2023,55,28,block_start
119sdoc5,GPO-CDOC-119sdoc5-2.pdf,768,2244,banner,True,768,2244,SENATOR MIKE ROUNDS,2024,96,41,block_start
119sdoc5,GPO-CDOC-119sdoc5-2.pdf,769,2245,banner,True,769,2245,INTERN COMPENSATION - ROUNDS,2024,55,28,block_start
119sdoc5,GPO-CDOC-119sdoc5-2.pdf,770,2246,banner,True,770,2246,SENATOR MIKE ROUNDS,2025,134,56,block_start
119sdoc5,GPO-CDOC-119sdoc5-2.pdf,771,2247,data,True,770,2246,SENATOR MIKE ROUNDS,2025,181,59,block_data
119sdoc5,GPO-CDOC-119sdoc5-2.pdf,772,2248,data,True,770,2246,SENATOR MIKE ROUNDS,2025,212,58,block_data
119sdoc5,GPO-CDOC-119sdoc5-2.pdf,773,2249,data,True,770,2246,SENATOR MIKE ROUNDS,2025,200,58,block_data
119sdoc5,GPO-CDOC-119sdoc5-2.pdf,774,2250,data,True,770,2246,SENATOR MIKE ROUNDS,2025,192,58,block_data
119sdoc5,GPO-CDOC-119sdoc5-2.pdf,775,2251,data,True,770,2246,SENATOR MIKE ROUNDS,2025,194,57,block_data
119sdoc5,GPO-CDOC-119sdoc5-2.pdf,776,2252,data,True,770,2246,SENATOR MIKE ROUNDS,2025,186,59,block_data
119sdoc5,GPO-CDOC-119sdoc5-2.pdf,777,2253,data,True,770,2246,SENATOR MIKE ROUNDS,2025,196,58,block_data
119sdoc5,GPO-CDOC-119sdoc5-2.pdf,778,2254,data,True,770,2246,SENATOR MIKE ROUNDS,2025,200,58,block_data
119sdoc5,GPO-CDOC-119sdoc5-2.pdf,779,2255,data,True,770,2246,SENATOR MIKE ROUNDS,2025,198,58,block_data
119sdoc5,GPO-CDOC-119sdoc5-2.pdf,780,2256,data,True,770,2246,SENATOR MIKE ROUNDS,2025,190,59,block_data
119sdoc5,GPO-CDOC-119sdoc5-2.pdf,781,2257,data,True,770,2246,SENATOR MIKE ROUNDS,2025,203,59,block_data
119sdoc5,GPO-CDOC-119sdoc5-2.pdf,782,2258,data,True,770,2246,SENATOR MIKE ROUNDS,2025,188,59,block_data
119sdoc5,GPO-CDOC-119sdoc5-2.pdf,783,2259,data,True,770,2246,SENATOR MIKE ROUNDS,2025,181,59,block_data
119sdoc5,GPO-CDOC-119sdoc5-2.pdf,784,2260,data,True,770,2246,SENATOR MIKE ROUNDS,2025,179,57,block_data
119sdoc5,GPO-CDOC-119sdoc5-2.pdf,785,2261,data,True,770,2246,SENATOR MIKE ROUNDS,2025,186,54,block_data
119sdoc5,GPO-CDOC-119sdoc5-2.pdf,786,2262,banner,True,786,2262,INTERN COMPENSATION - ROUNDS,2025,107,44,block_start
119sdoc5,GPO-CDOC-119sdoc5-2.pdf,787,2263,banner,True,787,2263,SENATOR MARCO RUBIO,2023,73,34,block_start
119sdoc5,GPO-CDOC-119sdoc5-2.pdf,788,2264,banner,True,788,2264,INTERN COMPENSATION - RUBIO,2023,55,28,block_start
119sdoc5,GPO-CDOC-119sdoc5-2.pdf,789,2265,banner,True,789,2265,SENATOR MARCO RUBIO,2024,73,34,block_start
119sdoc5,GPO-CDOC-119sdoc5-2.pdf,790,2266,banner,True,790,2266,INTERN COMPENSATION - RUBIO,2024,55,28,block_start
119sdoc5,GPO-CDOC-119sdoc5-2.pdf,791,2267,banner,True,791,2267,SENATOR MARCO RUBIO,2025,97,42,block_start
119sdoc5,GPO-CDOC-119sdoc5-2.pdf,792,2268,banner,True,792,2268,INTERN COMPENSATION - RUBIO,2025,52,27,block_start
119sdoc5,GPO-CDOC-119sdoc5-2.pdf,793,2269,banner,True,793,2269,SENATOR BERNARD SANDERS,2023,73,34,block_start
119sdoc5,GPO-CDOC-119sdoc5-2.pdf,794,2270,banner,True,794,2270,INTERN COMPENSATION - SANDERS,2023,55,28,block_start
119sdoc5,GPO-CDOC-119sdoc5-2.pdf,795,2271,banner,True,795,2271,SENATOR BERNARD SANDERS,2024,70,30,block_start
119sdoc5,GPO-CDOC-119sdoc5-2.pdf,796,2272,banner,True,796,2272,INTERN COMPENSATION - SANDERS,2024,55,28,block_start
119sdoc5,GPO-CDOC-119sdoc5-2.pdf,797,2273,banner,True,797,2273,SENATOR BERNARD SANDERS,2025,136,52,block_start
119sdoc5,GPO-CDOC-119sdoc5-2.pdf,798,2274,data,True,797,2273,SENATOR BERNARD SANDERS,2025,164,56,block_data
119sdoc5,GPO-CDOC-119sdoc5-2.pdf,799,2275,data,True,797,2273,SENATOR BERNARD SANDERS,2025,211,58,block_data
119sdoc5,GPO-CDOC-119sdoc5-2.pdf,800,2276,data,True,797,2273,SENATOR BERNARD SANDERS,2025,195,59,block_data
119sdoc5,GPO-CDOC-119sdoc5-2.pdf,801,2277,data,True,797,2273,SENATOR BERNARD SANDERS,2025,200,58,block_data
119sdoc5,GPO-CDOC-119sdoc5-2.pdf,802,2278,data,True,797,2273,SENATOR BERNARD SANDERS,2025,217,58,block_data
119sdoc5,GPO-CDOC-119sdoc5-2.pdf,803,2279,data,True,797,2273,SENATOR BERNARD SANDERS,2025,206,59,block_data
119sdoc5,GPO-CDOC-119sdoc5-2.pdf,804,2280,data,True,797,2273,SENATOR BERNARD SANDERS,2025,207,58,block_data
119sdoc5,GPO-CDOC-119sdoc5-2.pdf,805,2281,data,True,797,2273,SENATOR BERNARD SANDERS,2025,92,29,block_data
119sdoc5,GPO-CDOC-119sdoc5-2.pdf,806,2282,banner,True,806,2282,INTERN COMPENSATION - SANDERS,2025,77,34,block_start
119sdoc5,GPO-CDOC-119sdoc5-2.pdf,807,2283,banner,True,807,2283,SENATOR BEN SASSE,2023,79,32,block_start
119sdoc5,GPO-CDOC-119sdoc5-2.pdf,808,2284,banner,True,808,2284,INTERN COMPENSATION - SASSE,2023,55,28,block_start
119sdoc5,GPO-CDOC-119sdoc5-2.pdf,809,2285,banner,True,809,2285,SENATOR BRIAN SCHATZ,2023,73,34,block_start
119sdoc5,GPO-CDOC-119sdoc5-2.pdf,810,2286,banner,True,810,2286,INTERN COMPENSATION - SCHATZ,2023,55,28,block_start
119sdoc5,GPO-CDOC-119sdoc5-2.pdf,811,2287,banner,True,811,2287,SENATOR BRIAN SCHATZ,2024,106,44,block_start
119sdoc5,GPO-CDOC-119sdoc5-2.pdf,812,2288,banner,True,812,2288,INTERN COMPENSATION - SCHATZ,2024,55,28,block_start
119sdoc5,GPO-CDOC-119sdoc5-2.pdf,813,2289,banner,True,813,2289,SENATOR BRIAN SCHATZ,2025,135,55,block_start
119sdoc5,GPO-CDOC-119sdoc5-2.pdf,814,2290,data,True,813,2289,SENATOR BRIAN SCHATZ,2025,164,56,block_data
119sdoc5,GPO-CDOC-119sdoc5-2.pdf,815,2291,data,True,813,2289,SENATOR BRIAN SCHATZ,2025,184,58,block_data
119sdoc5,GPO-CDOC-119sdoc5-2.pdf,816,2292,data,True,813,2289,SENATOR BRIAN SCHATZ,2025,182,58,block_data
119sdoc5,GPO-CDOC-119sdoc5-2.pdf,817,2293,data,True,813,2289,SENATOR BRIAN SCHATZ,2025,176,59,block_data
119sdoc5,GPO-CDOC-119sdoc5-2.pdf,818,2294,data,True,813,2289,SENATOR BRIAN SCHATZ,2025,159,35,block_data
119sdoc5,GPO-CDOC-119sdoc5-2.pdf,819,2295,banner,True,819,2295,INTERN COMPENSATION - SCHATZ,2025,83,36,block_start
119sdoc5,GPO-CDOC-119sdoc5-2.pdf,820,2296,banner,True,820,2296,SENATOR ADAM SCHIFF,2025,136,54,block_start
119sdoc5,GPO-CDOC-119sdoc5-2.pdf,821,2297,data,True,820,2296,SENATOR ADAM SCHIFF,2025,165,58,block_data
119sdoc5,GPO-CDOC-119sdoc5-2.pdf,822,2298,data,True,820,2296,SENATOR ADAM SCHIFF,2025,175,56,block_data
119sdoc5,GPO-CDOC-119sdoc5-2.pdf,823,2299,data,True,820,2296,SENATOR ADAM SCHIFF,2025,186,58,block_data
119sdoc5,GPO-CDOC-119sdoc5-2.pdf,824,2300,data,True,820,2296,SENATOR ADAM SCHIFF,2025,181,58,block_data
119sdoc5,GPO-CDOC-119sdoc5-2.pdf,825,2301,data,True,820,2296,SENATOR ADAM SCHIFF,2025,179,58,block_data
119sdoc5,GPO-CDOC-119sdoc5-2.pdf,826,2302,data,True,820,2296,SENATOR ADAM SCHIFF,2025,184,58,block_data
119sdoc5,GPO-CDOC-119sdoc5-2.pdf,827,2303,data,True,820,2296,SENATOR ADAM SCHIFF,2025,203,58,block_data
119sdoc5,GPO-CDOC-119sdoc5-2.pdf,828,2304,data,True,820,2296,SENATOR ADAM SCHIFF,2025,183,58,block_data
119sdoc5,GPO-CDOC-119sdoc5-2.pdf,829,2305,data,True,820,2296,SENATOR ADAM SCHIFF,2025,190,59,block_data
119sdoc5,GPO-CDOC-119sdoc5-2.pdf,830,2306,data,True,820,2296,SENATOR ADAM SCHIFF,2025,181,58,block_data
119sdoc5,GPO-CDOC-119sdoc5-2.pdf,831,2307,data,True,820,2296,SENATOR ADAM SCHIFF,2025,172,59,block_data
119sdoc5,GPO-CDOC-119sdoc5-2.pdf,832,2308,data,True,820,2296,SENATOR ADAM SCHIFF,2025,184,58,block_data
119sdoc5,GPO-CDOC-119sdoc5-2.pdf,833,2309,data,True,820,2296,SENATOR ADAM SCHIFF,2025,179,59,block_data
119sdoc5,GPO-CDOC-119sdoc5-2.pdf,834,2310,data,True,820,2296,SENATOR ADAM SCHIFF,2025,142,31,block_data
119sdoc5,GPO-CDOC-119sdoc5-2.pdf,835,2311,banner,True,835,2311,INTERN COMPENSATION - SCHIFF,2025,142,55,block_start
119sdoc5,GPO-CDOC-119sdoc5-2.pdf,836,2312,data,True,835,2311,INTERN COMPENSATION - SCHIFF,2025,35,17,block_data
119sdoc5,GPO-CDOC-119sdoc5-2.pdf,837,2313,banner,True,837,2313,SENATOR ERIC SCHMITT,2023,76,34,block_start
119sdoc5,GPO-CDOC-119sdoc5-2.pdf,838,2314,banner,True,838,2314,INTERN COMPENSATION - SCHMITT,2023,55,28,block_start
119sdoc5,GPO-CDOC-119sdoc5-2.pdf,839,2315,banner,True,839,2315,SENATOR ERIC SCHMITT,2024,85,36,block_start
119sdoc5,GPO-CDOC-119sdoc5-2.pdf,840,2316,banner,True,840,2316,INTERN COMPENSATION - SCHMITT,2024,55,28,block_start
119sdoc5,GPO-CDOC-119sdoc5-2.pdf,841,2317,banner,True,841,2317,SENATOR ERIC SCHMITT,2025,136,55,block_start
119sdoc5,GPO-CDOC-119sdoc5-2.pdf,842,2318,data,True,841,2317,SENATOR ERIC SCHMITT,2025,173,56,block_data
119sdoc5,GPO-CDOC-119sdoc5-2.pdf,843,2319,data,True,841,2317,SENATOR ERIC SCHMITT,2025,203,58,block_data
119sdoc5,GPO-CDOC-119sdoc5-2.pdf,844,2320,data,True,841,2317,SENATOR ERIC SCHMITT,2025,196,58,block_data
119sdoc5,GPO-CDOC-119sdoc5-2.pdf,845,2321,data,True,841,2317,SENATOR ERIC SCHMITT,2025,203,58,block_data
119sdoc5,GPO-CDOC-119sdoc5-2.pdf,846,2322,data,True,841,2317,SENATOR ERIC SCHMITT,2025,203,58,block_data
119sdoc5,GPO-CDOC-119sdoc5-2.pdf,847,2323,data,True,841,2317,SENATOR ERIC SCHMITT,2025,216,58,block_data
119sdoc5,GPO-CDOC-119sdoc5-2.pdf,848,2324,data,True,841,2317,SENATOR ERIC SCHMITT,2025,197,58,block_data
119sdoc5,GPO-CDOC-119sdoc5-2.pdf,849,2325,data,True,841,2317,SENATOR ERIC SCHMITT,2025,207,58,block_data
119sdoc5,GPO-CDOC-119sdoc5-2.pdf,850,2326,data,True,841,2317,SENATOR ERIC SCHMITT,2025,210,58,block_data
119sdoc5,GPO-CDOC-119sdoc5-2.pdf,851,2327,data,True,841,2317,SENATOR ERIC SCHMITT,2025,211,58,block_data
119sdoc5,GPO-CDOC-119sdoc5-2.pdf,852,2328,data,True,841,2317,SENATOR ERIC SCHMITT,2025,202,58,block_data
119sdoc5,GPO-CDOC-119sdoc5-2.pdf,853,2329,data,True,841,2317,SENATOR ERIC SCHMITT,2025,186,58,block_data
119sdoc5,GPO-CDOC-119sdoc5-2.pdf,854,2330,data,True,841,2317,SENATOR ERIC SCHMITT,2025,180,58,block_data
119sdoc5,GPO-CDOC-119sdoc5-2.pdf,855,2331,data,True,841,2317,SENATOR ERIC SCHMITT,2025,199,58,block_data
119sdoc5,GPO-CDOC-119sdoc5-2.pdf,856,2332,data,True,841,2317,SENATOR ERIC SCHMITT,2025,202,59,block_data
119sdoc5,GPO-CDOC-119sdoc5-2.pdf,857,2333,data,True,841,2317,SENATOR ERIC SCHMITT,2025,205,58,block_data
119sdoc5,GPO-CDOC-119sdoc5-2.pdf,858,2334,data,True,841,2317,SENATOR ERIC SCHMITT,2025,198,59,block_data
119sdoc5,GPO-CDOC-119sdoc5-2.pdf,859,2335,data,True,841,2317,SENATOR ERIC SCHMITT,2025,180,58,block_data
119sdoc5,GPO-CDOC-119sdoc5-2.pdf,860,2336,data,True,841,2317,SENATOR ERIC SCHMITT,2025,186,58,block_data
119sdoc5,GPO-CDOC-119sdoc5-2.pdf,861,2337,data,True,841,2317,SENATOR ERIC SCHMITT,2025,187,58,block_data
119sdoc5,GPO-CDOC-119sdoc5-2.pdf,862,2338,data,True,841,2317,SENATOR ERIC SCHMITT,2025,207,58,block_data
119sdoc5,GPO-CDOC-119sdoc5-2.pdf,863,2339,data,True,841,2317,SENATOR ERIC SCHMITT,2025,207,58,block_data
119sdoc5,GPO-CDOC-119sdoc5-2.pdf,864,2340,data,True,841,2317,SENATOR ERIC SCHMITT,2025,312,56,block_data
119sdoc5,GPO-CDOC-119sdoc5-2.pdf,865,2341,data,True,841,2317,SENATOR ERIC SCHMITT,2025,25,12,block_data
119sdoc5,GPO-CDOC-119sdoc5-2.pdf,866,2342,banner,True,866,2342,INTERN COMPENSATION - SCHMITT,2025,113,46,block_start
119sdoc5,GPO-CDOC-119sdoc5-2.pdf,867,2343,banner,True,867,2343,SENATOR CHARLES E. SCHUMER,2023,73,34,block_start
119sdoc5,GPO-CDOC-119sdoc5-2.pdf,868,2344,banner,True,868,2344,INTERN COMPENSATION - SCHUMER,2023,55,28,block_start
119sdoc5,GPO-CDOC-119sdoc5-2.pdf,869,2345,banner,True,869,2345,SENATOR CHARLES E. SCHUMER,2024,107,45,block_start
119sdoc5,GPO-CDOC-119sdoc5-2.pdf,870,2346,banner,True,870,2346,INTERN COMPENSATION - SCHUMER,2024,55,28,block_start
119sdoc5,GPO-CDOC-119sdoc5-2.pdf,871,2347,banner,True,871,2347,SENATOR CHARLES E. SCHUMER,2025,134,56,block_start
119sdoc5,GPO-CDOC-119sdoc5-2.pdf,872,2348,data,True,871,2347,SENATOR CHARLES E. SCHUMER,2025,166,58,block_data
119sdoc5,GPO-CDOC-119sdoc5-2.pdf,873,2349,data,True,871,2347,SENATOR CHARLES E. SCHUMER,2025,186,56,block_data
119sdoc5,GPO-CDOC-119sdoc5-2.pdf,874,2350,data,True,871,2347,SENATOR CHARLES E. SCHUMER,2025,208,58,block_data
119sdoc5,GPO-CDOC-119sdoc5-2.pdf,875,2351,data,True,871,2347,SENATOR CHARLES E. SCHUMER,2025,194,58,block_data
119sdoc5,GPO-CDOC-119sdoc5-2.pdf,876,2352,data,True,871,2347,SENATOR CHARLES E. SCHUMER,2025,183,58,block_data
119sdoc5,GPO-CDOC-119sdoc5-2.pdf,877,2353,data,True,871,2347,SENATOR CHARLES E. SCHUMER,2025,187,58,block_data
119sdoc5,GPO-CDOC-119sdoc5-2.pdf,878,2354,data,True,871,2347,SENATOR CHARLES E. SCHUMER,2025,198,58,block_data
119sdoc5,GPO-CDOC-119sdoc5-2.pdf,879,2355,data,True,871,2347,SENATOR CHARLES E. SCHUMER,2025,186,58,block_data
119sdoc5,GPO-CDOC-119sdoc5-2.pdf,880,2356,data,True,871,2347,SENATOR CHARLES E. SCHUMER,2025,194,59,block_data
119sdoc5,GPO-CDOC-119sdoc5-2.pdf,881,2357,data,True,871,2347,SENATOR CHARLES E. SCHUMER,2025,212,58,block_data
119sdoc5,GPO-CDOC-119sdoc5-2.pdf,882,2358,data,True,871,2347,SENATOR CHARLES E. SCHUMER,2025,196,58,block_data
119sdoc5,GPO-CDOC-119sdoc5-2.pdf,883,2359,data,True,871,2347,SENATOR CHARLES E. SCHUMER,2025,244,58,block_data
119sdoc5,GPO-CDOC-119sdoc5-2.pdf,884,2360,data,True,871,2347,SENATOR CHARLES E. SCHUMER,2025,32,13,block_data
119sdoc5,GPO-CDOC-119sdoc5-2.pdf,885,2361,banner,True,885,2361,INTERN COMPENSATION - SCHUMER,2025,134,53,block_start
119sdoc5,GPO-CDOC-119sdoc5-2.pdf,886,2362,banner,True,886,2362,SENATOR RICK SCOTT,2023,73,34,block_start
119sdoc5,GPO-CDOC-119sdoc5-2.pdf,887,2363,banner,True,887,2363,INTERN COMPENSATION - R SCOTT,2023,55,28,block_start
119sdoc5,GPO-CDOC-119sdoc5-2.pdf,888,2364,banner,True,888,2364,SENATOR RICK SCOTT,2024,70,30,block_start
119sdoc5,GPO-CDOC-119sdoc5-2.pdf,889,2365,banner,True,889,2365,INTERN COMPENSATION - R SCOTT,2024,55,28,block_start
119sdoc5,GPO-CDOC-119sdoc5-2.pdf,890,2366,banner,True,890,2366,SENATOR RICK SCOTT,2025,136,55,block_start
119sdoc5,GPO-CDOC-119sdoc5-2.pdf,891,2367,data,True,890,2366,SENATOR RICK SCOTT,2025,163,57,block_data
119sdoc5,GPO-CDOC-119sdoc5-2.pdf,892,2368,data,True,890,2366,SENATOR RICK SCOTT,2025,189,56,block_data
119sdoc5,GPO-CDOC-119sdoc5-2.pdf,893,2369,data,True,890,2366,SENATOR RICK SCOTT,2025,186,58,block_data
119sdoc5,GPO-CDOC-119sdoc5-2.pdf,894,2370,data,True,890,2366,SENATOR RICK SCOTT,2025,192,57,block_data
119sdoc5,GPO-CDOC-119sdoc5-2.pdf,895,2371,data,True,890,2366,SENATOR RICK SCOTT,2025,170,60,block_data
119sdoc5,GPO-CDOC-119sdoc5-2.pdf,896,2372,data,True,890,2366,SENATOR RICK SCOTT,2025,189,59,block_data
119sdoc5,GPO-CDOC-119sdoc5-2.pdf,897,2373,data,True,890,2366,SENATOR RICK SCOTT,2025,200,58,block_data
119sdoc5,GPO-CDOC-119sdoc5-2.pdf,898,2374,data,True,890,2366,SENATOR RICK SCOTT,2025,207,58,block_data
119sdoc5,GPO-CDOC-119sdoc5-2.pdf,899,2375,data,True,890,2366,SENATOR RICK SCOTT,2025,177,59,block_data
119sdoc5,GPO-CDOC-119sdoc5-2.pdf,900,2376,data,True,890,2366,SENATOR RICK SCOTT,2025,176,59,block_data
119sdoc5,GPO-CDOC-119sdoc5-2.pdf,901,2377,data,True,890,2366,SENATOR RICK SCOTT,2025,168,59,block_data
119sdoc5,GPO-CDOC-119sdoc5-2.pdf,902,2378,data,True,890,2366,SENATOR RICK SCOTT,2025,209,58,block_data
119sdoc5,GPO-CDOC-119sdoc5-2.pdf,903,2379,data,True,890,2366,SENATOR RICK SCOTT,2025,175,47,block_data
119sdoc5,GPO-CDOC-119sdoc5-2.pdf,904,2380,banner,True,904,2380,INTERN COMPENSATION - R SCOTT,2025,74,33,block_start
119sdoc5,GPO-CDOC-119sdoc5-2.pdf,905,2381,banner,True,905,2381,SENATOR TIM SCOTT,2023,73,34,block_start
119sdoc5,GPO-CDOC-119sdoc5-2.pdf,906,2382,banner,True,906,2382,INTERN COMPENSATION - T SCOTT,2023,55,28,block_start
119sdoc5,GPO-CDOC-119sdoc5-2.pdf,907,2383,banner,True,907,2383,SENATOR TIM SCOTT,2024,70,30,block_start
119sdoc5,GPO-CDOC-119sdoc5-2.pdf,908,2384,banner,True,908,2384,INTERN COMPENSATION - T SCOTT,2024,55,28,block_start
119sdoc5,GPO-CDOC-119sdoc5-2.pdf,909,2385,banner,True,909,2385,SENATOR TIM SCOTT,2025,136,55,block_start
119sdoc5,GPO-CDOC-119sdoc5-2.pdf,910,2386,data,True,909,2385,SENATOR TIM SCOTT,2025,155,56,block_data
119sdoc5,GPO-CDOC-119sdoc5-2.pdf,911,2387,data,True,909,2385,SENATOR TIM SCOTT,2025,185,59,block_data
119sdoc5,GPO-CDOC-119sdoc5-2.pdf,912,2388,data,True,909,2385,SENATOR TIM SCOTT,2025,201,58,block_data
119sdoc5,GPO-CDOC-119sdoc5-2.pdf,913,2389,data,True,909,2385,SENATOR TIM SCOTT,2025,183,57,block_data
119sdoc5,GPO-CDOC-119sdoc5-2.pdf,914,2390,data,True,909,2385,SENATOR TIM SCOTT,2025,192,59,block_data
119sdoc5,GPO-CDOC-119sdoc5-2.pdf,915,2391,data,True,909,2385,SENATOR TIM SCOTT,2025,178,60,block_data
119sdoc5,GPO-CDOC-119sdoc5-2.pdf,916,2392,data,True,909,2385,SENATOR TIM SCOTT,2025,197,58,block_data
119sdoc5,GPO-CDOC-119sdoc5-2.pdf,917,2393,data,True,909,2385,SENATOR TIM SCOTT,2025,196,58,block_data
119sdoc5,GPO-CDOC-119sdoc5-2.pdf,918,2394,data,True,909,2385,SENATOR TIM SCOTT,2025,185,60,block_data
119sdoc5,GPO-CDOC-119sdoc5-2.pdf,919,2395,data,True,909,2385,SENATOR TIM SCOTT,2025,194,58,block_data
119sdoc5,GPO-CDOC-119sdoc5-2.pdf,920,2396,data,True,909,2385,SENATOR TIM SCOTT,2025,188,59,block_data
119sdoc5,GPO-CDOC-119sdoc5-2.pdf,921,2397,data,True,909,2385,SENATOR TIM SCOTT,2025,182,56,block_data
119sdoc5,GPO-CDOC-119sdoc5-2.pdf,922,2398,data,True,909,2385,SENATOR TIM SCOTT,2025,180,60,block_data
119sdoc5,GPO-CDOC-119sdoc5-2.pdf,923,2399,data,True,909,2385,SENATOR TIM SCOTT,2025,191,58,block_data
119sdoc5,GPO-CDOC-119sdoc5-2.pdf,924,2400,data,True,909,2385,SENATOR TIM SCOTT,2025,185,58,block_data
119sdoc5,GPO-CDOC-119sdoc5-2.pdf,925,2401,data,True,909,2385,SENATOR TIM SCOTT,2025,153,44,block_data
119sdoc5,GPO-CDOC-119sdoc5-2.pdf,926,2402,banner,True,926,2402,INTERN COMPENSATION - T SCOTT,2025,142,55,block_start
119sdoc5,GPO-CDOC-119sdoc5-2.pdf,927,2403,data,True,926,2402,INTERN COMPENSATION - T SCOTT,2025,26,14,block_data
119sdoc5,GPO-CDOC-119sdoc5-2.pdf,928,2404,banner,True,928,2404,SENATOR JEANNE SHAHEEN,2023,73,34,block_start
119sdoc5,GPO-CDOC-119sdoc5-2.pdf,929,2405,banner,True,929,2405,INTERN COMPENSATION - SHAHEEN,2023,55,28,block_start
119sdoc5,GPO-CDOC-119sdoc5-2.pdf,930,2406,banner,True,930,2406,SENATOR JEANNE SHAHEEN,2024,87,39,block_start
119sdoc5,GPO-CDOC-119sdoc5-2.pdf,931,2407,banner,True,931,2407,INTERN COMPENSATION - SHAHEEN,2024,55,28,block_start
119sdoc5,GPO-CDOC-119sdoc5-2.pdf,932,2408,banner,True,932,2408,SENATOR JEANNE SHAHEEN,2025,136,52,block_start
119sdoc5,GPO-CDOC-119sdoc5-2.pdf,933,2409,data,True,932,2408,SENATOR JEANNE SHAHEEN,2025,162,57,block_data
119sdoc5,GPO-CDOC-119sdoc5-2.pdf,934,2410,data,True,932,2408,SENATOR JEANNE SHAHEEN,2025,166,61,block_data
119sdoc5,GPO-CDOC-119sdoc5-2.pdf,935,2411,data,True,932,2408,SENATOR JEANNE SHAHEEN,2025,150,62,block_data
119sdoc5,GPO-CDOC-119sdoc5-2.pdf,936,2412,data,True,932,2408,SENATOR JEANNE SHAHEEN,2025,174,59,block_data
119sdoc5,GPO-CDOC-119sdoc5-2.pdf,937,2413,data,True,932,2408,SENATOR JEANNE SHAHEEN,2025,175,57,block_data
119sdoc5,GPO-CDOC-119sdoc5-2.pdf,938,2414,data,True,932,2408,SENATOR JEANNE SHAHEEN,2025,168,61,block_data
119sdoc5,GPO-CDOC-119sdoc5-2.pdf,939,2415,data,True,932,2408,SENATOR JEANNE SHAHEEN,2025,193,59,block_data
119sdoc5,GPO-CDOC-119sdoc5-2.pdf,940,2416,data,True,932,2408,SENATOR JEANNE SHAHEEN,2025,174,61,block_data
119sdoc5,GPO-CDOC-119sdoc5-2.pdf,941,2417,data,True,932,2408,SENATOR JEANNE SHAHEEN,2025,163,60,block_data
119sdoc5,GPO-CDOC-119sdoc5-2.pdf,942,2418,data,True,932,2408,SENATOR JEANNE SHAHEEN,2025,189,59,block_data
119sdoc5,GPO-CDOC-119sdoc5-2.pdf,943,2419,data,True,932,2408,SENATOR JEANNE SHAHEEN,2025,166,60,block_data
119sdoc5,GPO-CDOC-119sdoc5-2.pdf,944,2420,data,True,932,2408,SENATOR JEANNE SHAHEEN,2025,72,22,block_data
119sdoc5,GPO-CDOC-119sdoc5-2.pdf,945,2421,banner,True,945,2421,INTERN COMPENSATION - SHAHEEN,2025,128,51,block_start
119sdoc5,GPO-CDOC-119sdoc5-2.pdf,946,2422,banner,True,946,2422,SENATOR TIM SHEEHY,2025,136,55,block_start
119sdoc5,GPO-CDOC-119sdoc5-2.pdf,947,2423,data,True,946,2422,SENATOR TIM SHEEHY,2025,166,57,block_data
119sdoc5,GPO-CDOC-119sdoc5-2.pdf,948,2424,data,True,946,2422,SENATOR TIM SHEEHY,2025,183,58,block_data
119sdoc5,GPO-CDOC-119sdoc5-2.pdf,949,2425,data,True,946,2422,SENATOR TIM SHEEHY,2025,188,58,block_data
119sdoc5,GPO-CDOC-119sdoc5-2.pdf,950,2426,data,True,946,2422,SENATOR TIM SHEEHY,2025,186,58,block_data
119sdoc5,GPO-CDOC-119sdoc5-2.pdf,951,2427,data,True,946,2422,SENATOR TIM SHEEHY,2025,192,58,block_data
119sdoc5,GPO-CDOC-119sdoc5-2.pdf,952,2428,data,True,946,2422,SENATOR TIM SHEEHY,2025,184,58,block_data
119sdoc5,GPO-CDOC-119sdoc5-2.pdf,953,2429,data,True,946,2422,SENATOR TIM SHEEHY,2025,183,58,block_data
119sdoc5,GPO-CDOC-119sdoc5-2.pdf,954,2430,data,True,946,2422,SENATOR TIM SHEEHY,2025,200,58,block_data
119sdoc5,GPO-CDOC-119sdoc5-2.pdf,955,2431,data,True,946,2422,SENATOR TIM SHEEHY,2025,204,58,block_data
119sdoc5,GPO-CDOC-119sdoc5-2.pdf,956,2432,data,True,946,2422,SENATOR TIM SHEEHY,2025,186,58,block_data
119sdoc5,GPO-CDOC-119sdoc5-2.pdf,957,2433,data,True,946,2422,SENATOR TIM SHEEHY,2025,208,58,block_data
119sdoc5,GPO-CDOC-119sdoc5-2.pdf,958,2434,data,True,946,2422,SENATOR TIM SHEEHY,2025,178,58,block_data
119sdoc5,GPO-CDOC-119sdoc5-2.pdf,959,2435,data,True,946,2422,SENATOR TIM SHEEHY,2025,169,58,block_data
119sdoc5,GPO-CDOC-119sdoc5-2.pdf,960,2436,data,True,946,2422,SENATOR TIM SHEEHY,2025,197,57,block_data
119sdoc5,GPO-CDOC-119sdoc5-2.pdf,961,2437,data,True,946,2422,SENATOR TIM SHEEHY,2025,195,38,block_data
119sdoc5,GPO-CDOC-119sdoc5-2.pdf,962,2438,banner,True,962,2438,INTERN COMPENSATION - SHEEHY,2025,71,32,block_start
119sdoc5,GPO-CDOC-119sdoc5-2.pdf,963,2439,banner,True,963,2439,SENATOR RICHARD C. SHELBY,2023,70,30,block_start
119sdoc5,GPO-CDOC-119sdoc5-2.pdf,964,2440,banner,True,964,2440,INTERN COMPENSATION - SHELBY,2023,52,27,block_start
119sdoc5,GPO-CDOC-119sdoc5-2.pdf,965,2441,banner,True,965,2441,SENATOR KYRSTEN SINEMA,2023,73,34,block_start
119sdoc5,GPO-CDOC-119sdoc5-2.pdf,966,2442,banner,True,966,2442,INTERN COMPENSATION - SINEMA,2023,55,28,block_start
119sdoc5,GPO-CDOC-119sdoc5-2.pdf,967,2443,banner,True,967,2443,SENATOR KYRSTEN SINEMA,2024,70,30,block_start
119sdoc5,GPO-CDOC-119sdoc5-2.pdf,968,2444,banner,True,968,2444,INTERN COMPENSATION - SINEMA,2024,55,28,block_start
119sdoc5,GPO-CDOC-119sdoc5-2.pdf,969,2445,banner,True,969,2445,SENATOR KYRSTEN SINEMA,2025,73,34,block_start
119sdoc5,GPO-CDOC-119sdoc5-2.pdf,970,2446,banner,True,970,2446,INTERN COMPENSATION - SINEMA,2025,55,28,block_start
119sdoc5,GPO-CDOC-119sdoc5-2.pdf,971,2447,banner,True,971,2447,SENATOR ELISSA SLOTKIN,2025,136,55,block_start
119sdoc5,GPO-CDOC-119sdoc5-2.pdf,972,2448,data,True,971,2447,SENATOR ELISSA SLOTKIN,2025,163,57,block_data
119sdoc5,GPO-CDOC-119sdoc5-2.pdf,973,2449,data,True,971,2447,SENATOR ELISSA SLOTKIN,2025,204,58,block_data
119sdoc5,GPO-CDOC-119sdoc5-2.pdf,974,2450,data,True,971,2447,SENATOR ELISSA SLOTKIN,2025,203,58,block_data
119sdoc5,GPO-CDOC-119sdoc5-2.pdf,975,2451,data,True,971,2447,SENATOR ELISSA SLOTKIN,2025,186,59,block_data
119sdoc5,GPO-CDOC-119sdoc5-2.pdf,976,2452,data,True,971,2447,SENATOR ELISSA SLOTKIN,2025,189,59,block_data
119sdoc5,GPO-CDOC-119sdoc5-2.pdf,977,2453,data,True,971,2447,SENATOR ELISSA SLOTKIN,2025,188,58,block_data
119sdoc5,GPO-CDOC-119sdoc5-2.pdf,978,2454,data,True,971,2447,SENATOR ELISSA SLOTKIN,2025,199,59,block_data
119sdoc5,GPO-CDOC-119sdoc5-2.pdf,979,2455,data,True,971,2447,SENATOR ELISSA SLOTKIN,2025,192,59,block_data
119sdoc5,GPO-CDOC-119sdoc5-2.pdf,980,2456,data,True,971,2447,SENATOR ELISSA SLOTKIN,2025,197,58,block_data
119sdoc5,GPO-CDOC-119sdoc5-2.pdf,981,2457,data,True,971,2447,SENATOR ELISSA SLOTKIN,2025,193,58,block_data
119sdoc5,GPO-CDOC-119sdoc5-2.pdf,982,2458,data,True,971,2447,SENATOR ELISSA SLOTKIN,2025,200,57,block_data
119sdoc5,GPO-CDOC-119sdoc5-2.pdf,983,2459,data,True,971,2447,SENATOR ELISSA SLOTKIN,2025,192,58,block_data
119sdoc5,GPO-CDOC-119sdoc5-2.pdf,984,2460,data,True,971,2447,SENATOR ELISSA SLOTKIN,2025,194,59,block_data
119sdoc5,GPO-CDOC-119sdoc5-2.pdf,985,2461,data,True,971,2447,SENATOR ELISSA SLOTKIN,2025,206,58,block_data
119sdoc5,GPO-CDOC-119sdoc5-2.pdf,986,2462,data,True,971,2447,SENATOR ELISSA SLOTKIN,2025,191,58,block_data
119sdoc5,GPO-CDOC-119sdoc5-2.pdf,987,2463,data,True,971,2447,SENATOR ELISSA SLOTKIN,2025,203,58,block_data
119sdoc5,GPO-CDOC-119sdoc5-2.pdf,988,2464,data,True,971,2447,SENATOR ELISSA SLOTKIN,2025,201,58,block_data
119sdoc5,GPO-CDOC-119sdoc5-2.pdf,989,2465,data,True,971,2447,SENATOR ELISSA SLOTKIN,2025,197,58,block_data
119sdoc5,GPO-CDOC-119sdoc5-2.pdf,990,2466,data,True,971,2447,SENATOR ELISSA SLOTKIN,2025,207,58,block_data
119sdoc5,GPO-CDOC-119sdoc5-2.pdf,991,2467,data,True,971,2447,SENATOR ELISSA SLOTKIN,2025,190,59,block_data
119sdoc5,GPO-CDOC-119sdoc5-2.pdf,992,2468,data,True,971,2447,SENATOR ELISSA SLOTKIN,2025,185,59,block_data
119sdoc5,GPO-CDOC-119sdoc5-2.pdf,993,2469,data,True,971,2447,SENATOR ELISSA SLOTKIN,2025,196,58,block_data
119sdoc5,GPO-CDOC-119sdoc5-2.pdf,994,2470,data,True,971,2447,SENATOR ELISSA SLOTKIN,2025,206,58,block_data
119sdoc5,GPO-CDOC-119sdoc5-2.pdf,995,2471,data,True,971,2447,SENATOR ELISSA SLOTKIN,2025,143,37,block_data
119sdoc5,GPO-CDOC-119sdoc5-2.pdf,996,2472,banner,True,996,2472,INTERN COMPENSATION - SLOTKIN,2025,101,42,block_start
119sdoc5,GPO-CDOC-119sdoc5-2.pdf,997,2473,banner,True,997,2473,SENATOR TINA SMITH,2023,70,30,block_start
119sdoc5,GPO-CDOC-119sdoc5-2.pdf,998,2474,banner,True,998,2474,INTERN COMPENSATION - SMITH,2023,55,28,block_start
119sdoc5,GPO-CDOC-119sdoc5-2.pdf,999,2475,banner,True,999,2475,SENATOR TINA SMITH,2024,70,30,block_start
119sdoc5,GPO-CDOC-119sdoc5-2.pdf,1000,2476,banner,True,1000,2476,INTERN COMPENSATION - SMITH,2024,55,28,block_start
119sdoc5,GPO-CDOC-119sdoc5-2.pdf,1001,2477,banner,True,1001,2477,SENATOR TINA SMITH,2025,136,55,block_start
119sdoc5,GPO-CDOC-119sdoc5-2.pdf,1002,2478,data,True,1001,2477,SENATOR TINA SMITH,2025,166,57,block_data
119sdoc5,GPO-CDOC-119sdoc5-2.pdf,1003,2479,data,True,1001,2477,SENATOR TINA SMITH,2025,190,58,block_data
119sdoc5,GPO-CDOC-119sdoc5-2.pdf,1004,2480,data,True,1001,2477,SENATOR TINA SMITH,2025,193,57,block_data
119sdoc5,GPO-CDOC-119sdoc5-2.pdf,1005,2481,data,True,1001,2477,SENATOR TINA SMITH,2025,192,58,block_data
119sdoc5,GPO-CDOC-119sdoc5-2.pdf,1006,2482,data,True,1001,2477,SENATOR TINA SMITH,2025,199,58,block_data
119sdoc5,GPO-CDOC-119sdoc5-2.pdf,1007,2483,data,True,1001,2477,SENATOR TINA SMITH,2025,185,60,block_data
119sdoc5,GPO-CDOC-119sdoc5-2.pdf,1008,2484,data,True,1001,2477,SENATOR TINA SMITH,2025,186,58,block_data
119sdoc5,GPO-CDOC-119sdoc5-2.pdf,1009,2485,data,True,1001,2477,SENATOR TINA SMITH,2025,184,58,block_data
119sdoc5,GPO-CDOC-119sdoc5-2.pdf,1010,2486,data,True,1001,2477,SENATOR TINA SMITH,2025,181,59,block_data
119sdoc5,GPO-CDOC-119sdoc5-2.pdf,1011,2487,data,True,1001,2477,SENATOR TINA SMITH,2025,193,59,block_data
119sdoc5,GPO-CDOC-119sdoc5-2.pdf,1012,2488,data,True,1001,2477,SENATOR TINA SMITH,2025,163,37,block_data
119sdoc5,GPO-CDOC-119sdoc5-2.pdf,1013,2489,banner,True,1013,2489,INTERN COMPENSATION - SMITH,2025,128,51,block_start
119sdoc5,GPO-CDOC-119sdoc5-2.pdf,1014,2490,banner,True,1014,2490,SENATOR DEBBIE A. STABENOW,2023,73,34,block_start
119sdoc5,GPO-CDOC-119sdoc5-2.pdf,1015,2491,banner,True,1015,2491,INTERN COMPENSATION - STABENOW,2023,55,28,block_start
119sdoc5,GPO-CDOC-119sdoc5-2.pdf,1016,2492,banner,True,1016,2492,SENATOR DEBBIE A. STABENOW,2024,70,30,block_start
119sdoc5,GPO-CDOC-119sdoc5-2.pdf,1017,2493,banner,True,1017,2493,INTERN COMPENSATION - STABENOW,2024,55,28,block_start
119sdoc5,GPO-CDOC-119sdoc5-2.pdf,1018,2494,banner,True,1018,2494,SENATOR DEBBIE A. STABENOW,2025,70,30,block_start
119sdoc5,GPO-CDOC-119sdoc5-2.pdf,1019,2495,banner,True,1019,2495,INTERN COMPENSATION - STABENOW,2025,52,27,block_start
119sdoc5,GPO-CDOC-119sdoc5-2.pdf,1020,2496,banner,True,1020,2496,SENATOR DAN SULLIVAN,2023,73,34,block_start
119sdoc5,GPO-CDOC-119sdoc5-2.pdf,1021,2497,banner,True,1021,2497,INTERN COMPENSATION - SULLIVAN,2023,55,28,block_start
119sdoc5,GPO-CDOC-119sdoc5-2.pdf,1022,2498,banner,True,1022,2498,SENATOR DAN SULLIVAN,2024,92,39,block_start
119sdoc5,GPO-CDOC-119sdoc5-2.pdf,1023,2499,banner,True,1023,2499,INTERN COMPENSATION - SULLIVAN,2024,55,28,block_start
119sdoc5,GPO-CDOC-119sdoc5-2.pdf,1024,2500,banner,True,1024,2500,SENATOR DAN SULLIVAN,2025,136,55,block_start
119sdoc5,GPO-CDOC-119sdoc5-2.pdf,1025,2501,data,True,1024,2500,SENATOR DAN SULLIVAN,2025,166,56,block_data
119sdoc5,GPO-CDOC-119sdoc5-2.pdf,1026,2502,data,True,1024,2500,SENATOR DAN SULLIVAN,2025,182,58,block_data
119sdoc5,GPO-CDOC-119sdoc5-2.pdf,1027,2503,data,True,1024,2500,SENATOR DAN SULLIVAN,2025,197,58,block_data
119sdoc5,GPO-CDOC-119sdoc5-2.pdf,1028,2504,data,True,1024,2500,SENATOR DAN SULLIVAN,2025,183,58,block_data
119sdoc5,GPO-CDOC-119sdoc5-2.pdf,1029,2505,data,True,1024,2500,SENATOR DAN SULLIVAN,2025,186,58,block_data
119sdoc5,GPO-CDOC-119sdoc5-2.pdf,1030,2506,data,True,1024,2500,SENATOR DAN SULLIVAN,2025,205,58,block_data
119sdoc5,GPO-CDOC-119sdoc5-2.pdf,1031,2507,data,True,1024,2500,SENATOR DAN SULLIVAN,2025,167,31,block_data
119sdoc5,GPO-CDOC-119sdoc5-2.pdf,1032,2508,banner,True,1032,2508,INTERN COMPENSATION - SULLIVAN,2025,89,38,block_start
119sdoc5,GPO-CDOC-119sdoc5-2.pdf,1033,2509,banner,True,1033,2509,SENATOR JON TESTER,2023,73,34,block_start
119sdoc5,GPO-CDOC-119sdoc5-2.pdf,1034,2510,banner,True,1034,2510,INTERN COMPENSATION - TESTER,2023,55,28,block_start
119sdoc5,GPO-CDOC-119sdoc5-2.pdf,1035,2511,banner,True,1035,2511,SENATOR JON TESTER,2024,73,34,block_start
119sdoc5,GPO-CDOC-119sdoc5-2.pdf,1036,2512,banner,True,1036,2512,INTERN COMPENSATION - TESTER,2024,55,28,block_start
119sdoc5,GPO-CDOC-119sdoc5-2.pdf,1037,2513,banner,True,1037,2513,SENATOR JON TESTER,2025,73,34,block_start
119sdoc5,GPO-CDOC-119sdoc5-2.pdf,1038,2514,banner,True,1038,2514,INTERN COMPENSATION - TESTER,2025,55,28,block_start
119sdoc5,GPO-CDOC-119sdoc5-2.pdf,1039,2515,banner,True,1039,2515,SENATOR JOHN R. THUNE,2023,73,34,block_start
119sdoc5,GPO-CDOC-119sdoc5-2.pdf,1040,2516,banner,True,1040,2516,INTERN COMPENSATION - THUNE,2023,55,28,block_start
119sdoc5,GPO-CDOC-119sdoc5-2.pdf,1041,2517,banner,True,1041,2517,SENATOR JOHN R. THUNE,2024,82,36,block_start
119sdoc5,GPO-CDOC-119sdoc5-2.pdf,1042,2518,banner,True,1042,2518,INTERN COMPENSATION - THUNE,2024,55,28,block_start
119sdoc5,GPO-CDOC-119sdoc5-2.pdf,1043,2519,banner,True,1043,2519,SENATOR JOHN R. THUNE,2025,136,52,block_start
119sdoc5,GPO-CDOC-119sdoc5-2.pdf,1044,2520,data,True,1043,2519,SENATOR JOHN R. THUNE,2025,164,56,block_data
119sdoc5,GPO-CDOC-119sdoc5-2.pdf,1045,2521,data,True,1043,2519,SENATOR JOHN R. THUNE,2025,182,58,block_data
119sdoc5,GPO-CDOC-119sdoc5-2.pdf,1046,2522,data,True,1043,2519,SENATOR JOHN R. THUNE,2025,190,59,block_data
119sdoc5,GPO-CDOC-119sdoc5-2.pdf,1047,2523,data,True,1043,2519,SENATOR JOHN R. THUNE,2025,205,58,block_data
119sdoc5,GPO-CDOC-119sdoc5-2.pdf,1048,2524,data,True,1043,2519,SENATOR JOHN R. THUNE,2025,180,58,block_data
119sdoc5,GPO-CDOC-119sdoc5-2.pdf,1049,2525,data,True,1043,2519,SENATOR JOHN R. THUNE,2025,39,14,block_data
119sdoc5,GPO-CDOC-119sdoc5-2.pdf,1050,2526,banner,True,1050,2526,INTERN COMPENSATION - THUNE,2025,119,48,block_start
119sdoc5,GPO-CDOC-119sdoc5-2.pdf,1051,2527,banner,True,1051,2527,SENATOR THOM TILLIS,2023,73,34,block_start
119sdoc5,GPO-CDOC-119sdoc5-2.pdf,1052,2528,banner,True,1052,2528,INTERN COMPENSATION - TILLIS,2023,55,28,block_start
119sdoc5,GPO-CDOC-119sdoc5-2.pdf,1053,2529,banner,True,1053,2529,SENATOR THOM TILLIS,2024,105,40,block_start
119sdoc5,GPO-CDOC-119sdoc5-2.pdf,1054,2530,banner,True,1054,2530,INTERN COMPENSATION - TILLIS,2024,55,28,block_start
119sdoc5,GPO-CDOC-119sdoc5-2.pdf,1055,2531,banner,True,1055,2531,SENATOR THOM TILLIS,2025,136,55,block_start
119sdoc5,GPO-CDOC-119sdoc5-2.pdf,1056,2532,data,True,1055,2531,SENATOR THOM TILLIS,2025,168,56,block_data
119sdoc5,GPO-CDOC-119sdoc5-2.pdf,1057,2533,data,True,1055,2531,SENATOR THOM TILLIS,2025,181,59,block_data
119sdoc5,GPO-CDOC-119sdoc5-2.pdf,1058,2534,data,True,1055,2531,SENATOR THOM TILLIS,2025,186,59,block_data
119sdoc5,GPO-CDOC-119sdoc5-2.pdf,1059,2535,data,True,1055,2531,SENATOR THOM TILLIS,2025,192,60,block_data
119sdoc5,GPO-CDOC-119sdoc5-2.pdf,1060,2536,data,True,1055,2531,SENATOR THOM TILLIS,2025,183,60,block_data
119sdoc5,GPO-CDOC-119sdoc5-2.pdf,1061,2537,data,True,1055,2531,SENATOR THOM TILLIS,2025,193,58,block_data
119sdoc5,GPO-CDOC-119sdoc5-2.pdf,1062,2538,data,True,1055,2531,SENATOR THOM TILLIS,2025,177,58,block_data
119sdoc5,GPO-CDOC-119sdoc5-2.pdf,1063,2539,data,True,1055,2531,SENATOR THOM TILLIS,2025,181,58,block_data
119sdoc5,GPO-CDOC-119sdoc5-2.pdf,1064,2540,data,True,1055,2531,SENATOR THOM TILLIS,2025,178,57,block_data
119sdoc5,GPO-CDOC-119sdoc5-2.pdf,1065,2541,data,True,1055,2531,SENATOR THOM TILLIS,2025,176,58,block_data
119sdoc5,GPO-CDOC-119sdoc5-2.pdf,1066,2542,data,True,1055,2531,SENATOR THOM TILLIS,2025,174,58,block_data
119sdoc5,GPO-CDOC-119sdoc5-2.pdf,1067,2543,data,True,1055,2531,SENATOR THOM TILLIS,2025,183,59,block_data
119sdoc5,GPO-CDOC-119sdoc5-2.pdf,1068,2544,data,True,1055,2531,SENATOR THOM TILLIS,2025,191,58,block_data
119sdoc5,GPO-CDOC-119sdoc5-2.pdf,1069,2545,data,True,1055,2531,SENATOR THOM TILLIS,2025,163,60,block_data
119sdoc5,GPO-CDOC-119sdoc5-2.pdf,1070,2546,data,True,1055,2531,SENATOR THOM TILLIS,2025,189,59,block_data
119sdoc5,GPO-CDOC-119sdoc5-2.pdf,1071,2547,data,True,1055,2531,SENATOR THOM TILLIS,2025,184,59,block_data
119sdoc5,GPO-CDOC-119sdoc5-2.pdf,1072,2548,data,True,1055,2531,SENATOR THOM TILLIS,2025,192,60,block_data
119sdoc5,GPO-CDOC-119sdoc5-2.pdf,1073,2549,data,True,1055,2531,SENATOR THOM TILLIS,2025,188,59,block_data
119sdoc5,GPO-CDOC-119sdoc5-2.pdf,1074,2550,data,True,1055,2531,SENATOR THOM TILLIS,2025,196,47,block_data
119sdoc5,GPO-CDOC-119sdoc5-2.pdf,1075,2551,banner,True,1075,2551,INTERN COMPENSATION - TILLIS,2025,98,41,block_start
119sdoc5,GPO-CDOC-119sdoc5-2.pdf,1076,2552,banner,True,1076,2552,SENATOR PATRICK J. TOOMEY,2023,70,30,block_start
119sdoc5,GPO-CDOC-119sdoc5-2.pdf,1077,2553,banner,True,1077,2553,INTERN COMPENSATION - TOOMEY,2023,55,28,block_start
119sdoc5,GPO-CDOC-119sdoc5-2.pdf,1078,2554,banner,True,1078,2554,SENATOR TOMMY TUBERVILLE,2023,108,45,block_start
119sdoc5,GPO-CDOC-119sdoc5-2.pdf,1079,2555,banner,True,1079,2555,INTERN COMPENSATION - TUBERVILLE,2023,55,28,block_start
119sdoc5,GPO-CDOC-119sdoc5-2.pdf,1080,2556,banner,True,1080,2556,SENATOR TOMMY TUBERVILLE,2024,77,36,block_start
119sdoc5,GPO-CDOC-119sdoc5-2.pdf,1081,2557,banner,True,1081,2557,INTERN COMPENSATION - TUBERVILLE,2024,55,28,block_start
119sdoc5,GPO-CDOC-119sdoc5-2.pdf,1082,2558,banner,True,1082,2558,SENATOR TOMMY TUBERVILLE,2025,136,55,block_start
119sdoc5,GPO-CDOC-119sdoc5-2.pdf,1083,2559,data,True,1082,2558,SENATOR TOMMY TUBERVILLE,2025,158,57,block_data
119sdoc5,GPO-CDOC-119sdoc5-2.pdf,1084,2560,data,True,1082,2558,SENATOR TOMMY TUBERVILLE,2025,186,59,block_data
119sdoc5,GPO-CDOC-119sdoc5-2.pdf,1085,2561,data,True,1082,2558,SENATOR TOMMY TUBERVILLE,2025,194,58,block_data
119sdoc5,GPO-CDOC-119sdoc5-2.pdf,1086,2562,data,True,1082,2558,SENATOR TOMMY TUBERVILLE,2025,194,59,block_data
119sdoc5,GPO-CDOC-119sdoc5-2.pdf,1087,2563,data,True,1082,2558,SENATOR TOMMY TUBERVILLE,2025,216,58,block_data
119sdoc5,GPO-CDOC-119sdoc5-2.pdf,1088,2564,data,True,1082,2558,SENATOR TOMMY TUBERVILLE,2025,187,59,block_data
119sdoc5,GPO-CDOC-119sdoc5-2.pdf,1089,2565,data,True,1082,2558,SENATOR TOMMY TUBERVILLE,2025,190,58,block_data
119sdoc5,GPO-CDOC-119sdoc5-2.pdf,1090,2566,data,True,1082,2558,SENATOR TOMMY TUBERVILLE,2025,191,59,block_data
119sdoc5,GPO-CDOC-119sdoc5-2.pdf,1091,2567,data,True,1082,2558,SENATOR TOMMY TUBERVILLE,2025,213,58,block_data
119sdoc5,GPO-CDOC-119sdoc5-2.pdf,1092,2568,data,True,1082,2558,SENATOR TOMMY TUBERVILLE,2025,187,58,block_data
119sdoc5,GPO-CDOC-119sdoc5-2.pdf,1093,2569,data,True,1082,2558,SENATOR TOMMY TUBERVILLE,2025,194,59,block_data
119sdoc5,GPO-CDOC-119sdoc5-2.pdf,1094,2570,data,True,1082,2558,SENATOR TOMMY TUBERVILLE,2025,184,60,block_data
119sdoc5,GPO-CDOC-119sdoc5-2.pdf,1095,2571,data,True,1082,2558,SENATOR TOMMY TUBERVILLE,2025,216,58,block_data
119sdoc5,GPO-CDOC-119sdoc5-2.pdf,1096,2572,data,True,1082,2558,SENATOR TOMMY TUBERVILLE,2025,195,58,block_data
119sdoc5,GPO-CDOC-119sdoc5-2.pdf,1097,2573,data,True,1082,2558,SENATOR TOMMY TUBERVILLE,2025,193,53,block_data
119sdoc5,GPO-CDOC-119sdoc5-2.pdf,1098,2574,banner,True,1098,2574,INTERN COMPENSATION - TUBERVILLE,2025,104,43,block_start
119sdoc5,GPO-CDOC-119sdoc5-2.pdf,1099,2575,banner,True,1099,2575,SENATOR JD VANCE,2023,73,34,block_start
119sdoc5,GPO-CDOC-119sdoc5-2.pdf,1100,2576,banner,True,1100,2576,INTERN COMPENSATION - VANCE,2023,55,28,block_start
119sdoc5,GPO-CDOC-119sdoc5-2.pdf,1101,2577,banner,True,1101,2577,SENATOR JD VANCE,2024,73,34,block_start
119sdoc5,GPO-CDOC-119sdoc5-2.pdf,1102,2578,banner,True,1102,2578,INTERN COMPENSATION - VANCE,2024,55,28,block_start
119sdoc5,GPO-CDOC-119sdoc5-2.pdf,1103,2579,banner,True,1103,2579,SENATOR JD VANCE,2025,67,30,block_start
119sdoc5,GPO-CDOC-119sdoc5-2.pdf,1104,2580,banner,True,1104,2580,INTERN COMPENSATION - VANCE,2025,52,27,block_start
119sdoc5,GPO-CDOC-119sdoc5-2.pdf,1105,2581,banner,True,1105,2581,SENATOR CHRIS VAN HOLLEN,2023,73,34,block_start
119sdoc5,GPO-CDOC-119sdoc5-2.pdf,1106,2582,banner,True,1106,2582,INTERN COMPENSATION - VAN HOLLEN,2023,55,28,block_start
119sdoc5,GPO-CDOC-119sdoc5-2.pdf,1107,2583,banner,True,1107,2583,SENATOR CHRIS VAN HOLLEN,2024,73,34,block_start
119sdoc5,GPO-CDOC-119sdoc5-2.pdf,1108,2584,banner,True,1108,2584,INTERN COMPENSATION - VAN HOLLEN,2024,55,28,block_start
119sdoc5,GPO-CDOC-119sdoc5-2.pdf,1109,2585,banner,True,1109,2585,SENATOR CHRIS VAN HOLLEN,2025,136,52,block_start
119sdoc5,GPO-CDOC-119sdoc5-2.pdf,1110,2586,data,True,1109,2585,SENATOR CHRIS VAN HOLLEN,2025,156,56,block_data
119sdoc5,GPO-CDOC-119sdoc5-2.pdf,1111,2587,data,True,1109,2585,SENATOR CHRIS VAN HOLLEN,2025,204,58,block_data
119sdoc5,GPO-CDOC-119sdoc5-2.pdf,1112,2588,data,True,1109,2585,SENATOR CHRIS VAN HOLLEN,2025,205,59,block_data
119sdoc5,GPO-CDOC-119sdoc5-2.pdf,1113,2589,data,True,1109,2585,SENATOR CHRIS VAN HOLLEN,2025,204,58,block_data
119sdoc5,GPO-CDOC-119sdoc5-2.pdf,1114,2590,data,True,1109,2585,SENATOR CHRIS VAN HOLLEN,2025,216,58,block_data
119sdoc5,GPO-CDOC-119sdoc5-2.pdf,1115,2591,data,True,1109,2585,SENATOR CHRIS VAN HOLLEN,2025,199,59,block_data
119sdoc5,GPO-CDOC-119sdoc5-2.pdf,1116,2592,data,True,1109,2585,SENATOR CHRIS VAN HOLLEN,2025,216,59,block_data
119sdoc5,GPO-CDOC-119sdoc5-2.pdf,1117,2593,data,True,1109,2585,SENATOR CHRIS VAN HOLLEN,2025,202,58,block_data
119sdoc5,GPO-CDOC-119sdoc5-2.pdf,1118,2594,data,True,1109,2585,SENATOR CHRIS VAN HOLLEN,2025,200,59,block_data
119sdoc5,GPO-CDOC-119sdoc5-2.pdf,1119,2595,data,True,1109,2585,SENATOR CHRIS VAN HOLLEN,2025,201,60,block_data
119sdoc5,GPO-CDOC-119sdoc5-2.pdf,1120,2596,data,True,1109,2585,SENATOR CHRIS VAN HOLLEN,2025,195,58,block_data
119sdoc5,GPO-CDOC-119sdoc5-2.pdf,1121,2597,data,True,1109,2585,SENATOR CHRIS VAN HOLLEN,2025,94,29,block_data
119sdoc5,GPO-CDOC-119sdoc5-2.pdf,1122,2598,banner,True,1122,2598,INTERN COMPENSATION - VAN HOLLEN,2025,128,51,block_start
119sdoc5,GPO-CDOC-119sdoc5-2.pdf,1123,2599,banner,True,1123,2599,SENATOR MARK WARNER,2023,97,42,block_start
119sdoc5,GPO-CDOC-119sdoc5-2.pdf,1124,2600,banner,True,1124,2600,INTERN COMPENSATION - WARNER,2023,55,28,block_start
119sdoc5,GPO-CDOC-119sdoc5-2.pdf,1125,2601,banner,True,1125,2601,SENATOR MARK WARNER,2024,91,41,block_start
119sdoc5,GPO-CDOC-119sdoc5-2.pdf,1126,2602,banner,True,1126,2602,INTERN COMPENSATION - WARNER,2024,55,28,block_start
119sdoc5,GPO-CDOC-119sdoc5-2.pdf,1127,2603,banner,True,1127,2603,SENATOR MARK WARNER,2025,136,55,block_start
119sdoc5,GPO-CDOC-119sdoc5-2.pdf,1128,2604,data,True,1127,2603,SENATOR MARK WARNER,2025,163,56,block_data
119sdoc5,GPO-CDOC-119sdoc5-2.pdf,1129,2605,data,True,1127,2603,SENATOR MARK WARNER,2025,182,58,block_data
119sdoc5,GPO-CDOC-119sdoc5-2.pdf,1130,2606,data,True,1127,2603,SENATOR MARK WARNER,2025,186,57,block_data
119sdoc5,GPO-CDOC-119sdoc5-2.pdf,1131,2607,data,True,1127,2603,SENATOR MARK WARNER,2025,195,59,block_data
119sdoc5,GPO-CDOC-119sdoc5-2.pdf,1132,2608,data,True,1127,2603,SENATOR MARK WARNER,2025,193,60,block_data
119sdoc5,GPO-CDOC-119sdoc5-2.pdf,1133,2609,data,True,1127,2603,SENATOR MARK WARNER,2025,193,58,block_data
119sdoc5,GPO-CDOC-119sdoc5-2.pdf,1134,2610,data,True,1127,2603,SENATOR MARK WARNER,2025,173,59,block_data
119sdoc5,GPO-CDOC-119sdoc5-2.pdf,1135,2611,data,True,1127,2603,SENATOR MARK WARNER,2025,187,58,block_data
119sdoc5,GPO-CDOC-119sdoc5-2.pdf,1136,2612,data,True,1127,2603,SENATOR MARK WARNER,2025,196,58,block_data
119sdoc5,GPO-CDOC-119sdoc5-2.pdf,1137,2613,data,True,1127,2603,SENATOR MARK WARNER,2025,176,60,block_data
119sdoc5,GPO-CDOC-119sdoc5-2.pdf,1138,2614,data,True,1127,2603,SENATOR MARK WARNER,2025,212,58,block_data
119sdoc5,GPO-CDOC-119sdoc5-2.pdf,1139,2615,data,True,1127,2603,SENATOR MARK WARNER,2025,202,58,block_data
119sdoc5,GPO-CDOC-119sdoc5-2.pdf,1140,2616,data,True,1127,2603,SENATOR MARK WARNER,2025,200,58,block_data
119sdoc5,GPO-CDOC-119sdoc5-2.pdf,1141,2617,data,True,1127,2603,SENATOR MARK WARNER,2025,200,58,block_data
119sdoc5,GPO-CDOC-119sdoc5-2.pdf,1142,2618,data,True,1127,2603,SENATOR MARK WARNER,2025,173,60,block_data
119sdoc5,GPO-CDOC-119sdoc5-2.pdf,1143,2619,data,True,1127,2603,SENATOR MARK WARNER,2025,190,58,block_data
119sdoc5,GPO-CDOC-119sdoc5-2.pdf,1144,2620,data,True,1127,2603,SENATOR MARK WARNER,2025,187,59,block_data
119sdoc5,GPO-CDOC-119sdoc5-2.pdf,1145,2621,data,True,1127,2603,SENATOR MARK WARNER,2025,196,58,block_data
119sdoc5,GPO-CDOC-119sdoc5-2.pdf,1146,2622,data,True,1127,2603,SENATOR MARK WARNER,2025,200,59,block_data
119sdoc5,GPO-CDOC-119sdoc5-2.pdf,1147,2623,data,True,1127,2603,SENATOR MARK WARNER,2025,181,59,block_data
119sdoc5,GPO-CDOC-119sdoc5-2.pdf,1148,2624,data,True,1127,2603,SENATOR MARK WARNER,2025,205,58,block_data
119sdoc5,GPO-CDOC-119sdoc5-2.pdf,1149,2625,data,True,1127,2603,SENATOR MARK WARNER,2025,179,58,block_data
119sdoc5,GPO-CDOC-119sdoc5-2.pdf,1150,2626,data,True,1127,2603,SENATOR MARK WARNER,2025,188,59,block_data
119sdoc5,GPO-CDOC-119sdoc5-2.pdf,1151,2627,data,True,1127,2603,SENATOR MARK WARNER,2025,208,58,block_data
119sdoc5,GPO-CDOC-119sdoc5-2.pdf,1152,2628,data,True,1127,2603,SENATOR MARK WARNER,2025,168,43,block_data
119sdoc5,GPO-CDOC-119sdoc5-2.pdf,1153,2629,banner,True,1153,2629,INTERN COMPENSATION - WARNER,2025,142,55,block_start
119sdoc5,GPO-CDOC-119sdoc5-2.pdf,1154,2630,data,True,1153,2629,INTERN COMPENSATION - WARNER,2025,44,20,block_data
119sdoc5,GPO-CDOC-119sdoc5-2.pdf,1155,2631,banner,True,1155,2631,SENATOR RAPHAEL WARNOCK,2023,73,34,block_start
119sdoc5,GPO-CDOC-119sdoc5-2.pdf,1156,2632,banner,True,1156,2632,INTERN COMPENSATION - WARNOCK,2023,55,28,block_start
119sdoc5,GPO-CDOC-119sdoc5-2.pdf,1157,2633,banner,True,1157,2633,SENATOR RAPHAEL WARNOCK,2024,156,53,block_start
119sdoc5,GPO-CDOC-119sdoc5-2.pdf,1158,2634,data,True,1157,2633,SENATOR RAPHAEL WARNOCK,2024,18,11,block_data
119sdoc5,GPO-CDOC-119sdoc5-2.pdf,1159,2635,banner,True,1159,2635,INTERN COMPENSATION - WARNOCK,2024,55,28,block_start
119sdoc5,GPO-CDOC-119sdoc5-2.pdf,1160,2636,banner,True,1160,2636,SENATOR RAPHAEL WARNOCK,2025,136,55,block_start
119sdoc5,GPO-CDOC-119sdoc5-2.pdf,1161,2637,data,True,1160,2636,SENATOR RAPHAEL WARNOCK,2025,166,58,block_data
119sdoc5,GPO-CDOC-119sdoc5-2.pdf,1162,2638,data,True,1160,2636,SENATOR RAPHAEL WARNOCK,2025,185,56,block_data
119sdoc5,GPO-CDOC-119sdoc5-2.pdf,1163,2639,data,True,1160,2636,SENATOR RAPHAEL WARNOCK,2025,202,58,block_data
119sdoc5,GPO-CDOC-119sdoc5-2.pdf,1164,2640,data,True,1160,2636,SENATOR RAPHAEL WARNOCK,2025,203,58,block_data
119sdoc5,GPO-CDOC-119sdoc5-2.pdf,1165,2641,data,True,1160,2636,SENATOR RAPHAEL WARNOCK,2025,191,58,block_data
119sdoc5,GPO-CDOC-119sdoc5-2.pdf,1166,2642,data,True,1160,2636,SENATOR RAPHAEL WARNOCK,2025,204,58,block_data
119sdoc5,GPO-CDOC-119sdoc5-2.pdf,1167,2643,data,True,1160,2636,SENATOR RAPHAEL WARNOCK,2025,191,60,block_data
119sdoc5,GPO-CDOC-119sdoc5-2.pdf,1168,2644,data,True,1160,2636,SENATOR RAPHAEL WARNOCK,2025,211,58,block_data
119sdoc5,GPO-CDOC-119sdoc5-2.pdf,1169,2645,data,True,1160,2636,SENATOR RAPHAEL WARNOCK,2025,194,58,block_data
119sdoc5,GPO-CDOC-119sdoc5-2.pdf,1170,2646,data,True,1160,2636,SENATOR RAPHAEL WARNOCK,2025,206,58,block_data
119sdoc5,GPO-CDOC-119sdoc5-2.pdf,1171,2647,data,True,1160,2636,SENATOR RAPHAEL WARNOCK,2025,201,58,block_data
119sdoc5,GPO-CDOC-119sdoc5-2.pdf,1172,2648,data,True,1160,2636,SENATOR RAPHAEL WARNOCK,2025,193,58,block_data
119sdoc5,GPO-CDOC-119sdoc5-2.pdf,1173,2649,data,True,1160,2636,SENATOR RAPHAEL WARNOCK,2025,204,58,block_data
119sdoc5,GPO-CDOC-119sdoc5-2.pdf,1174,2650,data,True,1160,2636,SENATOR RAPHAEL WARNOCK,2025,194,58,block_data
119sdoc5,GPO-CDOC-119sdoc5-2.pdf,1175,2651,data,True,1160,2636,SENATOR RAPHAEL WARNOCK,2025,203,58,block_data
119sdoc5,GPO-CDOC-119sdoc5-2.pdf,1176,2652,data,True,1160,2636,SENATOR RAPHAEL WARNOCK,2025,205,58,block_data
119sdoc5,GPO-CDOC-119sdoc5-2.pdf,1177,2653,data,True,1160,2636,SENATOR RAPHAEL WARNOCK,2025,202,59,block_data
119sdoc5,GPO-CDOC-119sdoc5-2.pdf,1178,2654,data,True,1160,2636,SENATOR RAPHAEL WARNOCK,2025,217,58,block_data
119sdoc5,GPO-CDOC-119sdoc5-2.pdf,1179,2655,data,True,1160,2636,SENATOR RAPHAEL WARNOCK,2025,192,59,block_data
119sdoc5,GPO-CDOC-119sdoc5-2.pdf,1180,2656,data,True,1160,2636,SENATOR RAPHAEL WARNOCK,2025,200,59,block_data
119sdoc5,GPO-CDOC-119sdoc5-2.pdf,1181,2657,data,True,1160,2636,SENATOR RAPHAEL WARNOCK,2025,200,58,block_data
119sdoc5,GPO-CDOC-119sdoc5-2.pdf,1182,2658,data,True,1160,2636,SENATOR RAPHAEL WARNOCK,2025,204,58,block_data
119sdoc5,GPO-CDOC-119sdoc5-2.pdf,1183,2659,data,True,1160,2636,SENATOR RAPHAEL WARNOCK,2025,198,59,block_data
119sdoc5,GPO-CDOC-119sdoc5-2.pdf,1184,2660,data,True,1160,2636,SENATOR RAPHAEL WARNOCK,2025,212,58,block_data
119sdoc5,GPO-CDOC-119sdoc5-2.pdf,1185,2661,data,True,1160,2636,SENATOR RAPHAEL WARNOCK,2025,216,58,block_data
119sdoc5,GPO-CDOC-119sdoc5-2.pdf,1186,2662,data,True,1160,2636,SENATOR RAPHAEL WARNOCK,2025,199,58,block_data
119sdoc5,GPO-CDOC-119sdoc5-2.pdf,1187,2663,data,True,1160,2636,SENATOR RAPHAEL WARNOCK,2025,201,59,block_data
119sdoc5,GPO-CDOC-119sdoc5-2.pdf,1188,2664,data,True,1160,2636,SENATOR RAPHAEL WARNOCK,2025,115,28,block_data
119sdoc5,GPO-CDOC-119sdoc5-2.pdf,1189,2665,banner,True,1189,2665,INTERN COMPENSATION - WARNOCK,2025,122,49,block_start
119sdoc5,GPO-CDOC-119sdoc5-2.pdf,1190,2666,banner,True,1190,2666,SENATOR ELIZABETH WARREN,2023,73,34,block_start
119sdoc5,GPO-CDOC-119sdoc5-2.pdf,1191,2667,banner,True,1191,2667,INTERN COMPENSATION - WARREN,2023,55,28,block_start
119sdoc5,GPO-CDOC-119sdoc5-2.pdf,1192,2668,banner,True,1192,2668,SENATOR ELIZABETH WARREN,2024,73,34,block_start
119sdoc5,GPO-CDOC-119sdoc5-2.pdf,1193,2669,banner,True,1193,2669,INTERN COMPENSATION - WARREN,2024,55,28,block_start
119sdoc5,GPO-CDOC-119sdoc5-2.pdf,1194,2670,banner,True,1194,2670,SENATOR ELIZABETH WARREN,2025,136,55,block_start
119sdoc5,GPO-CDOC-119sdoc5-2.pdf,1195,2671,data,True,1194,2670,SENATOR ELIZABETH WARREN,2025,166,58,block_data
119sdoc5,GPO-CDOC-119sdoc5-2.pdf,1196,2672,data,True,1194,2670,SENATOR ELIZABETH WARREN,2025,173,56,block_data
119sdoc5,GPO-CDOC-119sdoc5-2.pdf,1197,2673,data,True,1194,2670,SENATOR ELIZABETH WARREN,2025,200,59,block_data
119sdoc5,GPO-CDOC-119sdoc5-2.pdf,1198,2674,data,True,1194,2670,SENATOR ELIZABETH WARREN,2025,208,58,block_data
119sdoc5,GPO-CDOC-119sdoc5-2.pdf,1199,2675,data,True,1194,2670,SENATOR ELIZABETH WARREN,2025,216,58,block_data
119sdoc5,GPO-CDOC-119sdoc5-2.pdf,1200,2676,data,True,1194,2670,SENATOR ELIZABETH WARREN,2025,207,58,block_data
119sdoc5,GPO-CDOC-119sdoc5-2.pdf,1201,2677,data,True,1194,2670,SENATOR ELIZABETH WARREN,2025,217,58,block_data
119sdoc5,GPO-CDOC-119sdoc5-2.pdf,1202,2678,data,True,1194,2670,SENATOR ELIZABETH WARREN,2025,156,37,block_data
119sdoc5,GPO-CDOC-119sdoc5-2.pdf,1203,2679,banner,True,1203,2679,INTERN COMPENSATION - WARREN,2025,95,40,block_start
119sdoc5,GPO-CDOC-119sdoc5-2.pdf,1204,2680,banner,True,1204,2680,SENATOR PETER WELCH,2023,73,34,block_start
119sdoc5,GPO-CDOC-119sdoc5-2.pdf,1205,2681,banner,True,1205,2681,INTERN COMPENSATION - WELCH,2023,55,28,block_start
119sdoc5,GPO-CDOC-119sdoc5-2.pdf,1206,2682,banner,True,1206,2682,SENATOR PETER WELCH,2024,73,34,block_start
119sdoc5,GPO-CDOC-119sdoc5-2.pdf,1207,2683,banner,True,1207,2683,INTERN COMPENSATION - WELCH,2024,55,28,block_start
119sdoc5,GPO-CDOC-119sdoc5-2.pdf,1208,2684,banner,True,1208,2684,SENATOR PETER WELCH,2025,136,55,block_start
119sdoc5,GPO-CDOC-119sdoc5-2.pdf,1209,2685,data,True,1208,2684,SENATOR PETER WELCH,2025,165,56,block_data
119sdoc5,GPO-CDOC-119sdoc5-2.pdf,1210,2686,data,True,1208,2684,SENATOR PETER WELCH,2025,188,57,block_data
119sdoc5,GPO-CDOC-119sdoc5-2.pdf,1211,2687,data,True,1208,2684,SENATOR PETER WELCH,2025,192,58,block_data
119sdoc5,GPO-CDOC-119sdoc5-2.pdf,1212,2688,data,True,1208,2684,SENATOR PETER WELCH,2025,194,59,block_data
119sdoc5,GPO-CDOC-119sdoc5-2.pdf,1213,2689,data,True,1208,2684,SENATOR PETER WELCH,2025,231,59,block_data
119sdoc5,GPO-CDOC-119sdoc5-2.pdf,1214,2690,data,True,1208,2684,SENATOR PETER WELCH,2025,215,59,block_data
119sdoc5,GPO-CDOC-119sdoc5-2.pdf,1215,2691,data,True,1208,2684,SENATOR PETER WELCH,2025,209,58,block_data
119sdoc5,GPO-CDOC-119sdoc5-2.pdf,1216,2692,data,True,1208,2684,SENATOR PETER WELCH,2025,189,59,block_data
119sdoc5,GPO-CDOC-119sdoc5-2.pdf,1217,2693,data,True,1208,2684,SENATOR PETER WELCH,2025,208,59,block_data
119sdoc5,GPO-CDOC-119sdoc5-2.pdf,1218,2694,data,True,1208,2684,SENATOR PETER WELCH,2025,194,58,block_data
119sdoc5,GPO-CDOC-119sdoc5-2.pdf,1219,2695,data,True,1208,2684,SENATOR PETER WELCH,2025,215,59,block_data
119sdoc5,GPO-CDOC-119sdoc5-2.pdf,1220,2696,data,True,1208,2684,SENATOR PETER WELCH,2025,214,57,block_data
119sdoc5,GPO-CDOC-119sdoc5-2.pdf,1221,2697,data,True,1208,2684,SENATOR PETER WELCH,2025,76,20,block_data
119sdoc5,GPO-CDOC-119sdoc5-2.pdf,1222,2698,banner,True,1222,2698,INTERN COMPENSATION - WELCH,2025,80,35,block_start
119sdoc5,GPO-CDOC-119sdoc5-2.pdf,1223,2699,banner,True,1223,2699,SENATOR SHELDON WHITEHOUSE,2023,83,37,block_start
119sdoc5,GPO-CDOC-119sdoc5-2.pdf,1224,2700,banner,True,1224,2700,INTERN COMPENSATION - WHITEHOUSE,2023,55,28,block_start
119sdoc5,GPO-CDOC-119sdoc5-2.pdf,1225,2701,banner,True,1225,2701,SENATOR SHELDON WHITEHOUSE,2024,92,39,block_start
119sdoc5,GPO-CDOC-119sdoc5-2.pdf,1226,2702,banner,True,1226,2702,INTERN COMPENSATION - WHITEHOUSE,2024,55,28,block_start
119sdoc5,GPO-CDOC-119sdoc5-2.pdf,1227,2703,banner,True,1227,2703,SENATOR SHELDON WHITEHOUSE,2025,133,54,block_start
119sdoc5,GPO-CDOC-119sdoc5-2.pdf,1228,2704,data,True,1227,2703,SENATOR SHELDON WHITEHOUSE,2025,158,63,block_data
119sdoc5,GPO-CDOC-119sdoc5-2.pdf,1229,2705,data,True,1227,2703,SENATOR SHELDON WHITEHOUSE,2025,176,56,block_data
119sdoc5,GPO-CDOC-119sdoc5-2.pdf,1230,2706,data,True,1227,2703,SENATOR SHELDON WHITEHOUSE,2025,212,59,block_data
119sdoc5,GPO-CDOC-119sdoc5-2.pdf,1231,2707,data,True,1227,2703,SENATOR SHELDON WHITEHOUSE,2025,212,58,block_data
119sdoc5,GPO-CDOC-119sdoc5-2.pdf,1232,2708,data,True,1227,2703,SENATOR SHELDON WHITEHOUSE,2025,194,58,block_data
119sdoc5,GPO-CDOC-119sdoc5-2.pdf,1233,2709,data,True,1227,2703,SENATOR SHELDON WHITEHOUSE,2025,208,58,block_data
119sdoc5,GPO-CDOC-119sdoc5-2.pdf,1234,2710,data,True,1227,2703,SENATOR SHELDON WHITEHOUSE,2025,218,58,block_data
119sdoc5,GPO-CDOC-119sdoc5-2.pdf,1235,2711,data,True,1227,2703,SENATOR SHELDON WHITEHOUSE,2025,215,58,block_data
119sdoc5,GPO-CDOC-119sdoc5-2.pdf,1236,2712,data,True,1227,2703,SENATOR SHELDON WHITEHOUSE,2025,212,58,block_data
119sdoc5,GPO-CDOC-119sdoc5-2.pdf,1237,2713,data,True,1227,2703,SENATOR SHELDON WHITEHOUSE,2025,208,58,block_data
119sdoc5,GPO-CDOC-119sdoc5-2.pdf,1238,2714,data,True,1227,2703,SENATOR SHELDON WHITEHOUSE,2025,158,40,block_data
119sdoc5,GPO-CDOC-119sdoc5-2.pdf,1239,2715,banner,True,1239,2715,INTERN COMPENSATION - WHITEHOUSE,2025,89,38,block_start
119sdoc5,GPO-CDOC-119sdoc5-2.pdf,1240,2716,banner,True,1240,2716,SENATOR ROGER WICKER,2023,73,34,block_start
119sdoc5,GPO-CDOC-119sdoc5-2.pdf,1241,2717,banner,True,1241,2717,INTERN COMPENSATION - WICKER,2023,55,28,block_start
119sdoc5,GPO-CDOC-119sdoc5-2.pdf,1242,2718,banner,True,1242,2718,SENATOR ROGER WICKER,2024,82,36,block_start
119sdoc5,GPO-CDOC-119sdoc5-2.pdf,1243,2719,banner,True,1243,2719,INTERN COMPENSATION - WICKER,2024,55,28,block_start
119sdoc5,GPO-CDOC-119sdoc5-2.pdf,1244,2720,banner,True,1244,2720,SENATOR ROGER WICKER,2025,136,55,block_start
119sdoc5,GPO-CDOC-119sdoc5-2.pdf,1245,2721,data,True,1244,2720,SENATOR ROGER WICKER,2025,170,57,block_data
119sdoc5,GPO-CDOC-119sdoc5-2.pdf,1246,2722,data,True,1244,2720,SENATOR ROGER WICKER,2025,211,58,block_data
119sdoc5,GPO-CDOC-119sdoc5-2.pdf,1247,2723,data,True,1244,2720,SENATOR ROGER WICKER,2025,211,57,block_data
119sdoc5,GPO-CDOC-119sdoc5-2.pdf,1248,2724,data,True,1244,2720,SENATOR ROGER WICKER,2025,192,59,block_data
119sdoc5,GPO-CDOC-119sdoc5-2.pdf,1249,2725,data,True,1244,2720,SENATOR ROGER WICKER,2025,207,58,block_data
119sdoc5,GPO-CDOC-119sdoc5-2.pdf,1250,2726,data,True,1244,2720,SENATOR ROGER WICKER,2025,212,58,block_data
119sdoc5,GPO-CDOC-119sdoc5-2.pdf,1251,2727,data,True,1244,2720,SENATOR ROGER WICKER,2025,173,59,block_data
119sdoc5,GPO-CDOC-119sdoc5-2.pdf,1252,2728,data,True,1244,2720,SENATOR ROGER WICKER,2025,199,59,block_data
119sdoc5,GPO-CDOC-119sdoc5-2.pdf,1253,2729,data,True,1244,2720,SENATOR ROGER WICKER,2025,114,43,block_data
119sdoc5,GPO-CDOC-119sdoc5-2.pdf,1254,2730,banner,True,1254,2730,INTERN COMPENSATION - WICKER,2025,136,54,block_start
119sdoc5,GPO-CDOC-119sdoc5-2.pdf,1255,2731,data,True,1254,2730,INTERN COMPENSATION - WICKER,2025,16,10,block_data
119sdoc5,GPO-CDOC-119sdoc5-2.pdf,1256,2732,banner,True,1256,2732,SENATOR RON WYDEN,2023,73,34,block_start
119sdoc5,GPO-CDOC-119sdoc5-2.pdf,1257,2733,banner,True,1257,2733,INTERN COMPENSATION - WYDEN,2023,55,28,block_start
119sdoc5,GPO-CDOC-119sdoc5-2.pdf,1258,2734,banner,True,1258,2734,SENATOR RON WYDEN,2024,70,30,block_start
119sdoc5,GPO-CDOC-119sdoc5-2.pdf,1259,2735,banner,True,1259,2735,INTERN COMPENSATION - WYDEN,2024,55,28,block_start
119sdoc5,GPO-CDOC-119sdoc5-2.pdf,1260,2736,banner,True,1260,2736,SENATOR RON WYDEN,2025,131,55,block_start
119sdoc5,GPO-CDOC-119sdoc5-2.pdf,1261,2737,data,True,1260,2736,SENATOR RON WYDEN,2025,163,59,block_data
119sdoc5,GPO-CDOC-119sdoc5-2.pdf,1262,2738,data,True,1260,2736,SENATOR RON WYDEN,2025,197,58,block_data
119sdoc5,GPO-CDOC-119sdoc5-2.pdf,1263,2739,data,True,1260,2736,SENATOR RON WYDEN,2025,183,58,block_data
119sdoc5,GPO-CDOC-119sdoc5-2.pdf,1264,2740,data,True,1260,2736,SENATOR RON WYDEN,2025,186,58,block_data
119sdoc5,GPO-CDOC-119sdoc5-2.pdf,1265,2741,data,True,1260,2736,SENATOR RON WYDEN,2025,167,59,block_data
119sdoc5,GPO-CDOC-119sdoc5-2.pdf,1266,2742,data,True,1260,2736,SENATOR RON WYDEN,2025,198,58,block_data
119sdoc5,GPO-CDOC-119sdoc5-2.pdf,1267,2743,data,True,1260,2736,SENATOR RON WYDEN,2025,212,58,block_data
119sdoc5,GPO-CDOC-119sdoc5-2.pdf,1268,2744,data,True,1260,2736,SENATOR RON WYDEN,2025,198,59,block_data
119sdoc5,GPO-CDOC-119sdoc5-2.pdf,1269,2745,data,True,1260,2736,SENATOR RON WYDEN,2025,193,59,block_data
119sdoc5,GPO-CDOC-119sdoc5-2.pdf,1270,2746,data,True,1260,2736,SENATOR RON WYDEN,2025,188,58,block_data
119sdoc5,GPO-CDOC-119sdoc5-2.pdf,1271,2747,data,True,1260,2736,SENATOR RON WYDEN,2025,197,58,block_data
119sdoc5,GPO-CDOC-119sdoc5-2.pdf,1272,2748,data,True,1260,2736,SENATOR RON WYDEN,2025,205,52,block_data
119sdoc5,GPO-CDOC-119sdoc5-2.pdf,1273,2749,banner,True,1273,2749,INTERN COMPENSATION - WYDEN,2025,74,33,block_start
119sdoc5,GPO-CDOC-119sdoc5-2.pdf,1274,2750,banner,True,1274,2750,SENATOR TODD YOUNG,2023,73,34,block_start
119sdoc5,GPO-CDOC-119sdoc5-2.pdf,1275,2751,banner,True,1275,2751,INTERN COMPENSATION - YOUNG,2023,55,28,block_start
119sdoc5,GPO-CDOC-119sdoc5-2.pdf,1276,2752,banner,True,1276,2752,SENATOR TODD YOUNG,2024,126,50,block_start
119sdoc5,GPO-CDOC-119sdoc5-2.pdf,1277,2753,banner,True,1277,2753,INTERN COMPENSATION - YOUNG,2024,55,28,block_start
119sdoc5,GPO-CDOC-119sdoc5-2.pdf,1278,2754,banner,True,1278,2754,SENATOR TODD YOUNG,2025,136,52,block_start
119sdoc5,GPO-CDOC-119sdoc5-2.pdf,1279,2755,data,True,1278,2754,SENATOR TODD YOUNG,2025,173,56,block_data
119sdoc5,GPO-CDOC-119sdoc5-2.pdf,1280,2756,data,True,1278,2754,SENATOR TODD YOUNG,2025,195,59,block_data
119sdoc5,GPO-CDOC-119sdoc5-2.pdf,1281,2757,data,True,1278,2754,SENATOR TODD YOUNG,2025,184,60,block_data
119sdoc5,GPO-CDOC-119sdoc5-2.pdf,1282,2758,data,True,1278,2754,SENATOR TODD YOUNG,2025,176,59,block_data
119sdoc5,GPO-CDOC-119sdoc5-2.pdf,1283,2759,data,True,1278,2754,SENATOR TODD YOUNG,2025,180,59,block_data
119sdoc5,GPO-CDOC-119sdoc5-2.pdf,1284,2760,data,True,1278,2754,SENATOR TODD YOUNG,2025,184,62,block_data
119sdoc5,GPO-CDOC-119sdoc5-2.pdf,1285,2761,data,True,1278,2754,SENATOR TODD YOUNG,2025,211,58,block_data
119sdoc5,GPO-CDOC-119sdoc5-2.pdf,1286,2762,data,True,1278,2754,SENATOR TODD YOUNG,2025,191,60,block_data
119sdoc5,GPO-CDOC-119sdoc5-2.pdf,1287,2763,data,True,1278,2754,SENATOR TODD YOUNG,2025,186,57,block_data
119sdoc5,GPO-CDOC-119sdoc5-2.pdf,1288,2764,data,True,1278,2754,SENATOR TODD YOUNG,2025,172,59,block_data
119sdoc5,GPO-CDOC-119sdoc5-2.pdf,1289,2765,data,True,1278,2754,SENATOR TODD YOUNG,2025,178,59,block_data
119sdoc5,GPO-CDOC-119sdoc5-2.pdf,1290,2766,data,True,1278,2754,SENATOR TODD YOUNG,2025,189,59,block_data
119sdoc5,GPO-CDOC-119sdoc5-2.pdf,1291,2767,data,True,1278,2754,SENATOR TODD YOUNG,2025,187,59,block_data
119sdoc5,GPO-CDOC-119sdoc5-2.pdf,1292,2768,data,True,1278,2754,SENATOR TODD YOUNG,2025,138,31,block_data
119sdoc5,GPO-CDOC-119sdoc5-2.pdf,1293,2769,banner,True,1293,2769,INTERN COMPENSATION - YOUNG,2025,142,55,block_start
119sdoc5,GPO-CDOC-119sdoc5-2.pdf,1294,2770,data,True,1293,2769,INTERN COMPENSATION - YOUNG,2025,20,12,block_data
119sdoc5,GPO-CDOC-119sdoc5-2.pdf,1295,2771,banner,True,1295,2771,STATIONERY,,75,33,block_start
119sdoc5,GPO-CDOC-119sdoc5-2.pdf,1296,2772,banner,True,1296,2772,LEGAL COUNSEL,2023,66,29,block_start
119sdoc5,GPO-CDOC-119sdoc5-2.pdf,1297,2773,banner,True,1297,2773,LEGAL COUNSEL,2024,69,29,block_start
119sdoc5,GPO-CDOC-119sdoc5-2.pdf,1298,2774,banner,True,1298,2774,LEGAL COUNSEL,2025,116,45,block_start
119sdoc5,GPO-CDOC-119sdoc5-2.pdf,1299,2775,banner,True,1299,2775,SECRETARY FOR THE MAJORITY (D),2023,70,33,block_start
119sdoc5,GPO-CDOC-119sdoc5-2.pdf,1300,2776,banner,True,1300,2776,SECRETARY FOR THE MAJORITY (D),2024,61,32,block_start
119sdoc5,GPO-CDOC-119sdoc5-2.pdf,1301,2777,banner,True,1301,2777,SECRETARY FOR THE MINORITY (D),2025,118,46,block_start
119sdoc5,GPO-CDOC-119sdoc5-2.pdf,1302,2778,banner,True,1302,2778,SECRETARY FOR THE MINORITY (R),2023,67,33,block_start
119sdoc5,GPO-CDOC-119sdoc5-2.pdf,1303,2779,banner,True,1303,2779,SECRETARY FOR THE MINORITY (R),2024,61,32,block_start
119sdoc5,GPO-CDOC-119sdoc5-2.pdf,1304,2780,banner,True,1304,2780,SECRETARY FOR THE MAJORITY (R),2025,89,38,block_start
119sdoc5,GPO-CDOC-119sdoc5-2.pdf,1305,2781,banner,True,1305,2781,SERGEANT AT ARMS AND DOORKEEPER OF THE SENATE,2023,59,32,block_start
119sdoc5,GPO-CDOC-119sdoc5-2.pdf,1306,2782,banner,True,1306,2782,SERGEANT AT ARMS AND DOORKEEPER OF THE SENATE,2024,59,32,block_start
119sdoc5,GPO-CDOC-119sdoc5-2.pdf,1307,2783,banner,True,1307,2783,SERGEANT AT ARMS AND DOORKEEPER OF THE SENATE,2025,59,32,block_start
119sdoc5,GPO-CDOC-119sdoc5-2.pdf,1308,2784,banner,True,1308,2784,SECRETARY OF THE SENATE,2019,58,31,block_start
119sdoc5,GPO-CDOC-119sdoc5-2.pdf,1309,2785,banner,True,1309,2785,SECRETARY OF THE SENATE,2020,61,32,block_start
119sdoc5,GPO-CDOC-119sdoc5-2.pdf,1310,2786,banner,True,1310,2786,SECRETARY OF THE SENATE,2023,58,31,block_start
119sdoc5,GPO-CDOC-119sdoc5-2.pdf,1311,2787,banner,True,1311,2787,SECRETARY OF THE SENATE,2023,58,31,block_start
119sdoc5,GPO-CDOC-119sdoc5-2.pdf,1312,2788,banner,True,1312,2788,SECRETARY OF THE SENATE,2024,58,31,block_start
119sdoc5,GPO-CDOC-119sdoc5-2.pdf,1313,2789,banner,True,1313,2789,SECRETARY OF THE SENATE,2024,58,31,block_start
119sdoc5,GPO-CDOC-119sdoc5-2.pdf,1314,2790,banner,True,1314,2790,SECRETARY OF THE SENATE,2025,70,32,block_start
119sdoc5,GPO-CDOC-119sdoc5-2.pdf,1315,2791,banner,True,1315,2791,SECRETARY OF THE SENATE,2025,58,31,block_start
119sdoc5,GPO-CDOC-119sdoc5-2.pdf,1316,2792,banner,True,1316,2792,SAA - BUSINESS CONTINUITY AND DISASTER RECOVERY FUND,,108,43,block_start
119sdoc5,GPO-CDOC-119sdoc5-2.pdf,1317,2793,banner,True,1317,2793,SERGEANT AT ARMS FELLOWSHIPS FUND,,104,41,block_start
119sdoc5,GPO-CDOC-119sdoc5-2.pdf,1318,2794,banner,True,1318,2794,JOINT ECONOMIC COMMITTEE,2023,72,33,block_start
119sdoc5,GPO-CDOC-119sdoc5-2.pdf,1319,2795,banner,True,1319,2795,JOINT ECONOMIC COMMITTEE,2024,72,33,block_start
119sdoc5,GPO-CDOC-119sdoc5-2.pdf,1320,2796,banner,True,1320,2796,JOINT ECONOMIC COMMITTEE,2025,133,55,block_start
119sdoc5,GPO-CDOC-119sdoc5-2.pdf,1321,2797,data,True,1320,2796,JOINT ECONOMIC COMMITTEE,2025,166,57,block_data
119sdoc5,GPO-CDOC-119sdoc5-2.pdf,1322,2798,data,True,1320,2796,JOINT ECONOMIC COMMITTEE,2025,164,36,block_data
119sdoc5,GPO-CDOC-119sdoc5-2.pdf,1323,2799,banner,True,1323,2799,LEGISLATIVE COUNSEL,2023,69,29,block_start
119sdoc5,GPO-CDOC-119sdoc5-2.pdf,1324,2800,banner,True,1324,2800,LEGISLATIVE COUNSEL,2024,69,29,block_start
119sdoc5,GPO-CDOC-119sdoc5-2.pdf,1325,2801,banner,True,1325,2801,LEGISLATIVE COUNSEL,2025,135,52,block_start
119sdoc5,GPO-CDOC-119sdoc5-2.pdf,1326,2802,data,True,1325,2801,LEGISLATIVE COUNSEL,2025,137,47,block_data
119sdoc5,GPO-CDOC-119sdoc5-2.pdf,1327,2803,banner,True,1327,2803,JOINT CONGRESSIONAL COMMITTEE ON INAUGURAL CEREMONIES,2024,125,52,block_start
119sdoc5,GPO-CDOC-119sdoc5-2.pdf,1328,2804,data,True,1327,2803,JOINT CONGRESSIONAL COMMITTEE ON INAUGURAL CEREMONIES,2024,125,34,block_data
119sdoc5,GPO-CDOC-119sdoc5-2.pdf,1329,2805,banner,True,1329,2805,OFFICE OF CONGRESSIONAL ACCESSIBILITY SERVICES,2023,67,30,block_start
119sdoc5,GPO-CDOC-119sdoc5-2.pdf,1330,2806,banner,True,1330,2806,OFFICE OF CONGRESSIONAL ACCESSIBILITY SERVICES,2024,70,30,block_start
119sdoc5,GPO-CDOC-119sdoc5-2.pdf,1331,2807,banner,True,1331,2807,OFFICE OF CONGRESSIONAL ACCESSIBILITY SERVICES,2025,156,52,block_start
119sdoc5,GPO-CDOC-119sdoc5-2.pdf,1332,2808,data,True,1331,2807,OFFICE OF CONGRESSIONAL ACCESSIBILITY SERVICES,2025,366,58,block_data
119sdoc5,GPO-CDOC-119sdoc5-2.pdf,1333,2809,data,True,1331,2807,OFFICE OF CONGRESSIONAL ACCESSIBILITY SERVICES,2025,242,41,block_data
119sdoc5,GPO-CDOC-119sdoc5-2.pdf,1334,2810,banner,True,1334,2810,OFFICE OF CONGRESSIONAL ACCESSIBILITY SERVICES,,55,28,block_start
119sdoc5,GPO-CDOC-119sdoc5-2.pdf,1335,2811,banner,True,1335,2811,COMPUTER CENTER REVOLVING FUND,,54,27,block_start
119sdoc5,GPO-CDOC-119sdoc5-2.pdf,1336,2812,banner,True,1336,2812,HEALTH AND PROMOTION,,60,29,block_start
119sdoc5,GPO-CDOC-119sdoc5-2.pdf,1337,2813,banner,True,1337,2813,PUBLIC RECORDS,,70,30,block_start
119sdoc5,GPO-CDOC-119sdoc5-2.pdf,1338,2814,banner,True,1338,2814,GIFT SHOP,,165,52,block_start
119sdoc5,GPO-CDOC-119sdoc5-2.pdf,1339,2815,data,True,1338,2814,GIFT SHOP,,18,11,block_data
119sdoc5,GPO-CDOC-119sdoc5-2.pdf,1340,2816,banner,True,1340,2816,PHOTOGRAPHIC STUDIO,,106,40,block_start
119sdoc5,GPO-CDOC-119sdoc5-2.pdf,1341,2817,banner,True,1341,2817,RECORDING STUDIO,,125,42,block_start
119sdoc5,GPO-CDOC-119sdoc5-2.pdf,1342,2818,banner,True,1342,2818,DANIEL WEBSTER SENATE PAGE RESIDENCE,,189,52,block_start
119sdoc5,GPO-CDOC-119sdoc5-2.pdf,1343,2819,data,True,1342,2818,DANIEL WEBSTER SENATE PAGE RESIDENCE,,18,11,block_data
119sdoc5,GPO-CDOC-119sdoc5-2.pdf,1344,2820,banner,True,1344,2820,SENATE HAIR CARE,,200,52,block_start
119sdoc5,GPO-CDOC-119sdoc5-2.pdf,1345,2821,data,True,1344,2820,SENATE HAIR CARE,,195,36,block_data
119sdoc5,GPO-CDOC-119sdoc5-2.pdf,1346,2822,other,False,1344,2820,SENATE HAIR CARE,,0,0,terminates_block
119sdoc5,GPO-CDOC-119sdoc5-2.pdf,1347,2823,banner,True,1347,2823,"AGRICULTURE, NUTRITION AND FORESTRY S.RES. 70D (117TH) EXPENSES OF INQUIRIES AND INVESTIGATIONS",,71,29,block_start
119sdoc5,GPO-CDOC-119sdoc5-2.pdf,1348,2824,banner,True,1348,2824,"AGRICULTURE, NUTRITION AND FORESTRY S.RES. 59B (118TH) EXPENSES OF INQUIRIES AND INVESTIGATIONS",,71,29,block_start
119sdoc5,GPO-CDOC-119sdoc5-2.pdf,1349,2825,banner,True,1349,2825,"AGRICULTURE, NUTRITION AND FORESTRY S.RES. 59C (118TH) EXPENSES OF INQUIRIES AND INVESTIGATIONS",,71,29,block_start
119sdoc5,GPO-CDOC-119sdoc5-2.pdf,1350,2826,banner,True,1350,2826,"AGRICULTURE, NUTRITION AND FORESTRY S.RES. 59D (118TH) EXPENSES OF INQUIRIES AND INVESTIGATIONS",,155,47,block_start
119sdoc5,GPO-CDOC-119sdoc5-2.pdf,1351,2827,banner,True,1351,2827,"AGRICULTURE, NUTRITION AND FORESTRY S.RES. 94B (119TH) EXPENSES OF INQUIRIES AND INVESTIGATIONS",,133,53,block_start
119sdoc5,GPO-CDOC-119sdoc5-2.pdf,1352,2828,data,True,1351,2827,"AGRICULTURE, NUTRITION AND FORESTRY S.RES. 94B (119TH) EXPENSES OF INQUIRIES AND INVESTIGATIONS",,165,57,block_data
119sdoc5,GPO-CDOC-119sdoc5-2.pdf,1353,2829,data,True,1351,2827,"AGRICULTURE, NUTRITION AND FORESTRY S.RES. 94B (119TH) EXPENSES OF INQUIRIES AND INVESTIGATIONS",,159,58,block_data
119sdoc5,GPO-CDOC-119sdoc5-2.pdf,1354,2830,data,True,1351,2827,"AGRICULTURE, NUTRITION AND FORESTRY S.RES. 94B (119TH) EXPENSES OF INQUIRIES AND INVESTIGATIONS",,167,58,block_data
119sdoc5,GPO-CDOC-119sdoc5-2.pdf,1355,2831,data,True,1351,2827,"AGRICULTURE, NUTRITION AND FORESTRY S.RES. 94B (119TH) EXPENSES OF INQUIRIES AND INVESTIGATIONS",,210,59,block_data
119sdoc5,GPO-CDOC-119sdoc5-2.pdf,1356,2832,data,True,1351,2827,"AGRICULTURE, NUTRITION AND FORESTRY S.RES. 94B (119TH) EXPENSES OF INQUIRIES AND INVESTIGATIONS",,81,20,block_data
119sdoc5,GPO-CDOC-119sdoc5-2.pdf,1357,2833,banner,True,1357,2833,ARMED SERVICES S.RES. 70D (117TH) EXPENSES OF INQUIRIES AND INVESTIGATIONS,,72,31,block_start
119sdoc5,GPO-CDOC-119sdoc5-2.pdf,1358,2834,banner,True,1358,2834,ARMED SERVICES S.RES. 59B (118TH) EXPENSES OF INQUIRIES AND INVESTIGATIONS,,69,31,block_start
119sdoc5,GPO-CDOC-119sdoc5-2.pdf,1359,2835,banner,True,1359,2835,ARMED SERVICES S.RES. 59C (118TH) EXPENSES OF INQUIRIES AND INVESTIGATIONS,,81,33,block_start
119sdoc5,GPO-CDOC-119sdoc5-2.pdf,1360,2836,banner,True,1360,2836,ARMED SERVICES S.RES. 59D (118TH) EXPENSES OF INQUIRIES AND INVESTIGATIONS,,82,35,block_start
119sdoc5,GPO-CDOC-119sdoc5-2.pdf,1361,2837,banner,True,1361,2837,ARMED SERVICES S.RES. 94B (119TH) EXPENSES OF INQUIRIES AND INVESTIGATIONS,,135,52,block_start
119sdoc5,GPO-CDOC-119sdoc5-2.pdf,1362,2838,data,True,1361,2837,ARMED SERVICES S.RES. 94B (119TH) EXPENSES OF INQUIRIES AND INVESTIGATIONS,,175,53,block_data
119sdoc5,GPO-CDOC-119sdoc5-2.pdf,1363,2839,data,True,1361,2837,ARMED SERVICES S.RES. 94B (119TH) EXPENSES OF INQUIRIES AND INVESTIGATIONS,,230,38,block_data
119sdoc5,GPO-CDOC-119sdoc5-2.pdf,1364,2840,banner,True,1364,2840,"BANKING, HOUSING AND URBAN AFFAIRS S.RES. 70D (117TH) EXPENSES OF INQUIRIES AND INVESTIGATIONS",,72,31,block_start
119sdoc5,GPO-CDOC-119sdoc5-2.pdf,1365,2841,banner,True,1365,2841,"BANKING, HOUSING AND URBAN AFFAIRS S.RES. 59B (118TH) EXPENSES OF INQUIRIES AND INVESTIGATIONS",,72,31,block_start
119sdoc5,GPO-CDOC-119sdoc5-2.pdf,1366,2842,banner,True,1366,2842,"BANKING, HOUSING AND URBAN AFFAIRS S.RES. 59C (118TH) EXPENSES OF INQUIRIES AND INVESTIGATIONS",,72,31,block_start
119sdoc5,GPO-CDOC-119sdoc5-2.pdf,1367,2843,banner,True,1367,2843,"BANKING, HOUSING AND URBAN AFFAIRS S.RES. 59D (118TH) EXPENSES OF INQUIRIES AND INVESTIGATIONS",,97,36,block_start
119sdoc5,GPO-CDOC-119sdoc5-2.pdf,1368,2844,banner,True,1368,2844,"BANKING, HOUSING AND URBAN AFFAIRS S.RES. 94B (119TH) EXPENSES OF INQUIRIES AND INVESTIGATIONS",,133,54,block_start
119sdoc5,GPO-CDOC-119sdoc5-2.pdf,1369,2845,data,True,1368,2844,"BANKING, HOUSING AND URBAN AFFAIRS S.RES. 94B (119TH) EXPENSES OF INQUIRIES AND INVESTIGATIONS",,164,57,block_data
119sdoc5,GPO-CDOC-119sdoc5-2.pdf,1370,2846,data,True,1368,2844,"BANKING, HOUSING AND URBAN AFFAIRS S.RES. 94B (119TH) EXPENSES OF INQUIRIES AND INVESTIGATIONS",,208,55,block_data
119sdoc5,GPO-CDOC-119sdoc5-2.pdf,1371,2847,data,True,1368,2844,"BANKING, HOUSING AND URBAN AFFAIRS S.RES. 94B (119TH) EXPENSES OF INQUIRIES AND INVESTIGATIONS",,146,29,block_data
119sdoc5,GPO-CDOC-119sdoc5-2.pdf,1372,2848,banner,True,1372,2848,BUDGET S.RES. 70D (117TH) EXPENSES OF INQUIRIES AND INVESTIGATIONS,,72,31,block_start
119sdoc5,GPO-CDOC-119sdoc5-2.pdf,1373,2849,banner,True,1373,2849,BUDGET S.RES. 59B (118TH) EXPENSES OF INQUIRIES AND INVESTIGATIONS,,72,31,block_start
119sdoc5,GPO-CDOC-119sdoc5-2.pdf,1374,2850,banner,True,1374,2850,BUDGET S.RES. 59C (118TH) EXPENSES OF INQUIRIES AND INVESTIGATIONS,,69,31,block_start
119sdoc5,GPO-CDOC-119sdoc5-2.pdf,1375,2851,banner,True,1375,2851,BUDGET S.RES. 59D (118TH) EXPENSES OF INQUIRIES AND INVESTIGATIONS,,78,33,block_start
119sdoc5,GPO-CDOC-119sdoc5-2.pdf,1376,2852,banner,True,1376,2852,BUDGET S.RES. 94B (119TH) EXPENSES OF INQUIRIES AND INVESTIGATIONS,,135,53,block_start
119sdoc5,GPO-CDOC-119sdoc5-2.pdf,1377,2853,data,True,1376,2852,BUDGET S.RES. 94B (119TH) EXPENSES OF INQUIRIES AND INVESTIGATIONS,,112,39,block_data
119sdoc5,GPO-CDOC-119sdoc5-2.pdf,1378,2854,banner,True,1378,2854,"COMMERCE, SCIENCE AND TRANSPORTATION S.RES. 70D (117TH) EXPENSES OF INQUIRIES AND INVESTIGATIONS",,72,31,block_start
119sdoc5,GPO-CDOC-119sdoc5-2.pdf,1379,2855,banner,True,1379,2855,"COMMERCE, SCIENCE AND TRANSPORTATION S.RES. 59B (118TH) EXPENSES OF INQUIRIES AND INVESTIGATIONS",,72,31,block_start
119sdoc5,GPO-CDOC-119sdoc5-2.pdf,1380,2856,banner,True,1380,2856,"COMMERCE, SCIENCE AND TRANSPORTATION S.RES. 59C (118TH) EXPENSES OF INQUIRIES AND INVESTIGATIONS",,69,31,block_start
119sdoc5,GPO-CDOC-119sdoc5-2.pdf,1381,2857,banner,True,1381,2857,"COMMERCE, SCIENCE AND TRANSPORTATION S.RES. 59D (118TH) EXPENSES OF INQUIRIES AND INVESTIGATIONS",,88,34,block_start
119sdoc5,GPO-CDOC-119sdoc5-2.pdf,1382,2858,banner,True,1382,2858,"COMMERCE, SCIENCE AND TRANSPORTATION S.RES. 94B (119TH) EXPENSES OF INQUIRIES AND INVESTIGATIONS",,135,52,block_start
119sdoc5,GPO-CDOC-119sdoc5-2.pdf,1383,2859,data,True,1382,2858,"COMMERCE, SCIENCE AND TRANSPORTATION S.RES. 94B (119TH) EXPENSES OF INQUIRIES AND INVESTIGATIONS",,166,56,block_data
119sdoc5,GPO-CDOC-119sdoc5-2.pdf,1384,2860,data,True,1382,2858,"COMMERCE, SCIENCE AND TRANSPORTATION S.RES. 94B (119TH) EXPENSES OF INQUIRIES AND INVESTIGATIONS",,157,54,block_data
119sdoc5,GPO-CDOC-119sdoc5-2.pdf,1385,2861,data,True,1382,2858,"COMMERCE, SCIENCE AND TRANSPORTATION S.RES. 94B (119TH) EXPENSES OF INQUIRIES AND INVESTIGATIONS",,206,57,block_data
119sdoc5,GPO-CDOC-119sdoc5-2.pdf,1386,2862,data,True,1382,2858,"COMMERCE, SCIENCE AND TRANSPORTATION S.RES. 94B (119TH) EXPENSES OF INQUIRIES AND INVESTIGATIONS",,202,35,block_data
119sdoc5,GPO-CDOC-119sdoc5-2.pdf,1387,2863,banner,True,1387,2863,ENERGY AND NATURAL RESOURCES S.RES. 70D (117TH) EXPENSES OF INQUIRIES AND INVESTIGATIONS,,72,31,block_start
119sdoc5,GPO-CDOC-119sdoc5-2.pdf,1388,2864,banner,True,1388,2864,ENERGY AND NATURAL RESOURCES S.RES. 59B (118TH) EXPENSES OF INQUIRIES AND INVESTIGATIONS,,72,31,block_start
119sdoc5,GPO-CDOC-119sdoc5-2.pdf,1389,2865,banner,True,1389,2865,ENERGY AND NATURAL RESOURCES S.RES. 59C (118TH) EXPENSES OF INQUIRIES AND INVESTIGATIONS,,90,35,block_start
119sdoc5,GPO-CDOC-119sdoc5-2.pdf,1390,2866,banner,True,1390,2866,ENERGY AND NATURAL RESOURCES S.RES. 59D (118TH) EXPENSES OF INQUIRIES AND INVESTIGATIONS,,92,36,block_start
119sdoc5,GPO-CDOC-119sdoc5-2.pdf,1391,2867,banner,True,1391,2867,ENERGY AND NATURAL RESOURCES S.RES. 94B (119TH) EXPENSES OF INQUIRIES AND INVESTIGATIONS,,135,53,block_start
119sdoc5,GPO-CDOC-119sdoc5-2.pdf,1392,2868,data,True,1391,2867,ENERGY AND NATURAL RESOURCES S.RES. 94B (119TH) EXPENSES OF INQUIRIES AND INVESTIGATIONS,,160,54,block_data
119sdoc5,GPO-CDOC-119sdoc5-2.pdf,1393,2869,data,True,1391,2867,ENERGY AND NATURAL RESOURCES S.RES. 94B (119TH) EXPENSES OF INQUIRIES AND INVESTIGATIONS,,162,60,block_data
119sdoc5,GPO-CDOC-119sdoc5-2.pdf,1394,2870,data,True,1391,2867,ENERGY AND NATURAL RESOURCES S.RES. 94B (119TH) EXPENSES OF INQUIRIES AND INVESTIGATIONS,,153,62,block_data
119sdoc5,GPO-CDOC-119sdoc5-2.pdf,1395,2871,data,True,1391,2867,ENERGY AND NATURAL RESOURCES S.RES. 94B (119TH) EXPENSES OF INQUIRIES AND INVESTIGATIONS,,199,58,block_data
119sdoc5,GPO-CDOC-119sdoc5-2.pdf,1396,2872,data,True,1391,2867,ENERGY AND NATURAL RESOURCES S.RES. 94B (119TH) EXPENSES OF INQUIRIES AND INVESTIGATIONS,,88,21,block_data
119sdoc5,GPO-CDOC-119sdoc5-2.pdf,1397,2873,banner,True,1397,2873,ENVIRONMENT AND PUBLIC WORKS S.RES. 70D (117TH) EXPENSES OF INQUIRIES AND INVESTIGATIONS,,69,31,block_start
119sdoc5,GPO-CDOC-119sdoc5-2.pdf,1398,2874,banner,True,1398,2874,ENVIRONMENT AND PUBLIC WORKS S.RES. 59B (118TH) EXPENSES OF INQUIRIES AND INVESTIGATIONS,,69,31,block_start
119sdoc5,GPO-CDOC-119sdoc5-2.pdf,1399,2875,banner,True,1399,2875,ENVIRONMENT AND PUBLIC WORKS S.RES. 59C (118TH) EXPENSES OF INQUIRIES AND INVESTIGATIONS,,72,31,block_start
119sdoc5,GPO-CDOC-119sdoc5-2.pdf,1400,2876,banner,True,1400,2876,ENVIRONMENT AND PUBLIC WORKS S.RES. 59D (118TH) EXPENSES OF INQUIRIES AND INVESTIGATIONS,,109,37,block_start
119sdoc5,GPO-CDOC-119sdoc5-2.pdf,1401,2877,banner,True,1401,2877,ENVIRONMENT AND PUBLIC WORKS S.RES. 94B (119TH) EXPENSES OF INQUIRIES AND INVESTIGATIONS,,135,52,block_start
119sdoc5,GPO-CDOC-119sdoc5-2.pdf,1402,2878,data,True,1401,2877,ENVIRONMENT AND PUBLIC WORKS S.RES. 94B (119TH) EXPENSES OF INQUIRIES AND INVESTIGATIONS,,162,57,block_data
119sdoc5,GPO-CDOC-119sdoc5-2.pdf,1403,2879,data,True,1401,2877,ENVIRONMENT AND PUBLIC WORKS S.RES. 94B (119TH) EXPENSES OF INQUIRIES AND INVESTIGATIONS,,189,59,block_data
119sdoc5,GPO-CDOC-119sdoc5-2.pdf,1404,2880,data,True,1401,2877,ENVIRONMENT AND PUBLIC WORKS S.RES. 94B (119TH) EXPENSES OF INQUIRIES AND INVESTIGATIONS,,239,57,block_data
119sdoc5,GPO-CDOC-119sdoc5-2.pdf,1405,2881,data,True,1401,2877,ENVIRONMENT AND PUBLIC WORKS S.RES. 94B (119TH) EXPENSES OF INQUIRIES AND INVESTIGATIONS,,34,14,block_data
119sdoc5,GPO-CDOC-119sdoc5-2.pdf,1406,2882,banner,True,1406,2882,ETHICS COMMITTEE ON ETHICS - FY 2023 EXPENSES OF INQUIRIES AND INVESTIGATIONS,,66,30,block_start
119sdoc5,GPO-CDOC-119sdoc5-2.pdf,1407,2883,banner,True,1407,2883,ETHICS COMMITTEE ON ETHICS - FY 2024 EXPENSES OF INQUIRIES AND INVESTIGATIONS,,69,31,block_start
119sdoc5,GPO-CDOC-119sdoc5-2.pdf,1408,2884,banner,True,1408,2884,ETHICS COMMITTEE ON ETHICS - FY 2025 EXPENSES OF INQUIRIES AND INVESTIGATIONS,,130,51,block_start
119sdoc5,GPO-CDOC-119sdoc5-2.pdf,1409,2885,data,True,1408,2884,ETHICS COMMITTEE ON ETHICS - FY 2025 EXPENSES OF INQUIRIES AND INVESTIGATIONS,,72,24,block_data
119sdoc5,GPO-CDOC-119sdoc5-2.pdf,1410,2886,banner,True,1410,2886,FINANCE S.RES. 70D (117TH) EXPENSES OF INQUIRIES AND INVESTIGATIONS,,69,31,block_start
119sdoc5,GPO-CDOC-119sdoc5-2.pdf,1411,2887,banner,True,1411,2887,FINANCE S.RES. 59B (118TH) EXPENSES OF INQUIRIES AND INVESTIGATIONS,,72,31,block_start
119sdoc5,GPO-CDOC-119sdoc5-2.pdf,1412,2888,banner,True,1412,2888,FINANCE S.RES. 59C (118TH) EXPENSES OF INQUIRIES AND INVESTIGATIONS,,72,31,block_start
119sdoc5,GPO-CDOC-119sdoc5-2.pdf,1413,2889,banner,True,1413,2889,FINANCE S.RES. 59D (118TH) EXPENSES OF INQUIRIES AND INVESTIGATIONS,,69,31,block_start
119sdoc5,GPO-CDOC-119sdoc5-2.pdf,1414,2890,banner,True,1414,2890,FINANCE S.RES. 94B (119TH) EXPENSES OF INQUIRIES AND INVESTIGATIONS,,133,54,block_start
119sdoc5,GPO-CDOC-119sdoc5-2.pdf,1415,2891,data,True,1414,2890,FINANCE S.RES. 94B (119TH) EXPENSES OF INQUIRIES AND INVESTIGATIONS,,151,68,block_data
119sdoc5,GPO-CDOC-119sdoc5-2.pdf,1416,2892,data,True,1414,2890,FINANCE S.RES. 94B (119TH) EXPENSES OF INQUIRIES AND INVESTIGATIONS,,157,65,block_data
119sdoc5,GPO-CDOC-119sdoc5-2.pdf,1417,2893,data,True,1414,2890,FINANCE S.RES. 94B (119TH) EXPENSES OF INQUIRIES AND INVESTIGATIONS,,159,57,block_data
119sdoc5,GPO-CDOC-119sdoc5-2.pdf,1418,2894,data,True,1414,2890,FINANCE S.RES. 94B (119TH) EXPENSES OF INQUIRIES AND INVESTIGATIONS,,270,58,block_data
119sdoc5,GPO-CDOC-119sdoc5-2.pdf,1419,2895,data,True,1414,2890,FINANCE S.RES. 94B (119TH) EXPENSES OF INQUIRIES AND INVESTIGATIONS,,41,15,block_data
119sdoc5,GPO-CDOC-119sdoc5-2.pdf,1420,2896,banner,True,1420,2896,FOREIGN RELATIONS S.RES. 70D (117TH) EXPENSES OF INQUIRIES AND INVESTIGATIONS,,72,31,block_start
119sdoc5,GPO-CDOC-119sdoc5-2.pdf,1421,2897,banner,True,1421,2897,FOREIGN RELATIONS S.RES. 59B (118TH) EXPENSES OF INQUIRIES AND INVESTIGATIONS,,72,31,block_start
119sdoc5,GPO-CDOC-119sdoc5-2.pdf,1422,2898,banner,True,1422,2898,FOREIGN RELATIONS S.RES. 59C (118TH) EXPENSES OF INQUIRIES AND INVESTIGATIONS,,88,34,block_start
119sdoc5,GPO-CDOC-119sdoc5-2.pdf,1423,2899,banner,True,1423,2899,FOREIGN RELATIONS S.RES. 59D (118TH) EXPENSES OF INQUIRIES AND INVESTIGATIONS,,81,33,block_start
119sdoc5,GPO-CDOC-119sdoc5-2.pdf,1424,2900,banner,True,1424,2900,FOREIGN RELATIONS S.RES. 94B (119TH) EXPENSES OF INQUIRIES AND INVESTIGATIONS,,135,52,block_start
119sdoc5,GPO-CDOC-119sdoc5-2.pdf,1425,2901,data,True,1424,2900,FOREIGN RELATIONS S.RES. 94B (119TH) EXPENSES OF INQUIRIES AND INVESTIGATIONS,,164,59,block_data
119sdoc5,GPO-CDOC-119sdoc5-2.pdf,1426,2902,data,True,1424,2900,FOREIGN RELATIONS S.RES. 94B (119TH) EXPENSES OF INQUIRIES AND INVESTIGATIONS,,175,54,block_data
119sdoc5,GPO-CDOC-119sdoc5-2.pdf,1427,2903,data,True,1424,2900,FOREIGN RELATIONS S.RES. 94B (119TH) EXPENSES OF INQUIRIES AND INVESTIGATIONS,,194,59,block_data
119sdoc5,GPO-CDOC-119sdoc5-2.pdf,1428,2904,data,True,1424,2900,FOREIGN RELATIONS S.RES. 94B (119TH) EXPENSES OF INQUIRIES AND INVESTIGATIONS,,203,58,block_data
119sdoc5,GPO-CDOC-119sdoc5-2.pdf,1429,2905,data,True,1424,2900,FOREIGN RELATIONS S.RES. 94B (119TH) EXPENSES OF INQUIRIES AND INVESTIGATIONS,,200,56,block_data
119sdoc5,GPO-CDOC-119sdoc5-2.pdf,1430,2906,data,True,1424,2900,FOREIGN RELATIONS S.RES. 94B (119TH) EXPENSES OF INQUIRIES AND INVESTIGATIONS,,227,55,block_data
119sdoc5,GPO-CDOC-119sdoc5-2.pdf,1431,2907,data,True,1424,2900,FOREIGN RELATIONS S.RES. 94B (119TH) EXPENSES OF INQUIRIES AND INVESTIGATIONS,,305,48,block_data
119sdoc5,GPO-CDOC-119sdoc5-2.pdf,1432,2908,banner,True,1432,2908,HOMELAND SECURITY AND GOVERNMENTAL AFFAIRS S.RES. 70D (117TH) EXPENSES OF INQUIRIES AND INVESTIGATIONS,,73,32,block_start
119sdoc5,GPO-CDOC-119sdoc5-2.pdf,1433,2909,banner,True,1433,2909,HOMELAND SECURITY AND GOVERNMENTAL AFFAIRS S.RES. 59B (118TH) EXPENSES OF INQUIRIES AND INVESTIGATIONS,,73,32,block_start
119sdoc5,GPO-CDOC-119sdoc5-2.pdf,1434,2910,banner,True,1434,2910,HOMELAND SECURITY AND GOVERNMENTAL AFFAIRS S.RES. 59C (118TH) EXPENSES OF INQUIRIES AND INVESTIGATIONS,,73,32,block_start
119sdoc5,GPO-CDOC-119sdoc5-2.pdf,1435,2911,banner,True,1435,2911,HOMELAND SECURITY AND GOVERNMENTAL AFFAIRS S.RES. 59D (118TH) EXPENSES OF INQUIRIES AND INVESTIGATIONS,,163,50,block_start
119sdoc5,GPO-CDOC-119sdoc5-2.pdf,1436,2912,data,True,1435,2911,HOMELAND SECURITY AND GOVERNMENTAL AFFAIRS S.RES. 59D (118TH) EXPENSES OF INQUIRIES AND INVESTIGATIONS,,60,17,block_data
119sdoc5,GPO-CDOC-119sdoc5-2.pdf,1437,2913,banner,True,1437,2913,HOMELAND SECURITY AND GOVERNMENTAL AFFAIRS S.RES. 94B (119TH) EXPENSES OF INQUIRIES AND INVESTIGATIONS,,136,53,block_start
119sdoc5,GPO-CDOC-119sdoc5-2.pdf,1438,2914,data,True,1437,2913,HOMELAND SECURITY AND GOVERNMENTAL AFFAIRS S.RES. 94B (119TH) EXPENSES OF INQUIRIES AND INVESTIGATIONS,,166,56,block_data
119sdoc5,GPO-CDOC-119sdoc5-2.pdf,1439,2915,data,True,1437,2913,HOMELAND SECURITY AND GOVERNMENTAL AFFAIRS S.RES. 94B (119TH) EXPENSES OF INQUIRIES AND INVESTIGATIONS,,166,56,block_data
119sdoc5,GPO-CDOC-119sdoc5-2.pdf,1440,2916,data,True,1437,2913,HOMELAND SECURITY AND GOVERNMENTAL AFFAIRS S.RES. 94B (119TH) EXPENSES OF INQUIRIES AND INVESTIGATIONS,,161,57,block_data
119sdoc5,GPO-CDOC-119sdoc5-2.pdf,1441,2917,data,True,1437,2913,HOMELAND SECURITY AND GOVERNMENTAL AFFAIRS S.RES. 94B (119TH) EXPENSES OF INQUIRIES AND INVESTIGATIONS,,167,59,block_data
119sdoc5,GPO-CDOC-119sdoc5-2.pdf,1442,2918,data,True,1437,2913,HOMELAND SECURITY AND GOVERNMENTAL AFFAIRS S.RES. 94B (119TH) EXPENSES OF INQUIRIES AND INVESTIGATIONS,,160,61,block_data
119sdoc5,GPO-CDOC-119sdoc5-2.pdf,1443,2919,data,True,1437,2913,HOMELAND SECURITY AND GOVERNMENTAL AFFAIRS S.RES. 94B (119TH) EXPENSES OF INQUIRIES AND INVESTIGATIONS,,169,61,block_data
119sdoc5,GPO-CDOC-119sdoc5-2.pdf,1444,2920,data,True,1437,2913,HOMELAND SECURITY AND GOVERNMENTAL AFFAIRS S.RES. 94B (119TH) EXPENSES OF INQUIRIES AND INVESTIGATIONS,,302,51,block_data
119sdoc5,GPO-CDOC-119sdoc5-2.pdf,1445,2921,banner,True,1445,2921,"HEALTH, EDUCATION, LABOR, AND PENSIONS S.RES. 70D (117TH) EXPENSES OF INQUIRIES AND INVESTIGATIONS",,72,31,block_start
119sdoc5,GPO-CDOC-119sdoc5-2.pdf,1446,2922,banner,True,1446,2922,"HEALTH, EDUCATION, LABOR, AND PENSIONS S.RES. 59B (118TH) EXPENSES OF INQUIRIES AND INVESTIGATIONS",,73,33,block_start
119sdoc5,GPO-CDOC-119sdoc5-2.pdf,1447,2923,banner,True,1447,2923,"HEALTH, EDUCATION, LABOR, AND PENSIONS S.RES. 59C (118TH) EXPENSES OF INQUIRIES AND INVESTIGATIONS",,88,39,block_start
119sdoc5,GPO-CDOC-119sdoc5-2.pdf,1448,2924,banner,True,1448,2924,"HEALTH, EDUCATION, LABOR, AND PENSIONS S.RES. 59D (118TH) EXPENSES OF INQUIRIES AND INVESTIGATIONS",,105,39,block_start
119sdoc5,GPO-CDOC-119sdoc5-2.pdf,1449,2925,banner,True,1449,2925,"HEALTH, EDUCATION, LABOR, AND PENSIONS S.RES. 94B (119TH) EXPENSES OF INQUIRIES AND INVESTIGATIONS",,136,54,block_start
119sdoc5,GPO-CDOC-119sdoc5-2.pdf,1450,2926,data,True,1449,2925,"HEALTH, EDUCATION, LABOR, AND PENSIONS S.RES. 94B (119TH) EXPENSES OF INQUIRIES AND INVESTIGATIONS",,167,59,block_data
119sdoc5,GPO-CDOC-119sdoc5-2.pdf,1451,2927,data,True,1449,2925,"HEALTH, EDUCATION, LABOR, AND PENSIONS S.RES. 94B (119TH) EXPENSES OF INQUIRIES AND INVESTIGATIONS",,167,59,block_data
119sdoc5,GPO-CDOC-119sdoc5-2.pdf,1452,2928,data,True,1449,2925,"HEALTH, EDUCATION, LABOR, AND PENSIONS S.RES. 94B (119TH) EXPENSES OF INQUIRIES AND INVESTIGATIONS",,152,56,block_data
119sdoc5,GPO-CDOC-119sdoc5-2.pdf,1453,2929,data,True,1449,2925,"HEALTH, EDUCATION, LABOR, AND PENSIONS S.RES. 94B (119TH) EXPENSES OF INQUIRIES AND INVESTIGATIONS",,175,59,block_data
119sdoc5,GPO-CDOC-119sdoc5-2.pdf,1454,2930,data,True,1449,2925,"HEALTH, EDUCATION, LABOR, AND PENSIONS S.RES. 94B (119TH) EXPENSES OF INQUIRIES AND INVESTIGATIONS",,161,60,block_data
119sdoc5,GPO-CDOC-119sdoc5-2.pdf,1455,2931,data,True,1449,2925,"HEALTH, EDUCATION, LABOR, AND PENSIONS S.RES. 94B (119TH) EXPENSES OF INQUIRIES AND INVESTIGATIONS",,170,58,block_data
119sdoc5,GPO-CDOC-119sdoc5-2.pdf,1456,2932,data,True,1449,2925,"HEALTH, EDUCATION, LABOR, AND PENSIONS S.RES. 94B (119TH) EXPENSES OF INQUIRIES AND INVESTIGATIONS",,196,58,block_data
119sdoc5,GPO-CDOC-119sdoc5-2.pdf,1457,2933,data,True,1449,2925,"HEALTH, EDUCATION, LABOR, AND PENSIONS S.RES. 94B (119TH) EXPENSES OF INQUIRIES AND INVESTIGATIONS",,147,31,block_data
119sdoc5,GPO-CDOC-119sdoc5-2.pdf,1458,2934,banner,True,1458,2934,INDIAN AFFAIRS S.RES. 70D (117TH) EXPENSES OF INQUIRIES AND INVESTIGATIONS,,73,33,block_start
119sdoc5,GPO-CDOC-119sdoc5-2.pdf,1459,2935,banner,True,1459,2935,INDIAN AFFAIRS S.RES. 59B (118TH) EXPENSES OF INQUIRIES AND INVESTIGATIONS,,73,33,block_start
119sdoc5,GPO-CDOC-119sdoc5-2.pdf,1460,2936,banner,True,1460,2936,INDIAN AFFAIRS S.RES. 59C (118TH) EXPENSES OF INQUIRIES AND INVESTIGATIONS,,73,33,block_start
119sdoc5,GPO-CDOC-119sdoc5-2.pdf,1461,2937,banner,True,1461,2937,INDIAN AFFAIRS S.RES. 59D (118TH) EXPENSES OF INQUIRIES AND INVESTIGATIONS,,70,33,block_start
119sdoc5,GPO-CDOC-119sdoc5-2.pdf,1462,2938,banner,True,1462,2938,INDIAN AFFAIRS S.RES. 94B (119TH) EXPENSES OF INQUIRIES AND INVESTIGATIONS,,136,54,block_start
119sdoc5,GPO-CDOC-119sdoc5-2.pdf,1463,2939,data,True,1462,2938,INDIAN AFFAIRS S.RES. 94B (119TH) EXPENSES OF INQUIRIES AND INVESTIGATIONS,,147,56,block_data
119sdoc5,GPO-CDOC-119sdoc5-2.pdf,1464,2940,data,True,1462,2938,INDIAN AFFAIRS S.RES. 94B (119TH) EXPENSES OF INQUIRIES AND INVESTIGATIONS,,169,59,block_data
119sdoc5,GPO-CDOC-119sdoc5-2.pdf,1465,2941,data,True,1462,2938,INDIAN AFFAIRS S.RES. 94B (119TH) EXPENSES OF INQUIRIES AND INVESTIGATIONS,,158,60,block_data
119sdoc5,GPO-CDOC-119sdoc5-2.pdf,1466,2942,data,True,1462,2938,INDIAN AFFAIRS S.RES. 94B (119TH) EXPENSES OF INQUIRIES AND INVESTIGATIONS,,159,58,block_data
119sdoc5,GPO-CDOC-119sdoc5-2.pdf,1467,2943,data,True,1462,2938,INDIAN AFFAIRS S.RES. 94B (119TH) EXPENSES OF INQUIRIES AND INVESTIGATIONS,,177,53,block_data
119sdoc5,GPO-CDOC-119sdoc5-2.pdf,1468,2944,banner,True,1468,2944,INTELLIGENCE S.RES. 70D (117TH) EXPENSES OF INQUIRIES AND INVESTIGATIONS,,73,33,block_start
119sdoc5,GPO-CDOC-119sdoc5-2.pdf,1469,2945,banner,True,1469,2945,INTELLIGENCE S.RES. 59B (118TH) EXPENSES OF INQUIRIES AND INVESTIGATIONS,,73,33,block_start
119sdoc5,GPO-CDOC-119sdoc5-2.pdf,1470,2946,banner,True,1470,2946,INTELLIGENCE S.RES. 59C (118TH) EXPENSES OF INQUIRIES AND INVESTIGATIONS,,113,41,block_start
119sdoc5,GPO-CDOC-119sdoc5-2.pdf,1471,2947,banner,True,1471,2947,INTELLIGENCE S.RES. 59D (118TH) EXPENSES OF INQUIRIES AND INVESTIGATIONS,,119,47,block_start
119sdoc5,GPO-CDOC-119sdoc5-2.pdf,1472,2948,banner,True,1472,2948,INTELLIGENCE S.RES. 94B (119TH) EXPENSES OF INQUIRIES AND INVESTIGATIONS,,136,54,block_start
119sdoc5,GPO-CDOC-119sdoc5-2.pdf,1473,2949,data,True,1472,2948,INTELLIGENCE S.RES. 94B (119TH) EXPENSES OF INQUIRIES AND INVESTIGATIONS,,171,57,block_data
119sdoc5,GPO-CDOC-119sdoc5-2.pdf,1474,2950,data,True,1472,2948,INTELLIGENCE S.RES. 94B (119TH) EXPENSES OF INQUIRIES AND INVESTIGATIONS,,197,61,block_data
119sdoc5,GPO-CDOC-119sdoc5-2.pdf,1475,2951,data,True,1472,2948,INTELLIGENCE S.RES. 94B (119TH) EXPENSES OF INQUIRIES AND INVESTIGATIONS,,82,25,block_data
119sdoc5,GPO-CDOC-119sdoc5-2.pdf,1476,2952,banner,True,1476,2952,JUDICIARY S.RES. 70D (117TH) EXPENSES OF INQUIRIES AND INVESTIGATIONS,,70,33,block_start
119sdoc5,GPO-CDOC-119sdoc5-2.pdf,1477,2953,banner,True,1477,2953,JUDICIARY S.RES. 59B (118TH) EXPENSES OF INQUIRIES AND INVESTIGATIONS,,73,33,block_start
119sdoc5,GPO-CDOC-119sdoc5-2.pdf,1478,2954,banner,True,1478,2954,JUDICIARY S.RES. 59C (118TH) EXPENSES OF INQUIRIES AND INVESTIGATIONS,,73,33,block_start
119sdoc5,GPO-CDOC-119sdoc5-2.pdf,1479,2955,banner,True,1479,2955,JUDICIARY S.RES. 59D (118TH) EXPENSES OF INQUIRIES AND INVESTIGATIONS,,102,40,block_start
119sdoc5,GPO-CDOC-119sdoc5-2.pdf,1480,2956,banner,True,1480,2956,JUDICIARY S.RES. 94B (119TH) EXPENSES OF INQUIRIES AND INVESTIGATIONS,,136,55,block_start
119sdoc5,GPO-CDOC-119sdoc5-2.pdf,1481,2957,data,True,1480,2956,JUDICIARY S.RES. 94B (119TH) EXPENSES OF INQUIRIES AND INVESTIGATIONS,,163,61,block_data
119sdoc5,GPO-CDOC-119sdoc5-2.pdf,1482,2958,data,True,1480,2956,JUDICIARY S.RES. 94B (119TH) EXPENSES OF INQUIRIES AND INVESTIGATIONS,,165,62,block_data
119sdoc5,GPO-CDOC-119sdoc5-2.pdf,1483,2959,data,True,1480,2956,JUDICIARY S.RES. 94B (119TH) EXPENSES OF INQUIRIES AND INVESTIGATIONS,,167,59,block_data
119sdoc5,GPO-CDOC-119sdoc5-2.pdf,1484,2960,data,True,1480,2956,JUDICIARY S.RES. 94B (119TH) EXPENSES OF INQUIRIES AND INVESTIGATIONS,,164,58,block_data
119sdoc5,GPO-CDOC-119sdoc5-2.pdf,1485,2961,data,True,1480,2956,JUDICIARY S.RES. 94B (119TH) EXPENSES OF INQUIRIES AND INVESTIGATIONS,,327,57,block_data
119sdoc5,GPO-CDOC-119sdoc5-2.pdf,1486,2962,data,True,1480,2956,JUDICIARY S.RES. 94B (119TH) EXPENSES OF INQUIRIES AND INVESTIGATIONS,,61,18,block_data
119sdoc5,GPO-CDOC-119sdoc5-2.pdf,1487,2963,banner,True,1487,2963,RULES AND ADMINISTRATION S.RES. 70D (117TH) EXPENSES OF INQUIRIES AND INVESTIGATIONS,,70,33,block_start
119sdoc5,GPO-CDOC-119sdoc5-2.pdf,1488,2964,banner,True,1488,2964,RULES AND ADMINISTRATION S.RES. 59B (118TH) EXPENSES OF INQUIRIES AND INVESTIGATIONS,,73,33,block_start
119sdoc5,GPO-CDOC-119sdoc5-2.pdf,1489,2965,banner,True,1489,2965,RULES AND ADMINISTRATION S.RES. 59C (118TH) EXPENSES OF INQUIRIES AND INVESTIGATIONS,,73,33,block_start
119sdoc5,GPO-CDOC-119sdoc5-2.pdf,1490,2966,banner,True,1490,2966,RULES AND ADMINISTRATION S.RES. 59D (118TH) EXPENSES OF INQUIRIES AND INVESTIGATIONS,,141,46,block_start
119sdoc5,GPO-CDOC-119sdoc5-2.pdf,1491,2967,banner,True,1491,2967,RULES AND ADMINISTRATION S.RES. 94B (119TH) EXPENSES OF INQUIRIES AND INVESTIGATIONS,,136,54,block_start
119sdoc5,GPO-CDOC-119sdoc5-2.pdf,1492,2968,data,True,1491,2967,RULES AND ADMINISTRATION S.RES. 94B (119TH) EXPENSES OF INQUIRIES AND INVESTIGATIONS,,184,57,block_data
119sdoc5,GPO-CDOC-119sdoc5-2.pdf,1493,2969,data,True,1491,2967,RULES AND ADMINISTRATION S.RES. 94B (119TH) EXPENSES OF INQUIRIES AND INVESTIGATIONS,,193,58,block_data
119sdoc5,GPO-CDOC-119sdoc5-2.pdf,1494,2970,data,True,1491,2967,RULES AND ADMINISTRATION S.RES. 94B (119TH) EXPENSES OF INQUIRIES AND INVESTIGATIONS,,19,12,block_data
119sdoc5,GPO-CDOC-119sdoc5-2.pdf,1495,2971,banner,True,1495,2971,SMALL BUSINESS AND ENTREPRENEURSHIP S.RES. 70D (117TH) EXPENSES OF INQUIRIES AND INVESTIGATIONS,,73,33,block_start
119sdoc5,GPO-CDOC-119sdoc5-2.pdf,1496,2972,banner,True,1496,2972,SMALL BUSINESS AND ENTREPRENEURSHIP S.RES. 59B (118TH) EXPENSES OF INQUIRIES AND INVESTIGATIONS,,73,33,block_start
119sdoc5,GPO-CDOC-119sdoc5-2.pdf,1497,2973,banner,True,1497,2973,SMALL BUSINESS AND ENTREPRENEURSHIP S.RES. 59C (118TH) EXPENSES OF INQUIRIES AND INVESTIGATIONS,,73,33,block_start
119sdoc5,GPO-CDOC-119sdoc5-2.pdf,1498,2974,banner,True,1498,2974,SMALL BUSINESS AND ENTREPRENEURSHIP S.RES. 59D (118TH) EXPENSES OF INQUIRIES AND INVESTIGATIONS,,107,43,block_start
119sdoc5,GPO-CDOC-119sdoc5-2.pdf,1499,2975,banner,True,1499,2975,SMALL BUSINESS AND ENTREPRENEURSHIP S.RES. 94B (119TH) EXPENSES OF INQUIRIES AND INVESTIGATIONS,,136,55,block_start
119sdoc5,GPO-CDOC-119sdoc5-2.pdf,1500,2976,data,True,1499,2975,SMALL BUSINESS AND ENTREPRENEURSHIP S.RES. 94B (119TH) EXPENSES OF INQUIRIES AND INVESTIGATIONS,,155,57,block_data
119sdoc5,GPO-CDOC-119sdoc5-2.pdf,1501,2977,data,True,1499,2975,SMALL BUSINESS AND ENTREPRENEURSHIP S.RES. 94B (119TH) EXPENSES OF INQUIRIES AND INVESTIGATIONS,,170,58,block_data
119sdoc5,GPO-CDOC-119sdoc5-2.pdf,1502,2978,data,True,1499,2975,SMALL BUSINESS AND ENTREPRENEURSHIP S.RES. 94B (119TH) EXPENSES OF INQUIRIES AND INVESTIGATIONS,,183,57,block_data
119sdoc5,GPO-CDOC-119sdoc5-2.pdf,1503,2979,data,True,1499,2975,SMALL BUSINESS AND ENTREPRENEURSHIP S.RES. 94B (119TH) EXPENSES OF INQUIRIES AND INVESTIGATIONS,,164,58,block_data
119sdoc5,GPO-CDOC-119sdoc5-2.pdf,1504,2980,data,True,1499,2975,SMALL BUSINESS AND ENTREPRENEURSHIP S.RES. 94B (119TH) EXPENSES OF INQUIRIES AND INVESTIGATIONS,,157,60,block_data
119sdoc5,GPO-CDOC-119sdoc5-2.pdf,1505,2981,data,True,1499,2975,SMALL BUSINESS AND ENTREPRENEURSHIP S.RES. 94B (119TH) EXPENSES OF INQUIRIES AND INVESTIGATIONS,,171,57,block_data
119sdoc5,GPO-CDOC-119sdoc5-2.pdf,1506,2982,data,True,1499,2975,SMALL BUSINESS AND ENTREPRENEURSHIP S.RES. 94B (119TH) EXPENSES OF INQUIRIES AND INVESTIGATIONS,,162,59,block_data
119sdoc5,GPO-CDOC-119sdoc5-2.pdf,1507,2983,data,True,1499,2975,SMALL BUSINESS AND ENTREPRENEURSHIP S.RES. 94B (119TH) EXPENSES OF INQUIRIES AND INVESTIGATIONS,,166,62,block_data
119sdoc5,GPO-CDOC-119sdoc5-2.pdf,1508,2984,data,True,1499,2975,SMALL BUSINESS AND ENTREPRENEURSHIP S.RES. 94B (119TH) EXPENSES OF INQUIRIES AND INVESTIGATIONS,,146,33,block_data
119sdoc5,GPO-CDOC-119sdoc5-2.pdf,1509,2985,banner,True,1509,2985,SPECIAL COMMITTEE ON AGING S.RES. 70D (117TH) EXPENSES OF INQUIRIES AND INVESTIGATIONS,,73,33,block_start
119sdoc5,GPO-CDOC-119sdoc5-2.pdf,1510,2986,banner,True,1510,2986,SPECIAL COMMITTEE ON AGING S.RES. 59B (118TH) EXPENSES OF INQUIRIES AND INVESTIGATIONS,,73,33,block_start
119sdoc5,GPO-CDOC-119sdoc5-2.pdf,1511,2987,banner,True,1511,2987,SPECIAL COMMITTEE ON AGING S.RES. 59C (118TH) EXPENSES OF INQUIRIES AND INVESTIGATIONS,,73,33,block_start
119sdoc5,GPO-CDOC-119sdoc5-2.pdf,1512,2988,banner,True,1512,2988,SPECIAL COMMITTEE ON AGING S.RES. 59D (118TH) EXPENSES OF INQUIRIES AND INVESTIGATIONS,,70,33,block_start
119sdoc5,GPO-CDOC-119sdoc5-2.pdf,1513,2989,banner,True,1513,2989,SPECIAL COMMITTEE ON AGING S.RES. 94B (119TH) EXPENSES OF INQUIRIES AND INVESTIGATIONS,,136,55,block_start
119sdoc5,GPO-CDOC-119sdoc5-2.pdf,1514,2990,data,True,1513,2989,SPECIAL COMMITTEE ON AGING S.RES. 94B (119TH) EXPENSES OF INQUIRIES AND INVESTIGATIONS,,194,58,block_data
119sdoc5,GPO-CDOC-119sdoc5-2.pdf,1515,2991,data,True,1513,2989,SPECIAL COMMITTEE ON AGING S.RES. 94B (119TH) EXPENSES OF INQUIRIES AND INVESTIGATIONS,,26,13,block_data
119sdoc5,GPO-CDOC-119sdoc5-2.pdf,1516,2992,banner,True,1516,2992,VETERANS' AFFAIRS S.RES. 70D (117TH) EXPENSES OF INQUIRIES AND INVESTIGATIONS,,79,35,block_start
119sdoc5,GPO-CDOC-119sdoc5-2.pdf,1517,2993,banner,True,1517,2993,VETERANS' AFFAIRS S.RES. 59B (118TH) EXPENSES OF INQUIRIES AND INVESTIGATIONS,,73,33,block_start
119sdoc5,GPO-CDOC-119sdoc5-2.pdf,1518,2994,banner,True,1518,2994,VETERANS' AFFAIRS S.RES. 59C (118TH) EXPENSES OF INQUIRIES AND INVESTIGATIONS,,73,33,block_start
119sdoc5,GPO-CDOC-119sdoc5-2.pdf,1519,2995,banner,True,1519,2995,VETERANS' AFFAIRS S.RES. 59D (118TH) EXPENSES OF INQUIRIES AND INVESTIGATIONS,,116,41,block_start
119sdoc5,GPO-CDOC-119sdoc5-2.pdf,1520,2996,banner,True,1520,2996,VETERANS' AFFAIRS S.RES. 94B (119TH) EXPENSES OF INQUIRIES AND INVESTIGATIONS,,136,55,block_start
119sdoc5,GPO-CDOC-119sdoc5-2.pdf,1521,2997,data,True,1520,2996,VETERANS' AFFAIRS S.RES. 94B (119TH) EXPENSES OF INQUIRIES AND INVESTIGATIONS,,167,60,block_data
119sdoc5,GPO-CDOC-119sdoc5-2.pdf,1522,2998,data,True,1520,2996,VETERANS' AFFAIRS S.RES. 94B (119TH) EXPENSES OF INQUIRIES AND INVESTIGATIONS,,171,59,block_data
119sdoc5,GPO-CDOC-119sdoc5-2.pdf,1523,2999,data,True,1520,2996,VETERANS' AFFAIRS S.RES. 94B (119TH) EXPENSES OF INQUIRIES AND INVESTIGATIONS,,170,60,block_data
119sdoc5,GPO-CDOC-119sdoc5-2.pdf,1524,3000,data,True,1520,2996,VETERANS' AFFAIRS S.RES. 94B (119TH) EXPENSES OF INQUIRIES AND INVESTIGATIONS,,170,59,block_data
119sdoc5,GPO-CDOC-119sdoc5-2.pdf,1525,3001,data,True,1520,2996,VETERANS' AFFAIRS S.RES. 94B (119TH) EXPENSES OF INQUIRIES AND INVESTIGATIONS,,145,32,block_data
119sdoc5,GPO-CDOC-119sdoc5-2.pdf,1526,3002,banner,True,1526,3002,SPECIAL RESERVES S.RES. 70D (117TH) EXPENSES OF INQUIRIES AND INVESTIGATIONS,,52,27,block_start
119sdoc5,GPO-CDOC-119sdoc5-2.pdf,1527,3003,banner,True,1527,3003,SPECIAL RESERVES S.RES. 59B (118TH) EXPENSES OF INQUIRIES AND INVESTIGATIONS,,52,27,block_start
119sdoc5,GPO-CDOC-119sdoc5-2.pdf,1528,3004,banner,True,1528,3004,SPECIAL RESERVES S.RES. 59C (118TH) EXPENSES OF INQUIRIES AND INVESTIGATIONS,,52,27,block_start
119sdoc5,GPO-CDOC-119sdoc5-2.pdf,1529,3005,banner,True,1529,3005,SPECIAL RESERVES S.RES. 59D (118TH) EXPENSES OF INQUIRIES AND INVESTIGATIONS,,52,27,block_start
119sdoc5,GPO-CDOC-119sdoc5-2.pdf,1530,3006,banner,True,1530,3006,SPECIAL RESERVES S.RES. 94B (119TH) EXPENSES OF INQUIRIES AND INVESTIGATIONS,,52,27,block_start
119sdoc5,GPO-CDOC-119sdoc5-2.pdf,1531,3007,banner,True,1531,3007,MEMBER COMPENSATION,2023,51,24,block_start
119sdoc5,GPO-CDOC-119sdoc5-2.pdf,1532,3008,banner,True,1532,3008,MEMBER COMPENSATION,2024,51,24,block_start
119sdoc5,GPO-CDOC-119sdoc5-2.pdf,1533,3009,banner,True,1533,3009,MEMBER COMPENSATION,2025,138,52,block_start
119sdoc5,GPO-CDOC-119sdoc5-2.pdf,1534,3010,data,True,1533,3009,MEMBER COMPENSATION,2025,162,56,block_data
119sdoc5,GPO-CDOC-119sdoc5-2.pdf,1535,3011,data,True,1533,3009,MEMBER COMPENSATION,2025,87,32,block_data
119sdoc5,GPO-CDOC-119sdoc5-2.pdf,1536,3012,other,False,1533,3009,MEMBER COMPENSATION,2025,0,0,terminates_block
119sdoc5,GPO-CDOC-119sdoc5-2.pdf,1537,3013,other,False,,,,,305,54,non_data
119sdoc5,GPO-CDOC-119sdoc5-2.pdf,1538,3014,other,False,,,,,299,53,non_data
119sdoc5,GPO-CDOC-119sdoc5-2.pdf,1539,3015,other,False,,,,,185,46,non_data
119sdoc5,GPO-CDOC-119sdoc5-2.pdf,1540,3016,other,False,,,,,305,54,non_data
119sdoc5,GPO-CDOC-119sdoc5-2.pdf,1541,3017,other,False,,,,,299,53,non_data
119sdoc5,GPO-CDOC-119sdoc5-2.pdf,1542,3018,other,False,,,,,185,46,non_data
