office,funding_year,account,start_page,label,check_page,expected,actual,status,basis,second_opinion,independent_sum,context
CHAIRMAN MAJORITY CONFERENCE COMMITTEE (D),2010,"EXP. ALLOWANCES OF THE VICE PRES., PRES. PRO TEMPORE, MAJ AND MIN LEADERS AND MAJ AND MIN WHIPS AND CHAIRMEN OF THE MAJ AND MIN CONFERENCE AND POLICY COMMITTEES, SENATE",17,BANNER NET PAYROLL,17,,0.0,not_applicable,banner,,,
CHAIRMAN MAJORITY CONFERENCE COMMITTEE (D),2010,"EXP. ALLOWANCES OF THE VICE PRES., PRES. PRO TEMPORE, MAJ AND MIN LEADERS AND MAJ AND MIN WHIPS AND CHAIRMEN OF THE MAJ AND MIN CONFERENCE AND POLICY COMMITTEES, SENATE",17,BANNER ORGANIZATION TOTALS,17,0.0,0.0,ok,banner,,,
CHAIRMAN MAJORITY CONFERENCE COMMITTEE (D),2011,"EXP. ALLOWANCES OF THE VICE PRES., PRES. PRO TEMPORE, MAJ AND MIN LEADERS AND MAJ AND MIN WHIPS AND CHAIRMEN OF THE MAJ AND MIN CONFERENCE AND POLICY COMMITTEES, SENATE",18,BANNER NET PAYROLL,18,,0.0,not_applicable,banner,,,
CHAIRMAN MAJORITY CONFERENCE COMMITTEE (D),2011,"EXP. ALLOWANCES OF THE VICE PRES., PRES. PRO TEMPORE, MAJ AND MIN LEADERS AND MAJ AND MIN WHIPS AND CHAIRMEN OF THE MAJ AND MIN CONFERENCE AND POLICY COMMITTEES, SENATE",18,BANNER ORGANIZATION TOTALS,18,0.0,0.0,ok,banner,,,
CHAIRMAN MAJORITY CONFERENCE COMMITTEE (D),2012,"EXP. ALLOWANCES OF THE VICE PRES., PRES. PRO TEMPORE, MAJ AND MIN LEADERS AND MAJ AND MIN WHIPS AND CHAIRMEN OF THE MAJ AND MIN CONFERENCE AND POLICY COMMITTEES, SENATE",19,BANNER NET PAYROLL,19,,0.0,not_applicable,banner,,,
CHAIRMAN MAJORITY CONFERENCE COMMITTEE (D),2012,"EXP. ALLOWANCES OF THE VICE PRES., PRES. PRO TEMPORE, MAJ AND MIN LEADERS AND MAJ AND MIN WHIPS AND CHAIRMEN OF THE MAJ AND MIN CONFERENCE AND POLICY COMMITTEES, SENATE",19,BANNER ORGANIZATION TOTALS,19,0.0,0.0,ok,banner,,,
CHAIRMAN MAJORITY POLICY COMMITTEE (D),2010,"EXP. ALLOWANCES OF THE VICE PRES., PRES. PRO TEMPORE, MAJ AND MIN LEADERS AND MAJ AND MIN WHIPS AND CHAIRMEN OF THE MAJ AND MIN CONFERENCE AND POLICY COMMITTEES, SENATE",20,BANNER NET PAYROLL,20,,0.0,not_applicable,banner,,,
CHAIRMAN MAJORITY POLICY COMMITTEE (D),2010,"EXP. ALLOWANCES OF THE VICE PRES., PRES. PRO TEMPORE, MAJ AND MIN LEADERS AND MAJ AND MIN WHIPS AND CHAIRMEN OF THE MAJ AND MIN CONFERENCE AND POLICY COMMITTEES, SENATE",20,BANNER ORGANIZATION TOTALS,20,0.0,0.0,ok,banner,,,
CHAIRMAN MAJORITY POLICY COMMITTEE (D),2011,"EXP. ALLOWANCES OF THE VICE PRES., PRES. PRO TEMPORE, MAJ AND MIN LEADERS AND MAJ AND MIN WHIPS AND CHAIRMEN OF THE MAJ AND MIN CONFERENCE AND POLICY COMMITTEES, SENATE",21,BANNER NET PAYROLL,21,,0.0,not_applicable,banner,,,
CHAIRMAN MAJORITY POLICY COMMITTEE (D),2011,"EXP. ALLOWANCES OF THE VICE PRES., PRES. PRO TEMPORE, MAJ AND MIN LEADERS AND MAJ AND MIN WHIPS AND CHAIRMEN OF THE MAJ AND MIN CONFERENCE AND POLICY COMMITTEES, SENATE",21,BANNER ORGANIZATION TOTALS,21,0.0,0.0,ok,banner,,,
CHAIRMAN MAJORITY POLICY COMMITTEE (D),2012,"EXP. ALLOWANCES OF THE VICE PRES., PRES. PRO TEMPORE, MAJ AND MIN LEADERS AND MAJ AND MIN WHIPS AND CHAIRMEN OF THE MAJ AND MIN CONFERENCE AND POLICY COMMITTEES, SENATE",22,BANNER NET PAYROLL,22,,0.0,not_applicable,banner,,,
CHAIRMAN MAJORITY POLICY COMMITTEE (D),2012,"EXP. ALLOWANCES OF THE VICE PRES., PRES. PRO TEMPORE, MAJ AND MIN LEADERS AND MAJ AND MIN WHIPS AND CHAIRMEN OF THE MAJ AND MIN CONFERENCE AND POLICY COMMITTEES, SENATE",22,BANNER ORGANIZATION TOTALS,22,325.0,0.0,warn,banner,,,banner_only_categories
MAJORITY LEADER (D),2010,"EXP. ALLOWANCES OF THE VICE PRES., PRES. PRO TEMPORE, MAJ AND MIN LEADERS AND MAJ AND MIN WHIPS AND CHAIRMEN OF THE MAJ AND MIN CONFERENCE AND POLICY COMMITTEES, SENATE",23,BANNER NET PAYROLL,23,,0.0,not_applicable,banner,,,
MAJORITY LEADER (D),2010,"EXP. ALLOWANCES OF THE VICE PRES., PRES. PRO TEMPORE, MAJ AND MIN LEADERS AND MAJ AND MIN WHIPS AND CHAIRMEN OF THE MAJ AND MIN CONFERENCE AND POLICY COMMITTEES, SENATE",23,BANNER ORGANIZATION TOTALS,23,0.0,0.0,ok,banner,,,
MAJORITY LEADER (D),2011,"EXP. ALLOWANCES OF THE VICE PRES., PRES. PRO TEMPORE, MAJ AND MIN LEADERS AND MAJ AND MIN WHIPS AND CHAIRMEN OF THE MAJ AND MIN CONFERENCE AND POLICY COMMITTEES, SENATE",24,BANNER NET PAYROLL,24,,0.0,not_applicable,banner,,,
MAJORITY LEADER (D),2011,"EXP. ALLOWANCES OF THE VICE PRES., PRES. PRO TEMPORE, MAJ AND MIN LEADERS AND MAJ AND MIN WHIPS AND CHAIRMEN OF THE MAJ AND MIN CONFERENCE AND POLICY COMMITTEES, SENATE",24,BANNER ORGANIZATION TOTALS,24,1627.85,0.0,warn,banner,,,banner_only_categories
MAJORITY LEADER (D),2012,"EXP. ALLOWANCES OF THE VICE PRES., PRES. PRO TEMPORE, MAJ AND MIN LEADERS AND MAJ AND MIN WHIPS AND CHAIRMEN OF THE MAJ AND MIN CONFERENCE AND POLICY COMMITTEES, SENATE",25,BANNER NET PAYROLL,25,,0.0,not_applicable,banner,,,
MAJORITY LEADER (D),2012,"EXP. ALLOWANCES OF THE VICE PRES., PRES. PRO TEMPORE, MAJ AND MIN LEADERS AND MAJ AND MIN WHIPS AND CHAIRMEN OF THE MAJ AND MIN CONFERENCE AND POLICY COMMITTEES, SENATE",25,BANNER ORGANIZATION TOTALS,25,21875.03,0.0,warn,banner,,,banner_only_categories
MAJORITY WHIP (D),2010,"EXP. ALLOWANCES OF THE VICE PRES., PRES. PRO TEMPORE, MAJ AND MIN LEADERS AND MAJ AND MIN WHIPS AND CHAIRMEN OF THE MAJ AND MIN CONFERENCE AND POLICY COMMITTEES, SENATE",26,BANNER NET PAYROLL,26,,0.0,not_applicable,banner,,,
MAJORITY WHIP (D),2010,"EXP. ALLOWANCES OF THE VICE PRES., PRES. PRO TEMPORE, MAJ AND MIN LEADERS AND MAJ AND MIN WHIPS AND CHAIRMEN OF THE MAJ AND MIN CONFERENCE AND POLICY COMMITTEES, SENATE",26,BANNER ORGANIZATION TOTALS,26,0.0,0.0,ok,banner,,,
MAJORITY WHIP (D),2011,"EXP. ALLOWANCES OF THE VICE PRES., PRES. PRO TEMPORE, MAJ AND MIN LEADERS AND MAJ AND MIN WHIPS AND CHAIRMEN OF THE MAJ AND MIN CONFERENCE AND POLICY COMMITTEES, SENATE",27,BANNER NET PAYROLL,27,,0.0,not_applicable,banner,,,
MAJORITY WHIP (D),2011,"EXP. ALLOWANCES OF THE VICE PRES., PRES. PRO TEMPORE, MAJ AND MIN LEADERS AND MAJ AND MIN WHIPS AND CHAIRMEN OF THE MAJ AND MIN CONFERENCE AND POLICY COMMITTEES, SENATE",27,BANNER ORGANIZATION TOTALS,27,0.0,0.0,ok,banner,,,
MAJORITY WHIP (D),2012,"EXP. ALLOWANCES OF THE VICE PRES., PRES. PRO TEMPORE, MAJ AND MIN LEADERS AND MAJ AND MIN WHIPS AND CHAIRMEN OF THE MAJ AND MIN CONFERENCE AND POLICY COMMITTEES, SENATE",28,BANNER NET PAYROLL,28,,0.0,not_applicable,banner,,,
MAJORITY WHIP (D),2012,"EXP. ALLOWANCES OF THE VICE PRES., PRES. PRO TEMPORE, MAJ AND MIN LEADERS AND MAJ AND MIN WHIPS AND CHAIRMEN OF THE MAJ AND MIN CONFERENCE AND POLICY COMMITTEES, SENATE",28,BANNER ORGANIZATION TOTALS,28,4135.58,0.0,warn,banner,,,banner_only_categories
OFFICE OF THE VICE PRESIDENT (D) - BIDEN,2010,"EXP. ALLOWANCES OF THE VICE PRES., PRES. PRO TEMPORE, MAJ AND MIN LEADERS AND MAJ AND MIN WHIPS AND CHAIRMEN OF THE MAJ AND MIN CONFERENCE AND POLICY COMMITTEES, SENATE",29,BANNER NET PAYROLL,29,,0.0,not_applicable,banner,,,
OFFICE OF THE VICE PRESIDENT (D) - BIDEN,2010,"EXP. ALLOWANCES OF THE VICE PRES., PRES. PRO TEMPORE, MAJ AND MIN LEADERS AND MAJ AND MIN WHIPS AND CHAIRMEN OF THE MAJ AND MIN CONFERENCE AND POLICY COMMITTEES, SENATE",29,BANNER ORGANIZATION TOTALS,29,0.0,0.0,ok,banner,,,
OFFICE OF THE VICE PRESIDENT (D) - BIDEN,2011,"EXP. ALLOWANCES OF THE VICE PRES., PRES. PRO TEMPORE, MAJ AND MIN LEADERS AND MAJ AND MIN WHIPS AND CHAIRMEN OF THE MAJ AND MIN CONFERENCE AND POLICY COMMITTEES, SENATE",30,BANNER NET PAYROLL,30,,0.0,not_applicable,banner,,,
OFFICE OF THE VICE PRESIDENT (D) - BIDEN,2011,"EXP. ALLOWANCES OF THE VICE PRES., PRES. PRO TEMPORE, MAJ AND MIN LEADERS AND MAJ AND MIN WHIPS AND CHAIRMEN OF THE MAJ AND MIN CONFERENCE AND POLICY COMMITTEES, SENATE",30,BANNER ORGANIZATION TOTALS,30,0.0,0.0,ok,banner,,,
OFFICE OF THE VICE PRESIDENT (D) - BIDEN,2012,"EXP. ALLOWANCES OF THE VICE PRES., PRES. PRO TEMPORE, MAJ AND MIN LEADERS AND MAJ AND MIN WHIPS AND CHAIRMEN OF THE MAJ AND MIN CONFERENCE AND POLICY COMMITTEES, SENATE",31,BANNER NET PAYROLL,31,,0.0,not_applicable,banner,,,
OFFICE OF THE VICE PRESIDENT (D) - BIDEN,2012,"EXP. ALLOWANCES OF THE VICE PRES., PRES. PRO TEMPORE, MAJ AND MIN LEADERS AND MAJ AND MIN WHIPS AND CHAIRMEN OF THE MAJ AND MIN CONFERENCE AND POLICY COMMITTEES, SENATE",31,BANNER ORGANIZATION TOTALS,31,295.5,0.0,warn,banner,,,banner_only_categories
PRESIDENT PRO TEMPORE (D),2010,"EXP. ALLOWANCES OF THE VICE PRES., PRES. PRO TEMPORE, MAJ AND MIN LEADERS AND MAJ AND MIN WHIPS AND CHAIRMEN OF THE MAJ AND MIN CONFERENCE AND POLICY COMMITTEES, SENATE",32,BANNER NET PAYROLL,32,,0.0,not_applicable,banner,,,
PRESIDENT PRO TEMPORE (D),2010,"EXP. ALLOWANCES OF THE VICE PRES., PRES. PRO TEMPORE, MAJ AND MIN LEADERS AND MAJ AND MIN WHIPS AND CHAIRMEN OF THE MAJ AND MIN CONFERENCE AND POLICY COMMITTEES, SENATE",32,BANNER ORGANIZATION TOTALS,32,0.0,0.0,ok,banner,,,
PRESIDENT PRO TEMPORE (D),2011,"EXP. ALLOWANCES OF THE VICE PRES., PRES. PRO TEMPORE, MAJ AND MIN LEADERS AND MAJ AND MIN WHIPS AND CHAIRMEN OF THE MAJ AND MIN CONFERENCE AND POLICY COMMITTEES, SENATE",33,BANNER NET PAYROLL,33,0.0,0.0,banner_missing,banner,,,
PRESIDENT PRO TEMPORE (D),2011,"EXP. ALLOWANCES OF THE VICE PRES., PRES. PRO TEMPORE, MAJ AND MIN LEADERS AND MAJ AND MIN WHIPS AND CHAIRMEN OF THE MAJ AND MIN CONFERENCE AND POLICY COMMITTEES, SENATE",33,BANNER ORGANIZATION TOTALS,33,0.0,0.0,ok,banner,,,
PRESIDENT PRO TEMPORE (D),2012,"EXP. ALLOWANCES OF THE VICE PRES., PRES. PRO TEMPORE, MAJ AND MIN LEADERS AND MAJ AND MIN WHIPS AND CHAIRMEN OF THE MAJ AND MIN CONFERENCE AND POLICY COMMITTEES, SENATE",34,PERSONNEL BENEFITS,34,840.0,0.0,component,payroll_component,,,
PRESIDENT PRO TEMPORE (D),2012,"EXP. ALLOWANCES OF THE VICE PRES., PRES. PRO TEMPORE, MAJ AND MIN LEADERS AND MAJ AND MIN WHIPS AND CHAIRMEN OF THE MAJ AND MIN CONFERENCE AND POLICY COMMITTEES, SENATE",34,NET PAYROLL EXPENSES,34,840.0,840.0,ok,segment,,,
PRESIDENT PRO TEMPORE (D),2012,"EXP. ALLOWANCES OF THE VICE PRES., PRES. PRO TEMPORE, MAJ AND MIN LEADERS AND MAJ AND MIN WHIPS AND CHAIRMEN OF THE MAJ AND MIN CONFERENCE AND POLICY COMMITTEES, SENATE",34,BANNER NET PAYROLL,34,840.0,840.0,ok,banner,,,
PRESIDENT PRO TEMPORE (D),2012,"EXP. ALLOWANCES OF THE VICE PRES., PRES. PRO TEMPORE, MAJ AND MIN LEADERS AND MAJ AND MIN WHIPS AND CHAIRMEN OF THE MAJ AND MIN CONFERENCE AND POLICY COMMITTEES, SENATE",34,BANNER ORGANIZATION TOTALS,34,6545.37,840.0,warn,banner,,,banner_only_categories
MINORITY LEADER (R),2010,"EXP. ALLOWANCES OF THE VICE PRES., PRES. PRO TEMPORE, MAJ AND MIN LEADERS AND MAJ AND MIN WHIPS AND CHAIRMEN OF THE MAJ AND MIN CONFERENCE AND POLICY COMMITTEES, SENATE",35,BANNER NET PAYROLL,35,,0.0,not_applicable,banner,,,
MINORITY LEADER (R),2010,"EXP. ALLOWANCES OF THE VICE PRES., PRES. PRO TEMPORE, MAJ AND MIN LEADERS AND MAJ AND MIN WHIPS AND CHAIRMEN OF THE MAJ AND MIN CONFERENCE AND POLICY COMMITTEES, SENATE",35,BANNER ORGANIZATION TOTALS,35,0.0,0.0,ok,banner,,,
MINORITY LEADER (R),2011,"EXP. ALLOWANCES OF THE VICE PRES., PRES. PRO TEMPORE, MAJ AND MIN LEADERS AND MAJ AND MIN WHIPS AND CHAIRMEN OF THE MAJ AND MIN CONFERENCE AND POLICY COMMITTEES, SENATE",36,BANNER NET PAYROLL,36,,0.0,not_applicable,banner,,,
MINORITY LEADER (R),2011,"EXP. ALLOWANCES OF THE VICE PRES., PRES. PRO TEMPORE, MAJ AND MIN LEADERS AND MAJ AND MIN WHIPS AND CHAIRMEN OF THE MAJ AND MIN CONFERENCE AND POLICY COMMITTEES, SENATE",36,BANNER ORGANIZATION TOTALS,36,0.0,0.0,ok,banner,,,
MINORITY LEADER (R),2012,"EXP. ALLOWANCES OF THE VICE PRES., PRES. PRO TEMPORE, MAJ AND MIN LEADERS AND MAJ AND MIN WHIPS AND CHAIRMEN OF THE MAJ AND MIN CONFERENCE AND POLICY COMMITTEES, SENATE",37,BANNER NET PAYROLL,37,,0.0,not_applicable,banner,,,
MINORITY LEADER (R),2012,"EXP. ALLOWANCES OF THE VICE PRES., PRES. PRO TEMPORE, MAJ AND MIN LEADERS AND MAJ AND MIN WHIPS AND CHAIRMEN OF THE MAJ AND MIN CONFERENCE AND POLICY COMMITTEES, SENATE",37,BANNER ORGANIZATION TOTALS,37,9088.04,0.0,warn,banner,,,banner_only_categories
MINORITY WHIP (R),2010,"EXP. ALLOWANCES OF THE VICE PRES., PRES. PRO TEMPORE, MAJ AND MIN LEADERS AND MAJ AND MIN WHIPS AND CHAIRMEN OF THE MAJ AND MIN CONFERENCE AND POLICY COMMITTEES, SENATE",38,BANNER NET PAYROLL,38,,0.0,not_applicable,banner,,,
MINORITY WHIP (R),2010,"EXP. ALLOWANCES OF THE VICE PRES., PRES. PRO TEMPORE, MAJ AND MIN LEADERS AND MAJ AND MIN WHIPS AND CHAIRMEN OF THE MAJ AND MIN CONFERENCE AND POLICY COMMITTEES, SENATE",38,BANNER ORGANIZATION TOTALS,38,0.0,0.0,ok,banner,,,
MINORITY WHIP (R),2011,"EXP. ALLOWANCES OF THE VICE PRES., PRES. PRO TEMPORE, MAJ AND MIN LEADERS AND MAJ AND MIN WHIPS AND CHAIRMEN OF THE MAJ AND MIN CONFERENCE AND POLICY COMMITTEES, SENATE",39,BANNER NET PAYROLL,39,,0.0,not_applicable,banner,,,
MINORITY WHIP (R),2011,"EXP. ALLOWANCES OF THE VICE PRES., PRES. PRO TEMPORE, MAJ AND MIN LEADERS AND MAJ AND MIN WHIPS AND CHAIRMEN OF THE MAJ AND MIN CONFERENCE AND POLICY COMMITTEES, SENATE",39,BANNER ORGANIZATION TOTALS,39,0.0,0.0,ok,banner,,,
MINORITY WHIP (R),2012,"EXP. ALLOWANCES OF THE VICE PRES., PRES. PRO TEMPORE, MAJ AND MIN LEADERS AND MAJ AND MIN WHIPS AND CHAIRMEN OF THE MAJ AND MIN CONFERENCE AND POLICY COMMITTEES, SENATE",40,BANNER NET PAYROLL,40,,0.0,not_applicable,banner,,,
MINORITY WHIP (R),2012,"EXP. ALLOWANCES OF THE VICE PRES., PRES. PRO TEMPORE, MAJ AND MIN LEADERS AND MAJ AND MIN WHIPS AND CHAIRMEN OF THE MAJ AND MIN CONFERENCE AND POLICY COMMITTEES, SENATE",40,BANNER ORGANIZATION TOTALS,40,0.0,0.0,ok,banner,,,
CHAIRMAN MINORITY CONFERENCE COMMITTEE (R),2010,"EXP. ALLOWANCES OF THE VICE PRES., PRES. PRO TEMPORE, MAJ AND MIN LEADERS AND MAJ AND MIN WHIPS AND CHAIRMEN OF THE MAJ AND MIN CONFERENCE AND POLICY COMMITTEES, SENATE",41,BANNER NET PAYROLL,41,,0.0,not_applicable,banner,,,
CHAIRMAN MINORITY CONFERENCE COMMITTEE (R),2010,"EXP. ALLOWANCES OF THE VICE PRES., PRES. PRO TEMPORE, MAJ AND MIN LEADERS AND MAJ AND MIN WHIPS AND CHAIRMEN OF THE MAJ AND MIN CONFERENCE AND POLICY COMMITTEES, SENATE",41,BANNER ORGANIZATION TOTALS,41,0.0,0.0,ok,banner,,,
CHAIRMAN MINORITY CONFERENCE COMMITTEE (R),2011,"EXP. ALLOWANCES OF THE VICE PRES., PRES. PRO TEMPORE, MAJ AND MIN LEADERS AND MAJ AND MIN WHIPS AND CHAIRMEN OF THE MAJ AND MIN CONFERENCE AND POLICY COMMITTEES, SENATE",42,BANNER NET PAYROLL,42,,0.0,not_applicable,banner,,,
CHAIRMAN MINORITY CONFERENCE COMMITTEE (R),2011,"EXP. ALLOWANCES OF THE VICE PRES., PRES. PRO TEMPORE, MAJ AND MIN LEADERS AND MAJ AND MIN WHIPS AND CHAIRMEN OF THE MAJ AND MIN CONFERENCE AND POLICY COMMITTEES, SENATE",42,BANNER ORGANIZATION TOTALS,42,0.0,0.0,ok,banner,,,
CHAIRMAN MINORITY CONFERENCE COMMITTEE (R),2012,"EXP. ALLOWANCES OF THE VICE PRES., PRES. PRO TEMPORE, MAJ AND MIN LEADERS AND MAJ AND MIN WHIPS AND CHAIRMEN OF THE MAJ AND MIN CONFERENCE AND POLICY COMMITTEES, SENATE",43,BANNER NET PAYROLL,43,,0.0,not_applicable,banner,,,
CHAIRMAN MINORITY CONFERENCE COMMITTEE (R),2012,"EXP. ALLOWANCES OF THE VICE PRES., PRES. PRO TEMPORE, MAJ AND MIN LEADERS AND MAJ AND MIN WHIPS AND CHAIRMEN OF THE MAJ AND MIN CONFERENCE AND POLICY COMMITTEES, SENATE",43,BANNER ORGANIZATION TOTALS,43,0.0,0.0,ok,banner,,,
CHAIRMAN MINORITY POLICY COMMITTEE (R),2010,"EXP. ALLOWANCES OF THE VICE PRES., PRES. PRO TEMPORE, MAJ AND MIN LEADERS AND MAJ AND MIN WHIPS AND CHAIRMEN OF THE MAJ AND MIN CONFERENCE AND POLICY COMMITTEES, SENATE",44,BANNER NET PAYROLL,44,,0.0,not_applicable,banner,,,
CHAIRMAN MINORITY POLICY COMMITTEE (R),2010,"EXP. ALLOWANCES OF THE VICE PRES., PRES. PRO TEMPORE, MAJ AND MIN LEADERS AND MAJ AND MIN WHIPS AND CHAIRMEN OF THE MAJ AND MIN CONFERENCE AND POLICY COMMITTEES, SENATE",44,BANNER ORGANIZATION TOTALS,44,0.0,0.0,ok,banner,,,
CHAIRMAN MINORITY POLICY COMMITTEE (R),2011,"EXP. ALLOWANCES OF THE VICE PRES., PRES. PRO TEMPORE, MAJ AND MIN LEADERS AND MAJ AND MIN WHIPS AND CHAIRMEN OF THE MAJ AND MIN CONFERENCE AND POLICY COMMITTEES, SENATE",45,BANNER NET PAYROLL,45,,0.0,not_applicable,banner,,,
CHAIRMAN MINORITY POLICY COMMITTEE (R),2011,"EXP. ALLOWANCES OF THE VICE PRES., PRES. PRO TEMPORE, MAJ AND MIN LEADERS AND MAJ AND MIN WHIPS AND CHAIRMEN OF THE MAJ AND MIN CONFERENCE AND POLICY COMMITTEES, SENATE",45,BANNER ORGANIZATION TOTALS,45,0.0,0.0,ok,banner,,,
CHAIRMAN MINORITY POLICY COMMITTEE (R),2012,"EXP. ALLOWANCES OF THE VICE PRES., PRES. PRO TEMPORE, MAJ AND MIN LEADERS AND MAJ AND MIN WHIPS AND CHAIRMEN OF THE MAJ AND MIN CONFERENCE AND POLICY COMMITTEES, SENATE",46,BANNER NET PAYROLL,46,,0.0,not_applicable,banner,,,
CHAIRMAN MINORITY POLICY COMMITTEE (R),2012,"EXP. ALLOWANCES OF THE VICE PRES., PRES. PRO TEMPORE, MAJ AND MIN LEADERS AND MAJ AND MIN WHIPS AND CHAIRMEN OF THE MAJ AND MIN CONFERENCE AND POLICY COMMITTEES, SENATE",46,BANNER ORGANIZATION TOTALS,46,1620.71,0.0,warn,banner,,,banner_only_categories
MAJORITY LEADER (D),2010,REPRESENTATION ALLOWANCES FOR THE MAJORITY AND MINORITY LEADERS,47,BANNER NET PAYROLL,47,,0.0,not_applicable,banner,,,
MAJORITY LEADER (D),2010,REPRESENTATION ALLOWANCES FOR THE MAJORITY AND MINORITY LEADERS,47,BANNER ORGANIZATION TOTALS,47,0.0,0.0,ok,banner,,,
MAJORITY LEADER (D),2011,REPRESENTATION ALLOWANCES FOR THE MAJORITY AND MINORITY LEADERS,48,BANNER NET PAYROLL,48,,0.0,not_applicable,banner,,,
MAJORITY LEADER (D),2011,REPRESENTATION ALLOWANCES FOR THE MAJORITY AND MINORITY LEADERS,48,BANNER ORGANIZATION TOTALS,48,0.0,0.0,ok,banner,,,
MAJORITY LEADER (D),2012,REPRESENTATION ALLOWANCES FOR THE MAJORITY AND MINORITY LEADERS,49,BANNER NET PAYROLL,49,,0.0,not_applicable,banner,,,
MAJORITY LEADER (D),2012,REPRESENTATION ALLOWANCES FOR THE MAJORITY AND MINORITY LEADERS,49,BANNER ORGANIZATION TOTALS,49,0.0,0.0,ok,banner,,,
MINORITY LEADER (R),2010,REPRESENTATION ALLOWANCES FOR THE MAJORITY AND MINORITY LEADERS,50,BANNER NET PAYROLL,50,,0.0,not_applicable,banner,,,
MINORITY LEADER (R),2010,REPRESENTATION ALLOWANCES FOR THE MAJORITY AND MINORITY LEADERS,50,BANNER ORGANIZATION TOTALS,50,0.0,0.0,ok,banner,,,
MINORITY LEADER (R),2011,REPRESENTATION ALLOWANCES FOR THE MAJORITY AND MINORITY LEADERS,51,BANNER NET PAYROLL,51,,0.0,not_applicable,banner,,,
MINORITY LEADER (R),2011,REPRESENTATION ALLOWANCES FOR THE MAJORITY AND MINORITY LEADERS,51,BANNER ORGANIZATION TOTALS,51,0.0,0.0,ok,banner,,,
MINORITY LEADER (R),2012,REPRESENTATION ALLOWANCES FOR THE MAJORITY AND MINORITY LEADERS,52,BANNER NET PAYROLL,52,,0.0,not_applicable,banner,,,
MINORITY LEADER (R),2012,REPRESENTATION ALLOWANCES FOR THE MAJORITY AND MINORITY LEADERS,52,BANNER ORGANIZATION TOTALS,52,0.0,0.0,ok,banner,,,
APPROPRIATIONS,2010,"SALARIES, OFFICERS AND EMPLOYEES, SENATE",53,BANNER NET PAYROLL,53,0.0,0.0,banner_missing,banner,,,
APPROPRIATIONS,2010,"SALARIES, OFFICERS AND EMPLOYEES, SENATE",53,BANNER ORGANIZATION TOTALS,53,0.0,0.0,ok,banner,,,
APPROPRIATIONS,2011,"SALARIES, OFFICERS AND EMPLOYEES, SENATE",54,BANNER NET PAYROLL,54,0.0,0.0,banner_missing,banner,,,
APPROPRIATIONS,2011,"SALARIES, OFFICERS AND EMPLOYEES, SENATE",54,BANNER ORGANIZATION TOTALS,54,0.0,0.0,ok,banner,,,
APPROPRIATIONS,2012,"SALARIES, OFFICERS AND EMPLOYEES, SENATE",55,PERSONNEL COMP. FULL-TIME PERMANENT,57,6004786.66,0.0,component,payroll_component,,,
APPROPRIATIONS,2012,"SALARIES, OFFICERS AND EMPLOYEES, SENATE",55,NET PAYROLL EXPENSES,57,6004786.66,0.0,zero_records,segment,,,
APPROPRIATIONS,2012,"SALARIES, OFFICERS AND EMPLOYEES, SENATE",55,(after final subtotal),57,,6004786.66,unchecked,trailing,,,
APPROPRIATIONS,2012,"SALARIES, OFFICERS AND EMPLOYEES, SENATE",55,BANNER NET PAYROLL,55,6004786.66,6004786.66,ok,banner,,,
APPROPRIATIONS,2012,"SALARIES, OFFICERS AND EMPLOYEES, SENATE",55,BANNER ORGANIZATION TOTALS,55,6004786.66,6004786.66,ok,banner,,,
CHAPLAIN,2010,"SALARIES, OFFICERS AND EMPLOYEES, SENATE",58,BANNER NET PAYROLL,58,0.0,0.0,banner_missing,banner,,,
CHAPLAIN,2010,"SALARIES, OFFICERS AND EMPLOYEES, SENATE",58,BANNER ORGANIZATION TOTALS,58,0.0,0.0,ok,banner,,,
CHAPLAIN,2011,"SALARIES, OFFICERS AND EMPLOYEES, SENATE",59,BANNER NET PAYROLL,59,0.0,0.0,banner_missing,banner,,,
CHAPLAIN,2011,"SALARIES, OFFICERS AND EMPLOYEES, SENATE",59,BANNER ORGANIZATION TOTALS,59,0.0,0.0,ok,banner,,,
CHAPLAIN,2012,"SALARIES, OFFICERS AND EMPLOYEES, SENATE",60,PERSONNEL COMP. FULL-TIME PERMANENT,60,201349.8,0.0,component,payroll_component,,,
CHAPLAIN,2012,"SALARIES, OFFICERS AND EMPLOYEES, SENATE",60,NET PAYROLL EXPENSES,60,201349.8,0.0,zero_records,segment,,,
CHAPLAIN,2012,"SALARIES, OFFICERS AND EMPLOYEES, SENATE",60,(after final subtotal),60,,201349.8,unchecked,trailing,,,
CHAPLAIN,2012,"SALARIES, OFFICERS AND EMPLOYEES, SENATE",60,BANNER NET PAYROLL,60,201349.8,201349.8,ok,banner,,,
CHAPLAIN,2012,"SALARIES, OFFICERS AND EMPLOYEES, SENATE",60,BANNER ORGANIZATION TOTALS,60,201349.8,201349.8,ok,banner,,,
MAJORITY CONFERENCE COMMITTEE (D),2010,"SALARIES, OFFICERS AND EMPLOYEES, SENATE",61,BANNER NET PAYROLL,61,0.0,0.0,banner_missing,banner,,,
MAJORITY CONFERENCE COMMITTEE (D),2010,"SALARIES, OFFICERS AND EMPLOYEES, SENATE",61,BANNER ORGANIZATION TOTALS,61,0.0,0.0,ok,banner,,,
MAJORITY CONFERENCE COMMITTEE (D),2011,"SALARIES, OFFICERS AND EMPLOYEES, SENATE",62,BANNER NET PAYROLL,62,0.0,0.0,banner_missing,banner,,,
MAJORITY CONFERENCE COMMITTEE (D),2011,"SALARIES, OFFICERS AND EMPLOYEES, SENATE",62,BANNER ORGANIZATION TOTALS,62,0.0,0.0,ok,banner,,,
MAJORITY CONFERENCE COMMITTEE (D),2012,"SALARIES, OFFICERS AND EMPLOYEES, SENATE",63,OTHER PERSONNEL COMPENSATION,63,143.46,0.0,component,payroll_component,,,
MAJORITY CONFERENCE COMMITTEE (D),2012,"SALARIES, OFFICERS AND EMPLOYEES, SENATE",63,PERSONNEL COMP. FULL-TIME PERMANENT,63,702566.35,0.0,component,payroll_component,,,
MAJORITY CONFERENCE COMMITTEE (D),2012,"SALARIES, OFFICERS AND EMPLOYEES, SENATE",63,NET PAYROLL EXPENSES,63,702709.81,0.0,zero_records,segment,,,
MAJORITY CONFERENCE COMMITTEE (D),2012,"SALARIES, OFFICERS AND EMPLOYEES, SENATE",63,(after final subtotal),63,,702709.81,unchecked,trailing,,,
MAJORITY CONFERENCE COMMITTEE (D),2012,"SALARIES, OFFICERS AND EMPLOYEES, SENATE",63,BANNER NET PAYROLL,63,702709.81,702709.81,ok,banner,,,
MAJORITY CONFERENCE COMMITTEE (D),2012,"SALARIES, OFFICERS AND EMPLOYEES, SENATE",63,BANNER ORGANIZATION TOTALS,63,702709.81,702709.81,ok,banner,,,
MAJORITY POLICY COMMITTEE (D),2010,"SALARIES, OFFICERS AND EMPLOYEES, SENATE",64,BANNER NET PAYROLL,64,0.0,0.0,banner_missing,banner,,,
MAJORITY POLICY COMMITTEE (D),2010,"SALARIES, OFFICERS AND EMPLOYEES, SENATE",64,BANNER ORGANIZATION TOTALS,64,0.0,0.0,ok,banner,,,
MAJORITY POLICY COMMITTEE (D),2011,"SALARIES, OFFICERS AND EMPLOYEES, SENATE",65,BANNER NET PAYROLL,65,0.0,0.0,banner_missing,banner,,,
MAJORITY POLICY COMMITTEE (D),2011,"SALARIES, OFFICERS AND EMPLOYEES, SENATE",65,BANNER ORGANIZATION TOTALS,65,0.0,0.0,ok,banner,,,
MAJORITY POLICY COMMITTEE (D),2012,"SALARIES, OFFICERS AND EMPLOYEES, SENATE",66,OTHER PERSONNEL COMPENSATION,66,5582.96,0.0,component,payroll_component,,,
MAJORITY POLICY COMMITTEE (D),2012,"SALARIES, OFFICERS AND EMPLOYEES, SENATE",66,PERSONNEL COMP. FULL-TIME PERMANENT,66,711869.03,0.0,component,payroll_component,,,
MAJORITY POLICY COMMITTEE (D),2012,"SALARIES, OFFICERS AND EMPLOYEES, SENATE",66,NET PAYROLL EXPENSES,66,717451.99,0.0,zero_records,segment,,,
MAJORITY POLICY COMMITTEE (D),2012,"SALARIES, OFFICERS AND EMPLOYEES, SENATE",66,(after final subtotal),66,,717498.13,unchecked,trailing,,,
MAJORITY POLICY COMMITTEE (D),2012,"SALARIES, OFFICERS AND EMPLOYEES, SENATE",66,BANNER NET PAYROLL,66,717451.99,717451.99,ok,banner,,,
MAJORITY POLICY COMMITTEE (D),2012,"SALARIES, OFFICERS AND EMPLOYEES, SENATE",66,BANNER ORGANIZATION TOTALS,66,717451.99,717498.13,fail,banner,,,
MAJORITY LEADER (D),2010,"SALARIES, OFFICERS AND EMPLOYEES, SENATE",67,BANNER NET PAYROLL,67,0.0,0.0,banner_missing,banner,,,
MAJORITY LEADER (D),2010,"SALARIES, OFFICERS AND EMPLOYEES, SENATE",67,BANNER ORGANIZATION TOTALS,67,0.0,0.0,ok,banner,,,
MAJORITY LEADER (D),2011,"SALARIES, OFFICERS AND EMPLOYEES, SENATE",68,BANNER NET PAYROLL,68,0.0,0.0,banner_missing,banner,,,
MAJORITY LEADER (D),2011,"SALARIES, OFFICERS AND EMPLOYEES, SENATE",68,BANNER ORGANIZATION TOTALS,68,0.0,0.0,ok,banner,,,
MAJORITY LEADER (D),2012,"SALARIES, OFFICERS AND EMPLOYEES, SENATE",69,OTHER PERSONNEL COMPENSATION,70,57.68,0.0,component,payroll_component,,,
MAJORITY LEADER (D),2012,"SALARIES, OFFICERS AND EMPLOYEES, SENATE",69,PERSONNEL COMP. FULL-TIME PERMANENT,70,1131126.41,0.0,component,payroll_component,,,
MAJORITY LEADER (D),2012,"SALARIES, OFFICERS AND EMPLOYEES, SENATE",69,NET PAYROLL EXPENSES,70,1131184.09,0.0,zero_records,segment,,,
MAJORITY LEADER (D),2012,"SALARIES, OFFICERS AND EMPLOYEES, SENATE",69,(after final subtotal),69,,1231184.09,unchecked,trailing,,,
MAJORITY LEADER (D),2012,"SALARIES, OFFICERS AND EMPLOYEES, SENATE",69,BANNER NET PAYROLL,69,1131184.09,1131184.09,ok,banner,,,
MAJORITY LEADER (D),2012,"SALARIES, OFFICERS AND EMPLOYEES, SENATE",69,BANNER ORGANIZATION TOTALS,69,1131184.09,1231184.09,fail,banner,,,
"SECRETARY, MAJORITY CONFERENCE COMM (D)",2010,"SALARIES, OFFICERS AND EMPLOYEES, SENATE",71,BANNER NET PAYROLL,71,0.0,0.0,banner_missing,banner,,,
"SECRETARY, MAJORITY CONFERENCE COMM (D)",2010,"SALARIES, OFFICERS AND EMPLOYEES, SENATE",71,BANNER ORGANIZATION TOTALS,71,0.0,0.0,ok,banner,,,
"SECRETARY, MAJORITY CONFERENCE COMM (D)",2011,"SALARIES, OFFICERS AND EMPLOYEES, SENATE",72,BANNER NET PAYROLL,72,0.0,0.0,banner_missing,banner,,,
"SECRETARY, MAJORITY CONFERENCE COMM (D)",2011,"SALARIES, OFFICERS AND EMPLOYEES, SENATE",72,BANNER ORGANIZATION TOTALS,72,0.0,0.0,ok,banner,,,
"SECRETARY, MAJORITY CONFERENCE COMM (D)",2012,"SALARIES, OFFICERS AND EMPLOYEES, SENATE",73,PERSONNEL COMP. FULL-TIME PERMANENT,73,184479.44,0.0,component,payroll_component,,,
"SECRETARY, MAJORITY CONFERENCE COMM (D)",2012,"SALARIES, OFFICERS AND EMPLOYEES, SENATE",73,NET PAYROLL EXPENSES,73,184479.44,0.0,zero_records,segment,,,
"SECRETARY, MAJORITY CONFERENCE COMM (D)",2012,"SALARIES, OFFICERS AND EMPLOYEES, SENATE",73,(after final subtotal),73,,184479.44,unchecked,trailing,,,
"SECRETARY, MAJORITY CONFERENCE COMM (D)",2012,"SALARIES, OFFICERS AND EMPLOYEES, SENATE",73,BANNER NET PAYROLL,73,184479.44,184479.44,ok,banner,,,
"SECRETARY, MAJORITY CONFERENCE COMM (D)",2012,"SALARIES, OFFICERS AND EMPLOYEES, SENATE",73,BANNER ORGANIZATION TOTALS,73,184479.44,184479.44,ok,banner,,,
MAJORITY WHIP (D),2010,"SALARIES, OFFICERS AND EMPLOYEES, SENATE",74,BANNER NET PAYROLL,74,0.0,0.0,banner_missing,banner,,,
MAJORITY WHIP (D),2010,"SALARIES, OFFICERS AND EMPLOYEES, SENATE",74,BANNER ORGANIZATION TOTALS,74,0.0,0.0,ok,banner,,,
MAJORITY WHIP (D),2011,"SALARIES, OFFICERS AND EMPLOYEES, SENATE",75,BANNER NET PAYROLL,75,0.0,0.0,banner_missing,banner,,,
MAJORITY WHIP (D),2011,"SALARIES, OFFICERS AND EMPLOYEES, SENATE",75,BANNER ORGANIZATION TOTALS,75,0.0,0.0,ok,banner,,,
MAJORITY WHIP (D),2012,"SALARIES, OFFICERS AND EMPLOYEES, SENATE",76,PERSONNEL COMP. FULL-TIME PERMANENT,76,861803.74,0.0,component,payroll_component,,,
MAJORITY WHIP (D),2012,"SALARIES, OFFICERS AND EMPLOYEES, SENATE",76,NET PAYROLL EXPENSES,76,861803.74,0.0,zero_records,segment,,,
MAJORITY WHIP (D),2012,"SALARIES, OFFICERS AND EMPLOYEES, SENATE",76,(after final subtotal),76,,861803.74,unchecked,trailing,,,
MAJORITY WHIP (D),2012,"SALARIES, OFFICERS AND EMPLOYEES, SENATE",76,BANNER NET PAYROLL,76,861803.74,861803.74,ok,banner,,,
MAJORITY WHIP (D),2012,"SALARIES, OFFICERS AND EMPLOYEES, SENATE",76,BANNER ORGANIZATION TOTALS,76,861803.74,861803.74,ok,banner,,,
OFFICE OF THE VICE PRESIDENT (D) - BIDEN,2010,"SALARIES, OFFICERS AND EMPLOYEES, SENATE",77,BANNER NET PAYROLL,77,0.0,0.0,banner_missing,banner,,,
OFFICE OF THE VICE PRESIDENT (D) - BIDEN,2010,"SALARIES, OFFICERS AND EMPLOYEES, SENATE",77,BANNER ORGANIZATION TOTALS,77,0.0,0.0,ok,banner,,,
OFFICE OF THE VICE PRESIDENT (D) - BIDEN,2011,"SALARIES, OFFICERS AND EMPLOYEES, SENATE",78,BANNER NET PAYROLL,78,0.0,0.0,banner_missing,banner,,,
OFFICE OF THE VICE PRESIDENT (D) - BIDEN,2011,"SALARIES, OFFICERS AND EMPLOYEES, SENATE",78,BANNER ORGANIZATION TOTALS,78,0.0,0.0,ok,banner,,,
OFFICE OF THE VICE PRESIDENT (D) - BIDEN,2012,"SALARIES, OFFICERS AND EMPLOYEES, SENATE",79,PERSONNEL COMP. FULL-TIME PERMANENT,80,1130748.5,0.0,component,payroll_component,,,
OFFICE OF THE VICE PRESIDENT (D) - BIDEN,2012,"SALARIES, OFFICERS AND EMPLOYEES, SENATE",79,NET PAYROLL EXPENSES,80,1130748.5,0.0,zero_records,segment,,,
OFFICE OF THE VICE PRESIDENT (D) - BIDEN,2012,"SALARIES, OFFICERS AND EMPLOYEES, SENATE",79,(after final subtotal),80,,1097614.02,unchecked,trailing,,,
OFFICE OF THE VICE PRESIDENT (D) - BIDEN,2012,"SALARIES, OFFICERS AND EMPLOYEES, SENATE",79,BANNER NET PAYROLL,79,1130748.5,1130748.5,ok,banner,,,
OFFICE OF THE VICE PRESIDENT (D) - BIDEN,2012,"SALARIES, OFFICERS AND EMPLOYEES, SENATE",79,BANNER ORGANIZATION TOTALS,79,1130748.5,1097614.02,fail,banner,,,
PRESIDENT PRO TEMPORE (D),2010,"SALARIES, OFFICERS AND EMPLOYEES, SENATE",81,BANNER NET PAYROLL,81,0.0,0.0,banner_missing,banner,,,
PRESIDENT PRO TEMPORE (D),2010,"SALARIES, OFFICERS AND EMPLOYEES, SENATE",81,BANNER ORGANIZATION TOTALS,81,0.0,0.0,ok,banner,,,
PRESIDENT PRO TEMPORE (D),2011,"SALARIES, OFFICERS AND EMPLOYEES, SENATE",82,BANNER NET PAYROLL,82,0.0,0.0,banner_missing,banner,,,
PRESIDENT PRO TEMPORE (D),2011,"SALARIES, OFFICERS AND EMPLOYEES, SENATE",82,BANNER ORGANIZATION TOTALS,82,0.0,0.0,ok,banner,,,
PRESIDENT PRO TEMPORE (D),2012,"SALARIES, OFFICERS AND EMPLOYEES, SENATE",83,PERSONNEL COMP. FULL-TIME PERMANENT,83,77433.15,0.0,component,payroll_component,,,
PRESIDENT PRO TEMPORE (D),2012,"SALARIES, OFFICERS AND EMPLOYEES, SENATE",83,NET PAYROLL EXPENSES,83,77433.15,0.0,zero_records,segment,,,
PRESIDENT PRO TEMPORE (D),2012,"SALARIES, OFFICERS AND EMPLOYEES, SENATE",83,(after final subtotal),83,,77433.15,unchecked,trailing,,,
PRESIDENT PRO TEMPORE (D),2012,"SALARIES, OFFICERS AND EMPLOYEES, SENATE",83,BANNER NET PAYROLL,83,77433.15,77433.15,ok,banner,,,
PRESIDENT PRO TEMPORE (D),2012,"SALARIES, OFFICERS AND EMPLOYEES, SENATE",83,BANNER ORGANIZATION TOTALS,83,77433.15,77433.15,ok,banner,,,
MINORITY LEADER (R),2010,"SALARIES, OFFICERS AND EMPLOYEES, SENATE",84,BANNER NET PAYROLL,84,0.0,0.0,banner_missing,banner,,,
MINORITY LEADER (R),2010,"SALARIES, OFFICERS AND EMPLOYEES, SENATE",84,BANNER ORGANIZATION TOTALS,84,0.0,0.0,ok,banner,,,
MINORITY LEADER (R),2011,"SALARIES, OFFICERS AND EMPLOYEES, SENATE",85,BANNER NET PAYROLL,85,0.0,0.0,banner_missing,banner,,,
MINORITY LEADER (R),2011,"SALARIES, OFFICERS AND EMPLOYEES, SENATE",85,BANNER ORGANIZATION TOTALS,85,0.0,0.0,ok,banner,,,
MINORITY LEADER (R),2012,"SALARIES, OFFICERS AND EMPLOYEES, SENATE",86,PERSONNEL COMP. FULL-TIME PERMANENT,86,825947.84,0.0,component,payroll_component,,,
MINORITY LEADER (R),2012,"SALARIES, OFFICERS AND EMPLOYEES, SENATE",86,NET PAYROLL EXPENSES,86,825947.84,0.0,zero_records,segment,,,
MINORITY LEADER (R),2012,"SALARIES, OFFICERS AND EMPLOYEES, SENATE",86,(after final subtotal),86,,825947.84,unchecked,trailing,,,
MINORITY LEADER (R),2012,"SALARIES, OFFICERS AND EMPLOYEES, SENATE",86,BANNER NET PAYROLL,86,825947.84,825947.84,ok,banner,,,
MINORITY LEADER (R),2012,"SALARIES, OFFICERS AND EMPLOYEES, SENATE",86,BANNER ORGANIZATION TOTALS,86,825947.84,825947.84,ok,banner,,,
"SECRETARY, MINORITY CONFERENCE COMM (R)",2010,"SALARIES, OFFICERS AND EMPLOYEES, SENATE",87,BANNER NET PAYROLL,87,0.0,0.0,banner_missing,banner,,,
"SECRETARY, MINORITY CONFERENCE COMM (R)",2010,"SALARIES, OFFICERS AND EMPLOYEES, SENATE",87,BANNER ORGANIZATION TOTALS,87,0.0,0.0,ok,banner,,,
"SECRETARY, MINORITY CONFERENCE COMM (R)",2011,"SALARIES, OFFICERS AND EMPLOYEES, SENATE",88,BANNER NET PAYROLL,88,0.0,0.0,banner_missing,banner,,,
"SECRETARY, MINORITY CONFERENCE COMM (R)",2011,"SALARIES, OFFICERS AND EMPLOYEES, SENATE",88,BANNER ORGANIZATION TOTALS,88,0.0,0.0,ok,banner,,,
"SECRETARY, MINORITY CONFERENCE COMM (R)",2012,"SALARIES, OFFICERS AND EMPLOYEES, SENATE",89,PERSONNEL COMP. FULL-TIME PERMANENT,89,132799.71,0.0,component,payroll_component,,,
"SECRETARY, MINORITY CONFERENCE COMM (R)",2012,"SALARIES, OFFICERS AND EMPLOYEES, SENATE",89,NET PAYROLL EXPENSES,89,132799.71,0.0,zero_records,segment,,,
"SECRETARY, MINORITY CONFERENCE COMM (R)",2012,"SALARIES, OFFICERS AND EMPLOYEES, SENATE",89,(after final subtotal),89,,132799.71,unchecked,trailing,,,
"SECRETARY, MINORITY CONFERENCE COMM (R)",2012,"SALARIES, OFFICERS AND EMPLOYEES, SENATE",89,BANNER NET PAYROLL,89,132799.71,132799.71,ok,banner,,,
"SECRETARY, MINORITY CONFERENCE COMM (R)",2012,"SALARIES, OFFICERS AND EMPLOYEES, SENATE",89,BANNER ORGANIZATION TOTALS,89,132799.71,132799.71,ok,banner,,,
MINORITY WHIP (R),2010,"SALARIES, OFFICERS AND EMPLOYEES, SENATE",90,BANNER NET PAYROLL,90,0.0,0.0,banner_missing,banner,,,
MINORITY WHIP (R),2010,"SALARIES, OFFICERS AND EMPLOYEES, SENATE",90,BANNER ORGANIZATION TOTALS,90,0.0,0.0,ok,banner,,,
MINORITY WHIP (R),2011,"SALARIES, OFFICERS AND EMPLOYEES, SENATE",91,BANNER NET PAYROLL,91,0.0,0.0,banner_missing,banner,,,
MINORITY WHIP (R),2011,"SALARIES, OFFICERS AND EMPLOYEES, SENATE",91,BANNER ORGANIZATION TOTALS,91,0.0,0.0,ok,banner,,,
MINORITY WHIP (R),2012,"SALARIES, OFFICERS AND EMPLOYEES, SENATE",92,PERSONNEL COMP. FULL-TIME PERMANENT,92,599980.13,0.0,component,payroll_component,,,
MINORITY WHIP (R),2012,"SALARIES, OFFICERS AND EMPLOYEES, SENATE",92,NET PAYROLL EXPENSES,92,599980.13,0.0,zero_records,segment,,,
MINORITY WHIP (R),2012,"SALARIES, OFFICERS AND EMPLOYEES, SENATE",92,(after final subtotal),92,,599980.13,unchecked,trailing,,,
MINORITY WHIP (R),2012,"SALARIES, OFFICERS AND EMPLOYEES, SENATE",92,BANNER NET PAYROLL,92,599980.13,599980.13,ok,banner,,,
MINORITY WHIP (R),2012,"SALARIES, OFFICERS AND EMPLOYEES, SENATE",92,BANNER ORGANIZATION TOTALS,92,599980.13,599980.13,ok,banner,,,
MINORITY CONFERENCE COMMITTEE (R),2010,"SALARIES, OFFICERS AND EMPLOYEES, SENATE",93,BANNER NET PAYROLL,93,0.0,0.0,banner_missing,banner,,,
MINORITY CONFERENCE COMMITTEE (R),2010,"SALARIES, OFFICERS AND EMPLOYEES, SENATE",93,BANNER ORGANIZATION TOTALS,93,0.0,0.0,ok,banner,,,
MINORITY CONFERENCE COMMITTEE (R),2011,"SALARIES, OFFICERS AND EMPLOYEES, SENATE",94,BANNER NET PAYROLL,94,0.0,0.0,banner_missing,banner,,,
MINORITY CONFERENCE COMMITTEE (R),2011,"SALARIES, OFFICERS AND EMPLOYEES, SENATE",94,BANNER ORGANIZATION TOTALS,94,0.0,0.0,ok,banner,,,
MINORITY CONFERENCE COMMITTEE (R),2012,"SALARIES, OFFICERS AND EMPLOYEES, SENATE",95,PERSONNEL COMP. FULL-TIME PERMANENT,95,764961.73,0.0,component,payroll_component,,,
MINORITY CONFERENCE COMMITTEE (R),2012,"SALARIES, OFFICERS AND EMPLOYEES, SENATE",95,NET PAYROLL EXPENSES,95,764961.73,0.0,zero_records,segment,,,
MINORITY CONFERENCE COMMITTEE (R),2012,"SALARIES, OFFICERS AND EMPLOYEES, SENATE",95,(after final subtotal),95,,764961.73,unchecked,trailing,,,
MINORITY CONFERENCE COMMITTEE (R),2012,"SALARIES, OFFICERS AND EMPLOYEES, SENATE",95,BANNER NET PAYROLL,95,764961.73,764961.73,ok,banner,,,
MINORITY CONFERENCE COMMITTEE (R),2012,"SALARIES, OFFICERS AND EMPLOYEES, SENATE",95,BANNER ORGANIZATION TOTALS,95,764961.73,764961.73,ok,banner,,,
MINORITY POLICY COMMITTEE (R),2010,"SALARIES, OFFICERS AND EMPLOYEES, SENATE",96,BANNER NET PAYROLL,96,0.0,0.0,banner_missing,banner,,,
MINORITY POLICY COMMITTEE (R),2010,"SALARIES, OFFICERS AND EMPLOYEES, SENATE",96,BANNER ORGANIZATION TOTALS,96,0.0,0.0,ok,banner,,,
MINORITY POLICY COMMITTEE (R),2011,"SALARIES, OFFICERS AND EMPLOYEES, SENATE",97,BANNER NET PAYROLL,97,0.0,0.0,banner_missing,banner,,,
MINORITY POLICY COMMITTEE (R),2011,"SALARIES, OFFICERS AND EMPLOYEES, SENATE",97,BANNER ORGANIZATION TOTALS,97,0.0,0.0,ok,banner,,,
MINORITY POLICY COMMITTEE (R),2012,"SALARIES, OFFICERS AND EMPLOYEES, SENATE",98,PERSONNEL COMP. FULL-TIME PERMANENT,98,797124.92,0.0,component,payroll_component,,,
MINORITY POLICY COMMITTEE (R),2012,"SALARIES, OFFICERS AND EMPLOYEES, SENATE",98,NET PAYROLL EXPENSES,98,797124.92,0.0,zero_records,segment,,,
MINORITY POLICY COMMITTEE (R),2012,"SALARIES, OFFICERS AND EMPLOYEES, SENATE",98,(after final subtotal),98,,797124.92,unchecked,trailing,,,
MINORITY POLICY COMMITTEE (R),2012,"SALARIES, OFFICERS AND EMPLOYEES, SENATE",98,BANNER NET PAYROLL,98,797124.92,797124.92,ok,banner,,,
MINORITY POLICY COMMITTEE (R),2012,"SALARIES, OFFICERS AND EMPLOYEES, SENATE",98,BANNER ORGANIZATION TOTALS,98,797124.92,797124.92,ok,banner,,,
SECRETARY FOR THE MAJORITY (D),2010,"SALARIES, OFFICERS AND EMPLOYEES, SENATE",99,BANNER NET PAYROLL,99,0.0,0.0,banner_missing,banner,,,
SECRETARY FOR THE MAJORITY (D),2010,"SALARIES, OFFICERS AND EMPLOYEES, SENATE",99,BANNER ORGANIZATION TOTALS,99,0.0,0.0,ok,banner,,,
SECRETARY FOR THE MAJORITY (D),2011,"SALARIES, OFFICERS AND EMPLOYEES, SENATE",100,BANNER NET PAYROLL,100,0.0,0.0,banner_missing,banner,,,
SECRETARY FOR THE MAJORITY (D),2011,"SALARIES, OFFICERS AND EMPLOYEES, SENATE",100,BANNER ORGANIZATION TOTALS,100,0.0,0.0,ok,banner,,,
SECRETARY FOR THE MAJORITY (D),2012,"SALARIES, OFFICERS AND EMPLOYEES, SENATE",101,PERSONNEL COMP. FULL-TIME PERMANENT,101,421398.73,0.0,component,payroll_component,,,
SECRETARY FOR THE MAJORITY (D),2012,"SALARIES, OFFICERS AND EMPLOYEES, SENATE",101,NET PAYROLL EXPENSES,101,421398.73,0.0,zero_records,segment,,,
SECRETARY FOR THE MAJORITY (D),2012,"SALARIES, OFFICERS AND EMPLOYEES, SENATE",101,(after final subtotal),101,,421398.73,unchecked,trailing,,,
SECRETARY FOR THE MAJORITY (D),2012,"SALARIES, OFFICERS AND EMPLOYEES, SENATE",101,BANNER NET PAYROLL,101,421398.73,421398.73,ok,banner,,,
SECRETARY FOR THE MAJORITY (D),2012,"SALARIES, OFFICERS AND EMPLOYEES, SENATE",101,BANNER ORGANIZATION TOTALS,101,421398.73,421398.73,ok,banner,,,
SECRETARY FOR THE MINORITY (R),2010,"SALARIES, OFFICERS AND EMPLOYEES, SENATE",102,BANNER NET PAYROLL,102,0.0,0.0,banner_missing,banner,,,
SECRETARY FOR THE MINORITY (R),2010,"SALARIES, OFFICERS AND EMPLOYEES, SENATE",102,BANNER ORGANIZATION TOTALS,102,0.0,0.0,ok,banner,,,
SECRETARY FOR THE MINORITY (R),2011,"SALARIES, OFFICERS AND EMPLOYEES, SENATE",103,BANNER NET PAYROLL,103,0.0,0.0,banner_missing,banner,,,
SECRETARY FOR THE MINORITY (R),2011,"SALARIES, OFFICERS AND EMPLOYEES, SENATE",103,BANNER ORGANIZATION TOTALS,103,0.0,0.0,ok,banner,,,
SECRETARY FOR THE MINORITY (R),2012,"SALARIES, OFFICERS AND EMPLOYEES, SENATE",104,PERSONNEL COMP. FULL-TIME PERMANENT,104,375865.68,0.0,component,payroll_component,,,
SECRETARY FOR THE MINORITY (R),2012,"SALARIES, OFFICERS AND EMPLOYEES, SENATE",104,NET PAYROLL EXPENSES,104,375865.68,0.0,zero_records,segment,,,
SECRETARY FOR THE MINORITY (R),2012,"SALARIES, OFFICERS AND EMPLOYEES, SENATE",104,(after final subtotal),104,,375865.68,unchecked,trailing,,,
SECRETARY FOR THE MINORITY (R),2012,"SALARIES, OFFICERS AND EMPLOYEES, SENATE",104,BANNER NET PAYROLL,104,375865.68,375865.68,ok,banner,,,
SECRETARY FOR THE MINORITY (R),2012,"SALARIES, OFFICERS AND EMPLOYEES, SENATE",104,BANNER ORGANIZATION TOTALS,104,375865.68,375865.68,ok,banner,,,
SGT @ ARMS - CENTRAL OPERATIONS,2010,"SALARIES, OFFICERS AND EMPLOYEES, SENATE",105,BANNER NET PAYROLL,105,0.0,0.0,banner_missing,banner,,,
SGT @ ARMS - CENTRAL OPERATIONS,2010,"SALARIES, OFFICERS AND EMPLOYEES, SENATE",105,BANNER ORGANIZATION TOTALS,105,0.0,0.0,ok,banner,,,
SGT @ ARMS - CAPITOL DIVISION,2010,"SALARIES, OFFICERS AND EMPLOYEES, SENATE",106,BANNER NET PAYROLL,106,0.0,0.0,banner_missing,banner,,,
SGT @ ARMS - CAPITOL DIVISION,2010,"SALARIES, OFFICERS AND EMPLOYEES, SENATE",106,BANNER ORGANIZATION TOTALS,106,0.0,0.0,ok,banner,,,
SGT @ ARMS - IT SUPPORT SERVICES,2010,"SALARIES, OFFICERS AND EMPLOYEES, SENATE",107,BANNER NET PAYROLL,107,0.0,0.0,banner_missing,banner,,,
SGT @ ARMS - IT SUPPORT SERVICES,2010,"SALARIES, OFFICERS AND EMPLOYEES, SENATE",107,BANNER ORGANIZATION TOTALS,107,0.0,0.0,ok,banner,,,
SGT @ ARMS - STAFF OFFICES,2010,"SALARIES, OFFICERS AND EMPLOYEES, SENATE",108,BANNER NET PAYROLL,108,0.0,0.0,banner_missing,banner,,,
SGT @ ARMS - STAFF OFFICES,2010,"SALARIES, OFFICERS AND EMPLOYEES, SENATE",108,BANNER ORGANIZATION TOTALS,108,0.0,0.0,ok,banner,,,
SGT @ ARMS - TECHNOLOGY DEVELOPMENT SERVICES,2010,"SALARIES, OFFICERS AND EMPLOYEES, SENATE",109,BANNER NET PAYROLL,109,0.0,0.0,banner_missing,banner,,,
SGT @ ARMS - TECHNOLOGY DEVELOPMENT SERVICES,2010,"SALARIES, OFFICERS AND EMPLOYEES, SENATE",109,BANNER ORGANIZATION TOTALS,109,0.0,0.0,ok,banner,,,
SGT @ ARMS - CENTRAL OPERATIONS,2011,"SALARIES, OFFICERS AND EMPLOYEES, SENATE",110,PERSONNEL COMP. FULL-TIME PERMANENT,110,9790.0,0.0,component,payroll_component,,,
SGT @ ARMS - CENTRAL OPERATIONS,2011,"SALARIES, OFFICERS AND EMPLOYEES, SENATE",110,NET PAYROLL EXPENSES,110,9790.0,0.0,zero_records,segment,,,
SGT @ ARMS - CENTRAL OPERATIONS,2011,"SALARIES, OFFICERS AND EMPLOYEES, SENATE",110,BANNER NET PAYROLL,110,9790.0,9790.0,ok,banner,,,
SGT @ ARMS - CENTRAL OPERATIONS,2011,"SALARIES, OFFICERS AND EMPLOYEES, SENATE",110,BANNER ORGANIZATION TOTALS,110,9790.0,0.0,warn,banner,,,captured_bvb_mismatch
SGT @ ARMS - CAPITOL DIVISION,2011,"SALARIES, OFFICERS AND EMPLOYEES, SENATE",111,BANNER NET PAYROLL,111,0.0,0.0,banner_missing,banner,,,
SGT @ ARMS - CAPITOL DIVISION,2011,"SALARIES, OFFICERS AND EMPLOYEES, SENATE",111,BANNER ORGANIZATION TOTALS,111,0.0,0.0,ok,banner,,,
SGT @ ARMS - IT SUPPORT SERVICES,2011,"SALARIES, OFFICERS AND EMPLOYEES, SENATE",112,BANNER NET PAYROLL,112,0.0,0.0,banner_missing,banner,,,
SGT @ ARMS - IT SUPPORT SERVICES,2011,"SALARIES, OFFICERS AND EMPLOYEES, SENATE",112,BANNER ORGANIZATION TOTALS,112,0.0,0.0,ok,banner,,,
SGT @ ARMS - STAFF OFFICES,2011,"SALARIES, OFFICERS AND EMPLOYEES, SENATE",113,BANNER NET PAYROLL,113,0.0,0.0,banner_missing,banner,,,
SGT @ ARMS - STAFF OFFICES,2011,"SALARIES, OFFICERS AND EMPLOYEES, SENATE",113,BANNER ORGANIZATION TOTALS,113,0.0,0.0,ok,banner,,,
SGT @ ARMS - TECHNOLOGY DEVELOPMENT SERVICES,2011,"SALARIES, OFFICERS AND EMPLOYEES, SENATE",114,BANNER NET PAYROLL,114,0.0,0.0,banner_missing,banner,,,
SGT @ ARMS - TECHNOLOGY DEVELOPMENT SERVICES,2011,"SALARIES, OFFICERS AND EMPLOYEES, SENATE",114,BANNER ORGANIZATION TOTALS,114,0.0,0.0,ok,banner,,,
SGT @ ARMS - CENTRAL OPERATIONS,2012,"SALARIES, OFFICERS AND EMPLOYEES, SENATE",115,OTHER PERSONNEL COMPENSATION,120,11799.11,0.0,component,payroll_component,,,
SGT @ ARMS - CENTRAL OPERATIONS,2012,"SALARIES, OFFICERS AND EMPLOYEES, SENATE",115,PERSONNEL COMP. FULL-TIME PERMANENT,120,9832173.59,0.0,component,payroll_component,,,
SGT @ ARMS - CENTRAL OPERATIONS,2012,"SALARIES, OFFICERS AND EMPLOYEES, SENATE",115,NET PAYROLL EXPENSES,120,9843972.7,0.0,zero_records,segment,,,
SGT @ ARMS - CENTRAL OPERATIONS,2012,"SALARIES, OFFICERS AND EMPLOYEES, SENATE",115,(after final subtotal),120,,9843972.7,unchecked,trailing,,,
SGT @ ARMS - CENTRAL OPERATIONS,2012,"SALARIES, OFFICERS AND EMPLOYEES, SENATE",115,BANNER NET PAYROLL,115,9843972.7,9843972.7,ok,banner,,,
SGT @ ARMS - CENTRAL OPERATIONS,2012,"SALARIES, OFFICERS AND EMPLOYEES, SENATE",115,BANNER ORGANIZATION TOTALS,115,9843972.7,9843972.7,ok,banner,,,
SGT @ ARMS - CAPITOL DIVISION,2012,"SALARIES, OFFICERS AND EMPLOYEES, SENATE",121,OTHER PERSONNEL COMPENSATION,128,14780.65,0.0,component,payroll_component,,,
SGT @ ARMS - CAPITOL DIVISION,2012,"SALARIES, OFFICERS AND EMPLOYEES, SENATE",121,PERSONNEL COMP. FULL-TIME PERMANENT,128,9966317.11,0.0,component,payroll_component,,,
SGT @ ARMS - CAPITOL DIVISION,2012,"SALARIES, OFFICERS AND EMPLOYEES, SENATE",121,RE-EMPLOYED ANNUITANTS,128,7104.0,0.0,component,payroll_component,,,
SGT @ ARMS - CAPITOL DIVISION,2012,"SALARIES, OFFICERS AND EMPLOYEES, SENATE",121,NET PAYROLL EXPENSES,128,9988201.76,7104.0,fail,segment,inconclusive,9990700.87,
SGT @ ARMS - CAPITOL DIVISION,2012,"SALARIES, OFFICERS AND EMPLOYEES, SENATE",121,(after final subtotal),128,,9990700.87,unchecked,trailing,,,
SGT @ ARMS - CAPITOL DIVISION,2012,"SALARIES, OFFICERS AND EMPLOYEES, SENATE",121,BANNER NET PAYROLL,121,9988201.76,9988201.76,ok,banner,,,
SGT @ ARMS - CAPITOL DIVISION,2012,"SALARIES, OFFICERS AND EMPLOYEES, SENATE",121,BANNER ORGANIZATION TOTALS,121,9988201.76,9997804.87,fail,banner,,,
SGT @ ARMS - IT SUPPORT SERVICES,2012,"SALARIES, OFFICERS AND EMPLOYEES, SENATE",129,OTHER PERSONNEL COMPENSATION,131,36612.14,0.0,component,payroll_component,,,
SGT @ ARMS - IT SUPPORT SERVICES,2012,"SALARIES, OFFICERS AND EMPLOYEES, SENATE",129,PERSONNEL COMP. FULL-TIME PERMANENT,131,4164880.62,0.0,component,payroll_component,,,
SGT @ ARMS - IT SUPPORT SERVICES,2012,"SALARIES, OFFICERS AND EMPLOYEES, SENATE",129,NET PAYROLL EXPENSES,131,4201492.76,0.0,zero_records,segment,,,
SGT @ ARMS - IT SUPPORT SERVICES,2012,"SALARIES, OFFICERS AND EMPLOYEES, SENATE",129,(after final subtotal),131,,4201492.76,unchecked,trailing,,,
SGT @ ARMS - IT SUPPORT SERVICES,2012,"SALARIES, OFFICERS AND EMPLOYEES, SENATE",129,BANNER NET PAYROLL,129,4201492.76,4201492.76,ok,banner,,,
SGT @ ARMS - IT SUPPORT SERVICES,2012,"SALARIES, OFFICERS AND EMPLOYEES, SENATE",129,BANNER ORGANIZATION TOTALS,129,4201492.76,4201492.76,ok,banner,,,
SGT @ ARMS - STAFF OFFICES,2012,"SALARIES, OFFICERS AND EMPLOYEES, SENATE",132,OTHER PERSONNEL COMPENSATION,134,496.42,0.0,component,payroll_component,,,
SGT @ ARMS - STAFF OFFICES,2012,"SALARIES, OFFICERS AND EMPLOYEES, SENATE",132,PERSONNEL COMP. FULL-TIME PERMANENT,134,5172835.28,0.0,component,payroll_component,,,
SGT @ ARMS - STAFF OFFICES,2012,"SALARIES, OFFICERS AND EMPLOYEES, SENATE",132,NET PAYROLL EXPENSES,134,5173331.7,0.0,zero_records,segment,,,
SGT @ ARMS - STAFF OFFICES,2012,"SALARIES, OFFICERS AND EMPLOYEES, SENATE",132,(after final subtotal),134,,5173331.7,unchecked,trailing,,,
SGT @ ARMS - STAFF OFFICES,2012,"SALARIES, OFFICERS AND EMPLOYEES, SENATE",132,BANNER NET PAYROLL,132,5173331.7,5173331.7,ok,banner,,,
SGT @ ARMS - STAFF OFFICES,2012,"SALARIES, OFFICERS AND EMPLOYEES, SENATE",132,BANNER ORGANIZATION TOTALS,132,5173331.7,5173331.7,ok,banner,,,
SGT @ ARMS - TECHNOLOGY DEVELOPMENT SERVICES,2012,"SALARIES, OFFICERS AND EMPLOYEES, SENATE",135,OTHER PERSONNEL COMPENSATION,137,38443.35,0.0,component,payroll_component,,,
SGT @ ARMS - TECHNOLOGY DEVELOPMENT SERVICES,2012,"SALARIES, OFFICERS AND EMPLOYEES, SENATE",135,PERSONNEL COMP. FULL-TIME PERMANENT,137,7610146.89,0.0,component,payroll_component,,,
SGT @ ARMS - TECHNOLOGY DEVELOPMENT SERVICES,2012,"SALARIES, OFFICERS AND EMPLOYEES, SENATE",135,NET PAYROLL EXPENSES,137,7648590.24,0.0,zero_records,segment,,,
SGT @ ARMS - TECHNOLOGY DEVELOPMENT SERVICES,2012,"SALARIES, OFFICERS AND EMPLOYEES, SENATE",135,(after final subtotal),137,,7648590.24,unchecked,trailing,,,
SGT @ ARMS - TECHNOLOGY DEVELOPMENT SERVICES,2012,"SALARIES, OFFICERS AND EMPLOYEES, SENATE",135,BANNER NET PAYROLL,135,7648590.24,7648590.24,ok,banner,,,
SGT @ ARMS - TECHNOLOGY DEVELOPMENT SERVICES,2012,"SALARIES, OFFICERS AND EMPLOYEES, SENATE",135,BANNER ORGANIZATION TOTALS,135,7648590.24,7648590.24,ok,banner,,,
SECRETARY OF THE SENATE - ADMINISTRATIVE SERV.,2010,"SALARIES, OFFICERS AND EMPLOYEES, SENATE",138,BANNER NET PAYROLL,138,0.0,0.0,banner_missing,banner,,,
SECRETARY OF THE SENATE - ADMINISTRATIVE SERV.,2010,"SALARIES, OFFICERS AND EMPLOYEES, SENATE",138,BANNER ORGANIZATION TOTALS,138,0.0,0.0,ok,banner,,,
SECRETARY OF THE SENATE - EXECUTIVE OFFICE,2010,"SALARIES, OFFICERS AND EMPLOYEES, SENATE",139,BANNER NET PAYROLL,139,0.0,0.0,banner_missing,banner,,,
SECRETARY OF THE SENATE - EXECUTIVE OFFICE,2010,"SALARIES, OFFICERS AND EMPLOYEES, SENATE",139,BANNER ORGANIZATION TOTALS,139,0.0,0.0,ok,banner,,,
SECRETARY OF THE SENATE - LEGISLATIVE SERVICES,2010,"SALARIES, OFFICERS AND EMPLOYEES, SENATE",140,BANNER NET PAYROLL,140,0.0,0.0,banner_missing,banner,,,
SECRETARY OF THE SENATE - LEGISLATIVE SERVICES,2010,"SALARIES, OFFICERS AND EMPLOYEES, SENATE",140,BANNER ORGANIZATION TOTALS,140,0.0,0.0,ok,banner,,,
SECRETARY OF THE SENATE - ADMINISTRATIVE SERV.,2011,"SALARIES, OFFICERS AND EMPLOYEES, SENATE",141,BANNER NET PAYROLL,141,0.0,0.0,banner_missing,banner,,,
SECRETARY OF THE SENATE - ADMINISTRATIVE SERV.,2011,"SALARIES, OFFICERS AND EMPLOYEES, SENATE",141,BANNER ORGANIZATION TOTALS,141,0.0,0.0,ok,banner,,,
SECRETARY OF THE SENATE - EXECUTIVE OFFICE,2011,"SALARIES, OFFICERS AND EMPLOYEES, SENATE",142,BANNER NET PAYROLL,142,0.0,0.0,banner_missing,banner,,,
SECRETARY OF THE SENATE - EXECUTIVE OFFICE,2011,"SALARIES, OFFICERS AND EMPLOYEES, SENATE",142,BANNER ORGANIZATION TOTALS,142,0.0,0.0,ok,banner,,,
SECRETARY OF THE SENATE - LEGISLATIVE SERVICES,2011,"SALARIES, OFFICERS AND EMPLOYEES, SENATE",143,BANNER NET PAYROLL,143,0.0,0.0,banner_missing,banner,,,
SECRETARY OF THE SENATE - LEGISLATIVE SERVICES,2011,"SALARIES, OFFICERS AND EMPLOYEES, SENATE",143,BANNER ORGANIZATION TOTALS,143,0.0,0.0,ok,banner,,,
SECRETARY OF THE SENATE - ADMINISTRATIVE SERV.,2012,"SALARIES, OFFICERS AND EMPLOYEES, SENATE",144,OTHER PERSONNEL COMPENSATION,147,789.1,0.0,component,payroll_component,,,
SECRETARY OF THE SENATE - ADMINISTRATIVE SERV.,2012,"SALARIES, OFFICERS AND EMPLOYEES, SENATE",144,PERSONNEL COMP. FULL-TIME PERMANENT,147,6694356.29,0.0,component,payroll_component,,,
SECRETARY OF THE SENATE - ADMINISTRATIVE SERV.,2012,"SALARIES, OFFICERS AND EMPLOYEES, SENATE",144,NET PAYROLL EXPENSES,147,6695145.39,0.0,zero_records,segment,,,
SECRETARY OF THE SENATE - ADMINISTRATIVE SERV.,2012,"SALARIES, OFFICERS AND EMPLOYEES, SENATE",144,(after final subtotal),147,,6691776.44,unchecked,trailing,,,
SECRETARY OF THE SENATE - ADMINISTRATIVE SERV.,2012,"SALARIES, OFFICERS AND EMPLOYEES, SENATE",144,BANNER NET PAYROLL,144,6695145.39,6695145.39,ok,banner,,,
SECRETARY OF THE SENATE - ADMINISTRATIVE SERV.,2012,"SALARIES, OFFICERS AND EMPLOYEES, SENATE",144,BANNER ORGANIZATION TOTALS,144,6695145.39,6691776.44,fail,banner,,,
SECRETARY OF THE SENATE - EXECUTIVE OFFICE,2012,"SALARIES, OFFICERS AND EMPLOYEES, SENATE",148,OTHER PERSONNEL COMPENSATION,149,9944.05,0.0,component,payroll_component,,,
SECRETARY OF THE SENATE - EXECUTIVE OFFICE,2012,"SALARIES, OFFICERS AND EMPLOYEES, SENATE",148,PERSONNEL COMP. FULL-TIME PERMANENT,149,1587099.58,0.0,component,payroll_component,,,
SECRETARY OF THE SENATE - EXECUTIVE OFFICE,2012,"SALARIES, OFFICERS AND EMPLOYEES, SENATE",148,NET PAYROLL EXPENSES,149,1597043.63,0.0,zero_records,segment,,,
SECRETARY OF THE SENATE - EXECUTIVE OFFICE,2012,"SALARIES, OFFICERS AND EMPLOYEES, SENATE",148,(after final subtotal),149,,1597043.63,unchecked,trailing,,,
SECRETARY OF THE SENATE - EXECUTIVE OFFICE,2012,"SALARIES, OFFICERS AND EMPLOYEES, SENATE",148,BANNER NET PAYROLL,148,1597043.63,1597043.63,ok,banner,,,
SECRETARY OF THE SENATE - EXECUTIVE OFFICE,2012,"SALARIES, OFFICERS AND EMPLOYEES, SENATE",148,BANNER ORGANIZATION TOTALS,148,1597043.63,1597043.63,ok,banner,,,
SECRETARY OF THE SENATE - LEGISLATIVE SERVICES,2012,"SALARIES, OFFICERS AND EMPLOYEES, SENATE",150,PERSONNEL COMP. FULL-TIME PERMANENT,151,2623377.48,0.0,component,payroll_component,,,
SECRETARY OF THE SENATE - LEGISLATIVE SERVICES,2012,"SALARIES, OFFICERS AND EMPLOYEES, SENATE",150,NET PAYROLL EXPENSES,151,2623377.48,0.0,zero_records,segment,,,
SECRETARY OF THE SENATE - LEGISLATIVE SERVICES,2012,"SALARIES, OFFICERS AND EMPLOYEES, SENATE",150,(after final subtotal),151,,2623377.48,unchecked,trailing,,,
SECRETARY OF THE SENATE - LEGISLATIVE SERVICES,2012,"SALARIES, OFFICERS AND EMPLOYEES, SENATE",150,BANNER NET PAYROLL,150,2623377.48,2623377.48,ok,banner,,,
SECRETARY OF THE SENATE - LEGISLATIVE SERVICES,2012,"SALARIES, OFFICERS AND EMPLOYEES, SENATE",150,BANNER ORGANIZATION TOTALS,150,2623377.48,2623377.48,ok,banner,,,
APPROPRIATIONS,2010,MISCELLANEOUS ITEMS,152,BANNER NET PAYROLL,152,0.0,0.0,banner_missing,banner,,,
APPROPRIATIONS,2010,MISCELLANEOUS ITEMS,152,BANNER ORGANIZATION TOTALS,152,0.0,0.0,ok,banner,,,
APPROPRIATIONS,2011,MISCELLANEOUS ITEMS,153,BANNER NET PAYROLL,153,0.0,0.0,banner_missing,banner,,,
APPROPRIATIONS,2011,MISCELLANEOUS ITEMS,153,BANNER ORGANIZATION TOTALS,153,0.0,0.0,ok,banner,,,
APPROPRIATIONS,,MISCELLANEOUS ITEMS,154,OTHER CONTRACTUAL SERVICES,155,30201.1,30201.1,ok,segment,,,
APPROPRIATIONS,,MISCELLANEOUS ITEMS,154,BANNER NET PAYROLL,154,10809.35,0.0,banner_missing,banner,,,
APPROPRIATIONS,,MISCELLANEOUS ITEMS,154,BANNER ORGANIZATION TOTALS,154,110626.54,30201.1,warn,banner,,,banner_only_categories
CHAPLAIN,2010,MISCELLANEOUS ITEMS,156,BANNER NET PAYROLL,156,0.0,0.0,banner_missing,banner,,,
CHAPLAIN,2010,MISCELLANEOUS ITEMS,156,BANNER ORGANIZATION TOTALS,156,0.0,0.0,ok,banner,,,
CHAPLAIN,2011,MISCELLANEOUS ITEMS,157,BANNER NET PAYROLL,157,0.0,0.0,banner_missing,banner,,,
CHAPLAIN,2011,MISCELLANEOUS ITEMS,157,BANNER ORGANIZATION TOTALS,157,0.0,0.0,ok,banner,,,
CHAPLAIN,,MISCELLANEOUS ITEMS,158,TRAVEL AND TRANSPORTATION OF PERSONS,158,78.3,78.3,ok,segment,,,
CHAPLAIN,,MISCELLANEOUS ITEMS,158,OTHER CONTRACTUAL SERVICES,158,494.9,494.9,ok,segment,,,
CHAPLAIN,,MISCELLANEOUS ITEMS,158,PERSONNEL BENEFITS,158,1291.95,0.0,component,payroll_component,,,
CHAPLAIN,,MISCELLANEOUS ITEMS,158,NET PAYROLL EXPENSES,158,1291.95,1291.95,ok,segment,,,
CHAPLAIN,,MISCELLANEOUS ITEMS,158,BANNER NET PAYROLL,158,1291.95,1291.95,ok,banner,,,
CHAPLAIN,,MISCELLANEOUS ITEMS,158,BANNER ORGANIZATION TOTALS,158,18323.96,1865.15,warn,banner,,,banner_only_categories
MAJORITY CONFERENCE COMMITTEE (D),2010,MISCELLANEOUS ITEMS,159,BANNER NET PAYROLL,159,0.0,0.0,banner_missing,banner,,,
MAJORITY CONFERENCE COMMITTEE (D),2010,MISCELLANEOUS ITEMS,159,BANNER ORGANIZATION TOTALS,159,0.0,0.0,ok,banner,,,
MAJORITY CONFERENCE COMMITTEE (D),2011,MISCELLANEOUS ITEMS,160,BANNER NET PAYROLL,160,0.0,0.0,banner_missing,banner,,,
MAJORITY CONFERENCE COMMITTEE (D),2011,MISCELLANEOUS ITEMS,160,BANNER ORGANIZATION TOTALS,160,0.0,0.0,ok,banner,,,
MAJORITY CONFERENCE COMMITTEE (D),2012,MISCELLANEOUS ITEMS,161,BANNER NET PAYROLL,161,,0.0,not_applicable,banner,,,
MAJORITY CONFERENCE COMMITTEE (D),2012,MISCELLANEOUS ITEMS,161,BANNER ORGANIZATION TOTALS,161,0.0,0.0,ok,banner,,,
MAJORITY CONFERENCE COMMITTEE (D),,MISCELLANEOUS ITEMS,162,TRAVEL AND TRANSPORTATION OF PERSONS,163,22321.51,22321.51,ok,segment,,,
MAJORITY CONFERENCE COMMITTEE (D),,MISCELLANEOUS ITEMS,162,OTHER CONTRACTUAL SERVICES,163,4450.95,4450.95,ok,segment,,,
MAJORITY CONFERENCE COMMITTEE (D),,MISCELLANEOUS ITEMS,162,ACQUISITION OF ASSETS,163,-18.75,-18.75,ok,segment,,,
MAJORITY CONFERENCE COMMITTEE (D),,MISCELLANEOUS ITEMS,162,PERSONNEL BENEFITS,163,5721.1,0.0,component,payroll_component,,,
MAJORITY CONFERENCE COMMITTEE (D),,MISCELLANEOUS ITEMS,162,NET PAYROLL EXPENSES,163,5721.1,5721.1,ok,segment,,,
MAJORITY CONFERENCE COMMITTEE (D),,MISCELLANEOUS ITEMS,162,BANNER NET PAYROLL,162,5721.1,5721.1,ok,banner,,,
MAJORITY CONFERENCE COMMITTEE (D),,MISCELLANEOUS ITEMS,162,BANNER ORGANIZATION TOTALS,162,55396.08,32474.81,warn,banner,,,banner_only_categories
MAJORITY POLICY COMMITTEE (D),2010,MISCELLANEOUS ITEMS,164,BANNER NET PAYROLL,164,0.0,0.0,banner_missing,banner,,,
MAJORITY POLICY COMMITTEE (D),2010,MISCELLANEOUS ITEMS,164,BANNER ORGANIZATION TOTALS,164,0.0,0.0,ok,banner,,,
MAJORITY POLICY COMMITTEE (D),2011,MISCELLANEOUS ITEMS,165,ACQUISITION OF ASSETS,165,27442.65,27442.65,ok,segment,,,
MAJORITY POLICY COMMITTEE (D),2011,MISCELLANEOUS ITEMS,165,BANNER NET PAYROLL,165,0.0,0.0,banner_missing,banner,,,
MAJORITY POLICY COMMITTEE (D),2011,MISCELLANEOUS ITEMS,165,BANNER ORGANIZATION TOTALS,165,27442.65,27442.65,ok,banner,,,
MAJORITY POLICY COMMITTEE (D),2012,MISCELLANEOUS ITEMS,166,BANNER NET PAYROLL,166,,0.0,not_applicable,banner,,,
MAJORITY POLICY COMMITTEE (D),2012,MISCELLANEOUS ITEMS,166,BANNER ORGANIZATION TOTALS,166,0.0,0.0,ok,banner,,,
MAJORITY POLICY COMMITTEE (D),,MISCELLANEOUS ITEMS,167,TRAVEL AND TRANSPORTATION OF PERSONS,167,6198.88,6198.88,ok,segment,,,
MAJORITY POLICY COMMITTEE (D),,MISCELLANEOUS ITEMS,167,OTHER CONTRACTUAL SERVICES,168,5918.89,5918.89,ok,segment,,,
MAJORITY POLICY COMMITTEE (D),,MISCELLANEOUS ITEMS,167,ACQUISITION OF ASSETS,168,266.0,266.0,ok,segment,,,
MAJORITY POLICY COMMITTEE (D),,MISCELLANEOUS ITEMS,167,PERSONNEL BENEFITS,168,4488.45,0.0,component,payroll_component,,,
MAJORITY POLICY COMMITTEE (D),,MISCELLANEOUS ITEMS,167,NET PAYROLL EXPENSES,168,4488.45,4488.45,ok,segment,,,
MAJORITY POLICY COMMITTEE (D),,MISCELLANEOUS ITEMS,167,BANNER NET PAYROLL,167,4488.45,4488.45,ok,banner,,,
MAJORITY POLICY COMMITTEE (D),,MISCELLANEOUS ITEMS,167,BANNER ORGANIZATION TOTALS,167,31823.43,16872.22,warn,banner,,,banner_only_categories
MAJORITY LEADER (D),2010,MISCELLANEOUS ITEMS,169,BANNER NET PAYROLL,169,,0.0,not_applicable,banner,,,
MAJORITY LEADER (D),2010,MISCELLANEOUS ITEMS,169,BANNER ORGANIZATION TOTALS,169,0.0,0.0,ok,banner,,,
MAJORITY LEADER (D),2011,MISCELLANEOUS ITEMS,170,ACQUISITION OF ASSETS,170,4476.71,4476.71,ok,segment,,,
MAJORITY LEADER (D),2011,MISCELLANEOUS ITEMS,170,BANNER NET PAYROLL,170,,0.0,not_applicable,banner,,,
MAJORITY LEADER (D),2011,MISCELLANEOUS ITEMS,170,BANNER ORGANIZATION TOTALS,170,4476.71,4476.71,ok,banner,,,
MAJORITY WHIP (D),2010,MISCELLANEOUS ITEMS,171,BANNER NET PAYROLL,171,,0.0,not_applicable,banner,,,
MAJORITY WHIP (D),2010,MISCELLANEOUS ITEMS,171,BANNER ORGANIZATION TOTALS,171,0.0,0.0,ok,banner,,,
MINORITY LEADER (R),2010,MISCELLANEOUS ITEMS,172,BANNER NET PAYROLL,172,0.0,0.0,banner_missing,banner,,,
MINORITY LEADER (R),2010,MISCELLANEOUS ITEMS,172,BANNER ORGANIZATION TOTALS,172,0.0,0.0,ok,banner,,,
MINORITY LEADER (R),2011,MISCELLANEOUS ITEMS,173,BANNER NET PAYROLL,173,0.0,0.0,banner_missing,banner,,,
MINORITY LEADER (R),2011,MISCELLANEOUS ITEMS,173,BANNER ORGANIZATION TOTALS,173,0.0,0.0,ok,banner,,,
MINORITY LEADER (R),2012,MISCELLANEOUS ITEMS,174,TRAVEL AND TRANSPORTATION OF PERSONS,174,700.33,700.33,ok,segment,,,
MINORITY LEADER (R),2012,MISCELLANEOUS ITEMS,174,OTHER CONTRACTUAL SERVICES,174,1742.4,1742.4,ok,segment,,,
MINORITY LEADER (R),2012,MISCELLANEOUS ITEMS,174,ACQUISITION OF ASSETS,174,19.94,19.94,ok,segment,,,
MINORITY LEADER (R),2012,MISCELLANEOUS ITEMS,174,PERSONNEL BENEFITS,174,2311.45,0.0,component,payroll_component,,,
MINORITY LEADER (R),2012,MISCELLANEOUS ITEMS,174,NET PAYROLL EXPENSES,174,2311.45,2311.45,ok,segment,,,
MINORITY LEADER (R),2012,MISCELLANEOUS ITEMS,174,BANNER NET PAYROLL,174,2311.45,2311.45,ok,banner,,,
MINORITY LEADER (R),2012,MISCELLANEOUS ITEMS,174,BANNER ORGANIZATION TOTALS,174,33842.63,4774.12,warn,banner,,,banner_only_categories
"SECRETARY, MINORITY CONFERENCE COMM (R)",2010,MISCELLANEOUS ITEMS,175,BANNER NET PAYROLL,175,0.0,0.0,banner_missing,banner,,,
"SECRETARY, MINORITY CONFERENCE COMM (R)",2010,MISCELLANEOUS ITEMS,175,BANNER ORGANIZATION TOTALS,175,0.0,0.0,ok,banner,,,
"SECRETARY, MINORITY CONFERENCE COMM (R)",2011,MISCELLANEOUS ITEMS,176,BANNER NET PAYROLL,176,,0.0,not_applicable,banner,,,
"SECRETARY, MINORITY CONFERENCE COMM (R)",2011,MISCELLANEOUS ITEMS,176,BANNER ORGANIZATION TOTALS,176,0.0,0.0,ok,banner,,,
"SECRETARY, MINORITY CONFERENCE COMM (R)",2012,MISCELLANEOUS ITEMS,177,BANNER NET PAYROLL,177,,0.0,not_applicable,banner,,,
"SECRETARY, MINORITY CONFERENCE COMM (R)",2012,MISCELLANEOUS ITEMS,177,BANNER ORGANIZATION TOTALS,177,0.0,0.0,ok,banner,,,
MINORITY WHIP (R),2010,MISCELLANEOUS ITEMS,178,BANNER NET PAYROLL,178,,0.0,not_applicable,banner,,,
MINORITY WHIP (R),2010,MISCELLANEOUS ITEMS,178,BANNER ORGANIZATION TOTALS,178,0.0,0.0,ok,banner,,,
MINORITY WHIP (R),2011,MISCELLANEOUS ITEMS,179,BANNER NET PAYROLL,179,,0.0,not_applicable,banner,,,
MINORITY WHIP (R),2011,MISCELLANEOUS ITEMS,179,BANNER ORGANIZATION TOTALS,179,0.0,0.0,ok,banner,,,
MINORITY WHIP (R),2012,MISCELLANEOUS ITEMS,180,TRAVEL AND TRANSPORTATION OF PERSONS,180,229.0,229.0,ok,segment,,,
MINORITY WHIP (R),2012,MISCELLANEOUS ITEMS,180,ACQUISITION OF ASSETS,180,305.22,305.22,ok,segment,,,
MINORITY WHIP (R),2012,MISCELLANEOUS ITEMS,180,PERSONNEL BENEFITS,180,230.0,0.0,component,payroll_component,,,
MINORITY WHIP (R),2012,MISCELLANEOUS ITEMS,180,NET PAYROLL EXPENSES,180,230.0,230.0,ok,segment,,,
MINORITY WHIP (R),2012,MISCELLANEOUS ITEMS,180,BANNER NET PAYROLL,180,230.0,230.0,ok,banner,,,
MINORITY WHIP (R),2012,MISCELLANEOUS ITEMS,180,BANNER ORGANIZATION TOTALS,180,3689.4,764.22,warn,banner,,,banner_only_categories
MINORITY CONFERENCE COMMITTEE (R),2010,MISCELLANEOUS ITEMS,181,BANNER NET PAYROLL,181,0.0,0.0,banner_missing,banner,,,
MINORITY CONFERENCE COMMITTEE (R),2010,MISCELLANEOUS ITEMS,181,BANNER ORGANIZATION TOTALS,181,0.0,0.0,ok,banner,,,
MINORITY CONFERENCE COMMITTEE (R),2011,MISCELLANEOUS ITEMS,182,ACQUISITION OF ASSETS,182,2300.0,2300.0,ok,segment,,,
MINORITY CONFERENCE COMMITTEE (R),2011,MISCELLANEOUS ITEMS,182,BANNER NET PAYROLL,182,0.0,0.0,banner_missing,banner,,,
MINORITY CONFERENCE COMMITTEE (R),2011,MISCELLANEOUS ITEMS,182,BANNER ORGANIZATION TOTALS,182,3074.4,2300.0,warn,banner,,,banner_only_categories
MINORITY CONFERENCE COMMITTEE (R),2012,MISCELLANEOUS ITEMS,183,ACQUISITION OF ASSETS,183,58.28,58.28,ok,segment,,,
MINORITY CONFERENCE COMMITTEE (R),2012,MISCELLANEOUS ITEMS,183,PERSONNEL BENEFITS,183,573.1,0.0,component,payroll_component,,,
MINORITY CONFERENCE COMMITTEE (R),2012,MISCELLANEOUS ITEMS,183,NET PAYROLL EXPENSES,183,573.1,573.1,ok,segment,,,
MINORITY CONFERENCE COMMITTEE (R),2012,MISCELLANEOUS ITEMS,183,BANNER NET PAYROLL,183,573.1,573.1,ok,banner,,,
MINORITY CONFERENCE COMMITTEE (R),2012,MISCELLANEOUS ITEMS,183,BANNER ORGANIZATION TOTALS,183,4512.76,631.38,warn,banner,,,banner_only_categories
MINORITY CONFERENCE COMMITTEE (R),,MISCELLANEOUS ITEMS,184,TRAVEL AND TRANSPORTATION OF PERSONS,184,13.0,13.0,ok,segment,,,
MINORITY CONFERENCE COMMITTEE (R),,MISCELLANEOUS ITEMS,184,OTHER CONTRACTUAL SERVICES,184,4135.0,4135.0,ok,segment,,,
MINORITY CONFERENCE COMMITTEE (R),,MISCELLANEOUS ITEMS,184,ACQUISITION OF ASSETS,184,2324.25,2324.25,ok,segment,,,
MINORITY CONFERENCE COMMITTEE (R),,MISCELLANEOUS ITEMS,184,PERSONNEL BENEFITS,185,2920.5,0.0,component,payroll_component,,,
MINORITY CONFERENCE COMMITTEE (R),,MISCELLANEOUS ITEMS,184,NET PAYROLL EXPENSES,185,2920.5,2920.5,ok,segment,,,
MINORITY CONFERENCE COMMITTEE (R),,MISCELLANEOUS ITEMS,184,BANNER NET PAYROLL,184,2920.5,2920.5,ok,banner,,,
MINORITY CONFERENCE COMMITTEE (R),,MISCELLANEOUS ITEMS,184,BANNER ORGANIZATION TOTALS,184,78302.35,9392.75,warn,banner,,,banner_only_categories
MINORITY POLICY COMMITTEE (R),2010,MISCELLANEOUS ITEMS,186,BANNER NET PAYROLL,186,0.0,0.0,banner_missing,banner,,,
MINORITY POLICY COMMITTEE (R),2010,MISCELLANEOUS ITEMS,186,BANNER ORGANIZATION TOTALS,186,0.0,0.0,ok,banner,,,
MINORITY POLICY COMMITTEE (R),2011,MISCELLANEOUS ITEMS,187,BANNER NET PAYROLL,187,0.0,0.0,banner_missing,banner,,,
MINORITY POLICY COMMITTEE (R),2011,MISCELLANEOUS ITEMS,187,BANNER ORGANIZATION TOTALS,187,73.95,0.0,warn,banner,,,banner_only_categories
MINORITY POLICY COMMITTEE (R),,MISCELLANEOUS ITEMS,188,TRAVEL AND TRANSPORTATION OF PERSONS,188,2307.97,2307.97,ok,segment,,,
MINORITY POLICY COMMITTEE (R),,MISCELLANEOUS ITEMS,188,OTHER CONTRACTUAL SERVICES,188,46.0,46.0,ok,segment,,,
MINORITY POLICY COMMITTEE (R),,MISCELLANEOUS ITEMS,188,PERSONNEL BENEFITS,188,2939.1,0.0,component,payroll_component,,,
MINORITY POLICY COMMITTEE (R),,MISCELLANEOUS ITEMS,188,NET PAYROLL EXPENSES,188,2939.1,2939.1,ok,segment,,,
MINORITY POLICY COMMITTEE (R),,MISCELLANEOUS ITEMS,188,BANNER NET PAYROLL,188,2939.1,2939.1,ok,banner,,,
MINORITY POLICY COMMITTEE (R),,MISCELLANEOUS ITEMS,188,BANNER ORGANIZATION TOTALS,188,21973.5,5293.07,warn,banner,,,banner_only_categories
SENATE CHILD CARE CENTER,2010,MISCELLANEOUS ITEMS,189,BANNER NET PAYROLL,189,0.0,0.0,banner_missing,banner,,,
SENATE CHILD CARE CENTER,2010,MISCELLANEOUS ITEMS,189,BANNER ORGANIZATION TOTALS,189,0.0,0.0,ok,banner,,,
SENATE CHILD CARE CENTER,2011,MISCELLANEOUS ITEMS,190,BANNER NET PAYROLL,190,0.0,0.0,banner_missing,banner,,,
SENATE CHILD CARE CENTER,2011,MISCELLANEOUS ITEMS,190,BANNER ORGANIZATION TOTALS,190,0.0,0.0,ok,banner,,,
SENATE CHILD CARE CENTER,,MISCELLANEOUS ITEMS,191,TRAVEL AND TRANSPORTATION OF PERSONS,191,16.0,16.0,ok,segment,,,
SENATE CHILD CARE CENTER,,MISCELLANEOUS ITEMS,191,OTHER CONTRACTUAL SERVICES,191,2060.0,2060.0,ok,segment,,,
SENATE CHILD CARE CENTER,,MISCELLANEOUS ITEMS,191,PERSONNEL COMP. FULL-TIME PERMANENT,191,17.87,0.0,component,payroll_component,,,
SENATE CHILD CARE CENTER,,MISCELLANEOUS ITEMS,191,PERSONNEL BENEFITS,191,7.36,0.0,component,payroll_component,,,
SENATE CHILD CARE CENTER,,MISCELLANEOUS ITEMS,191,BENEFITS FOR NON SENATE/FORMER PERSONNEL,191,208233.82,0.0,component,payroll_component,,,
SENATE CHILD CARE CENTER,,MISCELLANEOUS ITEMS,191,NET PAYROLL EXPENSES,191,208259.05,208241.18,fail,segment,inconclusive,0.0,
SENATE CHILD CARE CENTER,,MISCELLANEOUS ITEMS,191,BANNER NET PAYROLL,191,208259.05,208259.05,ok,banner,,,
SENATE CHILD CARE CENTER,,MISCELLANEOUS ITEMS,191,BANNER ORGANIZATION TOTALS,191,210335.05,210317.18,fail,banner,,,
CONSULTANTS,2010,MISCELLANEOUS ITEMS,192,BANNER NET PAYROLL,192,0.0,0.0,banner_missing,banner,,,
CONSULTANTS,2010,MISCELLANEOUS ITEMS,192,BANNER ORGANIZATION TOTALS,192,0.0,0.0,ok,banner,,,
CONSULTANTS,2011,MISCELLANEOUS ITEMS,193,BANNER NET PAYROLL,193,0.0,0.0,banner_missing,banner,,,
CONSULTANTS,2011,MISCELLANEOUS ITEMS,193,BANNER ORGANIZATION TOTALS,193,0.0,0.0,ok,banner,,,
CONSULTANTS,,MISCELLANEOUS ITEMS,194,PERSONNEL COMP. FULL-TIME PERMANENT,194,1465430.52,0.0,component,payroll_component,,,
CONSULTANTS,,MISCELLANEOUS ITEMS,194,WHEN ACTUALLY EMPLOYED (WAE),194,5472.28,0.0,component,payroll_component,,,
CONSULTANTS,,MISCELLANEOUS ITEMS,194,PERSONNEL BENEFITS,194,454958.04,0.0,component,payroll_component,,,
CONSULTANTS,,MISCELLANEOUS ITEMS,194,NET PAYROLL EXPENSES,194,1925860.84,454958.04,fail,segment,inconclusive,1471616.83,
CONSULTANTS,,MISCELLANEOUS ITEMS,194,(after final subtotal),194,,1471616.83,unchecked,trailing,,,
CONSULTANTS,,MISCELLANEOUS ITEMS,194,BANNER NET PAYROLL,194,1925860.84,1925860.84,ok,banner,,,
CONSULTANTS,,MISCELLANEOUS ITEMS,194,BANNER ORGANIZATION TOTALS,194,1925860.84,1926574.87,fail,banner,,,
EMPLOYEE COMPENSATION FUND,2010,MISCELLANEOUS ITEMS,195,BANNER NET PAYROLL,195,0.0,0.0,banner_missing,banner,,,
EMPLOYEE COMPENSATION FUND,2010,MISCELLANEOUS ITEMS,195,BANNER ORGANIZATION TOTALS,195,0.0,0.0,ok,banner,,,
EMPLOYEE COMPENSATION FUND,2011,MISCELLANEOUS ITEMS,196,BANNER NET PAYROLL,196,0.0,0.0,banner_missing,banner,,,
EMPLOYEE COMPENSATION FUND,2011,MISCELLANEOUS ITEMS,196,BANNER ORGANIZATION TOTALS,196,0.0,0.0,ok,banner,,,
EMPLOYEE COMPENSATION FUND,,MISCELLANEOUS ITEMS,197,BANNER NET PAYROLL,197,0.0,0.0,banner_missing,banner,,,
EMPLOYEE COMPENSATION FUND,,MISCELLANEOUS ITEMS,197,BANNER ORGANIZATION TOTALS,197,0.0,0.0,ok,banner,,,
FEDERAL EMPLOYEES COMPENSATION ACCOUNT,2010,MISCELLANEOUS ITEMS,198,BANNER NET PAYROLL,198,0.0,0.0,banner_missing,banner,,,
FEDERAL EMPLOYEES COMPENSATION ACCOUNT,2010,MISCELLANEOUS ITEMS,198,BANNER ORGANIZATION TOTALS,198,0.0,0.0,ok,banner,,,
FEDERAL EMPLOYEES COMPENSATION ACCOUNT,2011,MISCELLANEOUS ITEMS,199,BANNER NET PAYROLL,199,0.0,0.0,banner_missing,banner,,,
FEDERAL EMPLOYEES COMPENSATION ACCOUNT,2011,MISCELLANEOUS ITEMS,199,BANNER ORGANIZATION TOTALS,199,0.0,0.0,ok,banner,,,
FEDERAL EMPLOYEES COMPENSATION ACCOUNT,,MISCELLANEOUS ITEMS,200,BENEFITS FOR NON SENATE/FORMER PERSONNEL,200,82606.0,0.0,component,payroll_component,,,
FEDERAL EMPLOYEES COMPENSATION ACCOUNT,,MISCELLANEOUS ITEMS,200,NET PAYROLL EXPENSES,200,82606.0,82606.0,ok,segment,,,
FEDERAL EMPLOYEES COMPENSATION ACCOUNT,,MISCELLANEOUS ITEMS,200,BANNER NET PAYROLL,200,82606.0,82606.0,ok,banner,,,
FEDERAL EMPLOYEES COMPENSATION ACCOUNT,,MISCELLANEOUS ITEMS,200,BANNER ORGANIZATION TOTALS,200,82606.0,82606.0,ok,banner,,,
FOREIGN TRAVEL - MEMBERS & EMPLOYEES,2010,MISCELLANEOUS ITEMS,201,BANNER NET PAYROLL,201,,0.0,not_applicable,banner,,,
FOREIGN TRAVEL - MEMBERS & EMPLOYEES,2010,MISCELLANEOUS ITEMS,201,BANNER ORGANIZATION TOTALS,201,0.0,0.0,ok,banner,,,
FOREIGN TRAVEL - MEMBERS & EMPLOYEES,2011,MISCELLANEOUS ITEMS,202,TRAVEL AND TRANSPORTATION OF PERSONS,202,-53.0,-53.0,ok,segment,,,
FOREIGN TRAVEL - MEMBERS & EMPLOYEES,2011,MISCELLANEOUS ITEMS,202,BANNER NET PAYROLL,202,,0.0,not_applicable,banner,,,
FOREIGN TRAVEL - MEMBERS & EMPLOYEES,2011,MISCELLANEOUS ITEMS,202,BANNER ORGANIZATION TOTALS,202,53.0,53.0,ok,banner,,,
FOREIGN TRAVEL - MEMBERS & EMPLOYEES,,MISCELLANEOUS ITEMS,203,TRAVEL AND TRANSPORTATION OF PERSONS,203,3058.01,3058.01,ok,segment,,,
FOREIGN TRAVEL - MEMBERS & EMPLOYEES,,MISCELLANEOUS ITEMS,203,BANNER NET PAYROLL,203,,0.0,not_applicable,banner,,,
FOREIGN TRAVEL - MEMBERS & EMPLOYEES,,MISCELLANEOUS ITEMS,203,BANNER ORGANIZATION TOTALS,203,3058.01,3058.01,ok,banner,,,
JOHN HEINZ FELLOWSHIP PROGRAM,2010,MISCELLANEOUS ITEMS,204,BANNER NET PAYROLL,204,0.0,0.0,banner_missing,banner,,,
JOHN HEINZ FELLOWSHIP PROGRAM,2010,MISCELLANEOUS ITEMS,204,BANNER ORGANIZATION TOTALS,204,0.0,0.0,ok,banner,,,
POSTAGE,2010,MISCELLANEOUS ITEMS,205,BANNER NET PAYROLL,205,,0.0,not_applicable,banner,,,
POSTAGE,2010,MISCELLANEOUS ITEMS,205,BANNER ORGANIZATION TOTALS,205,0.0,0.0,ok,banner,,,
POSTAGE,2011,MISCELLANEOUS ITEMS,206,BANNER NET PAYROLL,206,,0.0,not_applicable,banner,,,
POSTAGE,2011,MISCELLANEOUS ITEMS,206,BANNER ORGANIZATION TOTALS,206,0.0,0.0,ok,banner,,,
POSTAGE,,MISCELLANEOUS ITEMS,207,BANNER NET PAYROLL,207,,0.0,not_applicable,banner,,,
POSTAGE,,MISCELLANEOUS ITEMS,207,BANNER ORGANIZATION TOTALS,207,0.0,0.0,ok,banner,,,
MOBILE COMMUNICATIONS DEVICES,2010,MISCELLANEOUS ITEMS,208,BANNER NET PAYROLL,208,,0.0,not_applicable,banner,,,
MOBILE COMMUNICATIONS DEVICES,2010,MISCELLANEOUS ITEMS,208,BANNER ORGANIZATION TOTALS,208,0.0,0.0,ok,banner,,,
MOBILE COMMUNICATIONS DEVICES,2011,MISCELLANEOUS ITEMS,209,BANNER NET PAYROLL,209,,0.0,not_applicable,banner,,,
MOBILE COMMUNICATIONS DEVICES,2011,MISCELLANEOUS ITEMS,209,BANNER ORGANIZATION TOTALS,209,0.0,0.0,ok,banner,,,
MOBILE COMMUNICATIONS DEVICES,,MISCELLANEOUS ITEMS,210,ACQUISITION OF ASSETS,210,668.97,668.97,ok,segment,,,
MOBILE COMMUNICATIONS DEVICES,,MISCELLANEOUS ITEMS,210,BANNER NET PAYROLL,210,,0.0,not_applicable,banner,,,
MOBILE COMMUNICATIONS DEVICES,,MISCELLANEOUS ITEMS,210,BANNER ORGANIZATION TOTALS,210,16077.94,668.97,warn,banner,,,banner_only_categories
RESERVE FOR CONTINGENCIES,2010,MISCELLANEOUS ITEMS,211,OTHER CONTRACTUAL SERVICES,211,718419.98,718419.98,ok,segment,,,
RESERVE FOR CONTINGENCIES,2010,MISCELLANEOUS ITEMS,211,BANNER NET PAYROLL,211,0.0,0.0,banner_missing,banner,,,
RESERVE FOR CONTINGENCIES,2010,MISCELLANEOUS ITEMS,211,BANNER ORGANIZATION TOTALS,211,718419.98,718419.98,ok,banner,,,
RESERVE FOR CONTINGENCIES,2011,MISCELLANEOUS ITEMS,212,BANNER NET PAYROLL,212,0.0,0.0,banner_missing,banner,,,
RESERVE FOR CONTINGENCIES,2011,MISCELLANEOUS ITEMS,212,BANNER ORGANIZATION TOTALS,212,0.0,0.0,ok,banner,,,
RESERVE FOR CONTINGENCIES,,MISCELLANEOUS ITEMS,213,OTHER CONTRACTUAL SERVICES,213,-320772.01,-320772.01,ok,segment,,,
RESERVE FOR CONTINGENCIES,,MISCELLANEOUS ITEMS,213,BENEFITS FOR NON SENATE/FORMER PERSONNEL,213,45009.0,0.0,component,payroll_component,,,
RESERVE FOR CONTINGENCIES,,MISCELLANEOUS ITEMS,213,NET PAYROLL EXPENSES,213,45009.0,45009.0,ok,segment,,,
RESERVE FOR CONTINGENCIES,,MISCELLANEOUS ITEMS,213,BANNER NET PAYROLL,213,45009.0,45009.0,ok,banner,,,
RESERVE FOR CONTINGENCIES,,MISCELLANEOUS ITEMS,213,BANNER ORGANIZATION TOTALS,213,272709.37,275763.01,fail,banner,,,
RECEPTION OF FOREIGN DIGNITARIES,2010,MISCELLANEOUS ITEMS,214,BANNER NET PAYROLL,214,,0.0,not_applicable,banner,,,
RECEPTION OF FOREIGN DIGNITARIES,2010,MISCELLANEOUS ITEMS,214,BANNER ORGANIZATION TOTALS,214,0.0,0.0,ok,banner,,,
RECEPTION OF FOREIGN DIGNITARIES,2011,MISCELLANEOUS ITEMS,215,BANNER NET PAYROLL,215,,0.0,not_applicable,banner,,,
RECEPTION OF FOREIGN DIGNITARIES,2011,MISCELLANEOUS ITEMS,215,BANNER ORGANIZATION TOTALS,215,0.0,0.0,ok,banner,,,
RECEPTION OF FOREIGN DIGNITARIES,,MISCELLANEOUS ITEMS,216,OTHER CONTRACTUAL SERVICES,216,3175.0,3175.0,ok,segment,,,
RECEPTION OF FOREIGN DIGNITARIES,,MISCELLANEOUS ITEMS,216,BANNER NET PAYROLL,216,,0.0,not_applicable,banner,,,
RECEPTION OF FOREIGN DIGNITARIES,,MISCELLANEOUS ITEMS,216,BANNER ORGANIZATION TOTALS,216,3175.0,3175.0,ok,banner,,,
RESOLUTION & REORGANIZATION RESERVE,2010,MISCELLANEOUS ITEMS,217,BANNER NET PAYROLL,217,0.0,0.0,banner_missing,banner,,,
RESOLUTION & REORGANIZATION RESERVE,2010,MISCELLANEOUS ITEMS,217,BANNER ORGANIZATION TOTALS,217,0.0,0.0,ok,banner,,,
RESOLUTION & REORGANIZATION RESERVE,2011,MISCELLANEOUS ITEMS,218,PERSONNEL COMP. FULL-TIME PERMANENT,218,-1438.88,0.0,component,payroll_component,,,
RESOLUTION & REORGANIZATION RESERVE,2011,MISCELLANEOUS ITEMS,218,PERSONNEL BENEFITS,218,-425.23,0.0,component,payroll_component,,,
RESOLUTION & REORGANIZATION RESERVE,2011,MISCELLANEOUS ITEMS,218,NET PAYROLL EXPENSES,218,-1864.11,-425.23,fail,segment,inconclusive,0.0,
RESOLUTION & REORGANIZATION RESERVE,2011,MISCELLANEOUS ITEMS,218,BANNER NET PAYROLL,218,1864.11,1864.11,ok,banner,,,
RESOLUTION & REORGANIZATION RESERVE,2011,MISCELLANEOUS ITEMS,218,BANNER ORGANIZATION TOTALS,218,1864.11,425.23,fail,banner,,,
RESOLUTION & REORGANIZATION RESERVE,,MISCELLANEOUS ITEMS,219,TRAVEL AND TRANSPORTATION OF PERSONS,219,42.0,42.0,ok,segment,,,
RESOLUTION & REORGANIZATION RESERVE,,MISCELLANEOUS ITEMS,219,OTHER CONTRACTUAL SERVICES,219,900.0,900.0,ok,segment,,,
RESOLUTION & REORGANIZATION RESERVE,,MISCELLANEOUS ITEMS,219,PERSONNEL BENEFITS,219,71.95,0.0,component,payroll_component,,,
RESOLUTION & REORGANIZATION RESERVE,,MISCELLANEOUS ITEMS,219,NET PAYROLL EXPENSES,219,71.95,71.95,ok,segment,,,
RESOLUTION & REORGANIZATION RESERVE,,MISCELLANEOUS ITEMS,219,BANNER NET PAYROLL,219,71.95,71.95,ok,banner,,,
RESOLUTION & REORGANIZATION RESERVE,,MISCELLANEOUS ITEMS,219,BANNER ORGANIZATION TOTALS,219,1013.95,1013.95,ok,banner,,,
JOINT SELECT COMMITTEE ON DEFICIT REDUCTION,2011,MISCELLANEOUS ITEMS,220,BANNER NET PAYROLL,220,0.0,0.0,banner_missing,banner,,,
JOINT SELECT COMMITTEE ON DEFICIT REDUCTION,2011,MISCELLANEOUS ITEMS,220,BANNER ORGANIZATION TOTALS,220,0.0,0.0,ok,banner,,,
JOINT SELECT COMMITTEE ON DEFICIT REDUCTION,,MISCELLANEOUS ITEMS,221,NET PAYROLL EXPENSES,221,-97580.22,0.0,zero_records,segment,,,
JOINT SELECT COMMITTEE ON DEFICIT REDUCTION,,MISCELLANEOUS ITEMS,221,(after final subtotal),221,,-97580.22,unchecked,trailing,,,
JOINT SELECT COMMITTEE ON DEFICIT REDUCTION,,MISCELLANEOUS ITEMS,221,BANNER NET PAYROLL,221,97580.22,97580.22,ok,banner,,,
JOINT SELECT COMMITTEE ON DEFICIT REDUCTION,,MISCELLANEOUS ITEMS,221,BANNER ORGANIZATION TOTALS,221,98013.32,97580.22,warn,banner,,,banner_only_categories
NATL SECURITY GRP-MAJ ADMIN CO-CHAIR (KERRY),2010,MISCELLANEOUS ITEMS,222,BANNER NET PAYROLL,222,0.0,0.0,banner_missing,banner,,,
NATL SECURITY GRP-MAJ ADMIN CO-CHAIR (KERRY),2010,MISCELLANEOUS ITEMS,222,BANNER ORGANIZATION TOTALS,222,0.0,0.0,ok,banner,,,
NATL SECURITY GRP-MAJ ADMIN CO-CHAIR (KERRY),2011,MISCELLANEOUS ITEMS,223,BANNER NET PAYROLL,223,0.0,0.0,banner_missing,banner,,,
NATL SECURITY GRP-MAJ ADMIN CO-CHAIR (KERRY),2011,MISCELLANEOUS ITEMS,223,BANNER ORGANIZATION TOTALS,223,0.0,0.0,ok,banner,,,
NATL SECURITY GRP-MAJ ADMIN CO-CHAIR (KERRY),,MISCELLANEOUS ITEMS,224,PERSONNEL COMP. FULL-TIME PERMANENT,224,100000.0,0.0,component,payroll_component,,,
NATL SECURITY GRP-MAJ ADMIN CO-CHAIR (KERRY),,MISCELLANEOUS ITEMS,224,NET PAYROLL EXPENSES,224,100000.0,0.0,zero_records,segment,,,
NATL SECURITY GRP-MAJ ADMIN CO-CHAIR (KERRY),,MISCELLANEOUS ITEMS,224,BANNER NET PAYROLL,224,100000.0,100000.0,ok,banner,,,
NATL SECURITY GRP-MAJ ADMIN CO-CHAIR (KERRY),,MISCELLANEOUS ITEMS,224,BANNER ORGANIZATION TOTALS,224,100000.0,0.0,warn,banner,,,captured_bvb_mismatch
NATL SECURITY WORKING GRP-MAJ CO-CHAIR (LEVIN),2010,MISCELLANEOUS ITEMS,225,BANNER NET PAYROLL,225,0.0,0.0,banner_missing,banner,,,
NATL SECURITY WORKING GRP-MAJ CO-CHAIR (LEVIN),2010,MISCELLANEOUS ITEMS,225,BANNER ORGANIZATION TOTALS,225,0.0,0.0,ok,banner,,,
NATL SECURITY WORKING GRP-MAJ CO-CHAIR (LEVIN),2011,MISCELLANEOUS ITEMS,226,BANNER NET PAYROLL,226,0.0,0.0,banner_missing,banner,,,
NATL SECURITY WORKING GRP-MAJ CO-CHAIR (LEVIN),2011,MISCELLANEOUS ITEMS,226,BANNER ORGANIZATION TOTALS,226,0.0,0.0,ok,banner,,,
NATL SECURITY WORKING GRP-MAJ CO-CHAIR (LEVIN),,MISCELLANEOUS ITEMS,227,PERSONNEL COMP. FULL-TIME PERMANENT,227,60000.0,0.0,component,payroll_component,,,
NATL SECURITY WORKING GRP-MAJ CO-CHAIR (LEVIN),,MISCELLANEOUS ITEMS,227,NET PAYROLL EXPENSES,227,60000.0,0.0,zero_records,segment,,,
NATL SECURITY WORKING GRP-MAJ CO-CHAIR (LEVIN),,MISCELLANEOUS ITEMS,227,BANNER NET PAYROLL,227,60000.0,60000.0,ok,banner,,,
NATL SECURITY WORKING GRP-MAJ CO-CHAIR (LEVIN),,MISCELLANEOUS ITEMS,227,BANNER ORGANIZATION TOTALS,227,60000.0,0.0,warn,banner,,,captured_bvb_mismatch
NATL SECURITY WORKING GRP-MAJ CO-CHAIR (INOUYE),2010,MISCELLANEOUS ITEMS,228,BANNER NET PAYROLL,228,0.0,0.0,banner_missing,banner,,,
NATL SECURITY WORKING GRP-MAJ CO-CHAIR (INOUYE),2010,MISCELLANEOUS ITEMS,228,BANNER ORGANIZATION TOTALS,228,0.0,0.0,ok,banner,,,
NATL SECURITY WORKING GRP-MAJ CO-CHAIR (INOUYE),2011,MISCELLANEOUS ITEMS,229,BANNER NET PAYROLL,229,,0.0,not_applicable,banner,,,
NATL SECURITY WORKING GRP-MAJ CO-CHAIR (INOUYE),2011,MISCELLANEOUS ITEMS,229,BANNER ORGANIZATION TOTALS,229,0.0,0.0,ok,banner,,,
NATL SECURITY WORKING GRP-MAJ CO-CHAIR (INOUYE),,MISCELLANEOUS ITEMS,230,BANNER NET PAYROLL,230,,0.0,not_applicable,banner,,,
NATL SECURITY WORKING GRP-MAJ CO-CHAIR (INOUYE),,MISCELLANEOUS ITEMS,230,BANNER ORGANIZATION TOTALS,230,0.0,0.0,ok,banner,,,
NATL SECURITY WORKING GRP-MAJ CO-CHAIR (LAUTENBERG),2010,MISCELLANEOUS ITEMS,231,BANNER NET PAYROLL,231,0.0,0.0,banner_missing,banner,,,
NATL SECURITY WORKING GRP-MAJ CO-CHAIR (LAUTENBERG),2010,MISCELLANEOUS ITEMS,231,BANNER ORGANIZATION TOTALS,231,0.0,0.0,ok,banner,,,
NATL SECURITY WORKING GRP-MAJ CO-CHAIR (LAUTENBERG),2011,MISCELLANEOUS ITEMS,232,BANNER NET PAYROLL,232,0.0,0.0,banner_missing,banner,,,
NATL SECURITY WORKING GRP-MAJ CO-CHAIR (LAUTENBERG),2011,MISCELLANEOUS ITEMS,232,BANNER ORGANIZATION TOTALS,232,0.0,0.0,ok,banner,,,
NATL SECURITY WORKING GRP-MAJ CO-CHAIR (LAUTENBERG),,MISCELLANEOUS ITEMS,233,BANNER NET PAYROLL,233,,0.0,not_applicable,banner,,,
NATL SECURITY WORKING GRP-MAJ CO-CHAIR (LAUTENBERG),,MISCELLANEOUS ITEMS,233,BANNER ORGANIZATION TOTALS,233,0.0,0.0,ok,banner,,,
NATL SECURITY WORKING GRP-MAJ LEADER (REID),2010,MISCELLANEOUS ITEMS,234,BANNER NET PAYROLL,234,0.0,0.0,banner_missing,banner,,,
NATL SECURITY WORKING GRP-MAJ LEADER (REID),2010,MISCELLANEOUS ITEMS,234,BANNER ORGANIZATION TOTALS,234,0.0,0.0,ok,banner,,,
NATL SECURITY WORKING GRP-MAJ LEADER (REID),2011,MISCELLANEOUS ITEMS,235,BANNER NET PAYROLL,235,0.0,0.0,banner_missing,banner,,,
NATL SECURITY WORKING GRP-MAJ LEADER (REID),2011,MISCELLANEOUS ITEMS,235,BANNER ORGANIZATION TOTALS,235,0.0,0.0,ok,banner,,,
NATL SECURITY WORKING GRP-MAJ LEADER (REID),,MISCELLANEOUS ITEMS,236,PERSONNEL COMP. FULL-TIME PERMANENT,236,100000.0,0.0,component,payroll_component,,,
NATL SECURITY WORKING GRP-MAJ LEADER (REID),,MISCELLANEOUS ITEMS,236,NET PAYROLL EXPENSES,236,100000.0,0.0,zero_records,segment,,,
NATL SECURITY WORKING GRP-MAJ LEADER (REID),,MISCELLANEOUS ITEMS,236,BANNER NET PAYROLL,236,100000.0,100000.0,ok,banner,,,
NATL SECURITY WORKING GRP-MAJ LEADER (REID),,MISCELLANEOUS ITEMS,236,BANNER ORGANIZATION TOTALS,236,100000.0,0.0,warn,banner,,,captured_bvb_mismatch
NATL SECURITY WORKING GRP-MIN ADM. CO-CHAIR (KYL),2010,MISCELLANEOUS ITEMS,237,BANNER NET PAYROLL,237,0.0,0.0,banner_missing,banner,,,
NATL SECURITY WORKING GRP-MIN ADM. CO-CHAIR (KYL),2010,MISCELLANEOUS ITEMS,237,BANNER ORGANIZATION TOTALS,237,0.0,0.0,ok,banner,,,
NATL SECURITY WORKING GRP-MIN ADM. CO-CHAIR (KYL),2011,MISCELLANEOUS ITEMS,238,BANNER NET PAYROLL,238,0.0,0.0,banner_missing,banner,,,
NATL SECURITY WORKING GRP-MIN ADM. CO-CHAIR (KYL),2011,MISCELLANEOUS ITEMS,238,BANNER ORGANIZATION TOTALS,238,0.0,0.0,ok,banner,,,
NATL SECURITY WORKING GRP-MIN ADM. CO-CHAIR (KYL),,MISCELLANEOUS ITEMS,239,PERSONNEL COMP. FULL-TIME PERMANENT,239,100000.0,0.0,component,payroll_component,,,
NATL SECURITY WORKING GRP-MIN ADM. CO-CHAIR (KYL),,MISCELLANEOUS ITEMS,239,NET PAYROLL EXPENSES,239,100000.0,0.0,zero_records,segment,,,
NATL SECURITY WORKING GRP-MIN ADM. CO-CHAIR (KYL),,MISCELLANEOUS ITEMS,239,BANNER NET PAYROLL,239,100000.0,100000.0,ok,banner,,,
NATL SECURITY WORKING GRP-MIN ADM. CO-CHAIR (KYL),,MISCELLANEOUS ITEMS,239,BANNER ORGANIZATION TOTALS,239,100000.0,0.0,warn,banner,,,captured_bvb_mismatch
NATL SECURITY WORKING GRP-MIN CO-CHAIR (L. GRAHAM),2010,MISCELLANEOUS ITEMS,240,BANNER NET PAYROLL,240,0.0,0.0,banner_missing,banner,,,
NATL SECURITY WORKING GRP-MIN CO-CHAIR (L. GRAHAM),2010,MISCELLANEOUS ITEMS,240,BANNER ORGANIZATION TOTALS,240,0.0,0.0,ok,banner,,,
NATL SECURITY WORKING GRP-MIN CO-CHAIR (L. GRAHAM),2011,MISCELLANEOUS ITEMS,241,BANNER NET PAYROLL,241,0.0,0.0,banner_missing,banner,,,
NATL SECURITY WORKING GRP-MIN CO-CHAIR (L. GRAHAM),2011,MISCELLANEOUS ITEMS,241,BANNER ORGANIZATION TOTALS,241,0.0,0.0,ok,banner,,,
NATL SECURITY WORKING GRP-MIN CO-CHAIR (L. GRAHAM),,MISCELLANEOUS ITEMS,242,PERSONNEL COMP. FULL-TIME PERMANENT,242,60000.0,0.0,component,payroll_component,,,
NATL SECURITY WORKING GRP-MIN CO-CHAIR (L. GRAHAM),,MISCELLANEOUS ITEMS,242,NET PAYROLL EXPENSES,242,60000.0,0.0,zero_records,segment,,,
NATL SECURITY WORKING GRP-MIN CO-CHAIR (L. GRAHAM),,MISCELLANEOUS ITEMS,242,BANNER NET PAYROLL,242,60000.0,60000.0,ok,banner,,,
NATL SECURITY WORKING GRP-MIN CO-CHAIR (L. GRAHAM),,MISCELLANEOUS ITEMS,242,BANNER ORGANIZATION TOTALS,242,60000.0,0.0,warn,banner,,,captured_bvb_mismatch
NATL SECURITY WORKING GRP-MIN LEADER (MCCONNELL),2010,MISCELLANEOUS ITEMS,243,BANNER NET PAYROLL,243,,0.0,not_applicable,banner,,,
NATL SECURITY WORKING GRP-MIN LEADER (MCCONNELL),2010,MISCELLANEOUS ITEMS,243,BANNER ORGANIZATION TOTALS,243,0.0,0.0,ok,banner,,,
NATL SECURITY WORKING GRP-MIN LEADER (MCCONNELL),2011,MISCELLANEOUS ITEMS,244,BANNER NET PAYROLL,244,,0.0,not_applicable,banner,,,
NATL SECURITY WORKING GRP-MIN LEADER (MCCONNELL),2011,MISCELLANEOUS ITEMS,244,BANNER ORGANIZATION TOTALS,244,0.0,0.0,ok,banner,,,
NATL SECURITY WORKING GRP-MIN LEADER (MCCONNELL),,MISCELLANEOUS ITEMS,245,BANNER NET PAYROLL,245,,0.0,not_applicable,banner,,,
NATL SECURITY WORKING GRP-MIN LEADER (MCCONNELL),,MISCELLANEOUS ITEMS,245,BANNER ORGANIZATION TOTALS,245,0.0,0.0,ok,banner,,,
NATL SECURITY WORKING GRP-MIN CO-CHAIR (COCHRAN),2010,MISCELLANEOUS ITEMS,246,BANNER NET PAYROLL,246,0.0,0.0,banner_missing,banner,,,
NATL SECURITY WORKING GRP-MIN CO-CHAIR (COCHRAN),2010,MISCELLANEOUS ITEMS,246,BANNER ORGANIZATION TOTALS,246,0.0,0.0,ok,banner,,,
NATL SECURITY WORKING GRP-MIN CO-CHAIR (COCHRAN),2011,MISCELLANEOUS ITEMS,247,BANNER NET PAYROLL,247,0.0,0.0,banner_missing,banner,,,
NATL SECURITY WORKING GRP-MIN CO-CHAIR (COCHRAN),2011,MISCELLANEOUS ITEMS,247,BANNER ORGANIZATION TOTALS,247,0.0,0.0,ok,banner,,,
NATL SECURITY WORKING GRP-MIN CO-CHAIR (COCHRAN),,MISCELLANEOUS ITEMS,248,PERSONNEL COMP. FULL-TIME PERMANENT,248,60000.0,0.0,component,payroll_component,,,
NATL SECURITY WORKING GRP-MIN CO-CHAIR (COCHRAN),,MISCELLANEOUS ITEMS,248,NET PAYROLL EXPENSES,248,60000.0,0.0,zero_records,segment,,,
NATL SECURITY WORKING GRP-MIN CO-CHAIR (COCHRAN),,MISCELLANEOUS ITEMS,248,BANNER NET PAYROLL,248,60000.0,60000.0,ok,banner,,,
NATL SECURITY WORKING GRP-MIN CO-CHAIR (COCHRAN),,MISCELLANEOUS ITEMS,248,BANNER ORGANIZATION TOTALS,248,60000.0,0.0,warn,banner,,,captured_bvb_mismatch
STATIONERY,2010,MISCELLANEOUS ITEMS,249,BANNER NET PAYROLL,249,,0.0,not_applicable,banner,,,
STATIONERY,2010,MISCELLANEOUS ITEMS,249,BANNER ORGANIZATION TOTALS,249,0.0,0.0,ok,banner,,,
STATIONERY,2011,MISCELLANEOUS ITEMS,250,BANNER NET PAYROLL,250,,0.0,not_applicable,banner,,,
STATIONERY,2011,MISCELLANEOUS ITEMS,250,BANNER ORGANIZATION TOTALS,250,0.0,0.0,ok,banner,,,
STATIONERY,,MISCELLANEOUS ITEMS,251,BANNER NET PAYROLL,251,,0.0,not_applicable,banner,,,
STATIONERY,,MISCELLANEOUS ITEMS,251,BANNER ORGANIZATION TOTALS,251,879.8,0.0,warn,banner,,,banner_only_categories
TOWN MEETING NOTICES,2010,MISCELLANEOUS ITEMS,252,BANNER NET PAYROLL,252,,0.0,not_applicable,banner,,,
TOWN MEETING NOTICES,2010,MISCELLANEOUS ITEMS,252,BANNER ORGANIZATION TOTALS,252,0.0,0.0,ok,banner,,,
MISC ITEMS - STUDENT LOANS,2010,MISCELLANEOUS ITEMS,253,BANNER NET PAYROLL,253,0.0,0.0,banner_missing,banner,,,
MISC ITEMS - STUDENT LOANS,2010,MISCELLANEOUS ITEMS,253,BANNER ORGANIZATION TOTALS,253,0.0,0.0,ok,banner,,,
MISC ITEMS - STUDENT LOANS,2011,MISCELLANEOUS ITEMS,254,PERSONNEL BENEFITS,254,315.2,0.0,component,payroll_component,,,
MISC ITEMS - STUDENT LOANS,2011,MISCELLANEOUS ITEMS,254,NET PAYROLL EXPENSES,254,315.2,315.2,ok,segment,,,
MISC ITEMS - STUDENT LOANS,2011,MISCELLANEOUS ITEMS,254,BANNER NET PAYROLL,254,315.2,315.2,ok,banner,,,
MISC ITEMS - STUDENT LOANS,2011,MISCELLANEOUS ITEMS,254,BANNER ORGANIZATION TOTALS,254,315.2,315.2,ok,banner,,,
MISC ITEMS - STUDENT LOANS,,MISCELLANEOUS ITEMS,255,PERSONNEL COMP. FULL-TIME PERMANENT,255,81.86,0.0,component,payroll_component,,,
MISC ITEMS - STUDENT LOANS,,MISCELLANEOUS ITEMS,255,PERSONNEL BENEFITS,255,2863671.42,0.0,component,payroll_component,,,
MISC ITEMS - STUDENT LOANS,,MISCELLANEOUS ITEMS,255,NET PAYROLL EXPENSES,255,2863753.28,2863671.42,fail,segment,inconclusive,0.0,
MISC ITEMS - STUDENT LOANS,,MISCELLANEOUS ITEMS,255,BANNER NET PAYROLL,255,2863753.28,2863753.28,ok,banner,,,
MISC ITEMS - STUDENT LOANS,,MISCELLANEOUS ITEMS,255,BANNER ORGANIZATION TOTALS,255,2863753.28,2863671.42,fail,banner,,,
EMERGENCY APPROPRIATION PUBLIC LAW 109-13,,MISCELLANEOUS ITEMS,256,BANNER NET PAYROLL,256,,0.0,not_applicable,banner,,,
EMERGENCY APPROPRIATION PUBLIC LAW 109-13,,MISCELLANEOUS ITEMS,256,BANNER ORGANIZATION TOTALS,256,0.0,0.0,ok,banner,,,
SECRETARY OF THE SENATE - ADMINISTRATIVE SERV.,2010,SECRETARY OF THE SENATE,257,OTHER CONTRACTUAL SERVICES,257,750.0,750.0,ok,segment,,,
SECRETARY OF THE SENATE - ADMINISTRATIVE SERV.,2010,SECRETARY OF THE SENATE,257,BANNER NET PAYROLL,257,0.0,0.0,banner_missing,banner,,,
SECRETARY OF THE SENATE - ADMINISTRATIVE SERV.,2010,SECRETARY OF THE SENATE,257,BANNER ORGANIZATION TOTALS,257,750.0,750.0,ok,banner,,,
SECRETARY OF THE SENATE - EXECUTIVE OFFICE,2010,SECRETARY OF THE SENATE,258,BANNER NET PAYROLL,258,0.0,0.0,banner_missing,banner,,,
SECRETARY OF THE SENATE - EXECUTIVE OFFICE,2010,SECRETARY OF THE SENATE,258,BANNER ORGANIZATION TOTALS,258,0.0,0.0,ok,banner,,,
SECRETARY OF THE SENATE - LEGISLATIVE SERVICES,2010,SECRETARY OF THE SENATE,259,BANNER NET PAYROLL,259,,0.0,not_applicable,banner,,,
SECRETARY OF THE SENATE - LEGISLATIVE SERVICES,2010,SECRETARY OF THE SENATE,259,BANNER ORGANIZATION TOTALS,259,0.0,0.0,ok,banner,,,
SECRETARY OF THE SENATE - ADMINISTRATIVE SERV.,2011,SECRETARY OF THE SENATE,260,OTHER CONTRACTUAL SERVICES,260,8342.23,8342.23,ok,segment,,,
SECRETARY OF THE SENATE - ADMINISTRATIVE SERV.,2011,SECRETARY OF THE SENATE,260,PERSONNEL COMP. FULL-TIME PERMANENT,260,-108.99,0.0,component,payroll_component,,,
SECRETARY OF THE SENATE - ADMINISTRATIVE SERV.,2011,SECRETARY OF THE SENATE,260,NET PAYROLL EXPENSES,260,-108.99,0.0,zero_records,segment,,,
SECRETARY OF THE SENATE - ADMINISTRATIVE SERV.,2011,SECRETARY OF THE SENATE,260,BANNER NET PAYROLL,260,108.99,108.99,ok,banner,,,
SECRETARY OF THE SENATE - ADMINISTRATIVE SERV.,2011,SECRETARY OF THE SENATE,260,BANNER ORGANIZATION TOTALS,260,10033.24,8342.23,fail,banner,,,
SECRETARY OF THE SENATE - EXECUTIVE OFFICE,2011,SECRETARY OF THE SENATE,261,OTHER CONTRACTUAL SERVICES,261,3300.0,3300.0,ok,segment,,,
SECRETARY OF THE SENATE - EXECUTIVE OFFICE,2011,SECRETARY OF THE SENATE,261,BANNER NET PAYROLL,261,0.0,0.0,banner_missing,banner,,,
SECRETARY OF THE SENATE - EXECUTIVE OFFICE,2011,SECRETARY OF THE SENATE,261,BANNER ORGANIZATION TOTALS,261,34498.7,3300.0,warn,banner,,,banner_only_categories
SECRETARY OF THE SENATE - LEGISLATIVE SERVICES,2011,SECRETARY OF THE SENATE,262,BANNER NET PAYROLL,262,,0.0,not_applicable,banner,,,
SECRETARY OF THE SENATE - LEGISLATIVE SERVICES,2011,SECRETARY OF THE SENATE,262,BANNER ORGANIZATION TOTALS,262,0.0,0.0,ok,banner,,,
SECRETARY OF THE SENATE - ADMINISTRATIVE SERV.,2012,SECRETARY OF THE SENATE,263,TRAVEL AND TRANSPORTATION OF PERSONS,263,5310.06,5310.06,ok,segment,,,
SECRETARY OF THE SENATE - ADMINISTRATIVE SERV.,2012,SECRETARY OF THE SENATE,263,OTHER CONTRACTUAL SERVICES,264,21997.62,21997.62,ok,segment,,,
SECRETARY OF THE SENATE - ADMINISTRATIVE SERV.,2012,SECRETARY OF THE SENATE,263,ACQUISITION OF ASSETS,264,16954.47,16954.47,ok,segment,,,
SECRETARY OF THE SENATE - ADMINISTRATIVE SERV.,2012,SECRETARY OF THE SENATE,263,PERSONNEL BENEFITS,264,64778.93,0.0,component,payroll_component,,,
SECRETARY OF THE SENATE - ADMINISTRATIVE SERV.,2012,SECRETARY OF THE SENATE,263,NET PAYROLL EXPENSES,264,64778.93,64778.93,ok,segment,,,
SECRETARY OF THE SENATE - ADMINISTRATIVE SERV.,2012,SECRETARY OF THE SENATE,263,BANNER NET PAYROLL,263,64778.93,64778.93,ok,banner,,,
SECRETARY OF THE SENATE - ADMINISTRATIVE SERV.,2012,SECRETARY OF THE SENATE,263,BANNER ORGANIZATION TOTALS,263,215444.25,109041.08,warn,banner,,,banner_only_categories
SECRETARY OF THE SENATE - EXECUTIVE OFFICE,2012,SECRETARY OF THE SENATE,265,TRAVEL AND TRANSPORTATION OF PERSONS,265,943.77,71134.77,fail,segment,source_mismatch,71134.77,
SECRETARY OF THE SENATE - EXECUTIVE OFFICE,2012,SECRETARY OF THE SENATE,265,OTHER CONTRACTUAL SERVICES,266,6948.16,6948.16,ok,segment,,,
SECRETARY OF THE SENATE - EXECUTIVE OFFICE,2012,SECRETARY OF THE SENATE,265,WHEN ACTUALLY EMPLOYED (WAE),266,69775.62,0.0,component,payroll_component,,,
SECRETARY OF THE SENATE - EXECUTIVE OFFICE,2012,SECRETARY OF THE SENATE,265,PERSONNEL BENEFITS,266,2958.22,0.0,component,payroll_component,,,
SECRETARY OF THE SENATE - EXECUTIVE OFFICE,2012,SECRETARY OF THE SENATE,265,NET PAYROLL EXPENSES,266,72733.84,2958.22,fail,segment,inconclusive,0.0,
SECRETARY OF THE SENATE - EXECUTIVE OFFICE,2012,SECRETARY OF THE SENATE,265,BANNER NET PAYROLL,265,72733.84,72733.84,ok,banner,,,
SECRETARY OF THE SENATE - EXECUTIVE OFFICE,2012,SECRETARY OF THE SENATE,265,BANNER ORGANIZATION TOTALS,265,151916.6,81041.15,fail,banner,,,
SECRETARY OF THE SENATE - LEGISLATIVE SERVICES,2012,SECRETARY OF THE SENATE,267,OTHER CONTRACTUAL SERVICES,267,2388.02,2388.02,ok,segment,,,
SECRETARY OF THE SENATE - LEGISLATIVE SERVICES,2012,SECRETARY OF THE SENATE,267,ACQUISITION OF ASSETS,267,1076.42,1076.42,ok,segment,,,
SECRETARY OF THE SENATE - LEGISLATIVE SERVICES,2012,SECRETARY OF THE SENATE,267,BANNER NET PAYROLL,267,,0.0,not_applicable,banner,,,
SECRETARY OF THE SENATE - LEGISLATIVE SERVICES,2012,SECRETARY OF THE SENATE,267,BANNER ORGANIZATION TOTALS,267,11960.91,3464.44,warn,banner,,,banner_only_categories
SECRETARY OF THE SENATE - FMIS PROJECTS,,SECRETARY OF THE SENATE,268,OTHER CONTRACTUAL SERVICES,268,561860.0,561860.0,ok,segment,,,
SECRETARY OF THE SENATE - FMIS PROJECTS,,SECRETARY OF THE SENATE,268,BANNER NET PAYROLL,268,,0.0,not_applicable,banner,,,
SECRETARY OF THE SENATE - FMIS PROJECTS,,SECRETARY OF THE SENATE,268,BANNER ORGANIZATION TOTALS,268,561860.0,561860.0,ok,banner,,,
SECRETARY OF THE SENATE - ADMINISTRATIVE SERV.,,SECRETARY OF THE SENATE,269,BANNER NET PAYROLL,269,,0.0,not_applicable,banner,,,
SECRETARY OF THE SENATE - ADMINISTRATIVE SERV.,,SECRETARY OF THE SENATE,269,BANNER ORGANIZATION TOTALS,269,0.0,0.0,ok,banner,,,
SECRETARY OF THE SENATE - ADMINISTRATIVE SERV.,,SECRETARY OF THE SENATE,270,BANNER NET PAYROLL,270,,0.0,not_applicable,banner,,,
SECRETARY OF THE SENATE - ADMINISTRATIVE SERV.,,SECRETARY OF THE SENATE,270,BANNER ORGANIZATION TOTALS,270,1872774.1,0.0,warn,banner,,,banner_only_categories
SECRETARY OF THE SENATE - (LIS PROJECT),,SECRETARY OF THE SENATE,271,BANNER NET PAYROLL,271,,0.0,not_applicable,banner,,,
SECRETARY OF THE SENATE - (LIS PROJECT),,SECRETARY OF THE SENATE,271,BANNER ORGANIZATION TOTALS,271,0.0,0.0,ok,banner,,,
SEC - EMRGCY APPROPS FOR TERR RESPONSE,,SECRETARY OF THE SENATE,272,TRAVEL AND TRANSPORTATION OF PERSONS,272,2560.86,2560.86,ok,segment,,,
SEC - EMRGCY APPROPS FOR TERR RESPONSE,,SECRETARY OF THE SENATE,272,BANNER NET PAYROLL,272,,0.0,not_applicable,banner,,,
SEC - EMRGCY APPROPS FOR TERR RESPONSE,,SECRETARY OF THE SENATE,272,BANNER ORGANIZATION TOTALS,272,2589.78,2560.86,warn,banner,,,banner_only_categories
SEC OF THE SENATE - SENATE COLLECTION,,SECRETARY OF THE SENATE,273,OTHER CONTRACTUAL SERVICES,273,78215.0,78215.0,ok,segment,,,
SEC OF THE SENATE - SENATE COLLECTION,,SECRETARY OF THE SENATE,273,BANNER NET PAYROLL,273,,0.0,not_applicable,banner,,,
SEC OF THE SENATE - SENATE COLLECTION,,SECRETARY OF THE SENATE,273,BANNER ORGANIZATION TOTALS,273,99159.0,78215.0,warn,banner,,,banner_only_categories
SGT @ ARMS - TECHNOLOGY DEVELOPMENT SERVICES,2010,SERGEANT AT ARMS AND DOORKEEPER OF THE SENATE,274,OTHER CONTRACTUAL SERVICES,274,1240507.4,1240507.4,ok,segment,,,
SGT @ ARMS - TECHNOLOGY DEVELOPMENT SERVICES,2010,SERGEANT AT ARMS AND DOORKEEPER OF THE SENATE,274,ACQUISITION OF ASSETS,275,3687470.57,3687470.57,ok,segment,,,
SGT @ ARMS - TECHNOLOGY DEVELOPMENT SERVICES,2010,SERGEANT AT ARMS AND DOORKEEPER OF THE SENATE,274,BANNER NET PAYROLL,274,,0.0,not_applicable,banner,,,
SGT @ ARMS - TECHNOLOGY DEVELOPMENT SERVICES,2010,SERGEANT AT ARMS AND DOORKEEPER OF THE SENATE,274,BANNER ORGANIZATION TOTALS,274,4927977.97,4927977.97,ok,banner,,,
SGT @ ARMS - CAPITOL DIVISION,2011,SERGEANT AT ARMS AND DOORKEEPER OF THE SENATE,276,OTHER CONTRACTUAL SERVICES,276,300031.65,300031.65,ok,segment,,,
SGT @ ARMS - CAPITOL DIVISION,2011,SERGEANT AT ARMS AND DOORKEEPER OF THE SENATE,276,BANNER NET PAYROLL,276,,0.0,not_applicable,banner,,,
SGT @ ARMS - CAPITOL DIVISION,2011,SERGEANT AT ARMS AND DOORKEEPER OF THE SENATE,276,BANNER ORGANIZATION TOTALS,276,300031.65,300031.65,ok,banner,,,
SGT @ ARMS - IT SUPPORT SERVICES,2011,SERGEANT AT ARMS AND DOORKEEPER OF THE SENATE,277,ACQUISITION OF ASSETS,277,18225.0,18225.0,ok,segment,,,
SGT @ ARMS - IT SUPPORT SERVICES,2011,SERGEANT AT ARMS AND DOORKEEPER OF THE SENATE,277,BANNER NET PAYROLL,277,,0.0,not_applicable,banner,,,
SGT @ ARMS - IT SUPPORT SERVICES,2011,SERGEANT AT ARMS AND DOORKEEPER OF THE SENATE,277,BANNER ORGANIZATION TOTALS,277,18225.0,18225.0,ok,banner,,,
SGT @ ARMS - CENTRAL OPERATIONS,,SERGEANT AT ARMS AND DOORKEEPER OF THE SENATE,278,BANNER NET PAYROLL,278,0.0,0.0,banner_missing,banner,,,
SGT @ ARMS - CENTRAL OPERATIONS,,SERGEANT AT ARMS AND DOORKEEPER OF THE SENATE,278,BANNER ORGANIZATION TOTALS,278,0.0,0.0,ok,banner,,,
SGT @ ARMS - CAPITOL DIVISION,,SERGEANT AT ARMS AND DOORKEEPER OF THE SENATE,279,BANNER NET PAYROLL,279,0.0,0.0,banner_missing,banner,,,
SGT @ ARMS - CAPITOL DIVISION,,SERGEANT AT ARMS AND DOORKEEPER OF THE SENATE,279,BANNER ORGANIZATION TOTALS,279,12341.5,0.0,warn,banner,,,banner_only_categories
SGT @ ARMS - IT SUPPORT SERVICES,,SERGEANT AT ARMS AND DOORKEEPER OF THE SENATE,280,OTHER CONTRACTUAL SERVICES,280,3509.44,3509.44,ok,segment,,,
SGT @ ARMS - IT SUPPORT SERVICES,,SERGEANT AT ARMS AND DOORKEEPER OF THE SENATE,280,ACQUISITION OF ASSETS,280,2978.85,2978.85,ok,segment,,,
SGT @ ARMS - IT SUPPORT SERVICES,,SERGEANT AT ARMS AND DOORKEEPER OF THE SENATE,280,BANNER NET PAYROLL,280,,0.0,not_applicable,banner,,,
SGT @ ARMS - IT SUPPORT SERVICES,,SERGEANT AT ARMS AND DOORKEEPER OF THE SENATE,280,BANNER ORGANIZATION TOTALS,280,6488.29,6488.29,ok,banner,,,
SGT @ ARMS - STAFF OFFICES,,SERGEANT AT ARMS AND DOORKEEPER OF THE SENATE,281,BANNER NET PAYROLL,281,0.0,0.0,banner_missing,banner,,,
SGT @ ARMS - STAFF OFFICES,,SERGEANT AT ARMS AND DOORKEEPER OF THE SENATE,281,BANNER ORGANIZATION TOTALS,281,0.0,0.0,ok,banner,,,
SGT @ ARMS - TECHNOLOGY DEVELOPMENT SERVICES,,SERGEANT AT ARMS AND DOORKEEPER OF THE SENATE,282,BANNER NET PAYROLL,282,,0.0,not_applicable,banner,,,
SGT @ ARMS - TECHNOLOGY DEVELOPMENT SERVICES,,SERGEANT AT ARMS AND DOORKEEPER OF THE SENATE,282,BANNER ORGANIZATION TOTALS,282,0.0,0.0,ok,banner,,,
SGT @ ARMS - CENTRAL OPERATIONS,,SERGEANT AT ARMS AND DOORKEEPER OF THE SENATE,283,OTHER CONTRACTUAL SERVICES,283,6798.35,6798.35,ok,segment,,,
SGT @ ARMS - CENTRAL OPERATIONS,,SERGEANT AT ARMS AND DOORKEEPER OF THE SENATE,283,ACQUISITION OF ASSETS,283,1837.39,1837.39,ok,segment,,,
SGT @ ARMS - CENTRAL OPERATIONS,,SERGEANT AT ARMS AND DOORKEEPER OF THE SENATE,283,BANNER NET PAYROLL,283,,0.0,not_applicable,banner,,,
SGT @ ARMS - CENTRAL OPERATIONS,,SERGEANT AT ARMS AND DOORKEEPER OF THE SENATE,283,BANNER ORGANIZATION TOTALS,283,8635.74,8635.74,ok,banner,,,
SGT @ ARMS - CAPITOL DIVISION,,SERGEANT AT ARMS AND DOORKEEPER OF THE SENATE,284,ACQUISITION OF ASSETS,284,302402.89,302402.89,ok,segment,,,
SGT @ ARMS - CAPITOL DIVISION,,SERGEANT AT ARMS AND DOORKEEPER OF THE SENATE,284,BANNER NET PAYROLL,284,,0.0,not_applicable,banner,,,
SGT @ ARMS - CAPITOL DIVISION,,SERGEANT AT ARMS AND DOORKEEPER OF THE SENATE,284,BANNER ORGANIZATION TOTALS,284,362402.89,302402.89,warn,banner,,,banner_only_categories
SGT @ ARMS - IT SUPPORT SERVICES,,SERGEANT AT ARMS AND DOORKEEPER OF THE SENATE,285,OTHER CONTRACTUAL SERVICES,285,19062.75,19062.75,ok,segment,,,
SGT @ ARMS - IT SUPPORT SERVICES,,SERGEANT AT ARMS AND DOORKEEPER OF THE SENATE,285,ACQUISITION OF ASSETS,285,1450728.87,1450728.87,ok,segment,,,
SGT @ ARMS - IT SUPPORT SERVICES,,SERGEANT AT ARMS AND DOORKEEPER OF THE SENATE,285,BANNER NET PAYROLL,285,,0.0,not_applicable,banner,,,
SGT @ ARMS - IT SUPPORT SERVICES,,SERGEANT AT ARMS AND DOORKEEPER OF THE SENATE,285,BANNER ORGANIZATION TOTALS,285,1469791.62,1469791.62,ok,banner,,,
SGT @ ARMS - STAFF OFFICES,,SERGEANT AT ARMS AND DOORKEEPER OF THE SENATE,286,BANNER NET PAYROLL,286,0.0,0.0,banner_missing,banner,,,
SGT @ ARMS - STAFF OFFICES,,SERGEANT AT ARMS AND DOORKEEPER OF THE SENATE,286,BANNER ORGANIZATION TOTALS,286,0.0,0.0,ok,banner,,,
SGT @ ARMS - TECHNOLOGY DEVELOPMENT SERVICES,,SERGEANT AT ARMS AND DOORKEEPER OF THE SENATE,287,ACQUISITION OF ASSETS,287,1134220.73,1134220.73,ok,segment,,,
SGT @ ARMS - TECHNOLOGY DEVELOPMENT SERVICES,,SERGEANT AT ARMS AND DOORKEEPER OF THE SENATE,287,BANNER NET PAYROLL,287,,0.0,not_applicable,banner,,,
SGT @ ARMS - TECHNOLOGY DEVELOPMENT SERVICES,,SERGEANT AT ARMS AND DOORKEEPER OF THE SENATE,287,BANNER ORGANIZATION TOTALS,287,1134220.73,1134220.73,ok,banner,,,
SGT @ ARMS - CENTRAL OPERATIONS,,SERGEANT AT ARMS AND DOORKEEPER OF THE SENATE,288,BANNER NET PAYROLL,288,,0.0,not_applicable,banner,,,
SGT @ ARMS - CENTRAL OPERATIONS,,SERGEANT AT ARMS AND DOORKEEPER OF THE SENATE,288,BANNER ORGANIZATION TOTALS,288,0.0,0.0,ok,banner,,,
SGT @ ARMS - CAPITOL DIVISION,,SERGEANT AT ARMS AND DOORKEEPER OF THE SENATE,289,OTHER CONTRACTUAL SERVICES,289,20161.0,20161.0,ok,segment,,,
SGT @ ARMS - CAPITOL DIVISION,,SERGEANT AT ARMS AND DOORKEEPER OF THE SENATE,289,BANNER NET PAYROLL,289,,0.0,not_applicable,banner,,,
SGT @ ARMS - CAPITOL DIVISION,,SERGEANT AT ARMS AND DOORKEEPER OF THE SENATE,289,BANNER ORGANIZATION TOTALS,289,20846.25,20161.0,warn,banner,,,banner_only_categories
SGT @ ARMS - IT SUPPORT SERVICES,,SERGEANT AT ARMS AND DOORKEEPER OF THE SENATE,290,OTHER CONTRACTUAL SERVICES,290,362268.0,362268.0,ok,segment,,,
SGT @ ARMS - IT SUPPORT SERVICES,,SERGEANT AT ARMS AND DOORKEEPER OF THE SENATE,290,ACQUISITION OF ASSETS,290,21303.0,21303.0,ok,segment,,,
SGT @ ARMS - IT SUPPORT SERVICES,,SERGEANT AT ARMS AND DOORKEEPER OF THE SENATE,290,BANNER NET PAYROLL,290,,0.0,not_applicable,banner,,,
SGT @ ARMS - IT SUPPORT SERVICES,,SERGEANT AT ARMS AND DOORKEEPER OF THE SENATE,290,BANNER ORGANIZATION TOTALS,290,383571.0,383571.0,ok,banner,,,
SGT @ ARMS - STAFF OFFICES,,SERGEANT AT ARMS AND DOORKEEPER OF THE SENATE,291,BANNER NET PAYROLL,291,0.0,0.0,banner_missing,banner,,,
SGT @ ARMS - STAFF OFFICES,,SERGEANT AT ARMS AND DOORKEEPER OF THE SENATE,291,BANNER ORGANIZATION TOTALS,291,0.0,0.0,ok,banner,,,
SGT @ ARMS - TECHNOLOGY DEVELOPMENT SERVICES,,SERGEANT AT ARMS AND DOORKEEPER OF THE SENATE,292,BANNER NET PAYROLL,292,,0.0,not_applicable,banner,,,
SGT @ ARMS - TECHNOLOGY DEVELOPMENT SERVICES,,SERGEANT AT ARMS AND DOORKEEPER OF THE SENATE,292,BANNER ORGANIZATION TOTALS,292,0.0,0.0,ok,banner,,,
SGT @ ARMS - CENTRAL OPERATIONS,,SERGEANT AT ARMS AND DOORKEEPER OF THE SENATE,293,ACQUISITION OF ASSETS,293,67805.77,67805.77,ok,segment,,,
SGT @ ARMS - CENTRAL OPERATIONS,,SERGEANT AT ARMS AND DOORKEEPER OF THE SENATE,293,BANNER NET PAYROLL,293,,0.0,not_applicable,banner,,,
SGT @ ARMS - CENTRAL OPERATIONS,,SERGEANT AT ARMS AND DOORKEEPER OF THE SENATE,293,BANNER ORGANIZATION TOTALS,293,83585.77,67805.77,warn,banner,,,banner_only_categories
SGT @ ARMS - CAPITOL DIVISION,,SERGEANT AT ARMS AND DOORKEEPER OF THE SENATE,294,OTHER CONTRACTUAL SERVICES,294,104201.34,104201.34,ok,segment,,,
SGT @ ARMS - CAPITOL DIVISION,,SERGEANT AT ARMS AND DOORKEEPER OF THE SENATE,294,ACQUISITION OF ASSETS,294,3175.0,3175.0,ok,segment,,,
SGT @ ARMS - CAPITOL DIVISION,,SERGEANT AT ARMS AND DOORKEEPER OF THE SENATE,294,BANNER NET PAYROLL,294,,0.0,not_applicable,banner,,,
SGT @ ARMS - CAPITOL DIVISION,,SERGEANT AT ARMS AND DOORKEEPER OF THE SENATE,294,BANNER ORGANIZATION TOTALS,294,119046.51,107376.34,warn,banner,,,banner_only_categories
SGT @ ARMS - IT SUPPORT SERVICES,,SERGEANT AT ARMS AND DOORKEEPER OF THE SENATE,295,OTHER CONTRACTUAL SERVICES,295,195138.41,195138.41,ok,segment,,,
SGT @ ARMS - IT SUPPORT SERVICES,,SERGEANT AT ARMS AND DOORKEEPER OF THE SENATE,295,ACQUISITION OF ASSETS,296,731559.01,731559.01,ok,segment,,,
SGT @ ARMS - IT SUPPORT SERVICES,,SERGEANT AT ARMS AND DOORKEEPER OF THE SENATE,295,BANNER NET PAYROLL,295,,0.0,not_applicable,banner,,,
SGT @ ARMS - IT SUPPORT SERVICES,,SERGEANT AT ARMS AND DOORKEEPER OF THE SENATE,295,BANNER ORGANIZATION TOTALS,295,939062.76,926697.42,warn,banner,,,banner_only_categories
SGT @ ARMS - STAFF OFFICES,,SERGEANT AT ARMS AND DOORKEEPER OF THE SENATE,297,OTHER CONTRACTUAL SERVICES,297,16453.0,16453.0,ok,segment,,,
SGT @ ARMS - STAFF OFFICES,,SERGEANT AT ARMS AND DOORKEEPER OF THE SENATE,297,ACQUISITION OF ASSETS,297,50592.0,50592.0,ok,segment,,,
SGT @ ARMS - STAFF OFFICES,,SERGEANT AT ARMS AND DOORKEEPER OF THE SENATE,297,BANNER NET PAYROLL,297,0.0,0.0,banner_missing,banner,,,
SGT @ ARMS - STAFF OFFICES,,SERGEANT AT ARMS AND DOORKEEPER OF THE SENATE,297,BANNER ORGANIZATION TOTALS,297,73086.92,67045.0,warn,banner,,,banner_only_categories
SGT @ ARMS - TECHNOLOGY DEVELOPMENT SERVICES,,SERGEANT AT ARMS AND DOORKEEPER OF THE SENATE,298,OTHER CONTRACTUAL SERVICES,298,40500.0,40500.0,ok,segment,,,
SGT @ ARMS - TECHNOLOGY DEVELOPMENT SERVICES,,SERGEANT AT ARMS AND DOORKEEPER OF THE SENATE,298,ACQUISITION OF ASSETS,298,564095.43,564095.43,ok,segment,,,
SGT @ ARMS - TECHNOLOGY DEVELOPMENT SERVICES,,SERGEANT AT ARMS AND DOORKEEPER OF THE SENATE,298,BANNER NET PAYROLL,298,,0.0,not_applicable,banner,,,
SGT @ ARMS - TECHNOLOGY DEVELOPMENT SERVICES,,SERGEANT AT ARMS AND DOORKEEPER OF THE SENATE,298,BANNER ORGANIZATION TOTALS,298,604595.43,604595.43,ok,banner,,,
SGT @ ARMS - CENTRAL OPERATIONS,,SERGEANT AT ARMS AND DOORKEEPER OF THE SENATE,299,OTHER CONTRACTUAL SERVICES,299,60014.0,60014.0,ok,segment,,,
SGT @ ARMS - CENTRAL OPERATIONS,,SERGEANT AT ARMS AND DOORKEEPER OF THE SENATE,299,ACQUISITION OF ASSETS,300,323099.53,323099.53,ok,segment,,,
SGT @ ARMS - CENTRAL OPERATIONS,,SERGEANT AT ARMS AND DOORKEEPER OF THE SENATE,299,BANNER NET PAYROLL,299,,0.0,not_applicable,banner,,,
SGT @ ARMS - CENTRAL OPERATIONS,,SERGEANT AT ARMS AND DOORKEEPER OF THE SENATE,299,BANNER ORGANIZATION TOTALS,299,438582.62,383113.53,warn,banner,,,banner_only_categories
SGT @ ARMS - CAPITOL DIVISION,,SERGEANT AT ARMS AND DOORKEEPER OF THE SENATE,301,TRAVEL AND TRANSPORTATION OF PERSONS,301,7.0,7.0,ok,segment,,,
SGT @ ARMS - CAPITOL DIVISION,,SERGEANT AT ARMS AND DOORKEEPER OF THE SENATE,301,OTHER CONTRACTUAL SERVICES,301,5731.0,5731.0,ok,segment,,,
SGT @ ARMS - CAPITOL DIVISION,,SERGEANT AT ARMS AND DOORKEEPER OF THE SENATE,301,ACQUISITION OF ASSETS,302,452047.93,452047.93,ok,segment,,,
SGT @ ARMS - CAPITOL DIVISION,,SERGEANT AT ARMS AND DOORKEEPER OF THE SENATE,301,BANNER NET PAYROLL,301,,0.0,not_applicable,banner,,,
SGT @ ARMS - CAPITOL DIVISION,,SERGEANT AT ARMS AND DOORKEEPER OF THE SENATE,301,BANNER ORGANIZATION TOTALS,301,486088.55,457785.93,warn,banner,,,banner_only_categories
SGT @ ARMS - IT SUPPORT SERVICES,,SERGEANT AT ARMS AND DOORKEEPER OF THE SENATE,303,OTHER CONTRACTUAL SERVICES,305,878408.82,878408.82,ok,segment,,,
SGT @ ARMS - IT SUPPORT SERVICES,,SERGEANT AT ARMS AND DOORKEEPER OF THE SENATE,303,ACQUISITION OF ASSETS,318,3204703.95,3204703.95,ok,segment,,,
SGT @ ARMS - IT SUPPORT SERVICES,,SERGEANT AT ARMS AND DOORKEEPER OF THE SENATE,303,BANNER NET PAYROLL,303,,0.0,not_applicable,banner,,,
SGT @ ARMS - IT SUPPORT SERVICES,,SERGEANT AT ARMS AND DOORKEEPER OF THE SENATE,303,BANNER ORGANIZATION TOTALS,303,4176394.96,4083112.77,warn,banner,,,banner_only_categories
SGT @ ARMS - STAFF OFFICES,,SERGEANT AT ARMS AND DOORKEEPER OF THE SENATE,319,OTHER CONTRACTUAL SERVICES,319,11855.07,11855.07,ok,segment,,,
SGT @ ARMS - STAFF OFFICES,,SERGEANT AT ARMS AND DOORKEEPER OF THE SENATE,319,ACQUISITION OF ASSETS,319,6524.09,6524.09,ok,segment,,,
SGT @ ARMS - STAFF OFFICES,,SERGEANT AT ARMS AND DOORKEEPER OF THE SENATE,319,BANNER NET PAYROLL,319,0.0,0.0,banner_missing,banner,,,
SGT @ ARMS - STAFF OFFICES,,SERGEANT AT ARMS AND DOORKEEPER OF THE SENATE,319,BANNER ORGANIZATION TOTALS,319,18379.16,18379.16,ok,banner,,,
SGT @ ARMS - TECHNOLOGY DEVELOPMENT SERVICES,,SERGEANT AT ARMS AND DOORKEEPER OF THE SENATE,320,OTHER CONTRACTUAL SERVICES,320,150453.58,150453.58,ok,segment,,,
SGT @ ARMS - TECHNOLOGY DEVELOPMENT SERVICES,,SERGEANT AT ARMS AND DOORKEEPER OF THE SENATE,320,ACQUISITION OF ASSETS,320,783282.64,783282.64,ok,segment,,,
SGT @ ARMS - TECHNOLOGY DEVELOPMENT SERVICES,,SERGEANT AT ARMS AND DOORKEEPER OF THE SENATE,320,BANNER NET PAYROLL,320,,0.0,not_applicable,banner,,,
SGT @ ARMS - TECHNOLOGY DEVELOPMENT SERVICES,,SERGEANT AT ARMS AND DOORKEEPER OF THE SENATE,320,BANNER ORGANIZATION TOTALS,320,933736.22,933736.22,ok,banner,,,
SGT @ ARMS - CENTRAL OPERATIONS,,SERGEANT AT ARMS AND DOORKEEPER OF THE SENATE,321,OTHER CONTRACTUAL SERVICES,321,16638.24,16638.24,ok,segment,,,
SGT @ ARMS - CENTRAL OPERATIONS,,SERGEANT AT ARMS AND DOORKEEPER OF THE SENATE,321,ACQUISITION OF ASSETS,321,53890.08,53890.08,ok,segment,,,
SGT @ ARMS - CENTRAL OPERATIONS,,SERGEANT AT ARMS AND DOORKEEPER OF THE SENATE,321,BANNER NET PAYROLL,321,,0.0,not_applicable,banner,,,
SGT @ ARMS - CENTRAL OPERATIONS,,SERGEANT AT ARMS AND DOORKEEPER OF THE SENATE,321,BANNER ORGANIZATION TOTALS,321,169441.33,70528.32,warn,banner,,,banner_only_categories
SGT @ ARMS - CAPITOL DIVISION,,SERGEANT AT ARMS AND DOORKEEPER OF THE SENATE,322,TRAVEL AND TRANSPORTATION OF PERSONS,322,12.0,12.0,ok,segment,,,
SGT @ ARMS - CAPITOL DIVISION,,SERGEANT AT ARMS AND DOORKEEPER OF THE SENATE,322,OTHER CONTRACTUAL SERVICES,323,705838.57,705838.57,ok,segment,,,
SGT @ ARMS - CAPITOL DIVISION,,SERGEANT AT ARMS AND DOORKEEPER OF THE SENATE,322,ACQUISITION OF ASSETS,323,424930.56,424930.56,ok,segment,,,
SGT @ ARMS - CAPITOL DIVISION,,SERGEANT AT ARMS AND DOORKEEPER OF THE SENATE,322,BANNER NET PAYROLL,322,,0.0,not_applicable,banner,,,
SGT @ ARMS - CAPITOL DIVISION,,SERGEANT AT ARMS AND DOORKEEPER OF THE SENATE,322,BANNER ORGANIZATION TOTALS,322,1346524.33,1130781.13,warn,banner,,,banner_only_categories
SGT @ ARMS - IT SUPPORT SERVICES,,SERGEANT AT ARMS AND DOORKEEPER OF THE SENATE,324,OTHER CONTRACTUAL SERVICES,325,555697.19,555697.19,ok,segment,,,
SGT @ ARMS - IT SUPPORT SERVICES,,SERGEANT AT ARMS AND DOORKEEPER OF THE SENATE,324,ACQUISITION OF ASSETS,328,3616425.01,3616425.01,ok,segment,,,
SGT @ ARMS - IT SUPPORT SERVICES,,SERGEANT AT ARMS AND DOORKEEPER OF THE SENATE,324,BANNER NET PAYROLL,324,,0.0,not_applicable,banner,,,
SGT @ ARMS - IT SUPPORT SERVICES,,SERGEANT AT ARMS AND DOORKEEPER OF THE SENATE,324,BANNER ORGANIZATION TOTALS,324,4227347.6,4172122.2,warn,banner,,,banner_only_categories
SGT @ ARMS - STAFF OFFICES,,SERGEANT AT ARMS AND DOORKEEPER OF THE SENATE,329,OTHER CONTRACTUAL SERVICES,329,363166.93,363166.93,ok,segment,,,
SGT @ ARMS - STAFF OFFICES,,SERGEANT AT ARMS AND DOORKEEPER OF THE SENATE,329,ACQUISITION OF ASSETS,329,596929.21,596929.21,ok,segment,,,
SGT @ ARMS - STAFF OFFICES,,SERGEANT AT ARMS AND DOORKEEPER OF THE SENATE,329,BANNER NET PAYROLL,329,0.0,0.0,banner_missing,banner,,,
SGT @ ARMS - STAFF OFFICES,,SERGEANT AT ARMS AND DOORKEEPER OF THE SENATE,329,BANNER ORGANIZATION TOTALS,329,960096.14,960096.14,ok,banner,,,
SGT @ ARMS - TECHNOLOGY DEVELOPMENT SERVICES,,SERGEANT AT ARMS AND DOORKEEPER OF THE SENATE,330,OTHER CONTRACTUAL SERVICES,332,2722842.48,2722842.48,ok,segment,,,
SGT @ ARMS - TECHNOLOGY DEVELOPMENT SERVICES,,SERGEANT AT ARMS AND DOORKEEPER OF THE SENATE,330,ACQUISITION OF ASSETS,332,820502.52,820502.52,ok,segment,,,
SGT @ ARMS - TECHNOLOGY DEVELOPMENT SERVICES,,SERGEANT AT ARMS AND DOORKEEPER OF THE SENATE,330,BANNER NET PAYROLL,330,,0.0,not_applicable,banner,,,
SGT @ ARMS - TECHNOLOGY DEVELOPMENT SERVICES,,SERGEANT AT ARMS AND DOORKEEPER OF THE SENATE,330,BANNER ORGANIZATION TOTALS,330,3543739.64,3543345.0,warn,banner,,,banner_only_categories
SGT @ ARMS - CENTRAL OPERATIONS,,SERGEANT AT ARMS AND DOORKEEPER OF THE SENATE,333,TRAVEL AND TRANSPORTATION OF PERSONS,336,34683.74,34683.74,ok,segment,,,
SGT @ ARMS - CENTRAL OPERATIONS,,SERGEANT AT ARMS AND DOORKEEPER OF THE SENATE,333,OTHER CONTRACTUAL SERVICES,341,605326.97,605326.97,ok,segment,,,
SGT @ ARMS - CENTRAL OPERATIONS,,SERGEANT AT ARMS AND DOORKEEPER OF THE SENATE,333,ACQUISITION OF ASSETS,342,214223.17,214223.17,ok,segment,,,
SGT @ ARMS - CENTRAL OPERATIONS,,SERGEANT AT ARMS AND DOORKEEPER OF THE SENATE,333,BANNER NET PAYROLL,333,,0.0,not_applicable,banner,,,
SGT @ ARMS - CENTRAL OPERATIONS,,SERGEANT AT ARMS AND DOORKEEPER OF THE SENATE,333,BANNER ORGANIZATION TOTALS,333,10056781.47,854233.88,warn,banner,,,banner_only_categories
SGT @ ARMS - CAPITOL DIVISION,,SERGEANT AT ARMS AND DOORKEEPER OF THE SENATE,343,TRAVEL AND TRANSPORTATION OF PERSONS,347,94394.22,94394.22,ok,segment,,,
SGT @ ARMS - CAPITOL DIVISION,,SERGEANT AT ARMS AND DOORKEEPER OF THE SENATE,343,OTHER CONTRACTUAL SERVICES,352,2350992.13,2350992.13,ok,segment,,,
SGT @ ARMS - CAPITOL DIVISION,,SERGEANT AT ARMS AND DOORKEEPER OF THE SENATE,343,ACQUISITION OF ASSETS,354,327912.21,327912.21,ok,segment,,,
SGT @ ARMS - CAPITOL DIVISION,,SERGEANT AT ARMS AND DOORKEEPER OF THE SENATE,343,BANNER NET PAYROLL,343,,0.0,not_applicable,banner,,,
SGT @ ARMS - CAPITOL DIVISION,,SERGEANT AT ARMS AND DOORKEEPER OF THE SENATE,343,BANNER ORGANIZATION TOTALS,343,3093239.75,2773298.56,warn,banner,,,banner_only_categories
SGT @ ARMS - IT SUPPORT SERVICES,,SERGEANT AT ARMS AND DOORKEEPER OF THE SENATE,355,TRAVEL AND TRANSPORTATION OF PERSONS,355,3149.44,3149.44,ok,segment,,,
SGT @ ARMS - IT SUPPORT SERVICES,,SERGEANT AT ARMS AND DOORKEEPER OF THE SENATE,355,OTHER CONTRACTUAL SERVICES,359,11170599.03,11170599.03,ok,segment,,,
SGT @ ARMS - IT SUPPORT SERVICES,,SERGEANT AT ARMS AND DOORKEEPER OF THE SENATE,355,ACQUISITION OF ASSETS,368,6840214.49,6840214.49,ok,segment,,,
SGT @ ARMS - IT SUPPORT SERVICES,,SERGEANT AT ARMS AND DOORKEEPER OF THE SENATE,355,BANNER NET PAYROLL,355,,0.0,not_applicable,banner,,,
SGT @ ARMS - IT SUPPORT SERVICES,,SERGEANT AT ARMS AND DOORKEEPER OF THE SENATE,355,BANNER ORGANIZATION TOTALS,355,22533590.44,18013962.96,warn,banner,,,banner_only_categories
SGT @ ARMS - STAFF OFFICES,,SERGEANT AT ARMS AND DOORKEEPER OF THE SENATE,369,TRAVEL AND TRANSPORTATION OF PERSONS,372,36545.86,36545.86,ok,segment,,,
SGT @ ARMS - STAFF OFFICES,,SERGEANT AT ARMS AND DOORKEEPER OF THE SENATE,369,OTHER CONTRACTUAL SERVICES,374,483087.51,483087.51,ok,segment,,,
SGT @ ARMS - STAFF OFFICES,,SERGEANT AT ARMS AND DOORKEEPER OF THE SENATE,369,ACQUISITION OF ASSETS,375,751568.62,751568.62,ok,segment,,,
SGT @ ARMS - STAFF OFFICES,,SERGEANT AT ARMS AND DOORKEEPER OF THE SENATE,369,PERSONNEL BENEFITS,375,236325.22,0.0,component,payroll_component,,,
SGT @ ARMS - STAFF OFFICES,,SERGEANT AT ARMS AND DOORKEEPER OF THE SENATE,369,NET PAYROLL EXPENSES,375,236325.22,236325.22,ok,segment,,,
SGT @ ARMS - STAFF OFFICES,,SERGEANT AT ARMS AND DOORKEEPER OF THE SENATE,369,BANNER NET PAYROLL,369,236325.22,236325.22,ok,banner,,,
SGT @ ARMS - STAFF OFFICES,,SERGEANT AT ARMS AND DOORKEEPER OF THE SENATE,369,BANNER ORGANIZATION TOTALS,369,1623621.84,1507527.21,warn,banner,,,banner_only_categories
SGT @ ARMS - TECHNOLOGY DEVELOPMENT SERVICES,,SERGEANT AT ARMS AND DOORKEEPER OF THE SENATE,376,TRAVEL AND TRANSPORTATION OF PERSONS,379,39160.44,39160.44,ok,segment,,,
SGT @ ARMS - TECHNOLOGY DEVELOPMENT SERVICES,,SERGEANT AT ARMS AND DOORKEEPER OF THE SENATE,376,OTHER CONTRACTUAL SERVICES,382,5327946.68,5327946.68,ok,segment,,,
SGT @ ARMS - TECHNOLOGY DEVELOPMENT SERVICES,,SERGEANT AT ARMS AND DOORKEEPER OF THE SENATE,376,ACQUISITION OF ASSETS,384,2023567.97,2023567.97,ok,segment,,,
SGT @ ARMS - TECHNOLOGY DEVELOPMENT SERVICES,,SERGEANT AT ARMS AND DOORKEEPER OF THE SENATE,376,BANNER NET PAYROLL,376,,0.0,not_applicable,banner,,,
SGT @ ARMS - TECHNOLOGY DEVELOPMENT SERVICES,,SERGEANT AT ARMS AND DOORKEEPER OF THE SENATE,376,BANNER ORGANIZATION TOTALS,376,9714553.4,7390675.09,warn,banner,,,banner_only_categories
SAA - EMERG SUPP NO YEAR FUNDS,,SERGEANT AT ARMS AND DOORKEEPER OF THE SENATE,385,OTHER CONTRACTUAL SERVICES,385,424.14,424.14,ok,segment,,,
SAA - EMERG SUPP NO YEAR FUNDS,,SERGEANT AT ARMS AND DOORKEEPER OF THE SENATE,385,ACQUISITION OF ASSETS,386,264157.76,264157.76,ok,segment,,,
SAA - EMERG SUPP NO YEAR FUNDS,,SERGEANT AT ARMS AND DOORKEEPER OF THE SENATE,385,BANNER NET PAYROLL,385,,0.0,not_applicable,banner,,,
SAA - EMERG SUPP NO YEAR FUNDS,,SERGEANT AT ARMS AND DOORKEEPER OF THE SENATE,385,BANNER ORGANIZATION TOTALS,385,250900.96,264581.9,fail,banner,,,
SAA - RECORD STUDIO NO YEAR FUNDS,,SERGEANT AT ARMS AND DOORKEEPER OF THE SENATE,387,BANNER NET PAYROLL,387,,0.0,not_applicable,banner,,,
SAA - RECORD STUDIO NO YEAR FUNDS,,SERGEANT AT ARMS AND DOORKEEPER OF THE SENATE,387,BANNER ORGANIZATION TOTALS,387,0.0,0.0,ok,banner,,,
SMI PROJECT,,SERGEANT AT ARMS AND DOORKEEPER OF THE SENATE,388,BANNER NET PAYROLL,388,,0.0,not_applicable,banner,,,
SMI PROJECT,,SERGEANT AT ARMS AND DOORKEEPER OF THE SENATE,388,BANNER ORGANIZATION TOTALS,388,0.0,0.0,ok,banner,,,
CAUCUS - INTERNATIONAL NARCOTICS CONTROL,2010,U.S. SENATE CAUCUS ON INTERNATIONAL NARCOTICS CONTROL,389,BANNER NET PAYROLL,389,0.0,0.0,banner_missing,banner,,,
CAUCUS - INTERNATIONAL NARCOTICS CONTROL,2010,U.S. SENATE CAUCUS ON INTERNATIONAL NARCOTICS CONTROL,389,BANNER ORGANIZATION TOTALS,389,0.0,0.0,ok,banner,,,
CAUCUS - INTERNATIONAL NARCOTICS CONTROL,2011,U.S. SENATE CAUCUS ON INTERNATIONAL NARCOTICS CONTROL,390,BANNER NET PAYROLL,390,0.0,0.0,banner_missing,banner,,,
CAUCUS - INTERNATIONAL NARCOTICS CONTROL,2011,U.S. SENATE CAUCUS ON INTERNATIONAL NARCOTICS CONTROL,390,BANNER ORGANIZATION TOTALS,390,0.0,0.0,ok,banner,,,
CAUCUS - INTERNATIONAL NARCOTICS CONTROL,2012,U.S. SENATE CAUCUS ON INTERNATIONAL NARCOTICS CONTROL,391,OTHER CONTRACTUAL SERVICES,391,1187.6,211167.25,fail,segment,source_mismatch,211167.25,
CAUCUS - INTERNATIONAL NARCOTICS CONTROL,2012,U.S. SENATE CAUCUS ON INTERNATIONAL NARCOTICS CONTROL,391,ACQUISITION OF ASSETS,391,119.98,119.98,ok,segment,,,
CAUCUS - INTERNATIONAL NARCOTICS CONTROL,2012,U.S. SENATE CAUCUS ON INTERNATIONAL NARCOTICS CONTROL,391,PERSONNEL COMP. FULL-TIME PERMANENT,391,209979.65,0.0,component,payroll_component,,,
CAUCUS - INTERNATIONAL NARCOTICS CONTROL,2012,U.S. SENATE CAUCUS ON INTERNATIONAL NARCOTICS CONTROL,391,PERSONNEL BENEFITS,391,1273.55,0.0,component,payroll_component,,,
CAUCUS - INTERNATIONAL NARCOTICS CONTROL,2012,U.S. SENATE CAUCUS ON INTERNATIONAL NARCOTICS CONTROL,391,NET PAYROLL EXPENSES,391,211253.2,1273.55,fail,segment,inconclusive,0.0,
CAUCUS - INTERNATIONAL NARCOTICS CONTROL,2012,U.S. SENATE CAUCUS ON INTERNATIONAL NARCOTICS CONTROL,391,BANNER NET PAYROLL,391,211253.2,211253.2,ok,banner,,,
CAUCUS - INTERNATIONAL NARCOTICS CONTROL,2012,U.S. SENATE CAUCUS ON INTERNATIONAL NARCOTICS CONTROL,391,BANNER ORGANIZATION TOTALS,391,214671.43,212560.78,warn,banner,,,banner_only_categories
SENATOR DANIEL K. AKAKA,2010,SENATORS OFFICIAL PERSONNEL AND OFFICE EXPENSE ACCOUNT,392,BANNER NET PAYROLL,392,0.0,0.0,banner_missing,banner,,,
SENATOR DANIEL K. AKAKA,2010,SENATORS OFFICIAL PERSONNEL AND OFFICE EXPENSE ACCOUNT,392,BANNER ORGANIZATION TOTALS,392,0.0,0.0,ok,banner,,,
SENATOR DANIEL K. AKAKA,2011,SENATORS OFFICIAL PERSONNEL AND OFFICE EXPENSE ACCOUNT,393,BANNER NET PAYROLL,393,0.0,0.0,banner_missing,banner,,,
SENATOR DANIEL K. AKAKA,2011,SENATORS OFFICIAL PERSONNEL AND OFFICE EXPENSE ACCOUNT,393,BANNER ORGANIZATION TOTALS,393,0.0,0.0,ok,banner,,,
SENATOR DANIEL K. AKAKA,2012,SENATORS OFFICIAL PERSONNEL AND OFFICE EXPENSE ACCOUNT,394,TRAVEL AND TRANSPORTATION OF PERSONS,396,81788.1,1172700.49,fail,segment,source_mismatch,1172700.49,
SENATOR DANIEL K. AKAKA,2012,SENATORS OFFICIAL PERSONNEL AND OFFICE EXPENSE ACCOUNT,394,OTHER CONTRACTUAL SERVICES,397,1679.69,1679.69,ok,segment,,,
SENATOR DANIEL K. AKAKA,2012,SENATORS OFFICIAL PERSONNEL AND OFFICE EXPENSE ACCOUNT,394,ACQUISITION OF ASSETS,397,659.49,659.49,ok,segment,,,
SENATOR DANIEL K. AKAKA,2012,SENATORS OFFICIAL PERSONNEL AND OFFICE EXPENSE ACCOUNT,394,PERSONNEL COMP. FULL-TIME PERMANENT,397,1090912.39,0.0,component,payroll_component,,,
SENATOR DANIEL K. AKAKA,2012,SENATORS OFFICIAL PERSONNEL AND OFFICE EXPENSE ACCOUNT,394,PERSONNEL BENEFITS,397,2483.4,0.0,component,payroll_component,,,
SENATOR DANIEL K. AKAKA,2012,SENATORS OFFICIAL PERSONNEL AND OFFICE EXPENSE ACCOUNT,394,NET PAYROLL EXPENSES,397,1093395.79,2483.4,fail,segment,inconclusive,0.0,
SENATOR DANIEL K. AKAKA,2012,SENATORS OFFICIAL PERSONNEL AND OFFICE EXPENSE ACCOUNT,394,BANNER NET PAYROLL,394,1093395.79,1093395.79,ok,banner,,,
SENATOR DANIEL K. AKAKA,2012,SENATORS OFFICIAL PERSONNEL AND OFFICE EXPENSE ACCOUNT,394,BANNER ORGANIZATION TOTALS,394,1206276.38,1177523.07,warn,banner,,,banner_only_categories
SENATOR LAMAR ALEXANDER,2010,SENATORS OFFICIAL PERSONNEL AND OFFICE EXPENSE ACCOUNT,398,BANNER NET PAYROLL,398,0.0,0.0,banner_missing,banner,,,
SENATOR LAMAR ALEXANDER,2010,SENATORS OFFICIAL PERSONNEL AND OFFICE EXPENSE ACCOUNT,398,BANNER ORGANIZATION TOTALS,398,0.0,0.0,ok,banner,,,
SENATOR LAMAR ALEXANDER,2011,SENATORS OFFICIAL PERSONNEL AND OFFICE EXPENSE ACCOUNT,399,BANNER NET PAYROLL,399,0.0,0.0,banner_missing,banner,,,
SENATOR LAMAR ALEXANDER,2011,SENATORS OFFICIAL PERSONNEL AND OFFICE EXPENSE ACCOUNT,399,BANNER ORGANIZATION TOTALS,399,0.0,0.0,ok,banner,,,
SENATOR LAMAR ALEXANDER,2012,SENATORS OFFICIAL PERSONNEL AND OFFICE EXPENSE ACCOUNT,400,TRAVEL AND TRANSPORTATION OF PERSONS,408,70339.11,1388537.62,fail,segment,source_mismatch,1388537.62,
SENATOR LAMAR ALEXANDER,2012,SENATORS OFFICIAL PERSONNEL AND OFFICE EXPENSE ACCOUNT,400,OTHER CONTRACTUAL SERVICES,408,2870.4,2870.4,ok,segment,,,
SENATOR LAMAR ALEXANDER,2012,SENATORS OFFICIAL PERSONNEL AND OFFICE EXPENSE ACCOUNT,400,ACQUISITION OF ASSETS,408,529.99,529.99,ok,segment,,,
SENATOR LAMAR ALEXANDER,2012,SENATORS OFFICIAL PERSONNEL AND OFFICE EXPENSE ACCOUNT,400,OTHER PERSONNEL COMPENSATION,408,1825.48,0.0,component,payroll_component,,,
SENATOR LAMAR ALEXANDER,2012,SENATORS OFFICIAL PERSONNEL AND OFFICE EXPENSE ACCOUNT,400,PERSONNEL COMP. FULL-TIME PERMANENT,408,1316373.03,0.0,component,payroll_component,,,
SENATOR LAMAR ALEXANDER,2012,SENATORS OFFICIAL PERSONNEL AND OFFICE EXPENSE ACCOUNT,400,PERSONNEL BENEFITS,408,1728.45,0.0,component,payroll_component,,,
SENATOR LAMAR ALEXANDER,2012,SENATORS OFFICIAL PERSONNEL AND OFFICE EXPENSE ACCOUNT,400,NET PAYROLL EXPENSES,409,1319926.96,1728.45,fail,segment,inconclusive,0.0,
SENATOR LAMAR ALEXANDER,2012,SENATORS OFFICIAL PERSONNEL AND OFFICE EXPENSE ACCOUNT,400,BANNER NET PAYROLL,400,1319926.96,1319926.96,ok,banner,,,
SENATOR LAMAR ALEXANDER,2012,SENATORS OFFICIAL PERSONNEL AND OFFICE EXPENSE ACCOUNT,400,BANNER ORGANIZATION TOTALS,400,1424406.89,1393666.46,warn,banner,,,banner_only_categories
SENATOR KELLY AYOTTE,2011,SENATORS OFFICIAL PERSONNEL AND OFFICE EXPENSE ACCOUNT,410,BANNER NET PAYROLL,410,0.0,0.0,banner_missing,banner,,,
SENATOR KELLY AYOTTE,2011,SENATORS OFFICIAL PERSONNEL AND OFFICE EXPENSE ACCOUNT,410,BANNER ORGANIZATION TOTALS,410,0.0,0.0,ok,banner,,,
SENATOR KELLY AYOTTE,2012,SENATORS OFFICIAL PERSONNEL AND OFFICE EXPENSE ACCOUNT,411,TRAVEL AND TRANSPORTATION OF PERSONS,419,48440.29,1104898.86,fail,segment,source_mismatch,1104898.86,
SENATOR KELLY AYOTTE,2012,SENATORS OFFICIAL PERSONNEL AND OFFICE EXPENSE ACCOUNT,411,OTHER CONTRACTUAL SERVICES,419,2116.29,2116.29,ok,segment,,,
SENATOR KELLY AYOTTE,2012,SENATORS OFFICIAL PERSONNEL AND OFFICE EXPENSE ACCOUNT,411,ACQUISITION OF ASSETS,419,6178.89,6178.89,ok,segment,,,
SENATOR KELLY AYOTTE,2012,SENATORS OFFICIAL PERSONNEL AND OFFICE EXPENSE ACCOUNT,411,PERSONNEL COMP. FULL-TIME PERMANENT,419,1056458.57,0.0,component,payroll_component,,,
SENATOR KELLY AYOTTE,2012,SENATORS OFFICIAL PERSONNEL AND OFFICE EXPENSE ACCOUNT,411,PERSONNEL BENEFITS,419,5980.95,0.0,component,payroll_component,,,
SENATOR KELLY AYOTTE,2012,SENATORS OFFICIAL PERSONNEL AND OFFICE EXPENSE ACCOUNT,411,NET PAYROLL EXPENSES,419,1062439.52,5980.95,fail,segment,inconclusive,0.0,
SENATOR KELLY AYOTTE,2012,SENATORS OFFICIAL PERSONNEL AND OFFICE EXPENSE ACCOUNT,411,BANNER NET PAYROLL,411,1062439.52,1062439.52,ok,banner,,,
SENATOR KELLY AYOTTE,2012,SENATORS OFFICIAL PERSONNEL AND OFFICE EXPENSE ACCOUNT,411,BANNER ORGANIZATION TOTALS,411,1176054.81,1119174.99,warn,banner,,,banner_only_categories
SENATOR JOHN BARRASSO,2010,SENATORS OFFICIAL PERSONNEL AND OFFICE EXPENSE ACCOUNT,420,BANNER NET PAYROLL,420,0.0,0.0,banner_missing,banner,,,
SENATOR JOHN BARRASSO,2010,SENATORS OFFICIAL PERSONNEL AND OFFICE EXPENSE ACCOUNT,420,BANNER ORGANIZATION TOTALS,420,0.0,0.0,ok,banner,,,
SENATOR JOHN BARRASSO,2011,SENATORS OFFICIAL PERSONNEL AND OFFICE EXPENSE ACCOUNT,421,BANNER NET PAYROLL,421,0.0,0.0,banner_missing,banner,,,
SENATOR JOHN BARRASSO,2011,SENATORS OFFICIAL PERSONNEL AND OFFICE EXPENSE ACCOUNT,421,BANNER ORGANIZATION TOTALS,421,0.0,0.0,ok,banner,,,
SENATOR JOHN BARRASSO,2012,SENATORS OFFICIAL PERSONNEL AND OFFICE EXPENSE ACCOUNT,422,TRAVEL AND TRANSPORTATION OF PERSONS,430,107584.91,1138934.88,fail,segment,source_mismatch,1138934.88,
SENATOR JOHN BARRASSO,2012,SENATORS OFFICIAL PERSONNEL AND OFFICE EXPENSE ACCOUNT,422,OTHER CONTRACTUAL SERVICES,430,3686.25,3686.25,ok,segment,,,
SENATOR JOHN BARRASSO,2012,SENATORS OFFICIAL PERSONNEL AND OFFICE EXPENSE ACCOUNT,422,ACQUISITION OF ASSETS,431,1663.03,1663.03,ok,segment,,,
SENATOR JOHN BARRASSO,2012,SENATORS OFFICIAL PERSONNEL AND OFFICE EXPENSE ACCOUNT,422,OTHER PERSONNEL COMPENSATION,431,10916.24,0.0,component,payroll_component,,,
SENATOR JOHN BARRASSO,2012,SENATORS OFFICIAL PERSONNEL AND OFFICE EXPENSE ACCOUNT,422,PERSONNEL COMP. FULL-TIME PERMANENT,431,1020433.73,0.0,component,payroll_component,,,
SENATOR JOHN BARRASSO,2012,SENATORS OFFICIAL PERSONNEL AND OFFICE EXPENSE ACCOUNT,422,PERSONNEL BENEFITS,431,2828.5,0.0,component,payroll_component,,,
SENATOR JOHN BARRASSO,2012,SENATORS OFFICIAL PERSONNEL AND OFFICE EXPENSE ACCOUNT,422,NET PAYROLL EXPENSES,431,1034178.47,2828.5,fail,segment,inconclusive,0.0,
SENATOR JOHN BARRASSO,2012,SENATORS OFFICIAL PERSONNEL AND OFFICE EXPENSE ACCOUNT,422,BANNER NET PAYROLL,422,1034178.47,1034178.47,ok,banner,,,
SENATOR JOHN BARRASSO,2012,SENATORS OFFICIAL PERSONNEL AND OFFICE EXPENSE ACCOUNT,422,BANNER ORGANIZATION TOTALS,422,1220090.94,1147112.66,warn,banner,,,banner_only_categories
SENATOR MAX BAUCUS,2010,SENATORS OFFICIAL PERSONNEL AND OFFICE EXPENSE ACCOUNT,432,BANNER NET PAYROLL,432,0.0,0.0,banner_missing,banner,,,
SENATOR MAX BAUCUS,2010,SENATORS OFFICIAL PERSONNEL AND OFFICE EXPENSE ACCOUNT,432,BANNER ORGANIZATION TOTALS,432,0.0,0.0,ok,banner,,,
SENATOR MAX BAUCUS,2011,SENATORS OFFICIAL PERSONNEL AND OFFICE EXPENSE ACCOUNT,433,BANNER NET PAYROLL,433,0.0,0.0,banner_missing,banner,,,
SENATOR MAX BAUCUS,2011,SENATORS OFFICIAL PERSONNEL AND OFFICE EXPENSE ACCOUNT,433,BANNER ORGANIZATION TOTALS,433,0.0,0.0,ok,banner,,,
SENATOR MAX BAUCUS,2012,SENATORS OFFICIAL PERSONNEL AND OFFICE EXPENSE ACCOUNT,434,TRAVEL AND TRANSPORTATION OF PERSONS,444,84539.0,1397307.08,fail,segment,source_mismatch,1397307.08,
SENATOR MAX BAUCUS,2012,SENATORS OFFICIAL PERSONNEL AND OFFICE EXPENSE ACCOUNT,434,OTHER CONTRACTUAL SERVICES,445,2740.25,2740.25,ok,segment,,,
SENATOR MAX BAUCUS,2012,SENATORS OFFICIAL PERSONNEL AND OFFICE EXPENSE ACCOUNT,434,ACQUISITION OF ASSETS,445,2035.24,2035.24,ok,segment,,,
SENATOR MAX BAUCUS,2012,SENATORS OFFICIAL PERSONNEL AND OFFICE EXPENSE ACCOUNT,434,OTHER PERSONNEL COMPENSATION,445,1894.18,0.0,component,payroll_component,,,
SENATOR MAX BAUCUS,2012,SENATORS OFFICIAL PERSONNEL AND OFFICE EXPENSE ACCOUNT,434,PERSONNEL COMP. FULL-TIME PERMANENT,445,1310873.9,0.0,component,payroll_component,,,
SENATOR MAX BAUCUS,2012,SENATORS OFFICIAL PERSONNEL AND OFFICE EXPENSE ACCOUNT,434,PERSONNEL BENEFITS,445,7995.05,0.0,component,payroll_component,,,
SENATOR MAX BAUCUS,2012,SENATORS OFFICIAL PERSONNEL AND OFFICE EXPENSE ACCOUNT,434,NET PAYROLL EXPENSES,445,1320763.13,7995.05,fail,segment,inconclusive,0.0,
SENATOR MAX BAUCUS,2012,SENATORS OFFICIAL PERSONNEL AND OFFICE EXPENSE ACCOUNT,434,BANNER NET PAYROLL,434,1320763.13,1320763.13,ok,banner,,,
SENATOR MAX BAUCUS,2012,SENATORS OFFICIAL PERSONNEL AND OFFICE EXPENSE ACCOUNT,434,BANNER ORGANIZATION TOTALS,434,1469523.8,1410077.62,warn,banner,,,banner_only_categories
SENATOR EVAN BAYH,2010,SENATORS OFFICIAL PERSONNEL AND OFFICE EXPENSE ACCOUNT,446,BANNER NET PAYROLL,446,0.0,0.0,banner_missing,banner,,,
SENATOR EVAN BAYH,2010,SENATORS OFFICIAL PERSONNEL AND OFFICE EXPENSE ACCOUNT,446,BANNER ORGANIZATION TOTALS,446,0.0,0.0,ok,banner,,,
SENATOR EVAN BAYH,2011,SENATORS OFFICIAL PERSONNEL AND OFFICE EXPENSE ACCOUNT,447,BANNER NET PAYROLL,447,0.0,0.0,banner_missing,banner,,,
SENATOR EVAN BAYH,2011,SENATORS OFFICIAL PERSONNEL AND OFFICE EXPENSE ACCOUNT,447,BANNER ORGANIZATION TOTALS,447,0.0,0.0,ok,banner,,,
SENATOR MARK BEGICH,2010,SENATORS OFFICIAL PERSONNEL AND OFFICE EXPENSE ACCOUNT,448,BANNER NET PAYROLL,448,0.0,0.0,banner_missing,banner,,,
SENATOR MARK BEGICH,2010,SENATORS OFFICIAL PERSONNEL AND OFFICE EXPENSE ACCOUNT,448,BANNER ORGANIZATION TOTALS,448,0.0,0.0,ok,banner,,,
SENATOR MARK BEGICH,2011,SENATORS OFFICIAL PERSONNEL AND OFFICE EXPENSE ACCOUNT,449,BANNER NET PAYROLL,449,0.0,0.0,banner_missing,banner,,,
SENATOR MARK BEGICH,2011,SENATORS OFFICIAL PERSONNEL AND OFFICE EXPENSE ACCOUNT,449,BANNER ORGANIZATION TOTALS,449,0.0,0.0,ok,banner,,,
SENATOR MARK BEGICH,2012,SENATORS OFFICIAL PERSONNEL AND OFFICE EXPENSE ACCOUNT,450,TRAVEL AND TRANSPORTATION OF PERSONS,458,139069.66,1629021.17,fail,segment,source_mismatch,1629021.17,
SENATOR MARK BEGICH,2012,SENATORS OFFICIAL PERSONNEL AND OFFICE EXPENSE ACCOUNT,450,OTHER CONTRACTUAL SERVICES,459,2373.52,2373.52,ok,segment,,,
SENATOR MARK BEGICH,2012,SENATORS OFFICIAL PERSONNEL AND OFFICE EXPENSE ACCOUNT,450,ACQUISITION OF ASSETS,459,3501.68,3501.68,ok,segment,,,
SENATOR MARK BEGICH,2012,SENATORS OFFICIAL PERSONNEL AND OFFICE EXPENSE ACCOUNT,450,OTHER PERSONNEL COMPENSATION,459,162.0,0.0,component,payroll_component,,,
SENATOR MARK BEGICH,2012,SENATORS OFFICIAL PERSONNEL AND OFFICE EXPENSE ACCOUNT,450,PERSONNEL COMP. FULL-TIME PERMANENT,459,1391301.78,0.0,component,payroll_component,,,
SENATOR MARK BEGICH,2012,SENATORS OFFICIAL PERSONNEL AND OFFICE EXPENSE ACCOUNT,450,PERSONNEL BENEFITS,459,4229.1,0.0,component,payroll_component,,,
SENATOR MARK BEGICH,2012,SENATORS OFFICIAL PERSONNEL AND OFFICE EXPENSE ACCOUNT,450,NET PAYROLL EXPENSES,459,1395692.88,4229.1,fail,segment,inconclusive,0.0,
SENATOR MARK BEGICH,2012,SENATORS OFFICIAL PERSONNEL AND OFFICE EXPENSE ACCOUNT,450,BANNER NET PAYROLL,450,1395692.88,1395692.88,ok,banner,,,
SENATOR MARK BEGICH,2012,SENATORS OFFICIAL PERSONNEL AND OFFICE EXPENSE ACCOUNT,450,BANNER ORGANIZATION TOTALS,450,1629129.34,1639125.47,fail,banner,,,
SENATOR MICHAEL BENNET,2010,SENATORS OFFICIAL PERSONNEL AND OFFICE EXPENSE ACCOUNT,460,BANNER NET PAYROLL,460,0.0,0.0,banner_missing,banner,,,
SENATOR MICHAEL BENNET,2010,SENATORS OFFICIAL PERSONNEL AND OFFICE EXPENSE ACCOUNT,460,BANNER ORGANIZATION TOTALS,460,0.0,0.0,ok,banner,,,
SENATOR MICHAEL BENNET,2011,SENATORS OFFICIAL PERSONNEL AND OFFICE EXPENSE ACCOUNT,461,BANNER NET PAYROLL,461,0.0,0.0,banner_missing,banner,,,
SENATOR MICHAEL BENNET,2011,SENATORS OFFICIAL PERSONNEL AND OFFICE EXPENSE ACCOUNT,461,BANNER ORGANIZATION TOTALS,461,0.0,0.0,ok,banner,,,
SENATOR MICHAEL BENNET,2012,SENATORS OFFICIAL PERSONNEL AND OFFICE EXPENSE ACCOUNT,462,TRAVEL AND TRANSPORTATION OF PERSONS,475,69876.81,1231486.28,fail,segment,source_mismatch,1231486.28,
SENATOR MICHAEL BENNET,2012,SENATORS OFFICIAL PERSONNEL AND OFFICE EXPENSE ACCOUNT,462,OTHER CONTRACTUAL SERVICES,475,513.05,513.05,ok,segment,,,
SENATOR MICHAEL BENNET,2012,SENATORS OFFICIAL PERSONNEL AND OFFICE EXPENSE ACCOUNT,462,ACQUISITION OF ASSETS,475,7176.01,7176.01,ok,segment,,,
SENATOR MICHAEL BENNET,2012,SENATORS OFFICIAL PERSONNEL AND OFFICE EXPENSE ACCOUNT,462,PERSONNEL COMP. FULL-TIME PERMANENT,475,1161609.47,0.0,component,payroll_component,,,
SENATOR MICHAEL BENNET,2012,SENATORS OFFICIAL PERSONNEL AND OFFICE EXPENSE ACCOUNT,462,PERSONNEL BENEFITS,475,2929.55,0.0,component,payroll_component,,,
SENATOR MICHAEL BENNET,2012,SENATORS OFFICIAL PERSONNEL AND OFFICE EXPENSE ACCOUNT,462,NET PAYROLL EXPENSES,476,1164539.02,2929.55,fail,segment,inconclusive,0.0,
SENATOR MICHAEL BENNET,2012,SENATORS OFFICIAL PERSONNEL AND OFFICE EXPENSE ACCOUNT,462,BANNER NET PAYROLL,462,1164539.02,1164539.02,ok,banner,,,
SENATOR MICHAEL BENNET,2012,SENATORS OFFICIAL PERSONNEL AND OFFICE EXPENSE ACCOUNT,462,BANNER ORGANIZATION TOTALS,462,1305442.57,1242104.89,warn,banner,,,banner_only_categories
SENATOR ROBERT F. BENNETT,2010,SENATORS OFFICIAL PERSONNEL AND OFFICE EXPENSE ACCOUNT,477,BANNER NET PAYROLL,477,0.0,0.0,banner_missing,banner,,,
SENATOR ROBERT F. BENNETT,2010,SENATORS OFFICIAL PERSONNEL AND OFFICE EXPENSE ACCOUNT,477,BANNER ORGANIZATION TOTALS,477,0.0,0.0,ok,banner,,,
SENATOR ROBERT F. BENNETT,2011,SENATORS OFFICIAL PERSONNEL AND OFFICE EXPENSE ACCOUNT,478,BANNER NET PAYROLL,478,0.0,0.0,banner_missing,banner,,,
SENATOR ROBERT F. BENNETT,2011,SENATORS OFFICIAL PERSONNEL AND OFFICE EXPENSE ACCOUNT,478,BANNER ORGANIZATION TOTALS,478,0.0,0.0,ok,banner,,,
SENATOR JEFF BINGAMAN,2010,SENATORS OFFICIAL PERSONNEL AND OFFICE EXPENSE ACCOUNT,479,BANNER NET PAYROLL,479,0.0,0.0,banner_missing,banner,,,
SENATOR JEFF BINGAMAN,2010,SENATORS OFFICIAL PERSONNEL AND OFFICE EXPENSE ACCOUNT,479,BANNER ORGANIZATION TOTALS,479,0.0,0.0,ok,banner,,,
SENATOR JEFF BINGAMAN,2011,SENATORS OFFICIAL PERSONNEL AND OFFICE EXPENSE ACCOUNT,480,BANNER NET PAYROLL,480,0.0,0.0,banner_missing,banner,,,
SENATOR JEFF BINGAMAN,2011,SENATORS OFFICIAL PERSONNEL AND OFFICE EXPENSE ACCOUNT,480,BANNER ORGANIZATION TOTALS,480,0.0,0.0,ok,banner,,,
SENATOR JEFF BINGAMAN,2012,SENATORS OFFICIAL PERSONNEL AND OFFICE EXPENSE ACCOUNT,481,TRAVEL AND TRANSPORTATION OF PERSONS,493,68551.59,1299856.72,fail,segment,source_mismatch,1299856.72,
SENATOR JEFF BINGAMAN,2012,SENATORS OFFICIAL PERSONNEL AND OFFICE EXPENSE ACCOUNT,481,OTHER CONTRACTUAL SERVICES,493,73272.17,73272.17,ok,segment,,,
SENATOR JEFF BINGAMAN,2012,SENATORS OFFICIAL PERSONNEL AND OFFICE EXPENSE ACCOUNT,481,ACQUISITION OF ASSETS,493,119.96,119.96,ok,segment,,,
SENATOR JEFF BINGAMAN,2012,SENATORS OFFICIAL PERSONNEL AND OFFICE EXPENSE ACCOUNT,481,OTHER PERSONNEL COMPENSATION,493,98.08,0.0,component,payroll_component,,,
SENATOR JEFF BINGAMAN,2012,SENATORS OFFICIAL PERSONNEL AND OFFICE EXPENSE ACCOUNT,481,PERSONNEL COMP. FULL-TIME PERMANENT,493,1231207.05,0.0,component,payroll_component,,,
SENATOR JEFF BINGAMAN,2012,SENATORS OFFICIAL PERSONNEL AND OFFICE EXPENSE ACCOUNT,481,PERSONNEL BENEFITS,493,5536.85,0.0,component,payroll_component,,,
SENATOR JEFF BINGAMAN,2012,SENATORS OFFICIAL PERSONNEL AND OFFICE EXPENSE ACCOUNT,481,NET PAYROLL EXPENSES,493,1236841.98,5536.85,fail,segment,inconclusive,0.0,
SENATOR JEFF BINGAMAN,2012,SENATORS OFFICIAL PERSONNEL AND OFFICE EXPENSE ACCOUNT,481,BANNER NET PAYROLL,481,1236841.98,1236841.98,ok,banner,,,
SENATOR JEFF BINGAMAN,2012,SENATORS OFFICIAL PERSONNEL AND OFFICE EXPENSE ACCOUNT,481,BANNER ORGANIZATION TOTALS,481,1424976.14,1378785.7,warn,banner,,,banner_only_categories
SENATOR RICHARD BLUMENTHAL,2011,SENATORS OFFICIAL PERSONNEL AND OFFICE EXPENSE ACCOUNT,494,TRAVEL AND TRANSPORTATION OF PERSONS,494,145.4,145.4,ok,segment,,,
SENATOR RICHARD BLUMENTHAL,2011,SENATORS OFFICIAL PERSONNEL AND OFFICE EXPENSE ACCOUNT,494,BANNER NET PAYROLL,494,0.0,0.0,banner_missing,banner,,,
SENATOR RICHARD BLUMENTHAL,2011,SENATORS OFFICIAL PERSONNEL AND OFFICE EXPENSE ACCOUNT,494,BANNER ORGANIZATION TOTALS,494,145.4,145.4,ok,banner,,,
SENATOR RICHARD BLUMENTHAL,2012,SENATORS OFFICIAL PERSONNEL AND OFFICE EXPENSE ACCOUNT,495,TRAVEL AND TRANSPORTATION OF PERSONS,508,52847.72,1379806.86,fail,segment,source_mismatch,1379806.86,
SENATOR RICHARD BLUMENTHAL,2012,SENATORS OFFICIAL PERSONNEL AND OFFICE EXPENSE ACCOUNT,495,OTHER CONTRACTUAL SERVICES,509,5944.7,5944.7,ok,segment,,,
SENATOR RICHARD BLUMENTHAL,2012,SENATORS OFFICIAL PERSONNEL AND OFFICE EXPENSE ACCOUNT,495,ACQUISITION OF ASSETS,509,7573.41,7573.41,ok,segment,,,
SENATOR RICHARD BLUMENTHAL,2012,SENATORS OFFICIAL PERSONNEL AND OFFICE EXPENSE ACCOUNT,495,OTHER PERSONNEL COMPENSATION,509,6964.35,0.0,component,payroll_component,,,
SENATOR RICHARD BLUMENTHAL,2012,SENATORS OFFICIAL PERSONNEL AND OFFICE EXPENSE ACCOUNT,495,PERSONNEL COMP. FULL-TIME PERMANENT,509,1319994.79,0.0,component,payroll_component,,,
SENATOR RICHARD BLUMENTHAL,2012,SENATORS OFFICIAL PERSONNEL AND OFFICE EXPENSE ACCOUNT,495,PERSONNEL BENEFITS,509,4845.65,0.0,component,payroll_component,,,
SENATOR RICHARD BLUMENTHAL,2012,SENATORS OFFICIAL PERSONNEL AND OFFICE EXPENSE ACCOUNT,495,NET PAYROLL EXPENSES,509,1331804.79,4845.65,fail,segment,inconclusive,0.0,
SENATOR RICHARD BLUMENTHAL,2012,SENATORS OFFICIAL PERSONNEL AND OFFICE EXPENSE ACCOUNT,495,BANNER NET PAYROLL,495,1331804.79,1331804.79,ok,banner,,,
SENATOR RICHARD BLUMENTHAL,2012,SENATORS OFFICIAL PERSONNEL AND OFFICE EXPENSE ACCOUNT,495,BANNER ORGANIZATION TOTALS,495,1433987.52,1398170.62,warn,banner,,,banner_only_categories
SENATOR ROY BLUNT,2011,SENATORS OFFICIAL PERSONNEL AND OFFICE EXPENSE ACCOUNT,510,TRAVEL AND TRANSPORTATION OF PERSONS,510,59.0,59.0,ok,segment,,,
SENATOR ROY BLUNT,2011,SENATORS OFFICIAL PERSONNEL AND OFFICE EXPENSE ACCOUNT,510,BANNER NET PAYROLL,510,0.0,0.0,banner_missing,banner,,,
SENATOR ROY BLUNT,2011,SENATORS OFFICIAL PERSONNEL AND OFFICE EXPENSE ACCOUNT,510,BANNER ORGANIZATION TOTALS,510,59.0,59.0,ok,banner,,,
SENATOR ROY BLUNT,2012,SENATORS OFFICIAL PERSONNEL AND OFFICE EXPENSE ACCOUNT,511,TRAVEL AND TRANSPORTATION OF PERSONS,533,53362.75,1393784.88,fail,segment,source_mismatch,1393784.88,
SENATOR ROY BLUNT,2012,SENATORS OFFICIAL PERSONNEL AND OFFICE EXPENSE ACCOUNT,511,OTHER CONTRACTUAL SERVICES,534,1594.9,1594.9,ok,segment,,,
SENATOR ROY BLUNT,2012,SENATORS OFFICIAL PERSONNEL AND OFFICE EXPENSE ACCOUNT,511,ACQUISITION OF ASSETS,534,20338.5,20338.5,ok,segment,,,
SENATOR ROY BLUNT,2012,SENATORS OFFICIAL PERSONNEL AND OFFICE EXPENSE ACCOUNT,511,PERSONNEL COMP. FULL-TIME PERMANENT,534,1340422.13,0.0,component,payroll_component,,,
SENATOR ROY BLUNT,2012,SENATORS OFFICIAL PERSONNEL AND OFFICE EXPENSE ACCOUNT,511,PERSONNEL BENEFITS,534,2326.55,0.0,component,payroll_component,,,
SENATOR ROY BLUNT,2012,SENATORS OFFICIAL PERSONNEL AND OFFICE EXPENSE ACCOUNT,511,NET PAYROLL EXPENSES,534,1342748.68,2326.55,fail,segment,inconclusive,0.0,
SENATOR ROY BLUNT,2012,SENATORS OFFICIAL PERSONNEL AND OFFICE EXPENSE ACCOUNT,511,BANNER NET PAYROLL,511,1342748.68,1342748.68,ok,banner,,,
SENATOR ROY BLUNT,2012,SENATORS OFFICIAL PERSONNEL AND OFFICE EXPENSE ACCOUNT,511,BANNER ORGANIZATION TOTALS,511,1500203.46,1418044.83,warn,banner,,,banner_only_categories
SENATOR CHRISTOPHER S. BOND,2010,SENATORS OFFICIAL PERSONNEL AND OFFICE EXPENSE ACCOUNT,535,BANNER NET PAYROLL,535,0.0,0.0,banner_missing,banner,,,
SENATOR CHRISTOPHER S. BOND,2010,SENATORS OFFICIAL PERSONNEL AND OFFICE EXPENSE ACCOUNT,535,BANNER ORGANIZATION TOTALS,535,0.0,0.0,ok,banner,,,
SENATOR CHRISTOPHER S. BOND,2011,SENATORS OFFICIAL PERSONNEL AND OFFICE EXPENSE ACCOUNT,536,BANNER NET PAYROLL,536,0.0,0.0,banner_missing,banner,,,
SENATOR CHRISTOPHER S. BOND,2011,SENATORS OFFICIAL PERSONNEL AND OFFICE EXPENSE ACCOUNT,536,BANNER ORGANIZATION TOTALS,536,0.0,0.0,ok,banner,,,
SENATOR JOHN BOOZMAN,2011,SENATORS OFFICIAL PERSONNEL AND OFFICE EXPENSE ACCOUNT,537,BANNER NET PAYROLL,537,0.0,0.0,banner_missing,banner,,,
SENATOR JOHN BOOZMAN,2011,SENATORS OFFICIAL PERSONNEL AND OFFICE EXPENSE ACCOUNT,537,BANNER ORGANIZATION TOTALS,537,0.0,0.0,ok,banner,,,
SENATOR JOHN BOOZMAN,2012,SENATORS OFFICIAL PERSONNEL AND OFFICE EXPENSE ACCOUNT,538,TRAVEL AND TRANSPORTATION OF PERSONS,566,99713.8,1209259.18,fail,segment,source_mismatch,1209259.18,
SENATOR JOHN BOOZMAN,2012,SENATORS OFFICIAL PERSONNEL AND OFFICE EXPENSE ACCOUNT,538,OTHER CONTRACTUAL SERVICES,567,5679.02,5679.02,ok,segment,,,
SENATOR JOHN BOOZMAN,2012,SENATORS OFFICIAL PERSONNEL AND OFFICE EXPENSE ACCOUNT,538,ACQUISITION OF ASSETS,567,92.05,92.05,ok,segment,,,
SENATOR JOHN BOOZMAN,2012,SENATORS OFFICIAL PERSONNEL AND OFFICE EXPENSE ACCOUNT,538,PERSONNEL COMP. FULL-TIME PERMANENT,567,1109545.38,0.0,component,payroll_component,,,
SENATOR JOHN BOOZMAN,2012,SENATORS OFFICIAL PERSONNEL AND OFFICE EXPENSE ACCOUNT,538,PERSONNEL BENEFITS,567,3699.6,0.0,component,payroll_component,,,
SENATOR JOHN BOOZMAN,2012,SENATORS OFFICIAL PERSONNEL AND OFFICE EXPENSE ACCOUNT,538,NET PAYROLL EXPENSES,567,1113244.98,3699.6,fail,segment,inconclusive,0.0,
SENATOR JOHN BOOZMAN,2012,SENATORS OFFICIAL PERSONNEL AND OFFICE EXPENSE ACCOUNT,538,BANNER NET PAYROLL,538,1113244.98,1113244.98,ok,banner,,,
SENATOR JOHN BOOZMAN,2012,SENATORS OFFICIAL PERSONNEL AND OFFICE EXPENSE ACCOUNT,538,BANNER ORGANIZATION TOTALS,538,1266065.16,1218729.85,warn,banner,,,banner_only_categories
SENATOR BARBARA BOXER,2010,SENATORS OFFICIAL PERSONNEL AND OFFICE EXPENSE ACCOUNT,568,BANNER NET PAYROLL,568,0.0,0.0,banner_missing,banner,,,
SENATOR BARBARA BOXER,2010,SENATORS OFFICIAL PERSONNEL AND OFFICE EXPENSE ACCOUNT,568,BANNER ORGANIZATION TOTALS,568,0.0,0.0,ok,banner,,,
SENATOR BARBARA BOXER,2011,SENATORS OFFICIAL PERSONNEL AND OFFICE EXPENSE ACCOUNT,569,BANNER NET PAYROLL,569,0.0,0.0,banner_missing,banner,,,
SENATOR BARBARA BOXER,2011,SENATORS OFFICIAL PERSONNEL AND OFFICE EXPENSE ACCOUNT,569,BANNER ORGANIZATION TOTALS,569,399.0,0.0,warn,banner,,,banner_only_categories
SENATOR BARBARA BOXER,2012,SENATORS OFFICIAL PERSONNEL AND OFFICE EXPENSE ACCOUNT,570,TRAVEL AND TRANSPORTATION OF PERSONS,584,93015.59,2290509.55,fail,segment,source_mismatch,2290509.55,
SENATOR BARBARA BOXER,2012,SENATORS OFFICIAL PERSONNEL AND OFFICE EXPENSE ACCOUNT,570,OTHER CONTRACTUAL SERVICES,585,1934.3,1934.3,ok,segment,,,
SENATOR BARBARA BOXER,2012,SENATORS OFFICIAL PERSONNEL AND OFFICE EXPENSE ACCOUNT,570,ACQUISITION OF ASSETS,585,82.65,82.65,ok,segment,,,
SENATOR BARBARA BOXER,2012,SENATORS OFFICIAL PERSONNEL AND OFFICE EXPENSE ACCOUNT,570,OTHER PERSONNEL COMPENSATION,585,88.65,0.0,component,payroll_component,,,
SENATOR BARBARA BOXER,2012,SENATORS OFFICIAL PERSONNEL AND OFFICE EXPENSE ACCOUNT,570,PERSONNEL COMP. FULL-TIME PERMANENT,585,2147979.78,0.0,component,payroll_component,,,
SENATOR BARBARA BOXER,2012,SENATORS OFFICIAL PERSONNEL AND OFFICE EXPENSE ACCOUNT,570,PERSONNEL BENEFITS,585,14361.6,0.0,component,payroll_component,,,
SENATOR BARBARA BOXER,2012,SENATORS OFFICIAL PERSONNEL AND OFFICE EXPENSE ACCOUNT,570,NET PAYROLL EXPENSES,585,2162430.03,14361.6,fail,segment,inconclusive,0.0,
SENATOR BARBARA BOXER,2012,SENATORS OFFICIAL PERSONNEL AND OFFICE EXPENSE ACCOUNT,570,BANNER NET PAYROLL,570,2162430.03,2162430.03,ok,banner,,,
SENATOR BARBARA BOXER,2012,SENATORS OFFICIAL PERSONNEL AND OFFICE EXPENSE ACCOUNT,570,BANNER ORGANIZATION TOTALS,570,2326641.72,2306888.1,fail,banner,,,
SENATOR SCOTT P. BROWN,2010,SENATORS OFFICIAL PERSONNEL AND OFFICE EXPENSE ACCOUNT,586,BANNER NET PAYROLL,586,0.0,0.0,banner_missing,banner,,,
SENATOR SCOTT P. BROWN,2010,SENATORS OFFICIAL PERSONNEL AND OFFICE EXPENSE ACCOUNT,586,BANNER ORGANIZATION TOTALS,586,0.0,0.0,ok,banner,,,
SENATOR SCOTT P. BROWN,2011,SENATORS OFFICIAL PERSONNEL AND OFFICE EXPENSE ACCOUNT,587,TRAVEL AND TRANSPORTATION OF PERSONS,588,1348.61,1348.61,ok,segment,,,
SENATOR SCOTT P. BROWN,2011,SENATORS OFFICIAL PERSONNEL AND OFFICE EXPENSE ACCOUNT,587,BANNER NET PAYROLL,587,0.0,0.0,banner_missing,banner,,,
SENATOR SCOTT P. BROWN,2011,SENATORS OFFICIAL PERSONNEL AND OFFICE EXPENSE ACCOUNT,587,BANNER ORGANIZATION TOTALS,587,1348.61,1348.61,ok,banner,,,
SENATOR SCOTT P. BROWN,2012,SENATORS OFFICIAL PERSONNEL AND OFFICE EXPENSE ACCOUNT,589,TRAVEL AND TRANSPORTATION OF PERSONS,603,26638.91,1299488.33,fail,segment,source_mismatch,1299488.33,
SENATOR SCOTT P. BROWN,2012,SENATORS OFFICIAL PERSONNEL AND OFFICE EXPENSE ACCOUNT,589,OTHER CONTRACTUAL SERVICES,603,5379.25,5379.25,ok,segment,,,
SENATOR SCOTT P. BROWN,2012,SENATORS OFFICIAL PERSONNEL AND OFFICE EXPENSE ACCOUNT,589,ACQUISITION OF ASSETS,603,6015.85,6015.85,ok,segment,,,
SENATOR SCOTT P. BROWN,2012,SENATORS OFFICIAL PERSONNEL AND OFFICE EXPENSE ACCOUNT,589,PERSONNEL COMP. FULL-TIME PERMANENT,603,1272849.42,0.0,component,payroll_component,,,
SENATOR SCOTT P. BROWN,2012,SENATORS OFFICIAL PERSONNEL AND OFFICE EXPENSE ACCOUNT,589,PERSONNEL BENEFITS,603,7275.35,0.0,component,payroll_component,,,
SENATOR SCOTT P. BROWN,2012,SENATORS OFFICIAL PERSONNEL AND OFFICE EXPENSE ACCOUNT,589,NET PAYROLL EXPENSES,603,1280124.77,7275.35,fail,segment,inconclusive,0.0,
SENATOR SCOTT P. BROWN,2012,SENATORS OFFICIAL PERSONNEL AND OFFICE EXPENSE ACCOUNT,589,BANNER NET PAYROLL,589,1280124.77,1280124.77,ok,banner,,,
SENATOR SCOTT P. BROWN,2012,SENATORS OFFICIAL PERSONNEL AND OFFICE EXPENSE ACCOUNT,589,BANNER ORGANIZATION TOTALS,589,1379227.57,1318158.78,warn,banner,,,banner_only_categories
SENATOR SHERROD BROWN,2010,SENATORS OFFICIAL PERSONNEL AND OFFICE EXPENSE ACCOUNT,604,BANNER NET PAYROLL,604,0.0,0.0,banner_missing,banner,,,
SENATOR SHERROD BROWN,2010,SENATORS OFFICIAL PERSONNEL AND OFFICE EXPENSE ACCOUNT,604,BANNER ORGANIZATION TOTALS,604,0.0,0.0,ok,banner,,,
SENATOR SHERROD BROWN,2011,SENATORS OFFICIAL PERSONNEL AND OFFICE EXPENSE ACCOUNT,605,BANNER NET PAYROLL,605,0.0,0.0,banner_missing,banner,,,
SENATOR SHERROD BROWN,2011,SENATORS OFFICIAL PERSONNEL AND OFFICE EXPENSE ACCOUNT,605,BANNER ORGANIZATION TOTALS,605,0.0,0.0,ok,banner,,,
SENATOR SHERROD BROWN,2012,SENATORS OFFICIAL PERSONNEL AND OFFICE EXPENSE ACCOUNT,606,TRAVEL AND TRANSPORTATION OF PERSONS,631,103011.86,1578263.72,fail,segment,source_mismatch,1578263.72,
SENATOR SHERROD BROWN,2012,SENATORS OFFICIAL PERSONNEL AND OFFICE EXPENSE ACCOUNT,606,OTHER CONTRACTUAL SERVICES,632,3234.69,3234.69,ok,segment,,,
SENATOR SHERROD BROWN,2012,SENATORS OFFICIAL PERSONNEL AND OFFICE EXPENSE ACCOUNT,606,ACQUISITION OF ASSETS,632,845.38,845.38,ok,segment,,,
SENATOR SHERROD BROWN,2012,SENATORS OFFICIAL PERSONNEL AND OFFICE EXPENSE ACCOUNT,606,OTHER PERSONNEL COMPENSATION,632,5867.15,0.0,component,payroll_component,,,
SENATOR SHERROD BROWN,2012,SENATORS OFFICIAL PERSONNEL AND OFFICE EXPENSE ACCOUNT,606,PERSONNEL COMP. FULL-TIME PERMANENT,632,1469384.71,0.0,component,payroll_component,,,
SENATOR SHERROD BROWN,2012,SENATORS OFFICIAL PERSONNEL AND OFFICE EXPENSE ACCOUNT,606,PERSONNEL BENEFITS,632,4972.9,0.0,component,payroll_component,,,
SENATOR SHERROD BROWN,2012,SENATORS OFFICIAL PERSONNEL AND OFFICE EXPENSE ACCOUNT,606,NET PAYROLL EXPENSES,632,1480224.76,4972.9,fail,segment,inconclusive,0.0,
SENATOR SHERROD BROWN,2012,SENATORS OFFICIAL PERSONNEL AND OFFICE EXPENSE ACCOUNT,606,BANNER NET PAYROLL,606,1480224.76,1480224.76,ok,banner,,,
SENATOR SHERROD BROWN,2012,SENATORS OFFICIAL PERSONNEL AND OFFICE EXPENSE ACCOUNT,606,BANNER ORGANIZATION TOTALS,606,1769604.02,1587316.69,warn,banner,,,banner_only_categories
SENATOR SAM D. BROWNBACK,2010,SENATORS OFFICIAL PERSONNEL AND OFFICE EXPENSE ACCOUNT,633,BANNER NET PAYROLL,633,0.0,0.0,banner_missing,banner,,,
SENATOR SAM D. BROWNBACK,2010,SENATORS OFFICIAL PERSONNEL AND OFFICE EXPENSE ACCOUNT,633,BANNER ORGANIZATION TOTALS,633,0.0,0.0,ok,banner,,,
SENATOR SAM D. BROWNBACK,2011,SENATORS OFFICIAL PERSONNEL AND OFFICE EXPENSE ACCOUNT,634,BANNER NET PAYROLL,634,0.0,0.0,banner_missing,banner,,,
SENATOR SAM D. BROWNBACK,2011,SENATORS OFFICIAL PERSONNEL AND OFFICE EXPENSE ACCOUNT,634,BANNER ORGANIZATION TOTALS,634,0.0,0.0,ok,banner,,,
SENATOR JIM BUNNING,2010,SENATORS OFFICIAL PERSONNEL AND OFFICE EXPENSE ACCOUNT,635,BANNER NET PAYROLL,635,0.0,0.0,banner_missing,banner,,,
SENATOR JIM BUNNING,2010,SENATORS OFFICIAL PERSONNEL AND OFFICE EXPENSE ACCOUNT,635,BANNER ORGANIZATION TOTALS,635,0.0,0.0,ok,banner,,,
SENATOR JIM BUNNING,2011,SENATORS OFFICIAL PERSONNEL AND OFFICE EXPENSE ACCOUNT,636,BANNER NET PAYROLL,636,0.0,0.0,banner_missing,banner,,,
SENATOR JIM BUNNING,2011,SENATORS OFFICIAL PERSONNEL AND OFFICE EXPENSE ACCOUNT,636,BANNER ORGANIZATION TOTALS,636,0.0,0.0,ok,banner,,,
SENATOR RICHARD BURR,2010,SENATORS OFFICIAL PERSONNEL AND OFFICE EXPENSE ACCOUNT,637,BANNER NET PAYROLL,637,0.0,0.0,banner_missing,banner,,,
SENATOR RICHARD BURR,2010,SENATORS OFFICIAL PERSONNEL AND OFFICE EXPENSE ACCOUNT,637,BANNER ORGANIZATION TOTALS,637,0.0,0.0,ok,banner,,,
SENATOR RICHARD BURR,2011,SENATORS OFFICIAL PERSONNEL AND OFFICE EXPENSE ACCOUNT,638,BANNER NET PAYROLL,638,0.0,0.0,banner_missing,banner,,,
SENATOR RICHARD BURR,2011,SENATORS OFFICIAL PERSONNEL AND OFFICE EXPENSE ACCOUNT,638,BANNER ORGANIZATION TOTALS,638,0.0,0.0,ok,banner,,,
SENATOR RICHARD BURR,2012,SENATORS OFFICIAL PERSONNEL AND OFFICE EXPENSE ACCOUNT,639,TRAVEL AND TRANSPORTATION OF PERSONS,647,74969.21,1315161.33,fail,segment,source_mismatch,1315161.33,
SENATOR RICHARD BURR,2012,SENATORS OFFICIAL PERSONNEL AND OFFICE EXPENSE ACCOUNT,639,OTHER CONTRACTUAL SERVICES,647,4946.7,4946.7,ok,segment,,,
SENATOR RICHARD BURR,2012,SENATORS OFFICIAL PERSONNEL AND OFFICE EXPENSE ACCOUNT,639,ACQUISITION OF ASSETS,647,580.67,580.67,ok,segment,,,
SENATOR RICHARD BURR,2012,SENATORS OFFICIAL PERSONNEL AND OFFICE EXPENSE ACCOUNT,639,OTHER PERSONNEL COMPENSATION,647,79.3,0.0,component,payroll_component,,,
SENATOR RICHARD BURR,2012,SENATORS OFFICIAL PERSONNEL AND OFFICE EXPENSE ACCOUNT,639,PERSONNEL COMP. FULL-TIME PERMANENT,647,1240112.82,0.0,component,payroll_component,,,
SENATOR RICHARD BURR,2012,SENATORS OFFICIAL PERSONNEL AND OFFICE EXPENSE ACCOUNT,639,PERSONNEL BENEFITS,647,2205.1,0.0,component,payroll_component,,,
SENATOR RICHARD BURR,2012,SENATORS OFFICIAL PERSONNEL AND OFFICE EXPENSE ACCOUNT,639,NET PAYROLL EXPENSES,647,1242397.22,2205.1,fail,segment,inconclusive,0.0,
SENATOR RICHARD BURR,2012,SENATORS OFFICIAL PERSONNEL AND OFFICE EXPENSE ACCOUNT,639,BANNER NET PAYROLL,639,1242397.22,1242397.22,ok,banner,,,
SENATOR RICHARD BURR,2012,SENATORS OFFICIAL PERSONNEL AND OFFICE EXPENSE ACCOUNT,639,BANNER ORGANIZATION TOTALS,639,1366645.51,1322893.8,warn,banner,,,banner_only_categories
SENATOR ROLAND BURRIS,2010,SENATORS OFFICIAL PERSONNEL AND OFFICE EXPENSE ACCOUNT,648,BANNER NET PAYROLL,648,0.0,0.0,banner_missing,banner,,,
SENATOR ROLAND BURRIS,2010,SENATORS OFFICIAL PERSONNEL AND OFFICE EXPENSE ACCOUNT,648,BANNER ORGANIZATION TOTALS,648,0.0,0.0,ok,banner,,,
SENATOR ROLAND BURRIS,2011,SENATORS OFFICIAL PERSONNEL AND OFFICE EXPENSE ACCOUNT,649,BANNER NET PAYROLL,649,0.0,0.0,banner_missing,banner,,,
SENATOR ROLAND BURRIS,2011,SENATORS OFFICIAL PERSONNEL AND OFFICE EXPENSE ACCOUNT,649,BANNER ORGANIZATION TOTALS,649,0.0,0.0,ok,banner,,,
SENATOR ROBERT C. BYRD,2010,SENATORS OFFICIAL PERSONNEL AND OFFICE EXPENSE ACCOUNT,650,BANNER NET PAYROLL,650,0.0,0.0,banner_missing,banner,,,
SENATOR ROBERT C. BYRD,2010,SENATORS OFFICIAL PERSONNEL AND OFFICE EXPENSE ACCOUNT,650,BANNER ORGANIZATION TOTALS,650,0.0,0.0,ok,banner,,,
SENATOR MARIA CANTWELL,2010,SENATORS OFFICIAL PERSONNEL AND OFFICE EXPENSE ACCOUNT,651,BANNER NET PAYROLL,651,0.0,0.0,banner_missing,banner,,,
SENATOR MARIA CANTWELL,2010,SENATORS OFFICIAL PERSONNEL AND OFFICE EXPENSE ACCOUNT,651,BANNER ORGANIZATION TOTALS,651,0.0,0.0,ok,banner,,,
SENATOR MARIA CANTWELL,2011,SENATORS OFFICIAL PERSONNEL AND OFFICE EXPENSE ACCOUNT,652,TRAVEL AND TRANSPORTATION OF PERSONS,652,206.0,206.0,ok,segment,,,
SENATOR MARIA CANTWELL,2011,SENATORS OFFICIAL PERSONNEL AND OFFICE EXPENSE ACCOUNT,652,BANNER NET PAYROLL,652,0.0,0.0,banner_missing,banner,,,
SENATOR MARIA CANTWELL,2011,SENATORS OFFICIAL PERSONNEL AND OFFICE EXPENSE ACCOUNT,652,BANNER ORGANIZATION TOTALS,652,206.0,206.0,ok,banner,,,
SENATOR MARIA CANTWELL,2012,SENATORS OFFICIAL PERSONNEL AND OFFICE EXPENSE ACCOUNT,653,TRAVEL AND TRANSPORTATION OF PERSONS,669,75481.36,1493480.3,fail,segment,source_mismatch,1493480.3,
SENATOR MARIA CANTWELL,2012,SENATORS OFFICIAL PERSONNEL AND OFFICE EXPENSE ACCOUNT,653,OTHER CONTRACTUAL SERVICES,669,549.8,549.8,ok,segment,,,
SENATOR MARIA CANTWELL,2012,SENATORS OFFICIAL PERSONNEL AND OFFICE EXPENSE ACCOUNT,653,ACQUISITION OF ASSETS,670,103.77,103.77,ok,segment,,,
SENATOR MARIA CANTWELL,2012,SENATORS OFFICIAL PERSONNEL AND OFFICE EXPENSE ACCOUNT,653,OTHER PERSONNEL COMPENSATION,670,2689.49,0.0,component,payroll_component,,,
SENATOR MARIA CANTWELL,2012,SENATORS OFFICIAL PERSONNEL AND OFFICE EXPENSE ACCOUNT,653,PERSONNEL COMP. FULL-TIME PERMANENT,670,1415309.45,0.0,component,payroll_component,,,
SENATOR MARIA CANTWELL,2012,SENATORS OFFICIAL PERSONNEL AND OFFICE EXPENSE ACCOUNT,653,PERSONNEL BENEFITS,670,8848.95,0.0,component,payroll_component,,,
SENATOR MARIA CANTWELL,2012,SENATORS OFFICIAL PERSONNEL AND OFFICE EXPENSE ACCOUNT,653,NET PAYROLL EXPENSES,670,1426847.89,8848.95,fail,segment,inconclusive,0.0,
SENATOR MARIA CANTWELL,2012,SENATORS OFFICIAL PERSONNEL AND OFFICE EXPENSE ACCOUNT,653,BANNER NET PAYROLL,653,1426847.89,1426847.89,ok,banner,,,
SENATOR MARIA CANTWELL,2012,SENATORS OFFICIAL PERSONNEL AND OFFICE EXPENSE ACCOUNT,653,BANNER ORGANIZATION TOTALS,653,1576069.61,1502982.82,warn,banner,,,banner_only_categories
SENATOR BENJAMIN L CARDIN,2010,SENATORS OFFICIAL PERSONNEL AND OFFICE EXPENSE ACCOUNT,671,BANNER NET PAYROLL,671,0.0,0.0,banner_missing,banner,,,
SENATOR BENJAMIN L CARDIN,2010,SENATORS OFFICIAL PERSONNEL AND OFFICE EXPENSE ACCOUNT,671,BANNER ORGANIZATION TOTALS,671,0.0,0.0,ok,banner,,,
SENATOR BENJAMIN L CARDIN,2011,SENATORS OFFICIAL PERSONNEL AND OFFICE EXPENSE ACCOUNT,672,BANNER NET PAYROLL,672,0.0,0.0,banner_missing,banner,,,
SENATOR BENJAMIN L CARDIN,2011,SENATORS OFFICIAL PERSONNEL AND OFFICE EXPENSE ACCOUNT,672,BANNER ORGANIZATION TOTALS,672,0.0,0.0,ok,banner,,,
SENATOR BENJAMIN L CARDIN,2012,SENATORS OFFICIAL PERSONNEL AND OFFICE EXPENSE ACCOUNT,673,TRAVEL AND TRANSPORTATION OF PERSONS,676,13676.02,1507505.37,fail,segment,source_mismatch,1507505.37,
SENATOR BENJAMIN L CARDIN,2012,SENATORS OFFICIAL PERSONNEL AND OFFICE EXPENSE ACCOUNT,673,OTHER CONTRACTUAL SERVICES,677,789.65,789.65,ok,segment,,,
SENATOR BENJAMIN L CARDIN,2012,SENATORS OFFICIAL PERSONNEL AND OFFICE EXPENSE ACCOUNT,673,ACQUISITION OF ASSETS,677,23.84,23.84,ok,segment,,,
SENATOR BENJAMIN L CARDIN,2012,SENATORS OFFICIAL PERSONNEL AND OFFICE EXPENSE ACCOUNT,673,OTHER PERSONNEL COMPENSATION,677,1395.22,0.0,component,payroll_component,,,
SENATOR BENJAMIN L CARDIN,2012,SENATORS OFFICIAL PERSONNEL AND OFFICE EXPENSE ACCOUNT,673,PERSONNEL COMP. FULL-TIME PERMANENT,677,1492434.13,0.0,component,payroll_component,,,
SENATOR BENJAMIN L CARDIN,2012,SENATORS OFFICIAL PERSONNEL AND OFFICE EXPENSE ACCOUNT,673,PERSONNEL BENEFITS,677,6966.8,0.0,component,payroll_component,,,
SENATOR BENJAMIN L CARDIN,2012,SENATORS OFFICIAL PERSONNEL AND OFFICE EXPENSE ACCOUNT,673,NET PAYROLL EXPENSES,677,1500796.15,6966.8,fail,segment,inconclusive,0.0,
SENATOR BENJAMIN L CARDIN,2012,SENATORS OFFICIAL PERSONNEL AND OFFICE EXPENSE ACCOUNT,673,BANNER NET PAYROLL,673,1500796.15,1500796.15,ok,banner,,,
SENATOR BENJAMIN L CARDIN,2012,SENATORS OFFICIAL PERSONNEL AND OFFICE EXPENSE ACCOUNT,673,BANNER ORGANIZATION TOTALS,673,1542451.87,1515285.66,warn,banner,,,banner_only_categories
SENATOR THOMAS R. CARPER,2010,SENATORS OFFICIAL PERSONNEL AND OFFICE EXPENSE ACCOUNT,678,BANNER NET PAYROLL,678,0.0,0.0,banner_missing,banner,,,
SENATOR THOMAS R. CARPER,2010,SENATORS OFFICIAL PERSONNEL AND OFFICE EXPENSE ACCOUNT,678,BANNER ORGANIZATION TOTALS,678,0.0,0.0,ok,banner,,,
SENATOR THOMAS R. CARPER,2011,SENATORS OFFICIAL PERSONNEL AND OFFICE EXPENSE ACCOUNT,679,TRAVEL AND TRANSPORTATION OF PERSONS,679,335.93,335.93,ok,segment,,,
SENATOR THOMAS R. CARPER,2011,SENATORS OFFICIAL PERSONNEL AND OFFICE EXPENSE ACCOUNT,679,BANNER NET PAYROLL,679,0.0,0.0,banner_missing,banner,,,
SENATOR THOMAS R. CARPER,2011,SENATORS OFFICIAL PERSONNEL AND OFFICE EXPENSE ACCOUNT,679,BANNER ORGANIZATION TOTALS,679,373.92,335.93,warn,banner,,,banner_only_categories
SENATOR THOMAS R. CARPER,2012,SENATORS OFFICIAL PERSONNEL AND OFFICE EXPENSE ACCOUNT,680,TRAVEL AND TRANSPORTATION OF PERSONS,694,34728.41,1331923.48,fail,segment,source_mismatch,1331923.48,
SENATOR THOMAS R. CARPER,2012,SENATORS OFFICIAL PERSONNEL AND OFFICE EXPENSE ACCOUNT,680,OTHER CONTRACTUAL SERVICES,694,320.8,320.8,ok,segment,,,
SENATOR THOMAS R. CARPER,2012,SENATORS OFFICIAL PERSONNEL AND OFFICE EXPENSE ACCOUNT,680,ACQUISITION OF ASSETS,694,4323.76,4323.76,ok,segment,,,
SENATOR THOMAS R. CARPER,2012,SENATORS OFFICIAL PERSONNEL AND OFFICE EXPENSE ACCOUNT,680,OTHER PERSONNEL COMPENSATION,695,4851.19,0.0,component,payroll_component,,,
SENATOR THOMAS R. CARPER,2012,SENATORS OFFICIAL PERSONNEL AND OFFICE EXPENSE ACCOUNT,680,PERSONNEL COMP. FULL-TIME PERMANENT,695,1292343.88,0.0,component,payroll_component,,,
SENATOR THOMAS R. CARPER,2012,SENATORS OFFICIAL PERSONNEL AND OFFICE EXPENSE ACCOUNT,680,PERSONNEL BENEFITS,695,5308.95,0.0,component,payroll_component,,,
SENATOR THOMAS R. CARPER,2012,SENATORS OFFICIAL PERSONNEL AND OFFICE EXPENSE ACCOUNT,680,NET PAYROLL EXPENSES,695,1302504.02,5308.95,fail,segment,inconclusive,0.0,
SENATOR THOMAS R. CARPER,2012,SENATORS OFFICIAL PERSONNEL AND OFFICE EXPENSE ACCOUNT,680,BANNER NET PAYROLL,680,1302504.02,1302504.02,ok,banner,,,
SENATOR THOMAS R. CARPER,2012,SENATORS OFFICIAL PERSONNEL AND OFFICE EXPENSE ACCOUNT,680,BANNER ORGANIZATION TOTALS,680,1377365.65,1341876.99,warn,banner,,,banner_only_categories
"SENATOR ROBERT CASEY, JR.",2010,SENATORS OFFICIAL PERSONNEL AND OFFICE EXPENSE ACCOUNT,696,BANNER NET PAYROLL,696,0.0,0.0,banner_missing,banner,,,
"SENATOR ROBERT CASEY, JR.",2010,SENATORS OFFICIAL PERSONNEL AND OFFICE EXPENSE ACCOUNT,696,BANNER ORGANIZATION TOTALS,696,0.0,0.0,ok,banner,,,
"SENATOR ROBERT CASEY, JR.",2011,SENATORS OFFICIAL PERSONNEL AND OFFICE EXPENSE ACCOUNT,697,TRAVEL AND TRANSPORTATION OF PERSONS,697,132.0,132.0,ok,segment,,,
"SENATOR ROBERT CASEY, JR.",2011,SENATORS OFFICIAL PERSONNEL AND OFFICE EXPENSE ACCOUNT,697,BANNER NET PAYROLL,697,0.0,0.0,banner_missing,banner,,,
"SENATOR ROBERT CASEY, JR.",2011,SENATORS OFFICIAL PERSONNEL AND OFFICE EXPENSE ACCOUNT,697,BANNER ORGANIZATION TOTALS,697,3.02,132.0,fail,banner,,,
"SENATOR ROBERT CASEY, JR.",2012,SENATORS OFFICIAL PERSONNEL AND OFFICE EXPENSE ACCOUNT,698,TRAVEL AND TRANSPORTATION OF PERSONS,710,51566.71,1662427.19,fail,segment,source_mismatch,1662427.19,
"SENATOR ROBERT CASEY, JR.",2012,SENATORS OFFICIAL PERSONNEL AND OFFICE EXPENSE ACCOUNT,698,OTHER CONTRACTUAL SERVICES,710,9926.1,9926.1,ok,segment,,,
"SENATOR ROBERT CASEY, JR.",2012,SENATORS OFFICIAL PERSONNEL AND OFFICE EXPENSE ACCOUNT,698,ACQUISITION OF ASSETS,710,689.9,689.9,ok,segment,,,
"SENATOR ROBERT CASEY, JR.",2012,SENATORS OFFICIAL PERSONNEL AND OFFICE EXPENSE ACCOUNT,698,OTHER PERSONNEL COMPENSATION,710,1704.79,0.0,component,payroll_component,,,
"SENATOR ROBERT CASEY, JR.",2012,SENATORS OFFICIAL PERSONNEL AND OFFICE EXPENSE ACCOUNT,698,PERSONNEL COMP. FULL-TIME PERMANENT,710,1609155.69,0.0,component,payroll_component,,,
"SENATOR ROBERT CASEY, JR.",2012,SENATORS OFFICIAL PERSONNEL AND OFFICE EXPENSE ACCOUNT,698,PERSONNEL BENEFITS,710,7883.3,0.0,component,payroll_component,,,
"SENATOR ROBERT CASEY, JR.",2012,SENATORS OFFICIAL PERSONNEL AND OFFICE EXPENSE ACCOUNT,698,NET PAYROLL EXPENSES,710,1618743.78,7883.3,fail,segment,inconclusive,0.0,
"SENATOR ROBERT CASEY, JR.",2012,SENATORS OFFICIAL PERSONNEL AND OFFICE EXPENSE ACCOUNT,698,BANNER NET PAYROLL,698,1618743.78,1618743.78,ok,banner,,,
"SENATOR ROBERT CASEY, JR.",2012,SENATORS OFFICIAL PERSONNEL AND OFFICE EXPENSE ACCOUNT,698,BANNER ORGANIZATION TOTALS,698,1729063.8,1680926.49,warn,banner,,,banner_only_categories
SENATOR SAXBY CHAMBLISS,2010,SENATORS OFFICIAL PERSONNEL AND OFFICE EXPENSE ACCOUNT,711,BANNER NET PAYROLL,711,0.0,0.0,banner_missing,banner,,,
SENATOR SAXBY CHAMBLISS,2010,SENATORS OFFICIAL PERSONNEL AND OFFICE EXPENSE ACCOUNT,711,BANNER ORGANIZATION TOTALS,711,0.0,0.0,ok,banner,,,
SENATOR SAXBY CHAMBLISS,2011,SENATORS OFFICIAL PERSONNEL AND OFFICE EXPENSE ACCOUNT,712,BANNER NET PAYROLL,712,0.0,0.0,banner_missing,banner,,,
SENATOR SAXBY CHAMBLISS,2011,SENATORS OFFICIAL PERSONNEL AND OFFICE EXPENSE ACCOUNT,712,BANNER ORGANIZATION TOTALS,712,0.0,0.0,ok,banner,,,
SENATOR SAXBY CHAMBLISS,2012,SENATORS OFFICIAL PERSONNEL AND OFFICE EXPENSE ACCOUNT,713,TRAVEL AND TRANSPORTATION OF PERSONS,742,113882.49,1369340.39,fail,segment,source_mismatch,1369340.39,
SENATOR SAXBY CHAMBLISS,2012,SENATORS OFFICIAL PERSONNEL AND OFFICE EXPENSE ACCOUNT,713,OTHER CONTRACTUAL SERVICES,743,1157.55,1157.55,ok,segment,,,
SENATOR SAXBY CHAMBLISS,2012,SENATORS OFFICIAL PERSONNEL AND OFFICE EXPENSE ACCOUNT,713,ACQUISITION OF ASSETS,743,1318.74,1318.74,ok,segment,,,
SENATOR SAXBY CHAMBLISS,2012,SENATORS OFFICIAL PERSONNEL AND OFFICE EXPENSE ACCOUNT,713,PERSONNEL COMP. FULL-TIME PERMANENT,743,1255457.9,0.0,component,payroll_component,,,
SENATOR SAXBY CHAMBLISS,2012,SENATORS OFFICIAL PERSONNEL AND OFFICE EXPENSE ACCOUNT,713,RE-EMPLOYED ANNUITANTS,743,1908.0,0.0,component,payroll_component,,,
SENATOR SAXBY CHAMBLISS,2012,SENATORS OFFICIAL PERSONNEL AND OFFICE EXPENSE ACCOUNT,713,PERSONNEL BENEFITS,743,2990.65,0.0,component,payroll_component,,,
SENATOR SAXBY CHAMBLISS,2012,SENATORS OFFICIAL PERSONNEL AND OFFICE EXPENSE ACCOUNT,713,NET PAYROLL EXPENSES,743,1260356.55,4898.65,fail,segment,inconclusive,0.0,
SENATOR SAXBY CHAMBLISS,2012,SENATORS OFFICIAL PERSONNEL AND OFFICE EXPENSE ACCOUNT,713,BANNER NET PAYROLL,713,1260356.55,1260356.55,ok,banner,,,
SENATOR SAXBY CHAMBLISS,2012,SENATORS OFFICIAL PERSONNEL AND OFFICE EXPENSE ACCOUNT,713,BANNER ORGANIZATION TOTALS,713,1424667.27,1376715.33,warn,banner,,,banner_only_categories
SENATOR DANIEL R. COATS,2011,SENATORS OFFICIAL PERSONNEL AND OFFICE EXPENSE ACCOUNT,744,TRAVEL AND TRANSPORTATION OF PERSONS,744,215.02,215.02,ok,segment,,,
SENATOR DANIEL R. COATS,2011,SENATORS OFFICIAL PERSONNEL AND OFFICE EXPENSE ACCOUNT,744,BANNER NET PAYROLL,744,0.0,0.0,banner_missing,banner,,,
SENATOR DANIEL R. COATS,2011,SENATORS OFFICIAL PERSONNEL AND OFFICE EXPENSE ACCOUNT,744,BANNER ORGANIZATION TOTALS,744,215.02,215.02,ok,banner,,,
SENATOR DANIEL R. COATS,2012,SENATORS OFFICIAL PERSONNEL AND OFFICE EXPENSE ACCOUNT,745,TRAVEL AND TRANSPORTATION OF PERSONS,759,78694.1,1354382.04,fail,segment,source_mismatch,1354382.04,
SENATOR DANIEL R. COATS,2012,SENATORS OFFICIAL PERSONNEL AND OFFICE EXPENSE ACCOUNT,745,OTHER CONTRACTUAL SERVICES,759,487.3,487.3,ok,segment,,,
SENATOR DANIEL R. COATS,2012,SENATORS OFFICIAL PERSONNEL AND OFFICE EXPENSE ACCOUNT,745,ACQUISITION OF ASSETS,759,6788.86,6788.86,ok,segment,,,
SENATOR DANIEL R. COATS,2012,SENATORS OFFICIAL PERSONNEL AND OFFICE EXPENSE ACCOUNT,745,PERSONNEL COMP. FULL-TIME PERMANENT,759,1275687.94,0.0,component,payroll_component,,,
SENATOR DANIEL R. COATS,2012,SENATORS OFFICIAL PERSONNEL AND OFFICE EXPENSE ACCOUNT,745,PERSONNEL BENEFITS,759,2653.05,0.0,component,payroll_component,,,
SENATOR DANIEL R. COATS,2012,SENATORS OFFICIAL PERSONNEL AND OFFICE EXPENSE ACCOUNT,745,NET PAYROLL EXPENSES,759,1278340.99,2653.05,fail,segment,inconclusive,0.0,
SENATOR DANIEL R. COATS,2012,SENATORS OFFICIAL PERSONNEL AND OFFICE EXPENSE ACCOUNT,745,BANNER NET PAYROLL,745,1278340.99,1278340.99,ok,banner,,,
SENATOR DANIEL R. COATS,2012,SENATORS OFFICIAL PERSONNEL AND OFFICE EXPENSE ACCOUNT,745,BANNER ORGANIZATION TOTALS,745,1399342.0,1364311.25,warn,banner,,,banner_only_categories
SENATOR TOM COBURN,2010,SENATORS OFFICIAL PERSONNEL AND OFFICE EXPENSE ACCOUNT,760,BANNER NET PAYROLL,760,0.0,0.0,banner_missing,banner,,,
SENATOR TOM COBURN,2010,SENATORS OFFICIAL PERSONNEL AND OFFICE EXPENSE ACCOUNT,760,BANNER ORGANIZATION TOTALS,760,0.0,0.0,ok,banner,,,
SENATOR TOM COBURN,2011,SENATORS OFFICIAL PERSONNEL AND OFFICE EXPENSE ACCOUNT,761,BANNER NET PAYROLL,761,0.0,0.0,banner_missing,banner,,,
SENATOR TOM COBURN,2011,SENATORS OFFICIAL PERSONNEL AND OFFICE EXPENSE ACCOUNT,761,BANNER ORGANIZATION TOTALS,761,0.0,0.0,ok,banner,,,
SENATOR TOM COBURN,2012,SENATORS OFFICIAL PERSONNEL AND OFFICE EXPENSE ACCOUNT,762,TRAVEL AND TRANSPORTATION OF PERSONS,779,45542.31,1328422.11,fail,segment,source_mismatch,1328422.11,
SENATOR TOM COBURN,2012,SENATORS OFFICIAL PERSONNEL AND OFFICE EXPENSE ACCOUNT,762,OTHER CONTRACTUAL SERVICES,779,2540.6,2540.6,ok,segment,,,
SENATOR TOM COBURN,2012,SENATORS OFFICIAL PERSONNEL AND OFFICE EXPENSE ACCOUNT,762,ACQUISITION OF ASSETS,779,1364.73,1364.73,ok,segment,,,
SENATOR TOM COBURN,2012,SENATORS OFFICIAL PERSONNEL AND OFFICE EXPENSE ACCOUNT,762,PERSONNEL COMP. FULL-TIME PERMANENT,779,1282879.8,0.0,component,payroll_component,,,
SENATOR TOM COBURN,2012,SENATORS OFFICIAL PERSONNEL AND OFFICE EXPENSE ACCOUNT,762,NET PAYROLL EXPENSES,779,1282879.8,0.0,zero_records,segment,,,
SENATOR TOM COBURN,2012,SENATORS OFFICIAL PERSONNEL AND OFFICE EXPENSE ACCOUNT,762,BANNER NET PAYROLL,762,1282879.8,1282879.8,ok,banner,,,
SENATOR TOM COBURN,2012,SENATORS OFFICIAL PERSONNEL AND OFFICE EXPENSE ACCOUNT,762,BANNER ORGANIZATION TOTALS,762,1357293.8,1332327.44,warn,banner,,,banner_only_categories
SENATOR THAD COCHRAN,2010,SENATORS OFFICIAL PERSONNEL AND OFFICE EXPENSE ACCOUNT,780,BANNER NET PAYROLL,780,0.0,0.0,banner_missing,banner,,,
SENATOR THAD COCHRAN,2010,SENATORS OFFICIAL PERSONNEL AND OFFICE EXPENSE ACCOUNT,780,BANNER ORGANIZATION TOTALS,780,0.0,0.0,ok,banner,,,
SENATOR THAD COCHRAN,2011,SENATORS OFFICIAL PERSONNEL AND OFFICE EXPENSE ACCOUNT,781,TRAVEL AND TRANSPORTATION OF PERSONS,781,2030.62,2030.62,ok,segment,,,
SENATOR THAD COCHRAN,2011,SENATORS OFFICIAL PERSONNEL AND OFFICE EXPENSE ACCOUNT,781,BANNER NET PAYROLL,781,0.0,0.0,banner_missing,banner,,,
SENATOR THAD COCHRAN,2011,SENATORS OFFICIAL PERSONNEL AND OFFICE EXPENSE ACCOUNT,781,BANNER ORGANIZATION TOTALS,781,2105.55,2030.62,warn,banner,,,banner_only_categories
SENATOR THAD COCHRAN,2012,SENATORS OFFICIAL PERSONNEL AND OFFICE EXPENSE ACCOUNT,782,TRAVEL AND TRANSPORTATION OF PERSONS,792,77805.8,1500910.96,fail,segment,source_mismatch,1500910.96,
SENATOR THAD COCHRAN,2012,SENATORS OFFICIAL PERSONNEL AND OFFICE EXPENSE ACCOUNT,782,OTHER CONTRACTUAL SERVICES,792,1108.8,1108.8,ok,segment,,,
SENATOR THAD COCHRAN,2012,SENATORS OFFICIAL PERSONNEL AND OFFICE EXPENSE ACCOUNT,782,OTHER PERSONNEL COMPENSATION,792,105.27,0.0,component,payroll_component,,,
SENATOR THAD COCHRAN,2012,SENATORS OFFICIAL PERSONNEL AND OFFICE EXPENSE ACCOUNT,782,PERSONNEL COMP. FULL-TIME PERMANENT,792,1362999.89,0.0,component,payroll_component,,,
SENATOR THAD COCHRAN,2012,SENATORS OFFICIAL PERSONNEL AND OFFICE EXPENSE ACCOUNT,782,NET PAYROLL EXPENSES,792,1363105.16,0.0,zero_records,segment,,,
SENATOR THAD COCHRAN,2012,SENATORS OFFICIAL PERSONNEL AND OFFICE EXPENSE ACCOUNT,782,BANNER NET PAYROLL,782,1363105.16,1363105.16,ok,banner,,,
SENATOR THAD COCHRAN,2012,SENATORS OFFICIAL PERSONNEL AND OFFICE EXPENSE ACCOUNT,782,BANNER ORGANIZATION TOTALS,782,1484335.71,1502019.76,fail,banner,,,
SENATOR SUSAN M. COLLINS,2010,SENATORS OFFICIAL PERSONNEL AND OFFICE EXPENSE ACCOUNT,793,OTHER CONTRACTUAL SERVICES,793,246.76,246.76,ok,segment,,,
SENATOR SUSAN M. COLLINS,2010,SENATORS OFFICIAL PERSONNEL AND OFFICE EXPENSE ACCOUNT,793,BANNER NET PAYROLL,793,0.0,0.0,banner_missing,banner,,,
SENATOR SUSAN M. COLLINS,2010,SENATORS OFFICIAL PERSONNEL AND OFFICE EXPENSE ACCOUNT,793,BANNER ORGANIZATION TOTALS,793,246.76,246.76,ok,banner,,,
SENATOR SUSAN M. COLLINS,2011,SENATORS OFFICIAL PERSONNEL AND OFFICE EXPENSE ACCOUNT,794,TRAVEL AND TRANSPORTATION OF PERSONS,794,133.91,133.91,ok,segment,,,
SENATOR SUSAN M. COLLINS,2011,SENATORS OFFICIAL PERSONNEL AND OFFICE EXPENSE ACCOUNT,794,BANNER NET PAYROLL,794,0.0,0.0,banner_missing,banner,,,
SENATOR SUSAN M. COLLINS,2011,SENATORS OFFICIAL PERSONNEL AND OFFICE EXPENSE ACCOUNT,794,BANNER ORGANIZATION TOTALS,794,133.91,133.91,ok,banner,,,
SENATOR SUSAN M. COLLINS,2012,SENATORS OFFICIAL PERSONNEL AND OFFICE EXPENSE ACCOUNT,795,TRAVEL AND TRANSPORTATION OF PERSONS,818,69819.76,1336674.38,fail,segment,source_mismatch,1336674.38,
SENATOR SUSAN M. COLLINS,2012,SENATORS OFFICIAL PERSONNEL AND OFFICE EXPENSE ACCOUNT,795,OTHER CONTRACTUAL SERVICES,819,5293.0,5293.0,ok,segment,,,
SENATOR SUSAN M. COLLINS,2012,SENATORS OFFICIAL PERSONNEL AND OFFICE EXPENSE ACCOUNT,795,ACQUISITION OF ASSETS,819,560.58,560.58,ok,segment,,,
SENATOR SUSAN M. COLLINS,2012,SENATORS OFFICIAL PERSONNEL AND OFFICE EXPENSE ACCOUNT,795,OTHER PERSONNEL COMPENSATION,819,25484.97,0.0,component,payroll_component,,,
SENATOR SUSAN M. COLLINS,2012,SENATORS OFFICIAL PERSONNEL AND OFFICE EXPENSE ACCOUNT,795,PERSONNEL COMP. FULL-TIME PERMANENT,819,1241369.65,0.0,component,payroll_component,,,
SENATOR SUSAN M. COLLINS,2012,SENATORS OFFICIAL PERSONNEL AND OFFICE EXPENSE ACCOUNT,795,PERSONNEL BENEFITS,819,6536.0,0.0,component,payroll_component,,,
SENATOR SUSAN M. COLLINS,2012,SENATORS OFFICIAL PERSONNEL AND OFFICE EXPENSE ACCOUNT,795,NET PAYROLL EXPENSES,819,1273390.62,6536.0,fail,segment,inconclusive,0.0,
SENATOR SUSAN M. COLLINS,2012,SENATORS OFFICIAL PERSONNEL AND OFFICE EXPENSE ACCOUNT,795,BANNER NET PAYROLL,795,1273390.62,1273390.62,ok,banner,,,
SENATOR SUSAN M. COLLINS,2012,SENATORS OFFICIAL PERSONNEL AND OFFICE EXPENSE ACCOUNT,795,BANNER ORGANIZATION TOTALS,795,1442794.74,1349063.96,warn,banner,,,banner_only_categories
SENATOR KENT CONRAD,2010,SENATORS OFFICIAL PERSONNEL AND OFFICE EXPENSE ACCOUNT,820,BANNER NET PAYROLL,820,0.0,0.0,banner_missing,banner,,,
SENATOR KENT CONRAD,2010,SENATORS OFFICIAL PERSONNEL AND OFFICE EXPENSE ACCOUNT,820,BANNER ORGANIZATION TOTALS,820,0.0,0.0,ok,banner,,,
SENATOR KENT CONRAD,2011,SENATORS OFFICIAL PERSONNEL AND OFFICE EXPENSE ACCOUNT,821,BANNER NET PAYROLL,821,0.0,0.0,banner_missing,banner,,,
SENATOR KENT CONRAD,2011,SENATORS OFFICIAL PERSONNEL AND OFFICE EXPENSE ACCOUNT,821,BANNER ORGANIZATION TOTALS,821,0.0,0.0,ok,banner,,,
SENATOR KENT CONRAD,2012,SENATORS OFFICIAL PERSONNEL AND OFFICE EXPENSE ACCOUNT,822,TRAVEL AND TRANSPORTATION OF PERSONS,827,38175.01,1366051.32,fail,segment,source_mismatch,1366051.32,
SENATOR KENT CONRAD,2012,SENATORS OFFICIAL PERSONNEL AND OFFICE EXPENSE ACCOUNT,822,OTHER CONTRACTUAL SERVICES,827,1223.5,1223.5,ok,segment,,,
SENATOR KENT CONRAD,2012,SENATORS OFFICIAL PERSONNEL AND OFFICE EXPENSE ACCOUNT,822,ACQUISITION OF ASSETS,827,68.42,68.42,ok,segment,,,
SENATOR KENT CONRAD,2012,SENATORS OFFICIAL PERSONNEL AND OFFICE EXPENSE ACCOUNT,822,OTHER PERSONNEL COMPENSATION,827,230.71,0.0,component,payroll_component,,,
SENATOR KENT CONRAD,2012,SENATORS OFFICIAL PERSONNEL AND OFFICE EXPENSE ACCOUNT,822,PERSONNEL COMP. FULL-TIME PERMANENT,827,1327645.6,0.0,component,payroll_component,,,
SENATOR KENT CONRAD,2012,SENATORS OFFICIAL PERSONNEL AND OFFICE EXPENSE ACCOUNT,822,PERSONNEL BENEFITS,827,5955.15,0.0,component,payroll_component,,,
SENATOR KENT CONRAD,2012,SENATORS OFFICIAL PERSONNEL AND OFFICE EXPENSE ACCOUNT,822,NET PAYROLL EXPENSES,827,1333831.46,5955.15,fail,segment,inconclusive,0.0,
SENATOR KENT CONRAD,2012,SENATORS OFFICIAL PERSONNEL AND OFFICE EXPENSE ACCOUNT,822,BANNER NET PAYROLL,822,1333831.46,1333831.46,ok,banner,,,
SENATOR KENT CONRAD,2012,SENATORS OFFICIAL PERSONNEL AND OFFICE EXPENSE ACCOUNT,822,BANNER ORGANIZATION TOTALS,822,1401079.47,1373298.39,warn,banner,,,banner_only_categories
SENATOR CHRISTOPHER A. COONS,2011,SENATORS OFFICIAL PERSONNEL AND OFFICE EXPENSE ACCOUNT,828,BANNER NET PAYROLL,828,0.0,0.0,banner_missing,banner,,,
SENATOR CHRISTOPHER A. COONS,2011,SENATORS OFFICIAL PERSONNEL AND OFFICE EXPENSE ACCOUNT,828,BANNER ORGANIZATION TOTALS,828,0.0,0.0,ok,banner,,,
SENATOR CHRISTOPHER A. COONS,2012,SENATORS OFFICIAL PERSONNEL AND OFFICE EXPENSE ACCOUNT,829,TRAVEL AND TRANSPORTATION OF PERSONS,840,36920.57,1314504.74,fail,segment,source_mismatch,1314504.74,
SENATOR CHRISTOPHER A. COONS,2012,SENATORS OFFICIAL PERSONNEL AND OFFICE EXPENSE ACCOUNT,829,OTHER CONTRACTUAL SERVICES,840,179.9,179.9,ok,segment,,,
SENATOR CHRISTOPHER A. COONS,2012,SENATORS OFFICIAL PERSONNEL AND OFFICE EXPENSE ACCOUNT,829,ACQUISITION OF ASSETS,840,1095.44,1095.44,ok,segment,,,
SENATOR CHRISTOPHER A. COONS,2012,SENATORS OFFICIAL PERSONNEL AND OFFICE EXPENSE ACCOUNT,829,OTHER PERSONNEL COMPENSATION,840,937.89,0.0,component,payroll_component,,,
SENATOR CHRISTOPHER A. COONS,2012,SENATORS OFFICIAL PERSONNEL AND OFFICE EXPENSE ACCOUNT,829,PERSONNEL COMP. FULL-TIME PERMANENT,840,1276646.28,0.0,component,payroll_component,,,
SENATOR CHRISTOPHER A. COONS,2012,SENATORS OFFICIAL PERSONNEL AND OFFICE EXPENSE ACCOUNT,829,PERSONNEL BENEFITS,840,4755.35,0.0,component,payroll_component,,,
SENATOR CHRISTOPHER A. COONS,2012,SENATORS OFFICIAL PERSONNEL AND OFFICE EXPENSE ACCOUNT,829,NET PAYROLL EXPENSES,840,1282339.52,4755.35,fail,segment,inconclusive,0.0,
SENATOR CHRISTOPHER A. COONS,2012,SENATORS OFFICIAL PERSONNEL AND OFFICE EXPENSE ACCOUNT,829,BANNER NET PAYROLL,829,1282339.52,1282339.52,ok,banner,,,
SENATOR CHRISTOPHER A. COONS,2012,SENATORS OFFICIAL PERSONNEL AND OFFICE EXPENSE ACCOUNT,829,BANNER ORGANIZATION TOTALS,829,1357188.24,1320535.43,warn,banner,,,banner_only_categories
SENATOR BOB CORKER,2010,SENATORS OFFICIAL PERSONNEL AND OFFICE EXPENSE ACCOUNT,841,BANNER NET PAYROLL,841,0.0,0.0,banner_missing,banner,,,
SENATOR BOB CORKER,2010,SENATORS OFFICIAL PERSONNEL AND OFFICE EXPENSE ACCOUNT,841,BANNER ORGANIZATION TOTALS,841,0.0,0.0,ok,banner,,,
SENATOR BOB CORKER,2011,SENATORS OFFICIAL PERSONNEL AND OFFICE EXPENSE ACCOUNT,842,BANNER NET PAYROLL,842,0.0,0.0,banner_missing,banner,,,
SENATOR BOB CORKER,2011,SENATORS OFFICIAL PERSONNEL AND OFFICE EXPENSE ACCOUNT,842,BANNER ORGANIZATION TOTALS,842,0.0,0.0,ok,banner,,,
SENATOR BOB CORKER,2012,SENATORS OFFICIAL PERSONNEL AND OFFICE EXPENSE ACCOUNT,843,TRAVEL AND TRANSPORTATION OF PERSONS,859,78872.63,1311685.29,fail,segment,source_mismatch,1311685.29,
SENATOR BOB CORKER,2012,SENATORS OFFICIAL PERSONNEL AND OFFICE EXPENSE ACCOUNT,843,OTHER CONTRACTUAL SERVICES,859,4225.65,4225.65,ok,segment,,,
SENATOR BOB CORKER,2012,SENATORS OFFICIAL PERSONNEL AND OFFICE EXPENSE ACCOUNT,843,ACQUISITION OF ASSETS,860,1921.53,1921.53,ok,segment,,,
SENATOR BOB CORKER,2012,SENATORS OFFICIAL PERSONNEL AND OFFICE EXPENSE ACCOUNT,843,OTHER PERSONNEL COMPENSATION,860,3412.46,0.0,component,payroll_component,,,
SENATOR BOB CORKER,2012,SENATORS OFFICIAL PERSONNEL AND OFFICE EXPENSE ACCOUNT,843,PERSONNEL COMP. FULL-TIME PERMANENT,860,1229400.2,0.0,component,payroll_component,,,
SENATOR BOB CORKER,2012,SENATORS OFFICIAL PERSONNEL AND OFFICE EXPENSE ACCOUNT,843,PERSONNEL BENEFITS,860,1746.1,0.0,component,payroll_component,,,
SENATOR BOB CORKER,2012,SENATORS OFFICIAL PERSONNEL AND OFFICE EXPENSE ACCOUNT,843,NET PAYROLL EXPENSES,860,1234558.76,1746.1,fail,segment,inconclusive,0.0,
SENATOR BOB CORKER,2012,SENATORS OFFICIAL PERSONNEL AND OFFICE EXPENSE ACCOUNT,843,BANNER NET PAYROLL,843,1234558.76,1234558.76,ok,banner,,,
SENATOR BOB CORKER,2012,SENATORS OFFICIAL PERSONNEL AND OFFICE EXPENSE ACCOUNT,843,BANNER ORGANIZATION TOTALS,843,1399305.5,1319578.57,warn,banner,,,banner_only_categories
SENATOR JOHN CORNYN,2010,SENATORS OFFICIAL PERSONNEL AND OFFICE EXPENSE ACCOUNT,861,ACQUISITION OF ASSETS,861,314.46,314.46,ok,segment,,,
SENATOR JOHN CORNYN,2010,SENATORS OFFICIAL PERSONNEL AND OFFICE EXPENSE ACCOUNT,861,BANNER NET PAYROLL,861,0.0,0.0,banner_missing,banner,,,
SENATOR JOHN CORNYN,2010,SENATORS OFFICIAL PERSONNEL AND OFFICE EXPENSE ACCOUNT,861,BANNER ORGANIZATION TOTALS,861,314.46,314.46,ok,banner,,,
SENATOR JOHN CORNYN,2011,SENATORS OFFICIAL PERSONNEL AND OFFICE EXPENSE ACCOUNT,862,BANNER NET PAYROLL,862,0.0,0.0,banner_missing,banner,,,
SENATOR JOHN CORNYN,2011,SENATORS OFFICIAL PERSONNEL AND OFFICE EXPENSE ACCOUNT,862,BANNER ORGANIZATION TOTALS,862,314.74,0.0,warn,banner,,,banner_only_categories
SENATOR JOHN CORNYN,2012,SENATORS OFFICIAL PERSONNEL AND OFFICE EXPENSE ACCOUNT,863,TRAVEL AND TRANSPORTATION OF PERSONS,874,98861.83,1833304.26,fail,segment,source_mismatch,1833304.26,
SENATOR JOHN CORNYN,2012,SENATORS OFFICIAL PERSONNEL AND OFFICE EXPENSE ACCOUNT,863,OTHER CONTRACTUAL SERVICES,874,4058.2,4058.2,ok,segment,,,
SENATOR JOHN CORNYN,2012,SENATORS OFFICIAL PERSONNEL AND OFFICE EXPENSE ACCOUNT,863,ACQUISITION OF ASSETS,874,74318.68,74318.68,ok,segment,,,
SENATOR JOHN CORNYN,2012,SENATORS OFFICIAL PERSONNEL AND OFFICE EXPENSE ACCOUNT,863,OTHER PERSONNEL COMPENSATION,875,7434.45,0.0,component,payroll_component,,,
SENATOR JOHN CORNYN,2012,SENATORS OFFICIAL PERSONNEL AND OFFICE EXPENSE ACCOUNT,863,PERSONNEL COMP. FULL-TIME PERMANENT,875,1727007.98,0.0,component,payroll_component,,,
SENATOR JOHN CORNYN,2012,SENATORS OFFICIAL PERSONNEL AND OFFICE EXPENSE ACCOUNT,863,PERSONNEL BENEFITS,875,2901.2,0.0,component,payroll_component,,,
SENATOR JOHN CORNYN,2012,SENATORS OFFICIAL PERSONNEL AND OFFICE EXPENSE ACCOUNT,863,NET PAYROLL EXPENSES,875,1737343.63,2901.2,fail,segment,inconclusive,0.0,
SENATOR JOHN CORNYN,2012,SENATORS OFFICIAL PERSONNEL AND OFFICE EXPENSE ACCOUNT,863,BANNER NET PAYROLL,863,1737343.63,1737343.63,ok,banner,,,
SENATOR JOHN CORNYN,2012,SENATORS OFFICIAL PERSONNEL AND OFFICE EXPENSE ACCOUNT,863,BANNER ORGANIZATION TOTALS,863,2009280.41,1914582.34,warn,banner,,,banner_only_categories
SENATOR MICHAEL D. CRAPO,2010,SENATORS OFFICIAL PERSONNEL AND OFFICE EXPENSE ACCOUNT,876,BANNER NET PAYROLL,876,0.0,0.0,banner_missing,banner,,,
SENATOR MICHAEL D. CRAPO,2010,SENATORS OFFICIAL PERSONNEL AND OFFICE EXPENSE ACCOUNT,876,BANNER ORGANIZATION TOTALS,876,0.0,0.0,ok,banner,,,
SENATOR MICHAEL D. CRAPO,2011,SENATORS OFFICIAL PERSONNEL AND OFFICE EXPENSE ACCOUNT,877,BANNER NET PAYROLL,877,0.0,0.0,banner_missing,banner,,,
SENATOR MICHAEL D. CRAPO,2011,SENATORS OFFICIAL PERSONNEL AND OFFICE EXPENSE ACCOUNT,877,BANNER ORGANIZATION TOTALS,877,250.02,0.0,warn,banner,,,banner_only_categories
SENATOR MICHAEL D. CRAPO,2012,SENATORS OFFICIAL PERSONNEL AND OFFICE EXPENSE ACCOUNT,878,TRAVEL AND TRANSPORTATION OF PERSONS,887,65891.9,1588402.48,fail,segment,source_mismatch,1588402.48,
SENATOR MICHAEL D. CRAPO,2012,SENATORS OFFICIAL PERSONNEL AND OFFICE EXPENSE ACCOUNT,878,OTHER CONTRACTUAL SERVICES,887,1057.84,1057.84,ok,segment,,,
SENATOR MICHAEL D. CRAPO,2012,SENATORS OFFICIAL PERSONNEL AND OFFICE EXPENSE ACCOUNT,878,ACQUISITION OF ASSETS,887,9017.69,9017.69,ok,segment,,,
SENATOR MICHAEL D. CRAPO,2012,SENATORS OFFICIAL PERSONNEL AND OFFICE EXPENSE ACCOUNT,878,PERSONNEL COMP. FULL-TIME PERMANENT,887,1522510.58,0.0,component,payroll_component,,,
SENATOR MICHAEL D. CRAPO,2012,SENATORS OFFICIAL PERSONNEL AND OFFICE EXPENSE ACCOUNT,878,PERSONNEL BENEFITS,887,2507.5,0.0,component,payroll_component,,,
SENATOR MICHAEL D. CRAPO,2012,SENATORS OFFICIAL PERSONNEL AND OFFICE EXPENSE ACCOUNT,878,NET PAYROLL EXPENSES,887,1525018.08,2507.5,fail,segment,inconclusive,0.0,
SENATOR MICHAEL D. CRAPO,2012,SENATORS OFFICIAL PERSONNEL AND OFFICE EXPENSE ACCOUNT,878,BANNER NET PAYROLL,878,1525018.08,1525018.08,ok,banner,,,
SENATOR MICHAEL D. CRAPO,2012,SENATORS OFFICIAL PERSONNEL AND OFFICE EXPENSE ACCOUNT,878,BANNER ORGANIZATION TOTALS,878,1622555.1,1600985.51,warn,banner,,,banner_only_categories
SENATOR JIM DEMINT,2010,SENATORS OFFICIAL PERSONNEL AND OFFICE EXPENSE ACCOUNT,888,BANNER NET PAYROLL,888,0.0,0.0,banner_missing,banner,,,
SENATOR JIM DEMINT,2010,SENATORS OFFICIAL PERSONNEL AND OFFICE EXPENSE ACCOUNT,888,BANNER ORGANIZATION TOTALS,888,0.0,0.0,ok,banner,,,
SENATOR JIM DEMINT,2011,SENATORS OFFICIAL PERSONNEL AND OFFICE EXPENSE ACCOUNT,889,ACQUISITION OF ASSETS,889,60.0,60.0,ok,segment,,,
SENATOR JIM DEMINT,2011,SENATORS OFFICIAL PERSONNEL AND OFFICE EXPENSE ACCOUNT,889,BANNER NET PAYROLL,889,0.0,0.0,banner_missing,banner,,,
SENATOR JIM DEMINT,2011,SENATORS OFFICIAL PERSONNEL AND OFFICE EXPENSE ACCOUNT,889,BANNER ORGANIZATION TOTALS,889,20.5,60.0,fail,banner,,,
SENATOR JIM DEMINT,2012,SENATORS OFFICIAL PERSONNEL AND OFFICE EXPENSE ACCOUNT,890,TRAVEL AND TRANSPORTATION OF PERSONS,898,70118.92,1438284.09,fail,segment,source_mismatch,1438284.09,
SENATOR JIM DEMINT,2012,SENATORS OFFICIAL PERSONNEL AND OFFICE EXPENSE ACCOUNT,890,OTHER CONTRACTUAL SERVICES,898,3312.84,3312.84,ok,segment,,,
SENATOR JIM DEMINT,2012,SENATORS OFFICIAL PERSONNEL AND OFFICE EXPENSE ACCOUNT,890,ACQUISITION OF ASSETS,898,1402.69,1402.69,ok,segment,,,
SENATOR JIM DEMINT,2012,SENATORS OFFICIAL PERSONNEL AND OFFICE EXPENSE ACCOUNT,890,PERSONNEL COMP. FULL-TIME PERMANENT,898,1368165.17,0.0,component,payroll_component,,,
SENATOR JIM DEMINT,2012,SENATORS OFFICIAL PERSONNEL AND OFFICE EXPENSE ACCOUNT,890,PERSONNEL BENEFITS,898,3127.65,0.0,component,payroll_component,,,
SENATOR JIM DEMINT,2012,SENATORS OFFICIAL PERSONNEL AND OFFICE EXPENSE ACCOUNT,890,NET PAYROLL EXPENSES,898,1371292.82,3127.65,fail,segment,inconclusive,0.0,
SENATOR JIM DEMINT,2012,SENATORS OFFICIAL PERSONNEL AND OFFICE EXPENSE ACCOUNT,890,BANNER NET PAYROLL,890,1371292.82,1371292.82,ok,banner,,,
SENATOR JIM DEMINT,2012,SENATORS OFFICIAL PERSONNEL AND OFFICE EXPENSE ACCOUNT,890,BANNER ORGANIZATION TOTALS,890,1498246.58,1446127.27,warn,banner,,,banner_only_categories
SENATOR CHRISTOPHER J. DODD,2010,SENATORS OFFICIAL PERSONNEL AND OFFICE EXPENSE ACCOUNT,899,BANNER NET PAYROLL,899,0.0,0.0,banner_missing,banner,,,
SENATOR CHRISTOPHER J. DODD,2010,SENATORS OFFICIAL PERSONNEL AND OFFICE EXPENSE ACCOUNT,899,BANNER ORGANIZATION TOTALS,899,0.0,0.0,ok,banner,,,
SENATOR CHRISTOPHER J. DODD,2011,SENATORS OFFICIAL PERSONNEL AND OFFICE EXPENSE ACCOUNT,900,BANNER NET PAYROLL,900,0.0,0.0,banner_missing,banner,,,
SENATOR CHRISTOPHER J. DODD,2011,SENATORS OFFICIAL PERSONNEL AND OFFICE EXPENSE ACCOUNT,900,BANNER ORGANIZATION TOTALS,900,0.0,0.0,ok,banner,,,
SENATOR BYRON L. DORGAN,2010,SENATORS OFFICIAL PERSONNEL AND OFFICE EXPENSE ACCOUNT,901,BANNER NET PAYROLL,901,0.0,0.0,banner_missing,banner,,,
SENATOR BYRON L. DORGAN,2010,SENATORS OFFICIAL PERSONNEL AND OFFICE EXPENSE ACCOUNT,901,BANNER ORGANIZATION TOTALS,901,0.0,0.0,ok,banner,,,
SENATOR BYRON L. DORGAN,2011,SENATORS OFFICIAL PERSONNEL AND OFFICE EXPENSE ACCOUNT,902,BANNER NET PAYROLL,902,0.0,0.0,banner_missing,banner,,,
SENATOR BYRON L. DORGAN,2011,SENATORS OFFICIAL PERSONNEL AND OFFICE EXPENSE ACCOUNT,902,BANNER ORGANIZATION TOTALS,902,0.0,0.0,ok,banner,,,
SENATOR RICHARD J. DURBIN,2010,SENATORS OFFICIAL PERSONNEL AND OFFICE EXPENSE ACCOUNT,903,BANNER NET PAYROLL,903,0.0,0.0,banner_missing,banner,,,
SENATOR RICHARD J. DURBIN,2010,SENATORS OFFICIAL PERSONNEL AND OFFICE EXPENSE ACCOUNT,903,BANNER ORGANIZATION TOTALS,903,0.0,0.0,ok,banner,,,
SENATOR RICHARD J. DURBIN,2011,SENATORS OFFICIAL PERSONNEL AND OFFICE EXPENSE ACCOUNT,904,TRAVEL AND TRANSPORTATION OF PERSONS,904,183.38,183.38,ok,segment,,,
SENATOR RICHARD J. DURBIN,2011,SENATORS OFFICIAL PERSONNEL AND OFFICE EXPENSE ACCOUNT,904,OTHER CONTRACTUAL SERVICES,904,4206.0,4206.0,ok,segment,,,
SENATOR RICHARD J. DURBIN,2011,SENATORS OFFICIAL PERSONNEL AND OFFICE EXPENSE ACCOUNT,904,BANNER NET PAYROLL,904,0.0,0.0,banner_missing,banner,,,
SENATOR RICHARD J. DURBIN,2011,SENATORS OFFICIAL PERSONNEL AND OFFICE EXPENSE ACCOUNT,904,BANNER ORGANIZATION TOTALS,904,4345.02,4389.38,fail,banner,,,
SENATOR RICHARD J. DURBIN,2012,SENATORS OFFICIAL PERSONNEL AND OFFICE EXPENSE ACCOUNT,905,TRAVEL AND TRANSPORTATION OF PERSONS,920,75548.17,1491622.32,fail,segment,source_mismatch,1491622.32,
SENATOR RICHARD J. DURBIN,2012,SENATORS OFFICIAL PERSONNEL AND OFFICE EXPENSE ACCOUNT,905,OTHER CONTRACTUAL SERVICES,921,5954.01,5954.01,ok,segment,,,
SENATOR RICHARD J. DURBIN,2012,SENATORS OFFICIAL PERSONNEL AND OFFICE EXPENSE ACCOUNT,905,ACQUISITION OF ASSETS,921,27365.94,27365.94,ok,segment,,,
SENATOR RICHARD J. DURBIN,2012,SENATORS OFFICIAL PERSONNEL AND OFFICE EXPENSE ACCOUNT,905,PERSONNEL COMP. FULL-TIME PERMANENT,921,1416074.15,0.0,component,payroll_component,,,
SENATOR RICHARD J. DURBIN,2012,SENATORS OFFICIAL PERSONNEL AND OFFICE EXPENSE ACCOUNT,905,PERSONNEL BENEFITS,921,13411.96,0.0,component,payroll_component,,,
SENATOR RICHARD J. DURBIN,2012,SENATORS OFFICIAL PERSONNEL AND OFFICE EXPENSE ACCOUNT,905,NET PAYROLL EXPENSES,921,1429486.11,13411.96,fail,segment,inconclusive,0.0,
SENATOR RICHARD J. DURBIN,2012,SENATORS OFFICIAL PERSONNEL AND OFFICE EXPENSE ACCOUNT,905,BANNER NET PAYROLL,905,1429486.11,1429486.11,ok,banner,,,
SENATOR RICHARD J. DURBIN,2012,SENATORS OFFICIAL PERSONNEL AND OFFICE EXPENSE ACCOUNT,905,BANNER ORGANIZATION TOTALS,905,1583183.13,1538354.23,warn,banner,,,banner_only_categories
SENATOR JOHN ENSIGN,2010,SENATORS OFFICIAL PERSONNEL AND OFFICE EXPENSE ACCOUNT,922,BANNER NET PAYROLL,922,0.0,0.0,banner_missing,banner,,,
SENATOR JOHN ENSIGN,2010,SENATORS OFFICIAL PERSONNEL AND OFFICE EXPENSE ACCOUNT,922,BANNER ORGANIZATION TOTALS,922,0.0,0.0,ok,banner,,,
SENATOR JOHN ENSIGN,2011,SENATORS OFFICIAL PERSONNEL AND OFFICE EXPENSE ACCOUNT,923,BANNER NET PAYROLL,923,0.0,0.0,banner_missing,banner,,,
SENATOR JOHN ENSIGN,2011,SENATORS OFFICIAL PERSONNEL AND OFFICE EXPENSE ACCOUNT,923,BANNER ORGANIZATION TOTALS,923,242.37,0.0,warn,banner,,,banner_only_categories
SENATOR MICHAEL B. ENZI,2010,SENATORS OFFICIAL PERSONNEL AND OFFICE EXPENSE ACCOUNT,924,BANNER NET PAYROLL,924,0.0,0.0,banner_missing,banner,,,
SENATOR MICHAEL B. ENZI,2010,SENATORS OFFICIAL PERSONNEL AND OFFICE EXPENSE ACCOUNT,924,BANNER ORGANIZATION TOTALS,924,0.0,0.0,ok,banner,,,
SENATOR MICHAEL B. ENZI,2011,SENATORS OFFICIAL PERSONNEL AND OFFICE EXPENSE ACCOUNT,925,BANNER NET PAYROLL,925,0.0,0.0,banner_missing,banner,,,
SENATOR MICHAEL B. ENZI,2011,SENATORS OFFICIAL PERSONNEL AND OFFICE EXPENSE ACCOUNT,925,BANNER ORGANIZATION TOTALS,925,0.0,0.0,ok,banner,,,
SENATOR MICHAEL B. ENZI,2012,SENATORS OFFICIAL PERSONNEL AND OFFICE EXPENSE ACCOUNT,926,TRAVEL AND TRANSPORTATION OF PERSONS,936,117828.22,1148173.53,fail,segment,source_mismatch,1148173.53,
SENATOR MICHAEL B. ENZI,2012,SENATORS OFFICIAL PERSONNEL AND OFFICE EXPENSE ACCOUNT,926,OTHER CONTRACTUAL SERVICES,936,1046.6,1046.6,ok,segment,,,
SENATOR MICHAEL B. ENZI,2012,SENATORS OFFICIAL PERSONNEL AND OFFICE EXPENSE ACCOUNT,926,ACQUISITION OF ASSETS,936,691.18,691.18,ok,segment,,,
SENATOR MICHAEL B. ENZI,2012,SENATORS OFFICIAL PERSONNEL AND OFFICE EXPENSE ACCOUNT,926,OTHER PERSONNEL COMPENSATION,936,11796.63,0.0,component,payroll_component,,,
SENATOR MICHAEL B. ENZI,2012,SENATORS OFFICIAL PERSONNEL AND OFFICE EXPENSE ACCOUNT,926,PERSONNEL COMP. FULL-TIME PERMANENT,936,1018548.68,0.0,component,payroll_component,,,
SENATOR MICHAEL B. ENZI,2012,SENATORS OFFICIAL PERSONNEL AND OFFICE EXPENSE ACCOUNT,926,PERSONNEL BENEFITS,936,3136.7,0.0,component,payroll_component,,,
SENATOR MICHAEL B. ENZI,2012,SENATORS OFFICIAL PERSONNEL AND OFFICE EXPENSE ACCOUNT,926,NET PAYROLL EXPENSES,936,1033482.01,3136.7,fail,segment,inconclusive,0.0,
SENATOR MICHAEL B. ENZI,2012,SENATORS OFFICIAL PERSONNEL AND OFFICE EXPENSE ACCOUNT,926,BANNER NET PAYROLL,926,1033482.01,1033482.01,ok,banner,,,
SENATOR MICHAEL B. ENZI,2012,SENATORS OFFICIAL PERSONNEL AND OFFICE EXPENSE ACCOUNT,926,BANNER ORGANIZATION TOTALS,926,1173984.54,1153048.01,warn,banner,,,banner_only_categories
SENATOR RUSSELL D. FEINGOLD,2010,SENATORS OFFICIAL PERSONNEL AND OFFICE EXPENSE ACCOUNT,937,BANNER NET PAYROLL,937,0.0,0.0,banner_missing,banner,,,
SENATOR RUSSELL D. FEINGOLD,2010,SENATORS OFFICIAL PERSONNEL AND OFFICE EXPENSE ACCOUNT,937,BANNER ORGANIZATION TOTALS,937,0.0,0.0,ok,banner,,,
SENATOR RUSSELL D. FEINGOLD,2011,SENATORS OFFICIAL PERSONNEL AND OFFICE EXPENSE ACCOUNT,938,BANNER NET PAYROLL,938,0.0,0.0,banner_missing,banner,,,
SENATOR RUSSELL D. FEINGOLD,2011,SENATORS OFFICIAL PERSONNEL AND OFFICE EXPENSE ACCOUNT,938,BANNER ORGANIZATION TOTALS,938,0.0,0.0,ok,banner,,,
SENATOR DIANNE FEINSTEIN,2010,SENATORS OFFICIAL PERSONNEL AND OFFICE EXPENSE ACCOUNT,939,BANNER NET PAYROLL,939,0.0,0.0,banner_missing,banner,,,
SENATOR DIANNE FEINSTEIN,2010,SENATORS OFFICIAL PERSONNEL AND OFFICE EXPENSE ACCOUNT,939,BANNER ORGANIZATION TOTALS,939,0.0,0.0,ok,banner,,,
SENATOR DIANNE FEINSTEIN,2011,SENATORS OFFICIAL PERSONNEL AND OFFICE EXPENSE ACCOUNT,940,BANNER NET PAYROLL,940,0.0,0.0,banner_missing,banner,,,
SENATOR DIANNE FEINSTEIN,2011,SENATORS OFFICIAL PERSONNEL AND OFFICE EXPENSE ACCOUNT,940,BANNER ORGANIZATION TOTALS,940,0.0,0.0,ok,banner,,,
SENATOR DIANNE FEINSTEIN,2012,SENATORS OFFICIAL PERSONNEL AND OFFICE EXPENSE ACCOUNT,941,TRAVEL AND TRANSPORTATION OF PERSONS,949,35819.97,2110398.63,fail,segment,source_mismatch,2110398.63,
SENATOR DIANNE FEINSTEIN,2012,SENATORS OFFICIAL PERSONNEL AND OFFICE EXPENSE ACCOUNT,941,OTHER CONTRACTUAL SERVICES,949,490.8,490.8,ok,segment,,,
SENATOR DIANNE FEINSTEIN,2012,SENATORS OFFICIAL PERSONNEL AND OFFICE EXPENSE ACCOUNT,941,ACQUISITION OF ASSETS,949,1509.85,1509.85,ok,segment,,,
SENATOR DIANNE FEINSTEIN,2012,SENATORS OFFICIAL PERSONNEL AND OFFICE EXPENSE ACCOUNT,941,OTHER PERSONNEL COMPENSATION,949,92.28,0.0,component,payroll_component,,,
SENATOR DIANNE FEINSTEIN,2012,SENATORS OFFICIAL PERSONNEL AND OFFICE EXPENSE ACCOUNT,941,PERSONNEL COMP. FULL-TIME PERMANENT,949,2074486.38,0.0,component,payroll_component,,,
SENATOR DIANNE FEINSTEIN,2012,SENATORS OFFICIAL PERSONNEL AND OFFICE EXPENSE ACCOUNT,941,PERSONNEL BENEFITS,949,16206.8,0.0,component,payroll_component,,,
SENATOR DIANNE FEINSTEIN,2012,SENATORS OFFICIAL PERSONNEL AND OFFICE EXPENSE ACCOUNT,941,NET PAYROLL EXPENSES,949,2090785.46,16206.8,fail,segment,inconclusive,0.0,
SENATOR DIANNE FEINSTEIN,2012,SENATORS OFFICIAL PERSONNEL AND OFFICE EXPENSE ACCOUNT,941,BANNER NET PAYROLL,941,2090785.46,2090785.46,ok,banner,,,
SENATOR DIANNE FEINSTEIN,2012,SENATORS OFFICIAL PERSONNEL AND OFFICE EXPENSE ACCOUNT,941,BANNER ORGANIZATION TOTALS,941,2184146.53,2128606.08,warn,banner,,,banner_only_categories
SENATOR AL FRANKEN,2010,SENATORS OFFICIAL PERSONNEL AND OFFICE EXPENSE ACCOUNT,950,BANNER NET PAYROLL,950,0.0,0.0,banner_missing,banner,,,
SENATOR AL FRANKEN,2010,SENATORS OFFICIAL PERSONNEL AND OFFICE EXPENSE ACCOUNT,950,BANNER ORGANIZATION TOTALS,950,18000.0,0.0,warn,banner,,,banner_only_categories
SENATOR AL FRANKEN,2011,SENATORS OFFICIAL PERSONNEL AND OFFICE EXPENSE ACCOUNT,951,TRAVEL AND TRANSPORTATION OF PERSONS,951,107.6,107.6,ok,segment,,,
SENATOR AL FRANKEN,2011,SENATORS OFFICIAL PERSONNEL AND OFFICE EXPENSE ACCOUNT,951,OTHER CONTRACTUAL SERVICES,951,1553.0,1553.0,ok,segment,,,
SENATOR AL FRANKEN,2011,SENATORS OFFICIAL PERSONNEL AND OFFICE EXPENSE ACCOUNT,951,BANNER NET PAYROLL,951,0.0,0.0,banner_missing,banner,,,
SENATOR AL FRANKEN,2011,SENATORS OFFICIAL PERSONNEL AND OFFICE EXPENSE ACCOUNT,951,BANNER ORGANIZATION TOTALS,951,3471.6,1660.6,warn,banner,,,banner_only_categories
SENATOR AL FRANKEN,2012,SENATORS OFFICIAL PERSONNEL AND OFFICE EXPENSE ACCOUNT,952,TRAVEL AND TRANSPORTATION OF PERSONS,967,61101.41,1467197.09,fail,segment,source_mismatch,1467197.09,
SENATOR AL FRANKEN,2012,SENATORS OFFICIAL PERSONNEL AND OFFICE EXPENSE ACCOUNT,952,OTHER CONTRACTUAL SERVICES,968,23234.4,23234.4,ok,segment,,,
SENATOR AL FRANKEN,2012,SENATORS OFFICIAL PERSONNEL AND OFFICE EXPENSE ACCOUNT,952,ACQUISITION OF ASSETS,968,22.49,22.49,ok,segment,,,
SENATOR AL FRANKEN,2012,SENATORS OFFICIAL PERSONNEL AND OFFICE EXPENSE ACCOUNT,952,PERSONNEL COMP. FULL-TIME PERMANENT,968,1406095.68,0.0,component,payroll_component,,,
SENATOR AL FRANKEN,2012,SENATORS OFFICIAL PERSONNEL AND OFFICE EXPENSE ACCOUNT,952,PERSONNEL BENEFITS,968,7688.55,0.0,component,payroll_component,,,
SENATOR AL FRANKEN,2012,SENATORS OFFICIAL PERSONNEL AND OFFICE EXPENSE ACCOUNT,952,NET PAYROLL EXPENSES,968,1413784.23,7688.55,fail,segment,inconclusive,0.0,
SENATOR AL FRANKEN,2012,SENATORS OFFICIAL PERSONNEL AND OFFICE EXPENSE ACCOUNT,952,BANNER NET PAYROLL,952,1413784.23,1413784.23,ok,banner,,,
SENATOR AL FRANKEN,2012,SENATORS OFFICIAL PERSONNEL AND OFFICE EXPENSE ACCOUNT,952,BANNER ORGANIZATION TOTALS,952,1564538.58,1498142.53,warn,banner,,,banner_only_categories
SENATOR KIRSTEN GILLIBRAND,2010,SENATORS OFFICIAL PERSONNEL AND OFFICE EXPENSE ACCOUNT,969,TRAVEL AND TRANSPORTATION OF PERSONS,969,654.91,654.91,ok,segment,,,
SENATOR KIRSTEN GILLIBRAND,2010,SENATORS OFFICIAL PERSONNEL AND OFFICE EXPENSE ACCOUNT,969,BANNER NET PAYROLL,969,0.0,0.0,banner_missing,banner,,,
SENATOR KIRSTEN GILLIBRAND,2010,SENATORS OFFICIAL PERSONNEL AND OFFICE EXPENSE ACCOUNT,969,BANNER ORGANIZATION TOTALS,969,654.91,654.91,ok,banner,,,
SENATOR KIRSTEN GILLIBRAND,2011,SENATORS OFFICIAL PERSONNEL AND OFFICE EXPENSE ACCOUNT,970,TRAVEL AND TRANSPORTATION OF PERSONS,971,2234.41,2234.41,ok,segment,,,
SENATOR KIRSTEN GILLIBRAND,2011,SENATORS OFFICIAL PERSONNEL AND OFFICE EXPENSE ACCOUNT,970,OTHER CONTRACTUAL SERVICES,971,55.0,55.0,ok,segment,,,
SENATOR KIRSTEN GILLIBRAND,2011,SENATORS OFFICIAL PERSONNEL AND OFFICE EXPENSE ACCOUNT,970,BANNER NET PAYROLL,970,0.0,0.0,banner_missing,banner,,,
SENATOR KIRSTEN GILLIBRAND,2011,SENATORS OFFICIAL PERSONNEL AND OFFICE EXPENSE ACCOUNT,970,BANNER ORGANIZATION TOTALS,970,2274.87,2289.41,fail,banner,,,
SENATOR KIRSTEN GILLIBRAND,2012,SENATORS OFFICIAL PERSONNEL AND OFFICE EXPENSE ACCOUNT,972,TRAVEL AND TRANSPORTATION OF PERSONS,1002,224692.9,2139872.2,fail,segment,source_mismatch,2139872.2,
SENATOR KIRSTEN GILLIBRAND,2012,SENATORS OFFICIAL PERSONNEL AND OFFICE EXPENSE ACCOUNT,972,OTHER CONTRACTUAL SERVICES,1004,7979.75,7979.75,ok,segment,,,
SENATOR KIRSTEN GILLIBRAND,2012,SENATORS OFFICIAL PERSONNEL AND OFFICE EXPENSE ACCOUNT,972,ACQUISITION OF ASSETS,1004,229.46,229.46,ok,segment,,,
SENATOR KIRSTEN GILLIBRAND,2012,SENATORS OFFICIAL PERSONNEL AND OFFICE EXPENSE ACCOUNT,972,PERSONNEL COMP. FULL-TIME PERMANENT,1005,1915179.3,0.0,component,payroll_component,,,
SENATOR KIRSTEN GILLIBRAND,2012,SENATORS OFFICIAL PERSONNEL AND OFFICE EXPENSE ACCOUNT,972,PERSONNEL BENEFITS,1005,15535.05,0.0,component,payroll_component,,,
SENATOR KIRSTEN GILLIBRAND,2012,SENATORS OFFICIAL PERSONNEL AND OFFICE EXPENSE ACCOUNT,972,NET PAYROLL EXPENSES,1005,1930714.35,15535.05,fail,segment,inconclusive,0.0,
SENATOR KIRSTEN GILLIBRAND,2012,SENATORS OFFICIAL PERSONNEL AND OFFICE EXPENSE ACCOUNT,972,BANNER NET PAYROLL,972,1930714.35,1930714.35,ok,banner,,,
SENATOR KIRSTEN GILLIBRAND,2012,SENATORS OFFICIAL PERSONNEL AND OFFICE EXPENSE ACCOUNT,972,BANNER ORGANIZATION TOTALS,972,2256248.7,2163616.46,warn,banner,,,banner_only_categories
SENATOR CARTE GOODWIN,2010,SENATORS OFFICIAL PERSONNEL AND OFFICE EXPENSE ACCOUNT,1006,BANNER NET PAYROLL,1006,0.0,0.0,banner_missing,banner,,,
SENATOR CARTE GOODWIN,2010,SENATORS OFFICIAL PERSONNEL AND OFFICE EXPENSE ACCOUNT,1006,BANNER ORGANIZATION TOTALS,1006,0.0,0.0,ok,banner,,,
SENATOR CARTE GOODWIN,2011,SENATORS OFFICIAL PERSONNEL AND OFFICE EXPENSE ACCOUNT,1007,BANNER NET PAYROLL,1007,0.0,0.0,banner_missing,banner,,,
SENATOR CARTE GOODWIN,2011,SENATORS OFFICIAL PERSONNEL AND OFFICE EXPENSE ACCOUNT,1007,BANNER ORGANIZATION TOTALS,1007,0.0,0.0,ok,banner,,,
SENATOR LINDSEY GRAHAM,2010,SENATORS OFFICIAL PERSONNEL AND OFFICE EXPENSE ACCOUNT,1008,BANNER NET PAYROLL,1008,0.0,0.0,banner_missing,banner,,,
SENATOR LINDSEY GRAHAM,2010,SENATORS OFFICIAL PERSONNEL AND OFFICE EXPENSE ACCOUNT,1008,BANNER ORGANIZATION TOTALS,1008,0.0,0.0,ok,banner,,,
SENATOR LINDSEY GRAHAM,2011,SENATORS OFFICIAL PERSONNEL AND OFFICE EXPENSE ACCOUNT,1009,BANNER NET PAYROLL,1009,0.0,0.0,banner_missing,banner,,,
SENATOR LINDSEY GRAHAM,2011,SENATORS OFFICIAL PERSONNEL AND OFFICE EXPENSE ACCOUNT,1009,BANNER ORGANIZATION TOTALS,1009,0.0,0.0,ok,banner,,,
SENATOR LINDSEY GRAHAM,2012,SENATORS OFFICIAL PERSONNEL AND OFFICE EXPENSE ACCOUNT,1010,TRAVEL AND TRANSPORTATION OF PERSONS,1016,43101.71,1335563.18,fail,segment,source_mismatch,1335563.18,
SENATOR LINDSEY GRAHAM,2012,SENATORS OFFICIAL PERSONNEL AND OFFICE EXPENSE ACCOUNT,1010,OTHER CONTRACTUAL SERVICES,1016,698.1,698.1,ok,segment,,,
SENATOR LINDSEY GRAHAM,2012,SENATORS OFFICIAL PERSONNEL AND OFFICE EXPENSE ACCOUNT,1010,ACQUISITION OF ASSETS,1016,902.1,902.1,ok,segment,,,
SENATOR LINDSEY GRAHAM,2012,SENATORS OFFICIAL PERSONNEL AND OFFICE EXPENSE ACCOUNT,1010,PERSONNEL COMP. FULL-TIME PERMANENT,1016,1232461.47,0.0,component,payroll_component,,,
SENATOR LINDSEY GRAHAM,2012,SENATORS OFFICIAL PERSONNEL AND OFFICE EXPENSE ACCOUNT,1010,NET PAYROLL EXPENSES,1016,1232461.47,0.0,zero_records,segment,,,
SENATOR LINDSEY GRAHAM,2012,SENATORS OFFICIAL PERSONNEL AND OFFICE EXPENSE ACCOUNT,1010,BANNER NET PAYROLL,1010,1232461.47,1232461.47,ok,banner,,,
SENATOR LINDSEY GRAHAM,2012,SENATORS OFFICIAL PERSONNEL AND OFFICE EXPENSE ACCOUNT,1010,BANNER ORGANIZATION TOTALS,1010,1316915.51,1337163.38,fail,banner,,,
SENATOR CHARLES E. GRASSLEY,2010,SENATORS OFFICIAL PERSONNEL AND OFFICE EXPENSE ACCOUNT,1017,BANNER NET PAYROLL,1017,0.0,0.0,banner_missing,banner,,,
SENATOR CHARLES E. GRASSLEY,2010,SENATORS OFFICIAL PERSONNEL AND OFFICE EXPENSE ACCOUNT,1017,BANNER ORGANIZATION TOTALS,1017,0.0,0.0,ok,banner,,,
SENATOR CHARLES E. GRASSLEY,2011,SENATORS OFFICIAL PERSONNEL AND OFFICE EXPENSE ACCOUNT,1018,BANNER NET PAYROLL,1018,0.0,0.0,banner_missing,banner,,,
SENATOR CHARLES E. GRASSLEY,2011,SENATORS OFFICIAL PERSONNEL AND OFFICE EXPENSE ACCOUNT,1018,BANNER ORGANIZATION TOTALS,1018,0.0,0.0,ok,banner,,,
SENATOR CHARLES E. GRASSLEY,2012,SENATORS OFFICIAL PERSONNEL AND OFFICE EXPENSE ACCOUNT,1019,TRAVEL AND TRANSPORTATION OF PERSONS,1029,31154.2,1360298.03,fail,segment,source_mismatch,1360298.03,
SENATOR CHARLES E. GRASSLEY,2012,SENATORS OFFICIAL PERSONNEL AND OFFICE EXPENSE ACCOUNT,1019,OTHER CONTRACTUAL SERVICES,1029,723.95,723.95,ok,segment,,,
SENATOR CHARLES E. GRASSLEY,2012,SENATORS OFFICIAL PERSONNEL AND OFFICE EXPENSE ACCOUNT,1019,OTHER PERSONNEL COMPENSATION,1029,2563.71,0.0,component,payroll_component,,,
SENATOR CHARLES E. GRASSLEY,2012,SENATORS OFFICIAL PERSONNEL AND OFFICE EXPENSE ACCOUNT,1019,PERSONNEL COMP. FULL-TIME PERMANENT,1029,1326580.12,0.0,component,payroll_component,,,
SENATOR CHARLES E. GRASSLEY,2012,SENATORS OFFICIAL PERSONNEL AND OFFICE EXPENSE ACCOUNT,1019,PERSONNEL BENEFITS,1029,3696.0,0.0,component,payroll_component,,,
SENATOR CHARLES E. GRASSLEY,2012,SENATORS OFFICIAL PERSONNEL AND OFFICE EXPENSE ACCOUNT,1019,NET PAYROLL EXPENSES,1029,1332839.83,3696.0,fail,segment,inconclusive,0.0,
SENATOR CHARLES E. GRASSLEY,2012,SENATORS OFFICIAL PERSONNEL AND OFFICE EXPENSE ACCOUNT,1019,BANNER NET PAYROLL,1019,1332839.83,1332839.83,ok,banner,,,
SENATOR CHARLES E. GRASSLEY,2012,SENATORS OFFICIAL PERSONNEL AND OFFICE EXPENSE ACCOUNT,1019,BANNER ORGANIZATION TOTALS,1019,1435187.7,1364717.98,warn,banner,,,banner_only_categories
SENATOR JUDD GREGG,2010,SENATORS OFFICIAL PERSONNEL AND OFFICE EXPENSE ACCOUNT,1030,BANNER NET PAYROLL,1030,0.0,0.0,banner_missing,banner,,,
SENATOR JUDD GREGG,2010,SENATORS OFFICIAL PERSONNEL AND OFFICE EXPENSE ACCOUNT,1030,BANNER ORGANIZATION TOTALS,1030,0.0,0.0,ok,banner,,,
SENATOR JUDD GREGG,2011,SENATORS OFFICIAL PERSONNEL AND OFFICE EXPENSE ACCOUNT,1031,BANNER NET PAYROLL,1031,0.0,0.0,banner_missing,banner,,,
SENATOR JUDD GREGG,2011,SENATORS OFFICIAL PERSONNEL AND OFFICE EXPENSE ACCOUNT,1031,BANNER ORGANIZATION TOTALS,1031,0.0,0.0,ok,banner,,,
SENATOR KAY HAGAN,2010,SENATORS OFFICIAL PERSONNEL AND OFFICE EXPENSE ACCOUNT,1032,BANNER NET PAYROLL,1032,0.0,0.0,banner_missing,banner,,,
SENATOR KAY HAGAN,2010,SENATORS OFFICIAL PERSONNEL AND OFFICE EXPENSE ACCOUNT,1032,BANNER ORGANIZATION TOTALS,1032,0.0,0.0,ok,banner,,,
SENATOR KAY HAGAN,2011,SENATORS OFFICIAL PERSONNEL AND OFFICE EXPENSE ACCOUNT,1033,BANNER NET PAYROLL,1033,0.0,0.0,banner_missing,banner,,,
SENATOR KAY HAGAN,2011,SENATORS OFFICIAL PERSONNEL AND OFFICE EXPENSE ACCOUNT,1033,BANNER ORGANIZATION TOTALS,1033,595.82,0.0,warn,banner,,,banner_only_categories
SENATOR KAY HAGAN,2012,SENATORS OFFICIAL PERSONNEL AND OFFICE EXPENSE ACCOUNT,1034,TRAVEL AND TRANSPORTATION OF PERSONS,1047,59574.25,1481942.78,fail,segment,source_mismatch,1481942.78,
SENATOR KAY HAGAN,2012,SENATORS OFFICIAL PERSONNEL AND OFFICE EXPENSE ACCOUNT,1034,OTHER CONTRACTUAL SERVICES,1047,12289.35,12289.35,ok,segment,,,
SENATOR KAY HAGAN,2012,SENATORS OFFICIAL PERSONNEL AND OFFICE EXPENSE ACCOUNT,1034,ACQUISITION OF ASSETS,1047,5489.87,5489.87,ok,segment,,,
SENATOR KAY HAGAN,2012,SENATORS OFFICIAL PERSONNEL AND OFFICE EXPENSE ACCOUNT,1034,OTHER PERSONNEL COMPENSATION,1047,707.57,0.0,component,payroll_component,,,
SENATOR KAY HAGAN,2012,SENATORS OFFICIAL PERSONNEL AND OFFICE EXPENSE ACCOUNT,1034,PERSONNEL COMP. FULL-TIME PERMANENT,1047,1421660.96,0.0,component,payroll_component,,,
SENATOR KAY HAGAN,2012,SENATORS OFFICIAL PERSONNEL AND OFFICE EXPENSE ACCOUNT,1034,PERSONNEL BENEFITS,1047,4306.7,0.0,component,payroll_component,,,
SENATOR KAY HAGAN,2012,SENATORS OFFICIAL PERSONNEL AND OFFICE EXPENSE ACCOUNT,1034,NET PAYROLL EXPENSES,1047,1426675.23,4306.7,fail,segment,inconclusive,0.0,
SENATOR KAY HAGAN,2012,SENATORS OFFICIAL PERSONNEL AND OFFICE EXPENSE ACCOUNT,1034,BANNER NET PAYROLL,1034,1426675.23,1426675.23,ok,banner,,,
SENATOR KAY HAGAN,2012,SENATORS OFFICIAL PERSONNEL AND OFFICE EXPENSE ACCOUNT,1034,BANNER ORGANIZATION TOTALS,1034,1566195.14,1504028.7,warn,banner,,,banner_only_categories
SENATOR TOM HARKIN,2010,SENATORS OFFICIAL PERSONNEL AND OFFICE EXPENSE ACCOUNT,1048,BANNER NET PAYROLL,1048,0.0,0.0,banner_missing,banner,,,
SENATOR TOM HARKIN,2010,SENATORS OFFICIAL PERSONNEL AND OFFICE EXPENSE ACCOUNT,1048,BANNER ORGANIZATION TOTALS,1048,0.0,0.0,ok,banner,,,
SENATOR TOM HARKIN,2011,SENATORS OFFICIAL PERSONNEL AND OFFICE EXPENSE ACCOUNT,1049,BANNER NET PAYROLL,1049,0.0,0.0,banner_missing,banner,,,
SENATOR TOM HARKIN,2011,SENATORS OFFICIAL PERSONNEL AND OFFICE EXPENSE ACCOUNT,1049,BANNER ORGANIZATION TOTALS,1049,5.99,0.0,warn,banner,,,banner_only_categories
SENATOR TOM HARKIN,2012,SENATORS OFFICIAL PERSONNEL AND OFFICE EXPENSE ACCOUNT,1050,TRAVEL AND TRANSPORTATION OF PERSONS,1057,34019.7,1455766.49,fail,segment,source_mismatch,1455766.49,
SENATOR TOM HARKIN,2012,SENATORS OFFICIAL PERSONNEL AND OFFICE EXPENSE ACCOUNT,1050,OTHER CONTRACTUAL SERVICES,1058,1757.55,1757.55,ok,segment,,,
SENATOR TOM HARKIN,2012,SENATORS OFFICIAL PERSONNEL AND OFFICE EXPENSE ACCOUNT,1050,OTHER PERSONNEL COMPENSATION,1058,5145.87,0.0,component,payroll_component,,,
SENATOR TOM HARKIN,2012,SENATORS OFFICIAL PERSONNEL AND OFFICE EXPENSE ACCOUNT,1050,PERSONNEL COMP. FULL-TIME PERMANENT,1058,1415873.99,0.0,component,payroll_component,,,
SENATOR TOM HARKIN,2012,SENATORS OFFICIAL PERSONNEL AND OFFICE EXPENSE ACCOUNT,1050,PERSONNEL BENEFITS,1058,4581.2,0.0,component,payroll_component,,,
SENATOR TOM HARKIN,2012,SENATORS OFFICIAL PERSONNEL AND OFFICE EXPENSE ACCOUNT,1050,NET PAYROLL EXPENSES,1058,1425601.06,4581.2,fail,segment,inconclusive,0.0,
SENATOR TOM HARKIN,2012,SENATORS OFFICIAL PERSONNEL AND OFFICE EXPENSE ACCOUNT,1050,BANNER NET PAYROLL,1050,1425601.06,1425601.06,ok,banner,,,
SENATOR TOM HARKIN,2012,SENATORS OFFICIAL PERSONNEL AND OFFICE EXPENSE ACCOUNT,1050,BANNER ORGANIZATION TOTALS,1050,1504197.8,1462105.24,fail,banner,,,
SENATOR ORRIN G. HATCH,2010,SENATORS OFFICIAL PERSONNEL AND OFFICE EXPENSE ACCOUNT,1059,BANNER NET PAYROLL,1059,0.0,0.0,banner_missing,banner,,,
SENATOR ORRIN G. HATCH,2010,SENATORS OFFICIAL PERSONNEL AND OFFICE EXPENSE ACCOUNT,1059,BANNER ORGANIZATION TOTALS,1059,0.0,0.0,ok,banner,,,
SENATOR ORRIN G. HATCH,2011,SENATORS OFFICIAL PERSONNEL AND OFFICE EXPENSE ACCOUNT,1060,TRAVEL AND TRANSPORTATION OF PERSONS,1060,115.77,115.77,ok,segment,,,
SENATOR ORRIN G. HATCH,2011,SENATORS OFFICIAL PERSONNEL AND OFFICE EXPENSE ACCOUNT,1060,BANNER NET PAYROLL,1060,0.0,0.0,banner_missing,banner,,,
SENATOR ORRIN G. HATCH,2011,SENATORS OFFICIAL PERSONNEL AND OFFICE EXPENSE ACCOUNT,1060,BANNER ORGANIZATION TOTALS,1060,115.77,115.77,ok,banner,,,
SENATOR ORRIN G. HATCH,2012,SENATORS OFFICIAL PERSONNEL AND OFFICE EXPENSE ACCOUNT,1061,TRAVEL AND TRANSPORTATION OF PERSONS,1068,40127.79,1336994.02,fail,segment,source_mismatch,1336994.02,
SENATOR ORRIN G. HATCH,2012,SENATORS OFFICIAL PERSONNEL AND OFFICE EXPENSE ACCOUNT,1061,OTHER CONTRACTUAL SERVICES,1068,6105.95,6105.95,ok,segment,,,
SENATOR ORRIN G. HATCH,2012,SENATORS OFFICIAL PERSONNEL AND OFFICE EXPENSE ACCOUNT,1061,ACQUISITION OF ASSETS,1068,192.22,192.22,ok,segment,,,
SENATOR ORRIN G. HATCH,2012,SENATORS OFFICIAL PERSONNEL AND OFFICE EXPENSE ACCOUNT,1061,OTHER PERSONNEL COMPENSATION,1068,3623.65,0.0,component,payroll_component,,,
SENATOR ORRIN G. HATCH,2012,SENATORS OFFICIAL PERSONNEL AND OFFICE EXPENSE ACCOUNT,1061,PERSONNEL COMP. FULL-TIME PERMANENT,1068,1293242.58,0.0,component,payroll_component,,,
SENATOR ORRIN G. HATCH,2012,SENATORS OFFICIAL PERSONNEL AND OFFICE EXPENSE ACCOUNT,1061,PERSONNEL BENEFITS,1068,4732.0,0.0,component,payroll_component,,,
SENATOR ORRIN G. HATCH,2012,SENATORS OFFICIAL PERSONNEL AND OFFICE EXPENSE ACCOUNT,1061,NET PAYROLL EXPENSES,1068,1301598.23,4732.0,fail,segment,inconclusive,0.0,
SENATOR ORRIN G. HATCH,2012,SENATORS OFFICIAL PERSONNEL AND OFFICE EXPENSE ACCOUNT,1061,BANNER NET PAYROLL,1061,1301598.23,1301598.23,ok,banner,,,
SENATOR ORRIN G. HATCH,2012,SENATORS OFFICIAL PERSONNEL AND OFFICE EXPENSE ACCOUNT,1061,BANNER ORGANIZATION TOTALS,1061,1402518.24,1348024.19,warn,banner,,,banner_only_categories
SENATOR DEAN HELLER,2011,SENATORS OFFICIAL PERSONNEL AND OFFICE EXPENSE ACCOUNT,1069,TRAVEL AND TRANSPORTATION OF PERSONS,1069,695.04,695.04,ok,segment,,,
SENATOR DEAN HELLER,2011,SENATORS OFFICIAL PERSONNEL AND OFFICE EXPENSE ACCOUNT,1069,BANNER NET PAYROLL,1069,0.0,0.0,banner_missing,banner,,,
SENATOR DEAN HELLER,2011,SENATORS OFFICIAL PERSONNEL AND OFFICE EXPENSE ACCOUNT,1069,BANNER ORGANIZATION TOTALS,1069,695.04,695.04,ok,banner,,,
SENATOR DEAN HELLER,2012,SENATORS OFFICIAL PERSONNEL AND OFFICE EXPENSE ACCOUNT,1070,TRAVEL AND TRANSPORTATION OF PERSONS,1074,48920.06,976082.99,fail,segment,source_mismatch,976082.99,
SENATOR DEAN HELLER,2012,SENATORS OFFICIAL PERSONNEL AND OFFICE EXPENSE ACCOUNT,1070,OTHER CONTRACTUAL SERVICES,1074,1518.1,1518.1,ok,segment,,,
SENATOR DEAN HELLER,2012,SENATORS OFFICIAL PERSONNEL AND OFFICE EXPENSE ACCOUNT,1070,ACQUISITION OF ASSETS,1074,1119.18,1119.18,ok,segment,,,
SENATOR DEAN HELLER,2012,SENATORS OFFICIAL PERSONNEL AND OFFICE EXPENSE ACCOUNT,1070,PERSONNEL COMP. FULL-TIME PERMANENT,1074,927162.93,0.0,component,payroll_component,,,
SENATOR DEAN HELLER,2012,SENATORS OFFICIAL PERSONNEL AND OFFICE EXPENSE ACCOUNT,1070,PERSONNEL BENEFITS,1074,3070.4,0.0,component,payroll_component,,,
SENATOR DEAN HELLER,2012,SENATORS OFFICIAL PERSONNEL AND OFFICE EXPENSE ACCOUNT,1070,NET PAYROLL EXPENSES,1074,930233.33,3070.4,fail,segment,inconclusive,0.0,
SENATOR DEAN HELLER,2012,SENATORS OFFICIAL PERSONNEL AND OFFICE EXPENSE ACCOUNT,1070,BANNER NET PAYROLL,1070,930233.33,930233.33,ok,banner,,,
SENATOR DEAN HELLER,2012,SENATORS OFFICIAL PERSONNEL AND OFFICE EXPENSE ACCOUNT,1070,BANNER ORGANIZATION TOTALS,1070,1138989.43,981790.67,warn,banner,,,banner_only_categories
SENATOR JOHN HOEVEN,2011,SENATORS OFFICIAL PERSONNEL AND OFFICE EXPENSE ACCOUNT,1075,ACQUISITION OF ASSETS,1075,323.13,323.13,ok,segment,,,
SENATOR JOHN HOEVEN,2011,SENATORS OFFICIAL PERSONNEL AND OFFICE EXPENSE ACCOUNT,1075,BANNER NET PAYROLL,1075,0.0,0.0,banner_missing,banner,,,
SENATOR JOHN HOEVEN,2011,SENATORS OFFICIAL PERSONNEL AND OFFICE EXPENSE ACCOUNT,1075,BANNER ORGANIZATION TOTALS,1075,323.13,323.13,ok,banner,,,
SENATOR JOHN HOEVEN,2012,SENATORS OFFICIAL PERSONNEL AND OFFICE EXPENSE ACCOUNT,1076,TRAVEL AND TRANSPORTATION OF PERSONS,1082,58289.15,1134898.76,fail,segment,source_mismatch,1134898.76,
SENATOR JOHN HOEVEN,2012,SENATORS OFFICIAL PERSONNEL AND OFFICE EXPENSE ACCOUNT,1076,OTHER CONTRACTUAL SERVICES,1082,215.2,215.2,ok,segment,,,
SENATOR JOHN HOEVEN,2012,SENATORS OFFICIAL PERSONNEL AND OFFICE EXPENSE ACCOUNT,1076,ACQUISITION OF ASSETS,1082,5625.0,5625.0,ok,segment,,,
SENATOR JOHN HOEVEN,2012,SENATORS OFFICIAL PERSONNEL AND OFFICE EXPENSE ACCOUNT,1076,PERSONNEL COMP. FULL-TIME PERMANENT,1082,1076609.61,0.0,component,payroll_component,,,
SENATOR JOHN HOEVEN,2012,SENATORS OFFICIAL PERSONNEL AND OFFICE EXPENSE ACCOUNT,1076,PERSONNEL BENEFITS,1082,3142.9,0.0,component,payroll_component,,,
SENATOR JOHN HOEVEN,2012,SENATORS OFFICIAL PERSONNEL AND OFFICE EXPENSE ACCOUNT,1076,NET PAYROLL EXPENSES,1082,1079752.51,3142.9,fail,segment,inconclusive,0.0,
SENATOR JOHN HOEVEN,2012,SENATORS OFFICIAL PERSONNEL AND OFFICE EXPENSE ACCOUNT,1076,BANNER NET PAYROLL,1076,1079752.51,1079752.51,ok,banner,,,
SENATOR JOHN HOEVEN,2012,SENATORS OFFICIAL PERSONNEL AND OFFICE EXPENSE ACCOUNT,1076,BANNER ORGANIZATION TOTALS,1076,1180536.46,1143881.86,warn,banner,,,banner_only_categories
SENATOR KAY BAILEY HUTCHISON,2010,SENATORS OFFICIAL PERSONNEL AND OFFICE EXPENSE ACCOUNT,1083,BANNER NET PAYROLL,1083,0.0,0.0,banner_missing,banner,,,
SENATOR KAY BAILEY HUTCHISON,2010,SENATORS OFFICIAL PERSONNEL AND OFFICE EXPENSE ACCOUNT,1083,BANNER ORGANIZATION TOTALS,1083,0.0,0.0,ok,banner,,,
SENATOR KAY BAILEY HUTCHISON,2011,SENATORS OFFICIAL PERSONNEL AND OFFICE EXPENSE ACCOUNT,1084,TRAVEL AND TRANSPORTATION OF PERSONS,1084,1318.15,1318.15,ok,segment,,,
SENATOR KAY BAILEY HUTCHISON,2011,SENATORS OFFICIAL PERSONNEL AND OFFICE EXPENSE ACCOUNT,1084,BANNER NET PAYROLL,1084,0.0,0.0,banner_missing,banner,,,
SENATOR KAY BAILEY HUTCHISON,2011,SENATORS OFFICIAL PERSONNEL AND OFFICE EXPENSE ACCOUNT,1084,BANNER ORGANIZATION TOTALS,1084,1571.57,1318.15,warn,banner,,,banner_only_categories
SENATOR KAY BAILEY HUTCHISON,2012,SENATORS OFFICIAL PERSONNEL AND OFFICE EXPENSE ACCOUNT,1085,TRAVEL AND TRANSPORTATION OF PERSONS,1096,115373.0,1870708.43,fail,segment,source_mismatch,1870708.43,
SENATOR KAY BAILEY HUTCHISON,2012,SENATORS OFFICIAL PERSONNEL AND OFFICE EXPENSE ACCOUNT,1085,OTHER CONTRACTUAL SERVICES,1096,2403.59,2403.59,ok,segment,,,
SENATOR KAY BAILEY HUTCHISON,2012,SENATORS OFFICIAL PERSONNEL AND OFFICE EXPENSE ACCOUNT,1085,ACQUISITION OF ASSETS,1096,32.65,32.65,ok,segment,,,
SENATOR KAY BAILEY HUTCHISON,2012,SENATORS OFFICIAL PERSONNEL AND OFFICE EXPENSE ACCOUNT,1085,PERSONNEL COMP. FULL-TIME PERMANENT,1096,1755335.43,0.0,component,payroll_component,,,
SENATOR KAY BAILEY HUTCHISON,2012,SENATORS OFFICIAL PERSONNEL AND OFFICE EXPENSE ACCOUNT,1085,RE-EMPLOYED ANNUITANTS,1096,10277.0,0.0,component,payroll_component,,,
SENATOR KAY BAILEY HUTCHISON,2012,SENATORS OFFICIAL PERSONNEL AND OFFICE EXPENSE ACCOUNT,1085,PERSONNEL BENEFITS,1096,6902.9,0.0,component,payroll_component,,,
SENATOR KAY BAILEY HUTCHISON,2012,SENATORS OFFICIAL PERSONNEL AND OFFICE EXPENSE ACCOUNT,1085,NET PAYROLL EXPENSES,1096,1772515.33,17179.9,fail,segment,inconclusive,0.0,
SENATOR KAY BAILEY HUTCHISON,2012,SENATORS OFFICIAL PERSONNEL AND OFFICE EXPENSE ACCOUNT,1085,BANNER NET PAYROLL,1085,1772515.33,1772515.33,ok,banner,,,
SENATOR KAY BAILEY HUTCHISON,2012,SENATORS OFFICIAL PERSONNEL AND OFFICE EXPENSE ACCOUNT,1085,BANNER ORGANIZATION TOTALS,1085,1979665.83,1890324.57,warn,banner,,,banner_only_categories
SENATOR JAMES M. INHOFE,2010,SENATORS OFFICIAL PERSONNEL AND OFFICE EXPENSE ACCOUNT,1097,BANNER NET PAYROLL,1097,0.0,0.0,banner_missing,banner,,,
SENATOR JAMES M. INHOFE,2010,SENATORS OFFICIAL PERSONNEL AND OFFICE EXPENSE ACCOUNT,1097,BANNER ORGANIZATION TOTALS,1097,0.0,0.0,ok,banner,,,
SENATOR JAMES M. INHOFE,2011,SENATORS OFFICIAL PERSONNEL AND OFFICE EXPENSE ACCOUNT,1098,BANNER NET PAYROLL,1098,0.0,0.0,banner_missing,banner,,,
SENATOR JAMES M. INHOFE,2011,SENATORS OFFICIAL PERSONNEL AND OFFICE EXPENSE ACCOUNT,1098,BANNER ORGANIZATION TOTALS,1098,0.0,0.0,ok,banner,,,
SENATOR JAMES M. INHOFE,2012,SENATORS OFFICIAL PERSONNEL AND OFFICE EXPENSE ACCOUNT,1099,TRAVEL AND TRANSPORTATION OF PERSONS,1114,77429.28,1415115.61,fail,segment,source_mismatch,1415115.61,
SENATOR JAMES M. INHOFE,2012,SENATORS OFFICIAL PERSONNEL AND OFFICE EXPENSE ACCOUNT,1099,OTHER CONTRACTUAL SERVICES,1114,768.2,768.2,ok,segment,,,
SENATOR JAMES M. INHOFE,2012,SENATORS OFFICIAL PERSONNEL AND OFFICE EXPENSE ACCOUNT,1099,ACQUISITION OF ASSETS,1114,641.76,641.76,ok,segment,,,
SENATOR JAMES M. INHOFE,2012,SENATORS OFFICIAL PERSONNEL AND OFFICE EXPENSE ACCOUNT,1099,PERSONNEL COMP. FULL-TIME PERMANENT,1114,1337686.33,0.0,component,payroll_component,,,
SENATOR JAMES M. INHOFE,2012,SENATORS OFFICIAL PERSONNEL AND OFFICE EXPENSE ACCOUNT,1099,PERSONNEL BENEFITS,1114,2623.95,0.0,component,payroll_component,,,
SENATOR JAMES M. INHOFE,2012,SENATORS OFFICIAL PERSONNEL AND OFFICE EXPENSE ACCOUNT,1099,NET PAYROLL EXPENSES,1114,1340310.28,2623.95,fail,segment,inconclusive,0.0,
SENATOR JAMES M. INHOFE,2012,SENATORS OFFICIAL PERSONNEL AND OFFICE EXPENSE ACCOUNT,1099,BANNER NET PAYROLL,1099,1340310.28,1340310.28,ok,banner,,,
SENATOR JAMES M. INHOFE,2012,SENATORS OFFICIAL PERSONNEL AND OFFICE EXPENSE ACCOUNT,1099,BANNER ORGANIZATION TOTALS,1099,1468450.59,1419149.52,warn,banner,,,banner_only_categories
SENATOR DANIEL K. INOUYE,2010,SENATORS OFFICIAL PERSONNEL AND OFFICE EXPENSE ACCOUNT,1115,BANNER NET PAYROLL,1115,0.0,0.0,banner_missing,banner,,,
SENATOR DANIEL K. INOUYE,2010,SENATORS OFFICIAL PERSONNEL AND OFFICE EXPENSE ACCOUNT,1115,BANNER ORGANIZATION TOTALS,1115,0.0,0.0,ok,banner,,,
SENATOR DANIEL K. INOUYE,2011,SENATORS OFFICIAL PERSONNEL AND OFFICE EXPENSE ACCOUNT,1116,TRAVEL AND TRANSPORTATION OF PERSONS,1116,284.64,284.64,ok,segment,,,
SENATOR DANIEL K. INOUYE,2011,SENATORS OFFICIAL PERSONNEL AND OFFICE EXPENSE ACCOUNT,1116,BANNER NET PAYROLL,1116,0.0,0.0,banner_missing,banner,,,
SENATOR DANIEL K. INOUYE,2011,SENATORS OFFICIAL PERSONNEL AND OFFICE EXPENSE ACCOUNT,1116,BANNER ORGANIZATION TOTALS,1116,284.64,284.64,ok,banner,,,
SENATOR DANIEL K. INOUYE,2012,SENATORS OFFICIAL PERSONNEL AND OFFICE EXPENSE ACCOUNT,1117,TRAVEL AND TRANSPORTATION OF PERSONS,1120,63276.2,1544439.11,fail,segment,source_mismatch,1544439.11,
SENATOR DANIEL K. INOUYE,2012,SENATORS OFFICIAL PERSONNEL AND OFFICE EXPENSE ACCOUNT,1117,OTHER CONTRACTUAL SERVICES,1120,784.5,784.5,ok,segment,,,
SENATOR DANIEL K. INOUYE,2012,SENATORS OFFICIAL PERSONNEL AND OFFICE EXPENSE ACCOUNT,1117,ACQUISITION OF ASSETS,1120,-37.5,-37.5,ok,segment,,,
SENATOR DANIEL K. INOUYE,2012,SENATORS OFFICIAL PERSONNEL AND OFFICE EXPENSE ACCOUNT,1117,PERSONNEL COMP. FULL-TIME PERMANENT,1120,1481162.91,0.0,component,payroll_component,,,
SENATOR DANIEL K. INOUYE,2012,SENATORS OFFICIAL PERSONNEL AND OFFICE EXPENSE ACCOUNT,1117,PERSONNEL BENEFITS,1120,4414.1,0.0,component,payroll_component,,,
SENATOR DANIEL K. INOUYE,2012,SENATORS OFFICIAL PERSONNEL AND OFFICE EXPENSE ACCOUNT,1117,NET PAYROLL EXPENSES,1120,1485577.01,4414.1,fail,segment,inconclusive,0.0,
SENATOR DANIEL K. INOUYE,2012,SENATORS OFFICIAL PERSONNEL AND OFFICE EXPENSE ACCOUNT,1117,BANNER NET PAYROLL,1117,1485577.01,1485577.01,ok,banner,,,
SENATOR DANIEL K. INOUYE,2012,SENATORS OFFICIAL PERSONNEL AND OFFICE EXPENSE ACCOUNT,1117,BANNER ORGANIZATION TOTALS,1117,1600021.42,1549600.21,warn,banner,,,banner_only_categories
SENATOR JOHNNY ISAKSON,2010,SENATORS OFFICIAL PERSONNEL AND OFFICE EXPENSE ACCOUNT,1121,BANNER NET PAYROLL,1121,0.0,0.0,banner_missing,banner,,,
SENATOR JOHNNY ISAKSON,2010,SENATORS OFFICIAL PERSONNEL AND OFFICE EXPENSE ACCOUNT,1121,BANNER ORGANIZATION TOTALS,1121,0.0,0.0,ok,banner,,,
SENATOR JOHNNY ISAKSON,2011,SENATORS OFFICIAL PERSONNEL AND OFFICE EXPENSE ACCOUNT,1122,BANNER NET PAYROLL,1122,0.0,0.0,banner_missing,banner,,,
SENATOR JOHNNY ISAKSON,2011,SENATORS OFFICIAL PERSONNEL AND OFFICE EXPENSE ACCOUNT,1122,BANNER ORGANIZATION TOTALS,1122,0.0,0.0,ok,banner,,,
SENATOR JOHNNY ISAKSON,2012,SENATORS OFFICIAL PERSONNEL AND OFFICE EXPENSE ACCOUNT,1123,TRAVEL AND TRANSPORTATION OF PERSONS,1155,157004.75,1523369.09,fail,segment,source_mismatch,1523369.09,
SENATOR JOHNNY ISAKSON,2012,SENATORS OFFICIAL PERSONNEL AND OFFICE EXPENSE ACCOUNT,1123,OTHER CONTRACTUAL SERVICES,1156,2588.9,2588.9,ok,segment,,,
SENATOR JOHNNY ISAKSON,2012,SENATORS OFFICIAL PERSONNEL AND OFFICE EXPENSE ACCOUNT,1123,PERSONNEL COMP. FULL-TIME PERMANENT,1156,1316938.81,0.0,component,payroll_component,,,
SENATOR JOHNNY ISAKSON,2012,SENATORS OFFICIAL PERSONNEL AND OFFICE EXPENSE ACCOUNT,1123,PERSONNEL BENEFITS,1156,1429.8,0.0,component,payroll_component,,,
SENATOR JOHNNY ISAKSON,2012,SENATORS OFFICIAL PERSONNEL AND OFFICE EXPENSE ACCOUNT,1123,NET PAYROLL EXPENSES,1156,1318368.61,1429.8,fail,segment,inconclusive,0.0,
SENATOR JOHNNY ISAKSON,2012,SENATORS OFFICIAL PERSONNEL AND OFFICE EXPENSE ACCOUNT,1123,BANNER NET PAYROLL,1123,1318368.61,1318368.61,ok,banner,,,
SENATOR JOHNNY ISAKSON,2012,SENATORS OFFICIAL PERSONNEL AND OFFICE EXPENSE ACCOUNT,1123,BANNER ORGANIZATION TOTALS,1123,1518307.16,1527387.79,fail,banner,,,
SENATOR MIKE JOHANNS,2010,SENATORS OFFICIAL PERSONNEL AND OFFICE EXPENSE ACCOUNT,1157,OTHER CONTRACTUAL SERVICES,1157,2830.0,2830.0,ok,segment,,,
SENATOR MIKE JOHANNS,2010,SENATORS OFFICIAL PERSONNEL AND OFFICE EXPENSE ACCOUNT,1157,BANNER NET PAYROLL,1157,0.0,0.0,banner_missing,banner,,,
SENATOR MIKE JOHANNS,2010,SENATORS OFFICIAL PERSONNEL AND OFFICE EXPENSE ACCOUNT,1157,BANNER ORGANIZATION TOTALS,1157,2830.0,2830.0,ok,banner,,,
SENATOR MIKE JOHANNS,2011,SENATORS OFFICIAL PERSONNEL AND OFFICE EXPENSE ACCOUNT,1158,BANNER NET PAYROLL,1158,0.0,0.0,banner_missing,banner,,,
SENATOR MIKE JOHANNS,2011,SENATORS OFFICIAL PERSONNEL AND OFFICE EXPENSE ACCOUNT,1158,BANNER ORGANIZATION TOTALS,1158,146.0,0.0,warn,banner,,,banner_only_categories
SENATOR MIKE JOHANNS,2012,SENATORS OFFICIAL PERSONNEL AND OFFICE EXPENSE ACCOUNT,1159,TRAVEL AND TRANSPORTATION OF PERSONS,1173,50349.49,1125240.19,fail,segment,source_mismatch,1125240.19,
SENATOR MIKE JOHANNS,2012,SENATORS OFFICIAL PERSONNEL AND OFFICE EXPENSE ACCOUNT,1159,OTHER CONTRACTUAL SERVICES,1173,921.8,921.8,ok,segment,,,
SENATOR MIKE JOHANNS,2012,SENATORS OFFICIAL PERSONNEL AND OFFICE EXPENSE ACCOUNT,1159,ACQUISITION OF ASSETS,1173,1405.49,1405.49,ok,segment,,,
SENATOR MIKE JOHANNS,2012,SENATORS OFFICIAL PERSONNEL AND OFFICE EXPENSE ACCOUNT,1159,OTHER PERSONNEL COMPENSATION,1173,1064.9,0.0,component,payroll_component,,,
SENATOR MIKE JOHANNS,2012,SENATORS OFFICIAL PERSONNEL AND OFFICE EXPENSE ACCOUNT,1159,PERSONNEL COMP. FULL-TIME PERMANENT,1173,1073825.8,0.0,component,payroll_component,,,
SENATOR MIKE JOHANNS,2012,SENATORS OFFICIAL PERSONNEL AND OFFICE EXPENSE ACCOUNT,1159,PERSONNEL BENEFITS,1173,5072.2,0.0,component,payroll_component,,,
SENATOR MIKE JOHANNS,2012,SENATORS OFFICIAL PERSONNEL AND OFFICE EXPENSE ACCOUNT,1159,NET PAYROLL EXPENSES,1173,1079962.9,5072.2,fail,segment,inconclusive,0.0,
SENATOR MIKE JOHANNS,2012,SENATORS OFFICIAL PERSONNEL AND OFFICE EXPENSE ACCOUNT,1159,BANNER NET PAYROLL,1159,1079962.9,1079962.9,ok,banner,,,
SENATOR MIKE JOHANNS,2012,SENATORS OFFICIAL PERSONNEL AND OFFICE EXPENSE ACCOUNT,1159,BANNER ORGANIZATION TOTALS,1159,1183626.7,1132639.68,warn,banner,,,banner_only_categories
SENATOR TIM JOHNSON,2010,SENATORS OFFICIAL PERSONNEL AND OFFICE EXPENSE ACCOUNT,1174,BANNER NET PAYROLL,1174,0.0,0.0,banner_missing,banner,,,
SENATOR TIM JOHNSON,2010,SENATORS OFFICIAL PERSONNEL AND OFFICE EXPENSE ACCOUNT,1174,BANNER ORGANIZATION TOTALS,1174,0.0,0.0,ok,banner,,,
SENATOR TIM JOHNSON,2011,SENATORS OFFICIAL PERSONNEL AND OFFICE EXPENSE ACCOUNT,1175,BANNER NET PAYROLL,1175,0.0,0.0,banner_missing,banner,,,
SENATOR TIM JOHNSON,2011,SENATORS OFFICIAL PERSONNEL AND OFFICE EXPENSE ACCOUNT,1175,BANNER ORGANIZATION TOTALS,1175,0.0,0.0,ok,banner,,,
SENATOR TIM JOHNSON,2012,SENATORS OFFICIAL PERSONNEL AND OFFICE EXPENSE ACCOUNT,1176,TRAVEL AND TRANSPORTATION OF PERSONS,1185,87275.66,1474221.68,fail,segment,source_mismatch,1474221.68,
SENATOR TIM JOHNSON,2012,SENATORS OFFICIAL PERSONNEL AND OFFICE EXPENSE ACCOUNT,1176,OTHER CONTRACTUAL SERVICES,1186,1029.3,1029.3,ok,segment,,,
SENATOR TIM JOHNSON,2012,SENATORS OFFICIAL PERSONNEL AND OFFICE EXPENSE ACCOUNT,1176,ACQUISITION OF ASSETS,1186,269.48,269.48,ok,segment,,,
SENATOR TIM JOHNSON,2012,SENATORS OFFICIAL PERSONNEL AND OFFICE EXPENSE ACCOUNT,1176,OTHER PERSONNEL COMPENSATION,1186,2336.02,0.0,component,payroll_component,,,
SENATOR TIM JOHNSON,2012,SENATORS OFFICIAL PERSONNEL AND OFFICE EXPENSE ACCOUNT,1176,PERSONNEL COMP. FULL-TIME PERMANENT,1186,1384610.0,0.0,component,payroll_component,,,
SENATOR TIM JOHNSON,2012,SENATORS OFFICIAL PERSONNEL AND OFFICE EXPENSE ACCOUNT,1176,PERSONNEL BENEFITS,1186,5211.4,0.0,component,payroll_component,,,
SENATOR TIM JOHNSON,2012,SENATORS OFFICIAL PERSONNEL AND OFFICE EXPENSE ACCOUNT,1176,NET PAYROLL EXPENSES,1186,1392157.42,5211.4,fail,segment,inconclusive,0.0,
SENATOR TIM JOHNSON,2012,SENATORS OFFICIAL PERSONNEL AND OFFICE EXPENSE ACCOUNT,1176,BANNER NET PAYROLL,1176,1392157.42,1392157.42,ok,banner,,,
SENATOR TIM JOHNSON,2012,SENATORS OFFICIAL PERSONNEL AND OFFICE EXPENSE ACCOUNT,1176,BANNER ORGANIZATION TOTALS,1176,1517913.94,1480731.86,warn,banner,,,banner_only_categories
SENATOR RON JOHNSON,2011,SENATORS OFFICIAL PERSONNEL AND OFFICE EXPENSE ACCOUNT,1187,TRAVEL AND TRANSPORTATION OF PERSONS,1188,14067.98,14067.98,ok,segment,,,
SENATOR RON JOHNSON,2011,SENATORS OFFICIAL PERSONNEL AND OFFICE EXPENSE ACCOUNT,1187,OTHER CONTRACTUAL SERVICES,1188,1170.0,1170.0,ok,segment,,,
SENATOR RON JOHNSON,2011,SENATORS OFFICIAL PERSONNEL AND OFFICE EXPENSE ACCOUNT,1187,ACQUISITION OF ASSETS,1188,18094.03,18094.03,ok,segment,,,
SENATOR RON JOHNSON,2011,SENATORS OFFICIAL PERSONNEL AND OFFICE EXPENSE ACCOUNT,1187,BANNER NET PAYROLL,1187,0.0,0.0,banner_missing,banner,,,
SENATOR RON JOHNSON,2011,SENATORS OFFICIAL PERSONNEL AND OFFICE EXPENSE ACCOUNT,1187,BANNER ORGANIZATION TOTALS,1187,33332.01,33332.01,ok,banner,,,
SENATOR RON JOHNSON,2012,SENATORS OFFICIAL PERSONNEL AND OFFICE EXPENSE ACCOUNT,1189,TRAVEL AND TRANSPORTATION OF PERSONS,1199,38477.81,1179612.63,fail,segment,source_mismatch,1179612.63,
SENATOR RON JOHNSON,2012,SENATORS OFFICIAL PERSONNEL AND OFFICE EXPENSE ACCOUNT,1189,OTHER CONTRACTUAL SERVICES,1199,949.65,949.65,ok,segment,,,
SENATOR RON JOHNSON,2012,SENATORS OFFICIAL PERSONNEL AND OFFICE EXPENSE ACCOUNT,1189,ACQUISITION OF ASSETS,1199,4385.56,4385.56,ok,segment,,,
SENATOR RON JOHNSON,2012,SENATORS OFFICIAL PERSONNEL AND OFFICE EXPENSE ACCOUNT,1189,PERSONNEL COMP. FULL-TIME PERMANENT,1199,1141134.82,0.0,component,payroll_component,,,
SENATOR RON JOHNSON,2012,SENATORS OFFICIAL PERSONNEL AND OFFICE EXPENSE ACCOUNT,1189,PERSONNEL BENEFITS,1199,3225.15,0.0,component,payroll_component,,,
SENATOR RON JOHNSON,2012,SENATORS OFFICIAL PERSONNEL AND OFFICE EXPENSE ACCOUNT,1189,NET PAYROLL EXPENSES,1200,1144359.97,3225.15,fail,segment,inconclusive,0.0,
SENATOR RON JOHNSON,2012,SENATORS OFFICIAL PERSONNEL AND OFFICE EXPENSE ACCOUNT,1189,BANNER NET PAYROLL,1189,1144359.97,1144359.97,ok,banner,,,
SENATOR RON JOHNSON,2012,SENATORS OFFICIAL PERSONNEL AND OFFICE EXPENSE ACCOUNT,1189,BANNER ORGANIZATION TOTALS,1189,1240144.04,1188172.99,warn,banner,,,banner_only_categories
SENATOR EDWARD KAUFMAN,2010,SENATORS OFFICIAL PERSONNEL AND OFFICE EXPENSE ACCOUNT,1201,BANNER NET PAYROLL,1201,0.0,0.0,banner_missing,banner,,,
SENATOR EDWARD KAUFMAN,2010,SENATORS OFFICIAL PERSONNEL AND OFFICE EXPENSE ACCOUNT,1201,BANNER ORGANIZATION TOTALS,1201,0.0,0.0,ok,banner,,,
SENATOR EDWARD KAUFMAN,2011,SENATORS OFFICIAL PERSONNEL AND OFFICE EXPENSE ACCOUNT,1202,BANNER NET PAYROLL,1202,0.0,0.0,banner_missing,banner,,,
SENATOR EDWARD KAUFMAN,2011,SENATORS OFFICIAL PERSONNEL AND OFFICE EXPENSE ACCOUNT,1202,BANNER ORGANIZATION TOTALS,1202,0.0,0.0,ok,banner,,,
SENATOR JOHN F. KERRY,2010,SENATORS OFFICIAL PERSONNEL AND OFFICE EXPENSE ACCOUNT,1203,BANNER NET PAYROLL,1203,0.0,0.0,banner_missing,banner,,,
SENATOR JOHN F. KERRY,2010,SENATORS OFFICIAL PERSONNEL AND OFFICE EXPENSE ACCOUNT,1203,BANNER ORGANIZATION TOTALS,1203,0.0,0.0,ok,banner,,,
SENATOR JOHN F. KERRY,2011,SENATORS OFFICIAL PERSONNEL AND OFFICE EXPENSE ACCOUNT,1204,TRAVEL AND TRANSPORTATION OF PERSONS,1204,631.29,631.29,ok,segment,,,
SENATOR JOHN F. KERRY,2011,SENATORS OFFICIAL PERSONNEL AND OFFICE EXPENSE ACCOUNT,1204,PERSONNEL BENEFITS,1204,59.0,0.0,component,payroll_component,,,
SENATOR JOHN F. KERRY,2011,SENATORS OFFICIAL PERSONNEL AND OFFICE EXPENSE ACCOUNT,1204,NET PAYROLL EXPENSES,1204,59.0,59.0,ok,segment,,,
SENATOR JOHN F. KERRY,2011,SENATORS OFFICIAL PERSONNEL AND OFFICE EXPENSE ACCOUNT,1204,BANNER NET PAYROLL,1204,59.0,59.0,ok,banner,,,
SENATOR JOHN F. KERRY,2011,SENATORS OFFICIAL PERSONNEL AND OFFICE EXPENSE ACCOUNT,1204,BANNER ORGANIZATION TOTALS,1204,199.21,690.29,fail,banner,,,
SENATOR JOHN F. KERRY,2012,SENATORS OFFICIAL PERSONNEL AND OFFICE EXPENSE ACCOUNT,1205,TRAVEL AND TRANSPORTATION OF PERSONS,1216,37341.67,1296481.5,fail,segment,source_mismatch,1296481.5,
SENATOR JOHN F. KERRY,2012,SENATORS OFFICIAL PERSONNEL AND OFFICE EXPENSE ACCOUNT,1205,OTHER CONTRACTUAL SERVICES,1217,3438.6,3438.6,ok,segment,,,
SENATOR JOHN F. KERRY,2012,SENATORS OFFICIAL PERSONNEL AND OFFICE EXPENSE ACCOUNT,1205,ACQUISITION OF ASSETS,1217,30451.6,30451.6,ok,segment,,,
SENATOR JOHN F. KERRY,2012,SENATORS OFFICIAL PERSONNEL AND OFFICE EXPENSE ACCOUNT,1205,PERSONNEL COMP. FULL-TIME PERMANENT,1217,1209139.83,0.0,component,payroll_component,,,
SENATOR JOHN F. KERRY,2012,SENATORS OFFICIAL PERSONNEL AND OFFICE EXPENSE ACCOUNT,1205,PERSONNEL BENEFITS,1217,5459.85,0.0,component,payroll_component,,,
SENATOR JOHN F. KERRY,2012,SENATORS OFFICIAL PERSONNEL AND OFFICE EXPENSE ACCOUNT,1205,NET PAYROLL EXPENSES,1217,1214599.68,5459.85,fail,segment,inconclusive,0.0,
SENATOR JOHN F. KERRY,2012,SENATORS OFFICIAL PERSONNEL AND OFFICE EXPENSE ACCOUNT,1205,BANNER NET PAYROLL,1205,1214599.68,1214599.68,ok,banner,,,
SENATOR JOHN F. KERRY,2012,SENATORS OFFICIAL PERSONNEL AND OFFICE EXPENSE ACCOUNT,1205,BANNER ORGANIZATION TOTALS,1205,1349349.96,1335831.55,fail,banner,,,
"SENATOR PAUL G. KIRK, JR.",2010,SENATORS OFFICIAL PERSONNEL AND OFFICE EXPENSE ACCOUNT,1218,BANNER NET PAYROLL,1218,0.0,0.0,banner_missing,banner,,,
"SENATOR PAUL G. KIRK, JR.",2010,SENATORS OFFICIAL PERSONNEL AND OFFICE EXPENSE ACCOUNT,1218,BANNER ORGANIZATION TOTALS,1218,0.0,0.0,ok,banner,,,
SENATOR MARK KIRK,2011,SENATORS OFFICIAL PERSONNEL AND OFFICE EXPENSE ACCOUNT,1219,PERSONNEL BENEFITS,1219,125.0,0.0,component,payroll_component,,,
SENATOR MARK KIRK,2011,SENATORS OFFICIAL PERSONNEL AND OFFICE EXPENSE ACCOUNT,1219,NET PAYROLL EXPENSES,1219,125.0,125.0,ok,segment,,,
SENATOR MARK KIRK,2011,SENATORS OFFICIAL PERSONNEL AND OFFICE EXPENSE ACCOUNT,1219,BANNER NET PAYROLL,1219,125.0,125.0,ok,banner,,,
SENATOR MARK KIRK,2011,SENATORS OFFICIAL PERSONNEL AND OFFICE EXPENSE ACCOUNT,1219,BANNER ORGANIZATION TOTALS,1219,125.0,125.0,ok,banner,,,
SENATOR MARK KIRK,2012,SENATORS OFFICIAL PERSONNEL AND OFFICE EXPENSE ACCOUNT,1220,TRAVEL AND TRANSPORTATION OF PERSONS,1232,42558.79,1491374.17,fail,segment,source_mismatch,1491374.17,
SENATOR MARK KIRK,2012,SENATORS OFFICIAL PERSONNEL AND OFFICE EXPENSE ACCOUNT,1220,OTHER CONTRACTUAL SERVICES,1233,708.19,708.19,ok,segment,,,
SENATOR MARK KIRK,2012,SENATORS OFFICIAL PERSONNEL AND OFFICE EXPENSE ACCOUNT,1220,ACQUISITION OF ASSETS,1233,491.73,491.73,ok,segment,,,
SENATOR MARK KIRK,2012,SENATORS OFFICIAL PERSONNEL AND OFFICE EXPENSE ACCOUNT,1220,PERSONNEL COMP. FULL-TIME PERMANENT,1233,1448815.38,0.0,component,payroll_component,,,
SENATOR MARK KIRK,2012,SENATORS OFFICIAL PERSONNEL AND OFFICE EXPENSE ACCOUNT,1220,PERSONNEL BENEFITS,1233,14255.85,0.0,component,payroll_component,,,
SENATOR MARK KIRK,2012,SENATORS OFFICIAL PERSONNEL AND OFFICE EXPENSE ACCOUNT,1220,NET PAYROLL EXPENSES,1233,1463071.23,14255.85,fail,segment,inconclusive,0.0,
SENATOR MARK KIRK,2012,SENATORS OFFICIAL PERSONNEL AND OFFICE EXPENSE ACCOUNT,1220,BANNER NET PAYROLL,1220,1463071.23,1463071.23,ok,banner,,,
SENATOR MARK KIRK,2012,SENATORS OFFICIAL PERSONNEL AND OFFICE EXPENSE ACCOUNT,1220,BANNER ORGANIZATION TOTALS,1220,1559300.39,1506829.94,warn,banner,,,banner_only_categories
SENATOR AMY KLOBUCHAR,2010,SENATORS OFFICIAL PERSONNEL AND OFFICE EXPENSE ACCOUNT,1234,BANNER NET PAYROLL,1234,0.0,0.0,banner_missing,banner,,,
SENATOR AMY KLOBUCHAR,2010,SENATORS OFFICIAL PERSONNEL AND OFFICE EXPENSE ACCOUNT,1234,BANNER ORGANIZATION TOTALS,1234,0.0,0.0,ok,banner,,,
SENATOR AMY KLOBUCHAR,2011,SENATORS OFFICIAL PERSONNEL AND OFFICE EXPENSE ACCOUNT,1235,TRAVEL AND TRANSPORTATION OF PERSONS,1235,268.56,268.56,ok,segment,,,
SENATOR AMY KLOBUCHAR,2011,SENATORS OFFICIAL PERSONNEL AND OFFICE EXPENSE ACCOUNT,1235,BANNER NET PAYROLL,1235,0.0,0.0,banner_missing,banner,,,
SENATOR AMY KLOBUCHAR,2011,SENATORS OFFICIAL PERSONNEL AND OFFICE EXPENSE ACCOUNT,1235,BANNER ORGANIZATION TOTALS,1235,268.56,268.56,ok,banner,,,
SENATOR AMY KLOBUCHAR,2012,SENATORS OFFICIAL PERSONNEL AND OFFICE EXPENSE ACCOUNT,1236,TRAVEL AND TRANSPORTATION OF PERSONS,1252,51668.52,1308367.05,fail,segment,source_mismatch,1308367.05,
SENATOR AMY KLOBUCHAR,2012,SENATORS OFFICIAL PERSONNEL AND OFFICE EXPENSE ACCOUNT,1236,OTHER CONTRACTUAL SERVICES,1252,1597.7,1597.7,ok,segment,,,
SENATOR AMY KLOBUCHAR,2012,SENATORS OFFICIAL PERSONNEL AND OFFICE EXPENSE ACCOUNT,1236,ACQUISITION OF ASSETS,1252,1858.82,1858.82,ok,segment,,,
SENATOR AMY KLOBUCHAR,2012,SENATORS OFFICIAL PERSONNEL AND OFFICE EXPENSE ACCOUNT,1236,PERSONNEL COMP. FULL-TIME PERMANENT,1252,1256698.53,0.0,component,payroll_component,,,
SENATOR AMY KLOBUCHAR,2012,SENATORS OFFICIAL PERSONNEL AND OFFICE EXPENSE ACCOUNT,1236,PERSONNEL BENEFITS,1252,6008.0,0.0,component,payroll_component,,,
SENATOR AMY KLOBUCHAR,2012,SENATORS OFFICIAL PERSONNEL AND OFFICE EXPENSE ACCOUNT,1236,NET PAYROLL EXPENSES,1252,1262706.53,6008.0,fail,segment,inconclusive,0.0,
SENATOR AMY KLOBUCHAR,2012,SENATORS OFFICIAL PERSONNEL AND OFFICE EXPENSE ACCOUNT,1236,BANNER NET PAYROLL,1236,1262706.53,1262706.53,ok,banner,,,
SENATOR AMY KLOBUCHAR,2012,SENATORS OFFICIAL PERSONNEL AND OFFICE EXPENSE ACCOUNT,1236,BANNER ORGANIZATION TOTALS,1236,1360085.27,1317831.57,warn,banner,,,banner_only_categories
SENATOR HERBERT H. KOHL,2010,SENATORS OFFICIAL PERSONNEL AND OFFICE EXPENSE ACCOUNT,1253,BANNER NET PAYROLL,1253,0.0,0.0,banner_missing,banner,,,
SENATOR HERBERT H. KOHL,2010,SENATORS OFFICIAL PERSONNEL AND OFFICE EXPENSE ACCOUNT,1253,BANNER ORGANIZATION TOTALS,1253,0.0,0.0,ok,banner,,,
SENATOR HERBERT H. KOHL,2011,SENATORS OFFICIAL PERSONNEL AND OFFICE EXPENSE ACCOUNT,1254,BANNER NET PAYROLL,1254,0.0,0.0,banner_missing,banner,,,
SENATOR HERBERT H. KOHL,2011,SENATORS OFFICIAL PERSONNEL AND OFFICE EXPENSE ACCOUNT,1254,BANNER ORGANIZATION TOTALS,1254,0.0,0.0,ok,banner,,,
SENATOR HERBERT H. KOHL,2012,SENATORS OFFICIAL PERSONNEL AND OFFICE EXPENSE ACCOUNT,1255,TRAVEL AND TRANSPORTATION OF PERSONS,1268,30872.94,1253843.01,fail,segment,source_mismatch,1253843.01,
SENATOR HERBERT H. KOHL,2012,SENATORS OFFICIAL PERSONNEL AND OFFICE EXPENSE ACCOUNT,1255,OTHER CONTRACTUAL SERVICES,1269,22848.0,22848.0,ok,segment,,,
SENATOR HERBERT H. KOHL,2012,SENATORS OFFICIAL PERSONNEL AND OFFICE EXPENSE ACCOUNT,1255,ACQUISITION OF ASSETS,1269,1295.28,1295.28,ok,segment,,,
SENATOR HERBERT H. KOHL,2012,SENATORS OFFICIAL PERSONNEL AND OFFICE EXPENSE ACCOUNT,1255,OTHER PERSONNEL COMPENSATION,1269,2245.45,0.0,component,payroll_component,,,
SENATOR HERBERT H. KOHL,2012,SENATORS OFFICIAL PERSONNEL AND OFFICE EXPENSE ACCOUNT,1255,PERSONNEL COMP. FULL-TIME PERMANENT,1269,1220724.62,0.0,component,payroll_component,,,
SENATOR HERBERT H. KOHL,2012,SENATORS OFFICIAL PERSONNEL AND OFFICE EXPENSE ACCOUNT,1255,RE-EMPLOYED ANNUITANTS,1269,8814.0,0.0,component,payroll_component,,,
SENATOR HERBERT H. KOHL,2012,SENATORS OFFICIAL PERSONNEL AND OFFICE EXPENSE ACCOUNT,1255,PERSONNEL BENEFITS,1269,5471.6,0.0,component,payroll_component,,,
SENATOR HERBERT H. KOHL,2012,SENATORS OFFICIAL PERSONNEL AND OFFICE EXPENSE ACCOUNT,1255,NET PAYROLL EXPENSES,1269,1237255.67,14285.6,fail,segment,inconclusive,0.0,
SENATOR HERBERT H. KOHL,2012,SENATORS OFFICIAL PERSONNEL AND OFFICE EXPENSE ACCOUNT,1255,BANNER NET PAYROLL,1255,1237255.67,1237255.67,ok,banner,,,
SENATOR HERBERT H. KOHL,2012,SENATORS OFFICIAL PERSONNEL AND OFFICE EXPENSE ACCOUNT,1255,BANNER ORGANIZATION TOTALS,1255,1331513.36,1292271.89,warn,banner,,,banner_only_categories
SENATOR JON KYL,2010,SENATORS OFFICIAL PERSONNEL AND OFFICE EXPENSE ACCOUNT,1270,BANNER NET PAYROLL,1270,0.0,0.0,banner_missing,banner,,,
SENATOR JON KYL,2010,SENATORS OFFICIAL PERSONNEL AND OFFICE EXPENSE ACCOUNT,1270,BANNER ORGANIZATION TOTALS,1270,0.0,0.0,ok,banner,,,
SENATOR JON KYL,2011,SENATORS OFFICIAL PERSONNEL AND OFFICE EXPENSE ACCOUNT,1271,BANNER NET PAYROLL,1271,0.0,0.0,banner_missing,banner,,,
SENATOR JON KYL,2011,SENATORS OFFICIAL PERSONNEL AND OFFICE EXPENSE ACCOUNT,1271,BANNER ORGANIZATION TOTALS,1271,0.0,0.0,ok,banner,,,
SENATOR JON KYL,2012,SENATORS OFFICIAL PERSONNEL AND OFFICE EXPENSE ACCOUNT,1272,TRAVEL AND TRANSPORTATION OF PERSONS,1275,43605.16,1541902.69,fail,segment,source_mismatch,1541902.69,
SENATOR JON KYL,2012,SENATORS OFFICIAL PERSONNEL AND OFFICE EXPENSE ACCOUNT,1272,OTHER CONTRACTUAL SERVICES,1276,4996.47,4996.47,ok,segment,,,
SENATOR JON KYL,2012,SENATORS OFFICIAL PERSONNEL AND OFFICE EXPENSE ACCOUNT,1272,PERSONNEL COMP. FULL-TIME PERMANENT,1276,1398297.53,0.0,component,payroll_component,,,
SENATOR JON KYL,2012,SENATORS OFFICIAL PERSONNEL AND OFFICE EXPENSE ACCOUNT,1272,PERSONNEL BENEFITS,1276,4775.0,0.0,component,payroll_component,,,
SENATOR JON KYL,2012,SENATORS OFFICIAL PERSONNEL AND OFFICE EXPENSE ACCOUNT,1272,NET PAYROLL EXPENSES,1276,1403072.53,4775.0,fail,segment,inconclusive,0.0,
SENATOR JON KYL,2012,SENATORS OFFICIAL PERSONNEL AND OFFICE EXPENSE ACCOUNT,1272,BANNER NET PAYROLL,1272,1403072.53,1403072.53,ok,banner,,,
SENATOR JON KYL,2012,SENATORS OFFICIAL PERSONNEL AND OFFICE EXPENSE ACCOUNT,1272,BANNER ORGANIZATION TOTALS,1272,1492036.29,1551674.16,fail,banner,,,
SENATOR MARY L. LANDRIEU,2010,SENATORS OFFICIAL PERSONNEL AND OFFICE EXPENSE ACCOUNT,1277,TRAVEL AND TRANSPORTATION OF PERSONS,1277,494.5,494.5,ok,segment,,,
SENATOR MARY L. LANDRIEU,2010,SENATORS OFFICIAL PERSONNEL AND OFFICE EXPENSE ACCOUNT,1277,BANNER NET PAYROLL,1277,0.0,0.0,banner_missing,banner,,,
SENATOR MARY L. LANDRIEU,2010,SENATORS OFFICIAL PERSONNEL AND OFFICE EXPENSE ACCOUNT,1277,BANNER ORGANIZATION TOTALS,1277,20494.5,494.5,warn,banner,,,banner_only_categories
SENATOR MARY L. LANDRIEU,2011,SENATORS OFFICIAL PERSONNEL AND OFFICE EXPENSE ACCOUNT,1278,TRAVEL AND TRANSPORTATION OF PERSONS,1278,723.5,723.5,ok,segment,,,
SENATOR MARY L. LANDRIEU,2011,SENATORS OFFICIAL PERSONNEL AND OFFICE EXPENSE ACCOUNT,1278,BANNER NET PAYROLL,1278,0.0,0.0,banner_missing,banner,,,
SENATOR MARY L. LANDRIEU,2011,SENATORS OFFICIAL PERSONNEL AND OFFICE EXPENSE ACCOUNT,1278,BANNER ORGANIZATION TOTALS,1278,3208.5,723.5,warn,banner,,,banner_only_categories
SENATOR MARY L. LANDRIEU,2012,SENATORS OFFICIAL PERSONNEL AND OFFICE EXPENSE ACCOUNT,1279,TRAVEL AND TRANSPORTATION OF PERSONS,1291,112645.48,1402932.79,fail,segment,source_mismatch,1402932.79,
SENATOR MARY L. LANDRIEU,2012,SENATORS OFFICIAL PERSONNEL AND OFFICE EXPENSE ACCOUNT,1279,OTHER CONTRACTUAL SERVICES,1292,12330.12,12330.12,ok,segment,,,
SENATOR MARY L. LANDRIEU,2012,SENATORS OFFICIAL PERSONNEL AND OFFICE EXPENSE ACCOUNT,1279,PERSONNEL COMP. FULL-TIME PERMANENT,1292,1290287.31,0.0,component,payroll_component,,,
SENATOR MARY L. LANDRIEU,2012,SENATORS OFFICIAL PERSONNEL AND OFFICE EXPENSE ACCOUNT,1279,PERSONNEL BENEFITS,1292,4887.65,0.0,component,payroll_component,,,
SENATOR MARY L. LANDRIEU,2012,SENATORS OFFICIAL PERSONNEL AND OFFICE EXPENSE ACCOUNT,1279,NET PAYROLL EXPENSES,1292,1295174.96,4887.65,fail,segment,inconclusive,0.0,
SENATOR MARY L. LANDRIEU,2012,SENATORS OFFICIAL PERSONNEL AND OFFICE EXPENSE ACCOUNT,1279,BANNER NET PAYROLL,1279,1295174.96,1295174.96,ok,banner,,,
SENATOR MARY L. LANDRIEU,2012,SENATORS OFFICIAL PERSONNEL AND OFFICE EXPENSE ACCOUNT,1279,BANNER ORGANIZATION TOTALS,1279,1500460.11,1420150.56,warn,banner,,,banner_only_categories
SENATOR FRANK R. LAUTENBERG,2010,SENATORS OFFICIAL PERSONNEL AND OFFICE EXPENSE ACCOUNT,1293,ACQUISITION OF ASSETS,1293,555.21,555.21,ok,segment,,,
SENATOR FRANK R. LAUTENBERG,2010,SENATORS OFFICIAL PERSONNEL AND OFFICE EXPENSE ACCOUNT,1293,BANNER NET PAYROLL,1293,0.0,0.0,banner_missing,banner,,,
SENATOR FRANK R. LAUTENBERG,2010,SENATORS OFFICIAL PERSONNEL AND OFFICE EXPENSE ACCOUNT,1293,BANNER ORGANIZATION TOTALS,1293,555.21,555.21,ok,banner,,,
SENATOR FRANK R. LAUTENBERG,2011,SENATORS OFFICIAL PERSONNEL AND OFFICE EXPENSE ACCOUNT,1294,ACQUISITION OF ASSETS,1294,7126.0,7126.0,ok,segment,,,
SENATOR FRANK R. LAUTENBERG,2011,SENATORS OFFICIAL PERSONNEL AND OFFICE EXPENSE ACCOUNT,1294,BANNER NET PAYROLL,1294,0.0,0.0,banner_missing,banner,,,
SENATOR FRANK R. LAUTENBERG,2011,SENATORS OFFICIAL PERSONNEL AND OFFICE EXPENSE ACCOUNT,1294,BANNER ORGANIZATION TOTALS,1294,7154.87,7126.0,warn,banner,,,banner_only_categories
SENATOR FRANK R. LAUTENBERG,2012,SENATORS OFFICIAL PERSONNEL AND OFFICE EXPENSE ACCOUNT,1295,TRAVEL AND TRANSPORTATION OF PERSONS,1303,26770.4,1547484.35,fail,segment,source_mismatch,1547484.35,
SENATOR FRANK R. LAUTENBERG,2012,SENATORS OFFICIAL PERSONNEL AND OFFICE EXPENSE ACCOUNT,1295,OTHER CONTRACTUAL SERVICES,1303,395.2,395.2,ok,segment,,,
SENATOR FRANK R. LAUTENBERG,2012,SENATORS OFFICIAL PERSONNEL AND OFFICE EXPENSE ACCOUNT,1295,ACQUISITION OF ASSETS,1303,11340.35,11340.35,ok,segment,,,
SENATOR FRANK R. LAUTENBERG,2012,SENATORS OFFICIAL PERSONNEL AND OFFICE EXPENSE ACCOUNT,1295,OTHER PERSONNEL COMPENSATION,1303,16564.76,0.0,component,payroll_component,,,
SENATOR FRANK R. LAUTENBERG,2012,SENATORS OFFICIAL PERSONNEL AND OFFICE EXPENSE ACCOUNT,1295,PERSONNEL COMP. FULL-TIME PERMANENT,1303,1505234.05,0.0,component,payroll_component,,,
SENATOR FRANK R. LAUTENBERG,2012,SENATORS OFFICIAL PERSONNEL AND OFFICE EXPENSE ACCOUNT,1295,PERSONNEL BENEFITS,1303,6805.45,0.0,component,payroll_component,,,
SENATOR FRANK R. LAUTENBERG,2012,SENATORS OFFICIAL PERSONNEL AND OFFICE EXPENSE ACCOUNT,1295,NET PAYROLL EXPENSES,1303,1528604.26,6805.45,fail,segment,inconclusive,0.0,
SENATOR FRANK R. LAUTENBERG,2012,SENATORS OFFICIAL PERSONNEL AND OFFICE EXPENSE ACCOUNT,1295,BANNER NET PAYROLL,1295,1528604.26,1528604.26,ok,banner,,,
SENATOR FRANK R. LAUTENBERG,2012,SENATORS OFFICIAL PERSONNEL AND OFFICE EXPENSE ACCOUNT,1295,BANNER ORGANIZATION TOTALS,1295,1621438.93,1566025.35,fail,banner,,,
SENATOR PATRICK J. LEAHY,2010,SENATORS OFFICIAL PERSONNEL AND OFFICE EXPENSE ACCOUNT,1304,BANNER NET PAYROLL,1304,0.0,0.0,banner_missing,banner,,,
SENATOR PATRICK J. LEAHY,2010,SENATORS OFFICIAL PERSONNEL AND OFFICE EXPENSE ACCOUNT,1304,BANNER ORGANIZATION TOTALS,1304,0.0,0.0,ok,banner,,,
SENATOR PATRICK J. LEAHY,2011,SENATORS OFFICIAL PERSONNEL AND OFFICE EXPENSE ACCOUNT,1305,ACQUISITION OF ASSETS,1305,15000.0,15000.0,ok,segment,,,
SENATOR PATRICK J. LEAHY,2011,SENATORS OFFICIAL PERSONNEL AND OFFICE EXPENSE ACCOUNT,1305,BANNER NET PAYROLL,1305,0.0,0.0,banner_missing,banner,,,
SENATOR PATRICK J. LEAHY,2011,SENATORS OFFICIAL PERSONNEL AND OFFICE EXPENSE ACCOUNT,1305,BANNER ORGANIZATION TOTALS,1305,15175.0,15000.0,warn,banner,,,banner_only_categories
SENATOR PATRICK J. LEAHY,2012,SENATORS OFFICIAL PERSONNEL AND OFFICE EXPENSE ACCOUNT,1306,TRAVEL AND TRANSPORTATION OF PERSONS,1315,38404.02,1313443.1,fail,segment,source_mismatch,1313443.1,
SENATOR PATRICK J. LEAHY,2012,SENATORS OFFICIAL PERSONNEL AND OFFICE EXPENSE ACCOUNT,1306,OTHER CONTRACTUAL SERVICES,1315,3335.93,3335.93,ok,segment,,,
SENATOR PATRICK J. LEAHY,2012,SENATORS OFFICIAL PERSONNEL AND OFFICE EXPENSE ACCOUNT,1306,ACQUISITION OF ASSETS,1315,19095.0,19095.0,ok,segment,,,
SENATOR PATRICK J. LEAHY,2012,SENATORS OFFICIAL PERSONNEL AND OFFICE EXPENSE ACCOUNT,1306,PERSONNEL COMP. FULL-TIME PERMANENT,1315,1275039.08,0.0,component,payroll_component,,,
SENATOR PATRICK J. LEAHY,2012,SENATORS OFFICIAL PERSONNEL AND OFFICE EXPENSE ACCOUNT,1306,PERSONNEL BENEFITS,1315,4342.85,0.0,component,payroll_component,,,
SENATOR PATRICK J. LEAHY,2012,SENATORS OFFICIAL PERSONNEL AND OFFICE EXPENSE ACCOUNT,1306,NET PAYROLL EXPENSES,1315,1279381.93,4342.85,fail,segment,inconclusive,0.0,
SENATOR PATRICK J. LEAHY,2012,SENATORS OFFICIAL PERSONNEL AND OFFICE EXPENSE ACCOUNT,1306,BANNER NET PAYROLL,1306,1279381.93,1279381.93,ok,banner,,,
SENATOR PATRICK J. LEAHY,2012,SENATORS OFFICIAL PERSONNEL AND OFFICE EXPENSE ACCOUNT,1306,BANNER ORGANIZATION TOTALS,1306,1383510.92,1340216.88,warn,banner,,,banner_only_categories
SENATOR MIKE LEE,2011,SENATORS OFFICIAL PERSONNEL AND OFFICE EXPENSE ACCOUNT,1316,TRAVEL AND TRANSPORTATION OF PERSONS,1316,209.1,209.1,ok,segment,,,
SENATOR MIKE LEE,2011,SENATORS OFFICIAL PERSONNEL AND OFFICE EXPENSE ACCOUNT,1316,ACQUISITION OF ASSETS,1316,6006.41,6006.41,ok,segment,,,
SENATOR MIKE LEE,2011,SENATORS OFFICIAL PERSONNEL AND OFFICE EXPENSE ACCOUNT,1316,BANNER NET PAYROLL,1316,0.0,0.0,banner_missing,banner,,,
SENATOR MIKE LEE,2011,SENATORS OFFICIAL PERSONNEL AND OFFICE EXPENSE ACCOUNT,1316,BANNER ORGANIZATION TOTALS,1316,6215.51,6215.51,ok,banner,,,
SENATOR MIKE LEE,2012,SENATORS OFFICIAL PERSONNEL AND OFFICE EXPENSE ACCOUNT,1317,TRAVEL AND TRANSPORTATION OF PERSONS,1325,72216.64,1381127.54,fail,segment,source_mismatch,1381127.54,
SENATOR MIKE LEE,2012,SENATORS OFFICIAL PERSONNEL AND OFFICE EXPENSE ACCOUNT,1317,OTHER CONTRACTUAL SERVICES,1325,2746.95,2746.95,ok,segment,,,
SENATOR MIKE LEE,2012,SENATORS OFFICIAL PERSONNEL AND OFFICE EXPENSE ACCOUNT,1317,ACQUISITION OF ASSETS,1325,5846.53,5846.53,ok,segment,,,
SENATOR MIKE LEE,2012,SENATORS OFFICIAL PERSONNEL AND OFFICE EXPENSE ACCOUNT,1317,PERSONNEL COMP. FULL-TIME PERMANENT,1325,1308910.9,0.0,component,payroll_component,,,
SENATOR MIKE LEE,2012,SENATORS OFFICIAL PERSONNEL AND OFFICE EXPENSE ACCOUNT,1317,PERSONNEL BENEFITS,1325,2668.65,0.0,component,payroll_component,,,
SENATOR MIKE LEE,2012,SENATORS OFFICIAL PERSONNEL AND OFFICE EXPENSE ACCOUNT,1317,NET PAYROLL EXPENSES,1325,1311579.55,2668.65,fail,segment,inconclusive,0.0,
SENATOR MIKE LEE,2012,SENATORS OFFICIAL PERSONNEL AND OFFICE EXPENSE ACCOUNT,1317,BANNER NET PAYROLL,1317,1311579.55,1311579.55,ok,banner,,,
SENATOR MIKE LEE,2012,SENATORS OFFICIAL PERSONNEL AND OFFICE EXPENSE ACCOUNT,1317,BANNER ORGANIZATION TOTALS,1317,1478498.97,1392389.67,warn,banner,,,banner_only_categories
SENATOR GEORGE LEMIEUX,2010,SENATORS OFFICIAL PERSONNEL AND OFFICE EXPENSE ACCOUNT,1326,BANNER NET PAYROLL,1326,0.0,0.0,banner_missing,banner,,,
SENATOR GEORGE LEMIEUX,2010,SENATORS OFFICIAL PERSONNEL AND OFFICE EXPENSE ACCOUNT,1326,BANNER ORGANIZATION TOTALS,1326,0.0,0.0,ok,banner,,,
SENATOR GEORGE LEMIEUX,2011,SENATORS OFFICIAL PERSONNEL AND OFFICE EXPENSE ACCOUNT,1327,BANNER NET PAYROLL,1327,0.0,0.0,banner_missing,banner,,,
SENATOR GEORGE LEMIEUX,2011,SENATORS OFFICIAL PERSONNEL AND OFFICE EXPENSE ACCOUNT,1327,BANNER ORGANIZATION TOTALS,1327,0.0,0.0,ok,banner,,,
SENATOR CARL LEVIN,2010,SENATORS OFFICIAL PERSONNEL AND OFFICE EXPENSE ACCOUNT,1328,BANNER NET PAYROLL,1328,0.0,0.0,banner_missing,banner,,,
SENATOR CARL LEVIN,2010,SENATORS OFFICIAL PERSONNEL AND OFFICE EXPENSE ACCOUNT,1328,BANNER ORGANIZATION TOTALS,1328,0.0,0.0,ok,banner,,,
SENATOR CARL LEVIN,2011,SENATORS OFFICIAL PERSONNEL AND OFFICE EXPENSE ACCOUNT,1329,BANNER NET PAYROLL,1329,0.0,0.0,banner_missing,banner,,,
SENATOR CARL LEVIN,2011,SENATORS OFFICIAL PERSONNEL AND OFFICE EXPENSE ACCOUNT,1329,BANNER ORGANIZATION TOTALS,1329,0.0,0.0,ok,banner,,,
SENATOR CARL LEVIN,2012,SENATORS OFFICIAL PERSONNEL AND OFFICE EXPENSE ACCOUNT,1330,TRAVEL AND TRANSPORTATION OF PERSONS,1339,31707.74,1726148.21,fail,segment,source_mismatch,1726148.21,
SENATOR CARL LEVIN,2012,SENATORS OFFICIAL PERSONNEL AND OFFICE EXPENSE ACCOUNT,1330,OTHER CONTRACTUAL SERVICES,1339,1248.45,1248.45,ok,segment,,,
SENATOR CARL LEVIN,2012,SENATORS OFFICIAL PERSONNEL AND OFFICE EXPENSE ACCOUNT,1330,ACQUISITION OF ASSETS,1339,20694.99,20694.99,ok,segment,,,
SENATOR CARL LEVIN,2012,SENATORS OFFICIAL PERSONNEL AND OFFICE EXPENSE ACCOUNT,1330,OTHER PERSONNEL COMPENSATION,1339,349.14,0.0,component,payroll_component,,,
SENATOR CARL LEVIN,2012,SENATORS OFFICIAL PERSONNEL AND OFFICE EXPENSE ACCOUNT,1330,PERSONNEL COMP. FULL-TIME PERMANENT,1339,1694070.66,0.0,component,payroll_component,,,
SENATOR CARL LEVIN,2012,SENATORS OFFICIAL PERSONNEL AND OFFICE EXPENSE ACCOUNT,1330,RE-EMPLOYED ANNUITANTS,1339,2958.0,0.0,component,payroll_component,,,
SENATOR CARL LEVIN,2012,SENATORS OFFICIAL PERSONNEL AND OFFICE EXPENSE ACCOUNT,1330,PERSONNEL BENEFITS,1339,4806.9,0.0,component,payroll_component,,,
SENATOR CARL LEVIN,2012,SENATORS OFFICIAL PERSONNEL AND OFFICE EXPENSE ACCOUNT,1330,NET PAYROLL EXPENSES,1339,1702184.7,7764.9,fail,segment,inconclusive,0.0,
SENATOR CARL LEVIN,2012,SENATORS OFFICIAL PERSONNEL AND OFFICE EXPENSE ACCOUNT,1330,BANNER NET PAYROLL,1330,1702184.7,1702184.7,ok,banner,,,
SENATOR CARL LEVIN,2012,SENATORS OFFICIAL PERSONNEL AND OFFICE EXPENSE ACCOUNT,1330,BANNER ORGANIZATION TOTALS,1330,1808825.68,1755856.55,fail,banner,,,
SENATOR JOSEPH I. LIEBERMAN,2010,SENATORS OFFICIAL PERSONNEL AND OFFICE EXPENSE ACCOUNT,1340,BANNER NET PAYROLL,1340,0.0,0.0,banner_missing,banner,,,
SENATOR JOSEPH I. LIEBERMAN,2010,SENATORS OFFICIAL PERSONNEL AND OFFICE EXPENSE ACCOUNT,1340,BANNER ORGANIZATION TOTALS,1340,0.0,0.0,ok,banner,,,
SENATOR JOSEPH I. LIEBERMAN,2011,SENATORS OFFICIAL PERSONNEL AND OFFICE EXPENSE ACCOUNT,1341,BANNER NET PAYROLL,1341,0.0,0.0,banner_missing,banner,,,
SENATOR JOSEPH I. LIEBERMAN,2011,SENATORS OFFICIAL PERSONNEL AND OFFICE EXPENSE ACCOUNT,1341,BANNER ORGANIZATION TOTALS,1341,0.0,0.0,ok,banner,,,
SENATOR JOSEPH I. LIEBERMAN,2012,SENATORS OFFICIAL PERSONNEL AND OFFICE EXPENSE ACCOUNT,1342,TRAVEL AND TRANSPORTATION OF PERSONS,1345,12687.75,1409748.31,fail,segment,source_mismatch,1409748.31,
SENATOR JOSEPH I. LIEBERMAN,2012,SENATORS OFFICIAL PERSONNEL AND OFFICE EXPENSE ACCOUNT,1342,OTHER CONTRACTUAL SERVICES,1345,6488.72,6488.72,ok,segment,,,
SENATOR JOSEPH I. LIEBERMAN,2012,SENATORS OFFICIAL PERSONNEL AND OFFICE EXPENSE ACCOUNT,1342,ACQUISITION OF ASSETS,1345,678.26,678.26,ok,segment,,,
SENATOR JOSEPH I. LIEBERMAN,2012,SENATORS OFFICIAL PERSONNEL AND OFFICE EXPENSE ACCOUNT,1342,OTHER PERSONNEL COMPENSATION,1345,3842.06,0.0,component,payroll_component,,,
SENATOR JOSEPH I. LIEBERMAN,2012,SENATORS OFFICIAL PERSONNEL AND OFFICE EXPENSE ACCOUNT,1342,PERSONNEL COMP. FULL-TIME PERMANENT,1345,1394256.35,0.0,component,payroll_component,,,
SENATOR JOSEPH I. LIEBERMAN,2012,SENATORS OFFICIAL PERSONNEL AND OFFICE EXPENSE ACCOUNT,1342,PERSONNEL BENEFITS,1345,7278.1,0.0,component,payroll_component,,,
SENATOR JOSEPH I. LIEBERMAN,2012,SENATORS OFFICIAL PERSONNEL AND OFFICE EXPENSE ACCOUNT,1342,NET PAYROLL EXPENSES,1346,1405376.51,7278.1,fail,segment,inconclusive,0.0,
SENATOR JOSEPH I. LIEBERMAN,2012,SENATORS OFFICIAL PERSONNEL AND OFFICE EXPENSE ACCOUNT,1342,BANNER NET PAYROLL,1342,1405376.51,1405376.51,ok,banner,,,
SENATOR JOSEPH I. LIEBERMAN,2012,SENATORS OFFICIAL PERSONNEL AND OFFICE EXPENSE ACCOUNT,1342,BANNER ORGANIZATION TOTALS,1342,1451353.62,1424193.39,fail,banner,,,
SENATOR BLANCHE L. LINCOLN,2010,SENATORS OFFICIAL PERSONNEL AND OFFICE EXPENSE ACCOUNT,1347,BANNER NET PAYROLL,1347,0.0,0.0,banner_missing,banner,,,
SENATOR BLANCHE L. LINCOLN,2010,SENATORS OFFICIAL PERSONNEL AND OFFICE EXPENSE ACCOUNT,1347,BANNER ORGANIZATION TOTALS,1347,0.0,0.0,ok,banner,,,
SENATOR BLANCHE L. LINCOLN,2011,SENATORS OFFICIAL PERSONNEL AND OFFICE EXPENSE ACCOUNT,1348,BANNER NET PAYROLL,1348,0.0,0.0,banner_missing,banner,,,
SENATOR BLANCHE L. LINCOLN,2011,SENATORS OFFICIAL PERSONNEL AND OFFICE EXPENSE ACCOUNT,1348,BANNER ORGANIZATION TOTALS,1348,0.0,0.0,ok,banner,,,
SENATOR RICHARD G. LUGAR,2010,SENATORS OFFICIAL PERSONNEL AND OFFICE EXPENSE ACCOUNT,1349,TRAVEL AND TRANSPORTATION OF PERSONS,1349,-868.23,-868.23,ok,segment,,,
SENATOR RICHARD G. LUGAR,2010,SENATORS OFFICIAL PERSONNEL AND OFFICE EXPENSE ACCOUNT,1349,BANNER NET PAYROLL,1349,0.0,0.0,banner_missing,banner,,,
SENATOR RICHARD G. LUGAR,2010,SENATORS OFFICIAL PERSONNEL AND OFFICE EXPENSE ACCOUNT,1349,BANNER ORGANIZATION TOTALS,1349,868.23,868.23,ok,banner,,,
SENATOR RICHARD G. LUGAR,2011,SENATORS OFFICIAL PERSONNEL AND OFFICE EXPENSE ACCOUNT,1350,TRAVEL AND TRANSPORTATION OF PERSONS,1350,-788.94,-788.94,ok,segment,,,
SENATOR RICHARD G. LUGAR,2011,SENATORS OFFICIAL PERSONNEL AND OFFICE EXPENSE ACCOUNT,1350,BANNER NET PAYROLL,1350,0.0,0.0,banner_missing,banner,,,
SENATOR RICHARD G. LUGAR,2011,SENATORS OFFICIAL PERSONNEL AND OFFICE EXPENSE ACCOUNT,1350,BANNER ORGANIZATION TOTALS,1350,612.39,788.94,fail,banner,,,
SENATOR RICHARD G. LUGAR,2012,SENATORS OFFICIAL PERSONNEL AND OFFICE EXPENSE ACCOUNT,1351,TRAVEL AND TRANSPORTATION OF PERSONS,1356,13585.85,1517289.67,fail,segment,source_mismatch,1517289.67,
SENATOR RICHARD G. LUGAR,2012,SENATORS OFFICIAL PERSONNEL AND OFFICE EXPENSE ACCOUNT,1351,OTHER CONTRACTUAL SERVICES,1357,3353.2,3353.2,ok,segment,,,
SENATOR RICHARD G. LUGAR,2012,SENATORS OFFICIAL PERSONNEL AND OFFICE EXPENSE ACCOUNT,1351,PERSONNEL COMP. FULL-TIME PERMANENT,1357,1503703.82,0.0,component,payroll_component,,,
SENATOR RICHARD G. LUGAR,2012,SENATORS OFFICIAL PERSONNEL AND OFFICE EXPENSE ACCOUNT,1351,PERSONNEL BENEFITS,1357,1396.75,0.0,component,payroll_component,,,
SENATOR RICHARD G. LUGAR,2012,SENATORS OFFICIAL PERSONNEL AND OFFICE EXPENSE ACCOUNT,1351,NET PAYROLL EXPENSES,1357,1505100.57,1396.75,fail,segment,inconclusive,0.0,
SENATOR RICHARD G. LUGAR,2012,SENATORS OFFICIAL PERSONNEL AND OFFICE EXPENSE ACCOUNT,1351,BANNER NET PAYROLL,1351,1505100.57,1505100.57,ok,banner,,,
SENATOR RICHARD G. LUGAR,2012,SENATORS OFFICIAL PERSONNEL AND OFFICE EXPENSE ACCOUNT,1351,BANNER ORGANIZATION TOTALS,1351,1559004.64,1522039.62,warn,banner,,,banner_only_categories
SENATOR JOE MANCHIN,2011,SENATORS OFFICIAL PERSONNEL AND OFFICE EXPENSE ACCOUNT,1358,BANNER NET PAYROLL,1358,0.0,0.0,banner_missing,banner,,,
SENATOR JOE MANCHIN,2011,SENATORS OFFICIAL PERSONNEL AND OFFICE EXPENSE ACCOUNT,1358,BANNER ORGANIZATION TOTALS,1358,0.0,0.0,ok,banner,,,
SENATOR JOE MANCHIN,2012,SENATORS OFFICIAL PERSONNEL AND OFFICE EXPENSE ACCOUNT,1359,TRAVEL AND TRANSPORTATION OF PERSONS,1371,44446.61,1144023.79,fail,segment,source_mismatch,1144023.79,
SENATOR JOE MANCHIN,2012,SENATORS OFFICIAL PERSONNEL AND OFFICE EXPENSE ACCOUNT,1359,OTHER CONTRACTUAL SERVICES,1372,864.85,864.85,ok,segment,,,
SENATOR JOE MANCHIN,2012,SENATORS OFFICIAL PERSONNEL AND OFFICE EXPENSE ACCOUNT,1359,ACQUISITION OF ASSETS,1372,2855.0,2855.0,ok,segment,,,
SENATOR JOE MANCHIN,2012,SENATORS OFFICIAL PERSONNEL AND OFFICE EXPENSE ACCOUNT,1359,OTHER PERSONNEL COMPENSATION,1372,10327.44,0.0,component,payroll_component,,,
SENATOR JOE MANCHIN,2012,SENATORS OFFICIAL PERSONNEL AND OFFICE EXPENSE ACCOUNT,1359,PERSONNEL COMP. FULL-TIME PERMANENT,1372,1089249.74,0.0,component,payroll_component,,,
SENATOR JOE MANCHIN,2012,SENATORS OFFICIAL PERSONNEL AND OFFICE EXPENSE ACCOUNT,1359,PERSONNEL BENEFITS,1372,6320.2,0.0,component,payroll_component,,,
SENATOR JOE MANCHIN,2012,SENATORS OFFICIAL PERSONNEL AND OFFICE EXPENSE ACCOUNT,1359,NET PAYROLL EXPENSES,1372,1105897.38,6320.2,fail,segment,inconclusive,0.0,
SENATOR JOE MANCHIN,2012,SENATORS OFFICIAL PERSONNEL AND OFFICE EXPENSE ACCOUNT,1359,BANNER NET PAYROLL,1359,1105897.38,1105897.38,ok,banner,,,
SENATOR JOE MANCHIN,2012,SENATORS OFFICIAL PERSONNEL AND OFFICE EXPENSE ACCOUNT,1359,BANNER ORGANIZATION TOTALS,1359,1197900.14,1154063.84,warn,banner,,,banner_only_categories
SENATOR JOHN MCCAIN,2010,SENATORS OFFICIAL PERSONNEL AND OFFICE EXPENSE ACCOUNT,1373,BANNER NET PAYROLL,1373,0.0,0.0,banner_missing,banner,,,
SENATOR JOHN MCCAIN,2010,SENATORS OFFICIAL PERSONNEL AND OFFICE EXPENSE ACCOUNT,1373,BANNER ORGANIZATION TOTALS,1373,0.0,0.0,ok,banner,,,
SENATOR JOHN MCCAIN,2011,SENATORS OFFICIAL PERSONNEL AND OFFICE EXPENSE ACCOUNT,1374,TRAVEL AND TRANSPORTATION OF PERSONS,1374,313.65,313.65,ok,segment,,,
SENATOR JOHN MCCAIN,2011,SENATORS OFFICIAL PERSONNEL AND OFFICE EXPENSE ACCOUNT,1374,ACQUISITION OF ASSETS,1374,3365.0,3365.0,ok,segment,,,
SENATOR JOHN MCCAIN,2011,SENATORS OFFICIAL PERSONNEL AND OFFICE EXPENSE ACCOUNT,1374,BANNER NET PAYROLL,1374,0.0,0.0,banner_missing,banner,,,
SENATOR JOHN MCCAIN,2011,SENATORS OFFICIAL PERSONNEL AND OFFICE EXPENSE ACCOUNT,1374,BANNER ORGANIZATION TOTALS,1374,3678.65,3678.65,ok,banner,,,
SENATOR JOHN MCCAIN,2012,SENATORS OFFICIAL PERSONNEL AND OFFICE EXPENSE ACCOUNT,1375,TRAVEL AND TRANSPORTATION OF PERSONS,1379,32478.51,1296286.05,fail,segment,source_mismatch,1296286.05,
SENATOR JOHN MCCAIN,2012,SENATORS OFFICIAL PERSONNEL AND OFFICE EXPENSE ACCOUNT,1375,OTHER CONTRACTUAL SERVICES,1379,400.65,400.65,ok,segment,,,
SENATOR JOHN MCCAIN,2012,SENATORS OFFICIAL PERSONNEL AND OFFICE EXPENSE ACCOUNT,1375,ACQUISITION OF ASSETS,1379,54.66,54.66,ok,segment,,,
SENATOR JOHN MCCAIN,2012,SENATORS OFFICIAL PERSONNEL AND OFFICE EXPENSE ACCOUNT,1375,OTHER PERSONNEL COMPENSATION,1379,1380.28,0.0,component,payroll_component,,,
SENATOR JOHN MCCAIN,2012,SENATORS OFFICIAL PERSONNEL AND OFFICE EXPENSE ACCOUNT,1375,PERSONNEL COMP. FULL-TIME PERMANENT,1379,1262427.26,0.0,component,payroll_component,,,
SENATOR JOHN MCCAIN,2012,SENATORS OFFICIAL PERSONNEL AND OFFICE EXPENSE ACCOUNT,1375,PERSONNEL BENEFITS,1379,4240.0,0.0,component,payroll_component,,,
SENATOR JOHN MCCAIN,2012,SENATORS OFFICIAL PERSONNEL AND OFFICE EXPENSE ACCOUNT,1375,NET PAYROLL EXPENSES,1379,1268047.54,4240.0,fail,segment,inconclusive,0.0,
SENATOR JOHN MCCAIN,2012,SENATORS OFFICIAL PERSONNEL AND OFFICE EXPENSE ACCOUNT,1375,BANNER NET PAYROLL,1375,1268047.54,1268047.54,ok,banner,,,
SENATOR JOHN MCCAIN,2012,SENATORS OFFICIAL PERSONNEL AND OFFICE EXPENSE ACCOUNT,1375,BANNER ORGANIZATION TOTALS,1375,1341142.65,1300981.36,warn,banner,,,banner_only_categories
SENATOR CLAIRE MCCASKILL,2010,SENATORS OFFICIAL PERSONNEL AND OFFICE EXPENSE ACCOUNT,1380,BANNER NET PAYROLL,1380,0.0,0.0,banner_missing,banner,,,
SENATOR CLAIRE MCCASKILL,2010,SENATORS OFFICIAL PERSONNEL AND OFFICE EXPENSE ACCOUNT,1380,BANNER ORGANIZATION TOTALS,1380,0.0,0.0,ok,banner,,,
SENATOR CLAIRE MCCASKILL,2011,SENATORS OFFICIAL PERSONNEL AND OFFICE EXPENSE ACCOUNT,1381,BANNER NET PAYROLL,1381,0.0,0.0,banner_missing,banner,,,
SENATOR CLAIRE MCCASKILL,2011,SENATORS OFFICIAL PERSONNEL AND OFFICE EXPENSE ACCOUNT,1381,BANNER ORGANIZATION TOTALS,1381,0.0,0.0,ok,banner,,,
SENATOR CLAIRE MCCASKILL,2012,SENATORS OFFICIAL PERSONNEL AND OFFICE EXPENSE ACCOUNT,1382,TRAVEL AND TRANSPORTATION OF PERSONS,1397,42423.76,1172918.49,fail,segment,source_mismatch,1172918.49,
SENATOR CLAIRE MCCASKILL,2012,SENATORS OFFICIAL PERSONNEL AND OFFICE EXPENSE ACCOUNT,1382,OTHER CONTRACTUAL SERVICES,1398,1349.35,1349.35,ok,segment,,,
SENATOR CLAIRE MCCASKILL,2012,SENATORS OFFICIAL PERSONNEL AND OFFICE EXPENSE ACCOUNT,1382,ACQUISITION OF ASSETS,1398,118.31,118.31,ok,segment,,,
SENATOR CLAIRE MCCASKILL,2012,SENATORS OFFICIAL PERSONNEL AND OFFICE EXPENSE ACCOUNT,1382,OTHER PERSONNEL COMPENSATION,1398,3016.59,0.0,component,payroll_component,,,
SENATOR CLAIRE MCCASKILL,2012,SENATORS OFFICIAL PERSONNEL AND OFFICE EXPENSE ACCOUNT,1382,PERSONNEL COMP. FULL-TIME PERMANENT,1398,1127478.14,0.0,component,payroll_component,,,
SENATOR CLAIRE MCCASKILL,2012,SENATORS OFFICIAL PERSONNEL AND OFFICE EXPENSE ACCOUNT,1382,PERSONNEL BENEFITS,1398,4305.5,0.0,component,payroll_component,,,
SENATOR CLAIRE MCCASKILL,2012,SENATORS OFFICIAL PERSONNEL AND OFFICE EXPENSE ACCOUNT,1382,NET PAYROLL EXPENSES,1398,1134800.23,4305.5,fail,segment,inconclusive,0.0,
SENATOR CLAIRE MCCASKILL,2012,SENATORS OFFICIAL PERSONNEL AND OFFICE EXPENSE ACCOUNT,1382,BANNER NET PAYROLL,1382,1134800.23,1134800.23,ok,banner,,,
SENATOR CLAIRE MCCASKILL,2012,SENATORS OFFICIAL PERSONNEL AND OFFICE EXPENSE ACCOUNT,1382,BANNER ORGANIZATION TOTALS,1382,1219982.1,1178691.65,warn,banner,,,banner_only_categories
"SENATOR A. MITCHELL MCCONNELL, JR.",2010,SENATORS OFFICIAL PERSONNEL AND OFFICE EXPENSE ACCOUNT,1399,BANNER NET PAYROLL,1399,0.0,0.0,banner_missing,banner,,,
"SENATOR A. MITCHELL MCCONNELL, JR.",2010,SENATORS OFFICIAL PERSONNEL AND OFFICE EXPENSE ACCOUNT,1399,BANNER ORGANIZATION TOTALS,1399,0.0,0.0,ok,banner,,,
"SENATOR A. MITCHELL MCCONNELL, JR.",2011,SENATORS OFFICIAL PERSONNEL AND OFFICE EXPENSE ACCOUNT,1400,BANNER NET PAYROLL,1400,0.0,0.0,banner_missing,banner,,,
"SENATOR A. MITCHELL MCCONNELL, JR.",2011,SENATORS OFFICIAL PERSONNEL AND OFFICE EXPENSE ACCOUNT,1400,BANNER ORGANIZATION TOTALS,1400,0.0,0.0,ok,banner,,,
"SENATOR A. MITCHELL MCCONNELL, JR.",2012,SENATORS OFFICIAL PERSONNEL AND OFFICE EXPENSE ACCOUNT,1401,TRAVEL AND TRANSPORTATION OF PERSONS,1408,50559.07,1291133.67,fail,segment,source_mismatch,1291133.67,
"SENATOR A. MITCHELL MCCONNELL, JR.",2012,SENATORS OFFICIAL PERSONNEL AND OFFICE EXPENSE ACCOUNT,1401,OTHER CONTRACTUAL SERVICES,1408,666.5,666.5,ok,segment,,,
"SENATOR A. MITCHELL MCCONNELL, JR.",2012,SENATORS OFFICIAL PERSONNEL AND OFFICE EXPENSE ACCOUNT,1401,ACQUISITION OF ASSETS,1408,470.0,470.0,ok,segment,,,
"SENATOR A. MITCHELL MCCONNELL, JR.",2012,SENATORS OFFICIAL PERSONNEL AND OFFICE EXPENSE ACCOUNT,1401,PERSONNEL COMP. FULL-TIME PERMANENT,1408,1240574.6,0.0,component,payroll_component,,,
"SENATOR A. MITCHELL MCCONNELL, JR.",2012,SENATORS OFFICIAL PERSONNEL AND OFFICE EXPENSE ACCOUNT,1401,PERSONNEL BENEFITS,1408,2010.55,0.0,component,payroll_component,,,
"SENATOR A. MITCHELL MCCONNELL, JR.",2012,SENATORS OFFICIAL PERSONNEL AND OFFICE EXPENSE ACCOUNT,1401,NET PAYROLL EXPENSES,1408,1242585.15,2010.55,fail,segment,inconclusive,0.0,
"SENATOR A. MITCHELL MCCONNELL, JR.",2012,SENATORS OFFICIAL PERSONNEL AND OFFICE EXPENSE ACCOUNT,1401,BANNER NET PAYROLL,1401,1242585.15,1242585.15,ok,banner,,,
"SENATOR A. MITCHELL MCCONNELL, JR.",2012,SENATORS OFFICIAL PERSONNEL AND OFFICE EXPENSE ACCOUNT,1401,BANNER ORGANIZATION TOTALS,1401,1368665.99,1294280.72,warn,banner,,,banner_only_categories
SENATOR ROBERT MENENDEZ,2010,SENATORS OFFICIAL PERSONNEL AND OFFICE EXPENSE ACCOUNT,1409,BANNER NET PAYROLL,1409,0.0,0.0,banner_missing,banner,,,
SENATOR ROBERT MENENDEZ,2010,SENATORS OFFICIAL PERSONNEL AND OFFICE EXPENSE ACCOUNT,1409,BANNER ORGANIZATION TOTALS,1409,0.0,0.0,ok,banner,,,
SENATOR ROBERT MENENDEZ,2011,SENATORS OFFICIAL PERSONNEL AND OFFICE EXPENSE ACCOUNT,1410,PERSONNEL COMP. FULL-TIME PERMANENT,1410,-377.25,0.0,component,payroll_component,,,
SENATOR ROBERT MENENDEZ,2011,SENATORS OFFICIAL PERSONNEL AND OFFICE EXPENSE ACCOUNT,1410,NET PAYROLL EXPENSES,1410,-377.25,0.0,zero_records,segment,,,
SENATOR ROBERT MENENDEZ,2011,SENATORS OFFICIAL PERSONNEL AND OFFICE EXPENSE ACCOUNT,1410,BANNER NET PAYROLL,1410,377.25,377.25,ok,banner,,,
SENATOR ROBERT MENENDEZ,2011,SENATORS OFFICIAL PERSONNEL AND OFFICE EXPENSE ACCOUNT,1410,BANNER ORGANIZATION TOTALS,1410,377.25,0.0,warn,banner,,,captured_bvb_mismatch
SENATOR ROBERT MENENDEZ,2012,SENATORS OFFICIAL PERSONNEL AND OFFICE EXPENSE ACCOUNT,1411,TRAVEL AND TRANSPORTATION OF PERSONS,1417,40894.93,1555571.77,fail,segment,source_mismatch,1555571.77,
SENATOR ROBERT MENENDEZ,2012,SENATORS OFFICIAL PERSONNEL AND OFFICE EXPENSE ACCOUNT,1411,OTHER CONTRACTUAL SERVICES,1418,406.9,406.9,ok,segment,,,
SENATOR ROBERT MENENDEZ,2012,SENATORS OFFICIAL PERSONNEL AND OFFICE EXPENSE ACCOUNT,1411,ACQUISITION OF ASSETS,1418,500.0,500.0,ok,segment,,,
SENATOR ROBERT MENENDEZ,2012,SENATORS OFFICIAL PERSONNEL AND OFFICE EXPENSE ACCOUNT,1411,PERSONNEL COMP. FULL-TIME PERMANENT,1418,1514676.84,0.0,component,payroll_component,,,
SENATOR ROBERT MENENDEZ,2012,SENATORS OFFICIAL PERSONNEL AND OFFICE EXPENSE ACCOUNT,1411,PERSONNEL BENEFITS,1418,4816.2,0.0,component,payroll_component,,,
SENATOR ROBERT MENENDEZ,2012,SENATORS OFFICIAL PERSONNEL AND OFFICE EXPENSE ACCOUNT,1411,NET PAYROLL EXPENSES,1418,1519493.04,4816.2,fail,segment,inconclusive,0.0,
SENATOR ROBERT MENENDEZ,2012,SENATORS OFFICIAL PERSONNEL AND OFFICE EXPENSE ACCOUNT,1411,BANNER NET PAYROLL,1411,1519493.04,1519493.04,ok,banner,,,
SENATOR ROBERT MENENDEZ,2012,SENATORS OFFICIAL PERSONNEL AND OFFICE EXPENSE ACCOUNT,1411,BANNER ORGANIZATION TOTALS,1411,1619031.86,1561294.87,warn,banner,,,banner_only_categories
SENATOR JEFF MERKLEY,2010,SENATORS OFFICIAL PERSONNEL AND OFFICE EXPENSE ACCOUNT,1419,BANNER NET PAYROLL,1419,0.0,0.0,banner_missing,banner,,,
SENATOR JEFF MERKLEY,2010,SENATORS OFFICIAL PERSONNEL AND OFFICE EXPENSE ACCOUNT,1419,BANNER ORGANIZATION TOTALS,1419,0.0,0.0,ok,banner,,,
SENATOR JEFF MERKLEY,2011,SENATORS OFFICIAL PERSONNEL AND OFFICE EXPENSE ACCOUNT,1420,BANNER NET PAYROLL,1420,0.0,0.0,banner_missing,banner,,,
SENATOR JEFF MERKLEY,2011,SENATORS OFFICIAL PERSONNEL AND OFFICE EXPENSE ACCOUNT,1420,BANNER ORGANIZATION TOTALS,1420,55.0,0.0,warn,banner,,,banner_only_categories
SENATOR JEFF MERKLEY,2012,SENATORS OFFICIAL PERSONNEL AND OFFICE EXPENSE ACCOUNT,1421,TRAVEL AND TRANSPORTATION OF PERSONS,1429,51627.05,1461006.58,fail,segment,source_mismatch,1461006.58,
SENATOR JEFF MERKLEY,2012,SENATORS OFFICIAL PERSONNEL AND OFFICE EXPENSE ACCOUNT,1421,OTHER CONTRACTUAL SERVICES,1429,859.75,859.75,ok,segment,,,
SENATOR JEFF MERKLEY,2012,SENATORS OFFICIAL PERSONNEL AND OFFICE EXPENSE ACCOUNT,1421,ACQUISITION OF ASSETS,1429,54.9,54.9,ok,segment,,,
SENATOR JEFF MERKLEY,2012,SENATORS OFFICIAL PERSONNEL AND OFFICE EXPENSE ACCOUNT,1421,OTHER PERSONNEL COMPENSATION,1429,918.28,0.0,component,payroll_component,,,
SENATOR JEFF MERKLEY,2012,SENATORS OFFICIAL PERSONNEL AND OFFICE EXPENSE ACCOUNT,1421,PERSONNEL COMP. FULL-TIME PERMANENT,1429,1408461.25,0.0,component,payroll_component,,,
SENATOR JEFF MERKLEY,2012,SENATORS OFFICIAL PERSONNEL AND OFFICE EXPENSE ACCOUNT,1421,PERSONNEL BENEFITS,1429,7526.4,0.0,component,payroll_component,,,
SENATOR JEFF MERKLEY,2012,SENATORS OFFICIAL PERSONNEL AND OFFICE EXPENSE ACCOUNT,1421,NET PAYROLL EXPENSES,1429,1416905.93,7526.4,fail,segment,inconclusive,0.0,
SENATOR JEFF MERKLEY,2012,SENATORS OFFICIAL PERSONNEL AND OFFICE EXPENSE ACCOUNT,1421,BANNER NET PAYROLL,1421,1416905.93,1416905.93,ok,banner,,,
SENATOR JEFF MERKLEY,2012,SENATORS OFFICIAL PERSONNEL AND OFFICE EXPENSE ACCOUNT,1421,BANNER ORGANIZATION TOTALS,1421,1511002.62,1469447.63,warn,banner,,,banner_only_categories
SENATOR BARBARA A. MIKULSKI,2010,SENATORS OFFICIAL PERSONNEL AND OFFICE EXPENSE ACCOUNT,1430,BANNER NET PAYROLL,1430,0.0,0.0,banner_missing,banner,,,
SENATOR BARBARA A. MIKULSKI,2010,SENATORS OFFICIAL PERSONNEL AND OFFICE EXPENSE ACCOUNT,1430,BANNER ORGANIZATION TOTALS,1430,0.0,0.0,ok,banner,,,
SENATOR BARBARA A. MIKULSKI,2011,SENATORS OFFICIAL PERSONNEL AND OFFICE EXPENSE ACCOUNT,1431,BANNER NET PAYROLL,1431,0.0,0.0,banner_missing,banner,,,
SENATOR BARBARA A. MIKULSKI,2011,SENATORS OFFICIAL PERSONNEL AND OFFICE EXPENSE ACCOUNT,1431,BANNER ORGANIZATION TOTALS,1431,0.0,0.0,ok,banner,,,
SENATOR BARBARA A. MIKULSKI,2012,SENATORS OFFICIAL PERSONNEL AND OFFICE EXPENSE ACCOUNT,1432,TRAVEL AND TRANSPORTATION OF PERSONS,1444,37510.97,1380219.01,fail,segment,source_mismatch,1380219.01,
SENATOR BARBARA A. MIKULSKI,2012,SENATORS OFFICIAL PERSONNEL AND OFFICE EXPENSE ACCOUNT,1432,OTHER CONTRACTUAL SERVICES,1444,2603.64,2603.64,ok,segment,,,
SENATOR BARBARA A. MIKULSKI,2012,SENATORS OFFICIAL PERSONNEL AND OFFICE EXPENSE ACCOUNT,1432,ACQUISITION OF ASSETS,1444,497.45,497.45,ok,segment,,,
SENATOR BARBARA A. MIKULSKI,2012,SENATORS OFFICIAL PERSONNEL AND OFFICE EXPENSE ACCOUNT,1432,PERSONNEL COMP. FULL-TIME PERMANENT,1444,1342708.04,0.0,component,payroll_component,,,
SENATOR BARBARA A. MIKULSKI,2012,SENATORS OFFICIAL PERSONNEL AND OFFICE EXPENSE ACCOUNT,1432,PERSONNEL BENEFITS,1444,5399.1,0.0,component,payroll_component,,,
SENATOR BARBARA A. MIKULSKI,2012,SENATORS OFFICIAL PERSONNEL AND OFFICE EXPENSE ACCOUNT,1432,NET PAYROLL EXPENSES,1444,1348107.14,5399.1,fail,segment,inconclusive,0.0,
SENATOR BARBARA A. MIKULSKI,2012,SENATORS OFFICIAL PERSONNEL AND OFFICE EXPENSE ACCOUNT,1432,BANNER NET PAYROLL,1432,1348107.14,1348107.14,ok,banner,,,
SENATOR BARBARA A. MIKULSKI,2012,SENATORS OFFICIAL PERSONNEL AND OFFICE EXPENSE ACCOUNT,1432,BANNER ORGANIZATION TOTALS,1432,1450036.38,1388719.2,warn,banner,,,banner_only_categories
SENATOR JERRY MORAN,2011,SENATORS OFFICIAL PERSONNEL AND OFFICE EXPENSE ACCOUNT,1445,BANNER NET PAYROLL,1445,0.0,0.0,banner_missing,banner,,,
SENATOR JERRY MORAN,2011,SENATORS OFFICIAL PERSONNEL AND OFFICE EXPENSE ACCOUNT,1445,BANNER ORGANIZATION TOTALS,1445,0.0,0.0,ok,banner,,,
SENATOR JERRY MORAN,2012,SENATORS OFFICIAL PERSONNEL AND OFFICE EXPENSE ACCOUNT,1446,TRAVEL AND TRANSPORTATION OF PERSONS,1462,120909.96,1474690.57,fail,segment,source_mismatch,1474690.57,
SENATOR JERRY MORAN,2012,SENATORS OFFICIAL PERSONNEL AND OFFICE EXPENSE ACCOUNT,1446,OTHER CONTRACTUAL SERVICES,1463,4302.09,4302.09,ok,segment,,,
SENATOR JERRY MORAN,2012,SENATORS OFFICIAL PERSONNEL AND OFFICE EXPENSE ACCOUNT,1446,ACQUISITION OF ASSETS,1463,1998.52,1998.52,ok,segment,,,
SENATOR JERRY MORAN,2012,SENATORS OFFICIAL PERSONNEL AND OFFICE EXPENSE ACCOUNT,1446,PERSONNEL COMP. FULL-TIME PERMANENT,1463,1353780.61,0.0,component,payroll_component,,,
SENATOR JERRY MORAN,2012,SENATORS OFFICIAL PERSONNEL AND OFFICE EXPENSE ACCOUNT,1446,PERSONNEL BENEFITS,1463,3056.25,0.0,component,payroll_component,,,
SENATOR JERRY MORAN,2012,SENATORS OFFICIAL PERSONNEL AND OFFICE EXPENSE ACCOUNT,1446,NET PAYROLL EXPENSES,1463,1356836.86,3056.25,fail,segment,inconclusive,0.0,
SENATOR JERRY MORAN,2012,SENATORS OFFICIAL PERSONNEL AND OFFICE EXPENSE ACCOUNT,1446,BANNER NET PAYROLL,1446,1356836.86,1356836.86,ok,banner,,,
SENATOR JERRY MORAN,2012,SENATORS OFFICIAL PERSONNEL AND OFFICE EXPENSE ACCOUNT,1446,BANNER ORGANIZATION TOTALS,1446,1524566.79,1484047.43,warn,banner,,,banner_only_categories
SENATOR LISA MURKOWSKI,2010,SENATORS OFFICIAL PERSONNEL AND OFFICE EXPENSE ACCOUNT,1464,BANNER NET PAYROLL,1464,0.0,0.0,banner_missing,banner,,,
SENATOR LISA MURKOWSKI,2010,SENATORS OFFICIAL PERSONNEL AND OFFICE EXPENSE ACCOUNT,1464,BANNER ORGANIZATION TOTALS,1464,0.0,0.0,ok,banner,,,
SENATOR LISA MURKOWSKI,2011,SENATORS OFFICIAL PERSONNEL AND OFFICE EXPENSE ACCOUNT,1465,BANNER NET PAYROLL,1465,0.0,0.0,banner_missing,banner,,,
SENATOR LISA MURKOWSKI,2011,SENATORS OFFICIAL PERSONNEL AND OFFICE EXPENSE ACCOUNT,1465,BANNER ORGANIZATION TOTALS,1465,0.0,0.0,ok,banner,,,
SENATOR LISA MURKOWSKI,2012,SENATORS OFFICIAL PERSONNEL AND OFFICE EXPENSE ACCOUNT,1466,TRAVEL AND TRANSPORTATION OF PERSONS,1475,218529.63,1565476.9,fail,segment,source_mismatch,1565476.9,
SENATOR LISA MURKOWSKI,2012,SENATORS OFFICIAL PERSONNEL AND OFFICE EXPENSE ACCOUNT,1466,OTHER CONTRACTUAL SERVICES,1476,6979.04,6979.04,ok,segment,,,
SENATOR LISA MURKOWSKI,2012,SENATORS OFFICIAL PERSONNEL AND OFFICE EXPENSE ACCOUNT,1466,ACQUISITION OF ASSETS,1476,1679.11,1679.11,ok,segment,,,
SENATOR LISA MURKOWSKI,2012,SENATORS OFFICIAL PERSONNEL AND OFFICE EXPENSE ACCOUNT,1466,PERSONNEL COMP. FULL-TIME PERMANENT,1476,1258914.05,0.0,component,payroll_component,,,
SENATOR LISA MURKOWSKI,2012,SENATORS OFFICIAL PERSONNEL AND OFFICE EXPENSE ACCOUNT,1466,PERSONNEL BENEFITS,1476,5231.2,0.0,component,payroll_component,,,
SENATOR LISA MURKOWSKI,2012,SENATORS OFFICIAL PERSONNEL AND OFFICE EXPENSE ACCOUNT,1466,NET PAYROLL EXPENSES,1476,1264145.25,5231.2,fail,segment,inconclusive,0.0,
SENATOR LISA MURKOWSKI,2012,SENATORS OFFICIAL PERSONNEL AND OFFICE EXPENSE ACCOUNT,1466,BANNER NET PAYROLL,1466,1264145.25,1264145.25,ok,banner,,,
SENATOR LISA MURKOWSKI,2012,SENATORS OFFICIAL PERSONNEL AND OFFICE EXPENSE ACCOUNT,1466,BANNER ORGANIZATION TOTALS,1466,1538392.2,1579366.25,fail,banner,,,
SENATOR PATTY MURRAY,2010,SENATORS OFFICIAL PERSONNEL AND OFFICE EXPENSE ACCOUNT,1477,BANNER NET PAYROLL,1477,0.0,0.0,banner_missing,banner,,,
SENATOR PATTY MURRAY,2010,SENATORS OFFICIAL PERSONNEL AND OFFICE EXPENSE ACCOUNT,1477,BANNER ORGANIZATION TOTALS,1477,0.0,0.0,ok,banner,,,
SENATOR PATTY MURRAY,2011,SENATORS OFFICIAL PERSONNEL AND OFFICE EXPENSE ACCOUNT,1478,BANNER NET PAYROLL,1478,0.0,0.0,banner_missing,banner,,,
SENATOR PATTY MURRAY,2011,SENATORS OFFICIAL PERSONNEL AND OFFICE EXPENSE ACCOUNT,1478,BANNER ORGANIZATION TOTALS,1478,27433.0,0.0,warn,banner,,,banner_only_categories
SENATOR PATTY MURRAY,2012,SENATORS OFFICIAL PERSONNEL AND OFFICE EXPENSE ACCOUNT,1479,TRAVEL AND TRANSPORTATION OF PERSONS,1494,128635.15,1499044.53,fail,segment,source_mismatch,1499044.53,
SENATOR PATTY MURRAY,2012,SENATORS OFFICIAL PERSONNEL AND OFFICE EXPENSE ACCOUNT,1479,OTHER CONTRACTUAL SERVICES,1495,2608.8,2608.8,ok,segment,,,
SENATOR PATTY MURRAY,2012,SENATORS OFFICIAL PERSONNEL AND OFFICE EXPENSE ACCOUNT,1479,ACQUISITION OF ASSETS,1495,103.99,103.99,ok,segment,,,
SENATOR PATTY MURRAY,2012,SENATORS OFFICIAL PERSONNEL AND OFFICE EXPENSE ACCOUNT,1479,PERSONNEL COMP. FULL-TIME PERMANENT,1495,1370409.38,0.0,component,payroll_component,,,
SENATOR PATTY MURRAY,2012,SENATORS OFFICIAL PERSONNEL AND OFFICE EXPENSE ACCOUNT,1479,PERSONNEL BENEFITS,1495,5556.3,0.0,component,payroll_component,,,
SENATOR PATTY MURRAY,2012,SENATORS OFFICIAL PERSONNEL AND OFFICE EXPENSE ACCOUNT,1479,NET PAYROLL EXPENSES,1495,1375965.68,5556.3,fail,segment,inconclusive,0.0,
SENATOR PATTY MURRAY,2012,SENATORS OFFICIAL PERSONNEL AND OFFICE EXPENSE ACCOUNT,1479,BANNER NET PAYROLL,1479,1375965.68,1375965.68,ok,banner,,,
SENATOR PATTY MURRAY,2012,SENATORS OFFICIAL PERSONNEL AND OFFICE EXPENSE ACCOUNT,1479,BANNER ORGANIZATION TOTALS,1479,1575172.96,1507313.62,warn,banner,,,banner_only_categories
SENATOR BEN NELSON,2010,SENATORS OFFICIAL PERSONNEL AND OFFICE EXPENSE ACCOUNT,1496,BANNER NET PAYROLL,1496,0.0,0.0,banner_missing,banner,,,
SENATOR BEN NELSON,2010,SENATORS OFFICIAL PERSONNEL AND OFFICE EXPENSE ACCOUNT,1496,BANNER ORGANIZATION TOTALS,1496,0.0,0.0,ok,banner,,,
SENATOR BEN NELSON,2011,SENATORS OFFICIAL PERSONNEL AND OFFICE EXPENSE ACCOUNT,1497,BANNER NET PAYROLL,1497,0.0,0.0,banner_missing,banner,,,
SENATOR BEN NELSON,2011,SENATORS OFFICIAL PERSONNEL AND OFFICE EXPENSE ACCOUNT,1497,BANNER ORGANIZATION TOTALS,1497,0.0,0.0,ok,banner,,,
SENATOR BEN NELSON,2012,SENATORS OFFICIAL PERSONNEL AND OFFICE EXPENSE ACCOUNT,1498,TRAVEL AND TRANSPORTATION OF PERSONS,1509,76481.65,1207243.05,fail,segment,source_mismatch,1207243.05,
SENATOR BEN NELSON,2012,SENATORS OFFICIAL PERSONNEL AND OFFICE EXPENSE ACCOUNT,1498,OTHER CONTRACTUAL SERVICES,1509,5538.1,5538.1,ok,segment,,,
SENATOR BEN NELSON,2012,SENATORS OFFICIAL PERSONNEL AND OFFICE EXPENSE ACCOUNT,1498,ACQUISITION OF ASSETS,1509,6677.4,6677.4,ok,segment,,,
SENATOR BEN NELSON,2012,SENATORS OFFICIAL PERSONNEL AND OFFICE EXPENSE ACCOUNT,1498,PERSONNEL COMP. FULL-TIME PERMANENT,1509,1130761.4,0.0,component,payroll_component,,,
SENATOR BEN NELSON,2012,SENATORS OFFICIAL PERSONNEL AND OFFICE EXPENSE ACCOUNT,1498,PERSONNEL BENEFITS,1509,6711.75,0.0,component,payroll_component,,,
SENATOR BEN NELSON,2012,SENATORS OFFICIAL PERSONNEL AND OFFICE EXPENSE ACCOUNT,1498,NET PAYROLL EXPENSES,1509,1137473.15,6711.75,fail,segment,inconclusive,0.0,
SENATOR BEN NELSON,2012,SENATORS OFFICIAL PERSONNEL AND OFFICE EXPENSE ACCOUNT,1498,BANNER NET PAYROLL,1498,1137473.15,1137473.15,ok,banner,,,
SENATOR BEN NELSON,2012,SENATORS OFFICIAL PERSONNEL AND OFFICE EXPENSE ACCOUNT,1498,BANNER ORGANIZATION TOTALS,1498,1266042.82,1226170.3,warn,banner,,,banner_only_categories
SENATOR BILL NELSON,2010,SENATORS OFFICIAL PERSONNEL AND OFFICE EXPENSE ACCOUNT,1510,BANNER NET PAYROLL,1510,0.0,0.0,banner_missing,banner,,,
SENATOR BILL NELSON,2010,SENATORS OFFICIAL PERSONNEL AND OFFICE EXPENSE ACCOUNT,1510,BANNER ORGANIZATION TOTALS,1510,0.0,0.0,ok,banner,,,
SENATOR BILL NELSON,2011,SENATORS OFFICIAL PERSONNEL AND OFFICE EXPENSE ACCOUNT,1511,BANNER NET PAYROLL,1511,0.0,0.0,banner_missing,banner,,,
SENATOR BILL NELSON,2011,SENATORS OFFICIAL PERSONNEL AND OFFICE EXPENSE ACCOUNT,1511,BANNER ORGANIZATION TOTALS,1511,120.87,0.0,warn,banner,,,banner_only_categories
SENATOR BILL NELSON,2012,SENATORS OFFICIAL PERSONNEL AND OFFICE EXPENSE ACCOUNT,1512,TRAVEL AND TRANSPORTATION OF PERSONS,1526,49638.11,1705382.48,fail,segment,source_mismatch,1705382.48,
SENATOR BILL NELSON,2012,SENATORS OFFICIAL PERSONNEL AND OFFICE EXPENSE ACCOUNT,1512,OTHER CONTRACTUAL SERVICES,1526,563.9,563.9,ok,segment,,,
SENATOR BILL NELSON,2012,SENATORS OFFICIAL PERSONNEL AND OFFICE EXPENSE ACCOUNT,1512,ACQUISITION OF ASSETS,1526,9611.66,9611.66,ok,segment,,,
SENATOR BILL NELSON,2012,SENATORS OFFICIAL PERSONNEL AND OFFICE EXPENSE ACCOUNT,1512,PERSONNEL COMP. FULL-TIME PERMANENT,1526,1655744.37,0.0,component,payroll_component,,,
SENATOR BILL NELSON,2012,SENATORS OFFICIAL PERSONNEL AND OFFICE EXPENSE ACCOUNT,1512,PERSONNEL BENEFITS,1526,7612.15,0.0,component,payroll_component,,,
SENATOR BILL NELSON,2012,SENATORS OFFICIAL PERSONNEL AND OFFICE EXPENSE ACCOUNT,1512,NET PAYROLL EXPENSES,1526,1663356.52,7612.15,fail,segment,inconclusive,0.0,
SENATOR BILL NELSON,2012,SENATORS OFFICIAL PERSONNEL AND OFFICE EXPENSE ACCOUNT,1512,BANNER NET PAYROLL,1512,1663356.52,1663356.52,ok,banner,,,
SENATOR BILL NELSON,2012,SENATORS OFFICIAL PERSONNEL AND OFFICE EXPENSE ACCOUNT,1512,BANNER ORGANIZATION TOTALS,1512,1813227.7,1723170.19,warn,banner,,,banner_only_categories
SENATOR RAND PAUL,2011,SENATORS OFFICIAL PERSONNEL AND OFFICE EXPENSE ACCOUNT,1527,BANNER NET PAYROLL,1527,0.0,0.0,banner_missing,banner,,,
SENATOR RAND PAUL,2011,SENATORS OFFICIAL PERSONNEL AND OFFICE EXPENSE ACCOUNT,1527,BANNER ORGANIZATION TOTALS,1527,77.78,0.0,warn,banner,,,banner_only_categories
SENATOR RAND PAUL,2012,SENATORS OFFICIAL PERSONNEL AND OFFICE EXPENSE ACCOUNT,1528,TRAVEL AND TRANSPORTATION OF PERSONS,1555,93008.68,1180624.98,fail,segment,source_mismatch,1180624.98,
SENATOR RAND PAUL,2012,SENATORS OFFICIAL PERSONNEL AND OFFICE EXPENSE ACCOUNT,1528,OTHER CONTRACTUAL SERVICES,1555,568.6,568.6,ok,segment,,,
SENATOR RAND PAUL,2012,SENATORS OFFICIAL PERSONNEL AND OFFICE EXPENSE ACCOUNT,1528,ACQUISITION OF ASSETS,1555,3731.66,3731.66,ok,segment,,,
SENATOR RAND PAUL,2012,SENATORS OFFICIAL PERSONNEL AND OFFICE EXPENSE ACCOUNT,1528,PERSONNEL COMP. FULL-TIME PERMANENT,1555,1087616.3,0.0,component,payroll_component,,,
SENATOR RAND PAUL,2012,SENATORS OFFICIAL PERSONNEL AND OFFICE EXPENSE ACCOUNT,1528,PERSONNEL BENEFITS,1555,3202.25,0.0,component,payroll_component,,,
SENATOR RAND PAUL,2012,SENATORS OFFICIAL PERSONNEL AND OFFICE EXPENSE ACCOUNT,1528,NET PAYROLL EXPENSES,1555,1090818.55,3202.25,fail,segment,inconclusive,0.0,
SENATOR RAND PAUL,2012,SENATORS OFFICIAL PERSONNEL AND OFFICE EXPENSE ACCOUNT,1528,BANNER NET PAYROLL,1528,1090818.55,1090818.55,ok,banner,,,
SENATOR RAND PAUL,2012,SENATORS OFFICIAL PERSONNEL AND OFFICE EXPENSE ACCOUNT,1528,BANNER ORGANIZATION TOTALS,1528,1231625.15,1188127.49,warn,banner,,,banner_only_categories
SENATOR ROB PORTMAN,2011,SENATORS OFFICIAL PERSONNEL AND OFFICE EXPENSE ACCOUNT,1556,BANNER NET PAYROLL,1556,0.0,0.0,banner_missing,banner,,,
SENATOR ROB PORTMAN,2011,SENATORS OFFICIAL PERSONNEL AND OFFICE EXPENSE ACCOUNT,1556,BANNER ORGANIZATION TOTALS,1556,59.0,0.0,warn,banner,,,banner_only_categories
SENATOR ROB PORTMAN,2012,SENATORS OFFICIAL PERSONNEL AND OFFICE EXPENSE ACCOUNT,1557,TRAVEL AND TRANSPORTATION OF PERSONS,1570,74474.94,1493313.5,fail,segment,source_mismatch,1493313.5,
SENATOR ROB PORTMAN,2012,SENATORS OFFICIAL PERSONNEL AND OFFICE EXPENSE ACCOUNT,1557,OTHER CONTRACTUAL SERVICES,1570,2518.29,2518.29,ok,segment,,,
SENATOR ROB PORTMAN,2012,SENATORS OFFICIAL PERSONNEL AND OFFICE EXPENSE ACCOUNT,1557,ACQUISITION OF ASSETS,1570,240.0,240.0,ok,segment,,,
SENATOR ROB PORTMAN,2012,SENATORS OFFICIAL PERSONNEL AND OFFICE EXPENSE ACCOUNT,1557,PERSONNEL COMP. FULL-TIME PERMANENT,1570,1418838.56,0.0,component,payroll_component,,,
SENATOR ROB PORTMAN,2012,SENATORS OFFICIAL PERSONNEL AND OFFICE EXPENSE ACCOUNT,1557,PERSONNEL BENEFITS,1570,3505.75,0.0,component,payroll_component,,,
SENATOR ROB PORTMAN,2012,SENATORS OFFICIAL PERSONNEL AND OFFICE EXPENSE ACCOUNT,1557,NET PAYROLL EXPENSES,1570,1422344.31,3505.75,fail,segment,inconclusive,0.0,
SENATOR ROB PORTMAN,2012,SENATORS OFFICIAL PERSONNEL AND OFFICE EXPENSE ACCOUNT,1557,BANNER NET PAYROLL,1557,1422344.31,1422344.31,ok,banner,,,
SENATOR ROB PORTMAN,2012,SENATORS OFFICIAL PERSONNEL AND OFFICE EXPENSE ACCOUNT,1557,BANNER ORGANIZATION TOTALS,1557,1556128.14,1499577.54,warn,banner,,,banner_only_categories
SENATOR MARK PRYOR,2010,SENATORS OFFICIAL PERSONNEL AND OFFICE EXPENSE ACCOUNT,1571,BANNER NET PAYROLL,1571,0.0,0.0,banner_missing,banner,,,
SENATOR MARK PRYOR,2010,SENATORS OFFICIAL PERSONNEL AND OFFICE EXPENSE ACCOUNT,1571,BANNER ORGANIZATION TOTALS,1571,0.0,0.0,ok,banner,,,
SENATOR MARK PRYOR,2011,SENATORS OFFICIAL PERSONNEL AND OFFICE EXPENSE ACCOUNT,1572,ACQUISITION OF ASSETS,1572,624.0,624.0,ok,segment,,,
SENATOR MARK PRYOR,2011,SENATORS OFFICIAL PERSONNEL AND OFFICE EXPENSE ACCOUNT,1572,PERSONNEL COMP. FULL-TIME PERMANENT,1572,-5083.33,0.0,component,payroll_component,,,
SENATOR MARK PRYOR,2011,SENATORS OFFICIAL PERSONNEL AND OFFICE EXPENSE ACCOUNT,1572,PERSONNEL BENEFITS,1572,-446.97,0.0,component,payroll_component,,,
SENATOR MARK PRYOR,2011,SENATORS OFFICIAL PERSONNEL AND OFFICE EXPENSE ACCOUNT,1572,NET PAYROLL EXPENSES,1572,-5530.3,-446.97,fail,segment,inconclusive,0.0,
SENATOR MARK PRYOR,2011,SENATORS OFFICIAL PERSONNEL AND OFFICE EXPENSE ACCOUNT,1572,BANNER NET PAYROLL,1572,5530.3,5530.3,ok,banner,,,
SENATOR MARK PRYOR,2011,SENATORS OFFICIAL PERSONNEL AND OFFICE EXPENSE ACCOUNT,1572,BANNER ORGANIZATION TOTALS,1572,4906.3,177.03,fail,banner,,,
SENATOR MARK PRYOR,2012,SENATORS OFFICIAL PERSONNEL AND OFFICE EXPENSE ACCOUNT,1573,TRAVEL AND TRANSPORTATION OF PERSONS,1583,48664.09,1334893.38,fail,segment,source_mismatch,1334893.38,
SENATOR MARK PRYOR,2012,SENATORS OFFICIAL PERSONNEL AND OFFICE EXPENSE ACCOUNT,1573,OTHER CONTRACTUAL SERVICES,1583,1900.6,1900.6,ok,segment,,,
SENATOR MARK PRYOR,2012,SENATORS OFFICIAL PERSONNEL AND OFFICE EXPENSE ACCOUNT,1573,OTHER PERSONNEL COMPENSATION,1583,578.2,0.0,component,payroll_component,,,
SENATOR MARK PRYOR,2012,SENATORS OFFICIAL PERSONNEL AND OFFICE EXPENSE ACCOUNT,1573,PERSONNEL COMP. FULL-TIME PERMANENT,1583,1285651.09,0.0,component,payroll_component,,,
SENATOR MARK PRYOR,2012,SENATORS OFFICIAL PERSONNEL AND OFFICE EXPENSE ACCOUNT,1573,PERSONNEL BENEFITS,1583,3211.1,0.0,component,payroll_component,,,
SENATOR MARK PRYOR,2012,SENATORS OFFICIAL PERSONNEL AND OFFICE EXPENSE ACCOUNT,1573,NET PAYROLL EXPENSES,1583,1289440.39,3211.1,fail,segment,inconclusive,0.0,
SENATOR MARK PRYOR,2012,SENATORS OFFICIAL PERSONNEL AND OFFICE EXPENSE ACCOUNT,1573,BANNER NET PAYROLL,1573,1289440.39,1289440.39,ok,banner,,,
SENATOR MARK PRYOR,2012,SENATORS OFFICIAL PERSONNEL AND OFFICE EXPENSE ACCOUNT,1573,BANNER ORGANIZATION TOTALS,1573,1375141.87,1340005.08,warn,banner,,,banner_only_categories
SENATOR JOHN F. REED,2010,SENATORS OFFICIAL PERSONNEL AND OFFICE EXPENSE ACCOUNT,1584,BANNER NET PAYROLL,1584,0.0,0.0,banner_missing,banner,,,
SENATOR JOHN F. REED,2010,SENATORS OFFICIAL PERSONNEL AND OFFICE EXPENSE ACCOUNT,1584,BANNER ORGANIZATION TOTALS,1584,0.0,0.0,ok,banner,,,
SENATOR JOHN F. REED,2011,SENATORS OFFICIAL PERSONNEL AND OFFICE EXPENSE ACCOUNT,1585,BANNER NET PAYROLL,1585,0.0,0.0,banner_missing,banner,,,
SENATOR JOHN F. REED,2011,SENATORS OFFICIAL PERSONNEL AND OFFICE EXPENSE ACCOUNT,1585,BANNER ORGANIZATION TOTALS,1585,0.0,0.0,ok,banner,,,
SENATOR JOHN F. REED,2012,SENATORS OFFICIAL PERSONNEL AND OFFICE EXPENSE ACCOUNT,1586,TRAVEL AND TRANSPORTATION OF PERSONS,1591,34374.96,1362936.37,fail,segment,source_mismatch,1362936.37,
SENATOR JOHN F. REED,2012,SENATORS OFFICIAL PERSONNEL AND OFFICE EXPENSE ACCOUNT,1586,OTHER CONTRACTUAL SERVICES,1591,553.75,553.75,ok,segment,,,
SENATOR JOHN F. REED,2012,SENATORS OFFICIAL PERSONNEL AND OFFICE EXPENSE ACCOUNT,1586,ACQUISITION OF ASSETS,1591,4690.54,4690.54,ok,segment,,,
SENATOR JOHN F. REED,2012,SENATORS OFFICIAL PERSONNEL AND OFFICE EXPENSE ACCOUNT,1586,OTHER PERSONNEL COMPENSATION,1591,1683.31,0.0,component,payroll_component,,,
SENATOR JOHN F. REED,2012,SENATORS OFFICIAL PERSONNEL AND OFFICE EXPENSE ACCOUNT,1586,PERSONNEL COMP. FULL-TIME PERMANENT,1591,1326878.1,0.0,component,payroll_component,,,
SENATOR JOHN F. REED,2012,SENATORS OFFICIAL PERSONNEL AND OFFICE EXPENSE ACCOUNT,1586,PERSONNEL BENEFITS,1591,4114.1,0.0,component,payroll_component,,,
SENATOR JOHN F. REED,2012,SENATORS OFFICIAL PERSONNEL AND OFFICE EXPENSE ACCOUNT,1586,NET PAYROLL EXPENSES,1591,1332675.51,4114.1,fail,segment,inconclusive,0.0,
SENATOR JOHN F. REED,2012,SENATORS OFFICIAL PERSONNEL AND OFFICE EXPENSE ACCOUNT,1586,BANNER NET PAYROLL,1586,1332675.51,1332675.51,ok,banner,,,
SENATOR JOHN F. REED,2012,SENATORS OFFICIAL PERSONNEL AND OFFICE EXPENSE ACCOUNT,1586,BANNER ORGANIZATION TOTALS,1586,1414784.41,1372294.76,warn,banner,,,banner_only_categories
SENATOR HARRY REID,2010,SENATORS OFFICIAL PERSONNEL AND OFFICE EXPENSE ACCOUNT,1592,BANNER NET PAYROLL,1592,0.0,0.0,banner_missing,banner,,,
SENATOR HARRY REID,2010,SENATORS OFFICIAL PERSONNEL AND OFFICE EXPENSE ACCOUNT,1592,BANNER ORGANIZATION TOTALS,1592,38.94,0.0,warn,banner,,,banner_only_categories
SENATOR HARRY REID,2011,SENATORS OFFICIAL PERSONNEL AND OFFICE EXPENSE ACCOUNT,1593,TRAVEL AND TRANSPORTATION OF PERSONS,1593,169.5,169.5,ok,segment,,,
SENATOR HARRY REID,2011,SENATORS OFFICIAL PERSONNEL AND OFFICE EXPENSE ACCOUNT,1593,BANNER NET PAYROLL,1593,0.0,0.0,banner_missing,banner,,,
SENATOR HARRY REID,2011,SENATORS OFFICIAL PERSONNEL AND OFFICE EXPENSE ACCOUNT,1593,BANNER ORGANIZATION TOTALS,1593,169.5,169.5,ok,banner,,,
SENATOR HARRY REID,2012,SENATORS OFFICIAL PERSONNEL AND OFFICE EXPENSE ACCOUNT,1594,TRAVEL AND TRANSPORTATION OF PERSONS,1601,103950.07,1318659.0,fail,segment,source_mismatch,1318659.0,
SENATOR HARRY REID,2012,SENATORS OFFICIAL PERSONNEL AND OFFICE EXPENSE ACCOUNT,1594,OTHER CONTRACTUAL SERVICES,1602,8538.85,8538.85,ok,segment,,,
SENATOR HARRY REID,2012,SENATORS OFFICIAL PERSONNEL AND OFFICE EXPENSE ACCOUNT,1594,ACQUISITION OF ASSETS,1603,1189.73,1189.73,ok,segment,,,
SENATOR HARRY REID,2012,SENATORS OFFICIAL PERSONNEL AND OFFICE EXPENSE ACCOUNT,1594,OTHER PERSONNEL COMPENSATION,1603,10959.13,0.0,component,payroll_component,,,
SENATOR HARRY REID,2012,SENATORS OFFICIAL PERSONNEL AND OFFICE EXPENSE ACCOUNT,1594,PERSONNEL COMP. FULL-TIME PERMANENT,1603,1203738.26,0.0,component,payroll_component,,,
SENATOR HARRY REID,2012,SENATORS OFFICIAL PERSONNEL AND OFFICE EXPENSE ACCOUNT,1594,PERSONNEL BENEFITS,1603,9725.85,0.0,component,payroll_component,,,
SENATOR HARRY REID,2012,SENATORS OFFICIAL PERSONNEL AND OFFICE EXPENSE ACCOUNT,1594,NET PAYROLL EXPENSES,1603,1224423.24,9725.85,fail,segment,inconclusive,0.0,
SENATOR HARRY REID,2012,SENATORS OFFICIAL PERSONNEL AND OFFICE EXPENSE ACCOUNT,1594,BANNER NET PAYROLL,1594,1224423.24,1224423.24,ok,banner,,,
SENATOR HARRY REID,2012,SENATORS OFFICIAL PERSONNEL AND OFFICE EXPENSE ACCOUNT,1594,BANNER ORGANIZATION TOTALS,1594,1487471.68,1338113.43,fail,banner,,,
SENATOR JAMES E. RISCH,2010,SENATORS OFFICIAL PERSONNEL AND OFFICE EXPENSE ACCOUNT,1604,BANNER NET PAYROLL,1604,0.0,0.0,banner_missing,banner,,,
SENATOR JAMES E. RISCH,2010,SENATORS OFFICIAL PERSONNEL AND OFFICE EXPENSE ACCOUNT,1604,BANNER ORGANIZATION TOTALS,1604,0.0,0.0,ok,banner,,,
SENATOR JAMES E. RISCH,2011,SENATORS OFFICIAL PERSONNEL AND OFFICE EXPENSE ACCOUNT,1605,BANNER NET PAYROLL,1605,0.0,0.0,banner_missing,banner,,,
SENATOR JAMES E. RISCH,2011,SENATORS OFFICIAL PERSONNEL AND OFFICE EXPENSE ACCOUNT,1605,BANNER ORGANIZATION TOTALS,1605,0.0,0.0,ok,banner,,,
SENATOR JAMES E. RISCH,2012,SENATORS OFFICIAL PERSONNEL AND OFFICE EXPENSE ACCOUNT,1606,TRAVEL AND TRANSPORTATION OF PERSONS,1614,89185.91,1262516.59,fail,segment,source_mismatch,1262516.59,
SENATOR JAMES E. RISCH,2012,SENATORS OFFICIAL PERSONNEL AND OFFICE EXPENSE ACCOUNT,1606,OTHER CONTRACTUAL SERVICES,1614,1646.8,1646.8,ok,segment,,,
SENATOR JAMES E. RISCH,2012,SENATORS OFFICIAL PERSONNEL AND OFFICE EXPENSE ACCOUNT,1606,PERSONNEL COMP. FULL-TIME PERMANENT,1614,1173330.68,0.0,component,payroll_component,,,
SENATOR JAMES E. RISCH,2012,SENATORS OFFICIAL PERSONNEL AND OFFICE EXPENSE ACCOUNT,1606,PERSONNEL BENEFITS,1614,2203.65,0.0,component,payroll_component,,,
SENATOR JAMES E. RISCH,2012,SENATORS OFFICIAL PERSONNEL AND OFFICE EXPENSE ACCOUNT,1606,NET PAYROLL EXPENSES,1614,1175534.33,2203.65,fail,segment,inconclusive,0.0,
SENATOR JAMES E. RISCH,2012,SENATORS OFFICIAL PERSONNEL AND OFFICE EXPENSE ACCOUNT,1606,BANNER NET PAYROLL,1606,1175534.33,1175534.33,ok,banner,,,
SENATOR JAMES E. RISCH,2012,SENATORS OFFICIAL PERSONNEL AND OFFICE EXPENSE ACCOUNT,1606,BANNER ORGANIZATION TOTALS,1606,1302668.87,1266367.04,warn,banner,,,banner_only_categories
SENATOR PAT ROBERTS,2010,SENATORS OFFICIAL PERSONNEL AND OFFICE EXPENSE ACCOUNT,1615,BANNER NET PAYROLL,1615,0.0,0.0,banner_missing,banner,,,
SENATOR PAT ROBERTS,2010,SENATORS OFFICIAL PERSONNEL AND OFFICE EXPENSE ACCOUNT,1615,BANNER ORGANIZATION TOTALS,1615,0.0,0.0,ok,banner,,,
SENATOR PAT ROBERTS,2011,SENATORS OFFICIAL PERSONNEL AND OFFICE EXPENSE ACCOUNT,1616,BANNER NET PAYROLL,1616,0.0,0.0,banner_missing,banner,,,
SENATOR PAT ROBERTS,2011,SENATORS OFFICIAL PERSONNEL AND OFFICE EXPENSE ACCOUNT,1616,BANNER ORGANIZATION TOTALS,1616,0.0,0.0,ok,banner,,,
SENATOR PAT ROBERTS,2012,SENATORS OFFICIAL PERSONNEL AND OFFICE EXPENSE ACCOUNT,1617,TRAVEL AND TRANSPORTATION OF PERSONS,1623,40932.66,1358349.59,fail,segment,source_mismatch,1358349.59,
SENATOR PAT ROBERTS,2012,SENATORS OFFICIAL PERSONNEL AND OFFICE EXPENSE ACCOUNT,1617,OTHER CONTRACTUAL SERVICES,1623,2694.75,2694.75,ok,segment,,,
SENATOR PAT ROBERTS,2012,SENATORS OFFICIAL PERSONNEL AND OFFICE EXPENSE ACCOUNT,1617,ACQUISITION OF ASSETS,1623,54.99,54.99,ok,segment,,,
SENATOR PAT ROBERTS,2012,SENATORS OFFICIAL PERSONNEL AND OFFICE EXPENSE ACCOUNT,1617,PERSONNEL COMP. FULL-TIME PERMANENT,1623,1317416.93,0.0,component,payroll_component,,,
SENATOR PAT ROBERTS,2012,SENATORS OFFICIAL PERSONNEL AND OFFICE EXPENSE ACCOUNT,1617,PERSONNEL BENEFITS,1623,3986.6,0.0,component,payroll_component,,,
SENATOR PAT ROBERTS,2012,SENATORS OFFICIAL PERSONNEL AND OFFICE EXPENSE ACCOUNT,1617,NET PAYROLL EXPENSES,1623,1321403.53,3986.6,fail,segment,inconclusive,0.0,
SENATOR PAT ROBERTS,2012,SENATORS OFFICIAL PERSONNEL AND OFFICE EXPENSE ACCOUNT,1617,BANNER NET PAYROLL,1617,1321403.53,1321403.53,ok,banner,,,
SENATOR PAT ROBERTS,2012,SENATORS OFFICIAL PERSONNEL AND OFFICE EXPENSE ACCOUNT,1617,BANNER ORGANIZATION TOTALS,1617,1446630.39,1365085.93,warn,banner,,,banner_only_categories
"SENATOR JOHN D. ROCKEFELLER, IV",2010,SENATORS OFFICIAL PERSONNEL AND OFFICE EXPENSE ACCOUNT,1624,BANNER NET PAYROLL,1624,0.0,0.0,banner_missing,banner,,,
"SENATOR JOHN D. ROCKEFELLER, IV",2010,SENATORS OFFICIAL PERSONNEL AND OFFICE EXPENSE ACCOUNT,1624,BANNER ORGANIZATION TOTALS,1624,0.0,0.0,ok,banner,,,
"SENATOR JOHN D. ROCKEFELLER, IV",2011,SENATORS OFFICIAL PERSONNEL AND OFFICE EXPENSE ACCOUNT,1625,TRAVEL AND TRANSPORTATION OF PERSONS,1626,1358.27,1358.27,ok,segment,,,
"SENATOR JOHN D. ROCKEFELLER, IV",2011,SENATORS OFFICIAL PERSONNEL AND OFFICE EXPENSE ACCOUNT,1625,BANNER NET PAYROLL,1625,0.0,0.0,banner_missing,banner,,,
"SENATOR JOHN D. ROCKEFELLER, IV",2011,SENATORS OFFICIAL PERSONNEL AND OFFICE EXPENSE ACCOUNT,1625,BANNER ORGANIZATION TOTALS,1625,1358.27,1358.27,ok,banner,,,
"SENATOR JOHN D. ROCKEFELLER, IV",2012,SENATORS OFFICIAL PERSONNEL AND OFFICE EXPENSE ACCOUNT,1627,TRAVEL AND TRANSPORTATION OF PERSONS,1631,40096.54,1501347.2,fail,segment,source_mismatch,1501347.2,
"SENATOR JOHN D. ROCKEFELLER, IV",2012,SENATORS OFFICIAL PERSONNEL AND OFFICE EXPENSE ACCOUNT,1627,OTHER CONTRACTUAL SERVICES,1631,920.5,920.5,ok,segment,,,
"SENATOR JOHN D. ROCKEFELLER, IV",2012,SENATORS OFFICIAL PERSONNEL AND OFFICE EXPENSE ACCOUNT,1627,PERSONNEL COMP. FULL-TIME PERMANENT,1631,1461250.66,0.0,component,payroll_component,,,
"SENATOR JOHN D. ROCKEFELLER, IV",2012,SENATORS OFFICIAL PERSONNEL AND OFFICE EXPENSE ACCOUNT,1627,PERSONNEL BENEFITS,1631,3942.45,0.0,component,payroll_component,,,
"SENATOR JOHN D. ROCKEFELLER, IV",2012,SENATORS OFFICIAL PERSONNEL AND OFFICE EXPENSE ACCOUNT,1627,NET PAYROLL EXPENSES,1631,1465193.11,3942.45,fail,segment,inconclusive,0.0,
"SENATOR JOHN D. ROCKEFELLER, IV",2012,SENATORS OFFICIAL PERSONNEL AND OFFICE EXPENSE ACCOUNT,1627,BANNER NET PAYROLL,1627,1465193.11,1465193.11,ok,banner,,,
"SENATOR JOHN D. ROCKEFELLER, IV",2012,SENATORS OFFICIAL PERSONNEL AND OFFICE EXPENSE ACCOUNT,1627,BANNER ORGANIZATION TOTALS,1627,1536865.04,1506210.15,warn,banner,,,banner_only_categories
SENATOR MARCO RUBIO,2011,SENATORS OFFICIAL PERSONNEL AND OFFICE EXPENSE ACCOUNT,1632,TRAVEL AND TRANSPORTATION OF PERSONS,1632,1184.18,1184.18,ok,segment,,,
SENATOR MARCO RUBIO,2011,SENATORS OFFICIAL PERSONNEL AND OFFICE EXPENSE ACCOUNT,1632,ACQUISITION OF ASSETS,1632,7436.0,7436.0,ok,segment,,,
SENATOR MARCO RUBIO,2011,SENATORS OFFICIAL PERSONNEL AND OFFICE EXPENSE ACCOUNT,1632,BANNER NET PAYROLL,1632,0.0,0.0,banner_missing,banner,,,
SENATOR MARCO RUBIO,2011,SENATORS OFFICIAL PERSONNEL AND OFFICE EXPENSE ACCOUNT,1632,BANNER ORGANIZATION TOTALS,1632,8620.18,8620.18,ok,banner,,,
SENATOR MARCO RUBIO,2012,SENATORS OFFICIAL PERSONNEL AND OFFICE EXPENSE ACCOUNT,1633,TRAVEL AND TRANSPORTATION OF PERSONS,1645,83437.21,1754275.38,fail,segment,source_mismatch,1754275.38,
SENATOR MARCO RUBIO,2012,SENATORS OFFICIAL PERSONNEL AND OFFICE EXPENSE ACCOUNT,1633,OTHER CONTRACTUAL SERVICES,1646,867.6,867.6,ok,segment,,,
SENATOR MARCO RUBIO,2012,SENATORS OFFICIAL PERSONNEL AND OFFICE EXPENSE ACCOUNT,1633,ACQUISITION OF ASSETS,1646,6961.26,6961.26,ok,segment,,,
SENATOR MARCO RUBIO,2012,SENATORS OFFICIAL PERSONNEL AND OFFICE EXPENSE ACCOUNT,1633,PERSONNEL COMP. FULL-TIME PERMANENT,1646,1670838.17,0.0,component,payroll_component,,,
SENATOR MARCO RUBIO,2012,SENATORS OFFICIAL PERSONNEL AND OFFICE EXPENSE ACCOUNT,1633,PERSONNEL BENEFITS,1646,3919.8,0.0,component,payroll_component,,,
SENATOR MARCO RUBIO,2012,SENATORS OFFICIAL PERSONNEL AND OFFICE EXPENSE ACCOUNT,1633,NET PAYROLL EXPENSES,1646,1674757.97,3919.8,fail,segment,inconclusive,0.0,
SENATOR MARCO RUBIO,2012,SENATORS OFFICIAL PERSONNEL AND OFFICE EXPENSE ACCOUNT,1633,BANNER NET PAYROLL,1633,1674757.97,1674757.97,ok,banner,,,
SENATOR MARCO RUBIO,2012,SENATORS OFFICIAL PERSONNEL AND OFFICE EXPENSE ACCOUNT,1633,BANNER ORGANIZATION TOTALS,1633,1807072.31,1766024.04,warn,banner,,,banner_only_categories
SENATOR BERNARD SANDERS,2010,SENATORS OFFICIAL PERSONNEL AND OFFICE EXPENSE ACCOUNT,1647,BANNER NET PAYROLL,1647,0.0,0.0,banner_missing,banner,,,
SENATOR BERNARD SANDERS,2010,SENATORS OFFICIAL PERSONNEL AND OFFICE EXPENSE ACCOUNT,1647,BANNER ORGANIZATION TOTALS,1647,0.0,0.0,ok,banner,,,
SENATOR BERNARD SANDERS,2011,SENATORS OFFICIAL PERSONNEL AND OFFICE EXPENSE ACCOUNT,1648,TRAVEL AND TRANSPORTATION OF PERSONS,1648,180.0,180.0,ok,segment,,,
SENATOR BERNARD SANDERS,2011,SENATORS OFFICIAL PERSONNEL AND OFFICE EXPENSE ACCOUNT,1648,ACQUISITION OF ASSETS,1648,18747.81,18747.81,ok,segment,,,
SENATOR BERNARD SANDERS,2011,SENATORS OFFICIAL PERSONNEL AND OFFICE EXPENSE ACCOUNT,1648,BANNER NET PAYROLL,1648,0.0,0.0,banner_missing,banner,,,
SENATOR BERNARD SANDERS,2011,SENATORS OFFICIAL PERSONNEL AND OFFICE EXPENSE ACCOUNT,1648,BANNER ORGANIZATION TOTALS,1648,18927.81,18927.81,ok,banner,,,
SENATOR BERNARD SANDERS,2012,SENATORS OFFICIAL PERSONNEL AND OFFICE EXPENSE ACCOUNT,1649,TRAVEL AND TRANSPORTATION OF PERSONS,1657,40068.12,1188136.67,fail,segment,source_mismatch,1188136.67,
SENATOR BERNARD SANDERS,2012,SENATORS OFFICIAL PERSONNEL AND OFFICE EXPENSE ACCOUNT,1649,OTHER CONTRACTUAL SERVICES,1657,1811.79,1811.79,ok,segment,,,
SENATOR BERNARD SANDERS,2012,SENATORS OFFICIAL PERSONNEL AND OFFICE EXPENSE ACCOUNT,1649,ACQUISITION OF ASSETS,1657,2736.92,2736.92,ok,segment,,,
SENATOR BERNARD SANDERS,2012,SENATORS OFFICIAL PERSONNEL AND OFFICE EXPENSE ACCOUNT,1649,PERSONNEL COMP. FULL-TIME PERMANENT,1657,1148068.55,0.0,component,payroll_component,,,
SENATOR BERNARD SANDERS,2012,SENATORS OFFICIAL PERSONNEL AND OFFICE EXPENSE ACCOUNT,1649,RE-EMPLOYED ANNUITANTS,1657,8556.0,0.0,component,payroll_component,,,
SENATOR BERNARD SANDERS,2012,SENATORS OFFICIAL PERSONNEL AND OFFICE EXPENSE ACCOUNT,1649,PERSONNEL BENEFITS,1657,6141.45,0.0,component,payroll_component,,,
SENATOR BERNARD SANDERS,2012,SENATORS OFFICIAL PERSONNEL AND OFFICE EXPENSE ACCOUNT,1649,NET PAYROLL EXPENSES,1658,1162766.0,14697.45,fail,segment,inconclusive,0.0,
SENATOR BERNARD SANDERS,2012,SENATORS OFFICIAL PERSONNEL AND OFFICE EXPENSE ACCOUNT,1649,BANNER NET PAYROLL,1649,1162766.0,1162766.0,ok,banner,,,
SENATOR BERNARD SANDERS,2012,SENATORS OFFICIAL PERSONNEL AND OFFICE EXPENSE ACCOUNT,1649,BANNER ORGANIZATION TOTALS,1649,1286963.14,1207382.83,warn,banner,,,banner_only_categories
SENATOR CHARLES E. SCHUMER,2010,SENATORS OFFICIAL PERSONNEL AND OFFICE EXPENSE ACCOUNT,1659,BANNER NET PAYROLL,1659,0.0,0.0,banner_missing,banner,,,
SENATOR CHARLES E. SCHUMER,2010,SENATORS OFFICIAL PERSONNEL AND OFFICE EXPENSE ACCOUNT,1659,BANNER ORGANIZATION TOTALS,1659,0.0,0.0,ok,banner,,,
SENATOR CHARLES E. SCHUMER,2011,SENATORS OFFICIAL PERSONNEL AND OFFICE EXPENSE ACCOUNT,1660,BANNER NET PAYROLL,1660,0.0,0.0,banner_missing,banner,,,
SENATOR CHARLES E. SCHUMER,2011,SENATORS OFFICIAL PERSONNEL AND OFFICE EXPENSE ACCOUNT,1660,BANNER ORGANIZATION TOTALS,1660,0.0,0.0,ok,banner,,,
SENATOR CHARLES E. SCHUMER,2012,SENATORS OFFICIAL PERSONNEL AND OFFICE EXPENSE ACCOUNT,1661,TRAVEL AND TRANSPORTATION OF PERSONS,1674,223144.43,1923333.74,fail,segment,source_mismatch,1923333.74,
SENATOR CHARLES E. SCHUMER,2012,SENATORS OFFICIAL PERSONNEL AND OFFICE EXPENSE ACCOUNT,1661,OTHER CONTRACTUAL SERVICES,1675,14190.1,14190.1,ok,segment,,,
SENATOR CHARLES E. SCHUMER,2012,SENATORS OFFICIAL PERSONNEL AND OFFICE EXPENSE ACCOUNT,1661,ACQUISITION OF ASSETS,1675,1239.93,1239.93,ok,segment,,,
SENATOR CHARLES E. SCHUMER,2012,SENATORS OFFICIAL PERSONNEL AND OFFICE EXPENSE ACCOUNT,1661,OTHER PERSONNEL COMPENSATION,1675,58275.24,0.0,component,payroll_component,,,
SENATOR CHARLES E. SCHUMER,2012,SENATORS OFFICIAL PERSONNEL AND OFFICE EXPENSE ACCOUNT,1661,PERSONNEL COMP. FULL-TIME PERMANENT,1675,1643911.23,0.0,component,payroll_component,,,
SENATOR CHARLES E. SCHUMER,2012,SENATORS OFFICIAL PERSONNEL AND OFFICE EXPENSE ACCOUNT,1661,PERSONNEL BENEFITS,1675,13518.2,0.0,component,payroll_component,,,
SENATOR CHARLES E. SCHUMER,2012,SENATORS OFFICIAL PERSONNEL AND OFFICE EXPENSE ACCOUNT,1661,NET PAYROLL EXPENSES,1675,1715704.67,13518.2,fail,segment,inconclusive,0.0,
SENATOR CHARLES E. SCHUMER,2012,SENATORS OFFICIAL PERSONNEL AND OFFICE EXPENSE ACCOUNT,1661,BANNER NET PAYROLL,1661,1715704.67,1715704.67,ok,banner,,,
SENATOR CHARLES E. SCHUMER,2012,SENATORS OFFICIAL PERSONNEL AND OFFICE EXPENSE ACCOUNT,1661,BANNER ORGANIZATION TOTALS,1661,2068234.78,1952281.97,fail,banner,,,
"SENATOR JEFFERSON B. SESSIONS, III",2010,SENATORS OFFICIAL PERSONNEL AND OFFICE EXPENSE ACCOUNT,1676,BANNER NET PAYROLL,1676,0.0,0.0,banner_missing,banner,,,
"SENATOR JEFFERSON B. SESSIONS, III",2010,SENATORS OFFICIAL PERSONNEL AND OFFICE EXPENSE ACCOUNT,1676,BANNER ORGANIZATION TOTALS,1676,0.0,0.0,ok,banner,,,
"SENATOR JEFFERSON B. SESSIONS, III",2011,SENATORS OFFICIAL PERSONNEL AND OFFICE EXPENSE ACCOUNT,1677,BANNER NET PAYROLL,1677,0.0,0.0,banner_missing,banner,,,
"SENATOR JEFFERSON B. SESSIONS, III",2011,SENATORS OFFICIAL PERSONNEL AND OFFICE EXPENSE ACCOUNT,1677,BANNER ORGANIZATION TOTALS,1677,0.0,0.0,ok,banner,,,
"SENATOR JEFFERSON B. SESSIONS, III",2012,SENATORS OFFICIAL PERSONNEL AND OFFICE EXPENSE ACCOUNT,1678,TRAVEL AND TRANSPORTATION OF PERSONS,1685,35184.0,1073025.98,fail,segment,source_mismatch,1073025.98,
"SENATOR JEFFERSON B. SESSIONS, III",2012,SENATORS OFFICIAL PERSONNEL AND OFFICE EXPENSE ACCOUNT,1678,OTHER CONTRACTUAL SERVICES,1685,365.6,365.6,ok,segment,,,
"SENATOR JEFFERSON B. SESSIONS, III",2012,SENATORS OFFICIAL PERSONNEL AND OFFICE EXPENSE ACCOUNT,1678,ACQUISITION OF ASSETS,1685,300.0,300.0,ok,segment,,,
"SENATOR JEFFERSON B. SESSIONS, III",2012,SENATORS OFFICIAL PERSONNEL AND OFFICE EXPENSE ACCOUNT,1678,OTHER PERSONNEL COMPENSATION,1685,664.36,0.0,component,payroll_component,,,
"SENATOR JEFFERSON B. SESSIONS, III",2012,SENATORS OFFICIAL PERSONNEL AND OFFICE EXPENSE ACCOUNT,1678,PERSONNEL COMP. FULL-TIME PERMANENT,1685,1037177.62,0.0,component,payroll_component,,,
"SENATOR JEFFERSON B. SESSIONS, III",2012,SENATORS OFFICIAL PERSONNEL AND OFFICE EXPENSE ACCOUNT,1678,PERSONNEL BENEFITS,1685,1577.1,0.0,component,payroll_component,,,
"SENATOR JEFFERSON B. SESSIONS, III",2012,SENATORS OFFICIAL PERSONNEL AND OFFICE EXPENSE ACCOUNT,1678,NET PAYROLL EXPENSES,1685,1039419.08,1577.1,fail,segment,inconclusive,0.0,
"SENATOR JEFFERSON B. SESSIONS, III",2012,SENATORS OFFICIAL PERSONNEL AND OFFICE EXPENSE ACCOUNT,1678,BANNER NET PAYROLL,1678,1039419.08,1039419.08,ok,banner,,,
"SENATOR JEFFERSON B. SESSIONS, III",2012,SENATORS OFFICIAL PERSONNEL AND OFFICE EXPENSE ACCOUNT,1678,BANNER ORGANIZATION TOTALS,1678,1120284.89,1075268.68,warn,banner,,,banner_only_categories
SENATOR JEANNE SHAHEEN,2010,SENATORS OFFICIAL PERSONNEL AND OFFICE EXPENSE ACCOUNT,1686,TRAVEL AND TRANSPORTATION OF PERSONS,1686,1228.04,1228.04,ok,segment,,,
SENATOR JEANNE SHAHEEN,2010,SENATORS OFFICIAL PERSONNEL AND OFFICE EXPENSE ACCOUNT,1686,BANNER NET PAYROLL,1686,0.0,0.0,banner_missing,banner,,,
SENATOR JEANNE SHAHEEN,2010,SENATORS OFFICIAL PERSONNEL AND OFFICE EXPENSE ACCOUNT,1686,BANNER ORGANIZATION TOTALS,1686,1574.87,1228.04,warn,banner,,,banner_only_categories
SENATOR JEANNE SHAHEEN,2011,SENATORS OFFICIAL PERSONNEL AND OFFICE EXPENSE ACCOUNT,1687,TRAVEL AND TRANSPORTATION OF PERSONS,1687,279.4,279.4,ok,segment,,,
SENATOR JEANNE SHAHEEN,2011,SENATORS OFFICIAL PERSONNEL AND OFFICE EXPENSE ACCOUNT,1687,BANNER NET PAYROLL,1687,0.0,0.0,banner_missing,banner,,,
SENATOR JEANNE SHAHEEN,2011,SENATORS OFFICIAL PERSONNEL AND OFFICE EXPENSE ACCOUNT,1687,BANNER ORGANIZATION TOTALS,1687,293.4,279.4,warn,banner,,,banner_only_categories
SENATOR JEANNE SHAHEEN,2012,SENATORS OFFICIAL PERSONNEL AND OFFICE EXPENSE ACCOUNT,1688,TRAVEL AND TRANSPORTATION OF PERSONS,1706,50683.34,1248636.82,fail,segment,source_mismatch,1248636.82,
SENATOR JEANNE SHAHEEN,2012,SENATORS OFFICIAL PERSONNEL AND OFFICE EXPENSE ACCOUNT,1688,OTHER CONTRACTUAL SERVICES,1706,2300.1,2300.1,ok,segment,,,
SENATOR JEANNE SHAHEEN,2012,SENATORS OFFICIAL PERSONNEL AND OFFICE EXPENSE ACCOUNT,1688,ACQUISITION OF ASSETS,1706,296.4,296.4,ok,segment,,,
SENATOR JEANNE SHAHEEN,2012,SENATORS OFFICIAL PERSONNEL AND OFFICE EXPENSE ACCOUNT,1688,OTHER PERSONNEL COMPENSATION,1707,199.31,0.0,component,payroll_component,,,
SENATOR JEANNE SHAHEEN,2012,SENATORS OFFICIAL PERSONNEL AND OFFICE EXPENSE ACCOUNT,1688,PERSONNEL COMP. FULL-TIME PERMANENT,1707,1197754.17,0.0,component,payroll_component,,,
SENATOR JEANNE SHAHEEN,2012,SENATORS OFFICIAL PERSONNEL AND OFFICE EXPENSE ACCOUNT,1688,PERSONNEL BENEFITS,1707,5578.05,0.0,component,payroll_component,,,
SENATOR JEANNE SHAHEEN,2012,SENATORS OFFICIAL PERSONNEL AND OFFICE EXPENSE ACCOUNT,1688,NET PAYROLL EXPENSES,1707,1203531.53,5578.05,fail,segment,inconclusive,0.0,
SENATOR JEANNE SHAHEEN,2012,SENATORS OFFICIAL PERSONNEL AND OFFICE EXPENSE ACCOUNT,1688,BANNER NET PAYROLL,1688,1203531.53,1203531.53,ok,banner,,,
SENATOR JEANNE SHAHEEN,2012,SENATORS OFFICIAL PERSONNEL AND OFFICE EXPENSE ACCOUNT,1688,BANNER ORGANIZATION TOTALS,1688,1332025.71,1256811.37,warn,banner,,,banner_only_categories
SENATOR RICHARD C. SHELBY,2010,SENATORS OFFICIAL PERSONNEL AND OFFICE EXPENSE ACCOUNT,1708,BANNER NET PAYROLL,1708,0.0,0.0,banner_missing,banner,,,
SENATOR RICHARD C. SHELBY,2010,SENATORS OFFICIAL PERSONNEL AND OFFICE EXPENSE ACCOUNT,1708,BANNER ORGANIZATION TOTALS,1708,0.0,0.0,ok,banner,,,
SENATOR RICHARD C. SHELBY,2011,SENATORS OFFICIAL PERSONNEL AND OFFICE EXPENSE ACCOUNT,1709,BANNER NET PAYROLL,1709,0.0,0.0,banner_missing,banner,,,
SENATOR RICHARD C. SHELBY,2011,SENATORS OFFICIAL PERSONNEL AND OFFICE EXPENSE ACCOUNT,1709,BANNER ORGANIZATION TOTALS,1709,0.0,0.0,ok,banner,,,
SENATOR RICHARD C. SHELBY,2012,SENATORS OFFICIAL PERSONNEL AND OFFICE EXPENSE ACCOUNT,1710,TRAVEL AND TRANSPORTATION OF PERSONS,1713,24735.71,907402.25,fail,segment,source_mismatch,907402.25,
SENATOR RICHARD C. SHELBY,2012,SENATORS OFFICIAL PERSONNEL AND OFFICE EXPENSE ACCOUNT,1710,OTHER CONTRACTUAL SERVICES,1713,342.22,342.22,ok,segment,,,
SENATOR RICHARD C. SHELBY,2012,SENATORS OFFICIAL PERSONNEL AND OFFICE EXPENSE ACCOUNT,1710,PERSONNEL COMP. FULL-TIME PERMANENT,1713,882666.54,0.0,component,payroll_component,,,
SENATOR RICHARD C. SHELBY,2012,SENATORS OFFICIAL PERSONNEL AND OFFICE EXPENSE ACCOUNT,1710,PERSONNEL BENEFITS,1713,1725.5,0.0,component,payroll_component,,,
SENATOR RICHARD C. SHELBY,2012,SENATORS OFFICIAL PERSONNEL AND OFFICE EXPENSE ACCOUNT,1710,NET PAYROLL EXPENSES,1713,884392.04,1725.5,fail,segment,inconclusive,0.0,
SENATOR RICHARD C. SHELBY,2012,SENATORS OFFICIAL PERSONNEL AND OFFICE EXPENSE ACCOUNT,1710,BANNER NET PAYROLL,1710,884392.04,884392.04,ok,banner,,,
SENATOR RICHARD C. SHELBY,2012,SENATORS OFFICIAL PERSONNEL AND OFFICE EXPENSE ACCOUNT,1710,BANNER ORGANIZATION TOTALS,1710,944496.38,909469.97,warn,banner,,,banner_only_categories
SENATOR OLYMPIA J. SNOWE,2010,SENATORS OFFICIAL PERSONNEL AND OFFICE EXPENSE ACCOUNT,1714,BANNER NET PAYROLL,1714,0.0,0.0,banner_missing,banner,,,
SENATOR OLYMPIA J. SNOWE,2010,SENATORS OFFICIAL PERSONNEL AND OFFICE EXPENSE ACCOUNT,1714,BANNER ORGANIZATION TOTALS,1714,0.0,0.0,ok,banner,,,
SENATOR OLYMPIA J. SNOWE,2011,SENATORS OFFICIAL PERSONNEL AND OFFICE EXPENSE ACCOUNT,1715,BANNER NET PAYROLL,1715,0.0,0.0,banner_missing,banner,,,
SENATOR OLYMPIA J. SNOWE,2011,SENATORS OFFICIAL PERSONNEL AND OFFICE EXPENSE ACCOUNT,1715,BANNER ORGANIZATION TOTALS,1715,0.0,0.0,ok,banner,,,
SENATOR OLYMPIA J. SNOWE,2012,SENATORS OFFICIAL PERSONNEL AND OFFICE EXPENSE ACCOUNT,1716,TRAVEL AND TRANSPORTATION OF PERSONS,1723,37922.28,1343423.35,fail,segment,source_mismatch,1343423.35,
SENATOR OLYMPIA J. SNOWE,2012,SENATORS OFFICIAL PERSONNEL AND OFFICE EXPENSE ACCOUNT,1716,OTHER CONTRACTUAL SERVICES,1724,30606.25,30606.25,ok,segment,,,
SENATOR OLYMPIA J. SNOWE,2012,SENATORS OFFICIAL PERSONNEL AND OFFICE EXPENSE ACCOUNT,1716,ACQUISITION OF ASSETS,1724,487.33,487.33,ok,segment,,,
SENATOR OLYMPIA J. SNOWE,2012,SENATORS OFFICIAL PERSONNEL AND OFFICE EXPENSE ACCOUNT,1716,OTHER PERSONNEL COMPENSATION,1724,8613.52,0.0,component,payroll_component,,,
SENATOR OLYMPIA J. SNOWE,2012,SENATORS OFFICIAL PERSONNEL AND OFFICE EXPENSE ACCOUNT,1716,PERSONNEL COMP. FULL-TIME PERMANENT,1724,1296526.97,0.0,component,payroll_component,,,
SENATOR OLYMPIA J. SNOWE,2012,SENATORS OFFICIAL PERSONNEL AND OFFICE EXPENSE ACCOUNT,1716,PERSONNEL BENEFITS,1724,2470.8,0.0,component,payroll_component,,,
SENATOR OLYMPIA J. SNOWE,2012,SENATORS OFFICIAL PERSONNEL AND OFFICE EXPENSE ACCOUNT,1716,NET PAYROLL EXPENSES,1724,1307611.29,2470.8,fail,segment,inconclusive,0.0,
SENATOR OLYMPIA J. SNOWE,2012,SENATORS OFFICIAL PERSONNEL AND OFFICE EXPENSE ACCOUNT,1716,BANNER NET PAYROLL,1716,1307611.29,1307611.29,ok,banner,,,
SENATOR OLYMPIA J. SNOWE,2012,SENATORS OFFICIAL PERSONNEL AND OFFICE EXPENSE ACCOUNT,1716,BANNER ORGANIZATION TOTALS,1716,1420419.68,1376987.73,fail,banner,,,
SENATOR ARLEN SPECTER,2010,SENATORS OFFICIAL PERSONNEL AND OFFICE EXPENSE ACCOUNT,1725,BANNER NET PAYROLL,1725,0.0,0.0,banner_missing,banner,,,
SENATOR ARLEN SPECTER,2010,SENATORS OFFICIAL PERSONNEL AND OFFICE EXPENSE ACCOUNT,1725,BANNER ORGANIZATION TOTALS,1725,0.0,0.0,ok,banner,,,
SENATOR ARLEN SPECTER,2011,SENATORS OFFICIAL PERSONNEL AND OFFICE EXPENSE ACCOUNT,1726,BANNER NET PAYROLL,1726,0.0,0.0,banner_missing,banner,,,
SENATOR ARLEN SPECTER,2011,SENATORS OFFICIAL PERSONNEL AND OFFICE EXPENSE ACCOUNT,1726,BANNER ORGANIZATION TOTALS,1726,0.0,0.0,ok,banner,,,
SENATOR DEBBIE A. STABENOW,2010,SENATORS OFFICIAL PERSONNEL AND OFFICE EXPENSE ACCOUNT,1727,BANNER NET PAYROLL,1727,0.0,0.0,banner_missing,banner,,,
SENATOR DEBBIE A. STABENOW,2010,SENATORS OFFICIAL PERSONNEL AND OFFICE EXPENSE ACCOUNT,1727,BANNER ORGANIZATION TOTALS,1727,0.0,0.0,ok,banner,,,
SENATOR DEBBIE A. STABENOW,2011,SENATORS OFFICIAL PERSONNEL AND OFFICE EXPENSE ACCOUNT,1728,TRAVEL AND TRANSPORTATION OF PERSONS,1728,453.0,453.0,ok,segment,,,
SENATOR DEBBIE A. STABENOW,2011,SENATORS OFFICIAL PERSONNEL AND OFFICE EXPENSE ACCOUNT,1728,BANNER NET PAYROLL,1728,0.0,0.0,banner_missing,banner,,,
SENATOR DEBBIE A. STABENOW,2011,SENATORS OFFICIAL PERSONNEL AND OFFICE EXPENSE ACCOUNT,1728,BANNER ORGANIZATION TOTALS,1728,460.3,453.0,warn,banner,,,banner_only_categories
SENATOR DEBBIE A. STABENOW,2012,SENATORS OFFICIAL PERSONNEL AND OFFICE EXPENSE ACCOUNT,1729,TRAVEL AND TRANSPORTATION OF PERSONS,1738,50724.57,1455896.56,fail,segment,source_mismatch,1455896.56,
SENATOR DEBBIE A. STABENOW,2012,SENATORS OFFICIAL PERSONNEL AND OFFICE EXPENSE ACCOUNT,1729,OTHER CONTRACTUAL SERVICES,1738,2779.3,2779.3,ok,segment,,,
SENATOR DEBBIE A. STABENOW,2012,SENATORS OFFICIAL PERSONNEL AND OFFICE EXPENSE ACCOUNT,1729,ACQUISITION OF ASSETS,1738,2020.22,2020.22,ok,segment,,,
SENATOR DEBBIE A. STABENOW,2012,SENATORS OFFICIAL PERSONNEL AND OFFICE EXPENSE ACCOUNT,1729,PERSONNEL COMP. FULL-TIME PERMANENT,1738,1405852.54,0.0,component,payroll_component,,,
SENATOR DEBBIE A. STABENOW,2012,SENATORS OFFICIAL PERSONNEL AND OFFICE EXPENSE ACCOUNT,1729,PERSONNEL BENEFITS,1738,5577.85,0.0,component,payroll_component,,,
SENATOR DEBBIE A. STABENOW,2012,SENATORS OFFICIAL PERSONNEL AND OFFICE EXPENSE ACCOUNT,1729,NET PAYROLL EXPENSES,1738,1411430.39,5577.85,fail,segment,inconclusive,0.0,
SENATOR DEBBIE A. STABENOW,2012,SENATORS OFFICIAL PERSONNEL AND OFFICE EXPENSE ACCOUNT,1729,BANNER NET PAYROLL,1729,1411430.39,1411430.39,ok,banner,,,
SENATOR DEBBIE A. STABENOW,2012,SENATORS OFFICIAL PERSONNEL AND OFFICE EXPENSE ACCOUNT,1729,BANNER ORGANIZATION TOTALS,1729,1507118.13,1466273.93,fail,banner,,,
SENATOR JON TESTER,2010,SENATORS OFFICIAL PERSONNEL AND OFFICE EXPENSE ACCOUNT,1739,BANNER NET PAYROLL,1739,0.0,0.0,banner_missing,banner,,,
SENATOR JON TESTER,2010,SENATORS OFFICIAL PERSONNEL AND OFFICE EXPENSE ACCOUNT,1739,BANNER ORGANIZATION TOTALS,1739,0.0,0.0,ok,banner,,,
SENATOR JON TESTER,2011,SENATORS OFFICIAL PERSONNEL AND OFFICE EXPENSE ACCOUNT,1740,BANNER NET PAYROLL,1740,0.0,0.0,banner_missing,banner,,,
SENATOR JON TESTER,2011,SENATORS OFFICIAL PERSONNEL AND OFFICE EXPENSE ACCOUNT,1740,BANNER ORGANIZATION TOTALS,1740,210.0,0.0,warn,banner,,,banner_only_categories
SENATOR JON TESTER,2012,SENATORS OFFICIAL PERSONNEL AND OFFICE EXPENSE ACCOUNT,1741,TRAVEL AND TRANSPORTATION OF PERSONS,1753,100360.56,1313389.4,fail,segment,source_mismatch,1313389.4,
SENATOR JON TESTER,2012,SENATORS OFFICIAL PERSONNEL AND OFFICE EXPENSE ACCOUNT,1741,OTHER CONTRACTUAL SERVICES,1754,2218.0,2218.0,ok,segment,,,
SENATOR JON TESTER,2012,SENATORS OFFICIAL PERSONNEL AND OFFICE EXPENSE ACCOUNT,1741,ACQUISITION OF ASSETS,1754,46.64,46.64,ok,segment,,,
SENATOR JON TESTER,2012,SENATORS OFFICIAL PERSONNEL AND OFFICE EXPENSE ACCOUNT,1741,PERSONNEL COMP. FULL-TIME PERMANENT,1754,1213028.84,0.0,component,payroll_component,,,
SENATOR JON TESTER,2012,SENATORS OFFICIAL PERSONNEL AND OFFICE EXPENSE ACCOUNT,1741,PERSONNEL BENEFITS,1754,4418.45,0.0,component,payroll_component,,,
SENATOR JON TESTER,2012,SENATORS OFFICIAL PERSONNEL AND OFFICE EXPENSE ACCOUNT,1741,NET PAYROLL EXPENSES,1754,1217447.29,4418.45,fail,segment,inconclusive,0.0,
SENATOR JON TESTER,2012,SENATORS OFFICIAL PERSONNEL AND OFFICE EXPENSE ACCOUNT,1741,BANNER NET PAYROLL,1741,1217447.29,1217447.29,ok,banner,,,
SENATOR JON TESTER,2012,SENATORS OFFICIAL PERSONNEL AND OFFICE EXPENSE ACCOUNT,1741,BANNER ORGANIZATION TOTALS,1741,1375079.67,1320072.49,warn,banner,,,banner_only_categories
SENATOR JOHN R. THUNE,2010,SENATORS OFFICIAL PERSONNEL AND OFFICE EXPENSE ACCOUNT,1755,BANNER NET PAYROLL,1755,0.0,0.0,banner_missing,banner,,,
SENATOR JOHN R. THUNE,2010,SENATORS OFFICIAL PERSONNEL AND OFFICE EXPENSE ACCOUNT,1755,BANNER ORGANIZATION TOTALS,1755,17.99,0.0,warn,banner,,,banner_only_categories
SENATOR JOHN R. THUNE,2011,SENATORS OFFICIAL PERSONNEL AND OFFICE EXPENSE ACCOUNT,1756,BANNER NET PAYROLL,1756,0.0,0.0,banner_missing,banner,,,
SENATOR JOHN R. THUNE,2011,SENATORS OFFICIAL PERSONNEL AND OFFICE EXPENSE ACCOUNT,1756,BANNER ORGANIZATION TOTALS,1756,11000.0,0.0,warn,banner,,,banner_only_categories
SENATOR JOHN R. THUNE,2012,SENATORS OFFICIAL PERSONNEL AND OFFICE EXPENSE ACCOUNT,1757,TRAVEL AND TRANSPORTATION OF PERSONS,1765,93230.09,1439455.99,fail,segment,source_mismatch,1439455.99,
SENATOR JOHN R. THUNE,2012,SENATORS OFFICIAL PERSONNEL AND OFFICE EXPENSE ACCOUNT,1757,OTHER CONTRACTUAL SERVICES,1765,2652.79,2652.79,ok,segment,,,
SENATOR JOHN R. THUNE,2012,SENATORS OFFICIAL PERSONNEL AND OFFICE EXPENSE ACCOUNT,1757,ACQUISITION OF ASSETS,1765,90.0,90.0,ok,segment,,,
SENATOR JOHN R. THUNE,2012,SENATORS OFFICIAL PERSONNEL AND OFFICE EXPENSE ACCOUNT,1757,PERSONNEL COMP. FULL-TIME PERMANENT,1765,1346225.9,0.0,component,payroll_component,,,
SENATOR JOHN R. THUNE,2012,SENATORS OFFICIAL PERSONNEL AND OFFICE EXPENSE ACCOUNT,1757,RE-EMPLOYED ANNUITANTS,1765,2586.0,0.0,component,payroll_component,,,
SENATOR JOHN R. THUNE,2012,SENATORS OFFICIAL PERSONNEL AND OFFICE EXPENSE ACCOUNT,1757,PERSONNEL BENEFITS,1765,442.55,0.0,component,payroll_component,,,
SENATOR JOHN R. THUNE,2012,SENATORS OFFICIAL PERSONNEL AND OFFICE EXPENSE ACCOUNT,1757,NET PAYROLL EXPENSES,1765,1349254.45,3028.55,fail,segment,inconclusive,0.0,
SENATOR JOHN R. THUNE,2012,SENATORS OFFICIAL PERSONNEL AND OFFICE EXPENSE ACCOUNT,1757,BANNER NET PAYROLL,1757,1349254.45,1349254.45,ok,banner,,,
SENATOR JOHN R. THUNE,2012,SENATORS OFFICIAL PERSONNEL AND OFFICE EXPENSE ACCOUNT,1757,BANNER ORGANIZATION TOTALS,1757,1482564.32,1445227.33,warn,banner,,,banner_only_categories
SENATOR PATRICK J.TOOMEY,2011,SENATORS OFFICIAL PERSONNEL AND OFFICE EXPENSE ACCOUNT,1766,BANNER NET PAYROLL,1766,0.0,0.0,banner_missing,banner,,,
SENATOR PATRICK J.TOOMEY,2011,SENATORS OFFICIAL PERSONNEL AND OFFICE EXPENSE ACCOUNT,1766,BANNER ORGANIZATION TOTALS,1766,29000.0,0.0,warn,banner,,,banner_only_categories
SENATOR PATRICK J.TOOMEY,2012,SENATORS OFFICIAL PERSONNEL AND OFFICE EXPENSE ACCOUNT,1767,TRAVEL AND TRANSPORTATION OF PERSONS,1786,76730.04,1597261.43,fail,segment,source_mismatch,1597261.43,
SENATOR PATRICK J.TOOMEY,2012,SENATORS OFFICIAL PERSONNEL AND OFFICE EXPENSE ACCOUNT,1767,OTHER CONTRACTUAL SERVICES,1786,1712.15,1712.15,ok,segment,,,
SENATOR PATRICK J.TOOMEY,2012,SENATORS OFFICIAL PERSONNEL AND OFFICE EXPENSE ACCOUNT,1767,ACQUISITION OF ASSETS,1787,383.75,383.75,ok,segment,,,
SENATOR PATRICK J.TOOMEY,2012,SENATORS OFFICIAL PERSONNEL AND OFFICE EXPENSE ACCOUNT,1767,OTHER PERSONNEL COMPENSATION,1787,1778.01,0.0,component,payroll_component,,,
SENATOR PATRICK J.TOOMEY,2012,SENATORS OFFICIAL PERSONNEL AND OFFICE EXPENSE ACCOUNT,1767,PERSONNEL COMP. FULL-TIME PERMANENT,1787,1518753.38,0.0,component,payroll_component,,,
SENATOR PATRICK J.TOOMEY,2012,SENATORS OFFICIAL PERSONNEL AND OFFICE EXPENSE ACCOUNT,1767,PERSONNEL BENEFITS,1787,6375.9,0.0,component,payroll_component,,,
SENATOR PATRICK J.TOOMEY,2012,SENATORS OFFICIAL PERSONNEL AND OFFICE EXPENSE ACCOUNT,1767,NET PAYROLL EXPENSES,1787,1526907.29,6375.9,fail,segment,inconclusive,0.0,
SENATOR PATRICK J.TOOMEY,2012,SENATORS OFFICIAL PERSONNEL AND OFFICE EXPENSE ACCOUNT,1767,BANNER NET PAYROLL,1767,1526907.29,1526907.29,ok,banner,,,
SENATOR PATRICK J.TOOMEY,2012,SENATORS OFFICIAL PERSONNEL AND OFFICE EXPENSE ACCOUNT,1767,BANNER ORGANIZATION TOTALS,1767,1652172.81,1605733.23,warn,banner,,,banner_only_categories
SENATOR MARK UDALL (CO),2010,SENATORS OFFICIAL PERSONNEL AND OFFICE EXPENSE ACCOUNT,1788,BANNER NET PAYROLL,1788,0.0,0.0,banner_missing,banner,,,
SENATOR MARK UDALL (CO),2010,SENATORS OFFICIAL PERSONNEL AND OFFICE EXPENSE ACCOUNT,1788,BANNER ORGANIZATION TOTALS,1788,0.0,0.0,ok,banner,,,
SENATOR MARK UDALL (CO),2011,SENATORS OFFICIAL PERSONNEL AND OFFICE EXPENSE ACCOUNT,1789,BANNER NET PAYROLL,1789,0.0,0.0,banner_missing,banner,,,
SENATOR MARK UDALL (CO),2011,SENATORS OFFICIAL PERSONNEL AND OFFICE EXPENSE ACCOUNT,1789,BANNER ORGANIZATION TOTALS,1789,0.0,0.0,ok,banner,,,
SENATOR MARK UDALL (CO),2012,SENATORS OFFICIAL PERSONNEL AND OFFICE EXPENSE ACCOUNT,1790,TRAVEL AND TRANSPORTATION OF PERSONS,1803,81005.38,1414185.79,fail,segment,source_mismatch,1414185.79,
SENATOR MARK UDALL (CO),2012,SENATORS OFFICIAL PERSONNEL AND OFFICE EXPENSE ACCOUNT,1790,OTHER CONTRACTUAL SERVICES,1803,3941.35,3941.35,ok,segment,,,
SENATOR MARK UDALL (CO),2012,SENATORS OFFICIAL PERSONNEL AND OFFICE EXPENSE ACCOUNT,1790,ACQUISITION OF ASSETS,1803,1739.7,1739.7,ok,segment,,,
SENATOR MARK UDALL (CO),2012,SENATORS OFFICIAL PERSONNEL AND OFFICE EXPENSE ACCOUNT,1790,PERSONNEL COMP. FULL-TIME PERMANENT,1803,1333180.41,0.0,component,payroll_component,,,
SENATOR MARK UDALL (CO),2012,SENATORS OFFICIAL PERSONNEL AND OFFICE EXPENSE ACCOUNT,1790,PERSONNEL BENEFITS,1803,4796.35,0.0,component,payroll_component,,,
SENATOR MARK UDALL (CO),2012,SENATORS OFFICIAL PERSONNEL AND OFFICE EXPENSE ACCOUNT,1790,NET PAYROLL EXPENSES,1803,1337976.76,4796.35,fail,segment,inconclusive,0.0,
SENATOR MARK UDALL (CO),2012,SENATORS OFFICIAL PERSONNEL AND OFFICE EXPENSE ACCOUNT,1790,BANNER NET PAYROLL,1790,1337976.76,1337976.76,ok,banner,,,
SENATOR MARK UDALL (CO),2012,SENATORS OFFICIAL PERSONNEL AND OFFICE EXPENSE ACCOUNT,1790,BANNER ORGANIZATION TOTALS,1790,1476635.29,1424663.19,warn,banner,,,banner_only_categories
SENATOR TOM UDALL (NM),2010,SENATORS OFFICIAL PERSONNEL AND OFFICE EXPENSE ACCOUNT,1804,BANNER NET PAYROLL,1804,0.0,0.0,banner_missing,banner,,,
SENATOR TOM UDALL (NM),2010,SENATORS OFFICIAL PERSONNEL AND OFFICE EXPENSE ACCOUNT,1804,BANNER ORGANIZATION TOTALS,1804,0.0,0.0,ok,banner,,,
SENATOR TOM UDALL (NM),2011,SENATORS OFFICIAL PERSONNEL AND OFFICE EXPENSE ACCOUNT,1805,BANNER NET PAYROLL,1805,0.0,0.0,banner_missing,banner,,,
SENATOR TOM UDALL (NM),2011,SENATORS OFFICIAL PERSONNEL AND OFFICE EXPENSE ACCOUNT,1805,BANNER ORGANIZATION TOTALS,1805,0.0,0.0,ok,banner,,,
SENATOR TOM UDALL (NM),2012,SENATORS OFFICIAL PERSONNEL AND OFFICE EXPENSE ACCOUNT,1806,TRAVEL AND TRANSPORTATION OF PERSONS,1823,84643.38,1420429.86,fail,segment,source_mismatch,1420429.86,
SENATOR TOM UDALL (NM),2012,SENATORS OFFICIAL PERSONNEL AND OFFICE EXPENSE ACCOUNT,1806,OTHER CONTRACTUAL SERVICES,1823,1453.78,1453.78,ok,segment,,,
SENATOR TOM UDALL (NM),2012,SENATORS OFFICIAL PERSONNEL AND OFFICE EXPENSE ACCOUNT,1806,ACQUISITION OF ASSETS,1823,1435.2,1435.2,ok,segment,,,
SENATOR TOM UDALL (NM),2012,SENATORS OFFICIAL PERSONNEL AND OFFICE EXPENSE ACCOUNT,1806,OTHER PERSONNEL COMPENSATION,1823,1262.87,0.0,component,payroll_component,,,
SENATOR TOM UDALL (NM),2012,SENATORS OFFICIAL PERSONNEL AND OFFICE EXPENSE ACCOUNT,1806,PERSONNEL COMP. FULL-TIME PERMANENT,1823,1334523.61,0.0,component,payroll_component,,,
SENATOR TOM UDALL (NM),2012,SENATORS OFFICIAL PERSONNEL AND OFFICE EXPENSE ACCOUNT,1806,PERSONNEL BENEFITS,1823,4811.55,0.0,component,payroll_component,,,
SENATOR TOM UDALL (NM),2012,SENATORS OFFICIAL PERSONNEL AND OFFICE EXPENSE ACCOUNT,1806,NET PAYROLL EXPENSES,1823,1340598.03,4811.55,fail,segment,inconclusive,0.0,
SENATOR TOM UDALL (NM),2012,SENATORS OFFICIAL PERSONNEL AND OFFICE EXPENSE ACCOUNT,1806,BANNER NET PAYROLL,1806,1340598.03,1340598.03,ok,banner,,,
SENATOR TOM UDALL (NM),2012,SENATORS OFFICIAL PERSONNEL AND OFFICE EXPENSE ACCOUNT,1806,BANNER ORGANIZATION TOTALS,1806,1461772.57,1428130.39,warn,banner,,,banner_only_categories
SENATOR DAVID VITTER,2010,SENATORS OFFICIAL PERSONNEL AND OFFICE EXPENSE ACCOUNT,1824,BANNER NET PAYROLL,1824,0.0,0.0,banner_missing,banner,,,
SENATOR DAVID VITTER,2010,SENATORS OFFICIAL PERSONNEL AND OFFICE EXPENSE ACCOUNT,1824,BANNER ORGANIZATION TOTALS,1824,0.0,0.0,ok,banner,,,
SENATOR DAVID VITTER,2011,SENATORS OFFICIAL PERSONNEL AND OFFICE EXPENSE ACCOUNT,1825,BANNER NET PAYROLL,1825,0.0,0.0,banner_missing,banner,,,
SENATOR DAVID VITTER,2011,SENATORS OFFICIAL PERSONNEL AND OFFICE EXPENSE ACCOUNT,1825,BANNER ORGANIZATION TOTALS,1825,97.62,0.0,warn,banner,,,banner_only_categories
SENATOR DAVID VITTER,2012,SENATORS OFFICIAL PERSONNEL AND OFFICE EXPENSE ACCOUNT,1826,TRAVEL AND TRANSPORTATION OF PERSONS,1841,49778.21,1201766.63,fail,segment,source_mismatch,1201766.63,
SENATOR DAVID VITTER,2012,SENATORS OFFICIAL PERSONNEL AND OFFICE EXPENSE ACCOUNT,1826,OTHER CONTRACTUAL SERVICES,1841,3186.8,3186.8,ok,segment,,,
SENATOR DAVID VITTER,2012,SENATORS OFFICIAL PERSONNEL AND OFFICE EXPENSE ACCOUNT,1826,OTHER PERSONNEL COMPENSATION,1841,373.21,0.0,component,payroll_component,,,
SENATOR DAVID VITTER,2012,SENATORS OFFICIAL PERSONNEL AND OFFICE EXPENSE ACCOUNT,1826,PERSONNEL COMP. FULL-TIME PERMANENT,1841,1151615.21,0.0,component,payroll_component,,,
SENATOR DAVID VITTER,2012,SENATORS OFFICIAL PERSONNEL AND OFFICE EXPENSE ACCOUNT,1826,PERSONNEL BENEFITS,1841,901.65,0.0,component,payroll_component,,,
SENATOR DAVID VITTER,2012,SENATORS OFFICIAL PERSONNEL AND OFFICE EXPENSE ACCOUNT,1826,NET PAYROLL EXPENSES,1841,1152890.07,901.65,fail,segment,inconclusive,0.0,
SENATOR DAVID VITTER,2012,SENATORS OFFICIAL PERSONNEL AND OFFICE EXPENSE ACCOUNT,1826,BANNER NET PAYROLL,1826,1152890.07,1152890.07,ok,banner,,,
SENATOR DAVID VITTER,2012,SENATORS OFFICIAL PERSONNEL AND OFFICE EXPENSE ACCOUNT,1826,BANNER ORGANIZATION TOTALS,1826,1508248.91,1205855.08,warn,banner,,,banner_only_categories
SENATOR GEORGE V. VOINOVICH,2010,SENATORS OFFICIAL PERSONNEL AND OFFICE EXPENSE ACCOUNT,1842,BANNER NET PAYROLL,1842,0.0,0.0,banner_missing,banner,,,
SENATOR GEORGE V. VOINOVICH,2010,SENATORS OFFICIAL PERSONNEL AND OFFICE EXPENSE ACCOUNT,1842,BANNER ORGANIZATION TOTALS,1842,0.0,0.0,ok,banner,,,
SENATOR GEORGE V. VOINOVICH,2011,SENATORS OFFICIAL PERSONNEL AND OFFICE EXPENSE ACCOUNT,1843,BANNER NET PAYROLL,1843,0.0,0.0,banner_missing,banner,,,
SENATOR GEORGE V. VOINOVICH,2011,SENATORS OFFICIAL PERSONNEL AND OFFICE EXPENSE ACCOUNT,1843,BANNER ORGANIZATION TOTALS,1843,0.0,0.0,ok,banner,,,
SENATOR MARK WARNER,2010,SENATORS OFFICIAL PERSONNEL AND OFFICE EXPENSE ACCOUNT,1844,BANNER NET PAYROLL,1844,0.0,0.0,banner_missing,banner,,,
SENATOR MARK WARNER,2010,SENATORS OFFICIAL PERSONNEL AND OFFICE EXPENSE ACCOUNT,1844,BANNER ORGANIZATION TOTALS,1844,0.0,0.0,ok,banner,,,
SENATOR MARK WARNER,2011,SENATORS OFFICIAL PERSONNEL AND OFFICE EXPENSE ACCOUNT,1845,ACQUISITION OF ASSETS,1845,720.0,720.0,ok,segment,,,
SENATOR MARK WARNER,2011,SENATORS OFFICIAL PERSONNEL AND OFFICE EXPENSE ACCOUNT,1845,BANNER NET PAYROLL,1845,0.0,0.0,banner_missing,banner,,,
SENATOR MARK WARNER,2011,SENATORS OFFICIAL PERSONNEL AND OFFICE EXPENSE ACCOUNT,1845,BANNER ORGANIZATION TOTALS,1845,720.0,720.0,ok,banner,,,
SENATOR MARK WARNER,2012,SENATORS OFFICIAL PERSONNEL AND OFFICE EXPENSE ACCOUNT,1846,TRAVEL AND TRANSPORTATION OF PERSONS,1864,77937.93,1448389.59,fail,segment,source_mismatch,1448389.59,
SENATOR MARK WARNER,2012,SENATORS OFFICIAL PERSONNEL AND OFFICE EXPENSE ACCOUNT,1846,OTHER CONTRACTUAL SERVICES,1864,1494.4,1494.4,ok,segment,,,
SENATOR MARK WARNER,2012,SENATORS OFFICIAL PERSONNEL AND OFFICE EXPENSE ACCOUNT,1846,ACQUISITION OF ASSETS,1864,407.13,407.13,ok,segment,,,
SENATOR MARK WARNER,2012,SENATORS OFFICIAL PERSONNEL AND OFFICE EXPENSE ACCOUNT,1846,OTHER PERSONNEL COMPENSATION,1864,369.12,0.0,component,payroll_component,,,
SENATOR MARK WARNER,2012,SENATORS OFFICIAL PERSONNEL AND OFFICE EXPENSE ACCOUNT,1846,PERSONNEL COMP. FULL-TIME PERMANENT,1864,1370082.54,0.0,component,payroll_component,,,
SENATOR MARK WARNER,2012,SENATORS OFFICIAL PERSONNEL AND OFFICE EXPENSE ACCOUNT,1846,PERSONNEL BENEFITS,1864,4116.8,0.0,component,payroll_component,,,
SENATOR MARK WARNER,2012,SENATORS OFFICIAL PERSONNEL AND OFFICE EXPENSE ACCOUNT,1846,NET PAYROLL EXPENSES,1865,1374568.46,4116.8,fail,segment,inconclusive,0.0,
SENATOR MARK WARNER,2012,SENATORS OFFICIAL PERSONNEL AND OFFICE EXPENSE ACCOUNT,1846,BANNER NET PAYROLL,1846,1374568.46,1374568.46,ok,banner,,,
SENATOR MARK WARNER,2012,SENATORS OFFICIAL PERSONNEL AND OFFICE EXPENSE ACCOUNT,1846,BANNER ORGANIZATION TOTALS,1846,1516037.61,1454407.92,warn,banner,,,banner_only_categories
SENATOR JIM WEBB,2010,SENATORS OFFICIAL PERSONNEL AND OFFICE EXPENSE ACCOUNT,1866,BANNER NET PAYROLL,1866,0.0,0.0,banner_missing,banner,,,
SENATOR JIM WEBB,2010,SENATORS OFFICIAL PERSONNEL AND OFFICE EXPENSE ACCOUNT,1866,BANNER ORGANIZATION TOTALS,1866,0.0,0.0,ok,banner,,,
SENATOR JIM WEBB,2011,SENATORS OFFICIAL PERSONNEL AND OFFICE EXPENSE ACCOUNT,1867,BANNER NET PAYROLL,1867,0.0,0.0,banner_missing,banner,,,
SENATOR JIM WEBB,2011,SENATORS OFFICIAL PERSONNEL AND OFFICE EXPENSE ACCOUNT,1867,BANNER ORGANIZATION TOTALS,1867,0.0,0.0,ok,banner,,,
SENATOR JIM WEBB,2012,SENATORS OFFICIAL PERSONNEL AND OFFICE EXPENSE ACCOUNT,1868,TRAVEL AND TRANSPORTATION OF PERSONS,1874,23885.69,1353734.21,fail,segment,source_mismatch,1353734.21,
SENATOR JIM WEBB,2012,SENATORS OFFICIAL PERSONNEL AND OFFICE EXPENSE ACCOUNT,1868,OTHER CONTRACTUAL SERVICES,1874,5037.9,5037.9,ok,segment,,,
SENATOR JIM WEBB,2012,SENATORS OFFICIAL PERSONNEL AND OFFICE EXPENSE ACCOUNT,1868,ACQUISITION OF ASSETS,1874,947.64,947.64,ok,segment,,,
SENATOR JIM WEBB,2012,SENATORS OFFICIAL PERSONNEL AND OFFICE EXPENSE ACCOUNT,1868,OTHER PERSONNEL COMPENSATION,1874,1238.64,0.0,component,payroll_component,,,
SENATOR JIM WEBB,2012,SENATORS OFFICIAL PERSONNEL AND OFFICE EXPENSE ACCOUNT,1868,PERSONNEL COMP. FULL-TIME PERMANENT,1874,1328609.88,0.0,component,payroll_component,,,
SENATOR JIM WEBB,2012,SENATORS OFFICIAL PERSONNEL AND OFFICE EXPENSE ACCOUNT,1868,PERSONNEL BENEFITS,1874,5044.85,0.0,component,payroll_component,,,
SENATOR JIM WEBB,2012,SENATORS OFFICIAL PERSONNEL AND OFFICE EXPENSE ACCOUNT,1868,NET PAYROLL EXPENSES,1874,1334893.37,5044.85,fail,segment,inconclusive,0.0,
SENATOR JIM WEBB,2012,SENATORS OFFICIAL PERSONNEL AND OFFICE EXPENSE ACCOUNT,1868,BANNER NET PAYROLL,1868,1334893.37,1334893.37,ok,banner,,,
SENATOR JIM WEBB,2012,SENATORS OFFICIAL PERSONNEL AND OFFICE EXPENSE ACCOUNT,1868,BANNER ORGANIZATION TOTALS,1868,1434767.55,1364764.6,warn,banner,,,banner_only_categories
SENATOR SHELDON WHITEHOUSE,2010,SENATORS OFFICIAL PERSONNEL AND OFFICE EXPENSE ACCOUNT,1875,BANNER NET PAYROLL,1875,0.0,0.0,banner_missing,banner,,,
SENATOR SHELDON WHITEHOUSE,2010,SENATORS OFFICIAL PERSONNEL AND OFFICE EXPENSE ACCOUNT,1875,BANNER ORGANIZATION TOTALS,1875,0.0,0.0,ok,banner,,,
SENATOR SHELDON WHITEHOUSE,2011,SENATORS OFFICIAL PERSONNEL AND OFFICE EXPENSE ACCOUNT,1876,BANNER NET PAYROLL,1876,0.0,0.0,banner_missing,banner,,,
SENATOR SHELDON WHITEHOUSE,2011,SENATORS OFFICIAL PERSONNEL AND OFFICE EXPENSE ACCOUNT,1876,BANNER ORGANIZATION TOTALS,1876,2000.0,0.0,warn,banner,,,banner_only_categories
SENATOR SHELDON WHITEHOUSE,2012,SENATORS OFFICIAL PERSONNEL AND OFFICE EXPENSE ACCOUNT,1877,TRAVEL AND TRANSPORTATION OF PERSONS,1898,42778.9,1226233.61,fail,segment,source_mismatch,1226233.61,
SENATOR SHELDON WHITEHOUSE,2012,SENATORS OFFICIAL PERSONNEL AND OFFICE EXPENSE ACCOUNT,1877,OTHER CONTRACTUAL SERVICES,1898,18222.45,18222.45,ok,segment,,,
SENATOR SHELDON WHITEHOUSE,2012,SENATORS OFFICIAL PERSONNEL AND OFFICE EXPENSE ACCOUNT,1877,ACQUISITION OF ASSETS,1898,50994.53,50994.53,ok,segment,,,
SENATOR SHELDON WHITEHOUSE,2012,SENATORS OFFICIAL PERSONNEL AND OFFICE EXPENSE ACCOUNT,1877,OTHER PERSONNEL COMPENSATION,1898,10193.12,0.0,component,payroll_component,,,
SENATOR SHELDON WHITEHOUSE,2012,SENATORS OFFICIAL PERSONNEL AND OFFICE EXPENSE ACCOUNT,1877,PERSONNEL COMP. FULL-TIME PERMANENT,1898,1173261.59,0.0,component,payroll_component,,,
SENATOR SHELDON WHITEHOUSE,2012,SENATORS OFFICIAL PERSONNEL AND OFFICE EXPENSE ACCOUNT,1877,RE-EMPLOYED ANNUITANTS,1898,3804.0,0.0,component,payroll_component,,,
SENATOR SHELDON WHITEHOUSE,2012,SENATORS OFFICIAL PERSONNEL AND OFFICE EXPENSE ACCOUNT,1877,PERSONNEL BENEFITS,1898,7145.15,0.0,component,payroll_component,,,
SENATOR SHELDON WHITEHOUSE,2012,SENATORS OFFICIAL PERSONNEL AND OFFICE EXPENSE ACCOUNT,1877,NET PAYROLL EXPENSES,1898,1194403.86,10949.15,fail,segment,inconclusive,0.0,
SENATOR SHELDON WHITEHOUSE,2012,SENATORS OFFICIAL PERSONNEL AND OFFICE EXPENSE ACCOUNT,1877,BANNER NET PAYROLL,1877,1194403.86,1194403.86,ok,banner,,,
SENATOR SHELDON WHITEHOUSE,2012,SENATORS OFFICIAL PERSONNEL AND OFFICE EXPENSE ACCOUNT,1877,BANNER ORGANIZATION TOTALS,1877,1420622.19,1306399.74,warn,banner,,,banner_only_categories
SENATOR ROGER WICKER,2010,SENATORS OFFICIAL PERSONNEL AND OFFICE EXPENSE ACCOUNT,1899,BANNER NET PAYROLL,1899,0.0,0.0,banner_missing,banner,,,
SENATOR ROGER WICKER,2010,SENATORS OFFICIAL PERSONNEL AND OFFICE EXPENSE ACCOUNT,1899,BANNER ORGANIZATION TOTALS,1899,0.0,0.0,ok,banner,,,
SENATOR ROGER WICKER,2011,SENATORS OFFICIAL PERSONNEL AND OFFICE EXPENSE ACCOUNT,1900,BANNER NET PAYROLL,1900,0.0,0.0,banner_missing,banner,,,
SENATOR ROGER WICKER,2011,SENATORS OFFICIAL PERSONNEL AND OFFICE EXPENSE ACCOUNT,1900,BANNER ORGANIZATION TOTALS,1900,0.0,0.0,ok,banner,,,
SENATOR ROGER WICKER,2012,SENATORS OFFICIAL PERSONNEL AND OFFICE EXPENSE ACCOUNT,1901,TRAVEL AND TRANSPORTATION OF PERSONS,1915,51800.98,1438423.15,fail,segment,source_mismatch,1438423.15,
SENATOR ROGER WICKER,2012,SENATORS OFFICIAL PERSONNEL AND OFFICE EXPENSE ACCOUNT,1901,OTHER CONTRACTUAL SERVICES,1915,1144.15,1144.15,ok,segment,,,
SENATOR ROGER WICKER,2012,SENATORS OFFICIAL PERSONNEL AND OFFICE EXPENSE ACCOUNT,1901,ACQUISITION OF ASSETS,1915,545.0,545.0,ok,segment,,,
SENATOR ROGER WICKER,2012,SENATORS OFFICIAL PERSONNEL AND OFFICE EXPENSE ACCOUNT,1901,PERSONNEL COMP. FULL-TIME PERMANENT,1915,1386622.17,0.0,component,payroll_component,,,
SENATOR ROGER WICKER,2012,SENATORS OFFICIAL PERSONNEL AND OFFICE EXPENSE ACCOUNT,1901,PERSONNEL BENEFITS,1915,1562.65,0.0,component,payroll_component,,,
SENATOR ROGER WICKER,2012,SENATORS OFFICIAL PERSONNEL AND OFFICE EXPENSE ACCOUNT,1901,NET PAYROLL EXPENSES,1915,1388184.82,1562.65,fail,segment,inconclusive,0.0,
SENATOR ROGER WICKER,2012,SENATORS OFFICIAL PERSONNEL AND OFFICE EXPENSE ACCOUNT,1901,BANNER NET PAYROLL,1901,1388184.82,1388184.82,ok,banner,,,
SENATOR ROGER WICKER,2012,SENATORS OFFICIAL PERSONNEL AND OFFICE EXPENSE ACCOUNT,1901,BANNER ORGANIZATION TOTALS,1901,1480508.04,1441674.95,warn,banner,,,banner_only_categories
SENATOR RON WYDEN,2010,SENATORS OFFICIAL PERSONNEL AND OFFICE EXPENSE ACCOUNT,1916,BANNER NET PAYROLL,1916,0.0,0.0,banner_missing,banner,,,
SENATOR RON WYDEN,2010,SENATORS OFFICIAL PERSONNEL AND OFFICE EXPENSE ACCOUNT,1916,BANNER ORGANIZATION TOTALS,1916,0.0,0.0,ok,banner,,,
SENATOR RON WYDEN,2011,SENATORS OFFICIAL PERSONNEL AND OFFICE EXPENSE ACCOUNT,1917,BANNER NET PAYROLL,1917,0.0,0.0,banner_missing,banner,,,
SENATOR RON WYDEN,2011,SENATORS OFFICIAL PERSONNEL AND OFFICE EXPENSE ACCOUNT,1917,BANNER ORGANIZATION TOTALS,1917,1316.47,0.0,warn,banner,,,banner_only_categories
SENATOR RON WYDEN,2012,SENATORS OFFICIAL PERSONNEL AND OFFICE EXPENSE ACCOUNT,1918,TRAVEL AND TRANSPORTATION OF PERSONS,1929,49917.04,1443156.08,fail,segment,source_mismatch,1443156.08,
SENATOR RON WYDEN,2012,SENATORS OFFICIAL PERSONNEL AND OFFICE EXPENSE ACCOUNT,1918,OTHER CONTRACTUAL SERVICES,1930,1539.64,1539.64,ok,segment,,,
SENATOR RON WYDEN,2012,SENATORS OFFICIAL PERSONNEL AND OFFICE EXPENSE ACCOUNT,1918,ACQUISITION OF ASSETS,1930,163.55,163.55,ok,segment,,,
SENATOR RON WYDEN,2012,SENATORS OFFICIAL PERSONNEL AND OFFICE EXPENSE ACCOUNT,1918,OTHER PERSONNEL COMPENSATION,1930,144.33,0.0,component,payroll_component,,,
SENATOR RON WYDEN,2012,SENATORS OFFICIAL PERSONNEL AND OFFICE EXPENSE ACCOUNT,1918,PERSONNEL COMP. FULL-TIME PERMANENT,1930,1393094.71,0.0,component,payroll_component,,,
SENATOR RON WYDEN,2012,SENATORS OFFICIAL PERSONNEL AND OFFICE EXPENSE ACCOUNT,1918,PERSONNEL BENEFITS,1930,5874.8,0.0,component,payroll_component,,,
SENATOR RON WYDEN,2012,SENATORS OFFICIAL PERSONNEL AND OFFICE EXPENSE ACCOUNT,1918,NET PAYROLL EXPENSES,1930,1399113.84,5874.8,fail,segment,inconclusive,0.0,
SENATOR RON WYDEN,2012,SENATORS OFFICIAL PERSONNEL AND OFFICE EXPENSE ACCOUNT,1918,BANNER NET PAYROLL,1918,1399113.84,1399113.84,ok,banner,,,
SENATOR RON WYDEN,2012,SENATORS OFFICIAL PERSONNEL AND OFFICE EXPENSE ACCOUNT,1918,BANNER ORGANIZATION TOTALS,1918,1495942.37,1450734.07,warn,banner,,,banner_only_categories
STATIONERY,,STATIONERY REVOLVING FUND,1931,PERSONNEL BENEFITS,1931,2000.0,0.0,component,payroll_component,,,
STATIONERY,,STATIONERY REVOLVING FUND,1931,NET PAYROLL EXPENSES,1931,2000.0,2000.0,ok,segment,,,
STATIONERY,,STATIONERY REVOLVING FUND,1931,BANNER NET PAYROLL,1931,2000.0,2000.0,ok,banner,,,
STATIONERY,,STATIONERY REVOLVING FUND,1931,BANNER ORGANIZATION TOTALS,1931,82573.98,2000.0,fail,banner,,,
LEGAL COUNSEL,2010,OFFICE OF SENATE LEGAL COUNSEL,1932,BANNER NET PAYROLL,1932,0.0,0.0,banner_missing,banner,,,
LEGAL COUNSEL,2010,OFFICE OF SENATE LEGAL COUNSEL,1932,BANNER ORGANIZATION TOTALS,1932,0.0,0.0,ok,banner,,,
LEGAL COUNSEL,2011,OFFICE OF SENATE LEGAL COUNSEL,1933,BANNER NET PAYROLL,1933,0.0,0.0,banner_missing,banner,,,
LEGAL COUNSEL,2011,OFFICE OF SENATE LEGAL COUNSEL,1933,BANNER ORGANIZATION TOTALS,1933,0.0,0.0,ok,banner,,,
LEGAL COUNSEL,2012,OFFICE OF SENATE LEGAL COUNSEL,1934,TRAVEL AND TRANSPORTATION OF PERSONS,1934,1792.6,450642.4,fail,segment,source_mismatch,450642.4,
LEGAL COUNSEL,2012,OFFICE OF SENATE LEGAL COUNSEL,1934,PERSONNEL COMP. FULL-TIME PERMANENT,1934,448849.8,0.0,component,payroll_component,,,
LEGAL COUNSEL,2012,OFFICE OF SENATE LEGAL COUNSEL,1934,PERSONNEL BENEFITS,1934,134828.88,0.0,component,payroll_component,,,
LEGAL COUNSEL,2012,OFFICE OF SENATE LEGAL COUNSEL,1934,NET PAYROLL EXPENSES,1934,583678.68,134828.88,fail,segment,inconclusive,0.0,
LEGAL COUNSEL,2012,OFFICE OF SENATE LEGAL COUNSEL,1934,BANNER NET PAYROLL,1934,583678.68,583678.68,ok,banner,,,
LEGAL COUNSEL,2012,OFFICE OF SENATE LEGAL COUNSEL,1934,BANNER ORGANIZATION TOTALS,1934,593199.48,585471.28,warn,banner,,,banner_only_categories
SECRETARY FOR THE MAJORITY (D),2010,"SECRETARY OF THE SENATE, SERGEANT AT ARMS AND DOORKEEPER OF THE SENATE AND SECRETARIES FOR THE MAJORITY AND THE MINORITY OF THE SENATE",1935,BANNER NET PAYROLL,1935,0.0,0.0,banner_missing,banner,,,
SECRETARY FOR THE MAJORITY (D),2010,"SECRETARY OF THE SENATE, SERGEANT AT ARMS AND DOORKEEPER OF THE SENATE AND SECRETARIES FOR THE MAJORITY AND THE MINORITY OF THE SENATE",1935,BANNER ORGANIZATION TOTALS,1935,0.0,0.0,ok,banner,,,
SECRETARY FOR THE MAJORITY (D),2011,"SECRETARY OF THE SENATE, SERGEANT AT ARMS AND DOORKEEPER OF THE SENATE AND SECRETARIES FOR THE MAJORITY AND THE MINORITY OF THE SENATE",1936,BANNER NET PAYROLL,1936,0.0,0.0,banner_missing,banner,,,
SECRETARY FOR THE MAJORITY (D),2011,"SECRETARY OF THE SENATE, SERGEANT AT ARMS AND DOORKEEPER OF THE SENATE AND SECRETARIES FOR THE MAJORITY AND THE MINORITY OF THE SENATE",1936,BANNER ORGANIZATION TOTALS,1936,0.0,0.0,ok,banner,,,
SECRETARY FOR THE MAJORITY (D),2012,"SECRETARY OF THE SENATE, SERGEANT AT ARMS AND DOORKEEPER OF THE SENATE AND SECRETARIES FOR THE MAJORITY AND THE MINORITY OF THE SENATE",1937,PERSONNEL BENEFITS,1937,1656.0,0.0,component,payroll_component,,,
SECRETARY FOR THE MAJORITY (D),2012,"SECRETARY OF THE SENATE, SERGEANT AT ARMS AND DOORKEEPER OF THE SENATE AND SECRETARIES FOR THE MAJORITY AND THE MINORITY OF THE SENATE",1937,NET PAYROLL EXPENSES,1937,1656.0,1656.0,ok,segment,,,
SECRETARY FOR THE MAJORITY (D),2012,"SECRETARY OF THE SENATE, SERGEANT AT ARMS AND DOORKEEPER OF THE SENATE AND SECRETARIES FOR THE MAJORITY AND THE MINORITY OF THE SENATE",1937,BANNER NET PAYROLL,1937,1656.0,1656.0,ok,banner,,,
SECRETARY FOR THE MAJORITY (D),2012,"SECRETARY OF THE SENATE, SERGEANT AT ARMS AND DOORKEEPER OF THE SENATE AND SECRETARIES FOR THE MAJORITY AND THE MINORITY OF THE SENATE",1937,BANNER ORGANIZATION TOTALS,1937,2338.89,1656.0,warn,banner,,,banner_only_categories
SECRETARY FOR THE MINORITY (R),2010,"SECRETARY OF THE SENATE, SERGEANT AT ARMS AND DOORKEEPER OF THE SENATE AND SECRETARIES FOR THE MAJORITY AND THE MINORITY OF THE SENATE",1938,BANNER NET PAYROLL,1938,0.0,0.0,banner_missing,banner,,,
SECRETARY FOR THE MINORITY (R),2010,"SECRETARY OF THE SENATE, SERGEANT AT ARMS AND DOORKEEPER OF THE SENATE AND SECRETARIES FOR THE MAJORITY AND THE MINORITY OF THE SENATE",1938,BANNER ORGANIZATION TOTALS,1938,0.0,0.0,ok,banner,,,
SECRETARY FOR THE MINORITY (R),2011,"SECRETARY OF THE SENATE, SERGEANT AT ARMS AND DOORKEEPER OF THE SENATE AND SECRETARIES FOR THE MAJORITY AND THE MINORITY OF THE SENATE",1939,BANNER NET PAYROLL,1939,0.0,0.0,banner_missing,banner,,,
SECRETARY FOR THE MINORITY (R),2011,"SECRETARY OF THE SENATE, SERGEANT AT ARMS AND DOORKEEPER OF THE SENATE AND SECRETARIES FOR THE MAJORITY AND THE MINORITY OF THE SENATE",1939,BANNER ORGANIZATION TOTALS,1939,0.0,0.0,ok,banner,,,
SECRETARY FOR THE MINORITY (R),2012,"SECRETARY OF THE SENATE, SERGEANT AT ARMS AND DOORKEEPER OF THE SENATE AND SECRETARIES FOR THE MAJORITY AND THE MINORITY OF THE SENATE",1940,BANNER NET PAYROLL,1940,,0.0,not_applicable,banner,,,
SECRETARY FOR THE MINORITY (R),2012,"SECRETARY OF THE SENATE, SERGEANT AT ARMS AND DOORKEEPER OF THE SENATE AND SECRETARIES FOR THE MAJORITY AND THE MINORITY OF THE SENATE",1940,BANNER ORGANIZATION TOTALS,1940,2772.81,0.0,warn,banner,,,banner_only_categories
SERGEANT AT ARMS AND DOORKEEPER OF THE SENATE,2010,"SECRETARY OF THE SENATE, SERGEANT AT ARMS AND DOORKEEPER OF THE SENATE AND SECRETARIES FOR THE MAJORITY AND THE MINORITY OF THE SENATE",1941,BANNER NET PAYROLL,1941,,0.0,not_applicable,banner,,,
SERGEANT AT ARMS AND DOORKEEPER OF THE SENATE,2010,"SECRETARY OF THE SENATE, SERGEANT AT ARMS AND DOORKEEPER OF THE SENATE AND SECRETARIES FOR THE MAJORITY AND THE MINORITY OF THE SENATE",1941,BANNER ORGANIZATION TOTALS,1941,0.0,0.0,ok,banner,,,
SERGEANT AT ARMS AND DOORKEEPER OF THE SENATE,2011,"SECRETARY OF THE SENATE, SERGEANT AT ARMS AND DOORKEEPER OF THE SENATE AND SECRETARIES FOR THE MAJORITY AND THE MINORITY OF THE SENATE",1942,BANNER NET PAYROLL,1942,,0.0,not_applicable,banner,,,
SERGEANT AT ARMS AND DOORKEEPER OF THE SENATE,2011,"SECRETARY OF THE SENATE, SERGEANT AT ARMS AND DOORKEEPER OF THE SENATE AND SECRETARIES FOR THE MAJORITY AND THE MINORITY OF THE SENATE",1942,BANNER ORGANIZATION TOTALS,1942,0.0,0.0,ok,banner,,,
SERGEANT AT ARMS AND DOORKEEPER OF THE SENATE,2012,"SECRETARY OF THE SENATE, SERGEANT AT ARMS AND DOORKEEPER OF THE SENATE AND SECRETARIES FOR THE MAJORITY AND THE MINORITY OF THE SENATE",1943,BANNER NET PAYROLL,1943,,0.0,not_applicable,banner,,,
SERGEANT AT ARMS AND DOORKEEPER OF THE SENATE,2012,"SECRETARY OF THE SENATE, SERGEANT AT ARMS AND DOORKEEPER OF THE SENATE AND SECRETARIES FOR THE MAJORITY AND THE MINORITY OF THE SENATE",1943,BANNER ORGANIZATION TOTALS,1943,3507.5,0.0,warn,banner,,,banner_only_categories
SECRETARY OF THE SENATE,2010,"SECRETARY OF THE SENATE, SERGEANT AT ARMS AND DOORKEEPER OF THE SENATE AND SECRETARIES FOR THE MAJORITY AND THE MINORITY OF THE SENATE",1944,BANNER NET PAYROLL,1944,,0.0,not_applicable,banner,,,
SECRETARY OF THE SENATE,2010,"SECRETARY OF THE SENATE, SERGEANT AT ARMS AND DOORKEEPER OF THE SENATE AND SECRETARIES FOR THE MAJORITY AND THE MINORITY OF THE SENATE",1944,BANNER ORGANIZATION TOTALS,1944,0.0,0.0,ok,banner,,,
SECRETARY OF THE SENATE,2011,"SECRETARY OF THE SENATE, SERGEANT AT ARMS AND DOORKEEPER OF THE SENATE AND SECRETARIES FOR THE MAJORITY AND THE MINORITY OF THE SENATE",1945,BANNER NET PAYROLL,1945,,0.0,not_applicable,banner,,,
SECRETARY OF THE SENATE,2011,"SECRETARY OF THE SENATE, SERGEANT AT ARMS AND DOORKEEPER OF THE SENATE AND SECRETARIES FOR THE MAJORITY AND THE MINORITY OF THE SENATE",1945,BANNER ORGANIZATION TOTALS,1945,0.0,0.0,ok,banner,,,
SECRETARY OF THE SENATE,2012,"SECRETARY OF THE SENATE, SERGEANT AT ARMS AND DOORKEEPER OF THE SENATE AND SECRETARIES FOR THE MAJORITY AND THE MINORITY OF THE SENATE",1946,BANNER NET PAYROLL,1946,,0.0,not_applicable,banner,,,
SECRETARY OF THE SENATE,2012,"SECRETARY OF THE SENATE, SERGEANT AT ARMS AND DOORKEEPER OF THE SENATE AND SECRETARIES FOR THE MAJORITY AND THE MINORITY OF THE SENATE",1946,BANNER ORGANIZATION TOTALS,1946,636.77,0.0,warn,banner,,,banner_only_categories
CAPITOL GUIDE SERVICE,,CAPITOL GUIDE SERVICE AND SPECIAL SERVICES OFFICE,1947,BANNER NET PAYROLL,1947,,0.0,not_applicable,banner,,,
CAPITOL GUIDE SERVICE,,CAPITOL GUIDE SERVICE AND SPECIAL SERVICES OFFICE,1947,BANNER ORGANIZATION TOTALS,1947,0.0,0.0,ok,banner,,,
JOINT ECONOMIC COMMITTEE,2010,JOINT ECONOMIC COMMITTEE,1948,BANNER NET PAYROLL,1948,0.0,0.0,banner_missing,banner,,,
JOINT ECONOMIC COMMITTEE,2010,JOINT ECONOMIC COMMITTEE,1948,BANNER ORGANIZATION TOTALS,1948,0.0,0.0,ok,banner,,,
JOINT ECONOMIC COMMITTEE,2011,JOINT ECONOMIC COMMITTEE,1949,BANNER NET PAYROLL,1949,0.0,0.0,banner_missing,banner,,,
JOINT ECONOMIC COMMITTEE,2011,JOINT ECONOMIC COMMITTEE,1949,BANNER ORGANIZATION TOTALS,1949,0.0,0.0,ok,banner,,,
JOINT ECONOMIC COMMITTEE,2012,JOINT ECONOMIC COMMITTEE,1950,TRAVEL AND TRANSPORTATION OF PERSONS,1951,1037.05,1842750.21,fail,segment,source_mismatch,1842750.21,
JOINT ECONOMIC COMMITTEE,2012,JOINT ECONOMIC COMMITTEE,1950,OTHER CONTRACTUAL SERVICES,1951,5148.6,5148.6,ok,segment,,,
JOINT ECONOMIC COMMITTEE,2012,JOINT ECONOMIC COMMITTEE,1950,ACQUISITION OF ASSETS,1951,1942.0,1942.0,ok,segment,,,
JOINT ECONOMIC COMMITTEE,2012,JOINT ECONOMIC COMMITTEE,1950,OTHER PERSONNEL COMPENSATION,1951,63.46,0.0,component,payroll_component,,,
JOINT ECONOMIC COMMITTEE,2012,JOINT ECONOMIC COMMITTEE,1950,PERSONNEL COMP. FULL-TIME PERMANENT,1951,1841649.7,0.0,component,payroll_component,,,
JOINT ECONOMIC COMMITTEE,2012,JOINT ECONOMIC COMMITTEE,1950,PERSONNEL BENEFITS,1951,10549.6,0.0,component,payroll_component,,,
JOINT ECONOMIC COMMITTEE,2012,JOINT ECONOMIC COMMITTEE,1950,NET PAYROLL EXPENSES,1951,1852262.76,10549.6,fail,segment,inconclusive,0.0,
JOINT ECONOMIC COMMITTEE,2012,JOINT ECONOMIC COMMITTEE,1950,BANNER NET PAYROLL,1950,1852262.76,1852262.76,ok,banner,,,
JOINT ECONOMIC COMMITTEE,2012,JOINT ECONOMIC COMMITTEE,1950,BANNER ORGANIZATION TOTALS,1950,1889430.86,1860390.41,warn,banner,,,banner_only_categories
RESERVE FOR CONTINGENCIES,,SETTLEMENTS AND AWARDS RESERVE,1952,BANNER NET PAYROLL,1952,,0.0,not_applicable,banner,,,
RESERVE FOR CONTINGENCIES,,SETTLEMENTS AND AWARDS RESERVE,1952,BANNER ORGANIZATION TOTALS,1952,0.0,0.0,ok,banner,,,
LEGISLATIVE COUNSEL,2010,LEGISLATIVE COUNSEL,1953,BANNER NET PAYROLL,1953,0.0,0.0,banner_missing,banner,,,
LEGISLATIVE COUNSEL,2010,LEGISLATIVE COUNSEL,1953,BANNER ORGANIZATION TOTALS,1953,0.0,0.0,ok,banner,,,
LEGISLATIVE COUNSEL,2011,LEGISLATIVE COUNSEL,1954,BANNER NET PAYROLL,1954,0.0,0.0,banner_missing,banner,,,
LEGISLATIVE COUNSEL,2011,LEGISLATIVE COUNSEL,1954,BANNER ORGANIZATION TOTALS,1954,0.0,0.0,ok,banner,,,
LEGISLATIVE COUNSEL,2012,LEGISLATIVE COUNSEL,1955,OTHER CONTRACTUAL SERVICES,1956,300.0,2488830.14,fail,segment,source_mismatch,2488830.14,
LEGISLATIVE COUNSEL,2012,LEGISLATIVE COUNSEL,1955,ACQUISITION OF ASSETS,1956,-103.12,-103.12,ok,segment,,,
LEGISLATIVE COUNSEL,2012,LEGISLATIVE COUNSEL,1955,OTHER PERSONNEL COMPENSATION,1956,666.73,0.0,component,payroll_component,,,
LEGISLATIVE COUNSEL,2012,LEGISLATIVE COUNSEL,1955,PERSONNEL COMP. FULL-TIME PERMANENT,1956,2487863.41,0.0,component,payroll_component,,,
LEGISLATIVE COUNSEL,2012,LEGISLATIVE COUNSEL,1955,PERSONNEL BENEFITS,1956,823733.11,0.0,component,payroll_component,,,
LEGISLATIVE COUNSEL,2012,LEGISLATIVE COUNSEL,1955,NET PAYROLL EXPENSES,1956,3312263.25,823733.11,fail,segment,inconclusive,0.0,
LEGISLATIVE COUNSEL,2012,LEGISLATIVE COUNSEL,1955,BANNER NET PAYROLL,1955,3312263.25,3312263.25,ok,banner,,,
LEGISLATIVE COUNSEL,2012,LEGISLATIVE COUNSEL,1955,BANNER ORGANIZATION TOTALS,1955,3338049.83,3312460.13,warn,banner,,,banner_only_categories
JOINT COMMITTEES ON INAUGURAL CEREMONIES,,JOIN,1957,OTHER CONTRACTUAL SERVICES,1957,200.0,60960.33,fail,segment,source_mismatch,60960.33,
JOINT COMMITTEES ON INAUGURAL CEREMONIES,,JOIN,1957,ACQUISITION OF ASSETS,1957,9591.88,9591.88,ok,segment,,,
JOINT COMMITTEES ON INAUGURAL CEREMONIES,,JOIN,1957,OTHER PERSONNEL COMPENSATION,1957,82.62,0.0,component,payroll_component,,,
JOINT COMMITTEES ON INAUGURAL CEREMONIES,,JOIN,1957,PERSONNEL COMP. FULL-TIME PERMANENT,1957,60677.71,0.0,component,payroll_component,,,
JOINT COMMITTEES ON INAUGURAL CEREMONIES,,JOIN,1957,PERSONNEL BENEFITS,1957,20179.73,0.0,component,payroll_component,,,
JOINT COMMITTEES ON INAUGURAL CEREMONIES,,JOIN,1957,NET PAYROLL EXPENSES,1957,80940.06,20179.73,fail,segment,inconclusive,0.0,
JOINT COMMITTEES ON INAUGURAL CEREMONIES,,JOIN,1957,BANNER NET PAYROLL,1957,80940.06,80940.06,ok,banner,,,
JOINT COMMITTEES ON INAUGURAL CEREMONIES,,JOIN,1957,BANNER ORGANIZATION TOTALS,1957,93479.68,90731.94,warn,banner,,,banner_only_categories
OFFICE OF CONGRESSIONAL ACCESSIBILITY SERVICES,2010,OFFICE OF CONGRESSIONAL ACCESSIBILITY SERVICES,1958,ACQUISITION OF ASSETS,1958,10800.0,10800.0,ok,segment,,,
OFFICE OF CONGRESSIONAL ACCESSIBILITY SERVICES,2010,OFFICE OF CONGRESSIONAL ACCESSIBILITY SERVICES,1958,BANNER NET PAYROLL,1958,0.0,0.0,banner_missing,banner,,,
OFFICE OF CONGRESSIONAL ACCESSIBILITY SERVICES,2010,OFFICE OF CONGRESSIONAL ACCESSIBILITY SERVICES,1958,BANNER ORGANIZATION TOTALS,1958,10800.0,10800.0,ok,banner,,,
OFFICE OF CONGRESSIONAL ACCESSIBILITY SERVICES,2011,OFFICE OF CONGRESSIONAL ACCESSIBILITY SERVICES,1959,ACQUISITION OF ASSETS,1959,356.25,356.25,ok,segment,,,
OFFICE OF CONGRESSIONAL ACCESSIBILITY SERVICES,2011,OFFICE OF CONGRESSIONAL ACCESSIBILITY SERVICES,1959,BANNER NET PAYROLL,1959,0.0,0.0,banner_missing,banner,,,
OFFICE OF CONGRESSIONAL ACCESSIBILITY SERVICES,2011,OFFICE OF CONGRESSIONAL ACCESSIBILITY SERVICES,1959,BANNER ORGANIZATION TOTALS,1959,356.25,356.25,ok,banner,,,
OFFICE OF CONGRESSIONAL ACCESSIBILITY SERVICES,2012,OFFICE OF CONGRESSIONAL ACCESSIBILITY SERVICES,1960,OTHER CONTRACTUAL SERVICES,1961,15485.9,266637.53,fail,segment,source_mismatch,266637.53,
OFFICE OF CONGRESSIONAL ACCESSIBILITY SERVICES,2012,OFFICE OF CONGRESSIONAL ACCESSIBILITY SERVICES,1960,ACQUISITION OF ASSETS,1961,9380.58,9380.58,ok,segment,,,
OFFICE OF CONGRESSIONAL ACCESSIBILITY SERVICES,2012,OFFICE OF CONGRESSIONAL ACCESSIBILITY SERVICES,1960,PERSONNEL COMP. FULL-TIME PERMANENT,1961,251151.63,0.0,component,payroll_component,,,
OFFICE OF CONGRESSIONAL ACCESSIBILITY SERVICES,2012,OFFICE OF CONGRESSIONAL ACCESSIBILITY SERVICES,1960,PERSONNEL BENEFITS,1961,92868.04,0.0,component,payroll_component,,,
OFFICE OF CONGRESSIONAL ACCESSIBILITY SERVICES,2012,OFFICE OF CONGRESSIONAL ACCESSIBILITY SERVICES,1960,NET PAYROLL EXPENSES,1961,344019.67,92868.04,fail,segment,inconclusive,0.0,
OFFICE OF CONGRESSIONAL ACCESSIBILITY SERVICES,2012,OFFICE OF CONGRESSIONAL ACCESSIBILITY SERVICES,1960,BANNER NET PAYROLL,1960,344019.67,344019.67,ok,banner,,,
OFFICE OF CONGRESSIONAL ACCESSIBILITY SERVICES,2012,OFFICE OF CONGRESSIONAL ACCESSIBILITY SERVICES,1960,BANNER ORGANIZATION TOTALS,1960,369434.18,368886.15,warn,banner,,,banner_only_categories
COMPUTER CENTER REVOLVING FUND,,SENATE COMPUTER CENTER REVOLVING FUND,1962,BANNER NET PAYROLL,1962,,0.0,not_applicable,banner,,,
COMPUTER CENTER REVOLVING FUND,,SENATE COMPUTER CENTER REVOLVING FUND,1962,BANNER ORGANIZATION TOTALS,1962,0.0,0.0,ok,banner,,,
HEALTH & PROMOTION,,SENATE HEALTH PROMOTION REVOLVING FUND,1963,OTHER CONTRACTUAL SERVICES,1963,9180.0,9180.0,ok,segment,,,
HEALTH & PROMOTION,,SENATE HEALTH PROMOTION REVOLVING FUND,1963,BANNER NET PAYROLL,1963,,0.0,not_applicable,banner,,,
HEALTH & PROMOTION,,SENATE HEALTH PROMOTION REVOLVING FUND,1963,BANNER ORGANIZATION TOTALS,1963,180.0,9180.0,fail,banner,,,
PUBLIC RECORDS,,SENATE OFFICE OF PUBLIC RECORDS REVOLVING FUND,1964,BANNER NET PAYROLL,1964,,0.0,not_applicable,banner,,,
PUBLIC RECORDS,,SENATE OFFICE OF PUBLIC RECORDS REVOLVING FUND,1964,BANNER ORGANIZATION TOTALS,1964,14440.2,0.0,fail,banner,,,
GIFT SHOP,,SENATE GIFT SHOP REVOLVING FUND,1965,BANNER NET PAYROLL,1965,,0.0,not_applicable,banner,,,
GIFT SHOP,,SENATE GIFT SHOP REVOLVING FUND,1965,BANNER ORGANIZATION TOTALS,1965,218510.08,0.0,fail,banner,,,
PHOTOGRAPHIC STUDIO,,SENATE PHOTOGRAPHIC STUDIO REVOLVING FUND,1966,OTHER CONTRACTUAL SERVICES,1966,5375.46,5375.46,ok,segment,,,
PHOTOGRAPHIC STUDIO,,SENATE PHOTOGRAPHIC STUDIO REVOLVING FUND,1966,ACQUISITION OF ASSETS,1966,3375.13,3375.13,ok,segment,,,
PHOTOGRAPHIC STUDIO,,SENATE PHOTOGRAPHIC STUDIO REVOLVING FUND,1966,BANNER NET PAYROLL,1966,0.0,0.0,banner_missing,banner,,,
PHOTOGRAPHIC STUDIO,,SENATE PHOTOGRAPHIC STUDIO REVOLVING FUND,1966,BANNER ORGANIZATION TOTALS,1966,58308.32,8750.59,fail,banner,,,
RECORDING STUDIO,,SENATE RECORDING STUDIO REVOLVING FUND,1967,OTHER CONTRACTUAL SERVICES,1967,722.64,722.64,ok,segment,,,
RECORDING STUDIO,,SENATE RECORDING STUDIO REVOLVING FUND,1967,ACQUISITION OF ASSETS,1967,1418.25,1418.25,ok,segment,,,
RECORDING STUDIO,,SENATE RECORDING STUDIO REVOLVING FUND,1967,BANNER NET PAYROLL,1967,,0.0,not_applicable,banner,,,
RECORDING STUDIO,,SENATE RECORDING STUDIO REVOLVING FUND,1967,BANNER ORGANIZATION TOTALS,1967,46670.92,2140.89,fail,banner,,,
DANIEL WEBSTER SENATE PAGE RESIDENCE,,DANIEL WEBSTER SENATE PAGE RESIDENCE REVOLVING FUND,1968,TRAVEL AND TRANSPORTATION OF PERSONS,1968,-13.0,-13.0,ok,segment,,,
DANIEL WEBSTER SENATE PAGE RESIDENCE,,DANIEL WEBSTER SENATE PAGE RESIDENCE REVOLVING FUND,1968,OTHER CONTRACTUAL SERVICES,1969,30484.39,30484.39,ok,segment,,,
DANIEL WEBSTER SENATE PAGE RESIDENCE,,DANIEL WEBSTER SENATE PAGE RESIDENCE REVOLVING FUND,1968,ACQUISITION OF ASSETS,1969,369.92,369.92,ok,segment,,,
DANIEL WEBSTER SENATE PAGE RESIDENCE,,DANIEL WEBSTER SENATE PAGE RESIDENCE REVOLVING FUND,1968,BANNER NET PAYROLL,1968,,0.0,not_applicable,banner,,,
DANIEL WEBSTER SENATE PAGE RESIDENCE,,DANIEL WEBSTER SENATE PAGE RESIDENCE REVOLVING FUND,1968,BANNER ORGANIZATION TOTALS,1968,6613.44,30841.31,fail,banner,,,
SENATE HAIR CARE,,SENATE HAIR CARE SERVICES REVOLVING FUND,1970,ACQUISITION OF ASSETS,1970,4158.16,246403.01,fail,segment,source_mismatch,246403.01,
SENATE HAIR CARE,,SENATE HAIR CARE SERVICES REVOLVING FUND,1970,PERSONNEL COMP. FULL-TIME PERMANENT,1970,242244.85,0.0,component,payroll_component,,,
SENATE HAIR CARE,,SENATE HAIR CARE SERVICES REVOLVING FUND,1970,NET PAYROLL EXPENSES,1970,242244.85,0.0,zero_records,segment,,,
SENATE HAIR CARE,,SENATE HAIR CARE SERVICES REVOLVING FUND,1970,BANNER NET PAYROLL,1970,242244.85,242244.85,ok,banner,,,
SENATE HAIR CARE,,SENATE HAIR CARE SERVICES REVOLVING FUND,1970,BANNER ORGANIZATION TOTALS,1970,3682.68,246403.01,fail,banner,,,
"AGRICULTURE, NUTRITION & FORESTRY AGRICULTURE, NUTR & FOR S.RES.73C(111TH) EXPENSES OF INQUIRIES AND INVESTIGATIONS",,,1971,BANNER NET PAYROLL,1971,0.0,0.0,banner_missing,banner,,,
"AGRICULTURE, NUTRITION & FORESTRY AGRICULTURE, NUTR & FOR S.RES.73C(111TH) EXPENSES OF INQUIRIES AND INVESTIGATIONS",,,1971,BANNER ORGANIZATION TOTALS,1971,0.0,0.0,ok,banner,,,
"AGRICULTURE, NUTRITION & FORESTRY AGRICULTURE, NUTR & FOR S.RES.73D(111TH) EXPENSES OF INQUIRIES AND INVESTIGATIONS",,,1972,BANNER NET PAYROLL,1972,0.0,0.0,banner_missing,banner,,,
"AGRICULTURE, NUTRITION & FORESTRY AGRICULTURE, NUTR & FOR S.RES.73D(111TH) EXPENSES OF INQUIRIES AND INVESTIGATIONS",,,1972,BANNER ORGANIZATION TOTALS,1972,0.0,0.0,ok,banner,,,
"AGRICULTURE, NUTRITION & FORESTRY AGRICULTURE, NUTR & FOR S.RES.81B(112TH) EXPENSES OF INQUIRIES AND INVESTIGATIONS",,,1973,TRAVEL AND TRANSPORTATION OF PERSONS,1973,63.75,63.75,ok,segment,,,
"AGRICULTURE, NUTRITION & FORESTRY AGRICULTURE, NUTR & FOR S.RES.81B(112TH) EXPENSES OF INQUIRIES AND INVESTIGATIONS",,,1973,BANNER NET PAYROLL,1973,0.0,0.0,banner_missing,banner,,,
"AGRICULTURE, NUTRITION & FORESTRY AGRICULTURE, NUTR & FOR S.RES.81B(112TH) EXPENSES OF INQUIRIES AND INVESTIGATIONS",,,1973,BANNER ORGANIZATION TOTALS,1973,63.75,63.75,ok,banner,,,
"AGRICULTURE, NUTRITION & FORESTRY AGRICULTURE, NUTR & FOR S.RES.81C(112TH) EXPENSES OF INQUIRIES AND INVESTIGATIONS",,,1974,TRAVEL AND TRANSPORTATION OF PERSONS,1976,15815.25,1895693.47,fail,segment,source_mismatch,1895693.47,
"AGRICULTURE, NUTRITION & FORESTRY AGRICULTURE, NUTR & FOR S.RES.81C(112TH) EXPENSES OF INQUIRIES AND INVESTIGATIONS",,,1974,OTHER CONTRACTUAL SERVICES,1976,6866.0,6866.0,ok,segment,,,
"AGRICULTURE, NUTRITION & FORESTRY AGRICULTURE, NUTR & FOR S.RES.81C(112TH) EXPENSES OF INQUIRIES AND INVESTIGATIONS",,,1974,ACQUISITION OF ASSETS,1977,41.99,41.99,ok,segment,,,
"AGRICULTURE, NUTRITION & FORESTRY AGRICULTURE, NUTR & FOR S.RES.81C(112TH) EXPENSES OF INQUIRIES AND INVESTIGATIONS",,,1974,OTHER PERSONNEL COMPENSATION,1977,1637.97,0.0,component,payroll_component,,,
"AGRICULTURE, NUTRITION & FORESTRY AGRICULTURE, NUTR & FOR S.RES.81C(112TH) EXPENSES OF INQUIRIES AND INVESTIGATIONS",,,1974,PERSONNEL COMP. FULL-TIME PERMANENT,1977,1878240.25,0.0,component,payroll_component,,,
"AGRICULTURE, NUTRITION & FORESTRY AGRICULTURE, NUTR & FOR S.RES.81C(112TH) EXPENSES OF INQUIRIES AND INVESTIGATIONS",,,1974,PERSONNEL BENEFITS,1977,5535.8,0.0,component,payroll_component,,,
"AGRICULTURE, NUTRITION & FORESTRY AGRICULTURE, NUTR & FOR S.RES.81C(112TH) EXPENSES OF INQUIRIES AND INVESTIGATIONS",,,1974,NET PAYROLL EXPENSES,1977,1885414.02,5535.8,fail,segment,inconclusive,0.0,
"AGRICULTURE, NUTRITION & FORESTRY AGRICULTURE, NUTR & FOR S.RES.81C(112TH) EXPENSES OF INQUIRIES AND INVESTIGATIONS",,,1974,BANNER NET PAYROLL,1974,1885414.02,1885414.02,ok,banner,,,
"AGRICULTURE, NUTRITION & FORESTRY AGRICULTURE, NUTR & FOR S.RES.81C(112TH) EXPENSES OF INQUIRIES AND INVESTIGATIONS",,,1974,BANNER ORGANIZATION TOTALS,1974,1918645.1,1908137.26,warn,banner,,,banner_only_categories
ARMED SERVICES ARMED SERVICES - S.RES. 73C (111TH) EXPENSES OF INQUIRIES AND INVESTIGATIONS,,,1978,BANNER NET PAYROLL,1978,0.0,0.0,banner_missing,banner,,,
ARMED SERVICES ARMED SERVICES - S.RES. 73C (111TH) EXPENSES OF INQUIRIES AND INVESTIGATIONS,,,1978,BANNER ORGANIZATION TOTALS,1978,0.0,0.0,ok,banner,,,
ARMED SERVICES ARMED SERVICES - S.RES. 73D (111TH) EXPENSES OF INQUIRIES AND INVESTIGATIONS,,,1979,BANNER NET PAYROLL,1979,0.0,0.0,banner_missing,banner,,,
ARMED SERVICES ARMED SERVICES - S.RES. 73D (111TH) EXPENSES OF INQUIRIES AND INVESTIGATIONS,,,1979,BANNER ORGANIZATION TOTALS,1979,0.0,0.0,ok,banner,,,
ARMED SERVICES ARMED SERVICES - S.RES. 81B (112TH) EXPENSES OF INQUIRIES AND INVESTIGATIONS,,,1980,BANNER NET PAYROLL,1980,0.0,0.0,banner_missing,banner,,,
ARMED SERVICES ARMED SERVICES - S.RES. 81B (112TH) EXPENSES OF INQUIRIES AND INVESTIGATIONS,,,1980,BANNER ORGANIZATION TOTALS,1980,0.0,0.0,ok,banner,,,
ARMED SERVICES ARMED SERVICES - S.RES. 81C (112TH) EXPENSES OF INQUIRIES AND INVESTIGATIONS,,,1981,OTHER CONTRACTUAL SERVICES,1983,26765.0,3025232.16,fail,segment,source_mismatch,3025232.16,
ARMED SERVICES ARMED SERVICES - S.RES. 81C (112TH) EXPENSES OF INQUIRIES AND INVESTIGATIONS,,,1981,ACQUISITION OF ASSETS,1983,1716.8,1716.8,ok,segment,,,
ARMED SERVICES ARMED SERVICES - S.RES. 81C (112TH) EXPENSES OF INQUIRIES AND INVESTIGATIONS,,,1981,OTHER PERSONNEL COMPENSATION,1983,523.82,0.0,component,payroll_component,,,
ARMED SERVICES ARMED SERVICES - S.RES. 81C (112TH) EXPENSES OF INQUIRIES AND INVESTIGATIONS,,,1981,PERSONNEL COMP. FULL-TIME PERMANENT,1983,2937964.01,0.0,component,payroll_component,,,
ARMED SERVICES ARMED SERVICES - S.RES. 81C (112TH) EXPENSES OF INQUIRIES AND INVESTIGATIONS,,,1981,PERSONNEL BENEFITS,1983,715.15,0.0,component,payroll_component,,,
ARMED SERVICES ARMED SERVICES - S.RES. 81C (112TH) EXPENSES OF INQUIRIES AND INVESTIGATIONS,,,1981,NET PAYROLL EXPENSES,1983,2939202.98,715.15,fail,segment,inconclusive,0.0,
ARMED SERVICES ARMED SERVICES - S.RES. 81C (112TH) EXPENSES OF INQUIRIES AND INVESTIGATIONS,,,1981,BANNER NET PAYROLL,1981,2939202.98,2939202.98,ok,banner,,,
ARMED SERVICES ARMED SERVICES - S.RES. 81C (112TH) EXPENSES OF INQUIRIES AND INVESTIGATIONS,,,1981,BANNER ORGANIZATION TOTALS,1981,3009502.9,3027664.11,fail,banner,,,
"BANKING, HOUSING & URBAN AFFAIRS BANKING,HOUSING &URBDEV S.RES.73C(111TH) EXPENSES OF INQUIRIES AND INVESTIGATIONS",,,1984,TRAVEL AND TRANSPORTATION OF PERSONS,1984,46.0,46.0,ok,segment,,,
"BANKING, HOUSING & URBAN AFFAIRS BANKING,HOUSING &URBDEV S.RES.73C(111TH) EXPENSES OF INQUIRIES AND INVESTIGATIONS",,,1984,BANNER NET PAYROLL,1984,0.0,0.0,banner_missing,banner,,,
"BANKING, HOUSING & URBAN AFFAIRS BANKING,HOUSING &URBDEV S.RES.73C(111TH) EXPENSES OF INQUIRIES AND INVESTIGATIONS",,,1984,BANNER ORGANIZATION TOTALS,1984,46.0,46.0,ok,banner,,,
"BANKING, HOUSING & URBAN AFFAIRS BANKING,HOUSING &URBDEV S.RES.73D(111TH) EXPENSES OF INQUIRIES AND INVESTIGATIONS",,,1985,TRAVEL AND TRANSPORTATION OF PERSONS,1985,45.25,45.25,ok,segment,,,
"BANKING, HOUSING & URBAN AFFAIRS BANKING,HOUSING &URBDEV S.RES.73D(111TH) EXPENSES OF INQUIRIES AND INVESTIGATIONS",,,1985,BANNER NET PAYROLL,1985,0.0,0.0,banner_missing,banner,,,
"BANKING, HOUSING & URBAN AFFAIRS BANKING,HOUSING &URBDEV S.RES.73D(111TH) EXPENSES OF INQUIRIES AND INVESTIGATIONS",,,1985,BANNER ORGANIZATION TOTALS,1985,45.25,45.25,ok,banner,,,
"BANKING, HOUSING & URBAN AFFAIRS BANKING,HOUSING &URBDEV S.RES.81B(112TH) EXPENSES OF INQUIRIES AND INVESTIGATIONS",,,1986,TRAVEL AND TRANSPORTATION OF PERSONS,1986,100.5,100.5,ok,segment,,,
"BANKING, HOUSING & URBAN AFFAIRS BANKING,HOUSING &URBDEV S.RES.81B(112TH) EXPENSES OF INQUIRIES AND INVESTIGATIONS",,,1986,BANNER NET PAYROLL,1986,0.0,0.0,banner_missing,banner,,,
"BANKING, HOUSING & URBAN AFFAIRS BANKING,HOUSING &URBDEV S.RES.81B(112TH) EXPENSES OF INQUIRIES AND INVESTIGATIONS",,,1986,BANNER ORGANIZATION TOTALS,1986,100.5,100.5,ok,banner,,,
"BANKING, HOUSING & URBAN AFFAIRS BANKING, HOUSING &URBDEV S.RES. 81C (112TH) EXPENSES OF INQUIRIES AND INVESTIGATIONS",,,1987,TRAVEL AND TRANSPORTATION OF PERSONS,1989,4471.08,2691395.49,fail,segment,source_mismatch,2691395.49,
"BANKING, HOUSING & URBAN AFFAIRS BANKING, HOUSING &URBDEV S.RES. 81C (112TH) EXPENSES OF INQUIRIES AND INVESTIGATIONS",,,1987,OTHER CONTRACTUAL SERVICES,1990,16899.8,16899.8,ok,segment,,,
"BANKING, HOUSING & URBAN AFFAIRS BANKING, HOUSING &URBDEV S.RES. 81C (112TH) EXPENSES OF INQUIRIES AND INVESTIGATIONS",,,1987,ACQUISITION OF ASSETS,1990,91.67,91.67,ok,segment,,,
"BANKING, HOUSING & URBAN AFFAIRS BANKING, HOUSING &URBDEV S.RES. 81C (112TH) EXPENSES OF INQUIRIES AND INVESTIGATIONS",,,1987,OTHER PERSONNEL COMPENSATION,1990,545.94,0.0,component,payroll_component,,,
"BANKING, HOUSING & URBAN AFFAIRS BANKING, HOUSING &URBDEV S.RES. 81C (112TH) EXPENSES OF INQUIRIES AND INVESTIGATIONS",,,1987,PERSONNEL COMP. FULL-TIME PERMANENT,1990,2686378.47,0.0,component,payroll_component,,,
"BANKING, HOUSING & URBAN AFFAIRS BANKING, HOUSING &URBDEV S.RES. 81C (112TH) EXPENSES OF INQUIRIES AND INVESTIGATIONS",,,1987,RE-EMPLOYED ANNUITANTS,1990,17436.0,0.0,component,payroll_component,,,
"BANKING, HOUSING & URBAN AFFAIRS BANKING, HOUSING &URBDEV S.RES. 81C (112TH) EXPENSES OF INQUIRIES AND INVESTIGATIONS",,,1987,PERSONNEL BENEFITS,1990,6868.3,0.0,component,payroll_component,,,
"BANKING, HOUSING & URBAN AFFAIRS BANKING, HOUSING &URBDEV S.RES. 81C (112TH) EXPENSES OF INQUIRIES AND INVESTIGATIONS",,,1987,NET PAYROLL EXPENSES,1990,2711228.71,24304.3,fail,segment,inconclusive,0.0,
"BANKING, HOUSING & URBAN AFFAIRS BANKING, HOUSING &URBDEV S.RES. 81C (112TH) EXPENSES OF INQUIRIES AND INVESTIGATIONS",,,1987,BANNER NET PAYROLL,1987,2711228.71,2711228.71,ok,banner,,,
"BANKING, HOUSING & URBAN AFFAIRS BANKING, HOUSING &URBDEV S.RES. 81C (112TH) EXPENSES OF INQUIRIES AND INVESTIGATIONS",,,1987,BANNER ORGANIZATION TOTALS,1987,2772345.95,2732691.26,warn,banner,,,banner_only_categories
BUDGET BUDGET - S.RES. 73C (111TH) EXPENSES OF INQUIRIES AND INVESTIGATIONS,,,1991,BANNER NET PAYROLL,1991,0.0,0.0,banner_missing,banner,,,
BUDGET BUDGET - S.RES. 73C (111TH) EXPENSES OF INQUIRIES AND INVESTIGATIONS,,,1991,BANNER ORGANIZATION TOTALS,1991,0.0,0.0,ok,banner,,,
BUDGET BUDGET - S.RES. 73D (111TH) EXPENSES OF INQUIRIES AND INVESTIGATIONS,,,1992,BANNER NET PAYROLL,1992,0.0,0.0,banner_missing,banner,,,
BUDGET BUDGET - S.RES. 73D (111TH) EXPENSES OF INQUIRIES AND INVESTIGATIONS,,,1992,BANNER ORGANIZATION TOTALS,1992,0.0,0.0,ok,banner,,,
BUDGET BUDGET - S.RES. 81B (112TH) EXPENSES OF INQUIRIES AND INVESTIGATIONS,,,1993,BANNER NET PAYROLL,1993,0.0,0.0,banner_missing,banner,,,
BUDGET BUDGET - S.RES. 81B (112TH) EXPENSES OF INQUIRIES AND INVESTIGATIONS,,,1993,BANNER ORGANIZATION TOTALS,1993,0.0,0.0,ok,banner,,,
BUDGET BUDGET - S.RES. 81C (112TH) EXPENSES OF INQUIRIES AND INVESTIGATIONS,,,1994,TRAVEL AND TRANSPORTATION OF PERSONS,1996,10432.97,3007409.06,fail,segment,source_mismatch,3007409.06,
BUDGET BUDGET - S.RES. 81C (112TH) EXPENSES OF INQUIRIES AND INVESTIGATIONS,,,1994,OTHER CONTRACTUAL SERVICES,1996,4823.5,4823.5,ok,segment,,,
BUDGET BUDGET - S.RES. 81C (112TH) EXPENSES OF INQUIRIES AND INVESTIGATIONS,,,1994,ACQUISITION OF ASSETS,1997,91.09,91.09,ok,segment,,,
BUDGET BUDGET - S.RES. 81C (112TH) EXPENSES OF INQUIRIES AND INVESTIGATIONS,,,1994,OTHER PERSONNEL COMPENSATION,1997,5109.4,0.0,component,payroll_component,,,
BUDGET BUDGET - S.RES. 81C (112TH) EXPENSES OF INQUIRIES AND INVESTIGATIONS,,,1994,PERSONNEL COMP. FULL-TIME PERMANENT,1997,2991866.69,0.0,component,payroll_component,,,
BUDGET BUDGET - S.RES. 81C (112TH) EXPENSES OF INQUIRIES AND INVESTIGATIONS,,,1994,PERSONNEL BENEFITS,1997,11627.55,0.0,component,payroll_component,,,
BUDGET BUDGET - S.RES. 81C (112TH) EXPENSES OF INQUIRIES AND INVESTIGATIONS,,,1994,NET PAYROLL EXPENSES,1997,3008603.64,11627.55,fail,segment,inconclusive,0.0,
BUDGET BUDGET - S.RES. 81C (112TH) EXPENSES OF INQUIRIES AND INVESTIGATIONS,,,1994,BANNER NET PAYROLL,1994,3008603.64,3008603.64,ok,banner,,,
BUDGET BUDGET - S.RES. 81C (112TH) EXPENSES OF INQUIRIES AND INVESTIGATIONS,,,1994,BANNER ORGANIZATION TOTALS,1994,3158994.44,3023951.2,warn,banner,,,banner_only_categories
"COMMERCE, SCIENCE & TRANSPORTATION COMMERCE, SCI & TRANS S.RES. 73C (111TH) EXPENSES OF INQUIRIES AND INVESTIGATIONS",,,1998,TRAVEL AND TRANSPORTATION OF PERSONS,1998,193.0,193.0,ok,segment,,,
"COMMERCE, SCIENCE & TRANSPORTATION COMMERCE, SCI & TRANS S.RES. 73C (111TH) EXPENSES OF INQUIRIES AND INVESTIGATIONS",,,1998,OTHER CONTRACTUAL SERVICES,1998,1170.0,1170.0,ok,segment,,,
"COMMERCE, SCIENCE & TRANSPORTATION COMMERCE, SCI & TRANS S.RES. 73C (111TH) EXPENSES OF INQUIRIES AND INVESTIGATIONS",,,1998,BANNER NET PAYROLL,1998,0.0,0.0,banner_missing,banner,,,
"COMMERCE, SCIENCE & TRANSPORTATION COMMERCE, SCI & TRANS S.RES. 73C (111TH) EXPENSES OF INQUIRIES AND INVESTIGATIONS",,,1998,BANNER ORGANIZATION TOTALS,1998,1363.0,1363.0,ok,banner,,,
"COMMERCE, SCIENCE & TRANSPORTATION COMMERCE, SCI & TRANS S.RES. 73D (111TH) EXPENSES OF INQUIRIES AND INVESTIGATIONS",,,1999,BANNER NET PAYROLL,1999,0.0,0.0,banner_missing,banner,,,
"COMMERCE, SCIENCE & TRANSPORTATION COMMERCE, SCI & TRANS S.RES. 73D (111TH) EXPENSES OF INQUIRIES AND INVESTIGATIONS",,,1999,BANNER ORGANIZATION TOTALS,1999,0.0,0.0,ok,banner,,,
"COMMERCE, SCIENCE & TRANSPORTATION COMMERCE, SCI & TRANS S.RES. 81B (112TH) EXPENSES OF INQUIRIES AND INVESTIGATIONS",,,2000,TRAVEL AND TRANSPORTATION OF PERSONS,2000,37.0,37.0,ok,segment,,,
"COMMERCE, SCIENCE & TRANSPORTATION COMMERCE, SCI & TRANS S.RES. 81B (112TH) EXPENSES OF INQUIRIES AND INVESTIGATIONS",,,2000,BANNER NET PAYROLL,2000,0.0,0.0,banner_missing,banner,,,
"COMMERCE, SCIENCE & TRANSPORTATION COMMERCE, SCI & TRANS S.RES. 81B (112TH) EXPENSES OF INQUIRIES AND INVESTIGATIONS",,,2000,BANNER ORGANIZATION TOTALS,2000,5610.08,37.0,warn,banner,,,banner_only_categories
"COMMERCE, SCIENCE & TRANSPORTATION COMMERCE, SCI & TRANS S.RES. 81C (112TH) EXPENSES OF INQUIRIES AND INVESTIGATIONS",,,2001,TRAVEL AND TRANSPORTATION OF PERSONS,2003,5322.61,2940749.7,fail,segment,source_mismatch,2940749.7,
"COMMERCE, SCIENCE & TRANSPORTATION COMMERCE, SCI & TRANS S.RES. 81C (112TH) EXPENSES OF INQUIRIES AND INVESTIGATIONS",,,2001,OTHER CONTRACTUAL SERVICES,2004,13825.96,13825.96,ok,segment,,,
"COMMERCE, SCIENCE & TRANSPORTATION COMMERCE, SCI & TRANS S.RES. 81C (112TH) EXPENSES OF INQUIRIES AND INVESTIGATIONS",,,2001,ACQUISITION OF ASSETS,2004,659.59,659.59,ok,segment,,,
"COMMERCE, SCIENCE & TRANSPORTATION COMMERCE, SCI & TRANS S.RES. 81C (112TH) EXPENSES OF INQUIRIES AND INVESTIGATIONS",,,2001,PERSONNEL COMP. FULL-TIME PERMANENT,2004,2941613.46,0.0,component,payroll_component,,,
"COMMERCE, SCIENCE & TRANSPORTATION COMMERCE, SCI & TRANS S.RES. 81C (112TH) EXPENSES OF INQUIRIES AND INVESTIGATIONS",,,2001,PERSONNEL BENEFITS,2004,13204.45,0.0,component,payroll_component,,,
"COMMERCE, SCIENCE & TRANSPORTATION COMMERCE, SCI & TRANS S.RES. 81C (112TH) EXPENSES OF INQUIRIES AND INVESTIGATIONS",,,2001,NET PAYROLL EXPENSES,2004,2954817.91,13204.45,fail,segment,inconclusive,0.0,
"COMMERCE, SCIENCE & TRANSPORTATION COMMERCE, SCI & TRANS S.RES. 81C (112TH) EXPENSES OF INQUIRIES AND INVESTIGATIONS",,,2001,BANNER NET PAYROLL,2001,2954817.91,2954817.91,ok,banner,,,
"COMMERCE, SCIENCE & TRANSPORTATION COMMERCE, SCI & TRANS S.RES. 81C (112TH) EXPENSES OF INQUIRIES AND INVESTIGATIONS",,,2001,BANNER ORGANIZATION TOTALS,2001,3027097.27,2968439.7,fail,banner,,,
ENERGY & NATURAL RESOURCES ENERGY & NATURAL RES S.RES. 73C (111TH) EXPENSES OF INQUIRIES AND INVESTIGATIONS,,,2005,BANNER NET PAYROLL,2005,0.0,0.0,banner_missing,banner,,,
ENERGY & NATURAL RESOURCES ENERGY & NATURAL RES S.RES. 73C (111TH) EXPENSES OF INQUIRIES AND INVESTIGATIONS,,,2005,BANNER ORGANIZATION TOTALS,2005,0.0,0.0,ok,banner,,,
ENERGY & NATURAL RESOURCES ENERGY & NATURAL RES S.RES. 73D (111TH) EXPENSES OF INQUIRIES AND INVESTIGATIONS,,,2006,BANNER NET PAYROLL,2006,0.0,0.0,banner_missing,banner,,,
ENERGY & NATURAL RESOURCES ENERGY & NATURAL RES S.RES. 73D (111TH) EXPENSES OF INQUIRIES AND INVESTIGATIONS,,,2006,BANNER ORGANIZATION TOTALS,2006,0.0,0.0,ok,banner,,,
ENERGY & NATURAL RESOURCES ENERGY & NATURAL RES S.RES. 81B (112TH) EXPENSES OF INQUIRIES AND INVESTIGATIONS,,,2007,ACQUISITION OF ASSETS,2007,6000.0,6000.0,ok,segment,,,
ENERGY & NATURAL RESOURCES ENERGY & NATURAL RES S.RES. 81B (112TH) EXPENSES OF INQUIRIES AND INVESTIGATIONS,,,2007,BANNER NET PAYROLL,2007,0.0,0.0,banner_missing,banner,,,
ENERGY & NATURAL RESOURCES ENERGY & NATURAL RES S.RES. 81B (112TH) EXPENSES OF INQUIRIES AND INVESTIGATIONS,,,2007,BANNER ORGANIZATION TOTALS,2007,6000.0,6000.0,ok,banner,,,
ENERGY & NATURAL RESOURCES ENERGY & NATURAL S.RES. 81C (112TH) EXPENSES OF INQUIRIES AND INVESTIGATIONS,,,2008,TRAVEL AND TRANSPORTATION OF PERSONS,2012,38606.03,2489263.34,fail,segment,source_mismatch,2489263.34,
ENERGY & NATURAL RESOURCES ENERGY & NATURAL S.RES. 81C (112TH) EXPENSES OF INQUIRIES AND INVESTIGATIONS,,,2008,OTHER CONTRACTUAL SERVICES,2012,12170.37,12170.37,ok,segment,,,
ENERGY & NATURAL RESOURCES ENERGY & NATURAL S.RES. 81C (112TH) EXPENSES OF INQUIRIES AND INVESTIGATIONS,,,2008,ACQUISITION OF ASSETS,2013,113.99,113.99,ok,segment,,,
ENERGY & NATURAL RESOURCES ENERGY & NATURAL S.RES. 81C (112TH) EXPENSES OF INQUIRIES AND INVESTIGATIONS,,,2008,PERSONNEL COMP. FULL-TIME PERMANENT,2013,2450657.31,0.0,component,payroll_component,,,
ENERGY & NATURAL RESOURCES ENERGY & NATURAL S.RES. 81C (112TH) EXPENSES OF INQUIRIES AND INVESTIGATIONS,,,2008,PERSONNEL BENEFITS,2013,7155.75,0.0,component,payroll_component,,,
ENERGY & NATURAL RESOURCES ENERGY & NATURAL S.RES. 81C (112TH) EXPENSES OF INQUIRIES AND INVESTIGATIONS,,,2008,NET PAYROLL EXPENSES,2013,2457813.06,7155.75,fail,segment,inconclusive,0.0,
ENERGY & NATURAL RESOURCES ENERGY & NATURAL S.RES. 81C (112TH) EXPENSES OF INQUIRIES AND INVESTIGATIONS,,,2008,BANNER NET PAYROLL,2008,2457813.06,2457813.06,ok,banner,,,
ENERGY & NATURAL RESOURCES ENERGY & NATURAL S.RES. 81C (112TH) EXPENSES OF INQUIRIES AND INVESTIGATIONS,,,2008,BANNER ORGANIZATION TOTALS,2008,2545279.64,2508703.45,warn,banner,,,banner_only_categories
ENVIRONMENT & PUBLIC WORKS ENVIRONMENT & PUB WORKS S.RES.73C(111TH) EXPENSES OF INQUIRIES AND INVESTIGATIONS,,,2014,BANNER NET PAYROLL,2014,0.0,0.0,banner_missing,banner,,,
ENVIRONMENT & PUBLIC WORKS ENVIRONMENT & PUB WORKS S.RES.73C(111TH) EXPENSES OF INQUIRIES AND INVESTIGATIONS,,,2014,BANNER ORGANIZATION TOTALS,2014,0.0,0.0,ok,banner,,,
ENVIRONMENT & PUBLIC WORKS ENVIRONMENT & PUB WORKS S.RES.73D(111TH) EXPENSES OF INQUIRIES AND INVESTIGATIONS,,,2015,BANNER NET PAYROLL,2015,0.0,0.0,banner_missing,banner,,,
ENVIRONMENT & PUBLIC WORKS ENVIRONMENT & PUB WORKS S.RES.73D(111TH) EXPENSES OF INQUIRIES AND INVESTIGATIONS,,,2015,BANNER ORGANIZATION TOTALS,2015,0.0,0.0,ok,banner,,,
ENVIRONMENT & PUBLIC WORKS ENVIRONMENT & PUB WORKS S.RES.81B(112TH) EXPENSES OF INQUIRIES AND INVESTIGATIONS,,,2016,BANNER NET PAYROLL,2016,0.0,0.0,banner_missing,banner,,,
ENVIRONMENT & PUBLIC WORKS ENVIRONMENT & PUB WORKS S.RES.81B(112TH) EXPENSES OF INQUIRIES AND INVESTIGATIONS,,,2016,BANNER ORGANIZATION TOTALS,2016,0.0,0.0,ok,banner,,,
ENVIRONMENT & PUBLIC WORKS ENVIRONMENT & PUB WORKS S.RES. 81C (112TH) EXPENSES OF INQUIRIES AND INVESTIGATIONS,,,2017,TRAVEL AND TRANSPORTATION OF PERSONS,2019,8397.59,2449808.85,fail,segment,source_mismatch,2449808.85,
ENVIRONMENT & PUBLIC WORKS ENVIRONMENT & PUB WORKS S.RES. 81C (112TH) EXPENSES OF INQUIRIES AND INVESTIGATIONS,,,2017,OTHER CONTRACTUAL SERVICES,2020,15223.5,15223.5,ok,segment,,,
ENVIRONMENT & PUBLIC WORKS ENVIRONMENT & PUB WORKS S.RES. 81C (112TH) EXPENSES OF INQUIRIES AND INVESTIGATIONS,,,2017,ACQUISITION OF ASSETS,2020,4.18,4.18,ok,segment,,,
ENVIRONMENT & PUBLIC WORKS ENVIRONMENT & PUB WORKS S.RES. 81C (112TH) EXPENSES OF INQUIRIES AND INVESTIGATIONS,,,2017,PERSONNEL COMP. FULL-TIME PERMANENT,2020,2441411.26,0.0,component,payroll_component,,,
ENVIRONMENT & PUBLIC WORKS ENVIRONMENT & PUB WORKS S.RES. 81C (112TH) EXPENSES OF INQUIRIES AND INVESTIGATIONS,,,2017,PERSONNEL BENEFITS,2020,5641.55,0.0,component,payroll_component,,,
ENVIRONMENT & PUBLIC WORKS ENVIRONMENT & PUB WORKS S.RES. 81C (112TH) EXPENSES OF INQUIRIES AND INVESTIGATIONS,,,2017,NET PAYROLL EXPENSES,2020,2447052.81,5641.55,fail,segment,inconclusive,0.0,
ENVIRONMENT & PUBLIC WORKS ENVIRONMENT & PUB WORKS S.RES. 81C (112TH) EXPENSES OF INQUIRIES AND INVESTIGATIONS,,,2017,BANNER NET PAYROLL,2017,2447052.81,2447052.81,ok,banner,,,
ENVIRONMENT & PUBLIC WORKS ENVIRONMENT & PUB WORKS S.RES. 81C (112TH) EXPENSES OF INQUIRIES AND INVESTIGATIONS,,,2017,BANNER ORGANIZATION TOTALS,2017,2554895.07,2470678.08,warn,banner,,,banner_only_categories
ETHICS COMMITTEE ON ETHICS - FY 2010 EXPENSES OF INQUIRIES AND INVESTIGATIONS,,,2021,BANNER NET PAYROLL,2021,0.0,0.0,banner_missing,banner,,,
ETHICS COMMITTEE ON ETHICS - FY 2010 EXPENSES OF INQUIRIES AND INVESTIGATIONS,,,2021,BANNER ORGANIZATION TOTALS,2021,0.0,0.0,ok,banner,,,
ETHICS COMMITTEE ON ETHICS - FY 2011 EXPENSES OF INQUIRIES AND INVESTIGATIONS,,,2022,BANNER NET PAYROLL,2022,0.0,0.0,banner_missing,banner,,,
ETHICS COMMITTEE ON ETHICS - FY 2011 EXPENSES OF INQUIRIES AND INVESTIGATIONS,,,2022,BANNER ORGANIZATION TOTALS,2022,0.0,0.0,ok,banner,,,
ETHICS COMMITTEE ON ETHICS - FY 2012 EXPENSES OF INQUIRIES AND INVESTIGATIONS,,,2023,OTHER CONTRACTUAL SERVICES,2024,75585.47,770202.64,fail,segment,source_mismatch,770202.64,
ETHICS COMMITTEE ON ETHICS - FY 2012 EXPENSES OF INQUIRIES AND INVESTIGATIONS,,,2023,ACQUISITION OF ASSETS,2024,1807.55,1807.55,ok,segment,,,
ETHICS COMMITTEE ON ETHICS - FY 2012 EXPENSES OF INQUIRIES AND INVESTIGATIONS,,,2023,PERSONNEL COMP. FULL-TIME PERMANENT,2024,793468.23,0.0,component,payroll_component,,,
ETHICS COMMITTEE ON ETHICS - FY 2012 EXPENSES OF INQUIRIES AND INVESTIGATIONS,,,2023,PERSONNEL BENEFITS,2024,210427.05,0.0,component,payroll_component,,,
ETHICS COMMITTEE ON ETHICS - FY 2012 EXPENSES OF INQUIRIES AND INVESTIGATIONS,,,2023,NET PAYROLL EXPENSES,2024,1003895.28,210427.05,fail,segment,inconclusive,0.0,
ETHICS COMMITTEE ON ETHICS - FY 2012 EXPENSES OF INQUIRIES AND INVESTIGATIONS,,,2023,BANNER NET PAYROLL,2023,1003895.28,1003895.28,ok,banner,,,
ETHICS COMMITTEE ON ETHICS - FY 2012 EXPENSES OF INQUIRIES AND INVESTIGATIONS,,,2023,BANNER ORGANIZATION TOTALS,2023,1101536.92,982437.24,fail,banner,,,
FINANCE FINANCE - S.RES. 73C (111TH) EXPENSES OF INQUIRIES AND INVESTIGATIONS,,,2025,BANNER NET PAYROLL,2025,0.0,0.0,banner_missing,banner,,,
FINANCE FINANCE - S.RES. 73C (111TH) EXPENSES OF INQUIRIES AND INVESTIGATIONS,,,2025,BANNER ORGANIZATION TOTALS,2025,0.0,0.0,ok,banner,,,
FINANCE FINANCE - S.RES. 73D (111TH) EXPENSES OF INQUIRIES AND INVESTIGATIONS,,,2026,TRAVEL AND TRANSPORTATION OF PERSONS,2026,245.96,245.96,ok,segment,,,
FINANCE FINANCE - S.RES. 73D (111TH) EXPENSES OF INQUIRIES AND INVESTIGATIONS,,,2026,BANNER NET PAYROLL,2026,0.0,0.0,banner_missing,banner,,,
FINANCE FINANCE - S.RES. 73D (111TH) EXPENSES OF INQUIRIES AND INVESTIGATIONS,,,2026,BANNER ORGANIZATION TOTALS,2026,245.96,245.96,ok,banner,,,
FINANCE FINANCE - S.RES. 81B (112TH) EXPENSES OF INQUIRIES AND INVESTIGATIONS,,,2027,TRAVEL AND TRANSPORTATION OF PERSONS,2027,1499.49,1499.49,ok,segment,,,
FINANCE FINANCE - S.RES. 81B (112TH) EXPENSES OF INQUIRIES AND INVESTIGATIONS,,,2027,BANNER NET PAYROLL,2027,0.0,0.0,banner_missing,banner,,,
FINANCE FINANCE - S.RES. 81B (112TH) EXPENSES OF INQUIRIES AND INVESTIGATIONS,,,2027,BANNER ORGANIZATION TOTALS,2027,1499.49,1499.49,ok,banner,,,
FINANCE FINANCE - S.RES. 81C (112TH) EXPENSES OF INQUIRIES AND INVESTIGATIONS,,,2028,TRAVEL AND TRANSPORTATION OF PERSONS,2033,46039.16,3909948.26,fail,segment,source_mismatch,3909948.26,
FINANCE FINANCE - S.RES. 81C (112TH) EXPENSES OF INQUIRIES AND INVESTIGATIONS,,,2028,OTHER CONTRACTUAL SERVICES,2034,16363.25,16363.25,ok,segment,,,
FINANCE FINANCE - S.RES. 81C (112TH) EXPENSES OF INQUIRIES AND INVESTIGATIONS,,,2028,ACQUISITION OF ASSETS,2034,-69.18,-69.18,ok,segment,,,
FINANCE FINANCE - S.RES. 81C (112TH) EXPENSES OF INQUIRIES AND INVESTIGATIONS,,,2028,OTHER PERSONNEL COMPENSATION,2034,5770.73,0.0,component,payroll_component,,,
FINANCE FINANCE - S.RES. 81C (112TH) EXPENSES OF INQUIRIES AND INVESTIGATIONS,,,2028,PERSONNEL COMP. FULL-TIME PERMANENT,2034,3858138.37,0.0,component,payroll_component,,,
FINANCE FINANCE - S.RES. 81C (112TH) EXPENSES OF INQUIRIES AND INVESTIGATIONS,,,2028,PERSONNEL BENEFITS,2034,13073.55,0.0,component,payroll_component,,,
FINANCE FINANCE - S.RES. 81C (112TH) EXPENSES OF INQUIRIES AND INVESTIGATIONS,,,2028,NET PAYROLL EXPENSES,2034,3876982.65,13073.55,fail,segment,inconclusive,0.0,
FINANCE FINANCE - S.RES. 81C (112TH) EXPENSES OF INQUIRIES AND INVESTIGATIONS,,,2028,BANNER NET PAYROLL,2028,3876982.65,3876982.65,ok,banner,,,
FINANCE FINANCE - S.RES. 81C (112TH) EXPENSES OF INQUIRIES AND INVESTIGATIONS,,,2028,BANNER ORGANIZATION TOTALS,2028,3998371.87,3939315.88,warn,banner,,,banner_only_categories
FOREIGN RELATIONS FOREIGN RELATIONS - S.RES. 73C (111TH) EXPENSES OF INQUIRIES AND INVESTIGATIONS,,,2035,BANNER NET PAYROLL,2035,0.0,0.0,banner_missing,banner,,,
FOREIGN RELATIONS FOREIGN RELATIONS - S.RES. 73C (111TH) EXPENSES OF INQUIRIES AND INVESTIGATIONS,,,2035,BANNER ORGANIZATION TOTALS,2035,0.0,0.0,ok,banner,,,
FOREIGN RELATIONS FOREIGN RELATIONS - S.RES. 73D (111TH) EXPENSES OF INQUIRIES AND INVESTIGATIONS,,,2036,TRAVEL AND TRANSPORTATION OF PERSONS,2036,17.25,17.25,ok,segment,,,
FOREIGN RELATIONS FOREIGN RELATIONS - S.RES. 73D (111TH) EXPENSES OF INQUIRIES AND INVESTIGATIONS,,,2036,BANNER NET PAYROLL,2036,0.0,0.0,banner_missing,banner,,,
FOREIGN RELATIONS FOREIGN RELATIONS - S.RES. 73D (111TH) EXPENSES OF INQUIRIES AND INVESTIGATIONS,,,2036,BANNER ORGANIZATION TOTALS,2036,17.25,17.25,ok,banner,,,
FOREIGN RELATIONS FOREIGN RELATIONS - S.RES. 81B (112TH) EXPENSES OF INQUIRIES AND INVESTIGATIONS,,,2037,TRAVEL AND TRANSPORTATION OF PERSONS,2037,592.67,592.67,ok,segment,,,
FOREIGN RELATIONS FOREIGN RELATIONS - S.RES. 81B (112TH) EXPENSES OF INQUIRIES AND INVESTIGATIONS,,,2037,OTHER CONTRACTUAL SERVICES,2037,508.88,508.88,ok,segment,,,
FOREIGN RELATIONS FOREIGN RELATIONS - S.RES. 81B (112TH) EXPENSES OF INQUIRIES AND INVESTIGATIONS,,,2037,BANNER NET PAYROLL,2037,0.0,0.0,banner_missing,banner,,,
FOREIGN RELATIONS FOREIGN RELATIONS - S.RES. 81B (112TH) EXPENSES OF INQUIRIES AND INVESTIGATIONS,,,2037,BANNER ORGANIZATION TOTALS,2037,1101.55,1101.55,ok,banner,,,
FOREIGN RELATIONS FOREIGN RELATIONS - S.RES. 81C (112TH) EXPENSES OF INQUIRIES AND INVESTIGATIONS,,,2038,TRAVEL AND TRANSPORTATION OF PERSONS,2042,9241.61,2999089.38,fail,segment,source_mismatch,2999089.38,
FOREIGN RELATIONS FOREIGN RELATIONS - S.RES. 81C (112TH) EXPENSES OF INQUIRIES AND INVESTIGATIONS,,,2038,OTHER CONTRACTUAL SERVICES,2043,29146.4,29146.4,ok,segment,,,
FOREIGN RELATIONS FOREIGN RELATIONS - S.RES. 81C (112TH) EXPENSES OF INQUIRIES AND INVESTIGATIONS,,,2038,ACQUISITION OF ASSETS,2043,10625.0,10625.0,ok,segment,,,
FOREIGN RELATIONS FOREIGN RELATIONS - S.RES. 81C (112TH) EXPENSES OF INQUIRIES AND INVESTIGATIONS,,,2038,PERSONNEL COMP. FULL-TIME PERMANENT,2043,2939847.77,0.0,component,payroll_component,,,
FOREIGN RELATIONS FOREIGN RELATIONS - S.RES. 81C (112TH) EXPENSES OF INQUIRIES AND INVESTIGATIONS,,,2038,RE-EMPLOYED ANNUITANTS,2043,21295.7,0.0,component,payroll_component,,,
FOREIGN RELATIONS FOREIGN RELATIONS - S.RES. 81C (112TH) EXPENSES OF INQUIRIES AND INVESTIGATIONS,,,2038,PERSONNEL BENEFITS,2043,11085.4,0.0,component,payroll_component,,,
FOREIGN RELATIONS FOREIGN RELATIONS - S.RES. 81C (112TH) EXPENSES OF INQUIRIES AND INVESTIGATIONS,,,2038,NET PAYROLL EXPENSES,2043,2972228.87,32381.1,fail,segment,inconclusive,0.0,
FOREIGN RELATIONS FOREIGN RELATIONS - S.RES. 81C (112TH) EXPENSES OF INQUIRIES AND INVESTIGATIONS,,,2038,BANNER NET PAYROLL,2038,2972228.87,2972228.87,ok,banner,,,
FOREIGN RELATIONS FOREIGN RELATIONS - S.RES. 81C (112TH) EXPENSES OF INQUIRIES AND INVESTIGATIONS,,,2038,BANNER ORGANIZATION TOTALS,2038,3055049.64,3071241.88,fail,banner,,,
HOMELAND SECURITY & GOVERNMENTAL AFFAIRS HOMELAND SEC.& GOV AFF. S.RES. 73C (111TH) EXPENSES OF INQUIRIES AND INVESTIGATIONS,,,2044,BANNER NET PAYROLL,2044,0.0,0.0,banner_missing,banner,,,
HOMELAND SECURITY & GOVERNMENTAL AFFAIRS HOMELAND SEC.& GOV AFF. S.RES. 73C (111TH) EXPENSES OF INQUIRIES AND INVESTIGATIONS,,,2044,BANNER ORGANIZATION TOTALS,2044,0.0,0.0,ok,banner,,,
HOMELAND SECURITY & GOVERNMENTAL AFFAIRS HOMELAND SEC.& GOV AFF. S.RES. 73D (111TH) EXPENSES OF INQUIRIES AND INVESTIGATIONS,,,2045,BANNER NET PAYROLL,2045,0.0,0.0,banner_missing,banner,,,
HOMELAND SECURITY & GOVERNMENTAL AFFAIRS HOMELAND SEC.& GOV AFF. S.RES. 73D (111TH) EXPENSES OF INQUIRIES AND INVESTIGATIONS,,,2045,BANNER ORGANIZATION TOTALS,2045,0.0,0.0,ok,banner,,,
HOMELAND SECURITY & GOVERNMENTAL AFFAIRS HOMELAND SEC.& GOV AFF. 81B (112TH) EXPENSES OF INQUIRIES AND INVESTIGATIONS,,,2046,TRAVEL AND TRANSPORTATION OF PERSONS,2046,631.4,631.4,ok,segment,,,
HOMELAND SECURITY & GOVERNMENTAL AFFAIRS HOMELAND SEC.& GOV AFF. 81B (112TH) EXPENSES OF INQUIRIES AND INVESTIGATIONS,,,2046,BANNER NET PAYROLL,2046,0.0,0.0,banner_missing,banner,,,
HOMELAND SECURITY & GOVERNMENTAL AFFAIRS HOMELAND SEC.& GOV AFF. 81B (112TH) EXPENSES OF INQUIRIES AND INVESTIGATIONS,,,2046,BANNER ORGANIZATION TOTALS,2046,801.56,631.4,warn,banner,,,banner_only_categories
HOMELAND SECURITY & GOVERNMENTAL AFFAIRS HOMELAND SEC.& GOV AFF. S.RES. 81C (112TH) EXPENSES OF INQUIRIES AND INVESTIGATIONS,,,2047,TRAVEL AND TRANSPORTATION OF PERSONS,2052,13931.94,4533349.35,fail,segment,source_mismatch,4533349.35,
HOMELAND SECURITY & GOVERNMENTAL AFFAIRS HOMELAND SEC.& GOV AFF. S.RES. 81C (112TH) EXPENSES OF INQUIRIES AND INVESTIGATIONS,,,2047,OTHER CONTRACTUAL SERVICES,2053,22307.2,22307.2,ok,segment,,,
HOMELAND SECURITY & GOVERNMENTAL AFFAIRS HOMELAND SEC.& GOV AFF. S.RES. 81C (112TH) EXPENSES OF INQUIRIES AND INVESTIGATIONS,,,2047,ACQUISITION OF ASSETS,2053,32.0,32.0,ok,segment,,,
HOMELAND SECURITY & GOVERNMENTAL AFFAIRS HOMELAND SEC.& GOV AFF. S.RES. 81C (112TH) EXPENSES OF INQUIRIES AND INVESTIGATIONS,,,2047,OTHER PERSONNEL COMPENSATION,2053,7465.0,0.0,component,payroll_component,,,
HOMELAND SECURITY & GOVERNMENTAL AFFAIRS HOMELAND SEC.& GOV AFF. S.RES. 81C (112TH) EXPENSES OF INQUIRIES AND INVESTIGATIONS,,,2047,PERSONNEL COMP. FULL-TIME PERMANENT,2053,4511952.41,0.0,component,payroll_component,,,
HOMELAND SECURITY & GOVERNMENTAL AFFAIRS HOMELAND SEC.& GOV AFF. S.RES. 81C (112TH) EXPENSES OF INQUIRIES AND INVESTIGATIONS,,,2047,PERSONNEL BENEFITS,2053,16618.7,0.0,component,payroll_component,,,
HOMELAND SECURITY & GOVERNMENTAL AFFAIRS HOMELAND SEC.& GOV AFF. S.RES. 81C (112TH) EXPENSES OF INQUIRIES AND INVESTIGATIONS,,,2047,NET PAYROLL EXPENSES,2053,4536036.11,16618.7,fail,segment,inconclusive,0.0,
HOMELAND SECURITY & GOVERNMENTAL AFFAIRS HOMELAND SEC.& GOV AFF. S.RES. 81C (112TH) EXPENSES OF INQUIRIES AND INVESTIGATIONS,,,2047,BANNER NET PAYROLL,2047,4536036.11,4536036.11,ok,banner,,,
HOMELAND SECURITY & GOVERNMENTAL AFFAIRS HOMELAND SEC.& GOV AFF. S.RES. 81C (112TH) EXPENSES OF INQUIRIES AND INVESTIGATIONS,,,2047,BANNER ORGANIZATION TOTALS,2047,4629513.03,4572307.25,warn,banner,,,banner_only_categories
"HEALTH, EDUCATION, LABOR, AND PENSIONS HEALTH, EDU,LABOR&PENS S.RES. 73C(111TH) EXPENSES OF INQUIRIES AND INVESTIGATIONS",,,2054,BANNER NET PAYROLL,2054,0.0,0.0,banner_missing,banner,,,
"HEALTH, EDUCATION, LABOR, AND PENSIONS HEALTH, EDU,LABOR&PENS S.RES. 73C(111TH) EXPENSES OF INQUIRIES AND INVESTIGATIONS",,,2054,BANNER ORGANIZATION TOTALS,2054,0.0,0.0,ok,banner,,,
"HEALTH, EDUCATION, LABOR, AND PENSIONS HEALTH, EDU,LABOR&PENS S.RES. 73D(111TH) EXPENSES OF INQUIRIES AND INVESTIGATIONS",,,2055,PERSONNEL BENEFITS,2055,300.0,0.0,component,payroll_component,,,
"HEALTH, EDUCATION, LABOR, AND PENSIONS HEALTH, EDU,LABOR&PENS S.RES. 73D(111TH) EXPENSES OF INQUIRIES AND INVESTIGATIONS",,,2055,NET PAYROLL EXPENSES,2055,300.0,300.0,ok,segment,,,
"HEALTH, EDUCATION, LABOR, AND PENSIONS HEALTH, EDU,LABOR&PENS S.RES. 73D(111TH) EXPENSES OF INQUIRIES AND INVESTIGATIONS",,,2055,BANNER NET PAYROLL,2055,300.0,300.0,ok,banner,,,
"HEALTH, EDUCATION, LABOR, AND PENSIONS HEALTH, EDU,LABOR&PENS S.RES. 73D(111TH) EXPENSES OF INQUIRIES AND INVESTIGATIONS",,,2055,BANNER ORGANIZATION TOTALS,2055,300.0,300.0,ok,banner,,,
"HEALTH, EDUCATION, LABOR, AND PENSIONS HEALTH, EDU,LABOR&PENS S.RES. 81B(112TH) EXPENSES OF INQUIRIES AND INVESTIGATIONS",,,2056,BANNER NET PAYROLL,2056,0.0,0.0,banner_missing,banner,,,
"HEALTH, EDUCATION, LABOR, AND PENSIONS HEALTH, EDU,LABOR&PENS S.RES. 81B(112TH) EXPENSES OF INQUIRIES AND INVESTIGATIONS",,,2056,BANNER ORGANIZATION TOTALS,2056,0.0,0.0,ok,banner,,,
"HEALTH, EDUCATION, LABOR, AND PENSIONS HEALTH, EDU,LABOR&PENS S.RES. 81C (112TH) EXPENSES OF INQUIRIES AND INVESTIGATIONS",,,2057,TRAVEL AND TRANSPORTATION OF PERSONS,2064,33621.91,4318310.58,fail,segment,source_mismatch,4318310.58,
"HEALTH, EDUCATION, LABOR, AND PENSIONS HEALTH, EDU,LABOR&PENS S.RES. 81C (112TH) EXPENSES OF INQUIRIES AND INVESTIGATIONS",,,2057,OTHER CONTRACTUAL SERVICES,2065,21487.25,21487.25,ok,segment,,,
"HEALTH, EDUCATION, LABOR, AND PENSIONS HEALTH, EDU,LABOR&PENS S.RES. 81C (112TH) EXPENSES OF INQUIRIES AND INVESTIGATIONS",,,2057,ACQUISITION OF ASSETS,2065,74.65,74.65,ok,segment,,,
"HEALTH, EDUCATION, LABOR, AND PENSIONS HEALTH, EDU,LABOR&PENS S.RES. 81C (112TH) EXPENSES OF INQUIRIES AND INVESTIGATIONS",,,2057,OTHER PERSONNEL COMPENSATION,2065,8777.8,0.0,component,payroll_component,,,
"HEALTH, EDUCATION, LABOR, AND PENSIONS HEALTH, EDU,LABOR&PENS S.RES. 81C (112TH) EXPENSES OF INQUIRIES AND INVESTIGATIONS",,,2057,PERSONNEL COMP. FULL-TIME PERMANENT,2065,4275910.87,0.0,component,payroll_component,,,
"HEALTH, EDUCATION, LABOR, AND PENSIONS HEALTH, EDU,LABOR&PENS S.RES. 81C (112TH) EXPENSES OF INQUIRIES AND INVESTIGATIONS",,,2057,PERSONNEL BENEFITS,2065,13004.3,0.0,component,payroll_component,,,
"HEALTH, EDUCATION, LABOR, AND PENSIONS HEALTH, EDU,LABOR&PENS S.RES. 81C (112TH) EXPENSES OF INQUIRIES AND INVESTIGATIONS",,,2057,NET PAYROLL EXPENSES,2065,4297692.97,13004.3,fail,segment,inconclusive,0.0,
"HEALTH, EDUCATION, LABOR, AND PENSIONS HEALTH, EDU,LABOR&PENS S.RES. 81C (112TH) EXPENSES OF INQUIRIES AND INVESTIGATIONS",,,2057,BANNER NET PAYROLL,2057,4297692.97,4297692.97,ok,banner,,,
"HEALTH, EDUCATION, LABOR, AND PENSIONS HEALTH, EDU,LABOR&PENS S.RES. 81C (112TH) EXPENSES OF INQUIRIES AND INVESTIGATIONS",,,2057,BANNER ORGANIZATION TOTALS,2057,4443495.13,4352876.78,warn,banner,,,banner_only_categories
INDIAN AFFAIRS INDIAN AFFAIRS - S.RES. 73C (111TH) EXPENSES OF INQUIRIES AND INVESTIGATIONS,,,2066,BANNER NET PAYROLL,2066,0.0,0.0,banner_missing,banner,,,
INDIAN AFFAIRS INDIAN AFFAIRS - S.RES. 73C (111TH) EXPENSES OF INQUIRIES AND INVESTIGATIONS,,,2066,BANNER ORGANIZATION TOTALS,2066,0.0,0.0,ok,banner,,,
INDIAN AFFAIRS INDIAN AFFAIRS - S.RES. 73D (111TH) EXPENSES OF INQUIRIES AND INVESTIGATIONS,,,2067,BANNER NET PAYROLL,2067,0.0,0.0,banner_missing,banner,,,
INDIAN AFFAIRS INDIAN AFFAIRS - S.RES. 73D (111TH) EXPENSES OF INQUIRIES AND INVESTIGATIONS,,,2067,BANNER ORGANIZATION TOTALS,2067,0.0,0.0,ok,banner,,,
INDIAN AFFAIRS INDIAN AFFAIRS - S.RES. 81B (112TH) EXPENSES OF INQUIRIES AND INVESTIGATIONS,,,2068,ACQUISITION OF ASSETS,2068,5727.58,5727.58,ok,segment,,,
INDIAN AFFAIRS INDIAN AFFAIRS - S.RES. 81B (112TH) EXPENSES OF INQUIRIES AND INVESTIGATIONS,,,2068,BANNER NET PAYROLL,2068,0.0,0.0,banner_missing,banner,,,
INDIAN AFFAIRS INDIAN AFFAIRS - S.RES. 81B (112TH) EXPENSES OF INQUIRIES AND INVESTIGATIONS,,,2068,BANNER ORGANIZATION TOTALS,2068,5427.58,5727.58,fail,banner,,,
INDIAN AFFAIRS INDIAN AFFAIRS - S.RES. 81C (112TH) EXPENSES OF INQUIRIES AND INVESTIGATIONS,,,2069,TRAVEL AND TRANSPORTATION OF PERSONS,2071,22112.14,944854.38,fail,segment,source_mismatch,944854.38,
INDIAN AFFAIRS INDIAN AFFAIRS - S.RES. 81C (112TH) EXPENSES OF INQUIRIES AND INVESTIGATIONS,,,2069,OTHER CONTRACTUAL SERVICES,2071,7710.3,7710.3,ok,segment,,,
INDIAN AFFAIRS INDIAN AFFAIRS - S.RES. 81C (112TH) EXPENSES OF INQUIRIES AND INVESTIGATIONS,,,2069,ACQUISITION OF ASSETS,2072,1963.67,1963.67,ok,segment,,,
INDIAN AFFAIRS INDIAN AFFAIRS - S.RES. 81C (112TH) EXPENSES OF INQUIRIES AND INVESTIGATIONS,,,2069,PERSONNEL COMP. FULL-TIME PERMANENT,2072,922742.24,0.0,component,payroll_component,,,
INDIAN AFFAIRS INDIAN AFFAIRS - S.RES. 81C (112TH) EXPENSES OF INQUIRIES AND INVESTIGATIONS,,,2069,PERSONNEL BENEFITS,2072,5624.25,0.0,component,payroll_component,,,
INDIAN AFFAIRS INDIAN AFFAIRS - S.RES. 81C (112TH) EXPENSES OF INQUIRIES AND INVESTIGATIONS,,,2069,NET PAYROLL EXPENSES,2072,928366.49,5624.25,fail,segment,inconclusive,0.0,
INDIAN AFFAIRS INDIAN AFFAIRS - S.RES. 81C (112TH) EXPENSES OF INQUIRIES AND INVESTIGATIONS,,,2069,BANNER NET PAYROLL,2069,928366.49,928366.49,ok,banner,,,
INDIAN AFFAIRS INDIAN AFFAIRS - S.RES. 81C (112TH) EXPENSES OF INQUIRIES AND INVESTIGATIONS,,,2069,BANNER ORGANIZATION TOTALS,2069,984562.75,960152.6,warn,banner,,,banner_only_categories
INTELLIGENCE SELECT COM ON INTEL - S.RES. 73C (111TH) EXPENSES OF INQUIRIES AND INVESTIGATIONS,,,2073,BANNER NET PAYROLL,2073,0.0,0.0,banner_missing,banner,,,
INTELLIGENCE SELECT COM ON INTEL - S.RES. 73C (111TH) EXPENSES OF INQUIRIES AND INVESTIGATIONS,,,2073,BANNER ORGANIZATION TOTALS,2073,0.0,0.0,ok,banner,,,
INTELLIGENCE SELECT COM ON INTEL - S.RES. 73D (111TH) EXPENSES OF INQUIRIES AND INVESTIGATIONS,,,2074,BANNER NET PAYROLL,2074,0.0,0.0,banner_missing,banner,,,
INTELLIGENCE SELECT COM ON INTEL - S.RES. 73D (111TH) EXPENSES OF INQUIRIES AND INVESTIGATIONS,,,2074,BANNER ORGANIZATION TOTALS,2074,0.0,0.0,ok,banner,,,
INTELLIGENCE SELECT COM ON INTEL - S.RES. 81B (112TH) EXPENSES OF INQUIRIES AND INVESTIGATIONS,,,2075,TRAVEL AND TRANSPORTATION OF PERSONS,2075,367.13,367.13,ok,segment,,,
INTELLIGENCE SELECT COM ON INTEL - S.RES. 81B (112TH) EXPENSES OF INQUIRIES AND INVESTIGATIONS,,,2075,BANNER NET PAYROLL,2075,0.0,0.0,banner_missing,banner,,,
INTELLIGENCE SELECT COM ON INTEL - S.RES. 81B (112TH) EXPENSES OF INQUIRIES AND INVESTIGATIONS,,,2075,BANNER ORGANIZATION TOTALS,2075,391.45,367.13,warn,banner,,,banner_only_categories
INTELLIGENCE SELECT COM ON INTEL - S.RES. 81C (112TH) EXPENSES OF INQUIRIES AND INVESTIGATIONS,,,2076,TRAVEL AND TRANSPORTATION OF PERSONS,2079,11620.65,2952953.87,fail,segment,source_mismatch,2952953.87,
INTELLIGENCE SELECT COM ON INTEL - S.RES. 81C (112TH) EXPENSES OF INQUIRIES AND INVESTIGATIONS,,,2076,OTHER CONTRACTUAL SERVICES,2079,310.0,310.0,ok,segment,,,
INTELLIGENCE SELECT COM ON INTEL - S.RES. 81C (112TH) EXPENSES OF INQUIRIES AND INVESTIGATIONS,,,2076,PERSONNEL COMP. FULL-TIME PERMANENT,2079,2941333.22,0.0,component,payroll_component,,,
INTELLIGENCE SELECT COM ON INTEL - S.RES. 81C (112TH) EXPENSES OF INQUIRIES AND INVESTIGATIONS,,,2076,PERSONNEL BENEFITS,2079,1724.4,0.0,component,payroll_component,,,
INTELLIGENCE SELECT COM ON INTEL - S.RES. 81C (112TH) EXPENSES OF INQUIRIES AND INVESTIGATIONS,,,2076,NET PAYROLL EXPENSES,2079,2943057.62,1724.4,fail,segment,inconclusive,0.0,
INTELLIGENCE SELECT COM ON INTEL - S.RES. 81C (112TH) EXPENSES OF INQUIRIES AND INVESTIGATIONS,,,2076,BANNER NET PAYROLL,2076,2943057.62,2943057.62,ok,banner,,,
INTELLIGENCE SELECT COM ON INTEL - S.RES. 81C (112TH) EXPENSES OF INQUIRIES AND INVESTIGATIONS,,,2076,BANNER ORGANIZATION TOTALS,2076,2995368.06,2954988.27,warn,banner,,,banner_only_categories
JUDICIARY JUDICIARY - S.RES. 73C (111TH) EXPENSES OF INQUIRIES AND INVESTIGATIONS,,,2080,BANNER NET PAYROLL,2080,0.0,0.0,banner_missing,banner,,,
JUDICIARY JUDICIARY - S.RES. 73C (111TH) EXPENSES OF INQUIRIES AND INVESTIGATIONS,,,2080,BANNER ORGANIZATION TOTALS,2080,0.0,0.0,ok,banner,,,
JUDICIARY JUDICIARY - S.RES. 73D (111TH) EXPENSES OF INQUIRIES AND INVESTIGATIONS,,,2081,BANNER NET PAYROLL,2081,0.0,0.0,banner_missing,banner,,,
JUDICIARY JUDICIARY - S.RES. 73D (111TH) EXPENSES OF INQUIRIES AND INVESTIGATIONS,,,2081,BANNER ORGANIZATION TOTALS,2081,0.0,0.0,ok,banner,,,
JUDICIARY JUDICIARY - S.RES. 81B (112TH) EXPENSES OF INQUIRIES AND INVESTIGATIONS,,,2082,BANNER NET PAYROLL,2082,0.0,0.0,banner_missing,banner,,,
JUDICIARY JUDICIARY - S.RES. 81B (112TH) EXPENSES OF INQUIRIES AND INVESTIGATIONS,,,2082,BANNER ORGANIZATION TOTALS,2082,0.0,0.0,ok,banner,,,
JUDICIARY JUDICIARY - S.RES. 81C (112TH) EXPENSES OF INQUIRIES AND INVESTIGATIONS,,,2083,TRAVEL AND TRANSPORTATION OF PERSONS,2087,16699.08,4588588.27,fail,segment,source_mismatch,4588588.27,
JUDICIARY JUDICIARY - S.RES. 81C (112TH) EXPENSES OF INQUIRIES AND INVESTIGATIONS,,,2083,OTHER CONTRACTUAL SERVICES,2089,28788.2,28788.2,ok,segment,,,
JUDICIARY JUDICIARY - S.RES. 81C (112TH) EXPENSES OF INQUIRIES AND INVESTIGATIONS,,,2083,ACQUISITION OF ASSETS,2089,-5.0,-5.0,ok,segment,,,
JUDICIARY JUDICIARY - S.RES. 81C (112TH) EXPENSES OF INQUIRIES AND INVESTIGATIONS,,,2083,OTHER PERSONNEL COMPENSATION,2089,16125.36,0.0,component,payroll_component,,,
JUDICIARY JUDICIARY - S.RES. 81C (112TH) EXPENSES OF INQUIRIES AND INVESTIGATIONS,,,2083,PERSONNEL COMP. FULL-TIME PERMANENT,2089,4555763.83,0.0,component,payroll_component,,,
JUDICIARY JUDICIARY - S.RES. 81C (112TH) EXPENSES OF INQUIRIES AND INVESTIGATIONS,,,2083,PERSONNEL BENEFITS,2089,15953.4,0.0,component,payroll_component,,,
JUDICIARY JUDICIARY - S.RES. 81C (112TH) EXPENSES OF INQUIRIES AND INVESTIGATIONS,,,2083,NET PAYROLL EXPENSES,2089,4587842.59,15953.4,fail,segment,inconclusive,0.0,
JUDICIARY JUDICIARY - S.RES. 81C (112TH) EXPENSES OF INQUIRIES AND INVESTIGATIONS,,,2083,BANNER NET PAYROLL,2083,4587842.59,4587842.59,ok,banner,,,
JUDICIARY JUDICIARY - S.RES. 81C (112TH) EXPENSES OF INQUIRIES AND INVESTIGATIONS,,,2083,BANNER ORGANIZATION TOTALS,2083,4713362.5,4633324.87,warn,banner,,,banner_only_categories
RULES & ADMINISTRATION RULES & ADMINISTRATION S.RES. 73C(111TH) EXPENSES OF INQUIRIES AND INVESTIGATIONS,,,2090,BANNER NET PAYROLL,2090,0.0,0.0,banner_missing,banner,,,
RULES & ADMINISTRATION RULES & ADMINISTRATION S.RES. 73C(111TH) EXPENSES OF INQUIRIES AND INVESTIGATIONS,,,2090,BANNER ORGANIZATION TOTALS,2090,0.0,0.0,ok,banner,,,
RULES & ADMINISTRATION RULES & ADMINISTRATION S.RES. 73D(111TH) EXPENSES OF INQUIRIES AND INVESTIGATIONS,,,2091,BANNER NET PAYROLL,2091,0.0,0.0,banner_missing,banner,,,
RULES & ADMINISTRATION RULES & ADMINISTRATION S.RES. 73D(111TH) EXPENSES OF INQUIRIES AND INVESTIGATIONS,,,2091,BANNER ORGANIZATION TOTALS,2091,0.0,0.0,ok,banner,,,
RULES & ADMINISTRATION RULES & ADMINISTRATION S.RES. 81B(112TH) EXPENSES OF INQUIRIES AND INVESTIGATIONS,,,2092,BANNER NET PAYROLL,2092,0.0,0.0,banner_missing,banner,,,
RULES & ADMINISTRATION RULES & ADMINISTRATION S.RES. 81B(112TH) EXPENSES OF INQUIRIES AND INVESTIGATIONS,,,2092,BANNER ORGANIZATION TOTALS,2092,0.0,0.0,ok,banner,,,
RULES & ADMINISTRATION RULES & ADMINISTRATION S.RES. 81C(112TH) EXPENSES OF INQUIRIES AND INVESTIGATIONS,,,2093,TRAVEL AND TRANSPORTATION OF PERSONS,2094,3746.89,1178083.49,fail,segment,source_mismatch,1178083.49,
RULES & ADMINISTRATION RULES & ADMINISTRATION S.RES. 81C(112TH) EXPENSES OF INQUIRIES AND INVESTIGATIONS,,,2093,OTHER CONTRACTUAL SERVICES,2095,2121.2,2121.2,ok,segment,,,
RULES & ADMINISTRATION RULES & ADMINISTRATION S.RES. 81C(112TH) EXPENSES OF INQUIRIES AND INVESTIGATIONS,,,2093,ACQUISITION OF ASSETS,2095,60.0,60.0,ok,segment,,,
RULES & ADMINISTRATION RULES & ADMINISTRATION S.RES. 81C(112TH) EXPENSES OF INQUIRIES AND INVESTIGATIONS,,,2093,OTHER PERSONNEL COMPENSATION,2095,291.51,0.0,component,payroll_component,,,
RULES & ADMINISTRATION RULES & ADMINISTRATION S.RES. 81C(112TH) EXPENSES OF INQUIRIES AND INVESTIGATIONS,,,2093,PERSONNEL COMP. FULL-TIME PERMANENT,2095,1174045.09,0.0,component,payroll_component,,,
RULES & ADMINISTRATION RULES & ADMINISTRATION S.RES. 81C(112TH) EXPENSES OF INQUIRIES AND INVESTIGATIONS,,,2093,PERSONNEL BENEFITS,2095,4702.25,0.0,component,payroll_component,,,
RULES & ADMINISTRATION RULES & ADMINISTRATION S.RES. 81C(112TH) EXPENSES OF INQUIRIES AND INVESTIGATIONS,,,2093,NET PAYROLL EXPENSES,2095,1179038.85,4702.25,fail,segment,inconclusive,0.0,
RULES & ADMINISTRATION RULES & ADMINISTRATION S.RES. 81C(112TH) EXPENSES OF INQUIRIES AND INVESTIGATIONS,,,2093,BANNER NET PAYROLL,2093,1179038.85,1179038.85,ok,banner,,,
RULES & ADMINISTRATION RULES & ADMINISTRATION S.RES. 81C(112TH) EXPENSES OF INQUIRIES AND INVESTIGATIONS,,,2093,BANNER ORGANIZATION TOTALS,2093,1216944.15,1184966.94,warn,banner,,,banner_only_categories
SMALL BUSINESS AND ENTREPRENEURSHIP SMALL BUS & ENTREP.- S.RES. 73C (111TH) EXPENSES OF INQUIRIES AND INVESTIGATIONS,,,2096,BANNER NET PAYROLL,2096,0.0,0.0,banner_missing,banner,,,
SMALL BUSINESS AND ENTREPRENEURSHIP SMALL BUS & ENTREP.- S.RES. 73C (111TH) EXPENSES OF INQUIRIES AND INVESTIGATIONS,,,2096,BANNER ORGANIZATION TOTALS,2096,0.0,0.0,ok,banner,,,
SMALL BUSINESS AND ENTREPRENEURSHIP SMALL BUS & ENTREP.- S.RES. 73D (111TH) EXPENSES OF INQUIRIES AND INVESTIGATIONS,,,2097,BANNER NET PAYROLL,2097,0.0,0.0,banner_missing,banner,,,
SMALL BUSINESS AND ENTREPRENEURSHIP SMALL BUS & ENTREP.- S.RES. 73D (111TH) EXPENSES OF INQUIRIES AND INVESTIGATIONS,,,2097,BANNER ORGANIZATION TOTALS,2097,0.0,0.0,ok,banner,,,
SMALL BUSINESS AND ENTREPRENEURSHIP SMALL BUS & ENTREP.- S.RES. 81B (112TH) EXPENSES OF INQUIRIES AND INVESTIGATIONS,,,2098,BANNER NET PAYROLL,2098,0.0,0.0,banner_missing,banner,,,
SMALL BUSINESS AND ENTREPRENEURSHIP SMALL BUS & ENTREP.- S.RES. 81B (112TH) EXPENSES OF INQUIRIES AND INVESTIGATIONS,,,2098,BANNER ORGANIZATION TOTALS,2098,1547.64,0.0,warn,banner,,,banner_only_categories
SMALL BUSINESS AND ENTREPRENEURSHIP SMALL BUS & ENTREP.- S.RES. 81C (112TH) EXPENSES OF INQUIRIES AND INVESTIGATIONS,,,2099,TRAVEL AND TRANSPORTATION OF PERSONS,2104,55671.25,1226424.52,fail,segment,source_mismatch,1226424.52,
SMALL BUSINESS AND ENTREPRENEURSHIP SMALL BUS & ENTREP.- S.RES. 81C (112TH) EXPENSES OF INQUIRIES AND INVESTIGATIONS,,,2099,OTHER CONTRACTUAL SERVICES,2105,3342.8,3342.8,ok,segment,,,
SMALL BUSINESS AND ENTREPRENEURSHIP SMALL BUS & ENTREP.- S.RES. 81C (112TH) EXPENSES OF INQUIRIES AND INVESTIGATIONS,,,2099,OTHER PERSONNEL COMPENSATION,2105,343.54,0.0,component,payroll_component,,,
SMALL BUSINESS AND ENTREPRENEURSHIP SMALL BUS & ENTREP.- S.RES. 81C (112TH) EXPENSES OF INQUIRIES AND INVESTIGATIONS,,,2099,PERSONNEL COMP. FULL-TIME PERMANENT,2105,1170409.73,0.0,component,payroll_component,,,
SMALL BUSINESS AND ENTREPRENEURSHIP SMALL BUS & ENTREP.- S.RES. 81C (112TH) EXPENSES OF INQUIRIES AND INVESTIGATIONS,,,2099,PERSONNEL BENEFITS,2105,3976.4,0.0,component,payroll_component,,,
SMALL BUSINESS AND ENTREPRENEURSHIP SMALL BUS & ENTREP.- S.RES. 81C (112TH) EXPENSES OF INQUIRIES AND INVESTIGATIONS,,,2099,NET PAYROLL EXPENSES,2105,1174729.67,3976.4,fail,segment,inconclusive,0.0,
SMALL BUSINESS AND ENTREPRENEURSHIP SMALL BUS & ENTREP.- S.RES. 81C (112TH) EXPENSES OF INQUIRIES AND INVESTIGATIONS,,,2099,BANNER NET PAYROLL,2099,1174729.67,1174729.67,ok,banner,,,
SMALL BUSINESS AND ENTREPRENEURSHIP SMALL BUS & ENTREP.- S.RES. 81C (112TH) EXPENSES OF INQUIRIES AND INVESTIGATIONS,,,2099,BANNER ORGANIZATION TOTALS,2099,1259264.3,1233743.72,warn,banner,,,banner_only_categories
SPECIAL COMMITTEE ON AGING SPECIAL COM ON AGING S.RES. 73C (111TH) EXPENSES OF INQUIRIES AND INVESTIGATIONS,,,2106,BANNER NET PAYROLL,2106,0.0,0.0,banner_missing,banner,,,
SPECIAL COMMITTEE ON AGING SPECIAL COM ON AGING S.RES. 73C (111TH) EXPENSES OF INQUIRIES AND INVESTIGATIONS,,,2106,BANNER ORGANIZATION TOTALS,2106,0.0,0.0,ok,banner,,,
SPECIAL COMMITTEE ON AGING SPECIAL COM ON AGING S.RES. 73D (111TH) EXPENSES OF INQUIRIES AND INVESTIGATIONS,,,2107,BANNER NET PAYROLL,2107,0.0,0.0,banner_missing,banner,,,
SPECIAL COMMITTEE ON AGING SPECIAL COM ON AGING S.RES. 73D (111TH) EXPENSES OF INQUIRIES AND INVESTIGATIONS,,,2107,BANNER ORGANIZATION TOTALS,2107,0.0,0.0,ok,banner,,,
SPECIAL COMMITTEE ON AGING SPECIAL COM ON AGING S.RES. 81B (112TH) EXPENSES OF INQUIRIES AND INVESTIGATIONS,,,2108,BANNER NET PAYROLL,2108,0.0,0.0,banner_missing,banner,,,
SPECIAL COMMITTEE ON AGING SPECIAL COM ON AGING S.RES. 81B (112TH) EXPENSES OF INQUIRIES AND INVESTIGATIONS,,,2108,BANNER ORGANIZATION TOTALS,2108,3590.0,0.0,warn,banner,,,banner_only_categories
SPECIAL COMMITTEE ON AGING SPECIAL COM ON AGING S.RES. 81C (112TH) EXPENSES OF INQUIRIES AND INVESTIGATIONS,,,2109,TRAVEL AND TRANSPORTATION OF PERSONS,2111,11133.15,1131835.41,fail,segment,source_mismatch,1131835.41,
SPECIAL COMMITTEE ON AGING SPECIAL COM ON AGING S.RES. 81C (112TH) EXPENSES OF INQUIRIES AND INVESTIGATIONS,,,2109,OTHER CONTRACTUAL SERVICES,2111,20820.8,20820.8,ok,segment,,,
SPECIAL COMMITTEE ON AGING SPECIAL COM ON AGING S.RES. 81C (112TH) EXPENSES OF INQUIRIES AND INVESTIGATIONS,,,2109,PERSONNEL COMP. FULL-TIME PERMANENT,2111,1120702.26,0.0,component,payroll_component,,,
SPECIAL COMMITTEE ON AGING SPECIAL COM ON AGING S.RES. 81C (112TH) EXPENSES OF INQUIRIES AND INVESTIGATIONS,,,2109,PERSONNEL BENEFITS,2111,4483.8,0.0,component,payroll_component,,,
SPECIAL COMMITTEE ON AGING SPECIAL COM ON AGING S.RES. 81C (112TH) EXPENSES OF INQUIRIES AND INVESTIGATIONS,,,2109,NET PAYROLL EXPENSES,2111,1125186.06,4483.8,fail,segment,inconclusive,0.0,
SPECIAL COMMITTEE ON AGING SPECIAL COM ON AGING S.RES. 81C (112TH) EXPENSES OF INQUIRIES AND INVESTIGATIONS,,,2109,BANNER NET PAYROLL,2109,1125186.06,1125186.06,ok,banner,,,
SPECIAL COMMITTEE ON AGING SPECIAL COM ON AGING S.RES. 81C (112TH) EXPENSES OF INQUIRIES AND INVESTIGATIONS,,,2109,BANNER ORGANIZATION TOTALS,2109,1188073.73,1157140.01,warn,banner,,,banner_only_categories
VETERANS' AFFAIRS VETERANS' AFFAIRS - S.RES. 73C (111TH) EXPENSES OF INQUIRIES AND INVESTIGATIONS,,,2112,BANNER NET PAYROLL,2112,0.0,0.0,banner_missing,banner,,,
VETERANS' AFFAIRS VETERANS' AFFAIRS - S.RES. 73C (111TH) EXPENSES OF INQUIRIES AND INVESTIGATIONS,,,2112,BANNER ORGANIZATION TOTALS,2112,0.0,0.0,ok,banner,,,
VETERANS' AFFAIRS VETERANS' AFFAIRS - S.RES. 73D (111TH) EXPENSES OF INQUIRIES AND INVESTIGATIONS,,,2113,BANNER NET PAYROLL,2113,0.0,0.0,banner_missing,banner,,,
VETERANS' AFFAIRS VETERANS' AFFAIRS - S.RES. 73D (111TH) EXPENSES OF INQUIRIES AND INVESTIGATIONS,,,2113,BANNER ORGANIZATION TOTALS,2113,0.0,0.0,ok,banner,,,
VETERANS' AFFAIRS VETERANS' AFFAIRS - S.RES. 81B (112TH) EXPENSES OF INQUIRIES AND INVESTIGATIONS,,,2114,PERSONNEL BENEFITS,2114,1432.4,0.0,component,payroll_component,,,
VETERANS' AFFAIRS VETERANS' AFFAIRS - S.RES. 81B (112TH) EXPENSES OF INQUIRIES AND INVESTIGATIONS,,,2114,NET PAYROLL EXPENSES,2114,1432.4,1432.4,ok,segment,,,
VETERANS' AFFAIRS VETERANS' AFFAIRS - S.RES. 81B (112TH) EXPENSES OF INQUIRIES AND INVESTIGATIONS,,,2114,BANNER NET PAYROLL,2114,1432.4,1432.4,ok,banner,,,
VETERANS' AFFAIRS VETERANS' AFFAIRS - S.RES. 81B (112TH) EXPENSES OF INQUIRIES AND INVESTIGATIONS,,,2114,BANNER ORGANIZATION TOTALS,2114,1432.4,1432.4,ok,banner,,,
VETERANS' AFFAIRS VETERANS' AFFAIRS - S.RES. 81C (112TH) EXPENSES OF INQUIRIES AND INVESTIGATIONS,,,2115,TRAVEL AND TRANSPORTATION OF PERSONS,2117,7995.65,937805.06,fail,segment,source_mismatch,937805.06,
VETERANS' AFFAIRS VETERANS' AFFAIRS - S.RES. 81C (112TH) EXPENSES OF INQUIRIES AND INVESTIGATIONS,,,2115,OTHER CONTRACTUAL SERVICES,2117,8964.3,8964.3,ok,segment,,,
VETERANS' AFFAIRS VETERANS' AFFAIRS - S.RES. 81C (112TH) EXPENSES OF INQUIRIES AND INVESTIGATIONS,,,2115,PERSONNEL COMP. FULL-TIME PERMANENT,2117,929809.41,0.0,component,payroll_component,,,
VETERANS' AFFAIRS VETERANS' AFFAIRS - S.RES. 81C (112TH) EXPENSES OF INQUIRIES AND INVESTIGATIONS,,,2115,PERSONNEL BENEFITS,2117,7044.4,0.0,component,payroll_component,,,
VETERANS' AFFAIRS VETERANS' AFFAIRS - S.RES. 81C (112TH) EXPENSES OF INQUIRIES AND INVESTIGATIONS,,,2115,NET PAYROLL EXPENSES,2117,936853.81,7044.4,fail,segment,inconclusive,0.0,
VETERANS' AFFAIRS VETERANS' AFFAIRS - S.RES. 81C (112TH) EXPENSES OF INQUIRIES AND INVESTIGATIONS,,,2115,BANNER NET PAYROLL,2115,936853.81,936853.81,ok,banner,,,
VETERANS' AFFAIRS VETERANS' AFFAIRS - S.RES. 81C (112TH) EXPENSES OF INQUIRIES AND INVESTIGATIONS,,,2115,BANNER ORGANIZATION TOTALS,2115,965972.28,953813.76,warn,banner,,,banner_only_categories
SPECIAL RESERVES - COMMITTEES SPECIAL RESERVES - S.RES. 73C (111TH) EXPENSES OF INQUIRIES AND INVESTIGATIONS,,,2118,BANNER NET PAYROLL,2118,,0.0,not_applicable,banner,,,
SPECIAL RESERVES - COMMITTEES SPECIAL RESERVES - S.RES. 73C (111TH) EXPENSES OF INQUIRIES AND INVESTIGATIONS,,,2118,BANNER ORGANIZATION TOTALS,2118,0.0,0.0,ok,banner,,,
SPECIAL RESERVES - COMMITTEES SPECIAL RESERVES - S.RES. 73D (111TH) EXPENSES OF INQUIRIES AND INVESTIGATIONS,,,2119,BANNER NET PAYROLL,2119,,0.0,not_applicable,banner,,,
SPECIAL RESERVES - COMMITTEES SPECIAL RESERVES - S.RES. 73D (111TH) EXPENSES OF INQUIRIES AND INVESTIGATIONS,,,2119,BANNER ORGANIZATION TOTALS,2119,0.0,0.0,ok,banner,,,
SPECIAL RESERVES - COMMITTEES SPECIAL RESERVES - S.RES. 81B (112TH) EXPENSES OF INQUIRIES AND INVESTIGATIONS,,,2120,BANNER NET PAYROLL,2120,,0.0,not_applicable,banner,,,
SPECIAL RESERVES - COMMITTEES SPECIAL RESERVES - S.RES. 81B (112TH) EXPENSES OF INQUIRIES AND INVESTIGATIONS,,,2120,BANNER ORGANIZATION TOTALS,2120,0.0,0.0,ok,banner,,,
SPECIAL RESERVES - COMMITTEES SPECIAL RESERVES - S.RES. 81C (112TH) EXPENSES OF INQUIRIES AND INVESTIGATIONS,,,2121,BANNER NET PAYROLL,2121,,0.0,not_applicable,banner,,,
SPECIAL RESERVES - COMMITTEES SPECIAL RESERVES - S.RES. 81C (112TH) EXPENSES OF INQUIRIES AND INVESTIGATIONS,,,2121,BANNER ORGANIZATION TOTALS,2121,0.0,0.0,ok,banner,,,
"CCOOMMPPEENNSSAATTIIOONN OOFF MMEEMMBBEERRSS FFUUNNDDIINNGG YYEEAARR CCOOMMPPEENNSSAATTIIOONN OOFF MMEEMMBBEERRSS,, SSEENNAATTEE",,,2123,BANNER NET PAYROLL,2123,,0.0,not_applicable,banner,,,
"CCOOMMPPEENNSSAATTIIOONN OOFF MMEEMMBBEERRSS FFUUNNDDIINNGG YYEEAARR CCOOMMPPEENNSSAATTIIOONN OOFF MMEEMMBBEERRSS,, SSEENNAATTEE",,,2123,BANNER ORGANIZATION TOTALS,2123,,0.0,banner_missing,banner,,,
"CCOOMMPPEENNSSAATTIIOONN OOFF MMEEMMBBEERRSS FFUUNNDDIINNGG YYEEAARR CCOOMMPPEENNSSAATTIIOONN OOFF MMEEMMBBEERRSS,, SSEENNAATTEE",,,2126,BANNER NET PAYROLL,2126,,0.0,not_applicable,banner,,,
"CCOOMMPPEENNSSAATTIIOONN OOFF MMEEMMBBEERRSS FFUUNNDDIINNGG YYEEAARR CCOOMMPPEENNSSAATTIIOONN OOFF MMEEMMBBEERRSS,, SSEENNAATTEE",,,2126,BANNER ORGANIZATION TOTALS,2126,,0.0,banner_missing,banner,,,
"CCOOMMPPEENNSSAATTIIOONN OOFF MMEEMMBBEERRSS FFUUNNDDIINNGG YYEEAARR CCOOMMPPEENNSSAATTIIOONN OOFF MMEEMMBBEERRSS,, SSEENNAATTEE",,,2127,BANNER NET PAYROLL,2127,,0.0,not_applicable,banner,,,
"CCOOMMPPEENNSSAATTIIOONN OOFF MMEEMMBBEERRSS FFUUNNDDIINNGG YYEEAARR CCOOMMPPEENNSSAATTIIOONN OOFF MMEEMMBBEERRSS,, SSEENNAATTEE",,,2127,BANNER ORGANIZATION TOTALS,2127,,0.0,banner_missing,banner,,,
