severity,reason,source_doc,source_pdf,reference_page,office,funding_year,label,expected,detail,exception_key
warning,banner_check_discrepancy,119sdoc3,GPO-CDOC-119sdoc3-1.pdf,23,PRESIDENT PRO TEMPORE (D),2024,BANNER ORGANIZATION TOTALS,2789.68,status=warn; banner=2789.68; parsed_body=0.0. Banner checks are advisory; review against the source before treating this as a parser defect.,119sdoc3|banner_check_discrepancy|23|PRESIDENT PRO TEMPORE (D)|2024|BANNER ORGANIZATION TOTALS|2789.68
warning,banner_check_discrepancy,119sdoc3,GPO-CDOC-119sdoc3-1.pdf,24,PRESIDENT PRO TEMPORE (D),2025,BANNER ORGANIZATION TOTALS,10223.92,status=warn; banner=10223.92; parsed_body=0.0. Banner checks are advisory; review against the source before treating this as a parser defect.,119sdoc3|banner_check_discrepancy|24|PRESIDENT PRO TEMPORE (D)|2025|BANNER ORGANIZATION TOTALS|10223.92
warning,banner_check_discrepancy,119sdoc3,GPO-CDOC-119sdoc3-1.pdf,25,PRES PRO TEM EMERITUS (D),2025,BANNER ORGANIZATION TOTALS,10130.97,status=warn; banner=10130.97; parsed_body=69.89. Banner checks are advisory; review against the source before treating this as a parser defect.,119sdoc3|banner_check_discrepancy|25|PRES PRO TEM EMERITUS (D)|2025|BANNER ORGANIZATION TOTALS|10130.97
warning,banner_check_discrepancy,119sdoc3,GPO-CDOC-119sdoc3-1.pdf,28,MINORITY LEADER (D),2025,BANNER ORGANIZATION TOTALS,11191.98,status=warn; banner=11191.98; parsed_body=0.0. Banner checks are advisory; review against the source before treating this as a parser defect.,119sdoc3|banner_check_discrepancy|28|MINORITY LEADER (D)|2025|BANNER ORGANIZATION TOTALS|11191.98
warning,banner_check_discrepancy,119sdoc3,GPO-CDOC-119sdoc3-1.pdf,30,MAJORITY WHIP (D),2024,BANNER ORGANIZATION TOTALS,4419.57,status=warn; banner=4419.57; parsed_body=0.0. Banner checks are advisory; review against the source before treating this as a parser defect.,119sdoc3|banner_check_discrepancy|30|MAJORITY WHIP (D)|2024|BANNER ORGANIZATION TOTALS|4419.57
warning,banner_check_discrepancy,119sdoc3,GPO-CDOC-119sdoc3-1.pdf,31,MINORITY WHIP (D),2025,BANNER ORGANIZATION TOTALS,2100.7,status=warn; banner=2100.7; parsed_body=0.0. Banner checks are advisory; review against the source before treating this as a parser defect.,119sdoc3|banner_check_discrepancy|31|MINORITY WHIP (D)|2025|BANNER ORGANIZATION TOTALS|2100.7
warning,banner_check_discrepancy,119sdoc3,GPO-CDOC-119sdoc3-1.pdf,44,MINORITY LEADER (R),2024,BANNER ORGANIZATION TOTALS,2317.34,status=warn; banner=2317.34; parsed_body=174.92. Banner checks are advisory; review against the source before treating this as a parser defect.,119sdoc3|banner_check_discrepancy|44|MINORITY LEADER (R)|2024|BANNER ORGANIZATION TOTALS|2317.34
warning,banner_check_discrepancy,119sdoc3,GPO-CDOC-119sdoc3-1.pdf,45,MAJORITY LEADER (R),2025,BANNER ORGANIZATION TOTALS,11678.28,status=warn; banner=11678.28; parsed_body=0.0. Banner checks are advisory; review against the source before treating this as a parser defect.,119sdoc3|banner_check_discrepancy|45|MAJORITY LEADER (R)|2025|BANNER ORGANIZATION TOTALS|11678.28
warning,banner_check_discrepancy,119sdoc3,GPO-CDOC-119sdoc3-1.pdf,48,MAJORITY WHIP (R),2025,BANNER ORGANIZATION TOTALS,2979.0,status=warn; banner=2979.0; parsed_body=0.0. Banner checks are advisory; review against the source before treating this as a parser defect.,119sdoc3|banner_check_discrepancy|48|MAJORITY WHIP (R)|2025|BANNER ORGANIZATION TOTALS|2979.0
warning,banner_check_discrepancy,119sdoc3,GPO-CDOC-119sdoc3-1.pdf,50,CHAIRMAN MINORITY CONFERENCE COMMITTEE (R),2024,BANNER ORGANIZATION TOTALS,160.14,status=warn; banner=160.14; parsed_body=0.0. Banner checks are advisory; review against the source before treating this as a parser defect.,119sdoc3|banner_check_discrepancy|50|CHAIRMAN MINORITY CONFERENCE COMMITTEE (R)|2024|BANNER ORGANIZATION TOTALS|160.14
warning,banner_check_discrepancy,119sdoc3,GPO-CDOC-119sdoc3-1.pdf,51,CHAIRMAN MAJORITY CONFERENCE COMMITTEE (R),2025,BANNER ORGANIZATION TOTALS,1060.0,status=warn; banner=1060.0; parsed_body=0.0. Banner checks are advisory; review against the source before treating this as a parser defect.,119sdoc3|banner_check_discrepancy|51|CHAIRMAN MAJORITY CONFERENCE COMMITTEE (R)|2025|BANNER ORGANIZATION TOTALS|1060.0
warning,banner_check_discrepancy,119sdoc3,GPO-CDOC-119sdoc3-1.pdf,53,CHAIRMAN MINORITY POLICY COMMITTEE (R),2024,BANNER ORGANIZATION TOTALS,610.0,status=warn; banner=610.0; parsed_body=0.0. Banner checks are advisory; review against the source before treating this as a parser defect.,119sdoc3|banner_check_discrepancy|53|CHAIRMAN MINORITY POLICY COMMITTEE (R)|2024|BANNER ORGANIZATION TOTALS|610.0
warning,banner_check_discrepancy,119sdoc3,GPO-CDOC-119sdoc3-1.pdf,54,CHAIRMAN MAJORITY POLICY COMMITTEE (R),2025,BANNER ORGANIZATION TOTALS,3188.96,status=warn; banner=3188.96; parsed_body=0.0. Banner checks are advisory; review against the source before treating this as a parser defect.,119sdoc3|banner_check_discrepancy|54|CHAIRMAN MAJORITY POLICY COMMITTEE (R)|2025|BANNER ORGANIZATION TOTALS|3188.96
warning,banner_check_missing,119sdoc3,GPO-CDOC-119sdoc3-1.pdf,61,APPROPRIATIONS,2023,BANNER NET PAYROLL,0.0,status=banner_missing; banner=0.0; parsed_body=0.0. Banner checks are advisory; review against the source before treating this as a parser defect.,119sdoc3|banner_check_missing|61|APPROPRIATIONS|2023|BANNER NET PAYROLL|0.0
warning,banner_check_missing,119sdoc3,GPO-CDOC-119sdoc3-1.pdf,62,APPROPRIATIONS,2024,BANNER NET PAYROLL,0.0,status=banner_missing; banner=0.0; parsed_body=0.0. Banner checks are advisory; review against the source before treating this as a parser defect.,119sdoc3|banner_check_missing|62|APPROPRIATIONS|2024|BANNER NET PAYROLL|0.0
warning,banner_check_missing,119sdoc3,GPO-CDOC-119sdoc3-1.pdf,66,CHAPLAIN,2021,BANNER NET PAYROLL,0.0,status=banner_missing; banner=0.0; parsed_body=0.0. Banner checks are advisory; review against the source before treating this as a parser defect.,119sdoc3|banner_check_missing|66|CHAPLAIN|2021|BANNER NET PAYROLL|0.0
warning,banner_check_missing,119sdoc3,GPO-CDOC-119sdoc3-1.pdf,67,CHAPLAIN,2022,BANNER NET PAYROLL,0.0,status=banner_missing; banner=0.0; parsed_body=0.0. Banner checks are advisory; review against the source before treating this as a parser defect.,119sdoc3|banner_check_missing|67|CHAPLAIN|2022|BANNER NET PAYROLL|0.0
warning,banner_check_missing,119sdoc3,GPO-CDOC-119sdoc3-1.pdf,68,CHAPLAIN,2023,BANNER NET PAYROLL,0.0,status=banner_missing; banner=0.0; parsed_body=0.0. Banner checks are advisory; review against the source before treating this as a parser defect.,119sdoc3|banner_check_missing|68|CHAPLAIN|2023|BANNER NET PAYROLL|0.0
warning,banner_check_missing,119sdoc3,GPO-CDOC-119sdoc3-1.pdf,69,CHAPLAIN,2023,BANNER NET PAYROLL,0.0,status=banner_missing; banner=0.0; parsed_body=0.0. Banner checks are advisory; review against the source before treating this as a parser defect.,119sdoc3|banner_check_missing|69|CHAPLAIN|2023|BANNER NET PAYROLL|0.0
warning,banner_check_missing,119sdoc3,GPO-CDOC-119sdoc3-1.pdf,70,CHAPLAIN,2024,BANNER NET PAYROLL,0.0,status=banner_missing; banner=0.0; parsed_body=0.0. Banner checks are advisory; review against the source before treating this as a parser defect.,119sdoc3|banner_check_missing|70|CHAPLAIN|2024|BANNER NET PAYROLL|0.0
warning,banner_check_missing,119sdoc3,GPO-CDOC-119sdoc3-1.pdf,71,CHAPLAIN,2024,BANNER NET PAYROLL,18300.0,status=banner_missing; banner=18300.0; parsed_body=0.0. Banner checks are advisory; review against the source before treating this as a parser defect.,119sdoc3|banner_check_missing|71|CHAPLAIN|2024|BANNER NET PAYROLL|18300.0
warning,banner_check_discrepancy,119sdoc3,GPO-CDOC-119sdoc3-1.pdf,71,CHAPLAIN,2024,BANNER ORGANIZATION TOTALS,18300.0,status=warn; banner=18300.0; parsed_body=0.0. Banner checks are advisory; review against the source before treating this as a parser defect.,119sdoc3|banner_check_discrepancy|71|CHAPLAIN|2024|BANNER ORGANIZATION TOTALS|18300.0
warning,banner_check_discrepancy,119sdoc3,GPO-CDOC-119sdoc3-1.pdf,72,CHAPLAIN,2025,BANNER NET PAYROLL,279150.12,status=fail; banner=279150.12; parsed_body=322358.21. Banner checks are advisory; review against the source before treating this as a parser defect.,119sdoc3|banner_check_discrepancy|72|CHAPLAIN|2025|BANNER NET PAYROLL|279150.12
warning,banner_check_discrepancy,119sdoc3,GPO-CDOC-119sdoc3-1.pdf,72,CHAPLAIN,2025,BANNER ORGANIZATION TOTALS,279150.12,status=warn; banner=279150.12; parsed_body=322358.21. Banner checks are advisory; review against the source before treating this as a parser defect.,119sdoc3|banner_check_discrepancy|72|CHAPLAIN|2025|BANNER ORGANIZATION TOTALS|279150.12
warning,banner_check_missing,119sdoc3,GPO-CDOC-119sdoc3-1.pdf,73,CHAPLAIN,2025,BANNER NET PAYROLL,24908.09,status=banner_missing; banner=24908.09; parsed_body=0.0. Banner checks are advisory; review against the source before treating this as a parser defect.,119sdoc3|banner_check_missing|73|CHAPLAIN|2025|BANNER NET PAYROLL|24908.09
warning,banner_check_discrepancy,119sdoc3,GPO-CDOC-119sdoc3-1.pdf,73,CHAPLAIN,2025,BANNER ORGANIZATION TOTALS,24908.09,status=warn; banner=24908.09; parsed_body=0.0. Banner checks are advisory; review against the source before treating this as a parser defect.,119sdoc3|banner_check_discrepancy|73|CHAPLAIN|2025|BANNER ORGANIZATION TOTALS|24908.09
warning,banner_check_missing,119sdoc3,GPO-CDOC-119sdoc3-1.pdf,74,OFFICE OF THE VICE PRESIDENT (D) - HARRIS,2023,BANNER NET PAYROLL,0.0,status=banner_missing; banner=0.0; parsed_body=0.0. Banner checks are advisory; review against the source before treating this as a parser defect.,119sdoc3|banner_check_missing|74|OFFICE OF THE VICE PRESIDENT (D) - HARRIS|2023|BANNER NET PAYROLL|0.0
warning,banner_check_missing,119sdoc3,GPO-CDOC-119sdoc3-1.pdf,75,OFFICE OF THE VICE PRESIDENT (D) - HARRIS,2024,BANNER NET PAYROLL,14462.88,status=banner_missing; banner=14462.88; parsed_body=0.0. Banner checks are advisory; review against the source before treating this as a parser defect.,119sdoc3|banner_check_missing|75|OFFICE OF THE VICE PRESIDENT (D) - HARRIS|2024|BANNER NET PAYROLL|14462.88
warning,banner_check_discrepancy,119sdoc3,GPO-CDOC-119sdoc3-1.pdf,75,OFFICE OF THE VICE PRESIDENT (D) - HARRIS,2024,BANNER ORGANIZATION TOTALS,14462.88,status=warn; banner=14462.88; parsed_body=0.0. Banner checks are advisory; review against the source before treating this as a parser defect.,119sdoc3|banner_check_discrepancy|75|OFFICE OF THE VICE PRESIDENT (D) - HARRIS|2024|BANNER ORGANIZATION TOTALS|14462.88
warning,banner_check_discrepancy,119sdoc3,GPO-CDOC-119sdoc3-1.pdf,76,OFFICE OF THE VICE PRESIDENT (D) - HARRIS,2025,BANNER NET PAYROLL,996216.14,status=fail; banner=996216.14; parsed_body=1010679.02. Banner checks are advisory; review against the source before treating this as a parser defect.,119sdoc3|banner_check_discrepancy|76|OFFICE OF THE VICE PRESIDENT (D) - HARRIS|2025|BANNER NET PAYROLL|996216.14
warning,banner_check_discrepancy,119sdoc3,GPO-CDOC-119sdoc3-1.pdf,76,OFFICE OF THE VICE PRESIDENT (D) - HARRIS,2025,BANNER ORGANIZATION TOTALS,996216.14,status=warn; banner=996216.14; parsed_body=1010679.02. Banner checks are advisory; review against the source before treating this as a parser defect.,119sdoc3|banner_check_discrepancy|76|OFFICE OF THE VICE PRESIDENT (D) - HARRIS|2025|BANNER ORGANIZATION TOTALS|996216.14
warning,banner_check_missing,119sdoc3,GPO-CDOC-119sdoc3-1.pdf,78,PRESIDENT PRO TEMPORE (D),2023,BANNER NET PAYROLL,0.0,status=banner_missing; banner=0.0; parsed_body=0.0. Banner checks are advisory; review against the source before treating this as a parser defect.,119sdoc3|banner_check_missing|78|PRESIDENT PRO TEMPORE (D)|2023|BANNER NET PAYROLL|0.0
warning,banner_check_missing,119sdoc3,GPO-CDOC-119sdoc3-1.pdf,79,PRESIDENT PRO TEMPORE (D),2024,BANNER NET PAYROLL,22500.0,status=banner_missing; banner=22500.0; parsed_body=0.0. Banner checks are advisory; review against the source before treating this as a parser defect.,119sdoc3|banner_check_missing|79|PRESIDENT PRO TEMPORE (D)|2024|BANNER NET PAYROLL|22500.0
warning,banner_check_discrepancy,119sdoc3,GPO-CDOC-119sdoc3-1.pdf,79,PRESIDENT PRO TEMPORE (D),2024,BANNER ORGANIZATION TOTALS,22500.0,status=warn; banner=22500.0; parsed_body=0.0. Banner checks are advisory; review against the source before treating this as a parser defect.,119sdoc3|banner_check_discrepancy|79|PRESIDENT PRO TEMPORE (D)|2024|BANNER ORGANIZATION TOTALS|22500.0
warning,banner_check_discrepancy,119sdoc3,GPO-CDOC-119sdoc3-1.pdf,80,PRESIDENT PRO TEMPORE (D),2025,BANNER NET PAYROLL,133361.05,status=fail; banner=133361.05; parsed_body=110861.05. Banner checks are advisory; review against the source before treating this as a parser defect.,119sdoc3|banner_check_discrepancy|80|PRESIDENT PRO TEMPORE (D)|2025|BANNER NET PAYROLL|133361.05
warning,banner_check_discrepancy,119sdoc3,GPO-CDOC-119sdoc3-1.pdf,80,PRESIDENT PRO TEMPORE (D),2025,BANNER ORGANIZATION TOTALS,133361.05,status=fail; banner=133361.05; parsed_body=129861.05. Banner checks are advisory; review against the source before treating this as a parser defect.,119sdoc3|banner_check_discrepancy|80|PRESIDENT PRO TEMPORE (D)|2025|BANNER ORGANIZATION TOTALS|133361.05
warning,banner_check_missing,119sdoc3,GPO-CDOC-119sdoc3-1.pdf,82,MAJORITY LEADER (D),2023,BANNER NET PAYROLL,0.0,status=banner_missing; banner=0.0; parsed_body=0.0. Banner checks are advisory; review against the source before treating this as a parser defect.,119sdoc3|banner_check_missing|82|MAJORITY LEADER (D)|2023|BANNER NET PAYROLL|0.0
warning,banner_check_missing,119sdoc3,GPO-CDOC-119sdoc3-1.pdf,83,MAJORITY LEADER (D),2023,BANNER NET PAYROLL,0.0,status=banner_missing; banner=0.0; parsed_body=0.0. Banner checks are advisory; review against the source before treating this as a parser defect.,119sdoc3|banner_check_missing|83|MAJORITY LEADER (D)|2023|BANNER NET PAYROLL|0.0
warning,banner_check_missing,119sdoc3,GPO-CDOC-119sdoc3-1.pdf,84,MAJORITY LEADER (D),2024,BANNER NET PAYROLL,84939.25,status=banner_missing; banner=84939.25; parsed_body=0.0. Banner checks are advisory; review against the source before treating this as a parser defect.,119sdoc3|banner_check_missing|84|MAJORITY LEADER (D)|2024|BANNER NET PAYROLL|84939.25
warning,banner_check_discrepancy,119sdoc3,GPO-CDOC-119sdoc3-1.pdf,84,MAJORITY LEADER (D),2024,BANNER ORGANIZATION TOTALS,84939.25,status=warn; banner=84939.25; parsed_body=0.0. Banner checks are advisory; review against the source before treating this as a parser defect.,119sdoc3|banner_check_discrepancy|84|MAJORITY LEADER (D)|2024|BANNER ORGANIZATION TOTALS|84939.25
warning,banner_check_missing,119sdoc3,GPO-CDOC-119sdoc3-1.pdf,87,MAJORITY WHIP (D),2023,BANNER NET PAYROLL,0.0,status=banner_missing; banner=0.0; parsed_body=0.0. Banner checks are advisory; review against the source before treating this as a parser defect.,119sdoc3|banner_check_missing|87|MAJORITY WHIP (D)|2023|BANNER NET PAYROLL|0.0
warning,banner_check_missing,119sdoc3,GPO-CDOC-119sdoc3-1.pdf,88,MAJORITY WHIP (D),2024,BANNER NET PAYROLL,0.0,status=banner_missing; banner=0.0; parsed_body=0.0. Banner checks are advisory; review against the source before treating this as a parser defect.,119sdoc3|banner_check_missing|88|MAJORITY WHIP (D)|2024|BANNER NET PAYROLL|0.0
warning,banner_check_missing,119sdoc3,GPO-CDOC-119sdoc3-1.pdf,91,MAJORITY CONFERENCE COMMITTEE (D),2023,BANNER NET PAYROLL,0.0,status=banner_missing; banner=0.0; parsed_body=0.0. Banner checks are advisory; review against the source before treating this as a parser defect.,119sdoc3|banner_check_missing|91|MAJORITY CONFERENCE COMMITTEE (D)|2023|BANNER NET PAYROLL|0.0
warning,banner_check_missing,119sdoc3,GPO-CDOC-119sdoc3-1.pdf,92,MAJORITY CONFERENCE COMMITTEE (D),2024,BANNER NET PAYROLL,0.0,status=banner_missing; banner=0.0; parsed_body=0.0. Banner checks are advisory; review against the source before treating this as a parser defect.,119sdoc3|banner_check_missing|92|MAJORITY CONFERENCE COMMITTEE (D)|2024|BANNER NET PAYROLL|0.0
warning,banner_check_missing,119sdoc3,GPO-CDOC-119sdoc3-1.pdf,95,MAJORITY POLICY COMMITTEE (D),2023,BANNER NET PAYROLL,0.0,status=banner_missing; banner=0.0; parsed_body=0.0. Banner checks are advisory; review against the source before treating this as a parser defect.,119sdoc3|banner_check_missing|95|MAJORITY POLICY COMMITTEE (D)|2023|BANNER NET PAYROLL|0.0
warning,banner_check_missing,119sdoc3,GPO-CDOC-119sdoc3-1.pdf,96,MAJORITY POLICY COMMITTEE (D),2024,BANNER NET PAYROLL,127.92,status=banner_missing; banner=127.92; parsed_body=0.0. Banner checks are advisory; review against the source before treating this as a parser defect.,119sdoc3|banner_check_missing|96|MAJORITY POLICY COMMITTEE (D)|2024|BANNER NET PAYROLL|127.92
warning,banner_check_discrepancy,119sdoc3,GPO-CDOC-119sdoc3-1.pdf,96,MAJORITY POLICY COMMITTEE (D),2024,BANNER ORGANIZATION TOTALS,127.92,status=warn; banner=127.92; parsed_body=0.0. Banner checks are advisory; review against the source before treating this as a parser defect.,119sdoc3|banner_check_discrepancy|96|MAJORITY POLICY COMMITTEE (D)|2024|BANNER ORGANIZATION TOTALS|127.92
warning,banner_check_discrepancy,119sdoc3,GPO-CDOC-119sdoc3-1.pdf,97,MINORITY POLICY COMMITTEE (D),2025,BANNER NET PAYROLL,836420.37,status=fail; banner=836420.37; parsed_body=836548.29. Banner checks are advisory; review against the source before treating this as a parser defect.,119sdoc3|banner_check_discrepancy|97|MINORITY POLICY COMMITTEE (D)|2025|BANNER NET PAYROLL|836420.37
warning,banner_check_discrepancy,119sdoc3,GPO-CDOC-119sdoc3-1.pdf,97,MINORITY POLICY COMMITTEE (D),2025,BANNER ORGANIZATION TOTALS,836420.37,status=warn; banner=836420.37; parsed_body=836548.29. Banner checks are advisory; review against the source before treating this as a parser defect.,119sdoc3|banner_check_discrepancy|97|MINORITY POLICY COMMITTEE (D)|2025|BANNER ORGANIZATION TOTALS|836420.37
warning,banner_check_missing,119sdoc3,GPO-CDOC-119sdoc3-1.pdf,99,"SECRETARY, MAJORITY CONFERENCE COMM (D)",2023,BANNER NET PAYROLL,0.0,status=banner_missing; banner=0.0; parsed_body=0.0. Banner checks are advisory; review against the source before treating this as a parser defect.,"119sdoc3|banner_check_missing|99|SECRETARY, MAJORITY CONFERENCE COMM (D)|2023|BANNER NET PAYROLL|0.0"
warning,banner_check_missing,119sdoc3,GPO-CDOC-119sdoc3-1.pdf,100,"SECRETARY, MAJORITY CONFERENCE COMM (D)",2024,BANNER NET PAYROLL,0.0,status=banner_missing; banner=0.0; parsed_body=0.0. Banner checks are advisory; review against the source before treating this as a parser defect.,"119sdoc3|banner_check_missing|100|SECRETARY, MAJORITY CONFERENCE COMM (D)|2024|BANNER NET PAYROLL|0.0"
warning,banner_check_missing,119sdoc3,GPO-CDOC-119sdoc3-1.pdf,103,PRES PRO TEM EMERITUS (R),2023,BANNER NET PAYROLL,0.0,status=banner_missing; banner=0.0; parsed_body=0.0. Banner checks are advisory; review against the source before treating this as a parser defect.,119sdoc3|banner_check_missing|103|PRES PRO TEM EMERITUS (R)|2023|BANNER NET PAYROLL|0.0
warning,banner_check_missing,119sdoc3,GPO-CDOC-119sdoc3-1.pdf,104,PRES PRO TEM EMERITUS (R),2024,BANNER NET PAYROLL,0.0,status=banner_missing; banner=0.0; parsed_body=0.0. Banner checks are advisory; review against the source before treating this as a parser defect.,119sdoc3|banner_check_missing|104|PRES PRO TEM EMERITUS (R)|2024|BANNER NET PAYROLL|0.0
warning,banner_check_missing,119sdoc3,GPO-CDOC-119sdoc3-1.pdf,107,MINORITY LEADER (R),2023,BANNER NET PAYROLL,0.0,status=banner_missing; banner=0.0; parsed_body=0.0. Banner checks are advisory; review against the source before treating this as a parser defect.,119sdoc3|banner_check_missing|107|MINORITY LEADER (R)|2023|BANNER NET PAYROLL|0.0
warning,banner_check_missing,119sdoc3,GPO-CDOC-119sdoc3-1.pdf,108,MINORITY LEADER (R),2023,BANNER NET PAYROLL,0.0,status=banner_missing; banner=0.0; parsed_body=0.0. Banner checks are advisory; review against the source before treating this as a parser defect.,119sdoc3|banner_check_missing|108|MINORITY LEADER (R)|2023|BANNER NET PAYROLL|0.0
warning,banner_check_missing,119sdoc3,GPO-CDOC-119sdoc3-1.pdf,109,MINORITY LEADER (R),2024,BANNER NET PAYROLL,0.0,status=banner_missing; banner=0.0; parsed_body=0.0. Banner checks are advisory; review against the source before treating this as a parser defect.,119sdoc3|banner_check_missing|109|MINORITY LEADER (R)|2024|BANNER NET PAYROLL|0.0
warning,banner_check_missing,119sdoc3,GPO-CDOC-119sdoc3-1.pdf,112,MINORITY WHIP (R),2023,BANNER NET PAYROLL,0.0,status=banner_missing; banner=0.0; parsed_body=0.0. Banner checks are advisory; review against the source before treating this as a parser defect.,119sdoc3|banner_check_missing|112|MINORITY WHIP (R)|2023|BANNER NET PAYROLL|0.0
warning,banner_check_missing,119sdoc3,GPO-CDOC-119sdoc3-1.pdf,113,MINORITY WHIP (R),2024,BANNER NET PAYROLL,0.0,status=banner_missing; banner=0.0; parsed_body=0.0. Banner checks are advisory; review against the source before treating this as a parser defect.,119sdoc3|banner_check_missing|113|MINORITY WHIP (R)|2024|BANNER NET PAYROLL|0.0
warning,banner_check_missing,119sdoc3,GPO-CDOC-119sdoc3-1.pdf,116,MINORITY CONFERENCE COMMITTEE (R),2023,BANNER NET PAYROLL,0.0,status=banner_missing; banner=0.0; parsed_body=0.0. Banner checks are advisory; review against the source before treating this as a parser defect.,119sdoc3|banner_check_missing|116|MINORITY CONFERENCE COMMITTEE (R)|2023|BANNER NET PAYROLL|0.0
warning,banner_check_missing,119sdoc3,GPO-CDOC-119sdoc3-1.pdf,117,MINORITY CONFERENCE COMMITTEE (R),2024,BANNER NET PAYROLL,0.0,status=banner_missing; banner=0.0; parsed_body=0.0. Banner checks are advisory; review against the source before treating this as a parser defect.,119sdoc3|banner_check_missing|117|MINORITY CONFERENCE COMMITTEE (R)|2024|BANNER NET PAYROLL|0.0
warning,banner_check_missing,119sdoc3,GPO-CDOC-119sdoc3-1.pdf,119,MINORITY POLICY COMMITTEE (R),2023,BANNER NET PAYROLL,0.0,status=banner_missing; banner=0.0; parsed_body=0.0. Banner checks are advisory; review against the source before treating this as a parser defect.,119sdoc3|banner_check_missing|119|MINORITY POLICY COMMITTEE (R)|2023|BANNER NET PAYROLL|0.0
warning,banner_check_missing,119sdoc3,GPO-CDOC-119sdoc3-1.pdf,120,MINORITY POLICY COMMITTEE (R),2024,BANNER NET PAYROLL,0.0,status=banner_missing; banner=0.0; parsed_body=0.0. Banner checks are advisory; review against the source before treating this as a parser defect.,119sdoc3|banner_check_missing|120|MINORITY POLICY COMMITTEE (R)|2024|BANNER NET PAYROLL|0.0
warning,banner_check_missing,119sdoc3,GPO-CDOC-119sdoc3-1.pdf,122,"SECRETARY, MINORITY CONFERENCE COMM (R)",2023,BANNER NET PAYROLL,0.0,status=banner_missing; banner=0.0; parsed_body=0.0. Banner checks are advisory; review against the source before treating this as a parser defect.,"119sdoc3|banner_check_missing|122|SECRETARY, MINORITY CONFERENCE COMM (R)|2023|BANNER NET PAYROLL|0.0"
warning,banner_check_missing,119sdoc3,GPO-CDOC-119sdoc3-1.pdf,123,"SECRETARY, MINORITY CONFERENCE COMM (R)",2024,BANNER NET PAYROLL,0.0,status=banner_missing; banner=0.0; parsed_body=0.0. Banner checks are advisory; review against the source before treating this as a parser defect.,"119sdoc3|banner_check_missing|123|SECRETARY, MINORITY CONFERENCE COMM (R)|2024|BANNER NET PAYROLL|0.0"
warning,banner_check_missing,119sdoc3,GPO-CDOC-119sdoc3-1.pdf,125,SECRETARY FOR THE MAJORITY (D),2023,BANNER NET PAYROLL,0.0,status=banner_missing; banner=0.0; parsed_body=0.0. Banner checks are advisory; review against the source before treating this as a parser defect.,119sdoc3|banner_check_missing|125|SECRETARY FOR THE MAJORITY (D)|2023|BANNER NET PAYROLL|0.0
warning,banner_check_missing,119sdoc3,GPO-CDOC-119sdoc3-1.pdf,126,SECRETARY FOR THE MAJORITY (D),2024,BANNER NET PAYROLL,0.0,status=banner_missing; banner=0.0; parsed_body=0.0. Banner checks are advisory; review against the source before treating this as a parser defect.,119sdoc3|banner_check_missing|126|SECRETARY FOR THE MAJORITY (D)|2024|BANNER NET PAYROLL|0.0
warning,banner_check_missing,119sdoc3,GPO-CDOC-119sdoc3-1.pdf,128,SECRETARY FOR THE MINORITY (R),2023,BANNER NET PAYROLL,0.0,status=banner_missing; banner=0.0; parsed_body=0.0. Banner checks are advisory; review against the source before treating this as a parser defect.,119sdoc3|banner_check_missing|128|SECRETARY FOR THE MINORITY (R)|2023|BANNER NET PAYROLL|0.0
warning,banner_check_missing,119sdoc3,GPO-CDOC-119sdoc3-1.pdf,129,SECRETARY FOR THE MINORITY (R),2024,BANNER NET PAYROLL,0.0,status=banner_missing; banner=0.0; parsed_body=0.0. Banner checks are advisory; review against the source before treating this as a parser defect.,119sdoc3|banner_check_missing|129|SECRETARY FOR THE MINORITY (R)|2024|BANNER NET PAYROLL|0.0
warning,banner_check_missing,119sdoc3,GPO-CDOC-119sdoc3-1.pdf,131,SERGEANT AT ARMS AND DOORKEEPER OF THE SENATE,2023,BANNER NET PAYROLL,373.24,status=banner_missing; banner=373.24; parsed_body=0.0. Banner checks are advisory; review against the source before treating this as a parser defect.,119sdoc3|banner_check_missing|131|SERGEANT AT ARMS AND DOORKEEPER OF THE SENATE|2023|BANNER NET PAYROLL|373.24
warning,banner_check_discrepancy,119sdoc3,GPO-CDOC-119sdoc3-1.pdf,131,SERGEANT AT ARMS AND DOORKEEPER OF THE SENATE,2023,BANNER ORGANIZATION TOTALS,373.24,status=warn; banner=373.24; parsed_body=0.0. Banner checks are advisory; review against the source before treating this as a parser defect.,119sdoc3|banner_check_discrepancy|131|SERGEANT AT ARMS AND DOORKEEPER OF THE SENATE|2023|BANNER ORGANIZATION TOTALS|373.24
warning,banner_check_missing,119sdoc3,GPO-CDOC-119sdoc3-1.pdf,132,SERGEANT AT ARMS AND DOORKEEPER OF THE SENATE,2024,BANNER NET PAYROLL,37595.29,status=banner_missing; banner=37595.29; parsed_body=0.0. Banner checks are advisory; review against the source before treating this as a parser defect.,119sdoc3|banner_check_missing|132|SERGEANT AT ARMS AND DOORKEEPER OF THE SENATE|2024|BANNER NET PAYROLL|37595.29
warning,banner_check_discrepancy,119sdoc3,GPO-CDOC-119sdoc3-1.pdf,132,SERGEANT AT ARMS AND DOORKEEPER OF THE SENATE,2024,BANNER ORGANIZATION TOTALS,37595.29,status=warn; banner=37595.29; parsed_body=0.0. Banner checks are advisory; review against the source before treating this as a parser defect.,119sdoc3|banner_check_discrepancy|132|SERGEANT AT ARMS AND DOORKEEPER OF THE SENATE|2024|BANNER ORGANIZATION TOTALS|37595.29
warning,banner_check_discrepancy,119sdoc3,GPO-CDOC-119sdoc3-1.pdf,133,SERGEANT AT ARMS AND DOORKEEPER OF THE SENATE,2025,BANNER NET PAYROLL,56821524.96,status=fail; banner=56821524.96; parsed_body=57357023.47. Banner checks are advisory; review against the source before treating this as a parser defect.,119sdoc3|banner_check_discrepancy|133|SERGEANT AT ARMS AND DOORKEEPER OF THE SENATE|2025|BANNER NET PAYROLL|56821524.96
warning,banner_check_discrepancy,119sdoc3,GPO-CDOC-119sdoc3-1.pdf,133,SERGEANT AT ARMS AND DOORKEEPER OF THE SENATE,2025,BANNER ORGANIZATION TOTALS,56821524.96,status=warn; banner=56821524.96; parsed_body=57357023.47. Banner checks are advisory; review against the source before treating this as a parser defect.,119sdoc3|banner_check_discrepancy|133|SERGEANT AT ARMS AND DOORKEEPER OF THE SENATE|2025|BANNER ORGANIZATION TOTALS|56821524.96
warning,banner_check_missing,119sdoc3,GPO-CDOC-119sdoc3-1.pdf,157,SECRETARY OF THE SENATE,2023,BANNER NET PAYROLL,0.0,status=banner_missing; banner=0.0; parsed_body=0.0. Banner checks are advisory; review against the source before treating this as a parser defect.,119sdoc3|banner_check_missing|157|SECRETARY OF THE SENATE|2023|BANNER NET PAYROLL|0.0
warning,banner_check_missing,119sdoc3,GPO-CDOC-119sdoc3-1.pdf,158,SECRETARY OF THE SENATE,2023,BANNER NET PAYROLL,0.0,status=banner_missing; banner=0.0; parsed_body=0.0. Banner checks are advisory; review against the source before treating this as a parser defect.,119sdoc3|banner_check_missing|158|SECRETARY OF THE SENATE|2023|BANNER NET PAYROLL|0.0
warning,banner_check_missing,119sdoc3,GPO-CDOC-119sdoc3-1.pdf,159,SECRETARY OF THE SENATE,2024,BANNER NET PAYROLL,31219.79,status=banner_missing; banner=31219.79; parsed_body=0.0. Banner checks are advisory; review against the source before treating this as a parser defect.,119sdoc3|banner_check_missing|159|SECRETARY OF THE SENATE|2024|BANNER NET PAYROLL|31219.79
warning,banner_check_discrepancy,119sdoc3,GPO-CDOC-119sdoc3-1.pdf,159,SECRETARY OF THE SENATE,2024,BANNER ORGANIZATION TOTALS,31219.79,status=warn; banner=31219.79; parsed_body=0.0. Banner checks are advisory; review against the source before treating this as a parser defect.,119sdoc3|banner_check_discrepancy|159|SECRETARY OF THE SENATE|2024|BANNER ORGANIZATION TOTALS|31219.79
warning,banner_check_missing,119sdoc3,GPO-CDOC-119sdoc3-1.pdf,160,SECRETARY OF THE SENATE,2024,BANNER NET PAYROLL,0.0,status=banner_missing; banner=0.0; parsed_body=0.0. Banner checks are advisory; review against the source before treating this as a parser defect.,119sdoc3|banner_check_missing|160|SECRETARY OF THE SENATE|2024|BANNER NET PAYROLL|0.0
warning,banner_check_discrepancy,119sdoc3,GPO-CDOC-119sdoc3-1.pdf,161,SECRETARY OF THE SENATE,2025,BANNER NET PAYROLL,15551305.15,status=fail; banner=15551305.15; parsed_body=15582524.94. Banner checks are advisory; review against the source before treating this as a parser defect.,119sdoc3|banner_check_discrepancy|161|SECRETARY OF THE SENATE|2025|BANNER NET PAYROLL|15551305.15
warning,banner_check_discrepancy,119sdoc3,GPO-CDOC-119sdoc3-1.pdf,161,SECRETARY OF THE SENATE,2025,BANNER ORGANIZATION TOTALS,15551305.15,status=warn; banner=15551305.15; parsed_body=15582524.94. Banner checks are advisory; review against the source before treating this as a parser defect.,119sdoc3|banner_check_discrepancy|161|SECRETARY OF THE SENATE|2025|BANNER ORGANIZATION TOTALS|15551305.15
warning,banner_check_missing,119sdoc3,GPO-CDOC-119sdoc3-1.pdf,167,SECRETARY OF THE SENATE,,BANNER NET PAYROLL,0.0,status=banner_missing; banner=0.0; parsed_body=0.0. Banner checks are advisory; review against the source before treating this as a parser defect.,119sdoc3|banner_check_missing|167|SECRETARY OF THE SENATE||BANNER NET PAYROLL|0.0
warning,banner_check_missing,119sdoc3,GPO-CDOC-119sdoc3-1.pdf,168,PAYMENT TO NEXT OF KIN OF SENATOR,,BANNER NET PAYROLL,0.0,status=banner_missing; banner=0.0; parsed_body=0.0. Banner checks are advisory; review against the source before treating this as a parser defect.,119sdoc3|banner_check_missing|168|PAYMENT TO NEXT OF KIN OF SENATOR||BANNER NET PAYROLL|0.0
warning,banner_check_missing,119sdoc3,GPO-CDOC-119sdoc3-1.pdf,169,APPROPRIATIONS,2021,BANNER NET PAYROLL,0.0,status=banner_missing; banner=0.0; parsed_body=0.0. Banner checks are advisory; review against the source before treating this as a parser defect.,119sdoc3|banner_check_missing|169|APPROPRIATIONS|2021|BANNER NET PAYROLL|0.0
warning,banner_check_missing,119sdoc3,GPO-CDOC-119sdoc3-1.pdf,170,APPROPRIATIONS,2022,BANNER NET PAYROLL,0.0,status=banner_missing; banner=0.0; parsed_body=0.0. Banner checks are advisory; review against the source before treating this as a parser defect.,119sdoc3|banner_check_missing|170|APPROPRIATIONS|2022|BANNER NET PAYROLL|0.0
warning,banner_check_discrepancy,119sdoc3,GPO-CDOC-119sdoc3-1.pdf,170,APPROPRIATIONS,2022,BANNER ORGANIZATION TOTALS,8916.0,status=warn; banner=8916.0; parsed_body=8342.0. Banner checks are advisory; review against the source before treating this as a parser defect.,119sdoc3|banner_check_discrepancy|170|APPROPRIATIONS|2022|BANNER ORGANIZATION TOTALS|8916.0
warning,banner_check_discrepancy,119sdoc3,GPO-CDOC-119sdoc3-1.pdf,171,APPROPRIATIONS,2023,BANNER ORGANIZATION TOTALS,156490.86,status=warn; banner=156490.86; parsed_body=139788.5. Banner checks are advisory; review against the source before treating this as a parser defect.,119sdoc3|banner_check_discrepancy|171|APPROPRIATIONS|2023|BANNER ORGANIZATION TOTALS|156490.86
warning,banner_check_missing,119sdoc3,GPO-CDOC-119sdoc3-1.pdf,173,APPROPRIATIONS,2024,BANNER NET PAYROLL,0.0,status=banner_missing; banner=0.0; parsed_body=0.0. Banner checks are advisory; review against the source before treating this as a parser defect.,119sdoc3|banner_check_missing|173|APPROPRIATIONS|2024|BANNER NET PAYROLL|0.0
warning,banner_check_discrepancy,119sdoc3,GPO-CDOC-119sdoc3-1.pdf,173,APPROPRIATIONS,2024,BANNER ORGANIZATION TOTALS,32659.68,status=warn; banner=32659.68; parsed_body=1297.2. Banner checks are advisory; review against the source before treating this as a parser defect.,119sdoc3|banner_check_discrepancy|173|APPROPRIATIONS|2024|BANNER ORGANIZATION TOTALS|32659.68
warning,banner_check_discrepancy,119sdoc3,GPO-CDOC-119sdoc3-1.pdf,174,APPROPRIATIONS,2025,BANNER ORGANIZATION TOTALS,68895.65,status=warn; banner=68895.65; parsed_body=4049.09. Banner checks are advisory; review against the source before treating this as a parser defect.,119sdoc3|banner_check_discrepancy|174|APPROPRIATIONS|2025|BANNER ORGANIZATION TOTALS|68895.65
warning,banner_check_discrepancy,119sdoc3,GPO-CDOC-119sdoc3-1.pdf,178,CHAPLAIN,2023,BANNER ORGANIZATION TOTALS,3915.9,status=warn; banner=3915.9; parsed_body=20.69. Banner checks are advisory; review against the source before treating this as a parser defect.,119sdoc3|banner_check_discrepancy|178|CHAPLAIN|2023|BANNER ORGANIZATION TOTALS|3915.9
warning,banner_check_discrepancy,119sdoc3,GPO-CDOC-119sdoc3-1.pdf,179,CHAPLAIN,2024,BANNER ORGANIZATION TOTALS,1465.05,status=warn; banner=1465.05; parsed_body=16.0. Banner checks are advisory; review against the source before treating this as a parser defect.,119sdoc3|banner_check_discrepancy|179|CHAPLAIN|2024|BANNER ORGANIZATION TOTALS|1465.05
warning,banner_check_discrepancy,119sdoc3,GPO-CDOC-119sdoc3-1.pdf,180,CHAPLAIN,2025,BANNER ORGANIZATION TOTALS,1724.74,status=warn; banner=1724.74; parsed_body=35.0. Banner checks are advisory; review against the source before treating this as a parser defect.,119sdoc3|banner_check_discrepancy|180|CHAPLAIN|2025|BANNER ORGANIZATION TOTALS|1724.74
warning,banner_check_discrepancy,119sdoc3,GPO-CDOC-119sdoc3-1.pdf,182,MAJORITY CONFERENCE COMMITTEE (D),2021,BANNER ORGANIZATION TOTALS,374.86,status=warn; banner=374.86; parsed_body=294.87. Banner checks are advisory; review against the source before treating this as a parser defect.,119sdoc3|banner_check_discrepancy|182|MAJORITY CONFERENCE COMMITTEE (D)|2021|BANNER ORGANIZATION TOTALS|374.86
warning,banner_check_discrepancy,119sdoc3,GPO-CDOC-119sdoc3-1.pdf,184,MAJORITY CONFERENCE COMMITTEE (D),2023,BANNER ORGANIZATION TOTALS,2161.28,status=warn; banner=2161.28; parsed_body=163.99. Banner checks are advisory; review against the source before treating this as a parser defect.,119sdoc3|banner_check_discrepancy|184|MAJORITY CONFERENCE COMMITTEE (D)|2023|BANNER ORGANIZATION TOTALS|2161.28
warning,banner_check_discrepancy,119sdoc3,GPO-CDOC-119sdoc3-1.pdf,186,MAJORITY CONFERENCE COMMITTEE (D),2024,BANNER ORGANIZATION TOTALS,51063.49,status=warn; banner=51063.49; parsed_body=1448.15. Banner checks are advisory; review against the source before treating this as a parser defect.,119sdoc3|banner_check_discrepancy|186|MAJORITY CONFERENCE COMMITTEE (D)|2024|BANNER ORGANIZATION TOTALS|51063.49
warning,banner_check_discrepancy,119sdoc3,GPO-CDOC-119sdoc3-1.pdf,187,MINORITY CONFERENCE COMMITTEE (D),2025,BANNER ORGANIZATION TOTALS,71962.27,status=warn; banner=71962.27; parsed_body=19369.53. Banner checks are advisory; review against the source before treating this as a parser defect.,119sdoc3|banner_check_discrepancy|187|MINORITY CONFERENCE COMMITTEE (D)|2025|BANNER ORGANIZATION TOTALS|71962.27
warning,banner_check_missing,119sdoc3,GPO-CDOC-119sdoc3-1.pdf,188,MAJORITY POLICY COMMITTEE (D),2021,BANNER NET PAYROLL,0.0,status=banner_missing; banner=0.0; parsed_body=0.0. Banner checks are advisory; review against the source before treating this as a parser defect.,119sdoc3|banner_check_missing|188|MAJORITY POLICY COMMITTEE (D)|2021|BANNER NET PAYROLL|0.0
warning,banner_check_discrepancy,119sdoc3,GPO-CDOC-119sdoc3-1.pdf,188,MAJORITY POLICY COMMITTEE (D),2021,BANNER ORGANIZATION TOTALS,5862.93,status=warn; banner=5862.93; parsed_body=3117.98. Banner checks are advisory; review against the source before treating this as a parser defect.,119sdoc3|banner_check_discrepancy|188|MAJORITY POLICY COMMITTEE (D)|2021|BANNER ORGANIZATION TOTALS|5862.93
warning,banner_check_missing,119sdoc3,GPO-CDOC-119sdoc3-1.pdf,189,MAJORITY POLICY COMMITTEE (D),2022,BANNER NET PAYROLL,0.0,status=banner_missing; banner=0.0; parsed_body=0.0. Banner checks are advisory; review against the source before treating this as a parser defect.,119sdoc3|banner_check_missing|189|MAJORITY POLICY COMMITTEE (D)|2022|BANNER NET PAYROLL|0.0
warning,banner_check_discrepancy,119sdoc3,GPO-CDOC-119sdoc3-1.pdf,190,MAJORITY POLICY COMMITTEE (D),2023,BANNER ORGANIZATION TOTALS,23408.0,status=warn; banner=23408.0; parsed_body=0.0. Banner checks are advisory; review against the source before treating this as a parser defect.,119sdoc3|banner_check_discrepancy|190|MAJORITY POLICY COMMITTEE (D)|2023|BANNER ORGANIZATION TOTALS|23408.0
warning,banner_check_discrepancy,119sdoc3,GPO-CDOC-119sdoc3-1.pdf,191,MAJORITY POLICY COMMITTEE (D),2024,BANNER ORGANIZATION TOTALS,3707.58,status=warn; banner=3707.58; parsed_body=1059.38. Banner checks are advisory; review against the source before treating this as a parser defect.,119sdoc3|banner_check_discrepancy|191|MAJORITY POLICY COMMITTEE (D)|2024|BANNER ORGANIZATION TOTALS|3707.58
warning,banner_check_discrepancy,119sdoc3,GPO-CDOC-119sdoc3-1.pdf,192,MINORITY POLICY COMMITTEE (D),2025,BANNER ORGANIZATION TOTALS,5087.54,status=warn; banner=5087.54; parsed_body=300.0. Banner checks are advisory; review against the source before treating this as a parser defect.,119sdoc3|banner_check_discrepancy|192|MINORITY POLICY COMMITTEE (D)|2025|BANNER ORGANIZATION TOTALS|5087.54
warning,banner_check_missing,119sdoc3,GPO-CDOC-119sdoc3-1.pdf,194,MINORITY LEADER (R),2023,BANNER NET PAYROLL,0.0,status=banner_missing; banner=0.0; parsed_body=0.0. Banner checks are advisory; review against the source before treating this as a parser defect.,119sdoc3|banner_check_missing|194|MINORITY LEADER (R)|2023|BANNER NET PAYROLL|0.0
warning,banner_check_discrepancy,119sdoc3,GPO-CDOC-119sdoc3-1.pdf,195,MINORITY LEADER (R),2024,BANNER ORGANIZATION TOTALS,5190.1,status=warn; banner=5190.1; parsed_body=1907.65. Banner checks are advisory; review against the source before treating this as a parser defect.,119sdoc3|banner_check_discrepancy|195|MINORITY LEADER (R)|2024|BANNER ORGANIZATION TOTALS|5190.1
warning,banner_check_discrepancy,119sdoc3,GPO-CDOC-119sdoc3-1.pdf,197,MAJORITY LEADER (R),2025,BANNER ORGANIZATION TOTALS,24166.01,status=warn; banner=24166.01; parsed_body=438.21. Banner checks are advisory; review against the source before treating this as a parser defect.,119sdoc3|banner_check_discrepancy|197|MAJORITY LEADER (R)|2025|BANNER ORGANIZATION TOTALS|24166.01
warning,banner_check_discrepancy,119sdoc3,GPO-CDOC-119sdoc3-1.pdf,199,MINORITY WHIP (R),2024,BANNER ORGANIZATION TOTALS,5025.95,status=warn; banner=5025.95; parsed_body=2451.27. Banner checks are advisory; review against the source before treating this as a parser defect.,119sdoc3|banner_check_discrepancy|199|MINORITY WHIP (R)|2024|BANNER ORGANIZATION TOTALS|5025.95
warning,banner_check_discrepancy,119sdoc3,GPO-CDOC-119sdoc3-1.pdf,200,MAJORITY WHIP (R),2025,BANNER ORGANIZATION TOTALS,5835.46,status=warn; banner=5835.46; parsed_body=1599.22. Banner checks are advisory; review against the source before treating this as a parser defect.,119sdoc3|banner_check_discrepancy|200|MAJORITY WHIP (R)|2025|BANNER ORGANIZATION TOTALS|5835.46
warning,banner_check_missing,119sdoc3,GPO-CDOC-119sdoc3-1.pdf,201,MINORITY CONFERENCE COMMITTEE (R),2021,BANNER NET PAYROLL,0.0,status=banner_missing; banner=0.0; parsed_body=0.0. Banner checks are advisory; review against the source before treating this as a parser defect.,119sdoc3|banner_check_missing|201|MINORITY CONFERENCE COMMITTEE (R)|2021|BANNER NET PAYROLL|0.0
warning,banner_check_discrepancy,119sdoc3,GPO-CDOC-119sdoc3-1.pdf,202,MINORITY CONFERENCE COMMITTEE (R),2022,BANNER ORGANIZATION TOTALS,9890.84,status=warn; banner=9890.84; parsed_body=3461.15. Banner checks are advisory; review against the source before treating this as a parser defect.,119sdoc3|banner_check_discrepancy|202|MINORITY CONFERENCE COMMITTEE (R)|2022|BANNER ORGANIZATION TOTALS|9890.84
warning,banner_check_missing,119sdoc3,GPO-CDOC-119sdoc3-1.pdf,203,MINORITY CONFERENCE COMMITTEE (R),2023,BANNER NET PAYROLL,0.0,status=banner_missing; banner=0.0; parsed_body=0.0. Banner checks are advisory; review against the source before treating this as a parser defect.,119sdoc3|banner_check_missing|203|MINORITY CONFERENCE COMMITTEE (R)|2023|BANNER NET PAYROLL|0.0
warning,banner_check_discrepancy,119sdoc3,GPO-CDOC-119sdoc3-1.pdf,204,MINORITY CONFERENCE COMMITTEE (R),2023,BANNER ORGANIZATION TOTALS,18006.74,status=warn; banner=18006.74; parsed_body=12426.74. Banner checks are advisory; review against the source before treating this as a parser defect.,119sdoc3|banner_check_discrepancy|204|MINORITY CONFERENCE COMMITTEE (R)|2023|BANNER ORGANIZATION TOTALS|18006.74
warning,banner_check_discrepancy,119sdoc3,GPO-CDOC-119sdoc3-1.pdf,207,MINORITY CONFERENCE COMMITTEE (R),2024,BANNER ORGANIZATION TOTALS,149.1,status=warn; banner=149.1; parsed_body=0.0. Banner checks are advisory; review against the source before treating this as a parser defect.,119sdoc3|banner_check_discrepancy|207|MINORITY CONFERENCE COMMITTEE (R)|2024|BANNER ORGANIZATION TOTALS|149.1
warning,banner_check_discrepancy,119sdoc3,GPO-CDOC-119sdoc3-1.pdf,208,MAJORITY CONFERENCE COMMITTEE (R),2025,BANNER ORGANIZATION TOTALS,6282.03,status=warn; banner=6282.03; parsed_body=2184.87. Banner checks are advisory; review against the source before treating this as a parser defect.,119sdoc3|banner_check_discrepancy|208|MAJORITY CONFERENCE COMMITTEE (R)|2025|BANNER ORGANIZATION TOTALS|6282.03
warning,banner_check_missing,119sdoc3,GPO-CDOC-119sdoc3-1.pdf,209,MINORITY POLICY COMMITTEE (R),2021,BANNER NET PAYROLL,0.0,status=banner_missing; banner=0.0; parsed_body=0.0. Banner checks are advisory; review against the source before treating this as a parser defect.,119sdoc3|banner_check_missing|209|MINORITY POLICY COMMITTEE (R)|2021|BANNER NET PAYROLL|0.0
warning,banner_check_missing,119sdoc3,GPO-CDOC-119sdoc3-1.pdf,210,MINORITY POLICY COMMITTEE (R),2022,BANNER NET PAYROLL,0.0,status=banner_missing; banner=0.0; parsed_body=0.0. Banner checks are advisory; review against the source before treating this as a parser defect.,119sdoc3|banner_check_missing|210|MINORITY POLICY COMMITTEE (R)|2022|BANNER NET PAYROLL|0.0
warning,banner_check_discrepancy,119sdoc3,GPO-CDOC-119sdoc3-1.pdf,211,MINORITY POLICY COMMITTEE (R),2023,BANNER ORGANIZATION TOTALS,205.95,status=warn; banner=205.95; parsed_body=16.21. Banner checks are advisory; review against the source before treating this as a parser defect.,119sdoc3|banner_check_discrepancy|211|MINORITY POLICY COMMITTEE (R)|2023|BANNER ORGANIZATION TOTALS|205.95
warning,banner_check_missing,119sdoc3,GPO-CDOC-119sdoc3-1.pdf,212,MINORITY POLICY COMMITTEE (R),2023,BANNER NET PAYROLL,0.0,status=banner_missing; banner=0.0; parsed_body=0.0. Banner checks are advisory; review against the source before treating this as a parser defect.,119sdoc3|banner_check_missing|212|MINORITY POLICY COMMITTEE (R)|2023|BANNER NET PAYROLL|0.0
warning,banner_check_missing,119sdoc3,GPO-CDOC-119sdoc3-1.pdf,213,MINORITY POLICY COMMITTEE (R),2024,BANNER NET PAYROLL,0.0,status=banner_missing; banner=0.0; parsed_body=0.0. Banner checks are advisory; review against the source before treating this as a parser defect.,119sdoc3|banner_check_missing|213|MINORITY POLICY COMMITTEE (R)|2024|BANNER NET PAYROLL|0.0
warning,banner_check_discrepancy,119sdoc3,GPO-CDOC-119sdoc3-1.pdf,213,MINORITY POLICY COMMITTEE (R),2024,BANNER ORGANIZATION TOTALS,10776.63,status=warn; banner=10776.63; parsed_body=1421.66. Banner checks are advisory; review against the source before treating this as a parser defect.,119sdoc3|banner_check_discrepancy|213|MINORITY POLICY COMMITTEE (R)|2024|BANNER ORGANIZATION TOTALS|10776.63
warning,banner_check_discrepancy,119sdoc3,GPO-CDOC-119sdoc3-1.pdf,214,MINORITY POLICY COMMITTEE (R),2024,BANNER ORGANIZATION TOTALS,326.47,status=warn; banner=326.47; parsed_body=0.0. Banner checks are advisory; review against the source before treating this as a parser defect.,119sdoc3|banner_check_discrepancy|214|MINORITY POLICY COMMITTEE (R)|2024|BANNER ORGANIZATION TOTALS|326.47
warning,banner_check_discrepancy,119sdoc3,GPO-CDOC-119sdoc3-1.pdf,215,MAJORITY POLICY COMMITTEE (R),2025,BANNER ORGANIZATION TOTALS,34727.77,status=warn; banner=34727.77; parsed_body=1610.12. Banner checks are advisory; review against the source before treating this as a parser defect.,119sdoc3|banner_check_discrepancy|215|MAJORITY POLICY COMMITTEE (R)|2025|BANNER ORGANIZATION TOTALS|34727.77
warning,banner_check_discrepancy,119sdoc3,GPO-CDOC-119sdoc3-1.pdf,217,SECRETARY FOR THE MINORITY (R),2024,BANNER ORGANIZATION TOTALS,32822.73,status=warn; banner=32822.73; parsed_body=31506.7. Banner checks are advisory; review against the source before treating this as a parser defect.,119sdoc3|banner_check_discrepancy|217|SECRETARY FOR THE MINORITY (R)|2024|BANNER ORGANIZATION TOTALS|32822.73
warning,banner_check_missing,119sdoc3,GPO-CDOC-119sdoc3-1.pdf,218,SENATE CHILD CARE CENTER,2021,BANNER NET PAYROLL,0.0,status=banner_missing; banner=0.0; parsed_body=0.0. Banner checks are advisory; review against the source before treating this as a parser defect.,119sdoc3|banner_check_missing|218|SENATE CHILD CARE CENTER|2021|BANNER NET PAYROLL|0.0
warning,banner_check_discrepancy,119sdoc3,GPO-CDOC-119sdoc3-1.pdf,218,SENATE CHILD CARE CENTER,2021,BANNER ORGANIZATION TOTALS,224.08,status=fail; banner=224.08; parsed_body=0.0. Banner checks are advisory; review against the source before treating this as a parser defect.,119sdoc3|banner_check_discrepancy|218|SENATE CHILD CARE CENTER|2021|BANNER ORGANIZATION TOTALS|224.08
warning,banner_check_missing,119sdoc3,GPO-CDOC-119sdoc3-1.pdf,219,SENATE CHILD CARE – AGENCY CONTRIBUTIONS – P.L. 102-90,2022,BANNER NET PAYROLL,0.0,status=banner_missing; banner=0.0; parsed_body=0.0. Banner checks are advisory; review against the source before treating this as a parser defect.,119sdoc3|banner_check_missing|219|SENATE CHILD CARE – AGENCY CONTRIBUTIONS – P.L. 102-90|2022|BANNER NET PAYROLL|0.0
warning,banner_check_discrepancy,119sdoc3,GPO-CDOC-119sdoc3-1.pdf,219,SENATE CHILD CARE – AGENCY CONTRIBUTIONS – P.L. 102-90,2022,BANNER ORGANIZATION TOTALS,900.92,status=fail; banner=900.92; parsed_body=0.0. Banner checks are advisory; review against the source before treating this as a parser defect.,119sdoc3|banner_check_discrepancy|219|SENATE CHILD CARE – AGENCY CONTRIBUTIONS – P.L. 102-90|2022|BANNER ORGANIZATION TOTALS|900.92
warning,banner_check_discrepancy,119sdoc3,GPO-CDOC-119sdoc3-1.pdf,225,SENATE CHILD CARE – AGENCY CONTRIBUTIONS – P.L. 102-90,2024,BANNER NET PAYROLL,3678.31,status=fail; banner=3678.31; parsed_body=8772.91. Banner checks are advisory; review against the source before treating this as a parser defect.,119sdoc3|banner_check_discrepancy|225|SENATE CHILD CARE – AGENCY CONTRIBUTIONS – P.L. 102-90|2024|BANNER NET PAYROLL|3678.31
warning,banner_check_discrepancy,119sdoc3,GPO-CDOC-119sdoc3-1.pdf,225,SENATE CHILD CARE – AGENCY CONTRIBUTIONS – P.L. 102-90,2024,BANNER ORGANIZATION TOTALS,38677.17,status=fail; banner=38677.17; parsed_body=8772.91. Banner checks are advisory; review against the source before treating this as a parser defect.,119sdoc3|banner_check_discrepancy|225|SENATE CHILD CARE – AGENCY CONTRIBUTIONS – P.L. 102-90|2024|BANNER ORGANIZATION TOTALS|38677.17
warning,banner_check_discrepancy,119sdoc3,GPO-CDOC-119sdoc3-1.pdf,226,SENATE CHILD CARE – SALARY REIMBURSEMENT – S. RES. 329,2024,BANNER ORGANIZATION TOTALS,9096.99,status=fail; banner=9096.99; parsed_body=0.0. Banner checks are advisory; review against the source before treating this as a parser defect.,119sdoc3|banner_check_discrepancy|226|SENATE CHILD CARE – SALARY REIMBURSEMENT – S. RES. 329|2024|BANNER ORGANIZATION TOTALS|9096.99
warning,banner_check_missing,119sdoc3,GPO-CDOC-119sdoc3-1.pdf,228,SENATE CHILD CARE – AGENCY CONTRIBUTIONS – P.L. 102-90,2025,BANNER NET PAYROLL,63065.2,status=banner_missing; banner=63065.2; parsed_body=0.0. Banner checks are advisory; review against the source before treating this as a parser defect.,119sdoc3|banner_check_missing|228|SENATE CHILD CARE – AGENCY CONTRIBUTIONS – P.L. 102-90|2025|BANNER NET PAYROLL|63065.2
warning,banner_check_discrepancy,119sdoc3,GPO-CDOC-119sdoc3-1.pdf,228,SENATE CHILD CARE – AGENCY CONTRIBUTIONS – P.L. 102-90,2025,BANNER ORGANIZATION TOTALS,155824.21,status=fail; banner=155824.21; parsed_body=0.0. Banner checks are advisory; review against the source before treating this as a parser defect.,119sdoc3|banner_check_discrepancy|228|SENATE CHILD CARE – AGENCY CONTRIBUTIONS – P.L. 102-90|2025|BANNER ORGANIZATION TOTALS|155824.21
warning,banner_check_discrepancy,119sdoc3,GPO-CDOC-119sdoc3-1.pdf,229,SENATE CHILD CARE – SALARY REIMBURSEMENT – S. RES. 329,2025,BANNER ORGANIZATION TOTALS,90969.9,status=fail; banner=90969.9; parsed_body=0.0. Banner checks are advisory; review against the source before treating this as a parser defect.,119sdoc3|banner_check_discrepancy|229|SENATE CHILD CARE – SALARY REIMBURSEMENT – S. RES. 329|2025|BANNER ORGANIZATION TOTALS|90969.9
warning,banner_check_missing,119sdoc3,GPO-CDOC-119sdoc3-1.pdf,231,CONSULTANTS,2021,BANNER NET PAYROLL,0.0,status=banner_missing; banner=0.0; parsed_body=0.0. Banner checks are advisory; review against the source before treating this as a parser defect.,119sdoc3|banner_check_missing|231|CONSULTANTS|2021|BANNER NET PAYROLL|0.0
warning,banner_check_missing,119sdoc3,GPO-CDOC-119sdoc3-1.pdf,232,CONSULTANTS,2022,BANNER NET PAYROLL,0.0,status=banner_missing; banner=0.0; parsed_body=0.0. Banner checks are advisory; review against the source before treating this as a parser defect.,119sdoc3|banner_check_missing|232|CONSULTANTS|2022|BANNER NET PAYROLL|0.0
warning,banner_check_missing,119sdoc3,GPO-CDOC-119sdoc3-1.pdf,233,CONSULTANTS,2023,BANNER NET PAYROLL,1700000.0,status=banner_missing; banner=1700000.0; parsed_body=0.0. Banner checks are advisory; review against the source before treating this as a parser defect.,119sdoc3|banner_check_missing|233|CONSULTANTS|2023|BANNER NET PAYROLL|1700000.0
warning,banner_check_discrepancy,119sdoc3,GPO-CDOC-119sdoc3-1.pdf,233,CONSULTANTS,2023,BANNER ORGANIZATION TOTALS,1700000.0,status=warn; banner=1700000.0; parsed_body=0.0. Banner checks are advisory; review against the source before treating this as a parser defect.,119sdoc3|banner_check_discrepancy|233|CONSULTANTS|2023|BANNER ORGANIZATION TOTALS|1700000.0
warning,banner_check_missing,119sdoc3,GPO-CDOC-119sdoc3-1.pdf,234,CONSULTANTS,2024,BANNER NET PAYROLL,0.0,status=banner_missing; banner=0.0; parsed_body=0.0. Banner checks are advisory; review against the source before treating this as a parser defect.,119sdoc3|banner_check_missing|234|CONSULTANTS|2024|BANNER NET PAYROLL|0.0
warning,banner_check_discrepancy,119sdoc3,GPO-CDOC-119sdoc3-1.pdf,235,CONSULTANTS,2025,BANNER NET PAYROLL,2246748.35,status=fail; banner=2246748.35; parsed_body=3946748.35. Banner checks are advisory; review against the source before treating this as a parser defect.,119sdoc3|banner_check_discrepancy|235|CONSULTANTS|2025|BANNER NET PAYROLL|2246748.35
warning,banner_check_discrepancy,119sdoc3,GPO-CDOC-119sdoc3-1.pdf,235,CONSULTANTS,2025,BANNER ORGANIZATION TOTALS,2246748.35,status=warn; banner=2246748.35; parsed_body=3946748.35. Banner checks are advisory; review against the source before treating this as a parser defect.,119sdoc3|banner_check_discrepancy|235|CONSULTANTS|2025|BANNER ORGANIZATION TOTALS|2246748.35
warning,banner_check_missing,119sdoc3,GPO-CDOC-119sdoc3-1.pdf,237,FEDERAL EMPLOYEES COMPENSATION ACCOUNT,2021,BANNER NET PAYROLL,0.0,status=banner_missing; banner=0.0; parsed_body=0.0. Banner checks are advisory; review against the source before treating this as a parser defect.,119sdoc3|banner_check_missing|237|FEDERAL EMPLOYEES COMPENSATION ACCOUNT|2021|BANNER NET PAYROLL|0.0
warning,banner_check_discrepancy,119sdoc3,GPO-CDOC-119sdoc3-1.pdf,255,MOBILE COMMUNICATIONS DEVICES,2024,BANNER ORGANIZATION TOTALS,1920.39,status=fail; banner=1920.39; parsed_body=5271.29. Banner checks are advisory; review against the source before treating this as a parser defect.,119sdoc3|banner_check_discrepancy|255|MOBILE COMMUNICATIONS DEVICES|2024|BANNER ORGANIZATION TOTALS|1920.39
warning,banner_check_discrepancy,119sdoc3,GPO-CDOC-119sdoc3-1.pdf,256,MOBILE COMMUNICATIONS DEVICES,2025,BANNER ORGANIZATION TOTALS,19661.71,status=warn; banner=19661.71; parsed_body=0.0. Banner checks are advisory; review against the source before treating this as a parser defect.,119sdoc3|banner_check_discrepancy|256|MOBILE COMMUNICATIONS DEVICES|2025|BANNER ORGANIZATION TOTALS|19661.71
warning,banner_check_missing,119sdoc3,GPO-CDOC-119sdoc3-1.pdf,257,RESERVE FOR CONTINGENCIES,2021,BANNER NET PAYROLL,0.0,status=banner_missing; banner=0.0; parsed_body=0.0. Banner checks are advisory; review against the source before treating this as a parser defect.,119sdoc3|banner_check_missing|257|RESERVE FOR CONTINGENCIES|2021|BANNER NET PAYROLL|0.0
warning,banner_check_missing,119sdoc3,GPO-CDOC-119sdoc3-1.pdf,258,RESERVE FOR CONTINGENCIES,2022,BANNER NET PAYROLL,0.0,status=banner_missing; banner=0.0; parsed_body=0.0. Banner checks are advisory; review against the source before treating this as a parser defect.,119sdoc3|banner_check_missing|258|RESERVE FOR CONTINGENCIES|2022|BANNER NET PAYROLL|0.0
warning,banner_check_discrepancy,119sdoc3,GPO-CDOC-119sdoc3-1.pdf,259,RESERVE FOR CONTINGENCIES,2023,BANNER ORGANIZATION TOTALS,133296.13,status=fail; banner=133296.13; parsed_body=216892.67. Banner checks are advisory; review against the source before treating this as a parser defect.,119sdoc3|banner_check_discrepancy|259|RESERVE FOR CONTINGENCIES|2023|BANNER ORGANIZATION TOTALS|133296.13
warning,banner_check_missing,119sdoc3,GPO-CDOC-119sdoc3-1.pdf,260,RESERVE FOR CONTINGENCIES,2024,BANNER NET PAYROLL,0.0,status=banner_missing; banner=0.0; parsed_body=0.0. Banner checks are advisory; review against the source before treating this as a parser defect.,119sdoc3|banner_check_missing|260|RESERVE FOR CONTINGENCIES|2024|BANNER NET PAYROLL|0.0
warning,banner_check_discrepancy,119sdoc3,GPO-CDOC-119sdoc3-1.pdf,260,RESERVE FOR CONTINGENCIES,2024,BANNER ORGANIZATION TOTALS,93864.6,status=fail; banner=93864.6; parsed_body=93117.82. Banner checks are advisory; review against the source before treating this as a parser defect.,119sdoc3|banner_check_discrepancy|260|RESERVE FOR CONTINGENCIES|2024|BANNER ORGANIZATION TOTALS|93864.6
warning,banner_check_discrepancy,119sdoc3,GPO-CDOC-119sdoc3-1.pdf,261,RESERVE FOR CONTINGENCIES,2025,BANNER ORGANIZATION TOTALS,5952.5,status=fail; banner=5952.5; parsed_body=4518.29. Banner checks are advisory; review against the source before treating this as a parser defect.,119sdoc3|banner_check_discrepancy|261|RESERVE FOR CONTINGENCIES|2025|BANNER ORGANIZATION TOTALS|5952.5
warning,banner_check_discrepancy,119sdoc3,GPO-CDOC-119sdoc3-1.pdf,265,RECEPTION OF FOREIGN DIGNITARIES,2024,BANNER ORGANIZATION TOTALS,690.5,status=warn; banner=690.5; parsed_body=0.0. Banner checks are advisory; review against the source before treating this as a parser defect.,119sdoc3|banner_check_discrepancy|265|RECEPTION OF FOREIGN DIGNITARIES|2024|BANNER ORGANIZATION TOTALS|690.5
warning,banner_check_missing,119sdoc3,GPO-CDOC-119sdoc3-1.pdf,267,RESOLUTION AND REORGANIZATION RESERVE,2021,BANNER NET PAYROLL,400000.0,status=banner_missing; banner=400000.0; parsed_body=0.0. Banner checks are advisory; review against the source before treating this as a parser defect.,119sdoc3|banner_check_missing|267|RESOLUTION AND REORGANIZATION RESERVE|2021|BANNER NET PAYROLL|400000.0
warning,banner_check_discrepancy,119sdoc3,GPO-CDOC-119sdoc3-1.pdf,267,RESOLUTION AND REORGANIZATION RESERVE,2021,BANNER ORGANIZATION TOTALS,400000.0,status=warn; banner=400000.0; parsed_body=0.0. Banner checks are advisory; review against the source before treating this as a parser defect.,119sdoc3|banner_check_discrepancy|267|RESOLUTION AND REORGANIZATION RESERVE|2021|BANNER ORGANIZATION TOTALS|400000.0
warning,banner_check_missing,119sdoc3,GPO-CDOC-119sdoc3-1.pdf,269,RESOLUTION AND REORGANIZATION RESERVE,2023,BANNER NET PAYROLL,3400000.0,status=banner_missing; banner=3400000.0; parsed_body=0.0. Banner checks are advisory; review against the source before treating this as a parser defect.,119sdoc3|banner_check_missing|269|RESOLUTION AND REORGANIZATION RESERVE|2023|BANNER NET PAYROLL|3400000.0
warning,banner_check_discrepancy,119sdoc3,GPO-CDOC-119sdoc3-1.pdf,269,RESOLUTION AND REORGANIZATION RESERVE,2023,BANNER ORGANIZATION TOTALS,3400000.0,status=warn; banner=3400000.0; parsed_body=0.0. Banner checks are advisory; review against the source before treating this as a parser defect.,119sdoc3|banner_check_discrepancy|269|RESOLUTION AND REORGANIZATION RESERVE|2023|BANNER ORGANIZATION TOTALS|3400000.0
warning,banner_check_discrepancy,119sdoc3,GPO-CDOC-119sdoc3-1.pdf,270,RESOLUTION AND REORGANIZATION RESERVE,2024,BANNER NET PAYROLL,3764682.53,status=fail; banner=3764682.53; parsed_body=64682.53. Banner checks are advisory; review against the source before treating this as a parser defect.,119sdoc3|banner_check_discrepancy|270|RESOLUTION AND REORGANIZATION RESERVE|2024|BANNER NET PAYROLL|3764682.53
warning,banner_check_discrepancy,119sdoc3,GPO-CDOC-119sdoc3-1.pdf,270,RESOLUTION AND REORGANIZATION RESERVE,2024,BANNER ORGANIZATION TOTALS,3766222.82,status=warn; banner=3766222.82; parsed_body=64809.49. Banner checks are advisory; review against the source before treating this as a parser defect.,119sdoc3|banner_check_discrepancy|270|RESOLUTION AND REORGANIZATION RESERVE|2024|BANNER ORGANIZATION TOTALS|3766222.82
warning,banner_check_discrepancy,119sdoc3,GPO-CDOC-119sdoc3-1.pdf,271,RESOLUTION AND REORGANIZATION RESERVE,2025,BANNER NET PAYROLL,948872.37,status=fail; banner=948872.37; parsed_body=8442984.37. Banner checks are advisory; review against the source before treating this as a parser defect.,119sdoc3|banner_check_discrepancy|271|RESOLUTION AND REORGANIZATION RESERVE|2025|BANNER NET PAYROLL|948872.37
warning,banner_check_discrepancy,119sdoc3,GPO-CDOC-119sdoc3-1.pdf,271,RESOLUTION AND REORGANIZATION RESERVE,2025,BANNER ORGANIZATION TOTALS,981240.31,status=warn; banner=981240.31; parsed_body=8448775.31. Banner checks are advisory; review against the source before treating this as a parser defect.,119sdoc3|banner_check_discrepancy|271|RESOLUTION AND REORGANIZATION RESERVE|2025|BANNER ORGANIZATION TOTALS|981240.31
warning,banner_check_missing,119sdoc3,GPO-CDOC-119sdoc3-1.pdf,282,NATL SECURITY WORKING GRP-MAJ ADMIN CO-CHAIR (FEINSTEIN),2021,BANNER NET PAYROLL,0.0,status=banner_missing; banner=0.0; parsed_body=0.0. Banner checks are advisory; review against the source before treating this as a parser defect.,119sdoc3|banner_check_missing|282|NATL SECURITY WORKING GRP-MAJ ADMIN CO-CHAIR (FEINSTEIN)|2021|BANNER NET PAYROLL|0.0
warning,banner_check_missing,119sdoc3,GPO-CDOC-119sdoc3-1.pdf,283,NATL SECURITY WORKING GRP-MAJ ADMIN CO-CHAIR (FEINSTEIN),2022,BANNER NET PAYROLL,0.0,status=banner_missing; banner=0.0; parsed_body=0.0. Banner checks are advisory; review against the source before treating this as a parser defect.,119sdoc3|banner_check_missing|283|NATL SECURITY WORKING GRP-MAJ ADMIN CO-CHAIR (FEINSTEIN)|2022|BANNER NET PAYROLL|0.0
warning,banner_check_missing,119sdoc3,GPO-CDOC-119sdoc3-1.pdf,284,NATL SECURITY WORKING GRP-MAJ ADMIN CO-CHAIR (FEINSTEIN),2023,BANNER NET PAYROLL,0.0,status=banner_missing; banner=0.0; parsed_body=0.0. Banner checks are advisory; review against the source before treating this as a parser defect.,119sdoc3|banner_check_missing|284|NATL SECURITY WORKING GRP-MAJ ADMIN CO-CHAIR (FEINSTEIN)|2023|BANNER NET PAYROLL|0.0
warning,banner_check_missing,119sdoc3,GPO-CDOC-119sdoc3-1.pdf,287,NATL SECURITY WORKING GRP-MAJ CO- CHAIR (DURBIN),2021,BANNER NET PAYROLL,0.0,status=banner_missing; banner=0.0; parsed_body=0.0. Banner checks are advisory; review against the source before treating this as a parser defect.,119sdoc3|banner_check_missing|287|NATL SECURITY WORKING GRP-MAJ CO- CHAIR (DURBIN)|2021|BANNER NET PAYROLL|0.0
warning,banner_check_missing,119sdoc3,GPO-CDOC-119sdoc3-1.pdf,288,NATL SECURITY WORKING GRP-MAJ CO- CHAIR (DURBIN),2022,BANNER NET PAYROLL,0.0,status=banner_missing; banner=0.0; parsed_body=0.0. Banner checks are advisory; review against the source before treating this as a parser defect.,119sdoc3|banner_check_missing|288|NATL SECURITY WORKING GRP-MAJ CO- CHAIR (DURBIN)|2022|BANNER NET PAYROLL|0.0
warning,banner_check_missing,119sdoc3,GPO-CDOC-119sdoc3-1.pdf,289,NATL SECURITY WORKING GRP-MAJ CO- CHAIR (DURBIN),2023,BANNER NET PAYROLL,0.0,status=banner_missing; banner=0.0; parsed_body=0.0. Banner checks are advisory; review against the source before treating this as a parser defect.,119sdoc3|banner_check_missing|289|NATL SECURITY WORKING GRP-MAJ CO- CHAIR (DURBIN)|2023|BANNER NET PAYROLL|0.0
warning,banner_check_missing,119sdoc3,GPO-CDOC-119sdoc3-1.pdf,290,NATL SECURITY WORKING GRP-MAJ CO- CHAIR (DURBIN),2024,BANNER NET PAYROLL,0.0,status=banner_missing; banner=0.0; parsed_body=0.0. Banner checks are advisory; review against the source before treating this as a parser defect.,119sdoc3|banner_check_missing|290|NATL SECURITY WORKING GRP-MAJ CO- CHAIR (DURBIN)|2024|BANNER NET PAYROLL|0.0
warning,banner_check_missing,119sdoc3,GPO-CDOC-119sdoc3-1.pdf,292,NATL SECURITY WORKING GRP-MAJ CO- CHAIR (REED),2021,BANNER NET PAYROLL,0.0,status=banner_missing; banner=0.0; parsed_body=0.0. Banner checks are advisory; review against the source before treating this as a parser defect.,119sdoc3|banner_check_missing|292|NATL SECURITY WORKING GRP-MAJ CO- CHAIR (REED)|2021|BANNER NET PAYROLL|0.0
warning,banner_check_missing,119sdoc3,GPO-CDOC-119sdoc3-1.pdf,293,NATL SECURITY WORKING GRP-MAJ CO- CHAIR (REED),2022,BANNER NET PAYROLL,0.0,status=banner_missing; banner=0.0; parsed_body=0.0. Banner checks are advisory; review against the source before treating this as a parser defect.,119sdoc3|banner_check_missing|293|NATL SECURITY WORKING GRP-MAJ CO- CHAIR (REED)|2022|BANNER NET PAYROLL|0.0
warning,banner_check_missing,119sdoc3,GPO-CDOC-119sdoc3-1.pdf,297,NATL SECURITY WORKING GRP-MAJ CO- CHAIR (MENENDEZ),2021,BANNER NET PAYROLL,0.0,status=banner_missing; banner=0.0; parsed_body=0.0. Banner checks are advisory; review against the source before treating this as a parser defect.,119sdoc3|banner_check_missing|297|NATL SECURITY WORKING GRP-MAJ CO- CHAIR (MENENDEZ)|2021|BANNER NET PAYROLL|0.0
warning,banner_check_missing,119sdoc3,GPO-CDOC-119sdoc3-1.pdf,298,NATL SECURITY WORKING GRP-MAJ CO- CHAIR (MENENDEZ),2022,BANNER NET PAYROLL,0.0,status=banner_missing; banner=0.0; parsed_body=0.0. Banner checks are advisory; review against the source before treating this as a parser defect.,119sdoc3|banner_check_missing|298|NATL SECURITY WORKING GRP-MAJ CO- CHAIR (MENENDEZ)|2022|BANNER NET PAYROLL|0.0
warning,banner_check_missing,119sdoc3,GPO-CDOC-119sdoc3-1.pdf,301,NATL SECURITY WORKING GRP-MAJ LEADER (SCHUMER),2021,BANNER NET PAYROLL,0.0,status=banner_missing; banner=0.0; parsed_body=0.0. Banner checks are advisory; review against the source before treating this as a parser defect.,119sdoc3|banner_check_missing|301|NATL SECURITY WORKING GRP-MAJ LEADER (SCHUMER)|2021|BANNER NET PAYROLL|0.0
warning,banner_check_missing,119sdoc3,GPO-CDOC-119sdoc3-1.pdf,302,NATL SECURITY WORKING GRP-MAJ LEADER (SCHUMER),2022,BANNER NET PAYROLL,0.0,status=banner_missing; banner=0.0; parsed_body=0.0. Banner checks are advisory; review against the source before treating this as a parser defect.,119sdoc3|banner_check_missing|302|NATL SECURITY WORKING GRP-MAJ LEADER (SCHUMER)|2022|BANNER NET PAYROLL|0.0
warning,banner_check_missing,119sdoc3,GPO-CDOC-119sdoc3-1.pdf,303,NATL SECURITY WORKING GRP-MAJ LEADER (SCHUMER),2023,BANNER NET PAYROLL,0.0,status=banner_missing; banner=0.0; parsed_body=0.0. Banner checks are advisory; review against the source before treating this as a parser defect.,119sdoc3|banner_check_missing|303|NATL SECURITY WORKING GRP-MAJ LEADER (SCHUMER)|2023|BANNER NET PAYROLL|0.0
warning,banner_check_missing,119sdoc3,GPO-CDOC-119sdoc3-1.pdf,304,NATL SECURITY WORKING GRP-MAJ LEADER (SCHUMER),2024,BANNER NET PAYROLL,0.0,status=banner_missing; banner=0.0; parsed_body=0.0. Banner checks are advisory; review against the source before treating this as a parser defect.,119sdoc3|banner_check_missing|304|NATL SECURITY WORKING GRP-MAJ LEADER (SCHUMER)|2024|BANNER NET PAYROLL|0.0
warning,banner_check_missing,119sdoc3,GPO-CDOC-119sdoc3-1.pdf,306,NATL SECURITY WORKING GRP-MIN ADM. CO- CHAIR (CORNYN),2021,BANNER NET PAYROLL,0.0,status=banner_missing; banner=0.0; parsed_body=0.0. Banner checks are advisory; review against the source before treating this as a parser defect.,119sdoc3|banner_check_missing|306|NATL SECURITY WORKING GRP-MIN ADM. CO- CHAIR (CORNYN)|2021|BANNER NET PAYROLL|0.0
warning,banner_check_missing,119sdoc3,GPO-CDOC-119sdoc3-1.pdf,307,NATL SECURITY WORKING GRP-MIN ADM. CO- CHAIR (CORNYN),2022,BANNER NET PAYROLL,0.0,status=banner_missing; banner=0.0; parsed_body=0.0. Banner checks are advisory; review against the source before treating this as a parser defect.,119sdoc3|banner_check_missing|307|NATL SECURITY WORKING GRP-MIN ADM. CO- CHAIR (CORNYN)|2022|BANNER NET PAYROLL|0.0
warning,banner_check_missing,119sdoc3,GPO-CDOC-119sdoc3-1.pdf,308,NATL SECURITY WORKING GRP-MIN ADM. CO- CHAIR (CORNYN),2023,BANNER NET PAYROLL,0.0,status=banner_missing; banner=0.0; parsed_body=0.0. Banner checks are advisory; review against the source before treating this as a parser defect.,119sdoc3|banner_check_missing|308|NATL SECURITY WORKING GRP-MIN ADM. CO- CHAIR (CORNYN)|2023|BANNER NET PAYROLL|0.0
warning,banner_check_missing,119sdoc3,GPO-CDOC-119sdoc3-1.pdf,309,NATL SECURITY WORKING GRP-MIN ADM. CO- CHAIR (CORNYN),2024,BANNER NET PAYROLL,0.0,status=banner_missing; banner=0.0; parsed_body=0.0. Banner checks are advisory; review against the source before treating this as a parser defect.,119sdoc3|banner_check_missing|309|NATL SECURITY WORKING GRP-MIN ADM. CO- CHAIR (CORNYN)|2024|BANNER NET PAYROLL|0.0
warning,banner_check_missing,119sdoc3,GPO-CDOC-119sdoc3-1.pdf,311,NATL SECURITY WORKING GRP-MIN CO- CHAIR (FISCHER),2021,BANNER NET PAYROLL,0.0,status=banner_missing; banner=0.0; parsed_body=0.0. Banner checks are advisory; review against the source before treating this as a parser defect.,119sdoc3|banner_check_missing|311|NATL SECURITY WORKING GRP-MIN CO- CHAIR (FISCHER)|2021|BANNER NET PAYROLL|0.0
warning,banner_check_missing,119sdoc3,GPO-CDOC-119sdoc3-1.pdf,312,NATL SECURITY WORKING GRP-MIN CO- CHAIR (FISCHER),2022,BANNER NET PAYROLL,0.0,status=banner_missing; banner=0.0; parsed_body=0.0. Banner checks are advisory; review against the source before treating this as a parser defect.,119sdoc3|banner_check_missing|312|NATL SECURITY WORKING GRP-MIN CO- CHAIR (FISCHER)|2022|BANNER NET PAYROLL|0.0
warning,banner_check_missing,119sdoc3,GPO-CDOC-119sdoc3-1.pdf,314,NATL SECURITY WORKING GRP-MIN CO- CHAIR (FISCHER),2024,BANNER NET PAYROLL,0.0,status=banner_missing; banner=0.0; parsed_body=0.0. Banner checks are advisory; review against the source before treating this as a parser defect.,119sdoc3|banner_check_missing|314|NATL SECURITY WORKING GRP-MIN CO- CHAIR (FISCHER)|2024|BANNER NET PAYROLL|0.0
warning,banner_check_missing,119sdoc3,GPO-CDOC-119sdoc3-1.pdf,317,NATL SECURITY WORKING GRP-MIN CO- CHAIR (SASSE),2021,BANNER NET PAYROLL,0.0,status=banner_missing; banner=0.0; parsed_body=0.0. Banner checks are advisory; review against the source before treating this as a parser defect.,119sdoc3|banner_check_missing|317|NATL SECURITY WORKING GRP-MIN CO- CHAIR (SASSE)|2021|BANNER NET PAYROLL|0.0
warning,banner_check_missing,119sdoc3,GPO-CDOC-119sdoc3-1.pdf,318,NATL SECURITY WORKING GRP-MIN CO- CHAIR (SASSE),2022,BANNER NET PAYROLL,0.0,status=banner_missing; banner=0.0; parsed_body=0.0. Banner checks are advisory; review against the source before treating this as a parser defect.,119sdoc3|banner_check_missing|318|NATL SECURITY WORKING GRP-MIN CO- CHAIR (SASSE)|2022|BANNER NET PAYROLL|0.0
warning,banner_check_missing,119sdoc3,GPO-CDOC-119sdoc3-1.pdf,320,NATL SECURITY WORKING GRP-MIN CO- CHAIR (LANKFORD),2024,BANNER NET PAYROLL,0.0,status=banner_missing; banner=0.0; parsed_body=0.0. Banner checks are advisory; review against the source before treating this as a parser defect.,119sdoc3|banner_check_missing|320|NATL SECURITY WORKING GRP-MIN CO- CHAIR (LANKFORD)|2024|BANNER NET PAYROLL|0.0
warning,banner_check_discrepancy,119sdoc3,GPO-CDOC-119sdoc3-1.pdf,330,STATIONERY,2024,BANNER ORGANIZATION TOTALS,647.05,status=warn; banner=647.05; parsed_body=0.0. Banner checks are advisory; review against the source before treating this as a parser defect.,119sdoc3|banner_check_discrepancy|330|STATIONERY|2024|BANNER ORGANIZATION TOTALS|647.05
warning,banner_check_discrepancy,119sdoc3,GPO-CDOC-119sdoc3-1.pdf,331,STATIONERY,2025,BANNER ORGANIZATION TOTALS,4230.12,status=warn; banner=4230.12; parsed_body=0.0. Banner checks are advisory; review against the source before treating this as a parser defect.,119sdoc3|banner_check_discrepancy|331|STATIONERY|2025|BANNER ORGANIZATION TOTALS|4230.12
warning,banner_check_missing,119sdoc3,GPO-CDOC-119sdoc3-1.pdf,332,MISC ITEMS - STUDENT LOANS,2021,BANNER NET PAYROLL,0.0,status=banner_missing; banner=0.0; parsed_body=0.0. Banner checks are advisory; review against the source before treating this as a parser defect.,119sdoc3|banner_check_missing|332|MISC ITEMS - STUDENT LOANS|2021|BANNER NET PAYROLL|0.0
warning,banner_check_missing,119sdoc3,GPO-CDOC-119sdoc3-1.pdf,333,MISC ITEMS - STUDENT LOANS,2022,BANNER NET PAYROLL,900.0,status=banner_missing; banner=900.0; parsed_body=0.0. Banner checks are advisory; review against the source before treating this as a parser defect.,119sdoc3|banner_check_missing|333|MISC ITEMS - STUDENT LOANS|2022|BANNER NET PAYROLL|900.0
warning,banner_check_discrepancy,119sdoc3,GPO-CDOC-119sdoc3-1.pdf,333,MISC ITEMS - STUDENT LOANS,2022,BANNER ORGANIZATION TOTALS,900.0,status=warn; banner=900.0; parsed_body=0.0. Banner checks are advisory; review against the source before treating this as a parser defect.,119sdoc3|banner_check_discrepancy|333|MISC ITEMS - STUDENT LOANS|2022|BANNER ORGANIZATION TOTALS|900.0
warning,banner_check_missing,119sdoc3,GPO-CDOC-119sdoc3-1.pdf,334,MISC ITEMS - STUDENT LOANS,2023,BANNER NET PAYROLL,144.48,status=banner_missing; banner=144.48; parsed_body=0.0. Banner checks are advisory; review against the source before treating this as a parser defect.,119sdoc3|banner_check_missing|334|MISC ITEMS - STUDENT LOANS|2023|BANNER NET PAYROLL|144.48
warning,banner_check_discrepancy,119sdoc3,GPO-CDOC-119sdoc3-1.pdf,334,MISC ITEMS - STUDENT LOANS,2023,BANNER ORGANIZATION TOTALS,144.48,status=warn; banner=144.48; parsed_body=0.0. Banner checks are advisory; review against the source before treating this as a parser defect.,119sdoc3|banner_check_discrepancy|334|MISC ITEMS - STUDENT LOANS|2023|BANNER ORGANIZATION TOTALS|144.48
warning,banner_check_missing,119sdoc3,GPO-CDOC-119sdoc3-1.pdf,335,MISC ITEMS - STUDENT LOANS,2024,BANNER NET PAYROLL,10218.1,status=banner_missing; banner=10218.1; parsed_body=0.0. Banner checks are advisory; review against the source before treating this as a parser defect.,119sdoc3|banner_check_missing|335|MISC ITEMS - STUDENT LOANS|2024|BANNER NET PAYROLL|10218.1
warning,banner_check_discrepancy,119sdoc3,GPO-CDOC-119sdoc3-1.pdf,335,MISC ITEMS - STUDENT LOANS,2024,BANNER ORGANIZATION TOTALS,10218.1,status=warn; banner=10218.1; parsed_body=0.0. Banner checks are advisory; review against the source before treating this as a parser defect.,119sdoc3|banner_check_discrepancy|335|MISC ITEMS - STUDENT LOANS|2024|BANNER ORGANIZATION TOTALS|10218.1
error,unexpected_zero_records,119sdoc3,GPO-CDOC-119sdoc3-1.pdf,336,MISC ITEMS - STUDENT LOANS,2025,PERSONNEL COMP. FULL-TIME PERMANENT,122.1,A normally itemized subtotal has no parsed records; exact review is required.,119sdoc3|unexpected_zero_records|336|MISC ITEMS - STUDENT LOANS|2025|PERSONNEL COMP. FULL-TIME PERMANENT|122.1
warning,banner_check_discrepancy,119sdoc3,GPO-CDOC-119sdoc3-1.pdf,336,MISC ITEMS - STUDENT LOANS,2025,BANNER ORGANIZATION TOTALS,4053025.21,status=fail; banner=4053025.21; parsed_body=4052903.11. Banner checks are advisory; review against the source before treating this as a parser defect.,119sdoc3|banner_check_discrepancy|336|MISC ITEMS - STUDENT LOANS|2025|BANNER ORGANIZATION TOTALS|4053025.21
warning,banner_check_missing,119sdoc3,GPO-CDOC-119sdoc3-1.pdf,337,CARES ACT EMERG. APPROP. P.L. 116-136,,BANNER NET PAYROLL,0.0,status=banner_missing; banner=0.0; parsed_body=0.0. Banner checks are advisory; review against the source before treating this as a parser defect.,119sdoc3|banner_check_missing|337|CARES ACT EMERG. APPROP. P.L. 116-136||BANNER NET PAYROLL|0.0
warning,banner_check_missing,119sdoc3,GPO-CDOC-119sdoc3-1.pdf,338,EMERGENCY APPROPRIATION PUBLIC LAW 109-13,,BANNER NET PAYROLL,791009.93,status=banner_missing; banner=791009.93; parsed_body=0.0. Banner checks are advisory; review against the source before treating this as a parser defect.,119sdoc3|banner_check_missing|338|EMERGENCY APPROPRIATION PUBLIC LAW 109-13||BANNER NET PAYROLL|791009.93
warning,banner_check_discrepancy,119sdoc3,GPO-CDOC-119sdoc3-1.pdf,338,EMERGENCY APPROPRIATION PUBLIC LAW 109-13,,BANNER ORGANIZATION TOTALS,693359.52,status=warn; banner=693359.52; parsed_body=0.0. Banner checks are advisory; review against the source before treating this as a parser defect.,119sdoc3|banner_check_discrepancy|338|EMERGENCY APPROPRIATION PUBLIC LAW 109-13||BANNER ORGANIZATION TOTALS|693359.52
warning,banner_check_discrepancy,119sdoc3,GPO-CDOC-119sdoc3-1.pdf,343,SECRETARY - SENATE INFORMATION SERVICES (SIS),2023,BANNER ORGANIZATION TOTALS,10564.38,status=warn; banner=10564.38; parsed_body=0.0. Banner checks are advisory; review against the source before treating this as a parser defect.,119sdoc3|banner_check_discrepancy|343|SECRETARY - SENATE INFORMATION SERVICES (SIS)|2023|BANNER ORGANIZATION TOTALS|10564.38
warning,banner_check_discrepancy,119sdoc3,GPO-CDOC-119sdoc3-1.pdf,344,SECRETARY - SENATE INFORMATION SERVICES (SIS),2024,BANNER ORGANIZATION TOTALS,2213995.71,status=warn; banner=2213995.71; parsed_body=0.0. Banner checks are advisory; review against the source before treating this as a parser defect.,119sdoc3|banner_check_discrepancy|344|SECRETARY - SENATE INFORMATION SERVICES (SIS)|2024|BANNER ORGANIZATION TOTALS|2213995.71
warning,banner_check_discrepancy,119sdoc3,GPO-CDOC-119sdoc3-1.pdf,345,SECRETARY - SENATE INFORMATION SERVICES (SIS),2025,BANNER ORGANIZATION TOTALS,869751.49,status=warn; banner=869751.49; parsed_body=0.0. Banner checks are advisory; review against the source before treating this as a parser defect.,119sdoc3|banner_check_discrepancy|345|SECRETARY - SENATE INFORMATION SERVICES (SIS)|2025|BANNER ORGANIZATION TOTALS|869751.49
warning,banner_check_missing,119sdoc3,GPO-CDOC-119sdoc3-1.pdf,346,SECRETARY OF THE SENATE,2019,BANNER NET PAYROLL,0.0,status=banner_missing; banner=0.0; parsed_body=0.0. Banner checks are advisory; review against the source before treating this as a parser defect.,119sdoc3|banner_check_missing|346|SECRETARY OF THE SENATE|2019|BANNER NET PAYROLL|0.0
warning,banner_check_missing,119sdoc3,GPO-CDOC-119sdoc3-1.pdf,347,SECRETARY OF THE SENATE,2020,BANNER NET PAYROLL,0.0,status=banner_missing; banner=0.0; parsed_body=0.0. Banner checks are advisory; review against the source before treating this as a parser defect.,119sdoc3|banner_check_missing|347|SECRETARY OF THE SENATE|2020|BANNER NET PAYROLL|0.0
warning,banner_check_missing,119sdoc3,GPO-CDOC-119sdoc3-1.pdf,348,SECRETARY OF THE SENATE,2021,BANNER NET PAYROLL,0.0,status=banner_missing; banner=0.0; parsed_body=0.0. Banner checks are advisory; review against the source before treating this as a parser defect.,119sdoc3|banner_check_missing|348|SECRETARY OF THE SENATE|2021|BANNER NET PAYROLL|0.0
warning,banner_check_discrepancy,119sdoc3,GPO-CDOC-119sdoc3-1.pdf,348,SECRETARY OF THE SENATE,2021,BANNER ORGANIZATION TOTALS,3762.83,status=warn; banner=3762.83; parsed_body=2713.88. Banner checks are advisory; review against the source before treating this as a parser defect.,119sdoc3|banner_check_discrepancy|348|SECRETARY OF THE SENATE|2021|BANNER ORGANIZATION TOTALS|3762.83
warning,banner_check_missing,119sdoc3,GPO-CDOC-119sdoc3-1.pdf,349,SECRETARY OF THE SENATE,2022,BANNER NET PAYROLL,0.0,status=banner_missing; banner=0.0; parsed_body=0.0. Banner checks are advisory; review against the source before treating this as a parser defect.,119sdoc3|banner_check_missing|349|SECRETARY OF THE SENATE|2022|BANNER NET PAYROLL|0.0
warning,banner_check_discrepancy,119sdoc3,GPO-CDOC-119sdoc3-1.pdf,349,SECRETARY OF THE SENATE,2022,BANNER ORGANIZATION TOTALS,32.85,status=warn; banner=32.85; parsed_body=0.0. Banner checks are advisory; review against the source before treating this as a parser defect.,119sdoc3|banner_check_discrepancy|349|SECRETARY OF THE SENATE|2022|BANNER ORGANIZATION TOTALS|32.85
warning,banner_check_missing,119sdoc3,GPO-CDOC-119sdoc3-1.pdf,350,SECRETARY OF THE SENATE,2023,BANNER NET PAYROLL,0.0,status=banner_missing; banner=0.0; parsed_body=0.0. Banner checks are advisory; review against the source before treating this as a parser defect.,119sdoc3|banner_check_missing|350|SECRETARY OF THE SENATE|2023|BANNER NET PAYROLL|0.0
warning,banner_check_discrepancy,119sdoc3,GPO-CDOC-119sdoc3-1.pdf,350,SECRETARY OF THE SENATE,2023,BANNER ORGANIZATION TOTALS,102908.83,status=warn; banner=102908.83; parsed_body=59917.62. Banner checks are advisory; review against the source before treating this as a parser defect.,119sdoc3|banner_check_discrepancy|350|SECRETARY OF THE SENATE|2023|BANNER ORGANIZATION TOTALS|102908.83
warning,banner_check_discrepancy,119sdoc3,GPO-CDOC-119sdoc3-1.pdf,352,SECRETARY OF THE SENATE,2024,BANNER ORGANIZATION TOTALS,114881.97,status=fail; banner=114881.97; parsed_body=34143.18. Banner checks are advisory; review against the source before treating this as a parser defect.,119sdoc3|banner_check_discrepancy|352|SECRETARY OF THE SENATE|2024|BANNER ORGANIZATION TOTALS|114881.97
warning,banner_check_discrepancy,119sdoc3,GPO-CDOC-119sdoc3-1.pdf,354,SECRETARY OF THE SENATE,2025,BANNER ORGANIZATION TOTALS,221359.53,status=fail; banner=221359.53; parsed_body=196087.44. Banner checks are advisory; review against the source before treating this as a parser defect.,119sdoc3|banner_check_discrepancy|354|SECRETARY OF THE SENATE|2025|BANNER ORGANIZATION TOTALS|221359.53
warning,banner_check_discrepancy,119sdoc3,GPO-CDOC-119sdoc3-1.pdf,367,SECRETARY - SENATE COLLECTION,,BANNER ORGANIZATION TOTALS,286830.3,status=warn; banner=286830.3; parsed_body=228032.05. Banner checks are advisory; review against the source before treating this as a parser defect.,119sdoc3|banner_check_discrepancy|367|SECRETARY - SENATE COLLECTION||BANNER ORGANIZATION TOTALS|286830.3
warning,banner_check_missing,119sdoc3,GPO-CDOC-119sdoc3-1.pdf,370,SERGEANT AT ARMS AND DOORKEEPER OF THE SENATE,2019,BANNER NET PAYROLL,0.0,status=banner_missing; banner=0.0; parsed_body=0.0. Banner checks are advisory; review against the source before treating this as a parser defect.,119sdoc3|banner_check_missing|370|SERGEANT AT ARMS AND DOORKEEPER OF THE SENATE|2019|BANNER NET PAYROLL|0.0
warning,banner_check_missing,119sdoc3,GPO-CDOC-119sdoc3-1.pdf,371,SERGEANT AT ARMS AND DOORKEEPER OF THE SENATE,2020,BANNER NET PAYROLL,0.0,status=banner_missing; banner=0.0; parsed_body=0.0. Banner checks are advisory; review against the source before treating this as a parser defect.,119sdoc3|banner_check_missing|371|SERGEANT AT ARMS AND DOORKEEPER OF THE SENATE|2020|BANNER NET PAYROLL|0.0
warning,banner_check_discrepancy,119sdoc3,GPO-CDOC-119sdoc3-1.pdf,371,SERGEANT AT ARMS AND DOORKEEPER OF THE SENATE,2020,BANNER ORGANIZATION TOTALS,6248264.1,status=warn; banner=6248264.1; parsed_body=6247215.75. Banner checks are advisory; review against the source before treating this as a parser defect.,119sdoc3|banner_check_discrepancy|371|SERGEANT AT ARMS AND DOORKEEPER OF THE SENATE|2020|BANNER ORGANIZATION TOTALS|6248264.1
warning,banner_check_discrepancy,119sdoc3,GPO-CDOC-119sdoc3-1.pdf,373,SERGEANT AT ARMS AND DOORKEEPER OF THE SENATE,2021,BANNER ORGANIZATION TOTALS,9298467.47,status=warn; banner=9298467.47; parsed_body=9200904.31. Banner checks are advisory; review against the source before treating this as a parser defect.,119sdoc3|banner_check_discrepancy|373|SERGEANT AT ARMS AND DOORKEEPER OF THE SENATE|2021|BANNER ORGANIZATION TOTALS|9298467.47
warning,banner_check_missing,119sdoc3,GPO-CDOC-119sdoc3-1.pdf,377,SERGEANT AT ARMS AND DOORKEEPER OF THE SENATE,2022,BANNER NET PAYROLL,0.0,status=banner_missing; banner=0.0; parsed_body=0.0. Banner checks are advisory; review against the source before treating this as a parser defect.,119sdoc3|banner_check_missing|377|SERGEANT AT ARMS AND DOORKEEPER OF THE SENATE|2022|BANNER NET PAYROLL|0.0
warning,banner_check_discrepancy,119sdoc3,GPO-CDOC-119sdoc3-1.pdf,377,SERGEANT AT ARMS AND DOORKEEPER OF THE SENATE,2022,BANNER ORGANIZATION TOTALS,5681832.79,status=warn; banner=5681832.79; parsed_body=4974143.97. Banner checks are advisory; review against the source before treating this as a parser defect.,119sdoc3|banner_check_discrepancy|377|SERGEANT AT ARMS AND DOORKEEPER OF THE SENATE|2022|BANNER ORGANIZATION TOTALS|5681832.79
warning,banner_check_discrepancy,119sdoc3,GPO-CDOC-119sdoc3-1.pdf,381,SERGEANT AT ARMS AND DOORKEEPER OF THE SENATE,2023,BANNER NET PAYROLL,44529.45,status=fail; banner=44529.45; parsed_body=47740.05. Banner checks are advisory; review against the source before treating this as a parser defect.,119sdoc3|banner_check_discrepancy|381|SERGEANT AT ARMS AND DOORKEEPER OF THE SENATE|2023|BANNER NET PAYROLL|44529.45
warning,banner_check_discrepancy,119sdoc3,GPO-CDOC-119sdoc3-1.pdf,381,SERGEANT AT ARMS AND DOORKEEPER OF THE SENATE,2023,BANNER ORGANIZATION TOTALS,8343865.24,status=warn; banner=8343865.24; parsed_body=7817480.45. Banner checks are advisory; review against the source before treating this as a parser defect.,119sdoc3|banner_check_discrepancy|381|SERGEANT AT ARMS AND DOORKEEPER OF THE SENATE|2023|BANNER ORGANIZATION TOTALS|8343865.24
warning,banner_check_discrepancy,119sdoc3,GPO-CDOC-119sdoc3-1.pdf,391,SERGEANT AT ARMS AND DOORKEEPER OF THE SENATE,2024,BANNER ORGANIZATION TOTALS,32736372.85,status=warn; banner=32736372.85; parsed_body=28577678.92. Banner checks are advisory; review against the source before treating this as a parser defect.,119sdoc3|banner_check_discrepancy|391|SERGEANT AT ARMS AND DOORKEEPER OF THE SENATE|2024|BANNER ORGANIZATION TOTALS|32736372.85
warning,banner_check_discrepancy,119sdoc3,GPO-CDOC-119sdoc3-1.pdf,431,SERGEANT AT ARMS AND DOORKEEPER OF THE SENATE,2025,BANNER ORGANIZATION TOTALS,29159806.5,status=warn; banner=29159806.5; parsed_body=17596832.05. Banner checks are advisory; review against the source before treating this as a parser defect.,119sdoc3|banner_check_discrepancy|431|SERGEANT AT ARMS AND DOORKEEPER OF THE SENATE|2025|BANNER ORGANIZATION TOTALS|29159806.5
warning,banner_check_discrepancy,119sdoc3,GPO-CDOC-119sdoc3-1.pdf,479,SAA - RESIDENTIAL SECURITY SYSTEM PROGRAM,,BANNER ORGANIZATION TOTALS,691633.93,status=warn; banner=691633.93; parsed_body=678210.77. Banner checks are advisory; review against the source before treating this as a parser defect.,119sdoc3|banner_check_discrepancy|479|SAA - RESIDENTIAL SECURITY SYSTEM PROGRAM||BANNER ORGANIZATION TOTALS|691633.93
warning,banner_check_discrepancy,119sdoc3,GPO-CDOC-119sdoc3-1.pdf,483,SAA - SENATE HEARING ROOM AUDIOVISUAL EQUIPMENT,,BANNER ORGANIZATION TOTALS,3065746.36,status=warn; banner=3065746.36; parsed_body=3029513.83. Banner checks are advisory; review against the source before treating this as a parser defect.,119sdoc3|banner_check_discrepancy|483|SAA - SENATE HEARING ROOM AUDIOVISUAL EQUIPMENT||BANNER ORGANIZATION TOTALS|3065746.36
warning,banner_check_missing,119sdoc3,GPO-CDOC-119sdoc3-1.pdf,485,SAA - SMI PROJECT,,BANNER NET PAYROLL,0.0,status=banner_missing; banner=0.0; parsed_body=0.0. Banner checks are advisory; review against the source before treating this as a parser defect.,119sdoc3|banner_check_missing|485|SAA - SMI PROJECT||BANNER NET PAYROLL|0.0
warning,banner_check_missing,119sdoc3,GPO-CDOC-119sdoc3-1.pdf,486,CAUCUS - INTERNATIONAL NARCOTICS CONTROL,2023,BANNER NET PAYROLL,0.0,status=banner_missing; banner=0.0; parsed_body=0.0. Banner checks are advisory; review against the source before treating this as a parser defect.,119sdoc3|banner_check_missing|486|CAUCUS - INTERNATIONAL NARCOTICS CONTROL|2023|BANNER NET PAYROLL|0.0
warning,banner_check_missing,119sdoc3,GPO-CDOC-119sdoc3-1.pdf,487,CAUCUS - INTERNATIONAL NARCOTICS CONTROL,2024,BANNER NET PAYROLL,0.0,status=banner_missing; banner=0.0; parsed_body=0.0. Banner checks are advisory; review against the source before treating this as a parser defect.,119sdoc3|banner_check_missing|487|CAUCUS - INTERNATIONAL NARCOTICS CONTROL|2024|BANNER NET PAYROLL|0.0
warning,banner_check_discrepancy,119sdoc3,GPO-CDOC-119sdoc3-1.pdf,488,CAUCUS - INTERNATIONAL NARCOTICS CONTROL,2025,BANNER ORGANIZATION TOTALS,155171.37,status=warn; banner=155171.37; parsed_body=153515.37. Banner checks are advisory; review against the source before treating this as a parser defect.,119sdoc3|banner_check_discrepancy|488|CAUCUS - INTERNATIONAL NARCOTICS CONTROL|2025|BANNER ORGANIZATION TOTALS|155171.37
warning,banner_check_discrepancy,119sdoc3,GPO-CDOC-119sdoc3-1.pdf,489,SENATOR ANGELA ALSOBROOKS,2025,BANNER ORGANIZATION TOTALS,495031.45,status=warn; banner=495031.45; parsed_body=488759.99. Banner checks are advisory; review against the source before treating this as a parser defect.,119sdoc3|banner_check_discrepancy|489|SENATOR ANGELA ALSOBROOKS|2025|BANNER ORGANIZATION TOTALS|495031.45
warning,banner_check_missing,119sdoc3,GPO-CDOC-119sdoc3-1.pdf,492,SENATOR TAMMY BALDWIN,2023,BANNER NET PAYROLL,0.0,status=banner_missing; banner=0.0; parsed_body=0.0. Banner checks are advisory; review against the source before treating this as a parser defect.,119sdoc3|banner_check_missing|492|SENATOR TAMMY BALDWIN|2023|BANNER NET PAYROLL|0.0
warning,banner_check_missing,119sdoc3,GPO-CDOC-119sdoc3-1.pdf,493,INTERN COMPENSATION - BALDWIN,2023,BANNER NET PAYROLL,0.0,status=banner_missing; banner=0.0; parsed_body=0.0. Banner checks are advisory; review against the source before treating this as a parser defect.,119sdoc3|banner_check_missing|493|INTERN COMPENSATION - BALDWIN|2023|BANNER NET PAYROLL|0.0
warning,banner_check_missing,119sdoc3,GPO-CDOC-119sdoc3-1.pdf,494,SENATOR TAMMY BALDWIN,2024,BANNER NET PAYROLL,0.0,status=banner_missing; banner=0.0; parsed_body=0.0. Banner checks are advisory; review against the source before treating this as a parser defect.,119sdoc3|banner_check_missing|494|SENATOR TAMMY BALDWIN|2024|BANNER NET PAYROLL|0.0
warning,banner_check_discrepancy,119sdoc3,GPO-CDOC-119sdoc3-1.pdf,494,SENATOR TAMMY BALDWIN,2024,BANNER ORGANIZATION TOTALS,291244.95,status=warn; banner=291244.95; parsed_body=22091.47. Banner checks are advisory; review against the source before treating this as a parser defect.,119sdoc3|banner_check_discrepancy|494|SENATOR TAMMY BALDWIN|2024|BANNER ORGANIZATION TOTALS|291244.95
warning,banner_check_missing,119sdoc3,GPO-CDOC-119sdoc3-1.pdf,496,INTERN COMPENSATION - BALDWIN,2024,BANNER NET PAYROLL,0.0,status=banner_missing; banner=0.0; parsed_body=0.0. Banner checks are advisory; review against the source before treating this as a parser defect.,119sdoc3|banner_check_missing|496|INTERN COMPENSATION - BALDWIN|2024|BANNER NET PAYROLL|0.0
warning,banner_check_discrepancy,119sdoc3,GPO-CDOC-119sdoc3-1.pdf,497,SENATOR TAMMY BALDWIN,2025,BANNER ORGANIZATION TOTALS,1849827.36,status=warn; banner=1849827.36; parsed_body=1822460.05. Banner checks are advisory; review against the source before treating this as a parser defect.,119sdoc3|banner_check_discrepancy|497|SENATOR TAMMY BALDWIN|2025|BANNER ORGANIZATION TOTALS|1849827.36
warning,banner_check_discrepancy,119sdoc3,GPO-CDOC-119sdoc3-1.pdf,505,SENATOR JIM BANKS,2025,BANNER ORGANIZATION TOTALS,864780.21,status=warn; banner=864780.21; parsed_body=840577.74. Banner checks are advisory; review against the source before treating this as a parser defect.,119sdoc3|banner_check_discrepancy|505|SENATOR JIM BANKS|2025|BANNER ORGANIZATION TOTALS|864780.21
warning,banner_check_missing,119sdoc3,GPO-CDOC-119sdoc3-1.pdf,508,SENATOR JOHN BARRASSO,2023,BANNER NET PAYROLL,0.0,status=banner_missing; banner=0.0; parsed_body=0.0. Banner checks are advisory; review against the source before treating this as a parser defect.,119sdoc3|banner_check_missing|508|SENATOR JOHN BARRASSO|2023|BANNER NET PAYROLL|0.0
warning,banner_check_missing,119sdoc3,GPO-CDOC-119sdoc3-1.pdf,509,INTERN COMPENSATION - BARRASSO,2023,BANNER NET PAYROLL,0.0,status=banner_missing; banner=0.0; parsed_body=0.0. Banner checks are advisory; review against the source before treating this as a parser defect.,119sdoc3|banner_check_missing|509|INTERN COMPENSATION - BARRASSO|2023|BANNER NET PAYROLL|0.0
warning,banner_check_discrepancy,119sdoc3,GPO-CDOC-119sdoc3-1.pdf,510,SENATOR JOHN BARRASSO,2024,BANNER NET PAYROLL,1371.71,status=fail; banner=1371.71; parsed_body=259.51. Banner checks are advisory; review against the source before treating this as a parser defect.,119sdoc3|banner_check_discrepancy|510|SENATOR JOHN BARRASSO|2024|BANNER NET PAYROLL|1371.71
warning,banner_check_discrepancy,119sdoc3,GPO-CDOC-119sdoc3-1.pdf,510,SENATOR JOHN BARRASSO,2024,BANNER ORGANIZATION TOTALS,191863.98,status=warn; banner=191863.98; parsed_body=9011.28. Banner checks are advisory; review against the source before treating this as a parser defect.,119sdoc3|banner_check_discrepancy|510|SENATOR JOHN BARRASSO|2024|BANNER ORGANIZATION TOTALS|191863.98
warning,banner_check_missing,119sdoc3,GPO-CDOC-119sdoc3-1.pdf,513,INTERN COMPENSATION - BARRASSO,2024,BANNER NET PAYROLL,0.0,status=banner_missing; banner=0.0; parsed_body=0.0. Banner checks are advisory; review against the source before treating this as a parser defect.,119sdoc3|banner_check_missing|513|INTERN COMPENSATION - BARRASSO|2024|BANNER NET PAYROLL|0.0
warning,banner_check_discrepancy,119sdoc3,GPO-CDOC-119sdoc3-1.pdf,514,SENATOR JOHN BARRASSO,2025,BANNER NET PAYROLL,1513419.36,status=fail; banner=1513419.36; parsed_body=1514531.56. Banner checks are advisory; review against the source before treating this as a parser defect.,119sdoc3|banner_check_discrepancy|514|SENATOR JOHN BARRASSO|2025|BANNER NET PAYROLL|1513419.36
warning,banner_check_discrepancy,119sdoc3,GPO-CDOC-119sdoc3-1.pdf,514,SENATOR JOHN BARRASSO,2025,BANNER ORGANIZATION TOTALS,1674797.21,status=warn; banner=1674797.21; parsed_body=1616206.0. Banner checks are advisory; review against the source before treating this as a parser defect.,119sdoc3|banner_check_discrepancy|514|SENATOR JOHN BARRASSO|2025|BANNER ORGANIZATION TOTALS|1674797.21
warning,banner_check_missing,119sdoc3,GPO-CDOC-119sdoc3-1.pdf,522,SENATOR MICHAEL BENNET,2023,BANNER NET PAYROLL,0.0,status=banner_missing; banner=0.0; parsed_body=0.0. Banner checks are advisory; review against the source before treating this as a parser defect.,119sdoc3|banner_check_missing|522|SENATOR MICHAEL BENNET|2023|BANNER NET PAYROLL|0.0
warning,banner_check_missing,119sdoc3,GPO-CDOC-119sdoc3-1.pdf,523,INTERN COMPENSATION - BENNET,2023,BANNER NET PAYROLL,0.0,status=banner_missing; banner=0.0; parsed_body=0.0. Banner checks are advisory; review against the source before treating this as a parser defect.,119sdoc3|banner_check_missing|523|INTERN COMPENSATION - BENNET|2023|BANNER NET PAYROLL|0.0
warning,banner_check_discrepancy,119sdoc3,GPO-CDOC-119sdoc3-1.pdf,524,SENATOR MICHAEL BENNET,2024,BANNER NET PAYROLL,1087.65,status=fail; banner=1087.65; parsed_body=414.0. Banner checks are advisory; review against the source before treating this as a parser defect.,119sdoc3|banner_check_discrepancy|524|SENATOR MICHAEL BENNET|2024|BANNER NET PAYROLL|1087.65
warning,banner_check_discrepancy,119sdoc3,GPO-CDOC-119sdoc3-1.pdf,524,SENATOR MICHAEL BENNET,2024,BANNER ORGANIZATION TOTALS,167472.76,status=warn; banner=167472.76; parsed_body=105631.82. Banner checks are advisory; review against the source before treating this as a parser defect.,119sdoc3|banner_check_discrepancy|524|SENATOR MICHAEL BENNET|2024|BANNER ORGANIZATION TOTALS|167472.76
warning,banner_check_missing,119sdoc3,GPO-CDOC-119sdoc3-1.pdf,529,INTERN COMPENSATION - BENNET,2024,BANNER NET PAYROLL,0.0,status=banner_missing; banner=0.0; parsed_body=0.0. Banner checks are advisory; review against the source before treating this as a parser defect.,119sdoc3|banner_check_missing|529|INTERN COMPENSATION - BENNET|2024|BANNER NET PAYROLL|0.0
warning,banner_check_discrepancy,119sdoc3,GPO-CDOC-119sdoc3-1.pdf,530,SENATOR MICHAEL BENNET,2025,BANNER NET PAYROLL,1849631.04,status=fail; banner=1849631.04; parsed_body=1850304.69. Banner checks are advisory; review against the source before treating this as a parser defect.,119sdoc3|banner_check_discrepancy|530|SENATOR MICHAEL BENNET|2025|BANNER NET PAYROLL|1849631.04
warning,banner_check_discrepancy,119sdoc3,GPO-CDOC-119sdoc3-1.pdf,530,SENATOR MICHAEL BENNET,2025,BANNER ORGANIZATION TOTALS,1945489.55,status=fail; banner=1945489.55; parsed_body=1916958.46. Banner checks are advisory; review against the source before treating this as a parser defect.,119sdoc3|banner_check_discrepancy|530|SENATOR MICHAEL BENNET|2025|BANNER ORGANIZATION TOTALS|1945489.55
warning,banner_check_missing,119sdoc3,GPO-CDOC-119sdoc3-1.pdf,541,SENATOR MARSHA BLACKBURN,2023,BANNER NET PAYROLL,0.0,status=banner_missing; banner=0.0; parsed_body=0.0. Banner checks are advisory; review against the source before treating this as a parser defect.,119sdoc3|banner_check_missing|541|SENATOR MARSHA BLACKBURN|2023|BANNER NET PAYROLL|0.0
warning,banner_check_missing,119sdoc3,GPO-CDOC-119sdoc3-1.pdf,542,INTERN COMPENSATION - BLACKBURN,2023,BANNER NET PAYROLL,0.0,status=banner_missing; banner=0.0; parsed_body=0.0. Banner checks are advisory; review against the source before treating this as a parser defect.,119sdoc3|banner_check_missing|542|INTERN COMPENSATION - BLACKBURN|2023|BANNER NET PAYROLL|0.0
warning,banner_check_discrepancy,119sdoc3,GPO-CDOC-119sdoc3-1.pdf,543,SENATOR MARSHA BLACKBURN,2024,BANNER ORGANIZATION TOTALS,34617.9,status=warn; banner=34617.9; parsed_body=11692.29. Banner checks are advisory; review against the source before treating this as a parser defect.,119sdoc3|banner_check_discrepancy|543|SENATOR MARSHA BLACKBURN|2024|BANNER ORGANIZATION TOTALS|34617.9
warning,banner_check_missing,119sdoc3,GPO-CDOC-119sdoc3-1.pdf,547,INTERN COMPENSATION - BLACKBURN,2024,BANNER NET PAYROLL,0.0,status=banner_missing; banner=0.0; parsed_body=0.0. Banner checks are advisory; review against the source before treating this as a parser defect.,119sdoc3|banner_check_missing|547|INTERN COMPENSATION - BLACKBURN|2024|BANNER NET PAYROLL|0.0
warning,banner_check_discrepancy,119sdoc3,GPO-CDOC-119sdoc3-1.pdf,548,SENATOR MARSHA BLACKBURN,2025,BANNER ORGANIZATION TOTALS,2149544.43,status=warn; banner=2149544.43; parsed_body=2010558.79. Banner checks are advisory; review against the source before treating this as a parser defect.,119sdoc3|banner_check_discrepancy|548|SENATOR MARSHA BLACKBURN|2025|BANNER ORGANIZATION TOTALS|2149544.43
warning,banner_check_missing,119sdoc3,GPO-CDOC-119sdoc3-1.pdf,587,SENATOR RICHARD BLUMENTHAL,2023,BANNER NET PAYROLL,0.0,status=banner_missing; banner=0.0; parsed_body=0.0. Banner checks are advisory; review against the source before treating this as a parser defect.,119sdoc3|banner_check_missing|587|SENATOR RICHARD BLUMENTHAL|2023|BANNER NET PAYROLL|0.0
warning,banner_check_missing,119sdoc3,GPO-CDOC-119sdoc3-1.pdf,588,INTERN COMPENSATION - BLUMENTHAL,2023,BANNER NET PAYROLL,0.0,status=banner_missing; banner=0.0; parsed_body=0.0. Banner checks are advisory; review against the source before treating this as a parser defect.,119sdoc3|banner_check_missing|588|INTERN COMPENSATION - BLUMENTHAL|2023|BANNER NET PAYROLL|0.0
warning,banner_check_discrepancy,119sdoc3,GPO-CDOC-119sdoc3-1.pdf,589,SENATOR RICHARD BLUMENTHAL,2024,BANNER NET PAYROLL,764.67,status=fail; banner=764.67; parsed_body=61.44. Banner checks are advisory; review against the source before treating this as a parser defect.,119sdoc3|banner_check_discrepancy|589|SENATOR RICHARD BLUMENTHAL|2024|BANNER NET PAYROLL|764.67
warning,banner_check_discrepancy,119sdoc3,GPO-CDOC-119sdoc3-1.pdf,589,SENATOR RICHARD BLUMENTHAL,2024,BANNER ORGANIZATION TOTALS,116414.2,status=fail; banner=116414.2; parsed_body=75863.26. Banner checks are advisory; review against the source before treating this as a parser defect.,119sdoc3|banner_check_discrepancy|589|SENATOR RICHARD BLUMENTHAL|2024|BANNER ORGANIZATION TOTALS|116414.2
warning,banner_check_missing,119sdoc3,GPO-CDOC-119sdoc3-1.pdf,593,INTERN COMPENSATION - BLUMENTHAL,2024,BANNER NET PAYROLL,21.51,status=banner_missing; banner=21.51; parsed_body=0.0. Banner checks are advisory; review against the source before treating this as a parser defect.,119sdoc3|banner_check_missing|593|INTERN COMPENSATION - BLUMENTHAL|2024|BANNER NET PAYROLL|21.51
warning,banner_check_discrepancy,119sdoc3,GPO-CDOC-119sdoc3-1.pdf,593,INTERN COMPENSATION - BLUMENTHAL,2024,BANNER ORGANIZATION TOTALS,21.51,status=warn; banner=21.51; parsed_body=0.0. Banner checks are advisory; review against the source before treating this as a parser defect.,119sdoc3|banner_check_discrepancy|593|INTERN COMPENSATION - BLUMENTHAL|2024|BANNER ORGANIZATION TOTALS|21.51
warning,banner_check_discrepancy,119sdoc3,GPO-CDOC-119sdoc3-1.pdf,594,SENATOR RICHARD BLUMENTHAL,2025,BANNER NET PAYROLL,1810526.14,status=fail; banner=1810526.14; parsed_body=1809700.03. Banner checks are advisory; review against the source before treating this as a parser defect.,119sdoc3|banner_check_discrepancy|594|SENATOR RICHARD BLUMENTHAL|2025|BANNER NET PAYROLL|1810526.14
warning,banner_check_discrepancy,119sdoc3,GPO-CDOC-119sdoc3-1.pdf,594,SENATOR RICHARD BLUMENTHAL,2025,BANNER ORGANIZATION TOTALS,1930208.86,status=warn; banner=1930208.86; parsed_body=1837675.24. Banner checks are advisory; review against the source before treating this as a parser defect.,119sdoc3|banner_check_discrepancy|594|SENATOR RICHARD BLUMENTHAL|2025|BANNER ORGANIZATION TOTALS|1930208.86
warning,banner_check_discrepancy,119sdoc3,GPO-CDOC-119sdoc3-1.pdf,599,INTERN COMPENSATION - BLUMENTHAL,2025,BANNER NET PAYROLL,22692.04,status=fail; banner=22692.04; parsed_body=22713.55. Banner checks are advisory; review against the source before treating this as a parser defect.,119sdoc3|banner_check_discrepancy|599|INTERN COMPENSATION - BLUMENTHAL|2025|BANNER NET PAYROLL|22692.04
warning,banner_check_discrepancy,119sdoc3,GPO-CDOC-119sdoc3-1.pdf,599,INTERN COMPENSATION - BLUMENTHAL,2025,BANNER ORGANIZATION TOTALS,22692.04,status=warn; banner=22692.04; parsed_body=22713.55. Banner checks are advisory; review against the source before treating this as a parser defect.,119sdoc3|banner_check_discrepancy|599|INTERN COMPENSATION - BLUMENTHAL|2025|BANNER ORGANIZATION TOTALS|22692.04
warning,banner_check_missing,119sdoc3,GPO-CDOC-119sdoc3-1.pdf,601,SENATOR ROY BLUNT,2023,BANNER NET PAYROLL,0.0,status=banner_missing; banner=0.0; parsed_body=0.0. Banner checks are advisory; review against the source before treating this as a parser defect.,119sdoc3|banner_check_missing|601|SENATOR ROY BLUNT|2023|BANNER NET PAYROLL|0.0
warning,banner_check_missing,119sdoc3,GPO-CDOC-119sdoc3-1.pdf,602,INTERN COMPENSATION - BLUNT,2023,BANNER NET PAYROLL,0.0,status=banner_missing; banner=0.0; parsed_body=0.0. Banner checks are advisory; review against the source before treating this as a parser defect.,119sdoc3|banner_check_missing|602|INTERN COMPENSATION - BLUNT|2023|BANNER NET PAYROLL|0.0
warning,banner_check_discrepancy,119sdoc3,GPO-CDOC-119sdoc3-1.pdf,603,SENATOR LISA BLUNT ROCHESTER,2025,BANNER ORGANIZATION TOTALS,870330.57,status=warn; banner=870330.57; parsed_body=753312.28. Banner checks are advisory; review against the source before treating this as a parser defect.,119sdoc3|banner_check_discrepancy|603|SENATOR LISA BLUNT ROCHESTER|2025|BANNER ORGANIZATION TOTALS|870330.57
warning,banner_check_missing,119sdoc3,GPO-CDOC-119sdoc3-1.pdf,608,SENATOR CORY BOOKER,2023,BANNER NET PAYROLL,0.0,status=banner_missing; banner=0.0; parsed_body=0.0. Banner checks are advisory; review against the source before treating this as a parser defect.,119sdoc3|banner_check_missing|608|SENATOR CORY BOOKER|2023|BANNER NET PAYROLL|0.0
warning,banner_check_discrepancy,119sdoc3,GPO-CDOC-119sdoc3-1.pdf,608,SENATOR CORY BOOKER,2023,BANNER ORGANIZATION TOTALS,3432.65,status=warn; banner=3432.65; parsed_body=647.56. Banner checks are advisory; review against the source before treating this as a parser defect.,119sdoc3|banner_check_discrepancy|608|SENATOR CORY BOOKER|2023|BANNER ORGANIZATION TOTALS|3432.65
warning,banner_check_missing,119sdoc3,GPO-CDOC-119sdoc3-1.pdf,609,INTERN COMPENSATION - BOOKER,2023,BANNER NET PAYROLL,0.0,status=banner_missing; banner=0.0; parsed_body=0.0. Banner checks are advisory; review against the source before treating this as a parser defect.,119sdoc3|banner_check_missing|609|INTERN COMPENSATION - BOOKER|2023|BANNER NET PAYROLL|0.0
warning,banner_check_discrepancy,119sdoc3,GPO-CDOC-119sdoc3-1.pdf,610,SENATOR CORY BOOKER,2024,BANNER NET PAYROLL,890.44,status=fail; banner=890.44; parsed_body=394.65. Banner checks are advisory; review against the source before treating this as a parser defect.,119sdoc3|banner_check_discrepancy|610|SENATOR CORY BOOKER|2024|BANNER NET PAYROLL|890.44
warning,banner_check_discrepancy,119sdoc3,GPO-CDOC-119sdoc3-1.pdf,610,SENATOR CORY BOOKER,2024,BANNER ORGANIZATION TOTALS,96271.19,status=warn; banner=96271.19; parsed_body=72331.99. Banner checks are advisory; review against the source before treating this as a parser defect.,119sdoc3|banner_check_discrepancy|610|SENATOR CORY BOOKER|2024|BANNER ORGANIZATION TOTALS|96271.19
warning,banner_check_missing,119sdoc3,GPO-CDOC-119sdoc3-1.pdf,613,INTERN COMPENSATION - BOOKER,2024,BANNER NET PAYROLL,0.0,status=banner_missing; banner=0.0; parsed_body=0.0. Banner checks are advisory; review against the source before treating this as a parser defect.,119sdoc3|banner_check_missing|613|INTERN COMPENSATION - BOOKER|2024|BANNER NET PAYROLL|0.0
warning,banner_check_discrepancy,119sdoc3,GPO-CDOC-119sdoc3-1.pdf,614,SENATOR CORY BOOKER,2025,BANNER NET PAYROLL,2013469.71,status=fail; banner=2013469.71; parsed_body=2013965.5. Banner checks are advisory; review against the source before treating this as a parser defect.,119sdoc3|banner_check_discrepancy|614|SENATOR CORY BOOKER|2025|BANNER NET PAYROLL|2013469.71
warning,banner_check_discrepancy,119sdoc3,GPO-CDOC-119sdoc3-1.pdf,614,SENATOR CORY BOOKER,2025,BANNER ORGANIZATION TOTALS,2097340.25,status=warn; banner=2097340.25; parsed_body=2055440.43. Banner checks are advisory; review against the source before treating this as a parser defect.,119sdoc3|banner_check_discrepancy|614|SENATOR CORY BOOKER|2025|BANNER ORGANIZATION TOTALS|2097340.25
warning,banner_check_missing,119sdoc3,GPO-CDOC-119sdoc3-1.pdf,622,SENATOR JOHN BOOZMAN,2023,BANNER NET PAYROLL,0.0,status=banner_missing; banner=0.0; parsed_body=0.0. Banner checks are advisory; review against the source before treating this as a parser defect.,119sdoc3|banner_check_missing|622|SENATOR JOHN BOOZMAN|2023|BANNER NET PAYROLL|0.0
warning,banner_check_missing,119sdoc3,GPO-CDOC-119sdoc3-1.pdf,623,INTERN COMPENSATION - BOOZMAN,2023,BANNER NET PAYROLL,0.0,status=banner_missing; banner=0.0; parsed_body=0.0. Banner checks are advisory; review against the source before treating this as a parser defect.,119sdoc3|banner_check_missing|623|INTERN COMPENSATION - BOOZMAN|2023|BANNER NET PAYROLL|0.0
warning,banner_check_discrepancy,119sdoc3,GPO-CDOC-119sdoc3-1.pdf,624,SENATOR JOHN BOOZMAN,2024,BANNER ORGANIZATION TOTALS,51063.22,status=warn; banner=51063.22; parsed_body=8465.53. Banner checks are advisory; review against the source before treating this as a parser defect.,119sdoc3|banner_check_discrepancy|624|SENATOR JOHN BOOZMAN|2024|BANNER ORGANIZATION TOTALS|51063.22
warning,banner_check_missing,119sdoc3,GPO-CDOC-119sdoc3-1.pdf,627,INTERN COMPENSATION - BOOZMAN,2024,BANNER NET PAYROLL,0.0,status=banner_missing; banner=0.0; parsed_body=0.0. Banner checks are advisory; review against the source before treating this as a parser defect.,119sdoc3|banner_check_missing|627|INTERN COMPENSATION - BOOZMAN|2024|BANNER NET PAYROLL|0.0
warning,banner_check_discrepancy,119sdoc3,GPO-CDOC-119sdoc3-1.pdf,628,SENATOR JOHN BOOZMAN,2025,BANNER ORGANIZATION TOTALS,1687915.41,status=warn; banner=1687915.41; parsed_body=1655401.12. Banner checks are advisory; review against the source before treating this as a parser defect.,119sdoc3|banner_check_discrepancy|628|SENATOR JOHN BOOZMAN|2025|BANNER ORGANIZATION TOTALS|1687915.41
warning,banner_check_missing,119sdoc3,GPO-CDOC-119sdoc3-1.pdf,640,SENATOR MIKE BRAUN,2023,BANNER NET PAYROLL,0.0,status=banner_missing; banner=0.0; parsed_body=0.0. Banner checks are advisory; review against the source before treating this as a parser defect.,119sdoc3|banner_check_missing|640|SENATOR MIKE BRAUN|2023|BANNER NET PAYROLL|0.0
warning,banner_check_missing,119sdoc3,GPO-CDOC-119sdoc3-1.pdf,641,INTERN COMPENSATION - BRAUN,2023,BANNER NET PAYROLL,0.0,status=banner_missing; banner=0.0; parsed_body=0.0. Banner checks are advisory; review against the source before treating this as a parser defect.,119sdoc3|banner_check_missing|641|INTERN COMPENSATION - BRAUN|2023|BANNER NET PAYROLL|0.0
warning,banner_check_discrepancy,119sdoc3,GPO-CDOC-119sdoc3-1.pdf,642,SENATOR MIKE BRAUN,2024,BANNER ORGANIZATION TOTALS,22043.76,status=warn; banner=22043.76; parsed_body=13547.98. Banner checks are advisory; review against the source before treating this as a parser defect.,119sdoc3|banner_check_discrepancy|642|SENATOR MIKE BRAUN|2024|BANNER ORGANIZATION TOTALS|22043.76
warning,banner_check_missing,119sdoc3,GPO-CDOC-119sdoc3-1.pdf,645,INTERN COMPENSATION - BRAUN,2024,BANNER NET PAYROLL,0.0,status=banner_missing; banner=0.0; parsed_body=0.0. Banner checks are advisory; review against the source before treating this as a parser defect.,119sdoc3|banner_check_missing|645|INTERN COMPENSATION - BRAUN|2024|BANNER NET PAYROLL|0.0
warning,banner_check_discrepancy,119sdoc3,GPO-CDOC-119sdoc3-1.pdf,646,SENATOR MIKE BRAUN,2025,BANNER ORGANIZATION TOTALS,1308177.31,status=warn; banner=1308177.31; parsed_body=1293190.21. Banner checks are advisory; review against the source before treating this as a parser defect.,119sdoc3|banner_check_discrepancy|646|SENATOR MIKE BRAUN|2025|BANNER ORGANIZATION TOTALS|1308177.31
warning,banner_check_missing,119sdoc3,GPO-CDOC-119sdoc3-1.pdf,653,SENATOR KATIE BRITT,2023,BANNER NET PAYROLL,0.0,status=banner_missing; banner=0.0; parsed_body=0.0. Banner checks are advisory; review against the source before treating this as a parser defect.,119sdoc3|banner_check_missing|653|SENATOR KATIE BRITT|2023|BANNER NET PAYROLL|0.0
warning,banner_check_missing,119sdoc3,GPO-CDOC-119sdoc3-1.pdf,654,INTERN COMPENSATION - BRITT,2023,BANNER NET PAYROLL,0.0,status=banner_missing; banner=0.0; parsed_body=0.0. Banner checks are advisory; review against the source before treating this as a parser defect.,119sdoc3|banner_check_missing|654|INTERN COMPENSATION - BRITT|2023|BANNER NET PAYROLL|0.0
warning,banner_check_missing,119sdoc3,GPO-CDOC-119sdoc3-1.pdf,655,SENATOR KATIE BRITT,2024,BANNER NET PAYROLL,2041.5,status=banner_missing; banner=2041.5; parsed_body=0.0. Banner checks are advisory; review against the source before treating this as a parser defect.,119sdoc3|banner_check_missing|655|SENATOR KATIE BRITT|2024|BANNER NET PAYROLL|2041.5
warning,banner_check_discrepancy,119sdoc3,GPO-CDOC-119sdoc3-1.pdf,655,SENATOR KATIE BRITT,2024,BANNER ORGANIZATION TOTALS,182683.94,status=warn; banner=182683.94; parsed_body=166080.48. Banner checks are advisory; review against the source before treating this as a parser defect.,119sdoc3|banner_check_discrepancy|655|SENATOR KATIE BRITT|2024|BANNER ORGANIZATION TOTALS|182683.94
warning,banner_check_missing,119sdoc3,GPO-CDOC-119sdoc3-1.pdf,661,INTERN COMPENSATION - BRITT,2024,BANNER NET PAYROLL,0.0,status=banner_missing; banner=0.0; parsed_body=0.0. Banner checks are advisory; review against the source before treating this as a parser defect.,119sdoc3|banner_check_missing|661|INTERN COMPENSATION - BRITT|2024|BANNER NET PAYROLL|0.0
warning,banner_check_discrepancy,119sdoc3,GPO-CDOC-119sdoc3-1.pdf,662,SENATOR KATIE BRITT,2025,BANNER NET PAYROLL,1768633.95,status=fail; banner=1768633.95; parsed_body=1770675.45. Banner checks are advisory; review against the source before treating this as a parser defect.,119sdoc3|banner_check_discrepancy|662|SENATOR KATIE BRITT|2025|BANNER NET PAYROLL|1768633.95
warning,banner_check_discrepancy,119sdoc3,GPO-CDOC-119sdoc3-1.pdf,662,SENATOR KATIE BRITT,2025,BANNER ORGANIZATION TOTALS,1942252.22,status=warn; banner=1942252.22; parsed_body=1853441.97. Banner checks are advisory; review against the source before treating this as a parser defect.,119sdoc3|banner_check_discrepancy|662|SENATOR KATIE BRITT|2025|BANNER ORGANIZATION TOTALS|1942252.22
warning,banner_check_missing,119sdoc3,GPO-CDOC-119sdoc3-1.pdf,676,SENATOR SHERROD BROWN,2023,BANNER NET PAYROLL,0.0,status=banner_missing; banner=0.0; parsed_body=0.0. Banner checks are advisory; review against the source before treating this as a parser defect.,119sdoc3|banner_check_missing|676|SENATOR SHERROD BROWN|2023|BANNER NET PAYROLL|0.0
warning,banner_check_missing,119sdoc3,GPO-CDOC-119sdoc3-1.pdf,677,INTERN COMPENSATION - BROWN,2023,BANNER NET PAYROLL,0.0,status=banner_missing; banner=0.0; parsed_body=0.0. Banner checks are advisory; review against the source before treating this as a parser defect.,119sdoc3|banner_check_missing|677|INTERN COMPENSATION - BROWN|2023|BANNER NET PAYROLL|0.0
warning,banner_check_discrepancy,119sdoc3,GPO-CDOC-119sdoc3-1.pdf,678,SENATOR SHERROD BROWN,2024,BANNER NET PAYROLL,2453.83,status=fail; banner=2453.83; parsed_body=614.16. Banner checks are advisory; review against the source before treating this as a parser defect.,119sdoc3|banner_check_discrepancy|678|SENATOR SHERROD BROWN|2024|BANNER NET PAYROLL|2453.83
warning,banner_check_discrepancy,119sdoc3,GPO-CDOC-119sdoc3-1.pdf,678,SENATOR SHERROD BROWN,2024,BANNER ORGANIZATION TOTALS,32912.18,status=warn; banner=32912.18; parsed_body=16977.47. Banner checks are advisory; review against the source before treating this as a parser defect.,119sdoc3|banner_check_discrepancy|678|SENATOR SHERROD BROWN|2024|BANNER ORGANIZATION TOTALS|32912.18
warning,banner_check_missing,119sdoc3,GPO-CDOC-119sdoc3-1.pdf,682,INTERN COMPENSATION - BROWN,2024,BANNER NET PAYROLL,0.0,status=banner_missing; banner=0.0; parsed_body=0.0. Banner checks are advisory; review against the source before treating this as a parser defect.,119sdoc3|banner_check_missing|682|INTERN COMPENSATION - BROWN|2024|BANNER NET PAYROLL|0.0
warning,banner_check_discrepancy,119sdoc3,GPO-CDOC-119sdoc3-1.pdf,683,SENATOR SHERROD BROWN,2025,BANNER NET PAYROLL,1532760.29,status=fail; banner=1532760.29; parsed_body=1531795.72. Banner checks are advisory; review against the source before treating this as a parser defect.,119sdoc3|banner_check_discrepancy|683|SENATOR SHERROD BROWN|2025|BANNER NET PAYROLL|1532760.29
warning,banner_check_discrepancy,119sdoc3,GPO-CDOC-119sdoc3-1.pdf,683,SENATOR SHERROD BROWN,2025,BANNER ORGANIZATION TOTALS,1598891.23,status=warn; banner=1598891.23; parsed_body=1580713.74. Banner checks are advisory; review against the source before treating this as a parser defect.,119sdoc3|banner_check_discrepancy|683|SENATOR SHERROD BROWN|2025|BANNER ORGANIZATION TOTALS|1598891.23
warning,banner_check_discrepancy,119sdoc3,GPO-CDOC-119sdoc3-1.pdf,692,INTERN COMPENSATION - BROWN,2025,BANNER NET PAYROLL,25800.0,status=fail; banner=25800.0; parsed_body=28604.24. Banner checks are advisory; review against the source before treating this as a parser defect.,119sdoc3|banner_check_discrepancy|692|INTERN COMPENSATION - BROWN|2025|BANNER NET PAYROLL|25800.0
warning,banner_check_discrepancy,119sdoc3,GPO-CDOC-119sdoc3-1.pdf,692,INTERN COMPENSATION - BROWN,2025,BANNER ORGANIZATION TOTALS,25800.0,status=warn; banner=25800.0; parsed_body=28604.24. Banner checks are advisory; review against the source before treating this as a parser defect.,119sdoc3|banner_check_discrepancy|692|INTERN COMPENSATION - BROWN|2025|BANNER ORGANIZATION TOTALS|25800.0
warning,banner_check_missing,119sdoc3,GPO-CDOC-119sdoc3-1.pdf,693,SENATOR THEODORE BUDD,2023,BANNER NET PAYROLL,0.0,status=banner_missing; banner=0.0; parsed_body=0.0. Banner checks are advisory; review against the source before treating this as a parser defect.,119sdoc3|banner_check_missing|693|SENATOR THEODORE BUDD|2023|BANNER NET PAYROLL|0.0
warning,banner_check_missing,119sdoc3,GPO-CDOC-119sdoc3-1.pdf,694,INTERN COMPENSATION - BUDD,2023,BANNER NET PAYROLL,0.0,status=banner_missing; banner=0.0; parsed_body=0.0. Banner checks are advisory; review against the source before treating this as a parser defect.,119sdoc3|banner_check_missing|694|INTERN COMPENSATION - BUDD|2023|BANNER NET PAYROLL|0.0
warning,banner_check_discrepancy,119sdoc3,GPO-CDOC-119sdoc3-1.pdf,695,SENATOR THEODORE BUDD,2024,BANNER ORGANIZATION TOTALS,129594.35,status=warn; banner=129594.35; parsed_body=53114.19. Banner checks are advisory; review against the source before treating this as a parser defect.,119sdoc3|banner_check_discrepancy|695|SENATOR THEODORE BUDD|2024|BANNER ORGANIZATION TOTALS|129594.35
warning,banner_check_missing,119sdoc3,GPO-CDOC-119sdoc3-1.pdf,699,INTERN COMPENSATION - BUDD,2024,BANNER NET PAYROLL,0.0,status=banner_missing; banner=0.0; parsed_body=0.0. Banner checks are advisory; review against the source before treating this as a parser defect.,119sdoc3|banner_check_missing|699|INTERN COMPENSATION - BUDD|2024|BANNER NET PAYROLL|0.0
warning,banner_check_discrepancy,119sdoc3,GPO-CDOC-119sdoc3-1.pdf,700,SENATOR THEODORE BUDD,2025,BANNER ORGANIZATION TOTALS,1909270.92,status=warn; banner=1909270.92; parsed_body=1880728.8. Banner checks are advisory; review against the source before treating this as a parser defect.,119sdoc3|banner_check_discrepancy|700|SENATOR THEODORE BUDD|2025|BANNER ORGANIZATION TOTALS|1909270.92
warning,banner_check_missing,119sdoc3,GPO-CDOC-119sdoc3-1.pdf,717,SENATOR RICHARD BURR,2023,BANNER NET PAYROLL,0.0,status=banner_missing; banner=0.0; parsed_body=0.0. Banner checks are advisory; review against the source before treating this as a parser defect.,119sdoc3|banner_check_missing|717|SENATOR RICHARD BURR|2023|BANNER NET PAYROLL|0.0
warning,banner_check_missing,119sdoc3,GPO-CDOC-119sdoc3-1.pdf,718,INTERN COMPENSATION - BURR,2023,BANNER NET PAYROLL,0.0,status=banner_missing; banner=0.0; parsed_body=0.0. Banner checks are advisory; review against the source before treating this as a parser defect.,119sdoc3|banner_check_missing|718|INTERN COMPENSATION - BURR|2023|BANNER NET PAYROLL|0.0
warning,banner_check_discrepancy,119sdoc3,GPO-CDOC-119sdoc3-1.pdf,719,SENATOR LAPHONZA BUTLER,2024,BANNER NET PAYROLL,2644.43,status=fail; banner=2644.43; parsed_body=2447.21. Banner checks are advisory; review against the source before treating this as a parser defect.,119sdoc3|banner_check_discrepancy|719|SENATOR LAPHONZA BUTLER|2024|BANNER NET PAYROLL|2644.43
warning,banner_check_discrepancy,119sdoc3,GPO-CDOC-119sdoc3-1.pdf,719,SENATOR LAPHONZA BUTLER,2024,BANNER ORGANIZATION TOTALS,59881.41,status=warn; banner=59881.41; parsed_body=40658.91. Banner checks are advisory; review against the source before treating this as a parser defect.,119sdoc3|banner_check_discrepancy|719|SENATOR LAPHONZA BUTLER|2024|BANNER ORGANIZATION TOTALS|59881.41
warning,banner_check_missing,119sdoc3,GPO-CDOC-119sdoc3-1.pdf,723,INTERN COMPENSATION - BUTLER,2024,BANNER NET PAYROLL,0.0,status=banner_missing; banner=0.0; parsed_body=0.0. Banner checks are advisory; review against the source before treating this as a parser defect.,119sdoc3|banner_check_missing|723|INTERN COMPENSATION - BUTLER|2024|BANNER NET PAYROLL|0.0
warning,banner_check_discrepancy,119sdoc3,GPO-CDOC-119sdoc3-1.pdf,724,SENATOR LAPHONZA BUTLER,2025,BANNER NET PAYROLL,1192718.99,status=fail; banner=1192718.99; parsed_body=1192916.21. Banner checks are advisory; review against the source before treating this as a parser defect.,119sdoc3|banner_check_discrepancy|724|SENATOR LAPHONZA BUTLER|2025|BANNER NET PAYROLL|1192718.99
warning,banner_check_discrepancy,119sdoc3,GPO-CDOC-119sdoc3-1.pdf,724,SENATOR LAPHONZA BUTLER,2025,BANNER ORGANIZATION TOTALS,1227373.83,status=warn; banner=1227373.83; parsed_body=1212434.38. Banner checks are advisory; review against the source before treating this as a parser defect.,119sdoc3|banner_check_discrepancy|724|SENATOR LAPHONZA BUTLER|2025|BANNER ORGANIZATION TOTALS|1227373.83
warning,banner_check_missing,119sdoc3,GPO-CDOC-119sdoc3-1.pdf,730,SENATOR MARIA CANTWELL,2023,BANNER NET PAYROLL,0.0,status=banner_missing; banner=0.0; parsed_body=0.0. Banner checks are advisory; review against the source before treating this as a parser defect.,119sdoc3|banner_check_missing|730|SENATOR MARIA CANTWELL|2023|BANNER NET PAYROLL|0.0
warning,banner_check_discrepancy,119sdoc3,GPO-CDOC-119sdoc3-1.pdf,732,SENATOR MARIA CANTWELL,2024,BANNER NET PAYROLL,607.39,status=fail; banner=607.39; parsed_body=1128.45. Banner checks are advisory; review against the source before treating this as a parser defect.,119sdoc3|banner_check_discrepancy|732|SENATOR MARIA CANTWELL|2024|BANNER NET PAYROLL|607.39
warning,banner_check_discrepancy,119sdoc3,GPO-CDOC-119sdoc3-1.pdf,732,SENATOR MARIA CANTWELL,2024,BANNER ORGANIZATION TOTALS,26303.96,status=warn; banner=26303.96; parsed_body=18220.61. Banner checks are advisory; review against the source before treating this as a parser defect.,119sdoc3|banner_check_discrepancy|732|SENATOR MARIA CANTWELL|2024|BANNER ORGANIZATION TOTALS|26303.96
warning,banner_check_missing,119sdoc3,GPO-CDOC-119sdoc3-1.pdf,736,INTERN COMPENSATION - CANTWELL,2024,BANNER NET PAYROLL,0.0,status=banner_missing; banner=0.0; parsed_body=0.0. Banner checks are advisory; review against the source before treating this as a parser defect.,119sdoc3|banner_check_missing|736|INTERN COMPENSATION - CANTWELL|2024|BANNER NET PAYROLL|0.0
warning,banner_check_discrepancy,119sdoc3,GPO-CDOC-119sdoc3-1.pdf,737,SENATOR MARIA CANTWELL,2025,BANNER NET PAYROLL,2008139.88,status=fail; banner=2008139.88; parsed_body=2007618.82. Banner checks are advisory; review against the source before treating this as a parser defect.,119sdoc3|banner_check_discrepancy|737|SENATOR MARIA CANTWELL|2025|BANNER NET PAYROLL|2008139.88
warning,banner_check_discrepancy,119sdoc3,GPO-CDOC-119sdoc3-1.pdf,737,SENATOR MARIA CANTWELL,2025,BANNER ORGANIZATION TOTALS,2093762.53,status=fail; banner=2093762.53; parsed_body=2045623.83. Banner checks are advisory; review against the source before treating this as a parser defect.,119sdoc3|banner_check_discrepancy|737|SENATOR MARIA CANTWELL|2025|BANNER ORGANIZATION TOTALS|2093762.53
warning,banner_check_missing,119sdoc3,GPO-CDOC-119sdoc3-1.pdf,745,SENATOR SHELLEY MOORE CAPITO,2023,BANNER NET PAYROLL,0.0,status=banner_missing; banner=0.0; parsed_body=0.0. Banner checks are advisory; review against the source before treating this as a parser defect.,119sdoc3|banner_check_missing|745|SENATOR SHELLEY MOORE CAPITO|2023|BANNER NET PAYROLL|0.0
warning,banner_check_missing,119sdoc3,GPO-CDOC-119sdoc3-1.pdf,746,INTERN COMPENSATION - CAPITO,2023,BANNER NET PAYROLL,0.0,status=banner_missing; banner=0.0; parsed_body=0.0. Banner checks are advisory; review against the source before treating this as a parser defect.,119sdoc3|banner_check_missing|746|INTERN COMPENSATION - CAPITO|2023|BANNER NET PAYROLL|0.0
warning,banner_check_discrepancy,119sdoc3,GPO-CDOC-119sdoc3-1.pdf,747,SENATOR SHELLEY MOORE CAPITO,2024,BANNER ORGANIZATION TOTALS,41402.72,status=warn; banner=41402.72; parsed_body=33467.81. Banner checks are advisory; review against the source before treating this as a parser defect.,119sdoc3|banner_check_discrepancy|747|SENATOR SHELLEY MOORE CAPITO|2024|BANNER ORGANIZATION TOTALS|41402.72
warning,banner_check_missing,119sdoc3,GPO-CDOC-119sdoc3-1.pdf,749,INTERN COMPENSATION - CAPITO,2024,BANNER NET PAYROLL,0.0,status=banner_missing; banner=0.0; parsed_body=0.0. Banner checks are advisory; review against the source before treating this as a parser defect.,119sdoc3|banner_check_missing|749|INTERN COMPENSATION - CAPITO|2024|BANNER NET PAYROLL|0.0
warning,banner_check_discrepancy,119sdoc3,GPO-CDOC-119sdoc3-1.pdf,750,SENATOR SHELLEY MOORE CAPITO,2025,BANNER ORGANIZATION TOTALS,1765483.5,status=warn; banner=1765483.5; parsed_body=1687154.57. Banner checks are advisory; review against the source before treating this as a parser defect.,119sdoc3|banner_check_discrepancy|750|SENATOR SHELLEY MOORE CAPITO|2025|BANNER ORGANIZATION TOTALS|1765483.5
warning,banner_check_missing,119sdoc3,GPO-CDOC-119sdoc3-1.pdf,764,SENATOR BENJAMIN L. CARDIN,2023,BANNER NET PAYROLL,0.0,status=banner_missing; banner=0.0; parsed_body=0.0. Banner checks are advisory; review against the source before treating this as a parser defect.,119sdoc3|banner_check_missing|764|SENATOR BENJAMIN L. CARDIN|2023|BANNER NET PAYROLL|0.0
warning,banner_check_missing,119sdoc3,GPO-CDOC-119sdoc3-1.pdf,765,INTERN COMPENSATION - CARDIN,2023,BANNER NET PAYROLL,0.0,status=banner_missing; banner=0.0; parsed_body=0.0. Banner checks are advisory; review against the source before treating this as a parser defect.,119sdoc3|banner_check_missing|765|INTERN COMPENSATION - CARDIN|2023|BANNER NET PAYROLL|0.0
warning,banner_check_discrepancy,119sdoc3,GPO-CDOC-119sdoc3-1.pdf,766,SENATOR BENJAMIN L. CARDIN,2024,BANNER ORGANIZATION TOTALS,27014.09,status=warn; banner=27014.09; parsed_body=19740.4. Banner checks are advisory; review against the source before treating this as a parser defect.,119sdoc3|banner_check_discrepancy|766|SENATOR BENJAMIN L. CARDIN|2024|BANNER ORGANIZATION TOTALS|27014.09
warning,banner_check_missing,119sdoc3,GPO-CDOC-119sdoc3-1.pdf,768,INTERN COMPENSATION - CARDIN,2024,BANNER NET PAYROLL,0.0,status=banner_missing; banner=0.0; parsed_body=0.0. Banner checks are advisory; review against the source before treating this as a parser defect.,119sdoc3|banner_check_missing|768|INTERN COMPENSATION - CARDIN|2024|BANNER NET PAYROLL|0.0
warning,banner_check_discrepancy,119sdoc3,GPO-CDOC-119sdoc3-1.pdf,769,SENATOR BENJAMIN L. CARDIN,2025,BANNER ORGANIZATION TOTALS,1426522.72,status=warn; banner=1426522.72; parsed_body=1417393.14. Banner checks are advisory; review against the source before treating this as a parser defect.,119sdoc3|banner_check_discrepancy|769|SENATOR BENJAMIN L. CARDIN|2025|BANNER ORGANIZATION TOTALS|1426522.72
warning,banner_check_missing,119sdoc3,GPO-CDOC-119sdoc3-1.pdf,773,SENATOR THOMAS R. CARPER,2023,BANNER NET PAYROLL,0.0,status=banner_missing; banner=0.0; parsed_body=0.0. Banner checks are advisory; review against the source before treating this as a parser defect.,119sdoc3|banner_check_missing|773|SENATOR THOMAS R. CARPER|2023|BANNER NET PAYROLL|0.0
warning,banner_check_missing,119sdoc3,GPO-CDOC-119sdoc3-1.pdf,774,INTERN COMPENSATION - CARPER,2023,BANNER NET PAYROLL,0.0,status=banner_missing; banner=0.0; parsed_body=0.0. Banner checks are advisory; review against the source before treating this as a parser defect.,119sdoc3|banner_check_missing|774|INTERN COMPENSATION - CARPER|2023|BANNER NET PAYROLL|0.0
warning,banner_check_missing,119sdoc3,GPO-CDOC-119sdoc3-1.pdf,775,SENATOR THOMAS R. CARPER,2024,BANNER NET PAYROLL,756.76,status=banner_missing; banner=756.76; parsed_body=0.0. Banner checks are advisory; review against the source before treating this as a parser defect.,119sdoc3|banner_check_missing|775|SENATOR THOMAS R. CARPER|2024|BANNER NET PAYROLL|756.76
warning,banner_check_discrepancy,119sdoc3,GPO-CDOC-119sdoc3-1.pdf,775,SENATOR THOMAS R. CARPER,2024,BANNER ORGANIZATION TOTALS,7537.08,status=warn; banner=7537.08; parsed_body=2973.17. Banner checks are advisory; review against the source before treating this as a parser defect.,119sdoc3|banner_check_discrepancy|775|SENATOR THOMAS R. CARPER|2024|BANNER ORGANIZATION TOTALS|7537.08
warning,banner_check_missing,119sdoc3,GPO-CDOC-119sdoc3-1.pdf,777,INTERN COMPENSATION - CARPER,2024,BANNER NET PAYROLL,0.0,status=banner_missing; banner=0.0; parsed_body=0.0. Banner checks are advisory; review against the source before treating this as a parser defect.,119sdoc3|banner_check_missing|777|INTERN COMPENSATION - CARPER|2024|BANNER NET PAYROLL|0.0
warning,banner_check_discrepancy,119sdoc3,GPO-CDOC-119sdoc3-1.pdf,778,SENATOR THOMAS R. CARPER,2025,BANNER NET PAYROLL,1295794.08,status=fail; banner=1295794.08; parsed_body=1296550.84. Banner checks are advisory; review against the source before treating this as a parser defect.,119sdoc3|banner_check_discrepancy|778|SENATOR THOMAS R. CARPER|2025|BANNER NET PAYROLL|1295794.08
warning,banner_check_discrepancy,119sdoc3,GPO-CDOC-119sdoc3-1.pdf,778,SENATOR THOMAS R. CARPER,2025,BANNER ORGANIZATION TOTALS,1325102.44,status=warn; banner=1325102.44; parsed_body=1318830.82. Banner checks are advisory; review against the source before treating this as a parser defect.,119sdoc3|banner_check_discrepancy|778|SENATOR THOMAS R. CARPER|2025|BANNER ORGANIZATION TOTALS|1325102.44
warning,banner_check_missing,119sdoc3,GPO-CDOC-119sdoc3-1.pdf,786,SENATOR ROBERT CASEY,2023,BANNER NET PAYROLL,0.0,status=banner_missing; banner=0.0; parsed_body=0.0. Banner checks are advisory; review against the source before treating this as a parser defect.,119sdoc3|banner_check_missing|786|SENATOR ROBERT CASEY|2023|BANNER NET PAYROLL|0.0
warning,banner_check_missing,119sdoc3,GPO-CDOC-119sdoc3-1.pdf,787,INTERN COMPENSATION - CASEY,2023,BANNER NET PAYROLL,0.0,status=banner_missing; banner=0.0; parsed_body=0.0. Banner checks are advisory; review against the source before treating this as a parser defect.,119sdoc3|banner_check_missing|787|INTERN COMPENSATION - CASEY|2023|BANNER NET PAYROLL|0.0
warning,banner_check_discrepancy,119sdoc3,GPO-CDOC-119sdoc3-1.pdf,788,SENATOR ROBERT CASEY,2024,BANNER NET PAYROLL,4382.77,status=fail; banner=4382.77; parsed_body=2195.5. Banner checks are advisory; review against the source before treating this as a parser defect.,119sdoc3|banner_check_discrepancy|788|SENATOR ROBERT CASEY|2024|BANNER NET PAYROLL|4382.77
warning,banner_check_discrepancy,119sdoc3,GPO-CDOC-119sdoc3-1.pdf,788,SENATOR ROBERT CASEY,2024,BANNER ORGANIZATION TOTALS,18082.06,status=warn; banner=18082.06; parsed_body=8876.69. Banner checks are advisory; review against the source before treating this as a parser defect.,119sdoc3|banner_check_discrepancy|788|SENATOR ROBERT CASEY|2024|BANNER ORGANIZATION TOTALS|18082.06
warning,banner_check_missing,119sdoc3,GPO-CDOC-119sdoc3-1.pdf,791,INTERN COMPENSATION - CASEY,2024,BANNER NET PAYROLL,0.0,status=banner_missing; banner=0.0; parsed_body=0.0. Banner checks are advisory; review against the source before treating this as a parser defect.,119sdoc3|banner_check_missing|791|INTERN COMPENSATION - CASEY|2024|BANNER NET PAYROLL|0.0
warning,banner_check_discrepancy,119sdoc3,GPO-CDOC-119sdoc3-1.pdf,792,SENATOR ROBERT CASEY,2025,BANNER NET PAYROLL,1519557.28,status=fail; banner=1519557.28; parsed_body=1521744.55. Banner checks are advisory; review against the source before treating this as a parser defect.,119sdoc3|banner_check_discrepancy|792|SENATOR ROBERT CASEY|2025|BANNER NET PAYROLL|1519557.28
warning,banner_check_discrepancy,119sdoc3,GPO-CDOC-119sdoc3-1.pdf,792,SENATOR ROBERT CASEY,2025,BANNER ORGANIZATION TOTALS,1596140.31,status=warn; banner=1596140.31; parsed_body=1578204.71. Banner checks are advisory; review against the source before treating this as a parser defect.,119sdoc3|banner_check_discrepancy|792|SENATOR ROBERT CASEY|2025|BANNER ORGANIZATION TOTALS|1596140.31
warning,banner_check_missing,119sdoc3,GPO-CDOC-119sdoc3-1.pdf,804,SENATOR BILL CASSIDY,2023,BANNER NET PAYROLL,0.0,status=banner_missing; banner=0.0; parsed_body=0.0. Banner checks are advisory; review against the source before treating this as a parser defect.,119sdoc3|banner_check_missing|804|SENATOR BILL CASSIDY|2023|BANNER NET PAYROLL|0.0
warning,banner_check_missing,119sdoc3,GPO-CDOC-119sdoc3-1.pdf,805,INTERN COMPENSATION - CASSIDY,2023,BANNER NET PAYROLL,0.0,status=banner_missing; banner=0.0; parsed_body=0.0. Banner checks are advisory; review against the source before treating this as a parser defect.,119sdoc3|banner_check_missing|805|INTERN COMPENSATION - CASSIDY|2023|BANNER NET PAYROLL|0.0
warning,banner_check_discrepancy,119sdoc3,GPO-CDOC-119sdoc3-1.pdf,806,SENATOR BILL CASSIDY,2024,BANNER ORGANIZATION TOTALS,113272.32,status=warn; banner=113272.32; parsed_body=60524.6. Banner checks are advisory; review against the source before treating this as a parser defect.,119sdoc3|banner_check_discrepancy|806|SENATOR BILL CASSIDY|2024|BANNER ORGANIZATION TOTALS|113272.32
warning,banner_check_missing,119sdoc3,GPO-CDOC-119sdoc3-1.pdf,810,INTERN COMPENSATION - CASSIDY,2024,BANNER NET PAYROLL,0.0,status=banner_missing; banner=0.0; parsed_body=0.0. Banner checks are advisory; review against the source before treating this as a parser defect.,119sdoc3|banner_check_missing|810|INTERN COMPENSATION - CASSIDY|2024|BANNER NET PAYROLL|0.0
warning,banner_check_discrepancy,119sdoc3,GPO-CDOC-119sdoc3-1.pdf,811,SENATOR BILL CASSIDY,2025,BANNER ORGANIZATION TOTALS,1851887.26,status=warn; banner=1851887.26; parsed_body=1798445.22. Banner checks are advisory; review against the source before treating this as a parser defect.,119sdoc3|banner_check_discrepancy|811|SENATOR BILL CASSIDY|2025|BANNER ORGANIZATION TOTALS|1851887.26
warning,banner_check_missing,119sdoc3,GPO-CDOC-119sdoc3-1.pdf,826,SENATOR SUSAN M. COLLINS,2023,BANNER NET PAYROLL,0.0,status=banner_missing; banner=0.0; parsed_body=0.0. Banner checks are advisory; review against the source before treating this as a parser defect.,119sdoc3|banner_check_missing|826|SENATOR SUSAN M. COLLINS|2023|BANNER NET PAYROLL|0.0
warning,banner_check_missing,119sdoc3,GPO-CDOC-119sdoc3-1.pdf,827,INTERN COMPENSATION - COLLINS,2023,BANNER NET PAYROLL,0.0,status=banner_missing; banner=0.0; parsed_body=0.0. Banner checks are advisory; review against the source before treating this as a parser defect.,119sdoc3|banner_check_missing|827|INTERN COMPENSATION - COLLINS|2023|BANNER NET PAYROLL|0.0
warning,banner_check_discrepancy,119sdoc3,GPO-CDOC-119sdoc3-1.pdf,828,SENATOR SUSAN M. COLLINS,2024,BANNER NET PAYROLL,4449.92,status=fail; banner=4449.92; parsed_body=2833.64. Banner checks are advisory; review against the source before treating this as a parser defect.,119sdoc3|banner_check_discrepancy|828|SENATOR SUSAN M. COLLINS|2024|BANNER NET PAYROLL|4449.92
warning,banner_check_discrepancy,119sdoc3,GPO-CDOC-119sdoc3-1.pdf,828,SENATOR SUSAN M. COLLINS,2024,BANNER ORGANIZATION TOTALS,60735.57,status=warn; banner=60735.57; parsed_body=35210.24. Banner checks are advisory; review against the source before treating this as a parser defect.,119sdoc3|banner_check_discrepancy|828|SENATOR SUSAN M. COLLINS|2024|BANNER ORGANIZATION TOTALS|60735.57
warning,banner_check_missing,119sdoc3,GPO-CDOC-119sdoc3-1.pdf,833,INTERN COMPENSATION - COLLINS,2024,BANNER NET PAYROLL,0.0,status=banner_missing; banner=0.0; parsed_body=0.0. Banner checks are advisory; review against the source before treating this as a parser defect.,119sdoc3|banner_check_missing|833|INTERN COMPENSATION - COLLINS|2024|BANNER NET PAYROLL|0.0
warning,banner_check_discrepancy,119sdoc3,GPO-CDOC-119sdoc3-1.pdf,834,SENATOR SUSAN M. COLLINS,2025,BANNER NET PAYROLL,1660174.14,status=fail; banner=1660174.14; parsed_body=1661790.42. Banner checks are advisory; review against the source before treating this as a parser defect.,119sdoc3|banner_check_discrepancy|834|SENATOR SUSAN M. COLLINS|2025|BANNER NET PAYROLL|1660174.14
warning,banner_check_discrepancy,119sdoc3,GPO-CDOC-119sdoc3-1.pdf,834,SENATOR SUSAN M. COLLINS,2025,BANNER ORGANIZATION TOTALS,1760827.62,status=warn; banner=1760827.62; parsed_body=1720586.61. Banner checks are advisory; review against the source before treating this as a parser defect.,119sdoc3|banner_check_discrepancy|834|SENATOR SUSAN M. COLLINS|2025|BANNER ORGANIZATION TOTALS|1760827.62
warning,banner_check_missing,119sdoc3,GPO-CDOC-119sdoc3-1.pdf,848,SENATOR CHRISTOPHER A. COONS,2023,BANNER NET PAYROLL,0.0,status=banner_missing; banner=0.0; parsed_body=0.0. Banner checks are advisory; review against the source before treating this as a parser defect.,119sdoc3|banner_check_missing|848|SENATOR CHRISTOPHER A. COONS|2023|BANNER NET PAYROLL|0.0
warning,banner_check_missing,119sdoc3,GPO-CDOC-119sdoc3-1.pdf,849,INTERN COMPENSATION - COONS,2023,BANNER NET PAYROLL,0.0,status=banner_missing; banner=0.0; parsed_body=0.0. Banner checks are advisory; review against the source before treating this as a parser defect.,119sdoc3|banner_check_missing|849|INTERN COMPENSATION - COONS|2023|BANNER NET PAYROLL|0.0
warning,banner_check_missing,119sdoc3,GPO-CDOC-119sdoc3-1.pdf,850,SENATOR CHRISTOPHER A. COONS,2024,BANNER NET PAYROLL,18491.66,status=banner_missing; banner=18491.66; parsed_body=0.0. Banner checks are advisory; review against the source before treating this as a parser defect.,119sdoc3|banner_check_missing|850|SENATOR CHRISTOPHER A. COONS|2024|BANNER NET PAYROLL|18491.66
warning,banner_check_discrepancy,119sdoc3,GPO-CDOC-119sdoc3-1.pdf,850,SENATOR CHRISTOPHER A. COONS,2024,BANNER ORGANIZATION TOTALS,54641.06,status=warn; banner=54641.06; parsed_body=34038.77. Banner checks are advisory; review against the source before treating this as a parser defect.,119sdoc3|banner_check_discrepancy|850|SENATOR CHRISTOPHER A. COONS|2024|BANNER ORGANIZATION TOTALS|54641.06
warning,banner_check_missing,119sdoc3,GPO-CDOC-119sdoc3-1.pdf,853,INTERN COMPENSATION - COONS,2024,BANNER NET PAYROLL,0.0,status=banner_missing; banner=0.0; parsed_body=0.0. Banner checks are advisory; review against the source before treating this as a parser defect.,119sdoc3|banner_check_missing|853|INTERN COMPENSATION - COONS|2024|BANNER NET PAYROLL|0.0
warning,banner_check_discrepancy,119sdoc3,GPO-CDOC-119sdoc3-1.pdf,854,SENATOR CHRISTOPHER A. COONS,2025,BANNER NET PAYROLL,1787484.28,status=fail; banner=1787484.28; parsed_body=1819900.93. Banner checks are advisory; review against the source before treating this as a parser defect.,119sdoc3|banner_check_discrepancy|854|SENATOR CHRISTOPHER A. COONS|2025|BANNER NET PAYROLL|1787484.28
warning,banner_check_discrepancy,119sdoc3,GPO-CDOC-119sdoc3-1.pdf,854,SENATOR CHRISTOPHER A. COONS,2025,BANNER ORGANIZATION TOTALS,1853372.88,status=warn; banner=1853372.88; parsed_body=1844549.57. Banner checks are advisory; review against the source before treating this as a parser defect.,119sdoc3|banner_check_discrepancy|854|SENATOR CHRISTOPHER A. COONS|2025|BANNER ORGANIZATION TOTALS|1853372.88
warning,banner_check_missing,119sdoc3,GPO-CDOC-119sdoc3-1.pdf,864,SENATOR JOHN CORNYN,2023,BANNER NET PAYROLL,0.0,status=banner_missing; banner=0.0; parsed_body=0.0. Banner checks are advisory; review against the source before treating this as a parser defect.,119sdoc3|banner_check_missing|864|SENATOR JOHN CORNYN|2023|BANNER NET PAYROLL|0.0
warning,banner_check_missing,119sdoc3,GPO-CDOC-119sdoc3-1.pdf,865,INTERN COMPENSATION - CORNYN,2023,BANNER NET PAYROLL,0.0,status=banner_missing; banner=0.0; parsed_body=0.0. Banner checks are advisory; review against the source before treating this as a parser defect.,119sdoc3|banner_check_missing|865|INTERN COMPENSATION - CORNYN|2023|BANNER NET PAYROLL|0.0
warning,banner_check_discrepancy,119sdoc3,GPO-CDOC-119sdoc3-1.pdf,866,SENATOR JOHN CORNYN,2024,BANNER NET PAYROLL,3553.09,status=fail; banner=3553.09; parsed_body=1196.5. Banner checks are advisory; review against the source before treating this as a parser defect.,119sdoc3|banner_check_discrepancy|866|SENATOR JOHN CORNYN|2024|BANNER NET PAYROLL|3553.09
warning,banner_check_discrepancy,119sdoc3,GPO-CDOC-119sdoc3-1.pdf,866,SENATOR JOHN CORNYN,2024,BANNER ORGANIZATION TOTALS,199553.05,status=warn; banner=199553.05; parsed_body=106820.48. Banner checks are advisory; review against the source before treating this as a parser defect.,119sdoc3|banner_check_discrepancy|866|SENATOR JOHN CORNYN|2024|BANNER ORGANIZATION TOTALS|199553.05
warning,banner_check_missing,119sdoc3,GPO-CDOC-119sdoc3-1.pdf,873,INTERN COMPENSATION - CORNYN,2024,BANNER NET PAYROLL,0.0,status=banner_missing; banner=0.0; parsed_body=0.0. Banner checks are advisory; review against the source before treating this as a parser defect.,119sdoc3|banner_check_missing|873|INTERN COMPENSATION - CORNYN|2024|BANNER NET PAYROLL|0.0
warning,banner_check_discrepancy,119sdoc3,GPO-CDOC-119sdoc3-1.pdf,874,SENATOR JOHN CORNYN,2025,BANNER NET PAYROLL,2531491.55,status=fail; banner=2531491.55; parsed_body=2533848.14. Banner checks are advisory; review against the source before treating this as a parser defect.,119sdoc3|banner_check_discrepancy|874|SENATOR JOHN CORNYN|2025|BANNER NET PAYROLL|2531491.55
warning,banner_check_discrepancy,119sdoc3,GPO-CDOC-119sdoc3-1.pdf,874,SENATOR JOHN CORNYN,2025,BANNER ORGANIZATION TOTALS,2723244.48,status=fail; banner=2723244.48; parsed_body=2596559.5. Banner checks are advisory; review against the source before treating this as a parser defect.,119sdoc3|banner_check_discrepancy|874|SENATOR JOHN CORNYN|2025|BANNER ORGANIZATION TOTALS|2723244.48
warning,banner_check_missing,119sdoc3,GPO-CDOC-119sdoc3-1.pdf,883,SENATOR CATHERINE CORTEZ MASTO,2023,BANNER NET PAYROLL,0.0,status=banner_missing; banner=0.0; parsed_body=0.0. Banner checks are advisory; review against the source before treating this as a parser defect.,119sdoc3|banner_check_missing|883|SENATOR CATHERINE CORTEZ MASTO|2023|BANNER NET PAYROLL|0.0
warning,banner_check_missing,119sdoc3,GPO-CDOC-119sdoc3-1.pdf,884,INTERN COMPENSATION - CORTEZ MASTO,2023,BANNER NET PAYROLL,0.0,status=banner_missing; banner=0.0; parsed_body=0.0. Banner checks are advisory; review against the source before treating this as a parser defect.,119sdoc3|banner_check_missing|884|INTERN COMPENSATION - CORTEZ MASTO|2023|BANNER NET PAYROLL|0.0
warning,banner_check_discrepancy,119sdoc3,GPO-CDOC-119sdoc3-1.pdf,885,SENATOR CATHERINE CORTEZ MASTO,2024,BANNER ORGANIZATION TOTALS,123407.77,status=warn; banner=123407.77; parsed_body=84389.7. Banner checks are advisory; review against the source before treating this as a parser defect.,119sdoc3|banner_check_discrepancy|885|SENATOR CATHERINE CORTEZ MASTO|2024|BANNER ORGANIZATION TOTALS|123407.77
warning,banner_check_missing,119sdoc3,GPO-CDOC-119sdoc3-1.pdf,890,INTERN COMPENSATION - CORTEZ MASTO,2024,BANNER NET PAYROLL,0.0,status=banner_missing; banner=0.0; parsed_body=0.0. Banner checks are advisory; review against the source before treating this as a parser defect.,119sdoc3|banner_check_missing|890|INTERN COMPENSATION - CORTEZ MASTO|2024|BANNER NET PAYROLL|0.0
warning,banner_check_discrepancy,119sdoc3,GPO-CDOC-119sdoc3-1.pdf,891,SENATOR CATHERINE CORTEZ MASTO,2025,BANNER NET PAYROLL,1836944.69,status=fail; banner=1836944.69; parsed_body=1835367.63. Banner checks are advisory; review against the source before treating this as a parser defect.,119sdoc3|banner_check_discrepancy|891|SENATOR CATHERINE CORTEZ MASTO|2025|BANNER NET PAYROLL|1836944.69
warning,banner_check_discrepancy,119sdoc3,GPO-CDOC-119sdoc3-1.pdf,891,SENATOR CATHERINE CORTEZ MASTO,2025,BANNER ORGANIZATION TOTALS,1896831.8,status=warn; banner=1896831.8; parsed_body=1873993.74. Banner checks are advisory; review against the source before treating this as a parser defect.,119sdoc3|banner_check_discrepancy|891|SENATOR CATHERINE CORTEZ MASTO|2025|BANNER ORGANIZATION TOTALS|1896831.8
warning,banner_check_discrepancy,119sdoc3,GPO-CDOC-119sdoc3-1.pdf,896,INTERN COMPENSATION - CORTEZ MASTO,2025,BANNER NET PAYROLL,64400.0,status=fail; banner=64400.0; parsed_body=65977.06. Banner checks are advisory; review against the source before treating this as a parser defect.,119sdoc3|banner_check_discrepancy|896|INTERN COMPENSATION - CORTEZ MASTO|2025|BANNER NET PAYROLL|64400.0
warning,banner_check_discrepancy,119sdoc3,GPO-CDOC-119sdoc3-1.pdf,896,INTERN COMPENSATION - CORTEZ MASTO,2025,BANNER ORGANIZATION TOTALS,64400.0,status=warn; banner=64400.0; parsed_body=65977.06. Banner checks are advisory; review against the source before treating this as a parser defect.,119sdoc3|banner_check_discrepancy|896|INTERN COMPENSATION - CORTEZ MASTO|2025|BANNER ORGANIZATION TOTALS|64400.0
warning,banner_check_missing,119sdoc3,GPO-CDOC-119sdoc3-1.pdf,897,SENATOR TOM COTTON,2023,BANNER NET PAYROLL,0.0,status=banner_missing; banner=0.0; parsed_body=0.0. Banner checks are advisory; review against the source before treating this as a parser defect.,119sdoc3|banner_check_missing|897|SENATOR TOM COTTON|2023|BANNER NET PAYROLL|0.0
warning,banner_check_missing,119sdoc3,GPO-CDOC-119sdoc3-1.pdf,898,INTERN COMPENSATION - COTTON,2023,BANNER NET PAYROLL,0.0,status=banner_missing; banner=0.0; parsed_body=0.0. Banner checks are advisory; review against the source before treating this as a parser defect.,119sdoc3|banner_check_missing|898|INTERN COMPENSATION - COTTON|2023|BANNER NET PAYROLL|0.0
warning,banner_check_discrepancy,119sdoc3,GPO-CDOC-119sdoc3-1.pdf,899,SENATOR TOM COTTON,2024,BANNER ORGANIZATION TOTALS,44629.57,status=warn; banner=44629.57; parsed_body=32043.19. Banner checks are advisory; review against the source before treating this as a parser defect.,119sdoc3|banner_check_discrepancy|899|SENATOR TOM COTTON|2024|BANNER ORGANIZATION TOTALS|44629.57
warning,banner_check_missing,119sdoc3,GPO-CDOC-119sdoc3-1.pdf,902,INTERN COMPENSATION - COTTON,2024,BANNER NET PAYROLL,0.0,status=banner_missing; banner=0.0; parsed_body=0.0. Banner checks are advisory; review against the source before treating this as a parser defect.,119sdoc3|banner_check_missing|902|INTERN COMPENSATION - COTTON|2024|BANNER NET PAYROLL|0.0
warning,banner_check_discrepancy,119sdoc3,GPO-CDOC-119sdoc3-1.pdf,903,SENATOR TOM COTTON,2025,BANNER ORGANIZATION TOTALS,1765867.95,status=warn; banner=1765867.95; parsed_body=1731188.92. Banner checks are advisory; review against the source before treating this as a parser defect.,119sdoc3|banner_check_discrepancy|903|SENATOR TOM COTTON|2025|BANNER ORGANIZATION TOTALS|1765867.95
warning,banner_check_missing,119sdoc3,GPO-CDOC-119sdoc3-1.pdf,914,SENATOR KEVIN CRAMER,2023,BANNER NET PAYROLL,0.0,status=banner_missing; banner=0.0; parsed_body=0.0. Banner checks are advisory; review against the source before treating this as a parser defect.,119sdoc3|banner_check_missing|914|SENATOR KEVIN CRAMER|2023|BANNER NET PAYROLL|0.0
warning,banner_check_missing,119sdoc3,GPO-CDOC-119sdoc3-1.pdf,915,INTERN COMPENSATION - CRAMER,2023,BANNER NET PAYROLL,0.0,status=banner_missing; banner=0.0; parsed_body=0.0. Banner checks are advisory; review against the source before treating this as a parser defect.,119sdoc3|banner_check_missing|915|INTERN COMPENSATION - CRAMER|2023|BANNER NET PAYROLL|0.0
warning,banner_check_missing,119sdoc3,GPO-CDOC-119sdoc3-1.pdf,916,SENATOR KEVIN CRAMER,2024,BANNER NET PAYROLL,0.0,status=banner_missing; banner=0.0; parsed_body=0.0. Banner checks are advisory; review against the source before treating this as a parser defect.,119sdoc3|banner_check_missing|916|SENATOR KEVIN CRAMER|2024|BANNER NET PAYROLL|0.0
warning,banner_check_discrepancy,119sdoc3,GPO-CDOC-119sdoc3-1.pdf,916,SENATOR KEVIN CRAMER,2024,BANNER ORGANIZATION TOTALS,37015.6,status=warn; banner=37015.6; parsed_body=23294.45. Banner checks are advisory; review against the source before treating this as a parser defect.,119sdoc3|banner_check_discrepancy|916|SENATOR KEVIN CRAMER|2024|BANNER ORGANIZATION TOTALS|37015.6
warning,banner_check_missing,119sdoc3,GPO-CDOC-119sdoc3-1.pdf,918,INTERN COMPENSATION - CRAMER,2024,BANNER NET PAYROLL,0.0,status=banner_missing; banner=0.0; parsed_body=0.0. Banner checks are advisory; review against the source before treating this as a parser defect.,119sdoc3|banner_check_missing|918|INTERN COMPENSATION - CRAMER|2024|BANNER NET PAYROLL|0.0
warning,banner_check_discrepancy,119sdoc3,GPO-CDOC-119sdoc3-1.pdf,919,SENATOR KEVIN CRAMER,2025,BANNER ORGANIZATION TOTALS,1830628.46,status=warn; banner=1830628.46; parsed_body=1718398.75. Banner checks are advisory; review against the source before treating this as a parser defect.,119sdoc3|banner_check_discrepancy|919|SENATOR KEVIN CRAMER|2025|BANNER ORGANIZATION TOTALS|1830628.46
warning,banner_check_missing,119sdoc3,GPO-CDOC-119sdoc3-1.pdf,929,SENATOR MICHAEL D. CRAPO,2023,BANNER NET PAYROLL,0.0,status=banner_missing; banner=0.0; parsed_body=0.0. Banner checks are advisory; review against the source before treating this as a parser defect.,119sdoc3|banner_check_missing|929|SENATOR MICHAEL D. CRAPO|2023|BANNER NET PAYROLL|0.0
warning,banner_check_missing,119sdoc3,GPO-CDOC-119sdoc3-1.pdf,930,INTERN COMPENSATION - CRAPO,2023,BANNER NET PAYROLL,0.0,status=banner_missing; banner=0.0; parsed_body=0.0. Banner checks are advisory; review against the source before treating this as a parser defect.,119sdoc3|banner_check_missing|930|INTERN COMPENSATION - CRAPO|2023|BANNER NET PAYROLL|0.0
warning,banner_check_discrepancy,119sdoc3,GPO-CDOC-119sdoc3-1.pdf,931,SENATOR MICHAEL D. CRAPO,2024,BANNER ORGANIZATION TOTALS,82182.3,status=warn; banner=82182.3; parsed_body=76357.76. Banner checks are advisory; review against the source before treating this as a parser defect.,119sdoc3|banner_check_discrepancy|931|SENATOR MICHAEL D. CRAPO|2024|BANNER ORGANIZATION TOTALS|82182.3
warning,banner_check_missing,119sdoc3,GPO-CDOC-119sdoc3-1.pdf,933,INTERN COMPENSATION - CRAPO,2024,BANNER NET PAYROLL,0.0,status=banner_missing; banner=0.0; parsed_body=0.0. Banner checks are advisory; review against the source before treating this as a parser defect.,119sdoc3|banner_check_missing|933|INTERN COMPENSATION - CRAPO|2024|BANNER NET PAYROLL|0.0
warning,banner_check_discrepancy,119sdoc3,GPO-CDOC-119sdoc3-1.pdf,934,SENATOR MICHAEL D. CRAPO,2025,BANNER ORGANIZATION TOTALS,1651682.71,status=warn; banner=1651682.71; parsed_body=1597209.84. Banner checks are advisory; review against the source before treating this as a parser defect.,119sdoc3|banner_check_discrepancy|934|SENATOR MICHAEL D. CRAPO|2025|BANNER ORGANIZATION TOTALS|1651682.71
warning,banner_check_missing,119sdoc3,GPO-CDOC-119sdoc3-1.pdf,939,SENATOR TED CRUZ,2023,BANNER NET PAYROLL,0.0,status=banner_missing; banner=0.0; parsed_body=0.0. Banner checks are advisory; review against the source before treating this as a parser defect.,119sdoc3|banner_check_missing|939|SENATOR TED CRUZ|2023|BANNER NET PAYROLL|0.0
warning,banner_check_missing,119sdoc3,GPO-CDOC-119sdoc3-1.pdf,940,INTERN COMPENSATION - CRUZ,2023,BANNER NET PAYROLL,0.0,status=banner_missing; banner=0.0; parsed_body=0.0. Banner checks are advisory; review against the source before treating this as a parser defect.,119sdoc3|banner_check_missing|940|INTERN COMPENSATION - CRUZ|2023|BANNER NET PAYROLL|0.0
warning,banner_check_discrepancy,119sdoc3,GPO-CDOC-119sdoc3-1.pdf,941,SENATOR TED CRUZ,2024,BANNER NET PAYROLL,1662.98,status=fail; banner=1662.98; parsed_body=848.8. Banner checks are advisory; review against the source before treating this as a parser defect.,119sdoc3|banner_check_discrepancy|941|SENATOR TED CRUZ|2024|BANNER NET PAYROLL|1662.98
warning,banner_check_discrepancy,119sdoc3,GPO-CDOC-119sdoc3-1.pdf,941,SENATOR TED CRUZ,2024,BANNER ORGANIZATION TOTALS,72646.17,status=warn; banner=72646.17; parsed_body=53926.42. Banner checks are advisory; review against the source before treating this as a parser defect.,119sdoc3|banner_check_discrepancy|941|SENATOR TED CRUZ|2024|BANNER ORGANIZATION TOTALS|72646.17
warning,banner_check_missing,119sdoc3,GPO-CDOC-119sdoc3-1.pdf,947,INTERN COMPENSATION - CRUZ,2024,BANNER NET PAYROLL,2884.54,status=banner_missing; banner=2884.54; parsed_body=0.0. Banner checks are advisory; review against the source before treating this as a parser defect.,119sdoc3|banner_check_missing|947|INTERN COMPENSATION - CRUZ|2024|BANNER NET PAYROLL|2884.54
warning,banner_check_discrepancy,119sdoc3,GPO-CDOC-119sdoc3-1.pdf,947,INTERN COMPENSATION - CRUZ,2024,BANNER ORGANIZATION TOTALS,2884.54,status=warn; banner=2884.54; parsed_body=0.0. Banner checks are advisory; review against the source before treating this as a parser defect.,119sdoc3|banner_check_discrepancy|947|INTERN COMPENSATION - CRUZ|2024|BANNER ORGANIZATION TOTALS|2884.54
warning,banner_check_discrepancy,119sdoc3,GPO-CDOC-119sdoc3-1.pdf,948,SENATOR TED CRUZ,2025,BANNER NET PAYROLL,2421483.72,status=fail; banner=2421483.72; parsed_body=2422297.9. Banner checks are advisory; review against the source before treating this as a parser defect.,119sdoc3|banner_check_discrepancy|948|SENATOR TED CRUZ|2025|BANNER NET PAYROLL|2421483.72
warning,banner_check_discrepancy,119sdoc3,GPO-CDOC-119sdoc3-1.pdf,948,SENATOR TED CRUZ,2025,BANNER ORGANIZATION TOTALS,2586186.43,status=warn; banner=2586186.43; parsed_body=2541039.46. Banner checks are advisory; review against the source before treating this as a parser defect.,119sdoc3|banner_check_discrepancy|948|SENATOR TED CRUZ|2025|BANNER ORGANIZATION TOTALS|2586186.43
warning,banner_check_discrepancy,119sdoc3,GPO-CDOC-119sdoc3-1.pdf,964,INTERN COMPENSATION - CRUZ,2025,BANNER NET PAYROLL,38176.15,status=fail; banner=38176.15; parsed_body=35291.61. Banner checks are advisory; review against the source before treating this as a parser defect.,119sdoc3|banner_check_discrepancy|964|INTERN COMPENSATION - CRUZ|2025|BANNER NET PAYROLL|38176.15
warning,banner_check_discrepancy,119sdoc3,GPO-CDOC-119sdoc3-1.pdf,964,INTERN COMPENSATION - CRUZ,2025,BANNER ORGANIZATION TOTALS,38176.15,status=fail; banner=38176.15; parsed_body=36691.61. Banner checks are advisory; review against the source before treating this as a parser defect.,119sdoc3|banner_check_discrepancy|964|INTERN COMPENSATION - CRUZ|2025|BANNER ORGANIZATION TOTALS|38176.15
warning,banner_check_discrepancy,119sdoc3,GPO-CDOC-119sdoc3-1.pdf,965,SENATOR JOHN CURTIS,2025,BANNER ORGANIZATION TOTALS,819041.88,status=warn; banner=819041.88; parsed_body=772643.46. Banner checks are advisory; review against the source before treating this as a parser defect.,119sdoc3|banner_check_discrepancy|965|SENATOR JOHN CURTIS|2025|BANNER ORGANIZATION TOTALS|819041.88
warning,banner_check_missing,119sdoc3,GPO-CDOC-119sdoc3-1.pdf,971,SENATOR STEVE DAINES,2023,BANNER NET PAYROLL,0.0,status=banner_missing; banner=0.0; parsed_body=0.0. Banner checks are advisory; review against the source before treating this as a parser defect.,119sdoc3|banner_check_missing|971|SENATOR STEVE DAINES|2023|BANNER NET PAYROLL|0.0
warning,banner_check_missing,119sdoc3,GPO-CDOC-119sdoc3-1.pdf,972,INTERN COMPENSATION - DAINES,2023,BANNER NET PAYROLL,0.0,status=banner_missing; banner=0.0; parsed_body=0.0. Banner checks are advisory; review against the source before treating this as a parser defect.,119sdoc3|banner_check_missing|972|INTERN COMPENSATION - DAINES|2023|BANNER NET PAYROLL|0.0
warning,banner_check_discrepancy,119sdoc3,GPO-CDOC-119sdoc3-1.pdf,973,SENATOR STEVE DAINES,2024,BANNER ORGANIZATION TOTALS,59505.25,status=warn; banner=59505.25; parsed_body=52661.74. Banner checks are advisory; review against the source before treating this as a parser defect.,119sdoc3|banner_check_discrepancy|973|SENATOR STEVE DAINES|2024|BANNER ORGANIZATION TOTALS|59505.25
warning,banner_check_missing,119sdoc3,GPO-CDOC-119sdoc3-1.pdf,977,INTERN COMPENSATION - DAINES,2024,BANNER NET PAYROLL,0.0,status=banner_missing; banner=0.0; parsed_body=0.0. Banner checks are advisory; review against the source before treating this as a parser defect.,119sdoc3|banner_check_missing|977|INTERN COMPENSATION - DAINES|2024|BANNER NET PAYROLL|0.0
warning,banner_check_discrepancy,119sdoc3,GPO-CDOC-119sdoc3-1.pdf,978,SENATOR STEVE DAINES,2025,BANNER ORGANIZATION TOTALS,1916661.66,status=warn; banner=1916661.66; parsed_body=1830225.11. Banner checks are advisory; review against the source before treating this as a parser defect.,119sdoc3|banner_check_discrepancy|978|SENATOR STEVE DAINES|2025|BANNER ORGANIZATION TOTALS|1916661.66
warning,banner_check_missing,119sdoc3,GPO-CDOC-119sdoc3-1.pdf,991,SENATOR TAMMY DUCKWORTH,2023,BANNER NET PAYROLL,0.0,status=banner_missing; banner=0.0; parsed_body=0.0. Banner checks are advisory; review against the source before treating this as a parser defect.,119sdoc3|banner_check_missing|991|SENATOR TAMMY DUCKWORTH|2023|BANNER NET PAYROLL|0.0
warning,banner_check_missing,119sdoc3,GPO-CDOC-119sdoc3-1.pdf,992,INTERN COMPENSATION - DUCKWORTH,2023,BANNER NET PAYROLL,0.0,status=banner_missing; banner=0.0; parsed_body=0.0. Banner checks are advisory; review against the source before treating this as a parser defect.,119sdoc3|banner_check_missing|992|INTERN COMPENSATION - DUCKWORTH|2023|BANNER NET PAYROLL|0.0
warning,banner_check_missing,119sdoc3,GPO-CDOC-119sdoc3-1.pdf,993,SENATOR TAMMY DUCKWORTH,2024,BANNER NET PAYROLL,0.0,status=banner_missing; banner=0.0; parsed_body=0.0. Banner checks are advisory; review against the source before treating this as a parser defect.,119sdoc3|banner_check_missing|993|SENATOR TAMMY DUCKWORTH|2024|BANNER NET PAYROLL|0.0
warning,banner_check_discrepancy,119sdoc3,GPO-CDOC-119sdoc3-1.pdf,993,SENATOR TAMMY DUCKWORTH,2024,BANNER ORGANIZATION TOTALS,28839.21,status=warn; banner=28839.21; parsed_body=21588.68. Banner checks are advisory; review against the source before treating this as a parser defect.,119sdoc3|banner_check_discrepancy|993|SENATOR TAMMY DUCKWORTH|2024|BANNER ORGANIZATION TOTALS|28839.21
warning,banner_check_missing,119sdoc3,GPO-CDOC-119sdoc3-1.pdf,995,INTERN COMPENSATION - DUCKWORTH,2024,BANNER NET PAYROLL,0.0,status=banner_missing; banner=0.0; parsed_body=0.0. Banner checks are advisory; review against the source before treating this as a parser defect.,119sdoc3|banner_check_missing|995|INTERN COMPENSATION - DUCKWORTH|2024|BANNER NET PAYROLL|0.0
warning,banner_check_discrepancy,119sdoc3,GPO-CDOC-119sdoc3-1.pdf,996,SENATOR TAMMY DUCKWORTH,2025,BANNER ORGANIZATION TOTALS,2479160.41,status=warn; banner=2479160.41; parsed_body=2431585.85. Banner checks are advisory; review against the source before treating this as a parser defect.,119sdoc3|banner_check_discrepancy|996|SENATOR TAMMY DUCKWORTH|2025|BANNER ORGANIZATION TOTALS|2479160.41
warning,banner_check_missing,119sdoc3,GPO-CDOC-119sdoc3-1.pdf,1008,SENATOR RICHARD J. DURBIN,2023,BANNER NET PAYROLL,0.0,status=banner_missing; banner=0.0; parsed_body=0.0. Banner checks are advisory; review against the source before treating this as a parser defect.,119sdoc3|banner_check_missing|1008|SENATOR RICHARD J. DURBIN|2023|BANNER NET PAYROLL|0.0
warning,banner_check_discrepancy,119sdoc3,GPO-CDOC-119sdoc3-1.pdf,1008,SENATOR RICHARD J. DURBIN,2023,BANNER ORGANIZATION TOTALS,267.5,status=warn; banner=267.5; parsed_body=195.39. Banner checks are advisory; review against the source before treating this as a parser defect.,119sdoc3|banner_check_discrepancy|1008|SENATOR RICHARD J. DURBIN|2023|BANNER ORGANIZATION TOTALS|267.5
warning,banner_check_missing,119sdoc3,GPO-CDOC-119sdoc3-1.pdf,1009,INTERN COMPENSATION - DURBIN,2023,BANNER NET PAYROLL,0.0,status=banner_missing; banner=0.0; parsed_body=0.0. Banner checks are advisory; review against the source before treating this as a parser defect.,119sdoc3|banner_check_missing|1009|INTERN COMPENSATION - DURBIN|2023|BANNER NET PAYROLL|0.0
warning,banner_check_discrepancy,119sdoc3,GPO-CDOC-119sdoc3-1.pdf,1010,SENATOR RICHARD J. DURBIN,2024,BANNER ORGANIZATION TOTALS,95281.38,status=warn; banner=95281.38; parsed_body=64267.84. Banner checks are advisory; review against the source before treating this as a parser defect.,119sdoc3|banner_check_discrepancy|1010|SENATOR RICHARD J. DURBIN|2024|BANNER ORGANIZATION TOTALS|95281.38
warning,banner_check_missing,119sdoc3,GPO-CDOC-119sdoc3-1.pdf,1015,INTERN COMPENSATION - DURBIN,2024,BANNER NET PAYROLL,0.0,status=banner_missing; banner=0.0; parsed_body=0.0. Banner checks are advisory; review against the source before treating this as a parser defect.,119sdoc3|banner_check_missing|1015|INTERN COMPENSATION - DURBIN|2024|BANNER NET PAYROLL|0.0
warning,banner_check_discrepancy,119sdoc3,GPO-CDOC-119sdoc3-1.pdf,1016,SENATOR RICHARD J. DURBIN,2025,BANNER ORGANIZATION TOTALS,2221888.17,status=warn; banner=2221888.17; parsed_body=2199222.99. Banner checks are advisory; review against the source before treating this as a parser defect.,119sdoc3|banner_check_discrepancy|1016|SENATOR RICHARD J. DURBIN|2025|BANNER ORGANIZATION TOTALS|2221888.17
warning,banner_check_missing,119sdoc3,GPO-CDOC-119sdoc3-1.pdf,1023,SENATOR JONI ERNST,2023,BANNER NET PAYROLL,0.0,status=banner_missing; banner=0.0; parsed_body=0.0. Banner checks are advisory; review against the source before treating this as a parser defect.,119sdoc3|banner_check_missing|1023|SENATOR JONI ERNST|2023|BANNER NET PAYROLL|0.0
warning,banner_check_discrepancy,119sdoc3,GPO-CDOC-119sdoc3-1.pdf,1023,SENATOR JONI ERNST,2023,BANNER ORGANIZATION TOTALS,70.5,status=warn; banner=70.5; parsed_body=0.0. Banner checks are advisory; review against the source before treating this as a parser defect.,119sdoc3|banner_check_discrepancy|1023|SENATOR JONI ERNST|2023|BANNER ORGANIZATION TOTALS|70.5
warning,banner_check_missing,119sdoc3,GPO-CDOC-119sdoc3-1.pdf,1024,INTERN COMPENSATION - ERNST,2023,BANNER NET PAYROLL,0.0,status=banner_missing; banner=0.0; parsed_body=0.0. Banner checks are advisory; review against the source before treating this as a parser defect.,119sdoc3|banner_check_missing|1024|INTERN COMPENSATION - ERNST|2023|BANNER NET PAYROLL|0.0
warning,banner_check_discrepancy,119sdoc3,GPO-CDOC-119sdoc3-1.pdf,1025,SENATOR JONI ERNST,2024,BANNER NET PAYROLL,1481.33,status=fail; banner=1481.33; parsed_body=1200.77. Banner checks are advisory; review against the source before treating this as a parser defect.,119sdoc3|banner_check_discrepancy|1025|SENATOR JONI ERNST|2024|BANNER NET PAYROLL|1481.33
warning,banner_check_discrepancy,119sdoc3,GPO-CDOC-119sdoc3-1.pdf,1025,SENATOR JONI ERNST,2024,BANNER ORGANIZATION TOTALS,26061.6,status=warn; banner=26061.6; parsed_body=13446.27. Banner checks are advisory; review against the source before treating this as a parser defect.,119sdoc3|banner_check_discrepancy|1025|SENATOR JONI ERNST|2024|BANNER ORGANIZATION TOTALS|26061.6
warning,banner_check_missing,119sdoc3,GPO-CDOC-119sdoc3-1.pdf,1030,INTERN COMPENSATION - ERNST,2024,BANNER NET PAYROLL,0.0,status=banner_missing; banner=0.0; parsed_body=0.0. Banner checks are advisory; review against the source before treating this as a parser defect.,119sdoc3|banner_check_missing|1030|INTERN COMPENSATION - ERNST|2024|BANNER NET PAYROLL|0.0
warning,banner_check_discrepancy,119sdoc3,GPO-CDOC-119sdoc3-1.pdf,1031,SENATOR JONI ERNST,2025,BANNER NET PAYROLL,1852450.98,status=fail; banner=1852450.98; parsed_body=1852731.54. Banner checks are advisory; review against the source before treating this as a parser defect.,119sdoc3|banner_check_discrepancy|1031|SENATOR JONI ERNST|2025|BANNER NET PAYROLL|1852450.98
warning,banner_check_discrepancy,119sdoc3,GPO-CDOC-119sdoc3-1.pdf,1031,SENATOR JONI ERNST,2025,BANNER ORGANIZATION TOTALS,1922978.32,status=warn; banner=1922978.32; parsed_body=1893488.69. Banner checks are advisory; review against the source before treating this as a parser defect.,119sdoc3|banner_check_discrepancy|1031|SENATOR JONI ERNST|2025|BANNER ORGANIZATION TOTALS|1922978.32
warning,banner_check_missing,119sdoc3,GPO-CDOC-119sdoc3-1.pdf,1047,SENATOR DIANNE FEINSTEIN,2023,BANNER NET PAYROLL,0.0,status=banner_missing; banner=0.0; parsed_body=0.0. Banner checks are advisory; review against the source before treating this as a parser defect.,119sdoc3|banner_check_missing|1047|SENATOR DIANNE FEINSTEIN|2023|BANNER NET PAYROLL|0.0
warning,banner_check_missing,119sdoc3,GPO-CDOC-119sdoc3-1.pdf,1048,INTERN COMPENSATION - FEINSTEIN,2023,BANNER NET PAYROLL,0.0,status=banner_missing; banner=0.0; parsed_body=0.0. Banner checks are advisory; review against the source before treating this as a parser defect.,119sdoc3|banner_check_missing|1048|INTERN COMPENSATION - FEINSTEIN|2023|BANNER NET PAYROLL|0.0
warning,banner_check_missing,119sdoc3,GPO-CDOC-119sdoc3-1.pdf,1049,SENATOR JOHN FETTERMAN,2023,BANNER NET PAYROLL,0.0,status=banner_missing; banner=0.0; parsed_body=0.0. Banner checks are advisory; review against the source before treating this as a parser defect.,119sdoc3|banner_check_missing|1049|SENATOR JOHN FETTERMAN|2023|BANNER NET PAYROLL|0.0
warning,banner_check_missing,119sdoc3,GPO-CDOC-119sdoc3-1.pdf,1050,INTERN COMPENSATION - FETTERMAN,2023,BANNER NET PAYROLL,0.0,status=banner_missing; banner=0.0; parsed_body=0.0. Banner checks are advisory; review against the source before treating this as a parser defect.,119sdoc3|banner_check_missing|1050|INTERN COMPENSATION - FETTERMAN|2023|BANNER NET PAYROLL|0.0
warning,banner_check_discrepancy,119sdoc3,GPO-CDOC-119sdoc3-1.pdf,1051,SENATOR JOHN FETTERMAN,2024,BANNER ORGANIZATION TOTALS,83312.28,status=warn; banner=83312.28; parsed_body=51862.54. Banner checks are advisory; review against the source before treating this as a parser defect.,119sdoc3|banner_check_discrepancy|1051|SENATOR JOHN FETTERMAN|2024|BANNER ORGANIZATION TOTALS|83312.28
warning,banner_check_missing,119sdoc3,GPO-CDOC-119sdoc3-1.pdf,1054,INTERN COMPENSATION - FETTERMAN,2024,BANNER NET PAYROLL,0.0,status=banner_missing; banner=0.0; parsed_body=0.0. Banner checks are advisory; review against the source before treating this as a parser defect.,119sdoc3|banner_check_missing|1054|INTERN COMPENSATION - FETTERMAN|2024|BANNER NET PAYROLL|0.0
warning,banner_check_discrepancy,119sdoc3,GPO-CDOC-119sdoc3-1.pdf,1055,SENATOR JOHN FETTERMAN,2025,BANNER ORGANIZATION TOTALS,2253587.41,status=warn; banner=2253587.41; parsed_body=2236456.83. Banner checks are advisory; review against the source before treating this as a parser defect.,119sdoc3|banner_check_discrepancy|1055|SENATOR JOHN FETTERMAN|2025|BANNER ORGANIZATION TOTALS|2253587.41
warning,banner_check_missing,119sdoc3,GPO-CDOC-119sdoc3-1.pdf,1071,SENATOR DEB FISCHER,2023,BANNER NET PAYROLL,0.0,status=banner_missing; banner=0.0; parsed_body=0.0. Banner checks are advisory; review against the source before treating this as a parser defect.,119sdoc3|banner_check_missing|1071|SENATOR DEB FISCHER|2023|BANNER NET PAYROLL|0.0
warning,banner_check_missing,119sdoc3,GPO-CDOC-119sdoc3-1.pdf,1072,INTERN COMPENSATION - FISCHER,2023,BANNER NET PAYROLL,0.0,status=banner_missing; banner=0.0; parsed_body=0.0. Banner checks are advisory; review against the source before treating this as a parser defect.,119sdoc3|banner_check_missing|1072|INTERN COMPENSATION - FISCHER|2023|BANNER NET PAYROLL|0.0
warning,banner_check_discrepancy,119sdoc3,GPO-CDOC-119sdoc3-1.pdf,1073,SENATOR DEB FISCHER,2024,BANNER NET PAYROLL,768.84,status=fail; banner=768.84; parsed_body=567.84. Banner checks are advisory; review against the source before treating this as a parser defect.,119sdoc3|banner_check_discrepancy|1073|SENATOR DEB FISCHER|2024|BANNER NET PAYROLL|768.84
warning,banner_check_discrepancy,119sdoc3,GPO-CDOC-119sdoc3-1.pdf,1073,SENATOR DEB FISCHER,2024,BANNER ORGANIZATION TOTALS,27390.13,status=warn; banner=27390.13; parsed_body=10190.75. Banner checks are advisory; review against the source before treating this as a parser defect.,119sdoc3|banner_check_discrepancy|1073|SENATOR DEB FISCHER|2024|BANNER ORGANIZATION TOTALS|27390.13
warning,banner_check_missing,119sdoc3,GPO-CDOC-119sdoc3-1.pdf,1075,INTERN COMPENSATION - FISCHER,2024,BANNER NET PAYROLL,0.0,status=banner_missing; banner=0.0; parsed_body=0.0. Banner checks are advisory; review against the source before treating this as a parser defect.,119sdoc3|banner_check_missing|1075|INTERN COMPENSATION - FISCHER|2024|BANNER NET PAYROLL|0.0
warning,banner_check_discrepancy,119sdoc3,GPO-CDOC-119sdoc3-1.pdf,1076,SENATOR DEB FISCHER,2025,BANNER NET PAYROLL,1632117.98,status=fail; banner=1632117.98; parsed_body=1632318.98. Banner checks are advisory; review against the source before treating this as a parser defect.,119sdoc3|banner_check_discrepancy|1076|SENATOR DEB FISCHER|2025|BANNER NET PAYROLL|1632117.98
warning,banner_check_discrepancy,119sdoc3,GPO-CDOC-119sdoc3-1.pdf,1076,SENATOR DEB FISCHER,2025,BANNER ORGANIZATION TOTALS,1756155.08,status=warn; banner=1756155.08; parsed_body=1672808.99. Banner checks are advisory; review against the source before treating this as a parser defect.,119sdoc3|banner_check_discrepancy|1076|SENATOR DEB FISCHER|2025|BANNER ORGANIZATION TOTALS|1756155.08
warning,banner_check_discrepancy,119sdoc3,GPO-CDOC-119sdoc3-1.pdf,1083,SENATOR RUBEN GALLEGO,2025,BANNER ORGANIZATION TOTALS,653593.7,status=warn; banner=653593.7; parsed_body=627675.05. Banner checks are advisory; review against the source before treating this as a parser defect.,119sdoc3|banner_check_discrepancy|1083|SENATOR RUBEN GALLEGO|2025|BANNER ORGANIZATION TOTALS|653593.7
warning,banner_check_missing,119sdoc3,GPO-CDOC-119sdoc3-1.pdf,1086,SENATOR KIRSTEN GILLIBRAND,2023,BANNER NET PAYROLL,0.0,status=banner_missing; banner=0.0; parsed_body=0.0. Banner checks are advisory; review against the source before treating this as a parser defect.,119sdoc3|banner_check_missing|1086|SENATOR KIRSTEN GILLIBRAND|2023|BANNER NET PAYROLL|0.0
warning,banner_check_discrepancy,119sdoc3,GPO-CDOC-119sdoc3-1.pdf,1086,SENATOR KIRSTEN GILLIBRAND,2023,BANNER ORGANIZATION TOTALS,289.43,status=warn; banner=289.43; parsed_body=0.0. Banner checks are advisory; review against the source before treating this as a parser defect.,119sdoc3|banner_check_discrepancy|1086|SENATOR KIRSTEN GILLIBRAND|2023|BANNER ORGANIZATION TOTALS|289.43
warning,banner_check_missing,119sdoc3,GPO-CDOC-119sdoc3-1.pdf,1087,INTERN COMPENSATION - GILLIBRAND,2023,BANNER NET PAYROLL,0.0,status=banner_missing; banner=0.0; parsed_body=0.0. Banner checks are advisory; review against the source before treating this as a parser defect.,119sdoc3|banner_check_missing|1087|INTERN COMPENSATION - GILLIBRAND|2023|BANNER NET PAYROLL|0.0
warning,banner_check_discrepancy,119sdoc3,GPO-CDOC-119sdoc3-1.pdf,1088,SENATOR KIRSTEN GILLIBRAND,2024,BANNER ORGANIZATION TOTALS,225605.32,status=warn; banner=225605.32; parsed_body=161638.49. Banner checks are advisory; review against the source before treating this as a parser defect.,119sdoc3|banner_check_discrepancy|1088|SENATOR KIRSTEN GILLIBRAND|2024|BANNER ORGANIZATION TOTALS|225605.32
warning,banner_check_missing,119sdoc3,GPO-CDOC-119sdoc3-1.pdf,1095,INTERN COMPENSATION - GILLIBRAND,2024,BANNER NET PAYROLL,5000.0,status=banner_missing; banner=5000.0; parsed_body=0.0. Banner checks are advisory; review against the source before treating this as a parser defect.,119sdoc3|banner_check_missing|1095|INTERN COMPENSATION - GILLIBRAND|2024|BANNER NET PAYROLL|5000.0
warning,banner_check_discrepancy,119sdoc3,GPO-CDOC-119sdoc3-1.pdf,1095,INTERN COMPENSATION - GILLIBRAND,2024,BANNER ORGANIZATION TOTALS,5000.0,status=warn; banner=5000.0; parsed_body=0.0. Banner checks are advisory; review against the source before treating this as a parser defect.,119sdoc3|banner_check_discrepancy|1095|INTERN COMPENSATION - GILLIBRAND|2024|BANNER ORGANIZATION TOTALS|5000.0
warning,banner_check_discrepancy,119sdoc3,GPO-CDOC-119sdoc3-1.pdf,1096,SENATOR KIRSTEN GILLIBRAND,2025,BANNER ORGANIZATION TOTALS,2223150.31,status=warn; banner=2223150.31; parsed_body=2176574.68. Banner checks are advisory; review against the source before treating this as a parser defect.,119sdoc3|banner_check_discrepancy|1096|SENATOR KIRSTEN GILLIBRAND|2025|BANNER ORGANIZATION TOTALS|2223150.31
warning,banner_check_discrepancy,119sdoc3,GPO-CDOC-119sdoc3-1.pdf,1115,INTERN COMPENSATION - GILLIBRAND,2025,BANNER NET PAYROLL,53399.98,status=fail; banner=53399.98; parsed_body=58399.98. Banner checks are advisory; review against the source before treating this as a parser defect.,119sdoc3|banner_check_discrepancy|1115|INTERN COMPENSATION - GILLIBRAND|2025|BANNER NET PAYROLL|53399.98
warning,banner_check_discrepancy,119sdoc3,GPO-CDOC-119sdoc3-1.pdf,1115,INTERN COMPENSATION - GILLIBRAND,2025,BANNER ORGANIZATION TOTALS,53399.98,status=warn; banner=53399.98; parsed_body=58399.98. Banner checks are advisory; review against the source before treating this as a parser defect.,119sdoc3|banner_check_discrepancy|1115|INTERN COMPENSATION - GILLIBRAND|2025|BANNER ORGANIZATION TOTALS|53399.98
warning,banner_check_missing,119sdoc3,GPO-CDOC-119sdoc3-1.pdf,1117,SENATOR LINDSEY GRAHAM,2023,BANNER NET PAYROLL,0.0,status=banner_missing; banner=0.0; parsed_body=0.0. Banner checks are advisory; review against the source before treating this as a parser defect.,119sdoc3|banner_check_missing|1117|SENATOR LINDSEY GRAHAM|2023|BANNER NET PAYROLL|0.0
warning,banner_check_discrepancy,119sdoc3,GPO-CDOC-119sdoc3-1.pdf,1117,SENATOR LINDSEY GRAHAM,2023,BANNER ORGANIZATION TOTALS,1018.58,status=fail; banner=1018.58; parsed_body=1168.84. Banner checks are advisory; review against the source before treating this as a parser defect.,119sdoc3|banner_check_discrepancy|1117|SENATOR LINDSEY GRAHAM|2023|BANNER ORGANIZATION TOTALS|1018.58
warning,banner_check_missing,119sdoc3,GPO-CDOC-119sdoc3-1.pdf,1118,INTERN COMPENSATION - GRAHAM,2023,BANNER NET PAYROLL,0.0,status=banner_missing; banner=0.0; parsed_body=0.0. Banner checks are advisory; review against the source before treating this as a parser defect.,119sdoc3|banner_check_missing|1118|INTERN COMPENSATION - GRAHAM|2023|BANNER NET PAYROLL|0.0
warning,banner_check_missing,119sdoc3,GPO-CDOC-119sdoc3-1.pdf,1119,SENATOR LINDSEY GRAHAM,2024,BANNER NET PAYROLL,0.0,status=banner_missing; banner=0.0; parsed_body=0.0. Banner checks are advisory; review against the source before treating this as a parser defect.,119sdoc3|banner_check_missing|1119|SENATOR LINDSEY GRAHAM|2024|BANNER NET PAYROLL|0.0
warning,banner_check_discrepancy,119sdoc3,GPO-CDOC-119sdoc3-1.pdf,1119,SENATOR LINDSEY GRAHAM,2024,BANNER ORGANIZATION TOTALS,36630.12,status=warn; banner=36630.12; parsed_body=15339.8. Banner checks are advisory; review against the source before treating this as a parser defect.,119sdoc3|banner_check_discrepancy|1119|SENATOR LINDSEY GRAHAM|2024|BANNER ORGANIZATION TOTALS|36630.12
warning,banner_check_missing,119sdoc3,GPO-CDOC-119sdoc3-1.pdf,1122,INTERN COMPENSATION - GRAHAM,2024,BANNER NET PAYROLL,0.0,status=banner_missing; banner=0.0; parsed_body=0.0. Banner checks are advisory; review against the source before treating this as a parser defect.,119sdoc3|banner_check_missing|1122|INTERN COMPENSATION - GRAHAM|2024|BANNER NET PAYROLL|0.0
warning,banner_check_discrepancy,119sdoc3,GPO-CDOC-119sdoc3-1.pdf,1123,SENATOR LINDSEY GRAHAM,2025,BANNER ORGANIZATION TOTALS,1874472.58,status=warn; banner=1874472.58; parsed_body=1838484.54. Banner checks are advisory; review against the source before treating this as a parser defect.,119sdoc3|banner_check_discrepancy|1123|SENATOR LINDSEY GRAHAM|2025|BANNER ORGANIZATION TOTALS|1874472.58
warning,banner_check_missing,119sdoc3,GPO-CDOC-119sdoc3-1.pdf,1130,SENATOR CHARLES E. GRASSLEY,2023,BANNER NET PAYROLL,0.0,status=banner_missing; banner=0.0; parsed_body=0.0. Banner checks are advisory; review against the source before treating this as a parser defect.,119sdoc3|banner_check_missing|1130|SENATOR CHARLES E. GRASSLEY|2023|BANNER NET PAYROLL|0.0
warning,banner_check_missing,119sdoc3,GPO-CDOC-119sdoc3-1.pdf,1131,INTERN COMPENSATION - GRASSLEY,2023,BANNER NET PAYROLL,0.0,status=banner_missing; banner=0.0; parsed_body=0.0. Banner checks are advisory; review against the source before treating this as a parser defect.,119sdoc3|banner_check_missing|1131|INTERN COMPENSATION - GRASSLEY|2023|BANNER NET PAYROLL|0.0
warning,banner_check_discrepancy,119sdoc3,GPO-CDOC-119sdoc3-1.pdf,1132,SENATOR CHARLES E. GRASSLEY,2024,BANNER ORGANIZATION TOTALS,92252.05,status=warn; banner=92252.05; parsed_body=70867.36. Banner checks are advisory; review against the source before treating this as a parser defect.,119sdoc3|banner_check_discrepancy|1132|SENATOR CHARLES E. GRASSLEY|2024|BANNER ORGANIZATION TOTALS|92252.05
warning,banner_check_missing,119sdoc3,GPO-CDOC-119sdoc3-1.pdf,1135,INTERN COMPENSATION - GRASSLEY,2024,BANNER NET PAYROLL,0.0,status=banner_missing; banner=0.0; parsed_body=0.0. Banner checks are advisory; review against the source before treating this as a parser defect.,119sdoc3|banner_check_missing|1135|INTERN COMPENSATION - GRASSLEY|2024|BANNER NET PAYROLL|0.0
warning,banner_check_discrepancy,119sdoc3,GPO-CDOC-119sdoc3-1.pdf,1136,SENATOR CHARLES E. GRASSLEY,2025,BANNER ORGANIZATION TOTALS,1230549.97,status=warn; banner=1230549.97; parsed_body=1179012.24. Banner checks are advisory; review against the source before treating this as a parser defect.,119sdoc3|banner_check_discrepancy|1136|SENATOR CHARLES E. GRASSLEY|2025|BANNER ORGANIZATION TOTALS|1230549.97
warning,banner_check_missing,119sdoc3,GPO-CDOC-119sdoc3-1.pdf,1149,SENATOR BILL HAGERTY,2023,BANNER NET PAYROLL,0.0,status=banner_missing; banner=0.0; parsed_body=0.0. Banner checks are advisory; review against the source before treating this as a parser defect.,119sdoc3|banner_check_missing|1149|SENATOR BILL HAGERTY|2023|BANNER NET PAYROLL|0.0
warning,banner_check_missing,119sdoc3,GPO-CDOC-119sdoc3-1.pdf,1150,INTERN COMPENSATION - HAGERTY,2023,BANNER NET PAYROLL,0.0,status=banner_missing; banner=0.0; parsed_body=0.0. Banner checks are advisory; review against the source before treating this as a parser defect.,119sdoc3|banner_check_missing|1150|INTERN COMPENSATION - HAGERTY|2023|BANNER NET PAYROLL|0.0
warning,banner_check_discrepancy,119sdoc3,GPO-CDOC-119sdoc3-1.pdf,1151,SENATOR BILL HAGERTY,2024,BANNER NET PAYROLL,3425.27,status=fail; banner=3425.27; parsed_body=216.0. Banner checks are advisory; review against the source before treating this as a parser defect.,119sdoc3|banner_check_discrepancy|1151|SENATOR BILL HAGERTY|2024|BANNER NET PAYROLL|3425.27
warning,banner_check_discrepancy,119sdoc3,GPO-CDOC-119sdoc3-1.pdf,1151,SENATOR BILL HAGERTY,2024,BANNER ORGANIZATION TOTALS,22998.76,status=fail; banner=22998.76; parsed_body=9866.7. Banner checks are advisory; review against the source before treating this as a parser defect.,119sdoc3|banner_check_discrepancy|1151|SENATOR BILL HAGERTY|2024|BANNER ORGANIZATION TOTALS|22998.76
warning,banner_check_missing,119sdoc3,GPO-CDOC-119sdoc3-1.pdf,1154,INTERN COMPENSATION - HAGERTY,2024,BANNER NET PAYROLL,0.0,status=banner_missing; banner=0.0; parsed_body=0.0. Banner checks are advisory; review against the source before treating this as a parser defect.,119sdoc3|banner_check_missing|1154|INTERN COMPENSATION - HAGERTY|2024|BANNER NET PAYROLL|0.0
warning,banner_check_discrepancy,119sdoc3,GPO-CDOC-119sdoc3-1.pdf,1155,SENATOR BILL HAGERTY,2025,BANNER NET PAYROLL,1954657.27,status=fail; banner=1954657.27; parsed_body=1962231.21. Banner checks are advisory; review against the source before treating this as a parser defect.,119sdoc3|banner_check_discrepancy|1155|SENATOR BILL HAGERTY|2025|BANNER NET PAYROLL|1954657.27
warning,banner_check_discrepancy,119sdoc3,GPO-CDOC-119sdoc3-1.pdf,1155,SENATOR BILL HAGERTY,2025,BANNER ORGANIZATION TOTALS,2027508.02,status=warn; banner=2027508.02; parsed_body=2012963.01. Banner checks are advisory; review against the source before treating this as a parser defect.,119sdoc3|banner_check_discrepancy|1155|SENATOR BILL HAGERTY|2025|BANNER ORGANIZATION TOTALS|2027508.02
warning,banner_check_missing,119sdoc3,GPO-CDOC-119sdoc3-1.pdf,1167,SENATOR MAGGIE HASSAN,2023,BANNER NET PAYROLL,0.0,status=banner_missing; banner=0.0; parsed_body=0.0. Banner checks are advisory; review against the source before treating this as a parser defect.,119sdoc3|banner_check_missing|1167|SENATOR MAGGIE HASSAN|2023|BANNER NET PAYROLL|0.0
warning,banner_check_missing,119sdoc3,GPO-CDOC-119sdoc3-1.pdf,1168,INTERN COMPENSATION - HASSAN,2023,BANNER NET PAYROLL,0.0,status=banner_missing; banner=0.0; parsed_body=0.0. Banner checks are advisory; review against the source before treating this as a parser defect.,119sdoc3|banner_check_missing|1168|INTERN COMPENSATION - HASSAN|2023|BANNER NET PAYROLL|0.0
warning,banner_check_discrepancy,119sdoc3,GPO-CDOC-119sdoc3-1.pdf,1169,SENATOR MAGGIE HASSAN,2024,BANNER ORGANIZATION TOTALS,67068.4,status=warn; banner=67068.4; parsed_body=8059.59. Banner checks are advisory; review against the source before treating this as a parser defect.,119sdoc3|banner_check_discrepancy|1169|SENATOR MAGGIE HASSAN|2024|BANNER ORGANIZATION TOTALS|67068.4
warning,banner_check_missing,119sdoc3,GPO-CDOC-119sdoc3-1.pdf,1171,INTERN COMPENSATION - HASSAN,2024,BANNER NET PAYROLL,0.0,status=banner_missing; banner=0.0; parsed_body=0.0. Banner checks are advisory; review against the source before treating this as a parser defect.,119sdoc3|banner_check_missing|1171|INTERN COMPENSATION - HASSAN|2024|BANNER NET PAYROLL|0.0
warning,banner_check_discrepancy,119sdoc3,GPO-CDOC-119sdoc3-1.pdf,1172,SENATOR MAGGIE HASSAN,2025,BANNER ORGANIZATION TOTALS,1802233.35,status=warn; banner=1802233.35; parsed_body=1791181.26. Banner checks are advisory; review against the source before treating this as a parser defect.,119sdoc3|banner_check_discrepancy|1172|SENATOR MAGGIE HASSAN|2025|BANNER ORGANIZATION TOTALS|1802233.35
warning,banner_check_missing,119sdoc3,GPO-CDOC-119sdoc3-1.pdf,1181,SENATOR JOSH HAWLEY,2023,BANNER NET PAYROLL,0.0,status=banner_missing; banner=0.0; parsed_body=0.0. Banner checks are advisory; review against the source before treating this as a parser defect.,119sdoc3|banner_check_missing|1181|SENATOR JOSH HAWLEY|2023|BANNER NET PAYROLL|0.0
warning,banner_check_missing,119sdoc3,GPO-CDOC-119sdoc3-1.pdf,1182,INTERN COMPENSATION - HAWLEY,2023,BANNER NET PAYROLL,0.0,status=banner_missing; banner=0.0; parsed_body=0.0. Banner checks are advisory; review against the source before treating this as a parser defect.,119sdoc3|banner_check_missing|1182|INTERN COMPENSATION - HAWLEY|2023|BANNER NET PAYROLL|0.0
warning,banner_check_discrepancy,119sdoc3,GPO-CDOC-119sdoc3-1.pdf,1183,SENATOR JOSH HAWLEY,2024,BANNER ORGANIZATION TOTALS,35942.86,status=warn; banner=35942.86; parsed_body=3894.83. Banner checks are advisory; review against the source before treating this as a parser defect.,119sdoc3|banner_check_discrepancy|1183|SENATOR JOSH HAWLEY|2024|BANNER ORGANIZATION TOTALS|35942.86
warning,banner_check_missing,119sdoc3,GPO-CDOC-119sdoc3-1.pdf,1186,INTERN COMPENSATION - HAWLEY,2024,BANNER NET PAYROLL,0.0,status=banner_missing; banner=0.0; parsed_body=0.0. Banner checks are advisory; review against the source before treating this as a parser defect.,119sdoc3|banner_check_missing|1186|INTERN COMPENSATION - HAWLEY|2024|BANNER NET PAYROLL|0.0
warning,banner_check_discrepancy,119sdoc3,GPO-CDOC-119sdoc3-1.pdf,1187,SENATOR JOSH HAWLEY,2025,BANNER ORGANIZATION TOTALS,1808766.69,status=warn; banner=1808766.69; parsed_body=1769723.42. Banner checks are advisory; review against the source before treating this as a parser defect.,119sdoc3|banner_check_discrepancy|1187|SENATOR JOSH HAWLEY|2025|BANNER ORGANIZATION TOTALS|1808766.69
warning,banner_check_discrepancy,119sdoc3,GPO-CDOC-119sdoc3-1.pdf,1201,SENATOR MARTIN HEINRICH,2023,BANNER ORGANIZATION TOTALS,440.43,status=warn; banner=440.43; parsed_body=290.05. Banner checks are advisory; review against the source before treating this as a parser defect.,119sdoc3|banner_check_discrepancy|1201|SENATOR MARTIN HEINRICH|2023|BANNER ORGANIZATION TOTALS|440.43
warning,banner_check_missing,119sdoc3,GPO-CDOC-119sdoc3-1.pdf,1202,INTERN COMPENSATION - HEINRICH,2023,BANNER NET PAYROLL,0.0,status=banner_missing; banner=0.0; parsed_body=0.0. Banner checks are advisory; review against the source before treating this as a parser defect.,119sdoc3|banner_check_missing|1202|INTERN COMPENSATION - HEINRICH|2023|BANNER NET PAYROLL|0.0
warning,banner_check_discrepancy,119sdoc3,GPO-CDOC-119sdoc3-1.pdf,1203,SENATOR MARTIN HEINRICH,2024,BANNER ORGANIZATION TOTALS,140129.77,status=warn; banner=140129.77; parsed_body=102206.44. Banner checks are advisory; review against the source before treating this as a parser defect.,119sdoc3|banner_check_discrepancy|1203|SENATOR MARTIN HEINRICH|2024|BANNER ORGANIZATION TOTALS|140129.77
warning,banner_check_missing,119sdoc3,GPO-CDOC-119sdoc3-1.pdf,1206,INTERN COMPENSATION - HEINRICH,2024,BANNER NET PAYROLL,0.0,status=banner_missing; banner=0.0; parsed_body=0.0. Banner checks are advisory; review against the source before treating this as a parser defect.,119sdoc3|banner_check_missing|1206|INTERN COMPENSATION - HEINRICH|2024|BANNER NET PAYROLL|0.0
warning,banner_check_discrepancy,119sdoc3,GPO-CDOC-119sdoc3-1.pdf,1207,SENATOR MARTIN HEINRICH,2025,BANNER ORGANIZATION TOTALS,1755085.25,status=warn; banner=1755085.25; parsed_body=1735106.28. Banner checks are advisory; review against the source before treating this as a parser defect.,119sdoc3|banner_check_discrepancy|1207|SENATOR MARTIN HEINRICH|2025|BANNER ORGANIZATION TOTALS|1755085.25
warning,banner_check_missing,119sdoc3,GPO-CDOC-119sdoc3-1.pdf,1218,SENATOR GEORGE HELMY,2024,BANNER NET PAYROLL,408.33,status=banner_missing; banner=408.33; parsed_body=0.0. Banner checks are advisory; review against the source before treating this as a parser defect.,119sdoc3|banner_check_missing|1218|SENATOR GEORGE HELMY|2024|BANNER NET PAYROLL|408.33
warning,banner_check_discrepancy,119sdoc3,GPO-CDOC-119sdoc3-1.pdf,1218,SENATOR GEORGE HELMY,2024,BANNER ORGANIZATION TOTALS,38181.43,status=warn; banner=38181.43; parsed_body=9135.9. Banner checks are advisory; review against the source before treating this as a parser defect.,119sdoc3|banner_check_discrepancy|1218|SENATOR GEORGE HELMY|2024|BANNER ORGANIZATION TOTALS|38181.43
warning,banner_check_discrepancy,119sdoc3,GPO-CDOC-119sdoc3-1.pdf,1221,SENATOR GEORGE HELMY,2025,BANNER NET PAYROLL,924403.69,status=fail; banner=924403.69; parsed_body=924812.02. Banner checks are advisory; review against the source before treating this as a parser defect.,119sdoc3|banner_check_discrepancy|1221|SENATOR GEORGE HELMY|2025|BANNER NET PAYROLL|924403.69
warning,banner_check_discrepancy,119sdoc3,GPO-CDOC-119sdoc3-1.pdf,1221,SENATOR GEORGE HELMY,2025,BANNER ORGANIZATION TOTALS,957361.14,status=warn; banner=957361.14; parsed_body=943243.51. Banner checks are advisory; review against the source before treating this as a parser defect.,119sdoc3|banner_check_discrepancy|1221|SENATOR GEORGE HELMY|2025|BANNER ORGANIZATION TOTALS|957361.14
warning,banner_check_missing,119sdoc3,GPO-CDOC-119sdoc3-1.pdf,1225,SENATOR JOHN HICKENLOOPER,2023,BANNER NET PAYROLL,0.0,status=banner_missing; banner=0.0; parsed_body=0.0. Banner checks are advisory; review against the source before treating this as a parser defect.,119sdoc3|banner_check_missing|1225|SENATOR JOHN HICKENLOOPER|2023|BANNER NET PAYROLL|0.0
warning,banner_check_missing,119sdoc3,GPO-CDOC-119sdoc3-1.pdf,1226,INTERN COMPENSATION - HICKENLOOPER,2023,BANNER NET PAYROLL,0.0,status=banner_missing; banner=0.0; parsed_body=0.0. Banner checks are advisory; review against the source before treating this as a parser defect.,119sdoc3|banner_check_missing|1226|INTERN COMPENSATION - HICKENLOOPER|2023|BANNER NET PAYROLL|0.0
warning,banner_check_discrepancy,119sdoc3,GPO-CDOC-119sdoc3-1.pdf,1227,SENATOR JOHN HICKENLOOPER,2024,BANNER NET PAYROLL,549.7,status=fail; banner=549.7; parsed_body=455.05. Banner checks are advisory; review against the source before treating this as a parser defect.,119sdoc3|banner_check_discrepancy|1227|SENATOR JOHN HICKENLOOPER|2024|BANNER NET PAYROLL|549.7
warning,banner_check_discrepancy,119sdoc3,GPO-CDOC-119sdoc3-1.pdf,1227,SENATOR JOHN HICKENLOOPER,2024,BANNER ORGANIZATION TOTALS,44071.32,status=warn; banner=44071.32; parsed_body=13821.83. Banner checks are advisory; review against the source before treating this as a parser defect.,119sdoc3|banner_check_discrepancy|1227|SENATOR JOHN HICKENLOOPER|2024|BANNER ORGANIZATION TOTALS|44071.32
warning,banner_check_missing,119sdoc3,GPO-CDOC-119sdoc3-1.pdf,1230,INTERN COMPENSATION - HICKENLOOPER,2024,BANNER NET PAYROLL,0.0,status=banner_missing; banner=0.0; parsed_body=0.0. Banner checks are advisory; review against the source before treating this as a parser defect.,119sdoc3|banner_check_missing|1230|INTERN COMPENSATION - HICKENLOOPER|2024|BANNER NET PAYROLL|0.0
warning,banner_check_discrepancy,119sdoc3,GPO-CDOC-119sdoc3-1.pdf,1231,SENATOR JOHN HICKENLOOPER,2025,BANNER NET PAYROLL,1754483.41,status=fail; banner=1754483.41; parsed_body=1754578.06. Banner checks are advisory; review against the source before treating this as a parser defect.,119sdoc3|banner_check_discrepancy|1231|SENATOR JOHN HICKENLOOPER|2025|BANNER NET PAYROLL|1754483.41
warning,banner_check_discrepancy,119sdoc3,GPO-CDOC-119sdoc3-1.pdf,1231,SENATOR JOHN HICKENLOOPER,2025,BANNER ORGANIZATION TOTALS,1882342.46,status=warn; banner=1882342.46; parsed_body=1835931.65. Banner checks are advisory; review against the source before treating this as a parser defect.,119sdoc3|banner_check_discrepancy|1231|SENATOR JOHN HICKENLOOPER|2025|BANNER ORGANIZATION TOTALS|1882342.46
warning,banner_check_missing,119sdoc3,GPO-CDOC-119sdoc3-1.pdf,1240,SENATOR MAZIE HIRONO,2023,BANNER NET PAYROLL,0.0,status=banner_missing; banner=0.0; parsed_body=0.0. Banner checks are advisory; review against the source before treating this as a parser defect.,119sdoc3|banner_check_missing|1240|SENATOR MAZIE HIRONO|2023|BANNER NET PAYROLL|0.0
warning,banner_check_discrepancy,119sdoc3,GPO-CDOC-119sdoc3-1.pdf,1240,SENATOR MAZIE HIRONO,2023,BANNER ORGANIZATION TOTALS,30.51,status=warn; banner=30.51; parsed_body=0.0. Banner checks are advisory; review against the source before treating this as a parser defect.,119sdoc3|banner_check_discrepancy|1240|SENATOR MAZIE HIRONO|2023|BANNER ORGANIZATION TOTALS|30.51
warning,banner_check_missing,119sdoc3,GPO-CDOC-119sdoc3-1.pdf,1241,INTERN COMPENSATION - HIRONO,2023,BANNER NET PAYROLL,0.0,status=banner_missing; banner=0.0; parsed_body=0.0. Banner checks are advisory; review against the source before treating this as a parser defect.,119sdoc3|banner_check_missing|1241|INTERN COMPENSATION - HIRONO|2023|BANNER NET PAYROLL|0.0
warning,banner_check_discrepancy,119sdoc3,GPO-CDOC-119sdoc3-1.pdf,1242,SENATOR MAZIE HIRONO,2024,BANNER NET PAYROLL,2717.8,status=fail; banner=2717.8; parsed_body=1230.55. Banner checks are advisory; review against the source before treating this as a parser defect.,119sdoc3|banner_check_discrepancy|1242|SENATOR MAZIE HIRONO|2024|BANNER NET PAYROLL|2717.8
warning,banner_check_discrepancy,119sdoc3,GPO-CDOC-119sdoc3-1.pdf,1242,SENATOR MAZIE HIRONO,2024,BANNER ORGANIZATION TOTALS,431976.05,status=warn; banner=431976.05; parsed_body=56721.79. Banner checks are advisory; review against the source before treating this as a parser defect.,119sdoc3|banner_check_discrepancy|1242|SENATOR MAZIE HIRONO|2024|BANNER ORGANIZATION TOTALS|431976.05
warning,banner_check_missing,119sdoc3,GPO-CDOC-119sdoc3-1.pdf,1244,INTERN COMPENSATION - HIRONO,2024,BANNER NET PAYROLL,12.75,status=banner_missing; banner=12.75; parsed_body=0.0. Banner checks are advisory; review against the source before treating this as a parser defect.,119sdoc3|banner_check_missing|1244|INTERN COMPENSATION - HIRONO|2024|BANNER NET PAYROLL|12.75
warning,banner_check_discrepancy,119sdoc3,GPO-CDOC-119sdoc3-1.pdf,1244,INTERN COMPENSATION - HIRONO,2024,BANNER ORGANIZATION TOTALS,12.75,status=warn; banner=12.75; parsed_body=0.0. Banner checks are advisory; review against the source before treating this as a parser defect.,119sdoc3|banner_check_discrepancy|1244|INTERN COMPENSATION - HIRONO|2024|BANNER ORGANIZATION TOTALS|12.75
warning,banner_check_discrepancy,119sdoc3,GPO-CDOC-119sdoc3-1.pdf,1245,SENATOR MAZIE HIRONO,2025,BANNER NET PAYROLL,1687620.19,status=fail; banner=1687620.19; parsed_body=1726898.11. Banner checks are advisory; review against the source before treating this as a parser defect.,119sdoc3|banner_check_discrepancy|1245|SENATOR MAZIE HIRONO|2025|BANNER NET PAYROLL|1687620.19
warning,banner_check_discrepancy,119sdoc3,GPO-CDOC-119sdoc3-1.pdf,1245,SENATOR MAZIE HIRONO,2025,BANNER ORGANIZATION TOTALS,1803963.27,status=fail; banner=1803963.27; parsed_body=1789490.91. Banner checks are advisory; review against the source before treating this as a parser defect.,119sdoc3|banner_check_discrepancy|1245|SENATOR MAZIE HIRONO|2025|BANNER ORGANIZATION TOTALS|1803963.27
warning,banner_check_discrepancy,119sdoc3,GPO-CDOC-119sdoc3-1.pdf,1249,INTERN COMPENSATION - HIRONO,2025,BANNER NET PAYROLL,36604.48,status=fail; banner=36604.48; parsed_body=36617.23. Banner checks are advisory; review against the source before treating this as a parser defect.,119sdoc3|banner_check_discrepancy|1249|INTERN COMPENSATION - HIRONO|2025|BANNER NET PAYROLL|36604.48
warning,banner_check_discrepancy,119sdoc3,GPO-CDOC-119sdoc3-1.pdf,1249,INTERN COMPENSATION - HIRONO,2025,BANNER ORGANIZATION TOTALS,36604.48,status=warn; banner=36604.48; parsed_body=36617.23. Banner checks are advisory; review against the source before treating this as a parser defect.,119sdoc3|banner_check_discrepancy|1249|INTERN COMPENSATION - HIRONO|2025|BANNER ORGANIZATION TOTALS|36604.48
warning,banner_check_missing,119sdoc3,GPO-CDOC-119sdoc3-1.pdf,1251,INTERN COMPENSATION - HOEVEN,2023,BANNER NET PAYROLL,0.0,status=banner_missing; banner=0.0; parsed_body=0.0. Banner checks are advisory; review against the source before treating this as a parser defect.,119sdoc3|banner_check_missing|1251|INTERN COMPENSATION - HOEVEN|2023|BANNER NET PAYROLL|0.0
warning,banner_check_discrepancy,119sdoc3,GPO-CDOC-119sdoc3-1.pdf,1252,SENATOR JOHN HOEVEN,2024,BANNER ORGANIZATION TOTALS,229699.53,status=warn; banner=229699.53; parsed_body=38020.95. Banner checks are advisory; review against the source before treating this as a parser defect.,119sdoc3|banner_check_discrepancy|1252|SENATOR JOHN HOEVEN|2024|BANNER ORGANIZATION TOTALS|229699.53
warning,banner_check_missing,119sdoc3,GPO-CDOC-119sdoc3-1.pdf,1254,INTERN COMPENSATION - HOEVEN,2024,BANNER NET PAYROLL,0.0,status=banner_missing; banner=0.0; parsed_body=0.0. Banner checks are advisory; review against the source before treating this as a parser defect.,119sdoc3|banner_check_missing|1254|INTERN COMPENSATION - HOEVEN|2024|BANNER NET PAYROLL|0.0
warning,banner_check_discrepancy,119sdoc3,GPO-CDOC-119sdoc3-1.pdf,1255,SENATOR JOHN HOEVEN,2025,BANNER ORGANIZATION TOTALS,1705779.96,status=warn; banner=1705779.96; parsed_body=1688447.44. Banner checks are advisory; review against the source before treating this as a parser defect.,119sdoc3|banner_check_discrepancy|1255|SENATOR JOHN HOEVEN|2025|BANNER ORGANIZATION TOTALS|1705779.96
warning,banner_check_discrepancy,119sdoc3,GPO-CDOC-119sdoc3-1.pdf,1261,SENATOR JON HUSTED,2025,BANNER ORGANIZATION TOTALS,236109.78,status=warn; banner=236109.78; parsed_body=233559.99. Banner checks are advisory; review against the source before treating this as a parser defect.,119sdoc3|banner_check_discrepancy|1261|SENATOR JON HUSTED|2025|BANNER ORGANIZATION TOTALS|236109.78
warning,banner_check_missing,119sdoc3,GPO-CDOC-119sdoc3-1.pdf,1265,SENATOR CINDY HYDE-SMITH,2023,BANNER NET PAYROLL,0.0,status=banner_missing; banner=0.0; parsed_body=0.0. Banner checks are advisory; review against the source before treating this as a parser defect.,119sdoc3|banner_check_missing|1265|SENATOR CINDY HYDE-SMITH|2023|BANNER NET PAYROLL|0.0
warning,banner_check_missing,119sdoc3,GPO-CDOC-119sdoc3-1.pdf,1266,INTERN COMPENSATION - HYDE-SMITH,2023,BANNER NET PAYROLL,0.0,status=banner_missing; banner=0.0; parsed_body=0.0. Banner checks are advisory; review against the source before treating this as a parser defect.,119sdoc3|banner_check_missing|1266|INTERN COMPENSATION - HYDE-SMITH|2023|BANNER NET PAYROLL|0.0
warning,banner_check_missing,119sdoc3,GPO-CDOC-119sdoc3-1.pdf,1267,SENATOR CINDY HYDE-SMITH,2024,BANNER NET PAYROLL,0.0,status=banner_missing; banner=0.0; parsed_body=0.0. Banner checks are advisory; review against the source before treating this as a parser defect.,119sdoc3|banner_check_missing|1267|SENATOR CINDY HYDE-SMITH|2024|BANNER NET PAYROLL|0.0
warning,banner_check_discrepancy,119sdoc3,GPO-CDOC-119sdoc3-1.pdf,1267,SENATOR CINDY HYDE-SMITH,2024,BANNER ORGANIZATION TOTALS,77393.89,status=warn; banner=77393.89; parsed_body=69400.29. Banner checks are advisory; review against the source before treating this as a parser defect.,119sdoc3|banner_check_discrepancy|1267|SENATOR CINDY HYDE-SMITH|2024|BANNER ORGANIZATION TOTALS|77393.89
warning,banner_check_missing,119sdoc3,GPO-CDOC-119sdoc3-1.pdf,1270,INTERN COMPENSATION - HYDE-SMITH,2024,BANNER NET PAYROLL,0.0,status=banner_missing; banner=0.0; parsed_body=0.0. Banner checks are advisory; review against the source before treating this as a parser defect.,119sdoc3|banner_check_missing|1270|INTERN COMPENSATION - HYDE-SMITH|2024|BANNER NET PAYROLL|0.0
warning,banner_check_discrepancy,119sdoc3,GPO-CDOC-119sdoc3-1.pdf,1271,SENATOR CINDY HYDE-SMITH,2025,BANNER ORGANIZATION TOTALS,1693914.8,status=warn; banner=1693914.8; parsed_body=1673094.13. Banner checks are advisory; review against the source before treating this as a parser defect.,119sdoc3|banner_check_discrepancy|1271|SENATOR CINDY HYDE-SMITH|2025|BANNER ORGANIZATION TOTALS|1693914.8
warning,banner_check_missing,119sdoc3,GPO-CDOC-119sdoc3-1.pdf,1290,SENATOR JAMES M. INHOFE,2023,BANNER NET PAYROLL,0.0,status=banner_missing; banner=0.0; parsed_body=0.0. Banner checks are advisory; review against the source before treating this as a parser defect.,119sdoc3|banner_check_missing|1290|SENATOR JAMES M. INHOFE|2023|BANNER NET PAYROLL|0.0
warning,banner_check_missing,119sdoc3,GPO-CDOC-119sdoc3-1.pdf,1291,INTERN COMPENSATION - INHOFE,2023,BANNER NET PAYROLL,0.0,status=banner_missing; banner=0.0; parsed_body=0.0. Banner checks are advisory; review against the source before treating this as a parser defect.,119sdoc3|banner_check_missing|1291|INTERN COMPENSATION - INHOFE|2023|BANNER NET PAYROLL|0.0
warning,banner_check_missing,119sdoc3,GPO-CDOC-119sdoc3-1.pdf,1292,SENATOR RON JOHNSON,2023,BANNER NET PAYROLL,0.0,status=banner_missing; banner=0.0; parsed_body=0.0. Banner checks are advisory; review against the source before treating this as a parser defect.,119sdoc3|banner_check_missing|1292|SENATOR RON JOHNSON|2023|BANNER NET PAYROLL|0.0
warning,banner_check_missing,119sdoc3,GPO-CDOC-119sdoc3-1.pdf,1293,INTERN COMPENSATION - JOHNSON,2023,BANNER NET PAYROLL,0.0,status=banner_missing; banner=0.0; parsed_body=0.0. Banner checks are advisory; review against the source before treating this as a parser defect.,119sdoc3|banner_check_missing|1293|INTERN COMPENSATION - JOHNSON|2023|BANNER NET PAYROLL|0.0
warning,banner_check_discrepancy,119sdoc3,GPO-CDOC-119sdoc3-1.pdf,1294,SENATOR RON JOHNSON,2024,BANNER ORGANIZATION TOTALS,163683.06,status=warn; banner=163683.06; parsed_body=51306.41. Banner checks are advisory; review against the source before treating this as a parser defect.,119sdoc3|banner_check_discrepancy|1294|SENATOR RON JOHNSON|2024|BANNER ORGANIZATION TOTALS|163683.06
warning,banner_check_missing,119sdoc3,GPO-CDOC-119sdoc3-1.pdf,1301,INTERN COMPENSATION - JOHNSON,2024,BANNER NET PAYROLL,0.0,status=banner_missing; banner=0.0; parsed_body=0.0. Banner checks are advisory; review against the source before treating this as a parser defect.,119sdoc3|banner_check_missing|1301|INTERN COMPENSATION - JOHNSON|2024|BANNER NET PAYROLL|0.0
warning,banner_check_discrepancy,119sdoc3,GPO-CDOC-119sdoc3-1.pdf,1302,SENATOR RON JOHNSON,2025,BANNER ORGANIZATION TOTALS,1933647.46,status=warn; banner=1933647.46; parsed_body=1903502.61. Banner checks are advisory; review against the source before treating this as a parser defect.,119sdoc3|banner_check_discrepancy|1302|SENATOR RON JOHNSON|2025|BANNER ORGANIZATION TOTALS|1933647.46
warning,banner_check_discrepancy,119sdoc3,GPO-CDOC-119sdoc3-1.pdf,1314,SENATOR JIM JUSTICE,2025,BANNER ORGANIZATION TOTALS,477337.16,status=warn; banner=477337.16; parsed_body=471198.99. Banner checks are advisory; review against the source before treating this as a parser defect.,119sdoc3|banner_check_discrepancy|1314|SENATOR JIM JUSTICE|2025|BANNER ORGANIZATION TOTALS|477337.16
warning,banner_check_missing,119sdoc3,GPO-CDOC-119sdoc3-1.pdf,1318,SENATOR TIM KAINE,2023,BANNER NET PAYROLL,0.0,status=banner_missing; banner=0.0; parsed_body=0.0. Banner checks are advisory; review against the source before treating this as a parser defect.,119sdoc3|banner_check_missing|1318|SENATOR TIM KAINE|2023|BANNER NET PAYROLL|0.0
warning,banner_check_missing,119sdoc3,GPO-CDOC-119sdoc3-1.pdf,1319,INTERN COMPENSATION - KAINE,2023,BANNER NET PAYROLL,0.0,status=banner_missing; banner=0.0; parsed_body=0.0. Banner checks are advisory; review against the source before treating this as a parser defect.,119sdoc3|banner_check_missing|1319|INTERN COMPENSATION - KAINE|2023|BANNER NET PAYROLL|0.0
warning,banner_check_discrepancy,119sdoc3,GPO-CDOC-119sdoc3-1.pdf,1320,SENATOR TIM KAINE,2024,BANNER NET PAYROLL,2467.6,status=fail; banner=2467.6; parsed_body=1777.0. Banner checks are advisory; review against the source before treating this as a parser defect.,119sdoc3|banner_check_discrepancy|1320|SENATOR TIM KAINE|2024|BANNER NET PAYROLL|2467.6
warning,banner_check_discrepancy,119sdoc3,GPO-CDOC-119sdoc3-1.pdf,1320,SENATOR TIM KAINE,2024,BANNER ORGANIZATION TOTALS,252795.82,status=warn; banner=252795.82; parsed_body=63649.79. Banner checks are advisory; review against the source before treating this as a parser defect.,119sdoc3|banner_check_discrepancy|1320|SENATOR TIM KAINE|2024|BANNER ORGANIZATION TOTALS|252795.82
warning,banner_check_missing,119sdoc3,GPO-CDOC-119sdoc3-1.pdf,1324,INTERN COMPENSATION - KAINE,2024,BANNER NET PAYROLL,0.0,status=banner_missing; banner=0.0; parsed_body=0.0. Banner checks are advisory; review against the source before treating this as a parser defect.,119sdoc3|banner_check_missing|1324|INTERN COMPENSATION - KAINE|2024|BANNER NET PAYROLL|0.0
warning,banner_check_discrepancy,119sdoc3,GPO-CDOC-119sdoc3-1.pdf,1325,SENATOR TIM KAINE,2025,BANNER NET PAYROLL,2052342.8,status=fail; banner=2052342.8; parsed_body=2053033.4. Banner checks are advisory; review against the source before treating this as a parser defect.,119sdoc3|banner_check_discrepancy|1325|SENATOR TIM KAINE|2025|BANNER NET PAYROLL|2052342.8
warning,banner_check_discrepancy,119sdoc3,GPO-CDOC-119sdoc3-1.pdf,1325,SENATOR TIM KAINE,2025,BANNER ORGANIZATION TOTALS,2120509.39,status=warn; banner=2120509.39; parsed_body=2063292.79. Banner checks are advisory; review against the source before treating this as a parser defect.,119sdoc3|banner_check_discrepancy|1325|SENATOR TIM KAINE|2025|BANNER ORGANIZATION TOTALS|2120509.39
