office,funding_year,account,start_page,label,check_page,expected,actual,status,basis,second_opinion,independent_sum,context
OFFICE OF THE VICE PRESIDENT (D) - HARRIS,2023,"EXPENSE ALLOWANCES OF THE VICE PRESIDENT, PRESIDENT PRO TEMPORE, MAJORITY AND MINORITY LEADERS, MAJORITY AND MINORITY WHIPS, CHAIRMEN OF THE MAJORITY AND MINORITY CONFERENCE COMMITTEES AND CHAIRMEN OF THE MAJORITY AND MINORITY POLICY COMMITTEES",19,BANNER NET PAYROLL,19,,0.0,not_applicable,banner,,,
OFFICE OF THE VICE PRESIDENT (D) - HARRIS,2023,"EXPENSE ALLOWANCES OF THE VICE PRESIDENT, PRESIDENT PRO TEMPORE, MAJORITY AND MINORITY LEADERS, MAJORITY AND MINORITY WHIPS, CHAIRMEN OF THE MAJORITY AND MINORITY CONFERENCE COMMITTEES AND CHAIRMEN OF THE MAJORITY AND MINORITY POLICY COMMITTEES",19,BANNER ORGANIZATION TOTALS,19,0.0,0.0,ok,banner,,,
OFFICE OF THE VICE PRESIDENT (D) - HARRIS,2024,"EXPENSE ALLOWANCES OF THE VICE PRESIDENT, PRESIDENT PRO TEMPORE, MAJORITY AND MINORITY LEADERS, MAJORITY AND MINORITY WHIPS, CHAIRMEN OF THE MAJORITY AND MINORITY CONFERENCE COMMITTEES AND CHAIRMEN OF THE MAJORITY AND MINORITY POLICY COMMITTEES",20,BANNER NET PAYROLL,20,,0.0,not_applicable,banner,,,
OFFICE OF THE VICE PRESIDENT (D) - HARRIS,2024,"EXPENSE ALLOWANCES OF THE VICE PRESIDENT, PRESIDENT PRO TEMPORE, MAJORITY AND MINORITY LEADERS, MAJORITY AND MINORITY WHIPS, CHAIRMEN OF THE MAJORITY AND MINORITY CONFERENCE COMMITTEES AND CHAIRMEN OF THE MAJORITY AND MINORITY POLICY COMMITTEES",20,BANNER ORGANIZATION TOTALS,20,0.0,0.0,ok,banner,,,
OFFICE OF THE VICE PRESIDENT (D) - HARRIS,2025,"EXPENSE ALLOWANCES OF THE VICE PRESIDENT, PRESIDENT PRO TEMPORE, MAJORITY AND MINORITY LEADERS, MAJORITY AND MINORITY WHIPS, CHAIRMEN OF THE MAJORITY AND MINORITY CONFERENCE COMMITTEES AND CHAIRMEN OF THE MAJORITY AND MINORITY POLICY COMMITTEES",21,BANNER NET PAYROLL,21,,0.0,not_applicable,banner,,,
OFFICE OF THE VICE PRESIDENT (D) - HARRIS,2025,"EXPENSE ALLOWANCES OF THE VICE PRESIDENT, PRESIDENT PRO TEMPORE, MAJORITY AND MINORITY LEADERS, MAJORITY AND MINORITY WHIPS, CHAIRMEN OF THE MAJORITY AND MINORITY CONFERENCE COMMITTEES AND CHAIRMEN OF THE MAJORITY AND MINORITY POLICY COMMITTEES",21,BANNER ORGANIZATION TOTALS,21,0.0,0.0,ok,banner,,,
PRESIDENT PRO TEMPORE (D),2023,"EXPENSE ALLOWANCES OF THE VICE PRESIDENT, PRESIDENT PRO TEMPORE, MAJORITY AND MINORITY LEADERS, MAJORITY AND MINORITY WHIPS, CHAIRMEN OF THE MAJORITY AND MINORITY CONFERENCE COMMITTEES AND CHAIRMEN OF THE MAJORITY AND MINORITY POLICY COMMITTEES",22,BANNER NET PAYROLL,22,,0.0,not_applicable,banner,,,
PRESIDENT PRO TEMPORE (D),2023,"EXPENSE ALLOWANCES OF THE VICE PRESIDENT, PRESIDENT PRO TEMPORE, MAJORITY AND MINORITY LEADERS, MAJORITY AND MINORITY WHIPS, CHAIRMEN OF THE MAJORITY AND MINORITY CONFERENCE COMMITTEES AND CHAIRMEN OF THE MAJORITY AND MINORITY POLICY COMMITTEES",22,BANNER ORGANIZATION TOTALS,22,0.0,0.0,ok,banner,,,
PRESIDENT PRO TEMPORE (D),2024,"EXPENSE ALLOWANCES OF THE VICE PRESIDENT, PRESIDENT PRO TEMPORE, MAJORITY AND MINORITY LEADERS, MAJORITY AND MINORITY WHIPS, CHAIRMEN OF THE MAJORITY AND MINORITY CONFERENCE COMMITTEES AND CHAIRMEN OF THE MAJORITY AND MINORITY POLICY COMMITTEES",23,BANNER NET PAYROLL,23,,0.0,not_applicable,banner,,,
PRESIDENT PRO TEMPORE (D),2024,"EXPENSE ALLOWANCES OF THE VICE PRESIDENT, PRESIDENT PRO TEMPORE, MAJORITY AND MINORITY LEADERS, MAJORITY AND MINORITY WHIPS, CHAIRMEN OF THE MAJORITY AND MINORITY CONFERENCE COMMITTEES AND CHAIRMEN OF THE MAJORITY AND MINORITY POLICY COMMITTEES",23,BANNER ORGANIZATION TOTALS,23,2789.68,0.0,warn,banner,,,banner_only_categories
PRESIDENT PRO TEMPORE (D),2025,"EXPENSE ALLOWANCES OF THE VICE PRESIDENT, PRESIDENT PRO TEMPORE, MAJORITY AND MINORITY LEADERS, MAJORITY AND MINORITY WHIPS, CHAIRMEN OF THE MAJORITY AND MINORITY CONFERENCE COMMITTEES AND CHAIRMEN OF THE MAJORITY AND MINORITY POLICY COMMITTEES",24,BANNER NET PAYROLL,24,,0.0,not_applicable,banner,,,
PRESIDENT PRO TEMPORE (D),2025,"EXPENSE ALLOWANCES OF THE VICE PRESIDENT, PRESIDENT PRO TEMPORE, MAJORITY AND MINORITY LEADERS, MAJORITY AND MINORITY WHIPS, CHAIRMEN OF THE MAJORITY AND MINORITY CONFERENCE COMMITTEES AND CHAIRMEN OF THE MAJORITY AND MINORITY POLICY COMMITTEES",24,BANNER ORGANIZATION TOTALS,24,10223.92,0.0,warn,banner,,,banner_only_categories
PRES PRO TEM EMERITUS (D),2025,"EXPENSE ALLOWANCES OF THE VICE PRESIDENT, PRESIDENT PRO TEMPORE, MAJORITY AND MINORITY LEADERS, MAJORITY AND MINORITY WHIPS, CHAIRMEN OF THE MAJORITY AND MINORITY CONFERENCE COMMITTEES AND CHAIRMEN OF THE MAJORITY AND MINORITY POLICY COMMITTEES",25,TRAVEL AND TRANSPORTATION OF PERSONS,25,69.89,69.89,ok,segment,,,
PRES PRO TEM EMERITUS (D),2025,"EXPENSE ALLOWANCES OF THE VICE PRESIDENT, PRESIDENT PRO TEMPORE, MAJORITY AND MINORITY LEADERS, MAJORITY AND MINORITY WHIPS, CHAIRMEN OF THE MAJORITY AND MINORITY CONFERENCE COMMITTEES AND CHAIRMEN OF THE MAJORITY AND MINORITY POLICY COMMITTEES",25,BANNER NET PAYROLL,25,,0.0,not_applicable,banner,,,
PRES PRO TEM EMERITUS (D),2025,"EXPENSE ALLOWANCES OF THE VICE PRESIDENT, PRESIDENT PRO TEMPORE, MAJORITY AND MINORITY LEADERS, MAJORITY AND MINORITY WHIPS, CHAIRMEN OF THE MAJORITY AND MINORITY CONFERENCE COMMITTEES AND CHAIRMEN OF THE MAJORITY AND MINORITY POLICY COMMITTEES",25,BANNER ORGANIZATION TOTALS,25,10130.97,69.89,warn,banner,,,banner_only_categories
MAJORITY LEADER (D),2023,"EXPENSE ALLOWANCES OF THE VICE PRESIDENT, PRESIDENT PRO TEMPORE, MAJORITY AND MINORITY LEADERS, MAJORITY AND MINORITY WHIPS, CHAIRMEN OF THE MAJORITY AND MINORITY CONFERENCE COMMITTEES AND CHAIRMEN OF THE MAJORITY AND MINORITY POLICY COMMITTEES",26,BANNER NET PAYROLL,26,,0.0,not_applicable,banner,,,
MAJORITY LEADER (D),2023,"EXPENSE ALLOWANCES OF THE VICE PRESIDENT, PRESIDENT PRO TEMPORE, MAJORITY AND MINORITY LEADERS, MAJORITY AND MINORITY WHIPS, CHAIRMEN OF THE MAJORITY AND MINORITY CONFERENCE COMMITTEES AND CHAIRMEN OF THE MAJORITY AND MINORITY POLICY COMMITTEES",26,BANNER ORGANIZATION TOTALS,26,0.0,0.0,ok,banner,,,
MAJORITY LEADER (D),2024,"EXPENSE ALLOWANCES OF THE VICE PRESIDENT, PRESIDENT PRO TEMPORE, MAJORITY AND MINORITY LEADERS, MAJORITY AND MINORITY WHIPS, CHAIRMEN OF THE MAJORITY AND MINORITY CONFERENCE COMMITTEES AND CHAIRMEN OF THE MAJORITY AND MINORITY POLICY COMMITTEES",27,BANNER NET PAYROLL,27,,0.0,not_applicable,banner,,,
MAJORITY LEADER (D),2024,"EXPENSE ALLOWANCES OF THE VICE PRESIDENT, PRESIDENT PRO TEMPORE, MAJORITY AND MINORITY LEADERS, MAJORITY AND MINORITY WHIPS, CHAIRMEN OF THE MAJORITY AND MINORITY CONFERENCE COMMITTEES AND CHAIRMEN OF THE MAJORITY AND MINORITY POLICY COMMITTEES",27,BANNER ORGANIZATION TOTALS,27,0.0,0.0,ok,banner,,,
MINORITY LEADER (D),2025,"EXPENSE ALLOWANCES OF THE VICE PRESIDENT, PRESIDENT PRO TEMPORE, MAJORITY AND MINORITY LEADERS, MAJORITY AND MINORITY WHIPS, CHAIRMEN OF THE MAJORITY AND MINORITY CONFERENCE COMMITTEES AND CHAIRMEN OF THE MAJORITY AND MINORITY POLICY COMMITTEES",28,BANNER NET PAYROLL,28,,0.0,not_applicable,banner,,,
MINORITY LEADER (D),2025,"EXPENSE ALLOWANCES OF THE VICE PRESIDENT, PRESIDENT PRO TEMPORE, MAJORITY AND MINORITY LEADERS, MAJORITY AND MINORITY WHIPS, CHAIRMEN OF THE MAJORITY AND MINORITY CONFERENCE COMMITTEES AND CHAIRMEN OF THE MAJORITY AND MINORITY POLICY COMMITTEES",28,BANNER ORGANIZATION TOTALS,28,11191.98,0.0,warn,banner,,,banner_only_categories
MAJORITY WHIP (D),2023,"EXPENSE ALLOWANCES OF THE VICE PRESIDENT, PRESIDENT PRO TEMPORE, MAJORITY AND MINORITY LEADERS, MAJORITY AND MINORITY WHIPS, CHAIRMEN OF THE MAJORITY AND MINORITY CONFERENCE COMMITTEES AND CHAIRMEN OF THE MAJORITY AND MINORITY POLICY COMMITTEES",29,BANNER NET PAYROLL,29,,0.0,not_applicable,banner,,,
MAJORITY WHIP (D),2023,"EXPENSE ALLOWANCES OF THE VICE PRESIDENT, PRESIDENT PRO TEMPORE, MAJORITY AND MINORITY LEADERS, MAJORITY AND MINORITY WHIPS, CHAIRMEN OF THE MAJORITY AND MINORITY CONFERENCE COMMITTEES AND CHAIRMEN OF THE MAJORITY AND MINORITY POLICY COMMITTEES",29,BANNER ORGANIZATION TOTALS,29,0.0,0.0,ok,banner,,,
MAJORITY WHIP (D),2024,"EXPENSE ALLOWANCES OF THE VICE PRESIDENT, PRESIDENT PRO TEMPORE, MAJORITY AND MINORITY LEADERS, MAJORITY AND MINORITY WHIPS, CHAIRMEN OF THE MAJORITY AND MINORITY CONFERENCE COMMITTEES AND CHAIRMEN OF THE MAJORITY AND MINORITY POLICY COMMITTEES",30,BANNER NET PAYROLL,30,,0.0,not_applicable,banner,,,
MAJORITY WHIP (D),2024,"EXPENSE ALLOWANCES OF THE VICE PRESIDENT, PRESIDENT PRO TEMPORE, MAJORITY AND MINORITY LEADERS, MAJORITY AND MINORITY WHIPS, CHAIRMEN OF THE MAJORITY AND MINORITY CONFERENCE COMMITTEES AND CHAIRMEN OF THE MAJORITY AND MINORITY POLICY COMMITTEES",30,BANNER ORGANIZATION TOTALS,30,4419.57,0.0,warn,banner,,,banner_only_categories
MINORITY WHIP (D),2025,"EXPENSE ALLOWANCES OF THE VICE PRESIDENT, PRESIDENT PRO TEMPORE, MAJORITY AND MINORITY LEADERS, MAJORITY AND MINORITY WHIPS, CHAIRMEN OF THE MAJORITY AND MINORITY CONFERENCE COMMITTEES AND CHAIRMEN OF THE MAJORITY AND MINORITY POLICY COMMITTEES",31,BANNER NET PAYROLL,31,,0.0,not_applicable,banner,,,
MINORITY WHIP (D),2025,"EXPENSE ALLOWANCES OF THE VICE PRESIDENT, PRESIDENT PRO TEMPORE, MAJORITY AND MINORITY LEADERS, MAJORITY AND MINORITY WHIPS, CHAIRMEN OF THE MAJORITY AND MINORITY CONFERENCE COMMITTEES AND CHAIRMEN OF THE MAJORITY AND MINORITY POLICY COMMITTEES",31,BANNER ORGANIZATION TOTALS,31,2100.7,0.0,warn,banner,,,banner_only_categories
CHAIRMAN MAJORITY CONFERENCE COMMITTEE (D),2023,"EXPENSE ALLOWANCES OF THE VICE PRESIDENT, PRESIDENT PRO TEMPORE, MAJORITY AND MINORITY LEADERS, MAJORITY AND MINORITY WHIPS, CHAIRMEN OF THE MAJORITY AND MINORITY CONFERENCE COMMITTEES AND CHAIRMEN OF THE MAJORITY AND MINORITY POLICY COMMITTEES",32,BANNER NET PAYROLL,32,,0.0,not_applicable,banner,,,
CHAIRMAN MAJORITY CONFERENCE COMMITTEE (D),2023,"EXPENSE ALLOWANCES OF THE VICE PRESIDENT, PRESIDENT PRO TEMPORE, MAJORITY AND MINORITY LEADERS, MAJORITY AND MINORITY WHIPS, CHAIRMEN OF THE MAJORITY AND MINORITY CONFERENCE COMMITTEES AND CHAIRMEN OF THE MAJORITY AND MINORITY POLICY COMMITTEES",32,BANNER ORGANIZATION TOTALS,32,0.0,0.0,ok,banner,,,
CHAIRMAN MAJORITY CONFERENCE COMMITTEE (D),2024,"EXPENSE ALLOWANCES OF THE VICE PRESIDENT, PRESIDENT PRO TEMPORE, MAJORITY AND MINORITY LEADERS, MAJORITY AND MINORITY WHIPS, CHAIRMEN OF THE MAJORITY AND MINORITY CONFERENCE COMMITTEES AND CHAIRMEN OF THE MAJORITY AND MINORITY POLICY COMMITTEES",33,BANNER NET PAYROLL,33,,0.0,not_applicable,banner,,,
CHAIRMAN MAJORITY CONFERENCE COMMITTEE (D),2024,"EXPENSE ALLOWANCES OF THE VICE PRESIDENT, PRESIDENT PRO TEMPORE, MAJORITY AND MINORITY LEADERS, MAJORITY AND MINORITY WHIPS, CHAIRMEN OF THE MAJORITY AND MINORITY CONFERENCE COMMITTEES AND CHAIRMEN OF THE MAJORITY AND MINORITY POLICY COMMITTEES",33,BANNER ORGANIZATION TOTALS,33,0.0,0.0,ok,banner,,,
CHAIRMAN MINORITY CONFERENCE COMMITTEE (D),2025,"EXPENSE ALLOWANCES OF THE VICE PRESIDENT, PRESIDENT PRO TEMPORE, MAJORITY AND MINORITY LEADERS, MAJORITY AND MINORITY WHIPS, CHAIRMEN OF THE MAJORITY AND MINORITY CONFERENCE COMMITTEES AND CHAIRMEN OF THE MAJORITY AND MINORITY POLICY COMMITTEES",34,BANNER NET PAYROLL,34,,0.0,not_applicable,banner,,,
CHAIRMAN MINORITY CONFERENCE COMMITTEE (D),2025,"EXPENSE ALLOWANCES OF THE VICE PRESIDENT, PRESIDENT PRO TEMPORE, MAJORITY AND MINORITY LEADERS, MAJORITY AND MINORITY WHIPS, CHAIRMEN OF THE MAJORITY AND MINORITY CONFERENCE COMMITTEES AND CHAIRMEN OF THE MAJORITY AND MINORITY POLICY COMMITTEES",34,BANNER ORGANIZATION TOTALS,34,0.0,0.0,ok,banner,,,
CHAIRMAN MAJORITY POLICY COMMITTEE (D),2023,"EXPENSE ALLOWANCES OF THE VICE PRESIDENT, PRESIDENT PRO TEMPORE, MAJORITY AND MINORITY LEADERS, MAJORITY AND MINORITY WHIPS, CHAIRMEN OF THE MAJORITY AND MINORITY CONFERENCE COMMITTEES AND CHAIRMEN OF THE MAJORITY AND MINORITY POLICY COMMITTEES",35,BANNER NET PAYROLL,35,,0.0,not_applicable,banner,,,
CHAIRMAN MAJORITY POLICY COMMITTEE (D),2023,"EXPENSE ALLOWANCES OF THE VICE PRESIDENT, PRESIDENT PRO TEMPORE, MAJORITY AND MINORITY LEADERS, MAJORITY AND MINORITY WHIPS, CHAIRMEN OF THE MAJORITY AND MINORITY CONFERENCE COMMITTEES AND CHAIRMEN OF THE MAJORITY AND MINORITY POLICY COMMITTEES",35,BANNER ORGANIZATION TOTALS,35,0.0,0.0,ok,banner,,,
CHAIRMAN MAJORITY POLICY COMMITTEE (D),2024,"EXPENSE ALLOWANCES OF THE VICE PRESIDENT, PRESIDENT PRO TEMPORE, MAJORITY AND MINORITY LEADERS, MAJORITY AND MINORITY WHIPS, CHAIRMEN OF THE MAJORITY AND MINORITY CONFERENCE COMMITTEES AND CHAIRMEN OF THE MAJORITY AND MINORITY POLICY COMMITTEES",36,BANNER NET PAYROLL,36,,0.0,not_applicable,banner,,,
CHAIRMAN MAJORITY POLICY COMMITTEE (D),2024,"EXPENSE ALLOWANCES OF THE VICE PRESIDENT, PRESIDENT PRO TEMPORE, MAJORITY AND MINORITY LEADERS, MAJORITY AND MINORITY WHIPS, CHAIRMEN OF THE MAJORITY AND MINORITY CONFERENCE COMMITTEES AND CHAIRMEN OF THE MAJORITY AND MINORITY POLICY COMMITTEES",36,BANNER ORGANIZATION TOTALS,36,0.0,0.0,ok,banner,,,
CHAIRMAN MINORITY POLICY COMMITTEE (D),2025,"EXPENSE ALLOWANCES OF THE VICE PRESIDENT, PRESIDENT PRO TEMPORE, MAJORITY AND MINORITY LEADERS, MAJORITY AND MINORITY WHIPS, CHAIRMEN OF THE MAJORITY AND MINORITY CONFERENCE COMMITTEES AND CHAIRMEN OF THE MAJORITY AND MINORITY POLICY COMMITTEES",37,BANNER NET PAYROLL,37,,0.0,not_applicable,banner,,,
CHAIRMAN MINORITY POLICY COMMITTEE (D),2025,"EXPENSE ALLOWANCES OF THE VICE PRESIDENT, PRESIDENT PRO TEMPORE, MAJORITY AND MINORITY LEADERS, MAJORITY AND MINORITY WHIPS, CHAIRMEN OF THE MAJORITY AND MINORITY CONFERENCE COMMITTEES AND CHAIRMEN OF THE MAJORITY AND MINORITY POLICY COMMITTEES",37,BANNER ORGANIZATION TOTALS,37,0.0,0.0,ok,banner,,,
OFFICE OF THE VICE PRESIDENT (R) - VANCE,2025,"EXPENSE ALLOWANCES OF THE VICE PRESIDENT, PRESIDENT PRO TEMPORE, MAJORITY AND MINORITY LEADERS, MAJORITY AND MINORITY WHIPS, CHAIRMEN OF THE MAJORITY AND MINORITY CONFERENCE COMMITTEES AND CHAIRMEN OF THE MAJORITY AND MINORITY POLICY COMMITTEES",38,BANNER NET PAYROLL,38,,0.0,not_applicable,banner,,,
OFFICE OF THE VICE PRESIDENT (R) - VANCE,2025,"EXPENSE ALLOWANCES OF THE VICE PRESIDENT, PRESIDENT PRO TEMPORE, MAJORITY AND MINORITY LEADERS, MAJORITY AND MINORITY WHIPS, CHAIRMEN OF THE MAJORITY AND MINORITY CONFERENCE COMMITTEES AND CHAIRMEN OF THE MAJORITY AND MINORITY POLICY COMMITTEES",38,BANNER ORGANIZATION TOTALS,38,0.0,0.0,ok,banner,,,
PRES PRO TEM EMERITUS (R),2023,"EXPENSE ALLOWANCES OF THE VICE PRESIDENT, PRESIDENT PRO TEMPORE, MAJORITY AND MINORITY LEADERS, MAJORITY AND MINORITY WHIPS, CHAIRMEN OF THE MAJORITY AND MINORITY CONFERENCE COMMITTEES AND CHAIRMEN OF THE MAJORITY AND MINORITY POLICY COMMITTEES",39,BANNER NET PAYROLL,39,,0.0,not_applicable,banner,,,
PRES PRO TEM EMERITUS (R),2023,"EXPENSE ALLOWANCES OF THE VICE PRESIDENT, PRESIDENT PRO TEMPORE, MAJORITY AND MINORITY LEADERS, MAJORITY AND MINORITY WHIPS, CHAIRMEN OF THE MAJORITY AND MINORITY CONFERENCE COMMITTEES AND CHAIRMEN OF THE MAJORITY AND MINORITY POLICY COMMITTEES",39,BANNER ORGANIZATION TOTALS,39,0.0,0.0,ok,banner,,,
PRES PRO TEM EMERITUS (R),2024,"EXPENSE ALLOWANCES OF THE VICE PRESIDENT, PRESIDENT PRO TEMPORE, MAJORITY AND MINORITY LEADERS, MAJORITY AND MINORITY WHIPS, CHAIRMEN OF THE MAJORITY AND MINORITY CONFERENCE COMMITTEES AND CHAIRMEN OF THE MAJORITY AND MINORITY POLICY COMMITTEES",40,BANNER NET PAYROLL,40,,0.0,not_applicable,banner,,,
PRES PRO TEM EMERITUS (R),2024,"EXPENSE ALLOWANCES OF THE VICE PRESIDENT, PRESIDENT PRO TEMPORE, MAJORITY AND MINORITY LEADERS, MAJORITY AND MINORITY WHIPS, CHAIRMEN OF THE MAJORITY AND MINORITY CONFERENCE COMMITTEES AND CHAIRMEN OF THE MAJORITY AND MINORITY POLICY COMMITTEES",40,BANNER ORGANIZATION TOTALS,40,0.0,0.0,ok,banner,,,
PRES PRO TEM EMERITUS (R),2025,"EXPENSE ALLOWANCES OF THE VICE PRESIDENT, PRESIDENT PRO TEMPORE, MAJORITY AND MINORITY LEADERS, MAJORITY AND MINORITY WHIPS, CHAIRMEN OF THE MAJORITY AND MINORITY CONFERENCE COMMITTEES AND CHAIRMEN OF THE MAJORITY AND MINORITY POLICY COMMITTEES",41,BANNER NET PAYROLL,41,,0.0,not_applicable,banner,,,
PRES PRO TEM EMERITUS (R),2025,"EXPENSE ALLOWANCES OF THE VICE PRESIDENT, PRESIDENT PRO TEMPORE, MAJORITY AND MINORITY LEADERS, MAJORITY AND MINORITY WHIPS, CHAIRMEN OF THE MAJORITY AND MINORITY CONFERENCE COMMITTEES AND CHAIRMEN OF THE MAJORITY AND MINORITY POLICY COMMITTEES",41,BANNER ORGANIZATION TOTALS,41,0.0,0.0,ok,banner,,,
PRESIDENT PRO TEMPORE (R),2025,"EXPENSE ALLOWANCES OF THE VICE PRESIDENT, PRESIDENT PRO TEMPORE, MAJORITY AND MINORITY LEADERS, MAJORITY AND MINORITY WHIPS, CHAIRMEN OF THE MAJORITY AND MINORITY CONFERENCE COMMITTEES AND CHAIRMEN OF THE MAJORITY AND MINORITY POLICY COMMITTEES",42,BANNER NET PAYROLL,42,,0.0,not_applicable,banner,,,
PRESIDENT PRO TEMPORE (R),2025,"EXPENSE ALLOWANCES OF THE VICE PRESIDENT, PRESIDENT PRO TEMPORE, MAJORITY AND MINORITY LEADERS, MAJORITY AND MINORITY WHIPS, CHAIRMEN OF THE MAJORITY AND MINORITY CONFERENCE COMMITTEES AND CHAIRMEN OF THE MAJORITY AND MINORITY POLICY COMMITTEES",42,BANNER ORGANIZATION TOTALS,42,0.0,0.0,ok,banner,,,
MINORITY LEADER (R),2023,"EXPENSE ALLOWANCES OF THE VICE PRESIDENT, PRESIDENT PRO TEMPORE, MAJORITY AND MINORITY LEADERS, MAJORITY AND MINORITY WHIPS, CHAIRMEN OF THE MAJORITY AND MINORITY CONFERENCE COMMITTEES AND CHAIRMEN OF THE MAJORITY AND MINORITY POLICY COMMITTEES",43,BANNER NET PAYROLL,43,,0.0,not_applicable,banner,,,
MINORITY LEADER (R),2023,"EXPENSE ALLOWANCES OF THE VICE PRESIDENT, PRESIDENT PRO TEMPORE, MAJORITY AND MINORITY LEADERS, MAJORITY AND MINORITY WHIPS, CHAIRMEN OF THE MAJORITY AND MINORITY CONFERENCE COMMITTEES AND CHAIRMEN OF THE MAJORITY AND MINORITY POLICY COMMITTEES",43,BANNER ORGANIZATION TOTALS,43,0.0,0.0,ok,banner,,,
MINORITY LEADER (R),2024,"EXPENSE ALLOWANCES OF THE VICE PRESIDENT, PRESIDENT PRO TEMPORE, MAJORITY AND MINORITY LEADERS, MAJORITY AND MINORITY WHIPS, CHAIRMEN OF THE MAJORITY AND MINORITY CONFERENCE COMMITTEES AND CHAIRMEN OF THE MAJORITY AND MINORITY POLICY COMMITTEES",44,OTHER CONTRACTUAL SERVICES,44,174.92,174.92,ok,segment,,,
MINORITY LEADER (R),2024,"EXPENSE ALLOWANCES OF THE VICE PRESIDENT, PRESIDENT PRO TEMPORE, MAJORITY AND MINORITY LEADERS, MAJORITY AND MINORITY WHIPS, CHAIRMEN OF THE MAJORITY AND MINORITY CONFERENCE COMMITTEES AND CHAIRMEN OF THE MAJORITY AND MINORITY POLICY COMMITTEES",44,BANNER NET PAYROLL,44,,0.0,not_applicable,banner,,,
MINORITY LEADER (R),2024,"EXPENSE ALLOWANCES OF THE VICE PRESIDENT, PRESIDENT PRO TEMPORE, MAJORITY AND MINORITY LEADERS, MAJORITY AND MINORITY WHIPS, CHAIRMEN OF THE MAJORITY AND MINORITY CONFERENCE COMMITTEES AND CHAIRMEN OF THE MAJORITY AND MINORITY POLICY COMMITTEES",44,BANNER ORGANIZATION TOTALS,44,2317.34,174.92,warn,banner,,,banner_only_categories
MAJORITY LEADER (R),2025,"EXPENSE ALLOWANCES OF THE VICE PRESIDENT, PRESIDENT PRO TEMPORE, MAJORITY AND MINORITY LEADERS, MAJORITY AND MINORITY WHIPS, CHAIRMEN OF THE MAJORITY AND MINORITY CONFERENCE COMMITTEES AND CHAIRMEN OF THE MAJORITY AND MINORITY POLICY COMMITTEES",45,BANNER NET PAYROLL,45,,0.0,not_applicable,banner,,,
MAJORITY LEADER (R),2025,"EXPENSE ALLOWANCES OF THE VICE PRESIDENT, PRESIDENT PRO TEMPORE, MAJORITY AND MINORITY LEADERS, MAJORITY AND MINORITY WHIPS, CHAIRMEN OF THE MAJORITY AND MINORITY CONFERENCE COMMITTEES AND CHAIRMEN OF THE MAJORITY AND MINORITY POLICY COMMITTEES",45,BANNER ORGANIZATION TOTALS,45,11678.28,0.0,warn,banner,,,banner_only_categories
MINORITY WHIP (R),2023,"EXPENSE ALLOWANCES OF THE VICE PRESIDENT, PRESIDENT PRO TEMPORE, MAJORITY AND MINORITY LEADERS, MAJORITY AND MINORITY WHIPS, CHAIRMEN OF THE MAJORITY AND MINORITY CONFERENCE COMMITTEES AND CHAIRMEN OF THE MAJORITY AND MINORITY POLICY COMMITTEES",46,BANNER NET PAYROLL,46,,0.0,not_applicable,banner,,,
MINORITY WHIP (R),2023,"EXPENSE ALLOWANCES OF THE VICE PRESIDENT, PRESIDENT PRO TEMPORE, MAJORITY AND MINORITY LEADERS, MAJORITY AND MINORITY WHIPS, CHAIRMEN OF THE MAJORITY AND MINORITY CONFERENCE COMMITTEES AND CHAIRMEN OF THE MAJORITY AND MINORITY POLICY COMMITTEES",46,BANNER ORGANIZATION TOTALS,46,0.0,0.0,ok,banner,,,
MINORITY WHIP (R),2024,"EXPENSE ALLOWANCES OF THE VICE PRESIDENT, PRESIDENT PRO TEMPORE, MAJORITY AND MINORITY LEADERS, MAJORITY AND MINORITY WHIPS, CHAIRMEN OF THE MAJORITY AND MINORITY CONFERENCE COMMITTEES AND CHAIRMEN OF THE MAJORITY AND MINORITY POLICY COMMITTEES",47,BANNER NET PAYROLL,47,,0.0,not_applicable,banner,,,
MINORITY WHIP (R),2024,"EXPENSE ALLOWANCES OF THE VICE PRESIDENT, PRESIDENT PRO TEMPORE, MAJORITY AND MINORITY LEADERS, MAJORITY AND MINORITY WHIPS, CHAIRMEN OF THE MAJORITY AND MINORITY CONFERENCE COMMITTEES AND CHAIRMEN OF THE MAJORITY AND MINORITY POLICY COMMITTEES",47,BANNER ORGANIZATION TOTALS,47,0.0,0.0,ok,banner,,,
MAJORITY WHIP (R),2025,"EXPENSE ALLOWANCES OF THE VICE PRESIDENT, PRESIDENT PRO TEMPORE, MAJORITY AND MINORITY LEADERS, MAJORITY AND MINORITY WHIPS, CHAIRMEN OF THE MAJORITY AND MINORITY CONFERENCE COMMITTEES AND CHAIRMEN OF THE MAJORITY AND MINORITY POLICY COMMITTEES",48,BANNER NET PAYROLL,48,,0.0,not_applicable,banner,,,
MAJORITY WHIP (R),2025,"EXPENSE ALLOWANCES OF THE VICE PRESIDENT, PRESIDENT PRO TEMPORE, MAJORITY AND MINORITY LEADERS, MAJORITY AND MINORITY WHIPS, CHAIRMEN OF THE MAJORITY AND MINORITY CONFERENCE COMMITTEES AND CHAIRMEN OF THE MAJORITY AND MINORITY POLICY COMMITTEES",48,BANNER ORGANIZATION TOTALS,48,2979.0,0.0,warn,banner,,,banner_only_categories
CHAIRMAN MINORITY CONFERENCE COMMITTEE (R),2023,"EXPENSE ALLOWANCES OF THE VICE PRESIDENT, PRESIDENT PRO TEMPORE, MAJORITY AND MINORITY LEADERS, MAJORITY AND MINORITY WHIPS, CHAIRMEN OF THE MAJORITY AND MINORITY CONFERENCE COMMITTEES AND CHAIRMEN OF THE MAJORITY AND MINORITY POLICY COMMITTEES",49,BANNER NET PAYROLL,49,,0.0,not_applicable,banner,,,
CHAIRMAN MINORITY CONFERENCE COMMITTEE (R),2023,"EXPENSE ALLOWANCES OF THE VICE PRESIDENT, PRESIDENT PRO TEMPORE, MAJORITY AND MINORITY LEADERS, MAJORITY AND MINORITY WHIPS, CHAIRMEN OF THE MAJORITY AND MINORITY CONFERENCE COMMITTEES AND CHAIRMEN OF THE MAJORITY AND MINORITY POLICY COMMITTEES",49,BANNER ORGANIZATION TOTALS,49,0.0,0.0,ok,banner,,,
CHAIRMAN MINORITY CONFERENCE COMMITTEE (R),2024,"EXPENSE ALLOWANCES OF THE VICE PRESIDENT, PRESIDENT PRO TEMPORE, MAJORITY AND MINORITY LEADERS, MAJORITY AND MINORITY WHIPS, CHAIRMEN OF THE MAJORITY AND MINORITY CONFERENCE COMMITTEES AND CHAIRMEN OF THE MAJORITY AND MINORITY POLICY COMMITTEES",50,BANNER NET PAYROLL,50,,0.0,not_applicable,banner,,,
CHAIRMAN MINORITY CONFERENCE COMMITTEE (R),2024,"EXPENSE ALLOWANCES OF THE VICE PRESIDENT, PRESIDENT PRO TEMPORE, MAJORITY AND MINORITY LEADERS, MAJORITY AND MINORITY WHIPS, CHAIRMEN OF THE MAJORITY AND MINORITY CONFERENCE COMMITTEES AND CHAIRMEN OF THE MAJORITY AND MINORITY POLICY COMMITTEES",50,BANNER ORGANIZATION TOTALS,50,160.14,0.0,warn,banner,,,banner_only_categories
CHAIRMAN MAJORITY CONFERENCE COMMITTEE (R),2025,"EXPENSE ALLOWANCES OF THE VICE PRESIDENT, PRESIDENT PRO TEMPORE, MAJORITY AND MINORITY LEADERS, MAJORITY AND MINORITY WHIPS, CHAIRMEN OF THE MAJORITY AND MINORITY CONFERENCE COMMITTEES AND CHAIRMEN OF THE MAJORITY AND MINORITY POLICY COMMITTEES",51,BANNER NET PAYROLL,51,,0.0,not_applicable,banner,,,
CHAIRMAN MAJORITY CONFERENCE COMMITTEE (R),2025,"EXPENSE ALLOWANCES OF THE VICE PRESIDENT, PRESIDENT PRO TEMPORE, MAJORITY AND MINORITY LEADERS, MAJORITY AND MINORITY WHIPS, CHAIRMEN OF THE MAJORITY AND MINORITY CONFERENCE COMMITTEES AND CHAIRMEN OF THE MAJORITY AND MINORITY POLICY COMMITTEES",51,BANNER ORGANIZATION TOTALS,51,1060.0,0.0,warn,banner,,,banner_only_categories
CHAIRMAN MINORITY POLICY COMMITTEE (R),2023,"EXPENSE ALLOWANCES OF THE VICE PRESIDENT, PRESIDENT PRO TEMPORE, MAJORITY AND MINORITY LEADERS, MAJORITY AND MINORITY WHIPS, CHAIRMEN OF THE MAJORITY AND MINORITY CONFERENCE COMMITTEES AND CHAIRMEN OF THE MAJORITY AND MINORITY POLICY COMMITTEES",52,BANNER NET PAYROLL,52,,0.0,not_applicable,banner,,,
CHAIRMAN MINORITY POLICY COMMITTEE (R),2023,"EXPENSE ALLOWANCES OF THE VICE PRESIDENT, PRESIDENT PRO TEMPORE, MAJORITY AND MINORITY LEADERS, MAJORITY AND MINORITY WHIPS, CHAIRMEN OF THE MAJORITY AND MINORITY CONFERENCE COMMITTEES AND CHAIRMEN OF THE MAJORITY AND MINORITY POLICY COMMITTEES",52,BANNER ORGANIZATION TOTALS,52,0.0,0.0,ok,banner,,,
CHAIRMAN MINORITY POLICY COMMITTEE (R),2024,"EXPENSE ALLOWANCES OF THE VICE PRESIDENT, PRESIDENT PRO TEMPORE, MAJORITY AND MINORITY LEADERS, MAJORITY AND MINORITY WHIPS, CHAIRMEN OF THE MAJORITY AND MINORITY CONFERENCE COMMITTEES AND CHAIRMEN OF THE MAJORITY AND MINORITY POLICY COMMITTEES",53,BANNER NET PAYROLL,53,,0.0,not_applicable,banner,,,
CHAIRMAN MINORITY POLICY COMMITTEE (R),2024,"EXPENSE ALLOWANCES OF THE VICE PRESIDENT, PRESIDENT PRO TEMPORE, MAJORITY AND MINORITY LEADERS, MAJORITY AND MINORITY WHIPS, CHAIRMEN OF THE MAJORITY AND MINORITY CONFERENCE COMMITTEES AND CHAIRMEN OF THE MAJORITY AND MINORITY POLICY COMMITTEES",53,BANNER ORGANIZATION TOTALS,53,610.0,0.0,warn,banner,,,banner_only_categories
CHAIRMAN MAJORITY POLICY COMMITTEE (R),2025,"EXPENSE ALLOWANCES OF THE VICE PRESIDENT, PRESIDENT PRO TEMPORE, MAJORITY AND MINORITY LEADERS, MAJORITY AND MINORITY WHIPS, CHAIRMEN OF THE MAJORITY AND MINORITY CONFERENCE COMMITTEES AND CHAIRMEN OF THE MAJORITY AND MINORITY POLICY COMMITTEES",54,BANNER NET PAYROLL,54,,0.0,not_applicable,banner,,,
CHAIRMAN MAJORITY POLICY COMMITTEE (R),2025,"EXPENSE ALLOWANCES OF THE VICE PRESIDENT, PRESIDENT PRO TEMPORE, MAJORITY AND MINORITY LEADERS, MAJORITY AND MINORITY WHIPS, CHAIRMEN OF THE MAJORITY AND MINORITY CONFERENCE COMMITTEES AND CHAIRMEN OF THE MAJORITY AND MINORITY POLICY COMMITTEES",54,BANNER ORGANIZATION TOTALS,54,3188.96,0.0,warn,banner,,,banner_only_categories
MAJORITY LEADER (D),2023,REPRESENTATION ALLOWANCES FOR THE MAJORITY AND MINORITY LEADERS,55,BANNER NET PAYROLL,55,,0.0,not_applicable,banner,,,
MAJORITY LEADER (D),2023,REPRESENTATION ALLOWANCES FOR THE MAJORITY AND MINORITY LEADERS,55,BANNER ORGANIZATION TOTALS,55,0.0,0.0,ok,banner,,,
MAJORITY LEADER (D),2024,REPRESENTATION ALLOWANCES FOR THE MAJORITY AND MINORITY LEADERS,56,BANNER NET PAYROLL,56,,0.0,not_applicable,banner,,,
MAJORITY LEADER (D),2024,REPRESENTATION ALLOWANCES FOR THE MAJORITY AND MINORITY LEADERS,56,BANNER ORGANIZATION TOTALS,56,0.0,0.0,ok,banner,,,
MINORITY LEADER (D),2025,REPRESENTATION ALLOWANCES FOR THE MAJORITY AND MINORITY LEADERS,57,BANNER NET PAYROLL,57,,0.0,not_applicable,banner,,,
MINORITY LEADER (D),2025,REPRESENTATION ALLOWANCES FOR THE MAJORITY AND MINORITY LEADERS,57,BANNER ORGANIZATION TOTALS,57,0.0,0.0,ok,banner,,,
MINORITY LEADER (R),2023,REPRESENTATION ALLOWANCES FOR THE MAJORITY AND MINORITY LEADERS,58,BANNER NET PAYROLL,58,,0.0,not_applicable,banner,,,
MINORITY LEADER (R),2023,REPRESENTATION ALLOWANCES FOR THE MAJORITY AND MINORITY LEADERS,58,BANNER ORGANIZATION TOTALS,58,0.0,0.0,ok,banner,,,
MINORITY LEADER (R),2024,REPRESENTATION ALLOWANCES FOR THE MAJORITY AND MINORITY LEADERS,59,BANNER NET PAYROLL,59,,0.0,not_applicable,banner,,,
MINORITY LEADER (R),2024,REPRESENTATION ALLOWANCES FOR THE MAJORITY AND MINORITY LEADERS,59,BANNER ORGANIZATION TOTALS,59,0.0,0.0,ok,banner,,,
MAJORITY LEADER (R),2025,REPRESENTATION ALLOWANCES FOR THE MAJORITY AND MINORITY LEADERS,60,BANNER NET PAYROLL,60,,0.0,not_applicable,banner,,,
MAJORITY LEADER (R),2025,REPRESENTATION ALLOWANCES FOR THE MAJORITY AND MINORITY LEADERS,60,BANNER ORGANIZATION TOTALS,60,0.0,0.0,ok,banner,,,
APPROPRIATIONS,2023,"SALARIES, OFFICERS AND EMPLOYEES",61,BANNER NET PAYROLL,61,0.0,0.0,banner_missing,banner,,,
APPROPRIATIONS,2023,"SALARIES, OFFICERS AND EMPLOYEES",61,BANNER ORGANIZATION TOTALS,61,0.0,0.0,ok,banner,,,
APPROPRIATIONS,2024,"SALARIES, OFFICERS AND EMPLOYEES",62,BANNER NET PAYROLL,62,0.0,0.0,banner_missing,banner,,,
APPROPRIATIONS,2024,"SALARIES, OFFICERS AND EMPLOYEES",62,BANNER ORGANIZATION TOTALS,62,0.0,0.0,ok,banner,,,
APPROPRIATIONS,2025,"SALARIES, OFFICERS AND EMPLOYEES",63,PERSONNEL COMP. FULL-TIME PERMANENT,65,8296043.35,8296043.35,ok,segment,,,
APPROPRIATIONS,2025,"SALARIES, OFFICERS AND EMPLOYEES",63,RE-EMPLOYED ANNUITANTS,65,5395.83,0.0,no_records,segment,,,
APPROPRIATIONS,2025,"SALARIES, OFFICERS AND EMPLOYEES",63,NET PAYROLL EXPENSES,65,8301439.18,8301439.18,ok,block_running_total,,,
APPROPRIATIONS,2025,"SALARIES, OFFICERS AND EMPLOYEES",63,BANNER NET PAYROLL,63,8301439.18,8301439.18,ok,banner,,,
APPROPRIATIONS,2025,"SALARIES, OFFICERS AND EMPLOYEES",63,BANNER ORGANIZATION TOTALS,63,8301439.18,8301439.18,ok,banner,,,
CHAPLAIN,2021,"SALARIES, OFFICERS AND EMPLOYEES",66,BANNER NET PAYROLL,66,0.0,0.0,banner_missing,banner,,,
CHAPLAIN,2021,"SALARIES, OFFICERS AND EMPLOYEES",66,BANNER ORGANIZATION TOTALS,66,0.0,0.0,ok,banner,,,
CHAPLAIN,2022,"SALARIES, OFFICERS AND EMPLOYEES",67,BANNER NET PAYROLL,67,0.0,0.0,banner_missing,banner,,,
CHAPLAIN,2022,"SALARIES, OFFICERS AND EMPLOYEES",67,BANNER ORGANIZATION TOTALS,67,0.0,0.0,ok,banner,,,
CHAPLAIN,2023,"SALARIES, OFFICERS AND EMPLOYEES",68,BANNER NET PAYROLL,68,0.0,0.0,banner_missing,banner,,,
CHAPLAIN,2023,"SALARIES, OFFICERS AND EMPLOYEES",68,BANNER ORGANIZATION TOTALS,68,0.0,0.0,ok,banner,,,
CHAPLAIN,2023,"SALARIES, OFFICERS AND EMPLOYEES",69,BANNER NET PAYROLL,69,0.0,0.0,banner_missing,banner,,,
CHAPLAIN,2023,"SALARIES, OFFICERS AND EMPLOYEES",69,BANNER ORGANIZATION TOTALS,69,0.0,0.0,ok,banner,,,
CHAPLAIN,2024,"SALARIES, OFFICERS AND EMPLOYEES",70,BANNER NET PAYROLL,70,0.0,0.0,banner_missing,banner,,,
CHAPLAIN,2024,"SALARIES, OFFICERS AND EMPLOYEES",70,BANNER ORGANIZATION TOTALS,70,0.0,0.0,ok,banner,,,
CHAPLAIN,2024,"SALARIES, OFFICERS AND EMPLOYEES",71,BANNER NET PAYROLL,71,18300.0,0.0,banner_missing,banner,,,
CHAPLAIN,2024,"SALARIES, OFFICERS AND EMPLOYEES",71,BANNER ORGANIZATION TOTALS,71,18300.0,0.0,warn,banner,,,banner_only_categories
CHAPLAIN,2025,"SALARIES, OFFICERS AND EMPLOYEES",72,PERSONNEL COMP. FULL-TIME PERMANENT,72,322358.21,322358.21,ok,segment,,,
CHAPLAIN,2025,"SALARIES, OFFICERS AND EMPLOYEES",72,NET PAYROLL EXPENSES,72,322358.21,322358.21,ok,block_running_total,,,
CHAPLAIN,2025,"SALARIES, OFFICERS AND EMPLOYEES",72,BANNER NET PAYROLL,72,279150.12,322358.21,fail,banner,,,fy_boundary_pattern
CHAPLAIN,2025,"SALARIES, OFFICERS AND EMPLOYEES",72,BANNER ORGANIZATION TOTALS,72,279150.12,322358.21,warn,banner,,,captured_bvb_mismatch
CHAPLAIN,2025,"SALARIES, OFFICERS AND EMPLOYEES",73,BANNER NET PAYROLL,73,24908.09,0.0,banner_missing,banner,,,
CHAPLAIN,2025,"SALARIES, OFFICERS AND EMPLOYEES",73,BANNER ORGANIZATION TOTALS,73,24908.09,0.0,warn,banner,,,banner_only_categories
OFFICE OF THE VICE PRESIDENT (D) - HARRIS,2023,"SALARIES, OFFICERS AND EMPLOYEES",74,BANNER NET PAYROLL,74,0.0,0.0,banner_missing,banner,,,
OFFICE OF THE VICE PRESIDENT (D) - HARRIS,2023,"SALARIES, OFFICERS AND EMPLOYEES",74,BANNER ORGANIZATION TOTALS,74,0.0,0.0,ok,banner,,,
OFFICE OF THE VICE PRESIDENT (D) - HARRIS,2024,"SALARIES, OFFICERS AND EMPLOYEES",75,BANNER NET PAYROLL,75,14462.88,0.0,banner_missing,banner,,,
OFFICE OF THE VICE PRESIDENT (D) - HARRIS,2024,"SALARIES, OFFICERS AND EMPLOYEES",75,BANNER ORGANIZATION TOTALS,75,14462.88,0.0,warn,banner,,,banner_only_categories
OFFICE OF THE VICE PRESIDENT (D) - HARRIS,2025,"SALARIES, OFFICERS AND EMPLOYEES",76,PERSONNEL COMP. FULL-TIME PERMANENT,77,1010679.02,1010679.02,ok,segment,,,
OFFICE OF THE VICE PRESIDENT (D) - HARRIS,2025,"SALARIES, OFFICERS AND EMPLOYEES",76,NET PAYROLL EXPENSES,77,1010679.02,1010679.02,ok,block_running_total,,,
OFFICE OF THE VICE PRESIDENT (D) - HARRIS,2025,"SALARIES, OFFICERS AND EMPLOYEES",76,BANNER NET PAYROLL,76,996216.14,1010679.02,fail,banner,,,fy_boundary_pattern
OFFICE OF THE VICE PRESIDENT (D) - HARRIS,2025,"SALARIES, OFFICERS AND EMPLOYEES",76,BANNER ORGANIZATION TOTALS,76,996216.14,1010679.02,warn,banner,,,captured_bvb_mismatch
PRESIDENT PRO TEMPORE (D),2023,"SALARIES, OFFICERS AND EMPLOYEES",78,BANNER NET PAYROLL,78,0.0,0.0,banner_missing,banner,,,
PRESIDENT PRO TEMPORE (D),2023,"SALARIES, OFFICERS AND EMPLOYEES",78,BANNER ORGANIZATION TOTALS,78,0.0,0.0,ok,banner,,,
PRESIDENT PRO TEMPORE (D),2024,"SALARIES, OFFICERS AND EMPLOYEES",79,BANNER NET PAYROLL,79,22500.0,0.0,banner_missing,banner,,,
PRESIDENT PRO TEMPORE (D),2024,"SALARIES, OFFICERS AND EMPLOYEES",79,BANNER ORGANIZATION TOTALS,79,22500.0,0.0,warn,banner,,,banner_only_categories
PRESIDENT PRO TEMPORE (D),2025,"SALARIES, OFFICERS AND EMPLOYEES",80,PERSONNEL COMP. FULL-TIME PERMANENT,80,110861.05,129861.05,fail,segment,source_mismatch,129861.05,
PRESIDENT PRO TEMPORE (D),2025,"SALARIES, OFFICERS AND EMPLOYEES",80,NET PAYROLL EXPENSES,80,110861.05,129861.05,fail,block_running_total,,,
PRESIDENT PRO TEMPORE (D),2025,"SALARIES, OFFICERS AND EMPLOYEES",80,BANNER NET PAYROLL,80,133361.05,110861.05,fail,banner,,,fy_boundary_pattern
PRESIDENT PRO TEMPORE (D),2025,"SALARIES, OFFICERS AND EMPLOYEES",80,BANNER ORGANIZATION TOTALS,80,133361.05,129861.05,fail,banner,,,
PRES PRO TEM EMERITUS (D),2025,"SALARIES, OFFICERS AND EMPLOYEES",81,PERSONNEL COMP. FULL-TIME PERMANENT,81,84680.53,84680.53,ok,segment,,,
PRES PRO TEM EMERITUS (D),2025,"SALARIES, OFFICERS AND EMPLOYEES",81,NET PAYROLL EXPENSES,81,84680.53,84680.53,ok,block_running_total,,,
PRES PRO TEM EMERITUS (D),2025,"SALARIES, OFFICERS AND EMPLOYEES",81,BANNER NET PAYROLL,81,84680.53,84680.53,ok,banner,,,
PRES PRO TEM EMERITUS (D),2025,"SALARIES, OFFICERS AND EMPLOYEES",81,BANNER ORGANIZATION TOTALS,81,84680.53,84680.53,ok,banner,,,
MAJORITY LEADER (D),2023,"SALARIES, OFFICERS AND EMPLOYEES",82,BANNER NET PAYROLL,82,0.0,0.0,banner_missing,banner,,,
MAJORITY LEADER (D),2023,"SALARIES, OFFICERS AND EMPLOYEES",82,BANNER ORGANIZATION TOTALS,82,0.0,0.0,ok,banner,,,
MAJORITY LEADER (D),2023,"SALARIES, OFFICERS AND EMPLOYEES",83,BANNER NET PAYROLL,83,0.0,0.0,banner_missing,banner,,,
MAJORITY LEADER (D),2023,"SALARIES, OFFICERS AND EMPLOYEES",83,BANNER ORGANIZATION TOTALS,83,0.0,0.0,ok,banner,,,
MAJORITY LEADER (D),2024,"SALARIES, OFFICERS AND EMPLOYEES",84,BANNER NET PAYROLL,84,84939.25,0.0,banner_missing,banner,,,
MAJORITY LEADER (D),2024,"SALARIES, OFFICERS AND EMPLOYEES",84,BANNER ORGANIZATION TOTALS,84,84939.25,0.0,warn,banner,,,banner_only_categories
MINORITY LEADER (D),2025,"SALARIES, OFFICERS AND EMPLOYEES",85,PERSONNEL COMP. FULL-TIME PERMANENT,86,1371201.5,1371201.5,ok,segment,,,
MINORITY LEADER (D),2025,"SALARIES, OFFICERS AND EMPLOYEES",85,NET PAYROLL EXPENSES,86,1371201.5,1371201.5,ok,block_running_total,,,
MINORITY LEADER (D),2025,"SALARIES, OFFICERS AND EMPLOYEES",85,BANNER NET PAYROLL,85,1371201.5,1371201.5,ok,banner,,,
MINORITY LEADER (D),2025,"SALARIES, OFFICERS AND EMPLOYEES",85,BANNER ORGANIZATION TOTALS,85,1371201.5,1371201.5,ok,banner,,,
MAJORITY WHIP (D),2023,"SALARIES, OFFICERS AND EMPLOYEES",87,BANNER NET PAYROLL,87,0.0,0.0,banner_missing,banner,,,
MAJORITY WHIP (D),2023,"SALARIES, OFFICERS AND EMPLOYEES",87,BANNER ORGANIZATION TOTALS,87,0.0,0.0,ok,banner,,,
MAJORITY WHIP (D),2024,"SALARIES, OFFICERS AND EMPLOYEES",88,BANNER NET PAYROLL,88,0.0,0.0,banner_missing,banner,,,
MAJORITY WHIP (D),2024,"SALARIES, OFFICERS AND EMPLOYEES",88,BANNER ORGANIZATION TOTALS,88,0.0,0.0,ok,banner,,,
MINORITY WHIP (D),2025,"SALARIES, OFFICERS AND EMPLOYEES",89,PERSONNEL COMP. FULL-TIME PERMANENT,89,879601.47,879601.47,ok,segment,,,
MINORITY WHIP (D),2025,"SALARIES, OFFICERS AND EMPLOYEES",89,RE-EMPLOYED ANNUITANTS,89,24204.0,0.0,no_records,segment,,,
MINORITY WHIP (D),2025,"SALARIES, OFFICERS AND EMPLOYEES",89,NET PAYROLL EXPENSES,90,903805.47,903805.47,ok,block_running_total,,,
MINORITY WHIP (D),2025,"SALARIES, OFFICERS AND EMPLOYEES",89,BANNER NET PAYROLL,89,903805.47,903805.47,ok,banner,,,
MINORITY WHIP (D),2025,"SALARIES, OFFICERS AND EMPLOYEES",89,BANNER ORGANIZATION TOTALS,89,903805.47,903805.47,ok,banner,,,
MAJORITY CONFERENCE COMMITTEE (D),2023,"SALARIES, OFFICERS AND EMPLOYEES",91,BANNER NET PAYROLL,91,0.0,0.0,banner_missing,banner,,,
MAJORITY CONFERENCE COMMITTEE (D),2023,"SALARIES, OFFICERS AND EMPLOYEES",91,BANNER ORGANIZATION TOTALS,91,0.0,0.0,ok,banner,,,
MAJORITY CONFERENCE COMMITTEE (D),2024,"SALARIES, OFFICERS AND EMPLOYEES",92,BANNER NET PAYROLL,92,0.0,0.0,banner_missing,banner,,,
MAJORITY CONFERENCE COMMITTEE (D),2024,"SALARIES, OFFICERS AND EMPLOYEES",92,BANNER ORGANIZATION TOTALS,92,0.0,0.0,ok,banner,,,
MINORITY CONFERENCE COMMITTEE (D),2025,"SALARIES, OFFICERS AND EMPLOYEES",93,PERSONNEL COMP. FULL-TIME PERMANENT,93,773798.57,773798.57,ok,segment,,,
MINORITY CONFERENCE COMMITTEE (D),2025,"SALARIES, OFFICERS AND EMPLOYEES",93,NET PAYROLL EXPENSES,94,773798.57,773798.57,ok,block_running_total,,,
MINORITY CONFERENCE COMMITTEE (D),2025,"SALARIES, OFFICERS AND EMPLOYEES",93,BANNER NET PAYROLL,93,773798.57,773798.57,ok,banner,,,
MINORITY CONFERENCE COMMITTEE (D),2025,"SALARIES, OFFICERS AND EMPLOYEES",93,BANNER ORGANIZATION TOTALS,93,773798.57,773798.57,ok,banner,,,
MAJORITY POLICY COMMITTEE (D),2023,"SALARIES, OFFICERS AND EMPLOYEES",95,BANNER NET PAYROLL,95,0.0,0.0,banner_missing,banner,,,
MAJORITY POLICY COMMITTEE (D),2023,"SALARIES, OFFICERS AND EMPLOYEES",95,BANNER ORGANIZATION TOTALS,95,0.0,0.0,ok,banner,,,
MAJORITY POLICY COMMITTEE (D),2024,"SALARIES, OFFICERS AND EMPLOYEES",96,BANNER NET PAYROLL,96,127.92,0.0,banner_missing,banner,,,
MAJORITY POLICY COMMITTEE (D),2024,"SALARIES, OFFICERS AND EMPLOYEES",96,BANNER ORGANIZATION TOTALS,96,127.92,0.0,warn,banner,,,banner_only_categories
MINORITY POLICY COMMITTEE (D),2025,"SALARIES, OFFICERS AND EMPLOYEES",97,PERSONNEL COMP. FULL-TIME PERMANENT,98,836548.29,836548.29,ok,segment,,,
MINORITY POLICY COMMITTEE (D),2025,"SALARIES, OFFICERS AND EMPLOYEES",97,NET PAYROLL EXPENSES,98,836548.29,836548.29,ok,block_running_total,,,
MINORITY POLICY COMMITTEE (D),2025,"SALARIES, OFFICERS AND EMPLOYEES",97,BANNER NET PAYROLL,97,836420.37,836548.29,fail,banner,,,
MINORITY POLICY COMMITTEE (D),2025,"SALARIES, OFFICERS AND EMPLOYEES",97,BANNER ORGANIZATION TOTALS,97,836420.37,836548.29,warn,banner,,,captured_bvb_mismatch
"SECRETARY, MAJORITY CONFERENCE COMM (D)",2023,"SALARIES, OFFICERS AND EMPLOYEES",99,BANNER NET PAYROLL,99,0.0,0.0,banner_missing,banner,,,
"SECRETARY, MAJORITY CONFERENCE COMM (D)",2023,"SALARIES, OFFICERS AND EMPLOYEES",99,BANNER ORGANIZATION TOTALS,99,0.0,0.0,ok,banner,,,
"SECRETARY, MAJORITY CONFERENCE COMM (D)",2024,"SALARIES, OFFICERS AND EMPLOYEES",100,BANNER NET PAYROLL,100,0.0,0.0,banner_missing,banner,,,
"SECRETARY, MAJORITY CONFERENCE COMM (D)",2024,"SALARIES, OFFICERS AND EMPLOYEES",100,BANNER ORGANIZATION TOTALS,100,0.0,0.0,ok,banner,,,
"SECRETARY, MINORITY CONFERENCE COMM (D)",2025,"SALARIES, OFFICERS AND EMPLOYEES",101,PERSONNEL COMP. FULL-TIME PERMANENT,101,175624.53,175624.53,ok,segment,,,
"SECRETARY, MINORITY CONFERENCE COMM (D)",2025,"SALARIES, OFFICERS AND EMPLOYEES",101,NET PAYROLL EXPENSES,101,175624.53,175624.53,ok,block_running_total,,,
"SECRETARY, MINORITY CONFERENCE COMM (D)",2025,"SALARIES, OFFICERS AND EMPLOYEES",101,BANNER NET PAYROLL,101,175624.53,175624.53,ok,banner,,,
"SECRETARY, MINORITY CONFERENCE COMM (D)",2025,"SALARIES, OFFICERS AND EMPLOYEES",101,BANNER ORGANIZATION TOTALS,101,175624.53,175624.53,ok,banner,,,
OFFICE OF THE VICE PRESIDENT (R) - VANCE,2025,"SALARIES, OFFICERS AND EMPLOYEES",102,PERSONNEL COMP. FULL-TIME PERMANENT,102,319337.44,319337.44,ok,segment,,,
OFFICE OF THE VICE PRESIDENT (R) - VANCE,2025,"SALARIES, OFFICERS AND EMPLOYEES",102,NET PAYROLL EXPENSES,102,319337.44,319337.44,ok,block_running_total,,,
OFFICE OF THE VICE PRESIDENT (R) - VANCE,2025,"SALARIES, OFFICERS AND EMPLOYEES",102,BANNER NET PAYROLL,102,319337.44,319337.44,ok,banner,,,
OFFICE OF THE VICE PRESIDENT (R) - VANCE,2025,"SALARIES, OFFICERS AND EMPLOYEES",102,BANNER ORGANIZATION TOTALS,102,319337.44,319337.44,ok,banner,,,
PRES PRO TEM EMERITUS (R),2023,"SALARIES, OFFICERS AND EMPLOYEES",103,BANNER NET PAYROLL,103,0.0,0.0,banner_missing,banner,,,
PRES PRO TEM EMERITUS (R),2023,"SALARIES, OFFICERS AND EMPLOYEES",103,BANNER ORGANIZATION TOTALS,103,0.0,0.0,ok,banner,,,
PRES PRO TEM EMERITUS (R),2024,"SALARIES, OFFICERS AND EMPLOYEES",104,BANNER NET PAYROLL,104,0.0,0.0,banner_missing,banner,,,
PRES PRO TEM EMERITUS (R),2024,"SALARIES, OFFICERS AND EMPLOYEES",104,BANNER ORGANIZATION TOTALS,104,0.0,0.0,ok,banner,,,
PRES PRO TEM EMERITUS (R),2025,"SALARIES, OFFICERS AND EMPLOYEES",105,PERSONNEL COMP. FULL-TIME PERMANENT,105,113436.63,113436.63,ok,segment,,,
PRES PRO TEM EMERITUS (R),2025,"SALARIES, OFFICERS AND EMPLOYEES",105,NET PAYROLL EXPENSES,105,113436.63,113436.63,ok,block_running_total,,,
PRES PRO TEM EMERITUS (R),2025,"SALARIES, OFFICERS AND EMPLOYEES",105,BANNER NET PAYROLL,105,113436.63,113436.63,ok,banner,,,
PRES PRO TEM EMERITUS (R),2025,"SALARIES, OFFICERS AND EMPLOYEES",105,BANNER ORGANIZATION TOTALS,105,113436.63,113436.63,ok,banner,,,
PRESIDENT PRO TEMPORE (R),2025,"SALARIES, OFFICERS AND EMPLOYEES",106,PERSONNEL COMP. FULL-TIME PERMANENT,106,99280.19,99280.19,ok,segment,,,
PRESIDENT PRO TEMPORE (R),2025,"SALARIES, OFFICERS AND EMPLOYEES",106,NET PAYROLL EXPENSES,106,99280.19,99280.19,ok,block_running_total,,,
PRESIDENT PRO TEMPORE (R),2025,"SALARIES, OFFICERS AND EMPLOYEES",106,BANNER NET PAYROLL,106,99280.19,99280.19,ok,banner,,,
PRESIDENT PRO TEMPORE (R),2025,"SALARIES, OFFICERS AND EMPLOYEES",106,BANNER ORGANIZATION TOTALS,106,99280.19,99280.19,ok,banner,,,
MINORITY LEADER (R),2023,"SALARIES, OFFICERS AND EMPLOYEES",107,BANNER NET PAYROLL,107,0.0,0.0,banner_missing,banner,,,
MINORITY LEADER (R),2023,"SALARIES, OFFICERS AND EMPLOYEES",107,BANNER ORGANIZATION TOTALS,107,0.0,0.0,ok,banner,,,
MINORITY LEADER (R),2023,"SALARIES, OFFICERS AND EMPLOYEES",108,BANNER NET PAYROLL,108,0.0,0.0,banner_missing,banner,,,
MINORITY LEADER (R),2023,"SALARIES, OFFICERS AND EMPLOYEES",108,BANNER ORGANIZATION TOTALS,108,0.0,0.0,ok,banner,,,
MINORITY LEADER (R),2024,"SALARIES, OFFICERS AND EMPLOYEES",109,BANNER NET PAYROLL,109,0.0,0.0,banner_missing,banner,,,
MINORITY LEADER (R),2024,"SALARIES, OFFICERS AND EMPLOYEES",109,BANNER ORGANIZATION TOTALS,109,0.0,0.0,ok,banner,,,
MAJORITY LEADER (R),2025,"SALARIES, OFFICERS AND EMPLOYEES",110,PERSONNEL COMP. FULL-TIME PERMANENT,111,1182200.99,1182200.99,ok,segment,,,
MAJORITY LEADER (R),2025,"SALARIES, OFFICERS AND EMPLOYEES",110,NET PAYROLL EXPENSES,111,1182200.99,1182200.99,ok,block_running_total,,,
MAJORITY LEADER (R),2025,"SALARIES, OFFICERS AND EMPLOYEES",110,BANNER NET PAYROLL,110,1182200.99,1182200.99,ok,banner,,,
MAJORITY LEADER (R),2025,"SALARIES, OFFICERS AND EMPLOYEES",110,BANNER ORGANIZATION TOTALS,110,1182200.99,1182200.99,ok,banner,,,
MINORITY WHIP (R),2023,"SALARIES, OFFICERS AND EMPLOYEES",112,BANNER NET PAYROLL,112,0.0,0.0,banner_missing,banner,,,
MINORITY WHIP (R),2023,"SALARIES, OFFICERS AND EMPLOYEES",112,BANNER ORGANIZATION TOTALS,112,0.0,0.0,ok,banner,,,
MINORITY WHIP (R),2024,"SALARIES, OFFICERS AND EMPLOYEES",113,BANNER NET PAYROLL,113,0.0,0.0,banner_missing,banner,,,
MINORITY WHIP (R),2024,"SALARIES, OFFICERS AND EMPLOYEES",113,BANNER ORGANIZATION TOTALS,113,0.0,0.0,ok,banner,,,
MAJORITY WHIP (R),2025,"SALARIES, OFFICERS AND EMPLOYEES",114,PERSONNEL COMP. FULL-TIME PERMANENT,115,874411.86,874411.86,ok,segment,,,
MAJORITY WHIP (R),2025,"SALARIES, OFFICERS AND EMPLOYEES",114,NET PAYROLL EXPENSES,115,874411.86,874411.86,ok,block_running_total,,,
MAJORITY WHIP (R),2025,"SALARIES, OFFICERS AND EMPLOYEES",114,BANNER NET PAYROLL,114,874411.86,874411.86,ok,banner,,,
MAJORITY WHIP (R),2025,"SALARIES, OFFICERS AND EMPLOYEES",114,BANNER ORGANIZATION TOTALS,114,874411.86,874411.86,ok,banner,,,
MINORITY CONFERENCE COMMITTEE (R),2023,"SALARIES, OFFICERS AND EMPLOYEES",116,BANNER NET PAYROLL,116,0.0,0.0,banner_missing,banner,,,
MINORITY CONFERENCE COMMITTEE (R),2023,"SALARIES, OFFICERS AND EMPLOYEES",116,BANNER ORGANIZATION TOTALS,116,0.0,0.0,ok,banner,,,
MINORITY CONFERENCE COMMITTEE (R),2024,"SALARIES, OFFICERS AND EMPLOYEES",117,BANNER NET PAYROLL,117,0.0,0.0,banner_missing,banner,,,
MINORITY CONFERENCE COMMITTEE (R),2024,"SALARIES, OFFICERS AND EMPLOYEES",117,BANNER ORGANIZATION TOTALS,117,0.0,0.0,ok,banner,,,
MAJORITY CONFERENCE COMMITTEE (R),2025,"SALARIES, OFFICERS AND EMPLOYEES",118,PERSONNEL COMP. FULL-TIME PERMANENT,118,873715.34,873715.34,ok,segment,,,
MAJORITY CONFERENCE COMMITTEE (R),2025,"SALARIES, OFFICERS AND EMPLOYEES",118,NET PAYROLL EXPENSES,118,873715.34,873715.34,ok,block_running_total,,,
MAJORITY CONFERENCE COMMITTEE (R),2025,"SALARIES, OFFICERS AND EMPLOYEES",118,BANNER NET PAYROLL,118,873715.34,873715.34,ok,banner,,,
MAJORITY CONFERENCE COMMITTEE (R),2025,"SALARIES, OFFICERS AND EMPLOYEES",118,BANNER ORGANIZATION TOTALS,118,873715.34,873715.34,ok,banner,,,
MINORITY POLICY COMMITTEE (R),2023,"SALARIES, OFFICERS AND EMPLOYEES",119,BANNER NET PAYROLL,119,0.0,0.0,banner_missing,banner,,,
MINORITY POLICY COMMITTEE (R),2023,"SALARIES, OFFICERS AND EMPLOYEES",119,BANNER ORGANIZATION TOTALS,119,0.0,0.0,ok,banner,,,
MINORITY POLICY COMMITTEE (R),2024,"SALARIES, OFFICERS AND EMPLOYEES",120,BANNER NET PAYROLL,120,0.0,0.0,banner_missing,banner,,,
MINORITY POLICY COMMITTEE (R),2024,"SALARIES, OFFICERS AND EMPLOYEES",120,BANNER ORGANIZATION TOTALS,120,0.0,0.0,ok,banner,,,
MAJORITY POLICY COMMITTEE (R),2025,"SALARIES, OFFICERS AND EMPLOYEES",121,PERSONNEL COMP. FULL-TIME PERMANENT,121,931976.04,931976.04,ok,segment,,,
MAJORITY POLICY COMMITTEE (R),2025,"SALARIES, OFFICERS AND EMPLOYEES",121,NET PAYROLL EXPENSES,121,931976.04,931976.04,ok,block_running_total,,,
MAJORITY POLICY COMMITTEE (R),2025,"SALARIES, OFFICERS AND EMPLOYEES",121,BANNER NET PAYROLL,121,931976.04,931976.04,ok,banner,,,
MAJORITY POLICY COMMITTEE (R),2025,"SALARIES, OFFICERS AND EMPLOYEES",121,BANNER ORGANIZATION TOTALS,121,931976.04,931976.04,ok,banner,,,
"SECRETARY, MINORITY CONFERENCE COMM (R)",2023,"SALARIES, OFFICERS AND EMPLOYEES",122,BANNER NET PAYROLL,122,0.0,0.0,banner_missing,banner,,,
"SECRETARY, MINORITY CONFERENCE COMM (R)",2023,"SALARIES, OFFICERS AND EMPLOYEES",122,BANNER ORGANIZATION TOTALS,122,0.0,0.0,ok,banner,,,
"SECRETARY, MINORITY CONFERENCE COMM (R)",2024,"SALARIES, OFFICERS AND EMPLOYEES",123,BANNER NET PAYROLL,123,0.0,0.0,banner_missing,banner,,,
"SECRETARY, MINORITY CONFERENCE COMM (R)",2024,"SALARIES, OFFICERS AND EMPLOYEES",123,BANNER ORGANIZATION TOTALS,123,0.0,0.0,ok,banner,,,
"SECRETARY, MAJORITY CONFERENCE COMM (R)",2025,"SALARIES, OFFICERS AND EMPLOYEES",124,PERSONNEL COMP. FULL-TIME PERMANENT,124,60681.55,60681.55,ok,segment,,,
"SECRETARY, MAJORITY CONFERENCE COMM (R)",2025,"SALARIES, OFFICERS AND EMPLOYEES",124,NET PAYROLL EXPENSES,124,60681.55,60681.55,ok,block_running_total,,,
"SECRETARY, MAJORITY CONFERENCE COMM (R)",2025,"SALARIES, OFFICERS AND EMPLOYEES",124,BANNER NET PAYROLL,124,60681.55,60681.55,ok,banner,,,
"SECRETARY, MAJORITY CONFERENCE COMM (R)",2025,"SALARIES, OFFICERS AND EMPLOYEES",124,BANNER ORGANIZATION TOTALS,124,60681.55,60681.55,ok,banner,,,
SECRETARY FOR THE MAJORITY (D),2023,"SALARIES, OFFICERS AND EMPLOYEES",125,BANNER NET PAYROLL,125,0.0,0.0,banner_missing,banner,,,
SECRETARY FOR THE MAJORITY (D),2023,"SALARIES, OFFICERS AND EMPLOYEES",125,BANNER ORGANIZATION TOTALS,125,0.0,0.0,ok,banner,,,
SECRETARY FOR THE MAJORITY (D),2024,"SALARIES, OFFICERS AND EMPLOYEES",126,BANNER NET PAYROLL,126,0.0,0.0,banner_missing,banner,,,
SECRETARY FOR THE MAJORITY (D),2024,"SALARIES, OFFICERS AND EMPLOYEES",126,BANNER ORGANIZATION TOTALS,126,0.0,0.0,ok,banner,,,
SECRETARY FOR THE MINORITY (D),2025,"SALARIES, OFFICERS AND EMPLOYEES",127,PERSONNEL COMP. FULL-TIME PERMANENT,127,520554.96,520554.96,ok,segment,,,
SECRETARY FOR THE MINORITY (D),2025,"SALARIES, OFFICERS AND EMPLOYEES",127,NET PAYROLL EXPENSES,127,520554.96,520554.96,ok,block_running_total,,,
SECRETARY FOR THE MINORITY (D),2025,"SALARIES, OFFICERS AND EMPLOYEES",127,BANNER NET PAYROLL,127,520554.96,520554.96,ok,banner,,,
SECRETARY FOR THE MINORITY (D),2025,"SALARIES, OFFICERS AND EMPLOYEES",127,BANNER ORGANIZATION TOTALS,127,520554.96,520554.96,ok,banner,,,
SECRETARY FOR THE MINORITY (R),2023,"SALARIES, OFFICERS AND EMPLOYEES",128,BANNER NET PAYROLL,128,0.0,0.0,banner_missing,banner,,,
SECRETARY FOR THE MINORITY (R),2023,"SALARIES, OFFICERS AND EMPLOYEES",128,BANNER ORGANIZATION TOTALS,128,0.0,0.0,ok,banner,,,
SECRETARY FOR THE MINORITY (R),2024,"SALARIES, OFFICERS AND EMPLOYEES",129,BANNER NET PAYROLL,129,0.0,0.0,banner_missing,banner,,,
SECRETARY FOR THE MINORITY (R),2024,"SALARIES, OFFICERS AND EMPLOYEES",129,BANNER ORGANIZATION TOTALS,129,0.0,0.0,ok,banner,,,
SECRETARY FOR THE MAJORITY (R),2025,"SALARIES, OFFICERS AND EMPLOYEES",130,PERSONNEL COMP. FULL-TIME PERMANENT,130,559246.85,559246.85,ok,segment,,,
SECRETARY FOR THE MAJORITY (R),2025,"SALARIES, OFFICERS AND EMPLOYEES",130,NET PAYROLL EXPENSES,130,559246.85,559246.85,ok,block_running_total,,,
SECRETARY FOR THE MAJORITY (R),2025,"SALARIES, OFFICERS AND EMPLOYEES",130,BANNER NET PAYROLL,130,559246.85,559246.85,ok,banner,,,
SECRETARY FOR THE MAJORITY (R),2025,"SALARIES, OFFICERS AND EMPLOYEES",130,BANNER ORGANIZATION TOTALS,130,559246.85,559246.85,ok,banner,,,
SERGEANT AT ARMS AND DOORKEEPER OF THE SENATE,2023,"SALARIES, OFFICERS AND EMPLOYEES",131,BANNER NET PAYROLL,131,373.24,0.0,banner_missing,banner,,,
SERGEANT AT ARMS AND DOORKEEPER OF THE SENATE,2023,"SALARIES, OFFICERS AND EMPLOYEES",131,BANNER ORGANIZATION TOTALS,131,373.24,0.0,warn,banner,,,banner_only_categories
SERGEANT AT ARMS AND DOORKEEPER OF THE SENATE,2024,"SALARIES, OFFICERS AND EMPLOYEES",132,BANNER NET PAYROLL,132,37595.29,0.0,banner_missing,banner,,,
SERGEANT AT ARMS AND DOORKEEPER OF THE SENATE,2024,"SALARIES, OFFICERS AND EMPLOYEES",132,BANNER ORGANIZATION TOTALS,132,37595.29,0.0,warn,banner,,,banner_only_categories
SERGEANT AT ARMS AND DOORKEEPER OF THE SENATE,2025,"SALARIES, OFFICERS AND EMPLOYEES",133,PERSONNEL COMP. FULL-TIME PERMANENT,156,57277421.47,57277421.47,ok,segment,,,
SERGEANT AT ARMS AND DOORKEEPER OF THE SENATE,2025,"SALARIES, OFFICERS AND EMPLOYEES",133,RE-EMPLOYED ANNUITANTS,156,79602.0,0.0,no_records,segment,,,
SERGEANT AT ARMS AND DOORKEEPER OF THE SENATE,2025,"SALARIES, OFFICERS AND EMPLOYEES",133,NET PAYROLL EXPENSES,156,57357023.47,57357023.47,ok,block_running_total,,,
SERGEANT AT ARMS AND DOORKEEPER OF THE SENATE,2025,"SALARIES, OFFICERS AND EMPLOYEES",133,BANNER NET PAYROLL,133,56821524.96,57357023.47,fail,banner,,,fy_boundary_pattern
SERGEANT AT ARMS AND DOORKEEPER OF THE SENATE,2025,"SALARIES, OFFICERS AND EMPLOYEES",133,BANNER ORGANIZATION TOTALS,133,56821524.96,57357023.47,warn,banner,,,captured_bvb_mismatch
SECRETARY OF THE SENATE,2023,"SALARIES, OFFICERS AND EMPLOYEES",157,BANNER NET PAYROLL,157,0.0,0.0,banner_missing,banner,,,
SECRETARY OF THE SENATE,2023,"SALARIES, OFFICERS AND EMPLOYEES",157,BANNER ORGANIZATION TOTALS,157,0.0,0.0,ok,banner,,,
SECRETARY OF THE SENATE,2023,"SALARIES, OFFICERS AND EMPLOYEES",158,BANNER NET PAYROLL,158,0.0,0.0,banner_missing,banner,,,
SECRETARY OF THE SENATE,2023,"SALARIES, OFFICERS AND EMPLOYEES",158,BANNER ORGANIZATION TOTALS,158,0.0,0.0,ok,banner,,,
SECRETARY OF THE SENATE,2024,"SALARIES, OFFICERS AND EMPLOYEES",159,BANNER NET PAYROLL,159,31219.79,0.0,banner_missing,banner,,,
SECRETARY OF THE SENATE,2024,"SALARIES, OFFICERS AND EMPLOYEES",159,BANNER ORGANIZATION TOTALS,159,31219.79,0.0,warn,banner,,,banner_only_categories
SECRETARY OF THE SENATE,2024,"SALARIES, OFFICERS AND EMPLOYEES",160,BANNER NET PAYROLL,160,0.0,0.0,banner_missing,banner,,,
SECRETARY OF THE SENATE,2024,"SALARIES, OFFICERS AND EMPLOYEES",160,BANNER ORGANIZATION TOTALS,160,0.0,0.0,ok,banner,,,
SECRETARY OF THE SENATE,2025,"SALARIES, OFFICERS AND EMPLOYEES",161,PERSONNEL COMP. FULL-TIME PERMANENT,166,15558654.94,15558654.94,ok,segment,,,
SECRETARY OF THE SENATE,2025,"SALARIES, OFFICERS AND EMPLOYEES",161,RE-EMPLOYED ANNUITANTS,166,23870.0,0.0,no_records,segment,,,
SECRETARY OF THE SENATE,2025,"SALARIES, OFFICERS AND EMPLOYEES",161,NET PAYROLL EXPENSES,166,15582524.94,15582524.94,ok,block_running_total,,,
SECRETARY OF THE SENATE,2025,"SALARIES, OFFICERS AND EMPLOYEES",161,BANNER NET PAYROLL,161,15551305.15,15582524.94,fail,banner,,,fy_boundary_pattern
SECRETARY OF THE SENATE,2025,"SALARIES, OFFICERS AND EMPLOYEES",161,BANNER ORGANIZATION TOTALS,161,15551305.15,15582524.94,warn,banner,,,captured_bvb_mismatch
SECRETARY OF THE SENATE,,"SALARIES, OFFICERS AND EMPLOYEES",167,BANNER NET PAYROLL,167,0.0,0.0,banner_missing,banner,,,
SECRETARY OF THE SENATE,,"SALARIES, OFFICERS AND EMPLOYEES",167,BANNER ORGANIZATION TOTALS,167,0.0,0.0,ok,banner,,,
PAYMENT TO NEXT OF KIN OF SENATOR,,PAYMENT TO NEXT OF KIN OF SENATOR,168,BANNER NET PAYROLL,168,0.0,0.0,banner_missing,banner,,,
PAYMENT TO NEXT OF KIN OF SENATOR,,PAYMENT TO NEXT OF KIN OF SENATOR,168,BANNER ORGANIZATION TOTALS,168,0.0,0.0,ok,banner,,,
APPROPRIATIONS,2021,MISCELLANEOUS ITEMS,169,BANNER NET PAYROLL,169,0.0,0.0,banner_missing,banner,,,
APPROPRIATIONS,2021,MISCELLANEOUS ITEMS,169,BANNER ORGANIZATION TOTALS,169,0.0,0.0,ok,banner,,,
APPROPRIATIONS,2022,MISCELLANEOUS ITEMS,170,OTHER CONTRACTUAL SERVICES,170,8342.0,8342.0,ok,segment,,,
APPROPRIATIONS,2022,MISCELLANEOUS ITEMS,170,BANNER NET PAYROLL,170,0.0,0.0,banner_missing,banner,,,
APPROPRIATIONS,2022,MISCELLANEOUS ITEMS,170,BANNER ORGANIZATION TOTALS,170,8916.0,8342.0,warn,banner,,,banner_only_categories
APPROPRIATIONS,2023,MISCELLANEOUS ITEMS,171,PERSONNEL BENEFITS,171,4172.9,0.0,no_records,segment,,,
APPROPRIATIONS,2023,MISCELLANEOUS ITEMS,171,NET PAYROLL EXPENSES,171,4172.9,4172.9,ok,block_running_total,,,
APPROPRIATIONS,2023,MISCELLANEOUS ITEMS,171,OTHER CONTRACTUAL SERVICES,172,135615.6,135615.6,ok,segment,,,
APPROPRIATIONS,2023,MISCELLANEOUS ITEMS,171,BANNER NET PAYROLL,171,4172.9,4172.9,ok,banner,,,
APPROPRIATIONS,2023,MISCELLANEOUS ITEMS,171,BANNER ORGANIZATION TOTALS,171,156490.86,139788.5,warn,banner,,,banner_only_categories
APPROPRIATIONS,2024,MISCELLANEOUS ITEMS,173,TRAVEL AND TRANSPORTATION OF PERSONS,173,1197.2,1197.2,ok,segment,,,
APPROPRIATIONS,2024,MISCELLANEOUS ITEMS,173,OTHER CONTRACTUAL SERVICES,173,100.0,100.0,ok,segment,,,
APPROPRIATIONS,2024,MISCELLANEOUS ITEMS,173,BANNER NET PAYROLL,173,0.0,0.0,banner_missing,banner,,,
APPROPRIATIONS,2024,MISCELLANEOUS ITEMS,173,BANNER ORGANIZATION TOTALS,173,32659.68,1297.2,warn,banner,,,banner_only_categories
APPROPRIATIONS,2025,MISCELLANEOUS ITEMS,174,PERSONNEL BENEFITS,174,146.25,0.0,no_records,segment,,,
APPROPRIATIONS,2025,MISCELLANEOUS ITEMS,174,NET PAYROLL EXPENSES,174,146.25,146.25,ok,block_running_total,,,
APPROPRIATIONS,2025,MISCELLANEOUS ITEMS,174,TRAVEL AND TRANSPORTATION OF PERSONS,175,3752.84,3752.84,ok,segment,,,
APPROPRIATIONS,2025,MISCELLANEOUS ITEMS,174,OTHER CONTRACTUAL SERVICES,175,150.0,150.0,ok,segment,,,
APPROPRIATIONS,2025,MISCELLANEOUS ITEMS,174,BANNER NET PAYROLL,174,146.25,146.25,ok,banner,,,
APPROPRIATIONS,2025,MISCELLANEOUS ITEMS,174,BANNER ORGANIZATION TOTALS,174,68895.65,4049.09,warn,banner,,,banner_only_categories
CHAPLAIN,2021,MISCELLANEOUS ITEMS,176,BANNER NET PAYROLL,176,,0.0,not_applicable,banner,,,
CHAPLAIN,2021,MISCELLANEOUS ITEMS,176,BANNER ORGANIZATION TOTALS,176,0.0,0.0,ok,banner,,,
CHAPLAIN,2022,MISCELLANEOUS ITEMS,177,BANNER NET PAYROLL,177,,0.0,not_applicable,banner,,,
CHAPLAIN,2022,MISCELLANEOUS ITEMS,177,BANNER ORGANIZATION TOTALS,177,0.0,0.0,ok,banner,,,
CHAPLAIN,2023,MISCELLANEOUS ITEMS,178,TRAVEL AND TRANSPORTATION OF PERSONS,178,20.69,20.69,ok,segment,,,
CHAPLAIN,2023,MISCELLANEOUS ITEMS,178,BANNER NET PAYROLL,178,,0.0,not_applicable,banner,,,
CHAPLAIN,2023,MISCELLANEOUS ITEMS,178,BANNER ORGANIZATION TOTALS,178,3915.9,20.69,warn,banner,,,banner_only_categories
CHAPLAIN,2024,MISCELLANEOUS ITEMS,179,OTHER CONTRACTUAL SERVICES,179,16.0,16.0,ok,segment,,,
CHAPLAIN,2024,MISCELLANEOUS ITEMS,179,BANNER NET PAYROLL,179,,0.0,not_applicable,banner,,,
CHAPLAIN,2024,MISCELLANEOUS ITEMS,179,BANNER ORGANIZATION TOTALS,179,1465.05,16.0,warn,banner,,,banner_only_categories
CHAPLAIN,2025,MISCELLANEOUS ITEMS,180,OTHER CONTRACTUAL SERVICES,180,35.0,35.0,ok,segment,,,
CHAPLAIN,2025,MISCELLANEOUS ITEMS,180,BANNER NET PAYROLL,180,,0.0,not_applicable,banner,,,
CHAPLAIN,2025,MISCELLANEOUS ITEMS,180,BANNER ORGANIZATION TOTALS,180,1724.74,35.0,warn,banner,,,banner_only_categories
OFFICE OF THE VICE PRESIDENT (D) - HARRIS,2023,MISCELLANEOUS ITEMS,181,BANNER NET PAYROLL,181,,0.0,not_applicable,banner,,,
OFFICE OF THE VICE PRESIDENT (D) - HARRIS,2023,MISCELLANEOUS ITEMS,181,BANNER ORGANIZATION TOTALS,181,0.0,0.0,ok,banner,,,
MAJORITY CONFERENCE COMMITTEE (D),2021,MISCELLANEOUS ITEMS,182,PERSONNEL BENEFITS,182,134.26,0.0,no_records,segment,,,
MAJORITY CONFERENCE COMMITTEE (D),2021,MISCELLANEOUS ITEMS,182,NET PAYROLL EXPENSES,182,134.26,134.26,ok,block_running_total,,,
MAJORITY CONFERENCE COMMITTEE (D),2021,MISCELLANEOUS ITEMS,182,OTHER CONTRACTUAL SERVICES,182,160.61,160.61,ok,segment,,,
MAJORITY CONFERENCE COMMITTEE (D),2021,MISCELLANEOUS ITEMS,182,BANNER NET PAYROLL,182,134.26,134.26,ok,banner,,,
MAJORITY CONFERENCE COMMITTEE (D),2021,MISCELLANEOUS ITEMS,182,BANNER ORGANIZATION TOTALS,182,374.86,294.87,warn,banner,,,banner_only_categories
MAJORITY CONFERENCE COMMITTEE (D),2022,MISCELLANEOUS ITEMS,183,PERSONNEL BENEFITS,183,68.19,0.0,no_records,segment,,,
MAJORITY CONFERENCE COMMITTEE (D),2022,MISCELLANEOUS ITEMS,183,NET PAYROLL EXPENSES,183,68.19,68.19,ok,block_running_total,,,
MAJORITY CONFERENCE COMMITTEE (D),2022,MISCELLANEOUS ITEMS,183,BANNER NET PAYROLL,183,68.19,68.19,ok,banner,,,
MAJORITY CONFERENCE COMMITTEE (D),2022,MISCELLANEOUS ITEMS,183,BANNER ORGANIZATION TOTALS,183,68.19,68.19,ok,banner,,,
MAJORITY CONFERENCE COMMITTEE (D),2023,MISCELLANEOUS ITEMS,184,OTHER CONTRACTUAL SERVICES,184,163.99,163.99,ok,segment,,,
MAJORITY CONFERENCE COMMITTEE (D),2023,MISCELLANEOUS ITEMS,184,BANNER NET PAYROLL,184,,0.0,not_applicable,banner,,,
MAJORITY CONFERENCE COMMITTEE (D),2023,MISCELLANEOUS ITEMS,184,BANNER ORGANIZATION TOTALS,184,2161.28,163.99,warn,banner,,,banner_only_categories
MAJORITY CONFERENCE COMMITTEE (D),2024,MISCELLANEOUS ITEMS,185,ACQUISITION OF ASSETS,185,50603.83,50603.83,ok,segment,,,
MAJORITY CONFERENCE COMMITTEE (D),2024,MISCELLANEOUS ITEMS,185,BANNER NET PAYROLL,185,,0.0,not_applicable,banner,,,
MAJORITY CONFERENCE COMMITTEE (D),2024,MISCELLANEOUS ITEMS,185,BANNER ORGANIZATION TOTALS,185,50603.83,50603.83,ok,banner,,,
MAJORITY CONFERENCE COMMITTEE (D),2024,MISCELLANEOUS ITEMS,186,PERSONNEL BENEFITS,186,645.57,0.0,no_records,segment,,,
MAJORITY CONFERENCE COMMITTEE (D),2024,MISCELLANEOUS ITEMS,186,NET PAYROLL EXPENSES,186,645.57,645.57,ok,block_running_total,,,
MAJORITY CONFERENCE COMMITTEE (D),2024,MISCELLANEOUS ITEMS,186,OTHER CONTRACTUAL SERVICES,186,802.58,802.58,ok,segment,,,
MAJORITY CONFERENCE COMMITTEE (D),2024,MISCELLANEOUS ITEMS,186,BANNER NET PAYROLL,186,645.57,645.57,ok,banner,,,
MAJORITY CONFERENCE COMMITTEE (D),2024,MISCELLANEOUS ITEMS,186,BANNER ORGANIZATION TOTALS,186,51063.49,1448.15,warn,banner,,,banner_only_categories
MINORITY CONFERENCE COMMITTEE (D),2025,MISCELLANEOUS ITEMS,187,PERSONNEL BENEFITS,187,48.93,0.0,no_records,segment,,,
MINORITY CONFERENCE COMMITTEE (D),2025,MISCELLANEOUS ITEMS,187,NET PAYROLL EXPENSES,187,48.93,48.93,ok,block_running_total,,,
MINORITY CONFERENCE COMMITTEE (D),2025,MISCELLANEOUS ITEMS,187,OTHER CONTRACTUAL SERVICES,187,1500.0,1500.0,ok,segment,,,
MINORITY CONFERENCE COMMITTEE (D),2025,MISCELLANEOUS ITEMS,187,ACQUISITION OF ASSETS,187,17820.6,17820.6,ok,segment,,,
MINORITY CONFERENCE COMMITTEE (D),2025,MISCELLANEOUS ITEMS,187,BANNER NET PAYROLL,187,48.93,48.93,ok,banner,,,
MINORITY CONFERENCE COMMITTEE (D),2025,MISCELLANEOUS ITEMS,187,BANNER ORGANIZATION TOTALS,187,71962.27,19369.53,warn,banner,,,banner_only_categories
MAJORITY POLICY COMMITTEE (D),2021,MISCELLANEOUS ITEMS,188,ACQUISITION OF ASSETS,188,3117.98,3117.98,ok,segment,,,
MAJORITY POLICY COMMITTEE (D),2021,MISCELLANEOUS ITEMS,188,BANNER NET PAYROLL,188,0.0,0.0,banner_missing,banner,,,
MAJORITY POLICY COMMITTEE (D),2021,MISCELLANEOUS ITEMS,188,BANNER ORGANIZATION TOTALS,188,5862.93,3117.98,warn,banner,,,banner_only_categories
MAJORITY POLICY COMMITTEE (D),2022,MISCELLANEOUS ITEMS,189,BANNER NET PAYROLL,189,0.0,0.0,banner_missing,banner,,,
MAJORITY POLICY COMMITTEE (D),2022,MISCELLANEOUS ITEMS,189,BANNER ORGANIZATION TOTALS,189,0.0,0.0,ok,banner,,,
MAJORITY POLICY COMMITTEE (D),2023,MISCELLANEOUS ITEMS,190,BANNER NET PAYROLL,190,,0.0,not_applicable,banner,,,
MAJORITY POLICY COMMITTEE (D),2023,MISCELLANEOUS ITEMS,190,BANNER ORGANIZATION TOTALS,190,23408.0,0.0,warn,banner,,,banner_only_categories
MAJORITY POLICY COMMITTEE (D),2024,MISCELLANEOUS ITEMS,191,PERSONNEL BENEFITS,191,859.38,0.0,no_records,segment,,,
MAJORITY POLICY COMMITTEE (D),2024,MISCELLANEOUS ITEMS,191,NET PAYROLL EXPENSES,191,859.38,859.38,ok,block_running_total,,,
MAJORITY POLICY COMMITTEE (D),2024,MISCELLANEOUS ITEMS,191,OTHER CONTRACTUAL SERVICES,191,200.0,200.0,ok,segment,,,
MAJORITY POLICY COMMITTEE (D),2024,MISCELLANEOUS ITEMS,191,BANNER NET PAYROLL,191,859.38,859.38,ok,banner,,,
MAJORITY POLICY COMMITTEE (D),2024,MISCELLANEOUS ITEMS,191,BANNER ORGANIZATION TOTALS,191,3707.58,1059.38,warn,banner,,,banner_only_categories
MINORITY POLICY COMMITTEE (D),2025,MISCELLANEOUS ITEMS,192,OTHER CONTRACTUAL SERVICES,192,300.0,300.0,ok,segment,,,
MINORITY POLICY COMMITTEE (D),2025,MISCELLANEOUS ITEMS,192,BANNER NET PAYROLL,192,,0.0,not_applicable,banner,,,
MINORITY POLICY COMMITTEE (D),2025,MISCELLANEOUS ITEMS,192,BANNER ORGANIZATION TOTALS,192,5087.54,300.0,warn,banner,,,banner_only_categories
SECRETARY FOR THE MAJORITY (D),2024,MISCELLANEOUS ITEMS,193,PERSONNEL BENEFITS,193,354.0,0.0,no_records,segment,,,
SECRETARY FOR THE MAJORITY (D),2024,MISCELLANEOUS ITEMS,193,NET PAYROLL EXPENSES,193,354.0,354.0,ok,block_running_total,,,
SECRETARY FOR THE MAJORITY (D),2024,MISCELLANEOUS ITEMS,193,BANNER NET PAYROLL,193,354.0,354.0,ok,banner,,,
SECRETARY FOR THE MAJORITY (D),2024,MISCELLANEOUS ITEMS,193,BANNER ORGANIZATION TOTALS,193,354.0,354.0,ok,banner,,,
MINORITY LEADER (R),2023,MISCELLANEOUS ITEMS,194,BANNER NET PAYROLL,194,0.0,0.0,banner_missing,banner,,,
MINORITY LEADER (R),2023,MISCELLANEOUS ITEMS,194,BANNER ORGANIZATION TOTALS,194,0.0,0.0,ok,banner,,,
MINORITY LEADER (R),2024,MISCELLANEOUS ITEMS,195,PERSONNEL BENEFITS,195,266.46,0.0,no_records,segment,,,
MINORITY LEADER (R),2024,MISCELLANEOUS ITEMS,195,NET PAYROLL EXPENSES,195,266.46,266.46,ok,block_running_total,,,
MINORITY LEADER (R),2024,MISCELLANEOUS ITEMS,195,TRAVEL AND TRANSPORTATION OF PERSONS,196,1641.19,1641.19,ok,segment,,,
MINORITY LEADER (R),2024,MISCELLANEOUS ITEMS,195,BANNER NET PAYROLL,195,266.46,266.46,ok,banner,,,
MINORITY LEADER (R),2024,MISCELLANEOUS ITEMS,195,BANNER ORGANIZATION TOTALS,195,5190.1,1907.65,warn,banner,,,banner_only_categories
MAJORITY LEADER (R),2025,MISCELLANEOUS ITEMS,197,PERSONNEL BENEFITS,197,438.21,0.0,no_records,segment,,,
MAJORITY LEADER (R),2025,MISCELLANEOUS ITEMS,197,NET PAYROLL EXPENSES,197,438.21,438.21,ok,block_running_total,,,
MAJORITY LEADER (R),2025,MISCELLANEOUS ITEMS,197,BANNER NET PAYROLL,197,438.21,438.21,ok,banner,,,
MAJORITY LEADER (R),2025,MISCELLANEOUS ITEMS,197,BANNER ORGANIZATION TOTALS,197,24166.01,438.21,warn,banner,,,banner_only_categories
MINORITY WHIP (R),2023,MISCELLANEOUS ITEMS,198,BANNER NET PAYROLL,198,,0.0,not_applicable,banner,,,
MINORITY WHIP (R),2023,MISCELLANEOUS ITEMS,198,BANNER ORGANIZATION TOTALS,198,0.0,0.0,ok,banner,,,
MINORITY WHIP (R),2024,MISCELLANEOUS ITEMS,199,TRAVEL AND TRANSPORTATION OF PERSONS,199,2451.27,2451.27,ok,segment,,,
MINORITY WHIP (R),2024,MISCELLANEOUS ITEMS,199,BANNER NET PAYROLL,199,,0.0,not_applicable,banner,,,
MINORITY WHIP (R),2024,MISCELLANEOUS ITEMS,199,BANNER ORGANIZATION TOTALS,199,5025.95,2451.27,warn,banner,,,banner_only_categories
MAJORITY WHIP (R),2025,MISCELLANEOUS ITEMS,200,PERSONNEL BENEFITS,200,837.96,0.0,no_records,segment,,,
MAJORITY WHIP (R),2025,MISCELLANEOUS ITEMS,200,NET PAYROLL EXPENSES,200,837.96,837.96,ok,block_running_total,,,
MAJORITY WHIP (R),2025,MISCELLANEOUS ITEMS,200,TRAVEL AND TRANSPORTATION OF PERSONS,200,741.26,741.26,ok,segment,,,
MAJORITY WHIP (R),2025,MISCELLANEOUS ITEMS,200,OTHER CONTRACTUAL SERVICES,200,20.0,20.0,ok,segment,,,
MAJORITY WHIP (R),2025,MISCELLANEOUS ITEMS,200,BANNER NET PAYROLL,200,837.96,837.96,ok,banner,,,
MAJORITY WHIP (R),2025,MISCELLANEOUS ITEMS,200,BANNER ORGANIZATION TOTALS,200,5835.46,1599.22,warn,banner,,,banner_only_categories
MINORITY CONFERENCE COMMITTEE (R),2021,MISCELLANEOUS ITEMS,201,BANNER NET PAYROLL,201,0.0,0.0,banner_missing,banner,,,
MINORITY CONFERENCE COMMITTEE (R),2021,MISCELLANEOUS ITEMS,201,BANNER ORGANIZATION TOTALS,201,0.0,0.0,ok,banner,,,
MINORITY CONFERENCE COMMITTEE (R),2022,MISCELLANEOUS ITEMS,202,PERSONNEL BENEFITS,202,41.25,0.0,no_records,segment,,,
MINORITY CONFERENCE COMMITTEE (R),2022,MISCELLANEOUS ITEMS,202,NET PAYROLL EXPENSES,202,41.25,41.25,ok,block_running_total,,,
MINORITY CONFERENCE COMMITTEE (R),2022,MISCELLANEOUS ITEMS,202,TRAVEL AND TRANSPORTATION OF PERSONS,202,90.0,90.0,ok,segment,,,
MINORITY CONFERENCE COMMITTEE (R),2022,MISCELLANEOUS ITEMS,202,ACQUISITION OF ASSETS,202,3329.9,3329.9,ok,segment,,,
MINORITY CONFERENCE COMMITTEE (R),2022,MISCELLANEOUS ITEMS,202,BANNER NET PAYROLL,202,41.25,41.25,ok,banner,,,
MINORITY CONFERENCE COMMITTEE (R),2022,MISCELLANEOUS ITEMS,202,BANNER ORGANIZATION TOTALS,202,9890.84,3461.15,warn,banner,,,banner_only_categories
MINORITY CONFERENCE COMMITTEE (R),2023,MISCELLANEOUS ITEMS,203,BANNER NET PAYROLL,203,0.0,0.0,banner_missing,banner,,,
MINORITY CONFERENCE COMMITTEE (R),2023,MISCELLANEOUS ITEMS,203,BANNER ORGANIZATION TOTALS,203,0.0,0.0,ok,banner,,,
MINORITY CONFERENCE COMMITTEE (R),2023,MISCELLANEOUS ITEMS,204,PERSONNEL BENEFITS,204,171.7,0.0,no_records,segment,,,
MINORITY CONFERENCE COMMITTEE (R),2023,MISCELLANEOUS ITEMS,204,NET PAYROLL EXPENSES,204,171.7,171.7,ok,block_running_total,,,
MINORITY CONFERENCE COMMITTEE (R),2023,MISCELLANEOUS ITEMS,204,TRAVEL AND TRANSPORTATION OF PERSONS,205,12255.04,12255.04,ok,segment,,,
MINORITY CONFERENCE COMMITTEE (R),2023,MISCELLANEOUS ITEMS,204,BANNER NET PAYROLL,204,171.7,171.7,ok,banner,,,
MINORITY CONFERENCE COMMITTEE (R),2023,MISCELLANEOUS ITEMS,204,BANNER ORGANIZATION TOTALS,204,18006.74,12426.74,warn,banner,,,banner_only_categories
MINORITY CONFERENCE COMMITTEE (R),2024,MISCELLANEOUS ITEMS,206,ACQUISITION OF ASSETS,206,12000.0,12000.0,ok,segment,,,
MINORITY CONFERENCE COMMITTEE (R),2024,MISCELLANEOUS ITEMS,206,BANNER NET PAYROLL,206,,0.0,not_applicable,banner,,,
MINORITY CONFERENCE COMMITTEE (R),2024,MISCELLANEOUS ITEMS,206,BANNER ORGANIZATION TOTALS,206,12000.0,12000.0,ok,banner,,,
MINORITY CONFERENCE COMMITTEE (R),2024,MISCELLANEOUS ITEMS,207,BANNER NET PAYROLL,207,,0.0,not_applicable,banner,,,
MINORITY CONFERENCE COMMITTEE (R),2024,MISCELLANEOUS ITEMS,207,BANNER ORGANIZATION TOTALS,207,149.1,0.0,warn,banner,,,banner_only_categories
MAJORITY CONFERENCE COMMITTEE (R),2025,MISCELLANEOUS ITEMS,208,TRAVEL AND TRANSPORTATION OF PERSONS,208,47.49,47.49,ok,segment,,,
MAJORITY CONFERENCE COMMITTEE (R),2025,MISCELLANEOUS ITEMS,208,ACQUISITION OF ASSETS,208,2137.38,2137.38,ok,segment,,,
MAJORITY CONFERENCE COMMITTEE (R),2025,MISCELLANEOUS ITEMS,208,BANNER NET PAYROLL,208,,0.0,not_applicable,banner,,,
MAJORITY CONFERENCE COMMITTEE (R),2025,MISCELLANEOUS ITEMS,208,BANNER ORGANIZATION TOTALS,208,6282.03,2184.87,warn,banner,,,banner_only_categories
MINORITY POLICY COMMITTEE (R),2021,MISCELLANEOUS ITEMS,209,BANNER NET PAYROLL,209,0.0,0.0,banner_missing,banner,,,
MINORITY POLICY COMMITTEE (R),2021,MISCELLANEOUS ITEMS,209,BANNER ORGANIZATION TOTALS,209,0.0,0.0,ok,banner,,,
MINORITY POLICY COMMITTEE (R),2022,MISCELLANEOUS ITEMS,210,BANNER NET PAYROLL,210,0.0,0.0,banner_missing,banner,,,
MINORITY POLICY COMMITTEE (R),2022,MISCELLANEOUS ITEMS,210,BANNER ORGANIZATION TOTALS,210,0.0,0.0,ok,banner,,,
MINORITY POLICY COMMITTEE (R),2023,MISCELLANEOUS ITEMS,211,ACQUISITION OF ASSETS,211,16.21,16.21,ok,segment,,,
MINORITY POLICY COMMITTEE (R),2023,MISCELLANEOUS ITEMS,211,BANNER NET PAYROLL,211,,0.0,not_applicable,banner,,,
MINORITY POLICY COMMITTEE (R),2023,MISCELLANEOUS ITEMS,211,BANNER ORGANIZATION TOTALS,211,205.95,16.21,warn,banner,,,banner_only_categories
MINORITY POLICY COMMITTEE (R),2023,MISCELLANEOUS ITEMS,212,BANNER NET PAYROLL,212,0.0,0.0,banner_missing,banner,,,
MINORITY POLICY COMMITTEE (R),2023,MISCELLANEOUS ITEMS,212,BANNER ORGANIZATION TOTALS,212,0.0,0.0,ok,banner,,,
MINORITY POLICY COMMITTEE (R),2024,MISCELLANEOUS ITEMS,213,ACQUISITION OF ASSETS,213,1421.66,1421.66,ok,segment,,,
MINORITY POLICY COMMITTEE (R),2024,MISCELLANEOUS ITEMS,213,BANNER NET PAYROLL,213,0.0,0.0,banner_missing,banner,,,
MINORITY POLICY COMMITTEE (R),2024,MISCELLANEOUS ITEMS,213,BANNER ORGANIZATION TOTALS,213,10776.63,1421.66,warn,banner,,,banner_only_categories
MINORITY POLICY COMMITTEE (R),2024,MISCELLANEOUS ITEMS,214,BANNER NET PAYROLL,214,,0.0,not_applicable,banner,,,
MINORITY POLICY COMMITTEE (R),2024,MISCELLANEOUS ITEMS,214,BANNER ORGANIZATION TOTALS,214,326.47,0.0,warn,banner,,,banner_only_categories
MAJORITY POLICY COMMITTEE (R),2025,MISCELLANEOUS ITEMS,215,OTHER CONTRACTUAL SERVICES,215,600.0,600.0,ok,segment,,,
MAJORITY POLICY COMMITTEE (R),2025,MISCELLANEOUS ITEMS,215,ACQUISITION OF ASSETS,215,1010.12,1010.12,ok,segment,,,
MAJORITY POLICY COMMITTEE (R),2025,MISCELLANEOUS ITEMS,215,BANNER NET PAYROLL,215,,0.0,not_applicable,banner,,,
MAJORITY POLICY COMMITTEE (R),2025,MISCELLANEOUS ITEMS,215,BANNER ORGANIZATION TOTALS,215,34727.77,1610.12,warn,banner,,,banner_only_categories
SECRETARY FOR THE MINORITY (R),2023,MISCELLANEOUS ITEMS,216,BANNER NET PAYROLL,216,,0.0,not_applicable,banner,,,
SECRETARY FOR THE MINORITY (R),2023,MISCELLANEOUS ITEMS,216,BANNER ORGANIZATION TOTALS,216,0.0,0.0,ok,banner,,,
SECRETARY FOR THE MINORITY (R),2024,MISCELLANEOUS ITEMS,217,ACQUISITION OF ASSETS,217,31506.7,31506.7,ok,segment,,,
SECRETARY FOR THE MINORITY (R),2024,MISCELLANEOUS ITEMS,217,BANNER NET PAYROLL,217,,0.0,not_applicable,banner,,,
SECRETARY FOR THE MINORITY (R),2024,MISCELLANEOUS ITEMS,217,BANNER ORGANIZATION TOTALS,217,32822.73,31506.7,warn,banner,,,banner_only_categories
SENATE CHILD CARE CENTER,2021,MISCELLANEOUS ITEMS,218,BANNER NET PAYROLL,218,0.0,0.0,banner_missing,banner,,,
SENATE CHILD CARE CENTER,2021,MISCELLANEOUS ITEMS,218,BANNER ORGANIZATION TOTALS,218,224.08,0.0,fail,banner,,,
SENATE CHILD CARE – AGENCY CONTRIBUTIONS – P.L. 102-90,2022,MISCELLANEOUS ITEMS,219,BANNER NET PAYROLL,219,0.0,0.0,banner_missing,banner,,,
SENATE CHILD CARE – AGENCY CONTRIBUTIONS – P.L. 102-90,2022,MISCELLANEOUS ITEMS,219,BANNER ORGANIZATION TOTALS,219,900.92,0.0,fail,banner,,,
SENATE CHILD CARE – SALARY REIMBURSEMENT – S. RES. 329,2022,MISCELLANEOUS ITEMS,220,BANNER NET PAYROLL,220,,0.0,not_applicable,banner,,,
SENATE CHILD CARE – SALARY REIMBURSEMENT – S. RES. 329,2022,MISCELLANEOUS ITEMS,220,BANNER ORGANIZATION TOTALS,220,0.0,0.0,ok,banner,,,
SENATE CHILD CARE – TRAINING EXPENSES – P.L. 104-197,2022,MISCELLANEOUS ITEMS,221,BANNER NET PAYROLL,221,,0.0,not_applicable,banner,,,
SENATE CHILD CARE – TRAINING EXPENSES – P.L. 104-197,2022,MISCELLANEOUS ITEMS,221,BANNER ORGANIZATION TOTALS,221,0.0,0.0,ok,banner,,,
SENATE CHILD CARE – AGENCY CONTRIBUTIONS – P.L. 102-90,2023,MISCELLANEOUS ITEMS,222,PERSONNEL BENEFITS,222,36136.85,0.0,no_records,segment,,,
SENATE CHILD CARE – AGENCY CONTRIBUTIONS – P.L. 102-90,2023,MISCELLANEOUS ITEMS,222,NET PAYROLL EXPENSES,222,36136.85,36136.85,ok,block_running_total,,,
SENATE CHILD CARE – AGENCY CONTRIBUTIONS – P.L. 102-90,2023,MISCELLANEOUS ITEMS,222,BANNER NET PAYROLL,222,36136.85,36136.85,ok,banner,,,
SENATE CHILD CARE – AGENCY CONTRIBUTIONS – P.L. 102-90,2023,MISCELLANEOUS ITEMS,222,BANNER ORGANIZATION TOTALS,222,36136.85,36136.85,ok,banner,,,
SENATE CHILD CARE - SALARY REIMBURSEMENT – S. RES. 329,2023,MISCELLANEOUS ITEMS,223,BANNER NET PAYROLL,223,,0.0,not_applicable,banner,,,
SENATE CHILD CARE - SALARY REIMBURSEMENT – S. RES. 329,2023,MISCELLANEOUS ITEMS,223,BANNER ORGANIZATION TOTALS,223,0.0,0.0,ok,banner,,,
SENATE CHILD CARE – TRAINING EXPENSES – P.L. 104-197,2023,MISCELLANEOUS ITEMS,224,BANNER NET PAYROLL,224,,0.0,not_applicable,banner,,,
SENATE CHILD CARE – TRAINING EXPENSES – P.L. 104-197,2023,MISCELLANEOUS ITEMS,224,BANNER ORGANIZATION TOTALS,224,0.0,0.0,ok,banner,,,
SENATE CHILD CARE – AGENCY CONTRIBUTIONS – P.L. 102-90,2024,MISCELLANEOUS ITEMS,225,PERSONNEL BENEFITS,225,8772.91,0.0,no_records,segment,,,
SENATE CHILD CARE – AGENCY CONTRIBUTIONS – P.L. 102-90,2024,MISCELLANEOUS ITEMS,225,NET PAYROLL EXPENSES,225,8772.91,8772.91,ok,block_running_total,,,
SENATE CHILD CARE – AGENCY CONTRIBUTIONS – P.L. 102-90,2024,MISCELLANEOUS ITEMS,225,BANNER NET PAYROLL,225,3678.31,8772.91,fail,banner,,,fy_boundary_pattern
SENATE CHILD CARE – AGENCY CONTRIBUTIONS – P.L. 102-90,2024,MISCELLANEOUS ITEMS,225,BANNER ORGANIZATION TOTALS,225,38677.17,8772.91,fail,banner,,,
SENATE CHILD CARE – SALARY REIMBURSEMENT – S. RES. 329,2024,MISCELLANEOUS ITEMS,226,BANNER NET PAYROLL,226,,0.0,not_applicable,banner,,,
SENATE CHILD CARE – SALARY REIMBURSEMENT – S. RES. 329,2024,MISCELLANEOUS ITEMS,226,BANNER ORGANIZATION TOTALS,226,9096.99,0.0,fail,banner,,,
SENATE CHILD CARE – TRAINING EXPENSES – P.L. 104-197,2024,MISCELLANEOUS ITEMS,227,BANNER NET PAYROLL,227,,0.0,not_applicable,banner,,,
SENATE CHILD CARE – TRAINING EXPENSES – P.L. 104-197,2024,MISCELLANEOUS ITEMS,227,BANNER ORGANIZATION TOTALS,227,0.0,0.0,ok,banner,,,
SENATE CHILD CARE – AGENCY CONTRIBUTIONS – P.L. 102-90,2025,MISCELLANEOUS ITEMS,228,BANNER NET PAYROLL,228,63065.2,0.0,banner_missing,banner,,,
SENATE CHILD CARE – AGENCY CONTRIBUTIONS – P.L. 102-90,2025,MISCELLANEOUS ITEMS,228,BANNER ORGANIZATION TOTALS,228,155824.21,0.0,fail,banner,,,
SENATE CHILD CARE – SALARY REIMBURSEMENT – S. RES. 329,2025,MISCELLANEOUS ITEMS,229,BANNER NET PAYROLL,229,,0.0,not_applicable,banner,,,
SENATE CHILD CARE – SALARY REIMBURSEMENT – S. RES. 329,2025,MISCELLANEOUS ITEMS,229,BANNER ORGANIZATION TOTALS,229,90969.9,0.0,fail,banner,,,
SENATE CHILD CARE – TRAINING EXPENSES – P.L. 104-197,2025,MISCELLANEOUS ITEMS,230,BANNER NET PAYROLL,230,,0.0,not_applicable,banner,,,
SENATE CHILD CARE – TRAINING EXPENSES – P.L. 104-197,2025,MISCELLANEOUS ITEMS,230,BANNER ORGANIZATION TOTALS,230,0.0,0.0,ok,banner,,,
CONSULTANTS,2021,MISCELLANEOUS ITEMS,231,BANNER NET PAYROLL,231,0.0,0.0,banner_missing,banner,,,
CONSULTANTS,2021,MISCELLANEOUS ITEMS,231,BANNER ORGANIZATION TOTALS,231,0.0,0.0,ok,banner,,,
CONSULTANTS,2022,MISCELLANEOUS ITEMS,232,BANNER NET PAYROLL,232,0.0,0.0,banner_missing,banner,,,
CONSULTANTS,2022,MISCELLANEOUS ITEMS,232,BANNER ORGANIZATION TOTALS,232,0.0,0.0,ok,banner,,,
CONSULTANTS,2023,MISCELLANEOUS ITEMS,233,BANNER NET PAYROLL,233,1700000.0,0.0,banner_missing,banner,,,
CONSULTANTS,2023,MISCELLANEOUS ITEMS,233,BANNER ORGANIZATION TOTALS,233,1700000.0,0.0,warn,banner,,,banner_only_categories
CONSULTANTS,2024,MISCELLANEOUS ITEMS,234,BANNER NET PAYROLL,234,0.0,0.0,banner_missing,banner,,,
CONSULTANTS,2024,MISCELLANEOUS ITEMS,234,BANNER ORGANIZATION TOTALS,234,0.0,0.0,ok,banner,,,
CONSULTANTS,2025,MISCELLANEOUS ITEMS,235,PERSONNEL COMP. FULL-TIME PERMANENT,236,2863463.03,2863463.03,ok,segment,,,
CONSULTANTS,2025,MISCELLANEOUS ITEMS,235,PERSONNEL BENEFITS,236,1083285.32,0.0,no_records,segment,,,
CONSULTANTS,2025,MISCELLANEOUS ITEMS,235,NET PAYROLL EXPENSES,236,3946748.35,3946748.35,ok,block_running_total,,,
CONSULTANTS,2025,MISCELLANEOUS ITEMS,235,BANNER NET PAYROLL,235,2246748.35,3946748.35,fail,banner,,,fy_boundary_pattern
CONSULTANTS,2025,MISCELLANEOUS ITEMS,235,BANNER ORGANIZATION TOTALS,235,2246748.35,3946748.35,warn,banner,,,captured_bvb_mismatch
FEDERAL EMPLOYEES COMPENSATION ACCOUNT,2021,MISCELLANEOUS ITEMS,237,BANNER NET PAYROLL,237,0.0,0.0,banner_missing,banner,,,
FEDERAL EMPLOYEES COMPENSATION ACCOUNT,2021,MISCELLANEOUS ITEMS,237,BANNER ORGANIZATION TOTALS,237,0.0,0.0,ok,banner,,,
FEDERAL EMPLOYEES COMPENSATION ACCOUNT,2022,MISCELLANEOUS ITEMS,238,BANNER NET PAYROLL,238,,0.0,not_applicable,banner,,,
FEDERAL EMPLOYEES COMPENSATION ACCOUNT,2022,MISCELLANEOUS ITEMS,238,BANNER ORGANIZATION TOTALS,238,0.0,0.0,ok,banner,,,
FEDERAL EMPLOYEES COMPENSATION ACCOUNT,2023,MISCELLANEOUS ITEMS,239,NET PAYROLL EXPENSES,239,91633.98,91633.98,ok,block_running_total,,,
FEDERAL EMPLOYEES COMPENSATION ACCOUNT,2023,MISCELLANEOUS ITEMS,239,BANNER NET PAYROLL,239,91633.98,91633.98,ok,banner,,,
FEDERAL EMPLOYEES COMPENSATION ACCOUNT,2023,MISCELLANEOUS ITEMS,239,BANNER ORGANIZATION TOTALS,239,91633.98,91633.98,ok,banner,,,
FEDERAL EMPLOYEES COMPENSATION ACCOUNT,2024,MISCELLANEOUS ITEMS,240,BANNER NET PAYROLL,240,,0.0,not_applicable,banner,,,
FEDERAL EMPLOYEES COMPENSATION ACCOUNT,2024,MISCELLANEOUS ITEMS,240,BANNER ORGANIZATION TOTALS,240,0.0,0.0,ok,banner,,,
FEDERAL EMPLOYEES COMPENSATION ACCOUNT,2025,MISCELLANEOUS ITEMS,241,BANNER NET PAYROLL,241,,0.0,not_applicable,banner,,,
FEDERAL EMPLOYEES COMPENSATION ACCOUNT,2025,MISCELLANEOUS ITEMS,241,BANNER ORGANIZATION TOTALS,241,0.0,0.0,ok,banner,,,
FOREIGN TRAVEL - MEMBERS AND EMPLOYEES,2021,MISCELLANEOUS ITEMS,242,BANNER NET PAYROLL,242,,0.0,not_applicable,banner,,,
FOREIGN TRAVEL - MEMBERS AND EMPLOYEES,2021,MISCELLANEOUS ITEMS,242,BANNER ORGANIZATION TOTALS,242,0.0,0.0,ok,banner,,,
FOREIGN TRAVEL - MEMBERS AND EMPLOYEES,2022,MISCELLANEOUS ITEMS,243,BANNER NET PAYROLL,243,,0.0,not_applicable,banner,,,
FOREIGN TRAVEL - MEMBERS AND EMPLOYEES,2022,MISCELLANEOUS ITEMS,243,BANNER ORGANIZATION TOTALS,243,0.0,0.0,ok,banner,,,
FOREIGN TRAVEL - MEMBERS AND EMPLOYEES,2023,MISCELLANEOUS ITEMS,244,TRAVEL AND TRANSPORTATION OF PERSONS,244,570.0,570.0,ok,segment,,,
FOREIGN TRAVEL - MEMBERS AND EMPLOYEES,2023,MISCELLANEOUS ITEMS,244,BANNER NET PAYROLL,244,,0.0,not_applicable,banner,,,
FOREIGN TRAVEL - MEMBERS AND EMPLOYEES,2023,MISCELLANEOUS ITEMS,244,BANNER ORGANIZATION TOTALS,244,570.0,570.0,ok,banner,,,
FOREIGN TRAVEL - MEMBERS AND EMPLOYEES,2024,MISCELLANEOUS ITEMS,245,TRAVEL AND TRANSPORTATION OF PERSONS,245,1987.5,1987.5,ok,segment,,,
FOREIGN TRAVEL - MEMBERS AND EMPLOYEES,2024,MISCELLANEOUS ITEMS,245,BANNER NET PAYROLL,245,,0.0,not_applicable,banner,,,
FOREIGN TRAVEL - MEMBERS AND EMPLOYEES,2024,MISCELLANEOUS ITEMS,245,BANNER ORGANIZATION TOTALS,245,1987.5,1987.5,ok,banner,,,
FOREIGN TRAVEL - MEMBERS AND EMPLOYEES,2025,MISCELLANEOUS ITEMS,246,BANNER NET PAYROLL,246,,0.0,not_applicable,banner,,,
FOREIGN TRAVEL - MEMBERS AND EMPLOYEES,2025,MISCELLANEOUS ITEMS,246,BANNER ORGANIZATION TOTALS,246,0.0,0.0,ok,banner,,,
POSTAGE,2021,MISCELLANEOUS ITEMS,247,BANNER NET PAYROLL,247,,0.0,not_applicable,banner,,,
POSTAGE,2021,MISCELLANEOUS ITEMS,247,BANNER ORGANIZATION TOTALS,247,0.0,0.0,ok,banner,,,
POSTAGE,2022,MISCELLANEOUS ITEMS,248,BANNER NET PAYROLL,248,,0.0,not_applicable,banner,,,
POSTAGE,2022,MISCELLANEOUS ITEMS,248,BANNER ORGANIZATION TOTALS,248,0.0,0.0,ok,banner,,,
POSTAGE,2023,MISCELLANEOUS ITEMS,249,BANNER NET PAYROLL,249,,0.0,not_applicable,banner,,,
POSTAGE,2023,MISCELLANEOUS ITEMS,249,BANNER ORGANIZATION TOTALS,249,0.0,0.0,ok,banner,,,
POSTAGE,2024,MISCELLANEOUS ITEMS,250,BANNER NET PAYROLL,250,,0.0,not_applicable,banner,,,
POSTAGE,2024,MISCELLANEOUS ITEMS,250,BANNER ORGANIZATION TOTALS,250,0.0,0.0,ok,banner,,,
POSTAGE,2025,MISCELLANEOUS ITEMS,251,BANNER NET PAYROLL,251,,0.0,not_applicable,banner,,,
POSTAGE,2025,MISCELLANEOUS ITEMS,251,BANNER ORGANIZATION TOTALS,251,0.0,0.0,ok,banner,,,
MOBILE COMMUNICATIONS DEVICES,2021,MISCELLANEOUS ITEMS,252,BANNER NET PAYROLL,252,,0.0,not_applicable,banner,,,
MOBILE COMMUNICATIONS DEVICES,2021,MISCELLANEOUS ITEMS,252,BANNER ORGANIZATION TOTALS,252,0.0,0.0,ok,banner,,,
MOBILE COMMUNICATIONS DEVICES,2022,MISCELLANEOUS ITEMS,253,ACQUISITION OF ASSETS,253,1371.4,1371.4,ok,segment,,,
MOBILE COMMUNICATIONS DEVICES,2022,MISCELLANEOUS ITEMS,253,BANNER NET PAYROLL,253,,0.0,not_applicable,banner,,,
MOBILE COMMUNICATIONS DEVICES,2022,MISCELLANEOUS ITEMS,253,BANNER ORGANIZATION TOTALS,253,1371.4,1371.4,ok,banner,,,
MOBILE COMMUNICATIONS DEVICES,2023,MISCELLANEOUS ITEMS,254,ACQUISITION OF ASSETS,254,7620.21,7620.21,ok,segment,,,
MOBILE COMMUNICATIONS DEVICES,2023,MISCELLANEOUS ITEMS,254,BANNER NET PAYROLL,254,,0.0,not_applicable,banner,,,
MOBILE COMMUNICATIONS DEVICES,2023,MISCELLANEOUS ITEMS,254,BANNER ORGANIZATION TOTALS,254,7620.21,7620.21,ok,banner,,,
MOBILE COMMUNICATIONS DEVICES,2024,MISCELLANEOUS ITEMS,255,ACQUISITION OF ASSETS,255,-5271.29,-5271.29,ok,segment,,,
MOBILE COMMUNICATIONS DEVICES,2024,MISCELLANEOUS ITEMS,255,BANNER NET PAYROLL,255,,0.0,not_applicable,banner,,,
MOBILE COMMUNICATIONS DEVICES,2024,MISCELLANEOUS ITEMS,255,BANNER ORGANIZATION TOTALS,255,1920.39,5271.29,fail,banner,,,
MOBILE COMMUNICATIONS DEVICES,2025,MISCELLANEOUS ITEMS,256,BANNER NET PAYROLL,256,,0.0,not_applicable,banner,,,
MOBILE COMMUNICATIONS DEVICES,2025,MISCELLANEOUS ITEMS,256,BANNER ORGANIZATION TOTALS,256,19661.71,0.0,warn,banner,,,banner_only_categories
RESERVE FOR CONTINGENCIES,2021,MISCELLANEOUS ITEMS,257,BANNER NET PAYROLL,257,0.0,0.0,banner_missing,banner,,,
RESERVE FOR CONTINGENCIES,2021,MISCELLANEOUS ITEMS,257,BANNER ORGANIZATION TOTALS,257,0.0,0.0,ok,banner,,,
RESERVE FOR CONTINGENCIES,2022,MISCELLANEOUS ITEMS,258,BANNER NET PAYROLL,258,0.0,0.0,banner_missing,banner,,,
RESERVE FOR CONTINGENCIES,2022,MISCELLANEOUS ITEMS,258,BANNER ORGANIZATION TOTALS,258,0.0,0.0,ok,banner,,,
RESERVE FOR CONTINGENCIES,2023,MISCELLANEOUS ITEMS,259,NET PAYROLL EXPENSES,259,216892.67,216892.67,ok,block_running_total,,,
RESERVE FOR CONTINGENCIES,2023,MISCELLANEOUS ITEMS,259,BANNER NET PAYROLL,259,216892.67,216892.67,ok,banner,,,
RESERVE FOR CONTINGENCIES,2023,MISCELLANEOUS ITEMS,259,BANNER ORGANIZATION TOTALS,259,133296.13,216892.67,fail,banner,,,
RESERVE FOR CONTINGENCIES,2024,MISCELLANEOUS ITEMS,260,OTHER CONTRACTUAL SERVICES,260,93117.82,93117.82,ok,segment,,,
RESERVE FOR CONTINGENCIES,2024,MISCELLANEOUS ITEMS,260,BANNER NET PAYROLL,260,0.0,0.0,banner_missing,banner,,,
RESERVE FOR CONTINGENCIES,2024,MISCELLANEOUS ITEMS,260,BANNER ORGANIZATION TOTALS,260,93864.6,93117.82,fail,banner,,,
RESERVE FOR CONTINGENCIES,2025,MISCELLANEOUS ITEMS,261,OTHER CONTRACTUAL SERVICES,261,4518.29,4518.29,ok,segment,,,
RESERVE FOR CONTINGENCIES,2025,MISCELLANEOUS ITEMS,261,BANNER NET PAYROLL,261,,0.0,not_applicable,banner,,,
RESERVE FOR CONTINGENCIES,2025,MISCELLANEOUS ITEMS,261,BANNER ORGANIZATION TOTALS,261,5952.5,4518.29,fail,banner,,,
RECEPTION OF FOREIGN DIGNITARIES,2021,MISCELLANEOUS ITEMS,262,BANNER NET PAYROLL,262,,0.0,not_applicable,banner,,,
RECEPTION OF FOREIGN DIGNITARIES,2021,MISCELLANEOUS ITEMS,262,BANNER ORGANIZATION TOTALS,262,0.0,0.0,ok,banner,,,
RECEPTION OF FOREIGN DIGNITARIES,2022,MISCELLANEOUS ITEMS,263,BANNER NET PAYROLL,263,,0.0,not_applicable,banner,,,
RECEPTION OF FOREIGN DIGNITARIES,2022,MISCELLANEOUS ITEMS,263,BANNER ORGANIZATION TOTALS,263,0.0,0.0,ok,banner,,,
RECEPTION OF FOREIGN DIGNITARIES,2023,MISCELLANEOUS ITEMS,264,BANNER NET PAYROLL,264,,0.0,not_applicable,banner,,,
RECEPTION OF FOREIGN DIGNITARIES,2023,MISCELLANEOUS ITEMS,264,BANNER ORGANIZATION TOTALS,264,0.0,0.0,ok,banner,,,
RECEPTION OF FOREIGN DIGNITARIES,2024,MISCELLANEOUS ITEMS,265,BANNER NET PAYROLL,265,,0.0,not_applicable,banner,,,
RECEPTION OF FOREIGN DIGNITARIES,2024,MISCELLANEOUS ITEMS,265,BANNER ORGANIZATION TOTALS,265,690.5,0.0,warn,banner,,,banner_only_categories
RECEPTION OF FOREIGN DIGNITARIES,2025,MISCELLANEOUS ITEMS,266,BANNER NET PAYROLL,266,,0.0,not_applicable,banner,,,
RECEPTION OF FOREIGN DIGNITARIES,2025,MISCELLANEOUS ITEMS,266,BANNER ORGANIZATION TOTALS,266,0.0,0.0,ok,banner,,,
RESOLUTION AND REORGANIZATION RESERVE,2021,MISCELLANEOUS ITEMS,267,BANNER NET PAYROLL,267,400000.0,0.0,banner_missing,banner,,,
RESOLUTION AND REORGANIZATION RESERVE,2021,MISCELLANEOUS ITEMS,267,BANNER ORGANIZATION TOTALS,267,400000.0,0.0,warn,banner,,,banner_only_categories
RESOLUTION AND REORGANIZATION RESERVE,2022,MISCELLANEOUS ITEMS,268,BANNER NET PAYROLL,268,,0.0,not_applicable,banner,,,
RESOLUTION AND REORGANIZATION RESERVE,2022,MISCELLANEOUS ITEMS,268,BANNER ORGANIZATION TOTALS,268,0.0,0.0,ok,banner,,,
RESOLUTION AND REORGANIZATION RESERVE,2023,MISCELLANEOUS ITEMS,269,BANNER NET PAYROLL,269,3400000.0,0.0,banner_missing,banner,,,
RESOLUTION AND REORGANIZATION RESERVE,2023,MISCELLANEOUS ITEMS,269,BANNER ORGANIZATION TOTALS,269,3400000.0,0.0,warn,banner,,,banner_only_categories
RESOLUTION AND REORGANIZATION RESERVE,2024,MISCELLANEOUS ITEMS,270,PERSONNEL COMP. FULL-TIME PERMANENT,270,49097.17,49097.17,ok,segment,,,
RESOLUTION AND REORGANIZATION RESERVE,2024,MISCELLANEOUS ITEMS,270,PERSONNEL BENEFITS,270,15585.36,0.0,no_records,segment,,,
RESOLUTION AND REORGANIZATION RESERVE,2024,MISCELLANEOUS ITEMS,270,NET PAYROLL EXPENSES,270,64682.53,64682.53,ok,block_running_total,,,
RESOLUTION AND REORGANIZATION RESERVE,2024,MISCELLANEOUS ITEMS,270,TRAVEL AND TRANSPORTATION OF PERSONS,270,126.96,126.96,ok,segment,,,
RESOLUTION AND REORGANIZATION RESERVE,2024,MISCELLANEOUS ITEMS,270,BANNER NET PAYROLL,270,3764682.53,64682.53,fail,banner,,,fy_boundary_pattern
RESOLUTION AND REORGANIZATION RESERVE,2024,MISCELLANEOUS ITEMS,270,BANNER ORGANIZATION TOTALS,270,3766222.82,64809.49,warn,banner,,,captured_bvb_mismatch
RESOLUTION AND REORGANIZATION RESERVE,2025,MISCELLANEOUS ITEMS,271,PERSONNEL COMP. FULL-TIME PERMANENT,281,6125169.25,6125169.25,ok,segment,,,
RESOLUTION AND REORGANIZATION RESERVE,2025,MISCELLANEOUS ITEMS,271,RE-EMPLOYED ANNUITANTS,281,19262.0,0.0,no_records,segment,,,
RESOLUTION AND REORGANIZATION RESERVE,2025,MISCELLANEOUS ITEMS,271,PERSONNEL BENEFITS,281,2298553.12,0.0,no_records,segment,,,
RESOLUTION AND REORGANIZATION RESERVE,2025,MISCELLANEOUS ITEMS,271,NET PAYROLL EXPENSES,281,8442984.37,8442984.37,ok,block_running_total,,,
RESOLUTION AND REORGANIZATION RESERVE,2025,MISCELLANEOUS ITEMS,271,TRAVEL AND TRANSPORTATION OF PERSONS,281,4047.71,4047.71,ok,segment,,,
RESOLUTION AND REORGANIZATION RESERVE,2025,MISCELLANEOUS ITEMS,271,ACQUISITION OF ASSETS,281,1743.23,1743.23,ok,segment,,,
RESOLUTION AND REORGANIZATION RESERVE,2025,MISCELLANEOUS ITEMS,271,BANNER NET PAYROLL,271,948872.37,8442984.37,fail,banner,,,fy_boundary_pattern
RESOLUTION AND REORGANIZATION RESERVE,2025,MISCELLANEOUS ITEMS,271,BANNER ORGANIZATION TOTALS,271,981240.31,8448775.31,warn,banner,,,captured_bvb_mismatch
NATL SECURITY WORKING GRP-MAJ ADMIN CO-CHAIR (FEINSTEIN),2021,MISCELLANEOUS ITEMS,282,BANNER NET PAYROLL,282,0.0,0.0,banner_missing,banner,,,
NATL SECURITY WORKING GRP-MAJ ADMIN CO-CHAIR (FEINSTEIN),2021,MISCELLANEOUS ITEMS,282,BANNER ORGANIZATION TOTALS,282,0.0,0.0,ok,banner,,,
NATL SECURITY WORKING GRP-MAJ ADMIN CO-CHAIR (FEINSTEIN),2022,MISCELLANEOUS ITEMS,283,BANNER NET PAYROLL,283,0.0,0.0,banner_missing,banner,,,
NATL SECURITY WORKING GRP-MAJ ADMIN CO-CHAIR (FEINSTEIN),2022,MISCELLANEOUS ITEMS,283,BANNER ORGANIZATION TOTALS,283,0.0,0.0,ok,banner,,,
NATL SECURITY WORKING GRP-MAJ ADMIN CO-CHAIR (FEINSTEIN),2023,MISCELLANEOUS ITEMS,284,BANNER NET PAYROLL,284,0.0,0.0,banner_missing,banner,,,
NATL SECURITY WORKING GRP-MAJ ADMIN CO-CHAIR (FEINSTEIN),2023,MISCELLANEOUS ITEMS,284,BANNER ORGANIZATION TOTALS,284,0.0,0.0,ok,banner,,,
NATL SECURITY WORKING GRP-MAJ ADMIN CO-CHAIR (REED),2024,MISCELLANEOUS ITEMS,285,BANNER NET PAYROLL,285,,0.0,not_applicable,banner,,,
NATL SECURITY WORKING GRP-MAJ ADMIN CO-CHAIR (REED),2024,MISCELLANEOUS ITEMS,285,BANNER ORGANIZATION TOTALS,285,0.0,0.0,ok,banner,,,
NATL SECURITY WORKING GRP-MIN ADM. CO- CHAIR (REED),2025,MISCELLANEOUS ITEMS,286,BANNER NET PAYROLL,286,,0.0,not_applicable,banner,,,
NATL SECURITY WORKING GRP-MIN ADM. CO- CHAIR (REED),2025,MISCELLANEOUS ITEMS,286,BANNER ORGANIZATION TOTALS,286,0.0,0.0,ok,banner,,,
NATL SECURITY WORKING GRP-MAJ CO- CHAIR (DURBIN),2021,MISCELLANEOUS ITEMS,287,BANNER NET PAYROLL,287,0.0,0.0,banner_missing,banner,,,
NATL SECURITY WORKING GRP-MAJ CO- CHAIR (DURBIN),2021,MISCELLANEOUS ITEMS,287,BANNER ORGANIZATION TOTALS,287,0.0,0.0,ok,banner,,,
NATL SECURITY WORKING GRP-MAJ CO- CHAIR (DURBIN),2022,MISCELLANEOUS ITEMS,288,BANNER NET PAYROLL,288,0.0,0.0,banner_missing,banner,,,
NATL SECURITY WORKING GRP-MAJ CO- CHAIR (DURBIN),2022,MISCELLANEOUS ITEMS,288,BANNER ORGANIZATION TOTALS,288,0.0,0.0,ok,banner,,,
NATL SECURITY WORKING GRP-MAJ CO- CHAIR (DURBIN),2023,MISCELLANEOUS ITEMS,289,BANNER NET PAYROLL,289,0.0,0.0,banner_missing,banner,,,
NATL SECURITY WORKING GRP-MAJ CO- CHAIR (DURBIN),2023,MISCELLANEOUS ITEMS,289,BANNER ORGANIZATION TOTALS,289,0.0,0.0,ok,banner,,,
NATL SECURITY WORKING GRP-MAJ CO- CHAIR (DURBIN),2024,MISCELLANEOUS ITEMS,290,BANNER NET PAYROLL,290,0.0,0.0,banner_missing,banner,,,
NATL SECURITY WORKING GRP-MAJ CO- CHAIR (DURBIN),2024,MISCELLANEOUS ITEMS,290,BANNER ORGANIZATION TOTALS,290,0.0,0.0,ok,banner,,,
NATL SECURITY WORKING GRP-MIN CO- CHAIR (DURBIN),2025,MISCELLANEOUS ITEMS,291,BANNER NET PAYROLL,291,,0.0,not_applicable,banner,,,
NATL SECURITY WORKING GRP-MIN CO- CHAIR (DURBIN),2025,MISCELLANEOUS ITEMS,291,BANNER ORGANIZATION TOTALS,291,0.0,0.0,ok,banner,,,
NATL SECURITY WORKING GRP-MAJ CO- CHAIR (REED),2021,MISCELLANEOUS ITEMS,292,BANNER NET PAYROLL,292,0.0,0.0,banner_missing,banner,,,
NATL SECURITY WORKING GRP-MAJ CO- CHAIR (REED),2021,MISCELLANEOUS ITEMS,292,BANNER ORGANIZATION TOTALS,292,0.0,0.0,ok,banner,,,
NATL SECURITY WORKING GRP-MAJ CO- CHAIR (REED),2022,MISCELLANEOUS ITEMS,293,BANNER NET PAYROLL,293,0.0,0.0,banner_missing,banner,,,
NATL SECURITY WORKING GRP-MAJ CO- CHAIR (REED),2022,MISCELLANEOUS ITEMS,293,BANNER ORGANIZATION TOTALS,293,0.0,0.0,ok,banner,,,
NATL SECURITY WORKING GRP-MAJ CO- CHAIR (REED),2023,MISCELLANEOUS ITEMS,294,BANNER NET PAYROLL,294,,0.0,not_applicable,banner,,,
NATL SECURITY WORKING GRP-MAJ CO- CHAIR (REED),2023,MISCELLANEOUS ITEMS,294,BANNER ORGANIZATION TOTALS,294,0.0,0.0,ok,banner,,,
NATL SECURITY WORKING GRP-MAJ CO- CHAIR (CARDIN),2024,MISCELLANEOUS ITEMS,295,BANNER NET PAYROLL,295,,0.0,not_applicable,banner,,,
NATL SECURITY WORKING GRP-MAJ CO- CHAIR (CARDIN),2024,MISCELLANEOUS ITEMS,295,BANNER ORGANIZATION TOTALS,295,0.0,0.0,ok,banner,,,
NATL SECURITY WORKING GRP-MIN CO- CHAIR (DUCKWORTH),2025,MISCELLANEOUS ITEMS,296,BANNER NET PAYROLL,296,,0.0,not_applicable,banner,,,
NATL SECURITY WORKING GRP-MIN CO- CHAIR (DUCKWORTH),2025,MISCELLANEOUS ITEMS,296,BANNER ORGANIZATION TOTALS,296,0.0,0.0,ok,banner,,,
NATL SECURITY WORKING GRP-MAJ CO- CHAIR (MENENDEZ),2021,MISCELLANEOUS ITEMS,297,BANNER NET PAYROLL,297,0.0,0.0,banner_missing,banner,,,
NATL SECURITY WORKING GRP-MAJ CO- CHAIR (MENENDEZ),2021,MISCELLANEOUS ITEMS,297,BANNER ORGANIZATION TOTALS,297,0.0,0.0,ok,banner,,,
NATL SECURITY WORKING GRP-MAJ CO- CHAIR (MENENDEZ),2022,MISCELLANEOUS ITEMS,298,BANNER NET PAYROLL,298,0.0,0.0,banner_missing,banner,,,
NATL SECURITY WORKING GRP-MAJ CO- CHAIR (MENENDEZ),2022,MISCELLANEOUS ITEMS,298,BANNER ORGANIZATION TOTALS,298,0.0,0.0,ok,banner,,,
NATL SECURITY WORKING GRP-MAJ CO- CHAIR (MENENDEZ),2023,MISCELLANEOUS ITEMS,299,BANNER NET PAYROLL,299,,0.0,not_applicable,banner,,,
NATL SECURITY WORKING GRP-MAJ CO- CHAIR (MENENDEZ),2023,MISCELLANEOUS ITEMS,299,BANNER ORGANIZATION TOTALS,299,0.0,0.0,ok,banner,,,
NATL SECURITY WORKING GRP-MAJ CO- CHAIR (MENENDEZ),2024,MISCELLANEOUS ITEMS,300,BANNER NET PAYROLL,300,,0.0,not_applicable,banner,,,
NATL SECURITY WORKING GRP-MAJ CO- CHAIR (MENENDEZ),2024,MISCELLANEOUS ITEMS,300,BANNER ORGANIZATION TOTALS,300,0.0,0.0,ok,banner,,,
NATL SECURITY WORKING GRP-MAJ LEADER (SCHUMER),2021,MISCELLANEOUS ITEMS,301,BANNER NET PAYROLL,301,0.0,0.0,banner_missing,banner,,,
NATL SECURITY WORKING GRP-MAJ LEADER (SCHUMER),2021,MISCELLANEOUS ITEMS,301,BANNER ORGANIZATION TOTALS,301,0.0,0.0,ok,banner,,,
NATL SECURITY WORKING GRP-MAJ LEADER (SCHUMER),2022,MISCELLANEOUS ITEMS,302,BANNER NET PAYROLL,302,0.0,0.0,banner_missing,banner,,,
NATL SECURITY WORKING GRP-MAJ LEADER (SCHUMER),2022,MISCELLANEOUS ITEMS,302,BANNER ORGANIZATION TOTALS,302,0.0,0.0,ok,banner,,,
NATL SECURITY WORKING GRP-MAJ LEADER (SCHUMER),2023,MISCELLANEOUS ITEMS,303,BANNER NET PAYROLL,303,0.0,0.0,banner_missing,banner,,,
NATL SECURITY WORKING GRP-MAJ LEADER (SCHUMER),2023,MISCELLANEOUS ITEMS,303,BANNER ORGANIZATION TOTALS,303,0.0,0.0,ok,banner,,,
NATL SECURITY WORKING GRP-MAJ LEADER (SCHUMER),2024,MISCELLANEOUS ITEMS,304,BANNER NET PAYROLL,304,0.0,0.0,banner_missing,banner,,,
NATL SECURITY WORKING GRP-MAJ LEADER (SCHUMER),2024,MISCELLANEOUS ITEMS,304,BANNER ORGANIZATION TOTALS,304,0.0,0.0,ok,banner,,,
NATL SECURITY WORKING GRP-MIN LEADER (SCHUMER),2025,MISCELLANEOUS ITEMS,305,BANNER NET PAYROLL,305,,0.0,not_applicable,banner,,,
NATL SECURITY WORKING GRP-MIN LEADER (SCHUMER),2025,MISCELLANEOUS ITEMS,305,BANNER ORGANIZATION TOTALS,305,0.0,0.0,ok,banner,,,
NATL SECURITY WORKING GRP-MIN ADM. CO- CHAIR (CORNYN),2021,MISCELLANEOUS ITEMS,306,BANNER NET PAYROLL,306,0.0,0.0,banner_missing,banner,,,
NATL SECURITY WORKING GRP-MIN ADM. CO- CHAIR (CORNYN),2021,MISCELLANEOUS ITEMS,306,BANNER ORGANIZATION TOTALS,306,0.0,0.0,ok,banner,,,
NATL SECURITY WORKING GRP-MIN ADM. CO- CHAIR (CORNYN),2022,MISCELLANEOUS ITEMS,307,BANNER NET PAYROLL,307,0.0,0.0,banner_missing,banner,,,
NATL SECURITY WORKING GRP-MIN ADM. CO- CHAIR (CORNYN),2022,MISCELLANEOUS ITEMS,307,BANNER ORGANIZATION TOTALS,307,0.0,0.0,ok,banner,,,
NATL SECURITY WORKING GRP-MIN ADM. CO- CHAIR (CORNYN),2023,MISCELLANEOUS ITEMS,308,BANNER NET PAYROLL,308,0.0,0.0,banner_missing,banner,,,
NATL SECURITY WORKING GRP-MIN ADM. CO- CHAIR (CORNYN),2023,MISCELLANEOUS ITEMS,308,BANNER ORGANIZATION TOTALS,308,0.0,0.0,ok,banner,,,
NATL SECURITY WORKING GRP-MIN ADM. CO- CHAIR (CORNYN),2024,MISCELLANEOUS ITEMS,309,BANNER NET PAYROLL,309,0.0,0.0,banner_missing,banner,,,
NATL SECURITY WORKING GRP-MIN ADM. CO- CHAIR (CORNYN),2024,MISCELLANEOUS ITEMS,309,BANNER ORGANIZATION TOTALS,309,0.0,0.0,ok,banner,,,
NATL SECURITY WORKING GRP-MAJ ADM. CO- CHAIR (FISCHER),2025,MISCELLANEOUS ITEMS,310,BANNER NET PAYROLL,310,,0.0,not_applicable,banner,,,
NATL SECURITY WORKING GRP-MAJ ADM. CO- CHAIR (FISCHER),2025,MISCELLANEOUS ITEMS,310,BANNER ORGANIZATION TOTALS,310,0.0,0.0,ok,banner,,,
NATL SECURITY WORKING GRP-MIN CO- CHAIR (FISCHER),2021,MISCELLANEOUS ITEMS,311,BANNER NET PAYROLL,311,0.0,0.0,banner_missing,banner,,,
NATL SECURITY WORKING GRP-MIN CO- CHAIR (FISCHER),2021,MISCELLANEOUS ITEMS,311,BANNER ORGANIZATION TOTALS,311,0.0,0.0,ok,banner,,,
NATL SECURITY WORKING GRP-MIN CO- CHAIR (FISCHER),2022,MISCELLANEOUS ITEMS,312,BANNER NET PAYROLL,312,0.0,0.0,banner_missing,banner,,,
NATL SECURITY WORKING GRP-MIN CO- CHAIR (FISCHER),2022,MISCELLANEOUS ITEMS,312,BANNER ORGANIZATION TOTALS,312,0.0,0.0,ok,banner,,,
NATL SECURITY WORKING GRP-MIN CO- CHAIR (FISCHER),2023,MISCELLANEOUS ITEMS,313,BANNER NET PAYROLL,313,,0.0,not_applicable,banner,,,
NATL SECURITY WORKING GRP-MIN CO- CHAIR (FISCHER),2023,MISCELLANEOUS ITEMS,313,BANNER ORGANIZATION TOTALS,313,0.0,0.0,ok,banner,,,
NATL SECURITY WORKING GRP-MIN CO- CHAIR (FISCHER),2024,MISCELLANEOUS ITEMS,314,BANNER NET PAYROLL,314,0.0,0.0,banner_missing,banner,,,
NATL SECURITY WORKING GRP-MIN CO- CHAIR (FISCHER),2024,MISCELLANEOUS ITEMS,314,BANNER ORGANIZATION TOTALS,314,0.0,0.0,ok,banner,,,
NATL SECURITY WORKING GRP-MAJ CO- CHAIR (ERNST),2025,MISCELLANEOUS ITEMS,315,BANNER NET PAYROLL,315,,0.0,not_applicable,banner,,,
NATL SECURITY WORKING GRP-MAJ CO- CHAIR (ERNST),2025,MISCELLANEOUS ITEMS,315,BANNER ORGANIZATION TOTALS,315,0.0,0.0,ok,banner,,,
NATL SECURITY WORKING GRP-MAJ CO- CHAIR (HAGERTY),2025,MISCELLANEOUS ITEMS,316,BANNER NET PAYROLL,316,,0.0,not_applicable,banner,,,
NATL SECURITY WORKING GRP-MAJ CO- CHAIR (HAGERTY),2025,MISCELLANEOUS ITEMS,316,BANNER ORGANIZATION TOTALS,316,0.0,0.0,ok,banner,,,
NATL SECURITY WORKING GRP-MIN CO- CHAIR (SASSE),2021,MISCELLANEOUS ITEMS,317,BANNER NET PAYROLL,317,0.0,0.0,banner_missing,banner,,,
NATL SECURITY WORKING GRP-MIN CO- CHAIR (SASSE),2021,MISCELLANEOUS ITEMS,317,BANNER ORGANIZATION TOTALS,317,0.0,0.0,ok,banner,,,
NATL SECURITY WORKING GRP-MIN CO- CHAIR (SASSE),2022,MISCELLANEOUS ITEMS,318,BANNER NET PAYROLL,318,0.0,0.0,banner_missing,banner,,,
NATL SECURITY WORKING GRP-MIN CO- CHAIR (SASSE),2022,MISCELLANEOUS ITEMS,318,BANNER ORGANIZATION TOTALS,318,0.0,0.0,ok,banner,,,
NATL SECURITY WORKING GRP-MIN CO- CHAIR (SASSE),2023,MISCELLANEOUS ITEMS,319,BANNER NET PAYROLL,319,,0.0,not_applicable,banner,,,
NATL SECURITY WORKING GRP-MIN CO- CHAIR (SASSE),2023,MISCELLANEOUS ITEMS,319,BANNER ORGANIZATION TOTALS,319,0.0,0.0,ok,banner,,,
NATL SECURITY WORKING GRP-MIN CO- CHAIR (LANKFORD),2024,MISCELLANEOUS ITEMS,320,BANNER NET PAYROLL,320,0.0,0.0,banner_missing,banner,,,
NATL SECURITY WORKING GRP-MIN CO- CHAIR (LANKFORD),2024,MISCELLANEOUS ITEMS,320,BANNER ORGANIZATION TOTALS,320,0.0,0.0,ok,banner,,,
NATL SECURITY WORKING GRP-MAJ CO- CHAIR (LANKFORD),2025,MISCELLANEOUS ITEMS,321,BANNER NET PAYROLL,321,,0.0,not_applicable,banner,,,
NATL SECURITY WORKING GRP-MAJ CO- CHAIR (LANKFORD),2025,MISCELLANEOUS ITEMS,321,BANNER ORGANIZATION TOTALS,321,0.0,0.0,ok,banner,,,
NATL SECURITY WORKING GRP-MIN LEADER (MCCONNELL),2021,MISCELLANEOUS ITEMS,322,BANNER NET PAYROLL,322,,0.0,not_applicable,banner,,,
NATL SECURITY WORKING GRP-MIN LEADER (MCCONNELL),2021,MISCELLANEOUS ITEMS,322,BANNER ORGANIZATION TOTALS,322,0.0,0.0,ok,banner,,,
NATL SECURITY WORKING GRP-MIN LEADER (MCCONNELL),2022,MISCELLANEOUS ITEMS,323,BANNER NET PAYROLL,323,,0.0,not_applicable,banner,,,
NATL SECURITY WORKING GRP-MIN LEADER (MCCONNELL),2022,MISCELLANEOUS ITEMS,323,BANNER ORGANIZATION TOTALS,323,0.0,0.0,ok,banner,,,
NATL SECURITY WORKING GRP-MIN LEADER (MCCONNELL),2023,MISCELLANEOUS ITEMS,324,BANNER NET PAYROLL,324,,0.0,not_applicable,banner,,,
NATL SECURITY WORKING GRP-MIN LEADER (MCCONNELL),2023,MISCELLANEOUS ITEMS,324,BANNER ORGANIZATION TOTALS,324,0.0,0.0,ok,banner,,,
NATL SECURITY WORKING GRP-MIN LEADER (MCCONNELL),2024,MISCELLANEOUS ITEMS,325,BANNER NET PAYROLL,325,,0.0,not_applicable,banner,,,
NATL SECURITY WORKING GRP-MIN LEADER (MCCONNELL),2024,MISCELLANEOUS ITEMS,325,BANNER ORGANIZATION TOTALS,325,0.0,0.0,ok,banner,,,
NATL SECURITY WORKING GRP-MAJ LEADER (THUNE),2025,MISCELLANEOUS ITEMS,326,BANNER NET PAYROLL,326,,0.0,not_applicable,banner,,,
NATL SECURITY WORKING GRP-MAJ LEADER (THUNE),2025,MISCELLANEOUS ITEMS,326,BANNER ORGANIZATION TOTALS,326,0.0,0.0,ok,banner,,,
STATIONERY,2021,MISCELLANEOUS ITEMS,327,BANNER NET PAYROLL,327,,0.0,not_applicable,banner,,,
STATIONERY,2021,MISCELLANEOUS ITEMS,327,BANNER ORGANIZATION TOTALS,327,0.0,0.0,ok,banner,,,
STATIONERY,2022,MISCELLANEOUS ITEMS,328,BANNER NET PAYROLL,328,,0.0,not_applicable,banner,,,
STATIONERY,2022,MISCELLANEOUS ITEMS,328,BANNER ORGANIZATION TOTALS,328,0.0,0.0,ok,banner,,,
STATIONERY,2023,MISCELLANEOUS ITEMS,329,BANNER NET PAYROLL,329,,0.0,not_applicable,banner,,,
STATIONERY,2023,MISCELLANEOUS ITEMS,329,BANNER ORGANIZATION TOTALS,329,0.0,0.0,ok,banner,,,
STATIONERY,2024,MISCELLANEOUS ITEMS,330,BANNER NET PAYROLL,330,,0.0,not_applicable,banner,,,
STATIONERY,2024,MISCELLANEOUS ITEMS,330,BANNER ORGANIZATION TOTALS,330,647.05,0.0,warn,banner,,,banner_only_categories
STATIONERY,2025,MISCELLANEOUS ITEMS,331,BANNER NET PAYROLL,331,,0.0,not_applicable,banner,,,
STATIONERY,2025,MISCELLANEOUS ITEMS,331,BANNER ORGANIZATION TOTALS,331,4230.12,0.0,warn,banner,,,banner_only_categories
MISC ITEMS - STUDENT LOANS,2021,MISCELLANEOUS ITEMS,332,BANNER NET PAYROLL,332,0.0,0.0,banner_missing,banner,,,
MISC ITEMS - STUDENT LOANS,2021,MISCELLANEOUS ITEMS,332,BANNER ORGANIZATION TOTALS,332,0.0,0.0,ok,banner,,,
MISC ITEMS - STUDENT LOANS,2022,MISCELLANEOUS ITEMS,333,BANNER NET PAYROLL,333,900.0,0.0,banner_missing,banner,,,
MISC ITEMS - STUDENT LOANS,2022,MISCELLANEOUS ITEMS,333,BANNER ORGANIZATION TOTALS,333,900.0,0.0,warn,banner,,,banner_only_categories
MISC ITEMS - STUDENT LOANS,2023,MISCELLANEOUS ITEMS,334,BANNER NET PAYROLL,334,144.48,0.0,banner_missing,banner,,,
MISC ITEMS - STUDENT LOANS,2023,MISCELLANEOUS ITEMS,334,BANNER ORGANIZATION TOTALS,334,144.48,0.0,warn,banner,,,banner_only_categories
MISC ITEMS - STUDENT LOANS,2024,MISCELLANEOUS ITEMS,335,BANNER NET PAYROLL,335,10218.1,0.0,banner_missing,banner,,,
MISC ITEMS - STUDENT LOANS,2024,MISCELLANEOUS ITEMS,335,BANNER ORGANIZATION TOTALS,335,10218.1,0.0,warn,banner,,,banner_only_categories
MISC ITEMS - STUDENT LOANS,2025,MISCELLANEOUS ITEMS,336,PERSONNEL COMP. FULL-TIME PERMANENT,336,122.1,0.0,zero_records,segment,,,
MISC ITEMS - STUDENT LOANS,2025,MISCELLANEOUS ITEMS,336,PERSONNEL BENEFITS,336,4052903.11,0.0,no_records,segment,,,
MISC ITEMS - STUDENT LOANS,2025,MISCELLANEOUS ITEMS,336,NET PAYROLL EXPENSES,336,4053025.21,4052903.11,fail,block_running_total,,,
MISC ITEMS - STUDENT LOANS,2025,MISCELLANEOUS ITEMS,336,BANNER NET PAYROLL,336,4053025.21,4053025.21,ok,banner,,,
MISC ITEMS - STUDENT LOANS,2025,MISCELLANEOUS ITEMS,336,BANNER ORGANIZATION TOTALS,336,4053025.21,4052903.11,fail,banner,,,
CARES ACT EMERG. APPROP. P.L. 116-136,,MISCELLANEOUS ITEMS,337,BANNER NET PAYROLL,337,0.0,0.0,banner_missing,banner,,,
CARES ACT EMERG. APPROP. P.L. 116-136,,MISCELLANEOUS ITEMS,337,BANNER ORGANIZATION TOTALS,337,0.0,0.0,ok,banner,,,
EMERGENCY APPROPRIATION PUBLIC LAW 109-13,,MISCELLANEOUS ITEMS,338,BANNER NET PAYROLL,338,791009.93,0.0,banner_missing,banner,,,
EMERGENCY APPROPRIATION PUBLIC LAW 109-13,,MISCELLANEOUS ITEMS,338,BANNER ORGANIZATION TOTALS,338,693359.52,0.0,warn,banner,,,banner_only_categories
SECRETARY - SENATE INFORMATION SERVICES (SIS),2019,SECRETARY OF THE SENATE,339,BANNER NET PAYROLL,339,,0.0,not_applicable,banner,,,
SECRETARY - SENATE INFORMATION SERVICES (SIS),2019,SECRETARY OF THE SENATE,339,BANNER ORGANIZATION TOTALS,339,0.0,0.0,ok,banner,,,
SECRETARY - SENATE INFORMATION SERVICES (SIS),2020,SECRETARY OF THE SENATE,340,BANNER NET PAYROLL,340,,0.0,not_applicable,banner,,,
SECRETARY - SENATE INFORMATION SERVICES (SIS),2020,SECRETARY OF THE SENATE,340,BANNER ORGANIZATION TOTALS,340,0.0,0.0,ok,banner,,,
SECRETARY - SENATE INFORMATION SERVICES (SIS),2021,SECRETARY OF THE SENATE,341,BANNER NET PAYROLL,341,,0.0,not_applicable,banner,,,
SECRETARY - SENATE INFORMATION SERVICES (SIS),2021,SECRETARY OF THE SENATE,341,BANNER ORGANIZATION TOTALS,341,0.0,0.0,ok,banner,,,
SECRETARY - SENATE INFORMATION SERVICES (SIS),2022,SECRETARY OF THE SENATE,342,BANNER NET PAYROLL,342,,0.0,not_applicable,banner,,,
SECRETARY - SENATE INFORMATION SERVICES (SIS),2022,SECRETARY OF THE SENATE,342,BANNER ORGANIZATION TOTALS,342,0.0,0.0,ok,banner,,,
SECRETARY - SENATE INFORMATION SERVICES (SIS),2023,SECRETARY OF THE SENATE,343,BANNER NET PAYROLL,343,,0.0,not_applicable,banner,,,
SECRETARY - SENATE INFORMATION SERVICES (SIS),2023,SECRETARY OF THE SENATE,343,BANNER ORGANIZATION TOTALS,343,10564.38,0.0,warn,banner,,,banner_only_categories
SECRETARY - SENATE INFORMATION SERVICES (SIS),2024,SECRETARY OF THE SENATE,344,BANNER NET PAYROLL,344,,0.0,not_applicable,banner,,,
SECRETARY - SENATE INFORMATION SERVICES (SIS),2024,SECRETARY OF THE SENATE,344,BANNER ORGANIZATION TOTALS,344,2213995.71,0.0,warn,banner,,,banner_only_categories
SECRETARY - SENATE INFORMATION SERVICES (SIS),2025,SECRETARY OF THE SENATE,345,BANNER NET PAYROLL,345,,0.0,not_applicable,banner,,,
SECRETARY - SENATE INFORMATION SERVICES (SIS),2025,SECRETARY OF THE SENATE,345,BANNER ORGANIZATION TOTALS,345,869751.49,0.0,warn,banner,,,banner_only_categories
SECRETARY OF THE SENATE,2019,SECRETARY OF THE SENATE,346,BANNER NET PAYROLL,346,0.0,0.0,banner_missing,banner,,,
SECRETARY OF THE SENATE,2019,SECRETARY OF THE SENATE,346,BANNER ORGANIZATION TOTALS,346,0.0,0.0,ok,banner,,,
SECRETARY OF THE SENATE,2020,SECRETARY OF THE SENATE,347,BANNER NET PAYROLL,347,0.0,0.0,banner_missing,banner,,,
SECRETARY OF THE SENATE,2020,SECRETARY OF THE SENATE,347,BANNER ORGANIZATION TOTALS,347,0.0,0.0,ok,banner,,,
SECRETARY OF THE SENATE,2021,SECRETARY OF THE SENATE,348,OTHER CONTRACTUAL SERVICES,348,2713.88,2713.88,ok,segment,,,
SECRETARY OF THE SENATE,2021,SECRETARY OF THE SENATE,348,BANNER NET PAYROLL,348,0.0,0.0,banner_missing,banner,,,
SECRETARY OF THE SENATE,2021,SECRETARY OF THE SENATE,348,BANNER ORGANIZATION TOTALS,348,3762.83,2713.88,warn,banner,,,banner_only_categories
SECRETARY OF THE SENATE,2022,SECRETARY OF THE SENATE,349,BANNER NET PAYROLL,349,0.0,0.0,banner_missing,banner,,,
SECRETARY OF THE SENATE,2022,SECRETARY OF THE SENATE,349,BANNER ORGANIZATION TOTALS,349,32.85,0.0,warn,banner,,,banner_only_categories
SECRETARY OF THE SENATE,2023,SECRETARY OF THE SENATE,350,TRAVEL AND TRANSPORTATION OF PERSONS,350,250.45,250.45,ok,segment,,,
SECRETARY OF THE SENATE,2023,SECRETARY OF THE SENATE,350,OTHER CONTRACTUAL SERVICES,350,47997.17,47997.17,ok,segment,,,
SECRETARY OF THE SENATE,2023,SECRETARY OF THE SENATE,350,ACQUISITION OF ASSETS,351,11670.0,11670.0,ok,segment,,,
SECRETARY OF THE SENATE,2023,SECRETARY OF THE SENATE,350,BANNER NET PAYROLL,350,0.0,0.0,banner_missing,banner,,,
SECRETARY OF THE SENATE,2023,SECRETARY OF THE SENATE,350,BANNER ORGANIZATION TOTALS,350,102908.83,59917.62,warn,banner,,,banner_only_categories
SECRETARY OF THE SENATE,2024,SECRETARY OF THE SENATE,352,PERSONNEL BENEFITS,352,12675.75,0.0,no_records,segment,,,
SECRETARY OF THE SENATE,2024,SECRETARY OF THE SENATE,352,NET PAYROLL EXPENSES,352,12675.75,12675.75,ok,block_running_total,,,
SECRETARY OF THE SENATE,2024,SECRETARY OF THE SENATE,352,TRAVEL AND TRANSPORTATION OF PERSONS,352,9.95,9.95,ok,segment,,,
SECRETARY OF THE SENATE,2024,SECRETARY OF THE SENATE,352,OTHER CONTRACTUAL SERVICES,353,9214.5,9214.5,ok,segment,,,
SECRETARY OF THE SENATE,2024,SECRETARY OF THE SENATE,352,ACQUISITION OF ASSETS,353,12242.98,12242.98,ok,segment,,,
SECRETARY OF THE SENATE,2024,SECRETARY OF THE SENATE,352,BANNER NET PAYROLL,352,12675.75,12675.75,ok,banner,,,
SECRETARY OF THE SENATE,2024,SECRETARY OF THE SENATE,352,BANNER ORGANIZATION TOTALS,352,114881.97,34143.18,fail,banner,,,
SECRETARY OF THE SENATE,2025,SECRETARY OF THE SENATE,354,PERSONNEL COMP. FULL-TIME PERMANENT,354,80979.0,80979.0,ok,segment,,,
SECRETARY OF THE SENATE,2025,SECRETARY OF THE SENATE,354,PERSONNEL BENEFITS,354,71462.75,0.0,no_records,segment,,,
SECRETARY OF THE SENATE,2025,SECRETARY OF THE SENATE,354,NET PAYROLL EXPENSES,354,152441.75,152441.75,ok,block_running_total,,,
SECRETARY OF THE SENATE,2025,SECRETARY OF THE SENATE,354,TRAVEL AND TRANSPORTATION OF PERSONS,355,1970.68,1970.68,ok,segment,,,
SECRETARY OF THE SENATE,2025,SECRETARY OF THE SENATE,354,OTHER CONTRACTUAL SERVICES,356,38122.31,38122.31,ok,segment,,,
SECRETARY OF THE SENATE,2025,SECRETARY OF THE SENATE,354,ACQUISITION OF ASSETS,356,3552.7,3552.7,ok,segment,,,
SECRETARY OF THE SENATE,2025,SECRETARY OF THE SENATE,354,BANNER NET PAYROLL,354,152441.75,152441.75,ok,banner,,,
SECRETARY OF THE SENATE,2025,SECRETARY OF THE SENATE,354,BANNER ORGANIZATION TOTALS,354,221359.53,196087.44,fail,banner,,,
SECRETARY - BUST THURGOOD MARSHALL,2024,SECRETARY OF THE SENATE,357,BANNER NET PAYROLL,357,,0.0,not_applicable,banner,,,
SECRETARY - BUST THURGOOD MARSHALL,2024,SECRETARY OF THE SENATE,357,BANNER ORGANIZATION TOTALS,357,0.0,0.0,ok,banner,,,
SECRETARY - BUST THURGOOD MARSHALL,2025,SECRETARY OF THE SENATE,358,BANNER NET PAYROLL,358,,0.0,not_applicable,banner,,,
SECRETARY - BUST THURGOOD MARSHALL,2025,SECRETARY OF THE SENATE,358,BANNER ORGANIZATION TOTALS,358,0.0,0.0,ok,banner,,,
SECRETARY - FINANCIAL SYSTEM MODERNIZATION,2022,SECRETARY OF THE SENATE,359,BANNER NET PAYROLL,359,,0.0,not_applicable,banner,,,
SECRETARY - FINANCIAL SYSTEM MODERNIZATION,2022,SECRETARY OF THE SENATE,359,BANNER ORGANIZATION TOTALS,359,0.0,0.0,ok,banner,,,
SECRETARY - FINANCIAL SYSTEM MODERNIZATION,2023,SECRETARY OF THE SENATE,360,OTHER CONTRACTUAL SERVICES,360,78066.99,78066.99,ok,segment,,,
SECRETARY - FINANCIAL SYSTEM MODERNIZATION,2023,SECRETARY OF THE SENATE,360,BANNER NET PAYROLL,360,,0.0,not_applicable,banner,,,
SECRETARY - FINANCIAL SYSTEM MODERNIZATION,2023,SECRETARY OF THE SENATE,360,BANNER ORGANIZATION TOTALS,360,78066.99,78066.99,ok,banner,,,
SECRETARY - FINANCIAL SYSTEM MODERNIZATION,2024,SECRETARY OF THE SENATE,361,OTHER CONTRACTUAL SERVICES,361,1328057.59,1328057.59,ok,segment,,,
SECRETARY - FINANCIAL SYSTEM MODERNIZATION,2024,SECRETARY OF THE SENATE,361,BANNER NET PAYROLL,361,,0.0,not_applicable,banner,,,
SECRETARY - FINANCIAL SYSTEM MODERNIZATION,2024,SECRETARY OF THE SENATE,361,BANNER ORGANIZATION TOTALS,361,1328057.59,1328057.59,ok,banner,,,
SECRETARY - FINANCIAL SYSTEM MODERNIZATION,2025,SECRETARY OF THE SENATE,362,OTHER CONTRACTUAL SERVICES,362,360770.91,360770.91,ok,segment,,,
SECRETARY - FINANCIAL SYSTEM MODERNIZATION,2025,SECRETARY OF THE SENATE,362,ACQUISITION OF ASSETS,362,17893.47,17893.47,ok,segment,,,
SECRETARY - FINANCIAL SYSTEM MODERNIZATION,2025,SECRETARY OF THE SENATE,362,BANNER NET PAYROLL,362,,0.0,not_applicable,banner,,,
SECRETARY - FINANCIAL SYSTEM MODERNIZATION,2025,SECRETARY OF THE SENATE,362,BANNER ORGANIZATION TOTALS,362,378664.38,378664.38,ok,banner,,,
SECRETARY OF THE SENATE - OPERATING EXPENSES,,SECRETARY OF THE SENATE,363,BANNER NET PAYROLL,363,,0.0,not_applicable,banner,,,
SECRETARY OF THE SENATE - OPERATING EXPENSES,,SECRETARY OF THE SENATE,363,BANNER ORGANIZATION TOTALS,363,0.0,0.0,ok,banner,,,
SECRETARY OF THE SENATE - (LIS PROJECT),,SECRETARY OF THE SENATE,364,OTHER CONTRACTUAL SERVICES,364,41594.8,41594.8,ok,segment,,,
SECRETARY OF THE SENATE - (LIS PROJECT),,SECRETARY OF THE SENATE,364,BANNER NET PAYROLL,364,,0.0,not_applicable,banner,,,
SECRETARY OF THE SENATE - (LIS PROJECT),,SECRETARY OF THE SENATE,364,BANNER ORGANIZATION TOTALS,364,41594.8,41594.8,ok,banner,,,
SECRETARY - EMRGCY APPROPS FOR TERR RESPONSE,,SECRETARY OF THE SENATE,365,BANNER NET PAYROLL,365,,0.0,not_applicable,banner,,,
SECRETARY - EMRGCY APPROPS FOR TERR RESPONSE,,SECRETARY OF THE SENATE,365,BANNER ORGANIZATION TOTALS,365,0.0,0.0,ok,banner,,,
SECRETARY - FINANCIAL SYSTEM MODERNIZATION,,SECRETARY OF THE SENATE,366,OTHER CONTRACTUAL SERVICES,366,2124450.79,2124450.79,ok,segment,,,
SECRETARY - FINANCIAL SYSTEM MODERNIZATION,,SECRETARY OF THE SENATE,366,BANNER NET PAYROLL,366,,0.0,not_applicable,banner,,,
SECRETARY - FINANCIAL SYSTEM MODERNIZATION,,SECRETARY OF THE SENATE,366,BANNER ORGANIZATION TOTALS,366,2124450.79,2124450.79,ok,banner,,,
SECRETARY - SENATE COLLECTION,,SECRETARY OF THE SENATE,367,OTHER CONTRACTUAL SERVICES,368,228032.05,228032.05,ok,segment,,,
SECRETARY - SENATE COLLECTION,,SECRETARY OF THE SENATE,367,BANNER NET PAYROLL,367,,0.0,not_applicable,banner,,,
SECRETARY - SENATE COLLECTION,,SECRETARY OF THE SENATE,367,BANNER ORGANIZATION TOTALS,367,286830.3,228032.05,warn,banner,,,banner_only_categories
SECRETARY - PRESERVING/ARCHIVING SENATORS RECORDS,,SECRETARY OF THE SENATE,369,OTHER CONTRACTUAL SERVICES,369,821673.73,821673.73,ok,segment,,,
SECRETARY - PRESERVING/ARCHIVING SENATORS RECORDS,,SECRETARY OF THE SENATE,369,BANNER NET PAYROLL,369,,0.0,not_applicable,banner,,,
SECRETARY - PRESERVING/ARCHIVING SENATORS RECORDS,,SECRETARY OF THE SENATE,369,BANNER ORGANIZATION TOTALS,369,821673.73,821673.73,ok,banner,,,
SERGEANT AT ARMS AND DOORKEEPER OF THE SENATE,2019,SERGEANT AT ARMS AND DOORKEEPER,370,OTHER CONTRACTUAL SERVICES,370,432216.0,432216.0,ok,segment,,,
SERGEANT AT ARMS AND DOORKEEPER OF THE SENATE,2019,SERGEANT AT ARMS AND DOORKEEPER,370,BANNER NET PAYROLL,370,0.0,0.0,banner_missing,banner,,,
SERGEANT AT ARMS AND DOORKEEPER OF THE SENATE,2019,SERGEANT AT ARMS AND DOORKEEPER,370,BANNER ORGANIZATION TOTALS,370,432216.0,432216.0,ok,banner,,,
SERGEANT AT ARMS AND DOORKEEPER OF THE SENATE,2020,SERGEANT AT ARMS AND DOORKEEPER,371,OTHER CONTRACTUAL SERVICES,371,1155549.61,1155549.61,ok,segment,,,
SERGEANT AT ARMS AND DOORKEEPER OF THE SENATE,2020,SERGEANT AT ARMS AND DOORKEEPER,371,ACQUISITION OF ASSETS,372,5091666.14,5091666.14,ok,segment,,,
SERGEANT AT ARMS AND DOORKEEPER OF THE SENATE,2020,SERGEANT AT ARMS AND DOORKEEPER,371,BANNER NET PAYROLL,371,0.0,0.0,banner_missing,banner,,,
SERGEANT AT ARMS AND DOORKEEPER OF THE SENATE,2020,SERGEANT AT ARMS AND DOORKEEPER,371,BANNER ORGANIZATION TOTALS,371,6248264.1,6247215.75,warn,banner,,,banner_only_categories
SERGEANT AT ARMS AND DOORKEEPER OF THE SENATE,2021,SERGEANT AT ARMS AND DOORKEEPER,373,PERSONNEL BENEFITS,373,104884.15,0.0,no_records,segment,,,
SERGEANT AT ARMS AND DOORKEEPER OF THE SENATE,2021,SERGEANT AT ARMS AND DOORKEEPER,373,NET PAYROLL EXPENSES,373,104884.15,104884.15,ok,block_running_total,,,
SERGEANT AT ARMS AND DOORKEEPER OF THE SENATE,2021,SERGEANT AT ARMS AND DOORKEEPER,373,OTHER CONTRACTUAL SERVICES,374,3507091.91,3507091.91,ok,segment,,,
SERGEANT AT ARMS AND DOORKEEPER OF THE SENATE,2021,SERGEANT AT ARMS AND DOORKEEPER,373,ACQUISITION OF ASSETS,375,5588928.25,5588928.25,ok,segment,,,
SERGEANT AT ARMS AND DOORKEEPER OF THE SENATE,2021,SERGEANT AT ARMS AND DOORKEEPER,373,BANNER NET PAYROLL,373,104884.15,104884.15,ok,banner,,,
SERGEANT AT ARMS AND DOORKEEPER OF THE SENATE,2021,SERGEANT AT ARMS AND DOORKEEPER,373,BANNER ORGANIZATION TOTALS,373,9298467.47,9200904.31,warn,banner,,,banner_only_categories
SERGEANT AT ARMS AND DOORKEEPER OF THE SENATE,2021,SERGEANT AT ARMS AND DOORKEEPER,376,BANNER NET PAYROLL,376,,0.0,not_applicable,banner,,,
SERGEANT AT ARMS AND DOORKEEPER OF THE SENATE,2021,SERGEANT AT ARMS AND DOORKEEPER,376,BANNER ORGANIZATION TOTALS,376,0.0,0.0,ok,banner,,,
SERGEANT AT ARMS AND DOORKEEPER OF THE SENATE,2022,SERGEANT AT ARMS AND DOORKEEPER,377,TRAVEL AND TRANSPORTATION OF PERSONS,377,3865.45,3865.45,ok,segment,,,
SERGEANT AT ARMS AND DOORKEEPER OF THE SENATE,2022,SERGEANT AT ARMS AND DOORKEEPER,377,OTHER CONTRACTUAL SERVICES,378,1533586.15,1533586.15,ok,segment,,,
SERGEANT AT ARMS AND DOORKEEPER OF THE SENATE,2022,SERGEANT AT ARMS AND DOORKEEPER,377,ACQUISITION OF ASSETS,379,3436692.37,3436692.37,ok,segment,,,
SERGEANT AT ARMS AND DOORKEEPER OF THE SENATE,2022,SERGEANT AT ARMS AND DOORKEEPER,377,BANNER NET PAYROLL,377,0.0,0.0,banner_missing,banner,,,
SERGEANT AT ARMS AND DOORKEEPER OF THE SENATE,2022,SERGEANT AT ARMS AND DOORKEEPER,377,BANNER ORGANIZATION TOTALS,377,5681832.79,4974143.97,warn,banner,,,banner_only_categories
SERGEANT AT ARMS AND DOORKEEPER OF THE SENATE,2023,SERGEANT AT ARMS AND DOORKEEPER,380,BANNER NET PAYROLL,380,,0.0,not_applicable,banner,,,
SERGEANT AT ARMS AND DOORKEEPER OF THE SENATE,2023,SERGEANT AT ARMS AND DOORKEEPER,380,BANNER ORGANIZATION TOTALS,380,0.0,0.0,ok,banner,,,
SERGEANT AT ARMS AND DOORKEEPER OF THE SENATE,2023,SERGEANT AT ARMS AND DOORKEEPER,381,PERSONNEL BENEFITS,381,47740.05,0.0,no_records,segment,,,
SERGEANT AT ARMS AND DOORKEEPER OF THE SENATE,2023,SERGEANT AT ARMS AND DOORKEEPER,381,NET PAYROLL EXPENSES,381,47740.05,47740.05,ok,block_running_total,,,
SERGEANT AT ARMS AND DOORKEEPER OF THE SENATE,2023,SERGEANT AT ARMS AND DOORKEEPER,381,OTHER CONTRACTUAL SERVICES,386,3644146.06,3644146.06,ok,segment,,,
SERGEANT AT ARMS AND DOORKEEPER OF THE SENATE,2023,SERGEANT AT ARMS AND DOORKEEPER,381,ACQUISITION OF ASSETS,389,4125594.34,4125594.34,ok,segment,,,
SERGEANT AT ARMS AND DOORKEEPER OF THE SENATE,2023,SERGEANT AT ARMS AND DOORKEEPER,381,BANNER NET PAYROLL,381,44529.45,47740.05,fail,banner,,,fy_boundary_pattern
SERGEANT AT ARMS AND DOORKEEPER OF THE SENATE,2023,SERGEANT AT ARMS AND DOORKEEPER,381,BANNER ORGANIZATION TOTALS,381,8343865.24,7817480.45,warn,banner,,,captured_bvb_mismatch
SERGEANT AT ARMS AND DOORKEEPER OF THE SENATE,2024,SERGEANT AT ARMS AND DOORKEEPER,390,OTHER CONTRACTUAL SERVICES,390,624072.18,624072.18,ok,segment,,,
SERGEANT AT ARMS AND DOORKEEPER OF THE SENATE,2024,SERGEANT AT ARMS AND DOORKEEPER,390,ACQUISITION OF ASSETS,390,1728711.2,1728711.2,ok,segment,,,
SERGEANT AT ARMS AND DOORKEEPER OF THE SENATE,2024,SERGEANT AT ARMS AND DOORKEEPER,390,BANNER NET PAYROLL,390,,0.0,not_applicable,banner,,,
SERGEANT AT ARMS AND DOORKEEPER OF THE SENATE,2024,SERGEANT AT ARMS AND DOORKEEPER,390,BANNER ORGANIZATION TOTALS,390,2352783.38,2352783.38,ok,banner,,,
SERGEANT AT ARMS AND DOORKEEPER OF THE SENATE,2024,SERGEANT AT ARMS AND DOORKEEPER,391,PERSONNEL BENEFITS,391,566.65,0.0,no_records,segment,,,
SERGEANT AT ARMS AND DOORKEEPER OF THE SENATE,2024,SERGEANT AT ARMS AND DOORKEEPER,391,NET PAYROLL EXPENSES,391,566.65,566.65,ok,block_running_total,,,
SERGEANT AT ARMS AND DOORKEEPER OF THE SENATE,2024,SERGEANT AT ARMS AND DOORKEEPER,391,TRAVEL AND TRANSPORTATION OF PERSONS,399,84755.16,84755.16,ok,segment,,,
SERGEANT AT ARMS AND DOORKEEPER OF THE SENATE,2024,SERGEANT AT ARMS AND DOORKEEPER,391,OTHER CONTRACTUAL SERVICES,412,17849179.47,17849179.47,ok,segment,,,
SERGEANT AT ARMS AND DOORKEEPER OF THE SENATE,2024,SERGEANT AT ARMS AND DOORKEEPER,391,ACQUISITION OF ASSETS,430,10643177.64,10643177.64,ok,segment,,,
SERGEANT AT ARMS AND DOORKEEPER OF THE SENATE,2024,SERGEANT AT ARMS AND DOORKEEPER,391,BANNER NET PAYROLL,391,566.65,566.65,ok,banner,,,
SERGEANT AT ARMS AND DOORKEEPER OF THE SENATE,2024,SERGEANT AT ARMS AND DOORKEEPER,391,BANNER ORGANIZATION TOTALS,391,32736372.85,28577678.92,warn,banner,,,banner_only_categories
SERGEANT AT ARMS AND DOORKEEPER OF THE SENATE,2025,SERGEANT AT ARMS AND DOORKEEPER,431,PERSONNEL BENEFITS,431,2658.55,0.0,no_records,segment,,,
SERGEANT AT ARMS AND DOORKEEPER OF THE SENATE,2025,SERGEANT AT ARMS AND DOORKEEPER,431,NET PAYROLL EXPENSES,431,2658.55,2658.55,ok,block_running_total,,,
SERGEANT AT ARMS AND DOORKEEPER OF THE SENATE,2025,SERGEANT AT ARMS AND DOORKEEPER,431,TRAVEL AND TRANSPORTATION OF PERSONS,450,191089.76,191089.76,ok,segment,,,
SERGEANT AT ARMS AND DOORKEEPER OF THE SENATE,2025,SERGEANT AT ARMS AND DOORKEEPER,431,OTHER CONTRACTUAL SERVICES,465,10460611.4,10460611.4,ok,segment,,,
SERGEANT AT ARMS AND DOORKEEPER OF THE SENATE,2025,SERGEANT AT ARMS AND DOORKEEPER,431,ACQUISITION OF ASSETS,475,6942472.34,6942472.34,ok,segment,,,
SERGEANT AT ARMS AND DOORKEEPER OF THE SENATE,2025,SERGEANT AT ARMS AND DOORKEEPER,431,BANNER NET PAYROLL,431,2658.55,2658.55,ok,banner,,,
SERGEANT AT ARMS AND DOORKEEPER OF THE SENATE,2025,SERGEANT AT ARMS AND DOORKEEPER,431,BANNER ORGANIZATION TOTALS,431,29159806.5,17596832.05,warn,banner,,,banner_only_categories
SAA - CARES ACT EMER. APPR. P.L. 116-136,,SERGEANT AT ARMS AND DOORKEEPER,476,BANNER NET PAYROLL,476,,0.0,not_applicable,banner,,,
SAA - CARES ACT EMER. APPR. P.L. 116-136,,SERGEANT AT ARMS AND DOORKEEPER,476,BANNER ORGANIZATION TOTALS,476,0.0,0.0,ok,banner,,,
SAA - EMERG SUPP NO YEAR FUNDS,,SERGEANT AT ARMS AND DOORKEEPER,477,BANNER NET PAYROLL,477,,0.0,not_applicable,banner,,,
SAA - EMERG SUPP NO YEAR FUNDS,,SERGEANT AT ARMS AND DOORKEEPER,477,BANNER ORGANIZATION TOTALS,477,0.0,0.0,ok,banner,,,
SAA - JOINT AUDIBLE WARNING SYSTEM,,SERGEANT AT ARMS AND DOORKEEPER,478,ACQUISITION OF ASSETS,478,3221252.56,3221252.56,ok,segment,,,
SAA - JOINT AUDIBLE WARNING SYSTEM,,SERGEANT AT ARMS AND DOORKEEPER,478,BANNER NET PAYROLL,478,,0.0,not_applicable,banner,,,
SAA - JOINT AUDIBLE WARNING SYSTEM,,SERGEANT AT ARMS AND DOORKEEPER,478,BANNER ORGANIZATION TOTALS,478,3221252.56,3221252.56,ok,banner,,,
SAA - RESIDENTIAL SECURITY SYSTEM PROGRAM,,SERGEANT AT ARMS AND DOORKEEPER,479,OTHER CONTRACTUAL SERVICES,480,242059.75,242059.75,ok,segment,,,
SAA - RESIDENTIAL SECURITY SYSTEM PROGRAM,,SERGEANT AT ARMS AND DOORKEEPER,479,ACQUISITION OF ASSETS,481,436151.02,436151.02,ok,segment,,,
SAA - RESIDENTIAL SECURITY SYSTEM PROGRAM,,SERGEANT AT ARMS AND DOORKEEPER,479,BANNER NET PAYROLL,479,,0.0,not_applicable,banner,,,
SAA - RESIDENTIAL SECURITY SYSTEM PROGRAM,,SERGEANT AT ARMS AND DOORKEEPER,479,BANNER ORGANIZATION TOTALS,479,691633.93,678210.77,warn,banner,,,banner_only_categories
SAA - RECORD STUDIO NO YEAR FUNDS,,SERGEANT AT ARMS AND DOORKEEPER,482,BANNER NET PAYROLL,482,,0.0,not_applicable,banner,,,
SAA - RECORD STUDIO NO YEAR FUNDS,,SERGEANT AT ARMS AND DOORKEEPER,482,BANNER ORGANIZATION TOTALS,482,0.0,0.0,ok,banner,,,
SAA - SENATE HEARING ROOM AUDIOVISUAL EQUIPMENT,,SERGEANT AT ARMS AND DOORKEEPER,483,OTHER CONTRACTUAL SERVICES,483,28798.14,28798.14,ok,segment,,,
SAA - SENATE HEARING ROOM AUDIOVISUAL EQUIPMENT,,SERGEANT AT ARMS AND DOORKEEPER,483,ACQUISITION OF ASSETS,484,3000715.69,3000715.69,ok,segment,,,
SAA - SENATE HEARING ROOM AUDIOVISUAL EQUIPMENT,,SERGEANT AT ARMS AND DOORKEEPER,483,BANNER NET PAYROLL,483,,0.0,not_applicable,banner,,,
SAA - SENATE HEARING ROOM AUDIOVISUAL EQUIPMENT,,SERGEANT AT ARMS AND DOORKEEPER,483,BANNER ORGANIZATION TOTALS,483,3065746.36,3029513.83,warn,banner,,,banner_only_categories
SAA - SMI PROJECT,,SERGEANT AT ARMS AND DOORKEEPER,485,BANNER NET PAYROLL,485,0.0,0.0,banner_missing,banner,,,
SAA - SMI PROJECT,,SERGEANT AT ARMS AND DOORKEEPER,485,BANNER ORGANIZATION TOTALS,485,0.0,0.0,ok,banner,,,
CAUCUS - INTERNATIONAL NARCOTICS CONTROL,2023,CAUCUS ON INTERNATIONAL NARCOTICS CONTROL,486,BANNER NET PAYROLL,486,0.0,0.0,banner_missing,banner,,,
CAUCUS - INTERNATIONAL NARCOTICS CONTROL,2023,CAUCUS ON INTERNATIONAL NARCOTICS CONTROL,486,BANNER ORGANIZATION TOTALS,486,0.0,0.0,ok,banner,,,
CAUCUS - INTERNATIONAL NARCOTICS CONTROL,2024,CAUCUS ON INTERNATIONAL NARCOTICS CONTROL,487,TRAVEL AND TRANSPORTATION OF PERSONS,487,1623.56,1623.56,ok,segment,,,
CAUCUS - INTERNATIONAL NARCOTICS CONTROL,2024,CAUCUS ON INTERNATIONAL NARCOTICS CONTROL,487,BANNER NET PAYROLL,487,0.0,0.0,banner_missing,banner,,,
CAUCUS - INTERNATIONAL NARCOTICS CONTROL,2024,CAUCUS ON INTERNATIONAL NARCOTICS CONTROL,487,BANNER ORGANIZATION TOTALS,487,1623.56,1623.56,ok,banner,,,
CAUCUS - INTERNATIONAL NARCOTICS CONTROL,2025,CAUCUS ON INTERNATIONAL NARCOTICS CONTROL,488,PERSONNEL COMP. FULL-TIME PERMANENT,488,153375.87,153375.87,ok,segment,,,
CAUCUS - INTERNATIONAL NARCOTICS CONTROL,2025,CAUCUS ON INTERNATIONAL NARCOTICS CONTROL,488,PERSONNEL BENEFITS,488,139.5,0.0,no_records,segment,,,
CAUCUS - INTERNATIONAL NARCOTICS CONTROL,2025,CAUCUS ON INTERNATIONAL NARCOTICS CONTROL,488,NET PAYROLL EXPENSES,488,153515.37,153515.37,ok,block_running_total,,,
CAUCUS - INTERNATIONAL NARCOTICS CONTROL,2025,CAUCUS ON INTERNATIONAL NARCOTICS CONTROL,488,BANNER NET PAYROLL,488,153515.37,153515.37,ok,banner,,,
CAUCUS - INTERNATIONAL NARCOTICS CONTROL,2025,CAUCUS ON INTERNATIONAL NARCOTICS CONTROL,488,BANNER ORGANIZATION TOTALS,488,155171.37,153515.37,warn,banner,,,banner_only_categories
SENATOR ANGELA ALSOBROOKS,2025,SENATORS’ OFFICIAL PERSONNEL AND OFFICE EXPENSE ACCOUNT,489,PERSONNEL COMP. FULL-TIME PERMANENT,490,465577.98,465577.98,ok,segment,,,
SENATOR ANGELA ALSOBROOKS,2025,SENATORS’ OFFICIAL PERSONNEL AND OFFICE EXPENSE ACCOUNT,489,RE-EMPLOYED ANNUITANTS,490,60.39,0.0,no_records,segment,,,
SENATOR ANGELA ALSOBROOKS,2025,SENATORS’ OFFICIAL PERSONNEL AND OFFICE EXPENSE ACCOUNT,489,PERSONNEL BENEFITS,490,884.0,0.0,no_records,segment,,,
SENATOR ANGELA ALSOBROOKS,2025,SENATORS’ OFFICIAL PERSONNEL AND OFFICE EXPENSE ACCOUNT,489,NET PAYROLL EXPENSES,490,466522.37,466522.37,ok,block_running_total,,,
SENATOR ANGELA ALSOBROOKS,2025,SENATORS’ OFFICIAL PERSONNEL AND OFFICE EXPENSE ACCOUNT,489,TRAVEL AND TRANSPORTATION OF PERSONS,490,746.92,746.92,ok,segment,,,
SENATOR ANGELA ALSOBROOKS,2025,SENATORS’ OFFICIAL PERSONNEL AND OFFICE EXPENSE ACCOUNT,489,OTHER CONTRACTUAL SERVICES,490,20700.0,20700.0,ok,segment,,,
SENATOR ANGELA ALSOBROOKS,2025,SENATORS’ OFFICIAL PERSONNEL AND OFFICE EXPENSE ACCOUNT,489,ACQUISITION OF ASSETS,490,790.7,790.7,ok,segment,,,
SENATOR ANGELA ALSOBROOKS,2025,SENATORS’ OFFICIAL PERSONNEL AND OFFICE EXPENSE ACCOUNT,489,BANNER NET PAYROLL,489,466522.37,466522.37,ok,banner,,,
SENATOR ANGELA ALSOBROOKS,2025,SENATORS’ OFFICIAL PERSONNEL AND OFFICE EXPENSE ACCOUNT,489,BANNER ORGANIZATION TOTALS,489,495031.45,488759.99,warn,banner,,,banner_only_categories
INTERN COMPENSATION - ALSOBROOKS,2025,SENATORS’ OFFICIAL PERSONNEL AND OFFICE EXPENSE ACCOUNT,491,BANNER NET PAYROLL,491,,0.0,not_applicable,banner,,,
INTERN COMPENSATION - ALSOBROOKS,2025,SENATORS’ OFFICIAL PERSONNEL AND OFFICE EXPENSE ACCOUNT,491,BANNER ORGANIZATION TOTALS,491,0.0,0.0,ok,banner,,,
SENATOR TAMMY BALDWIN,2023,SENATORS’ OFFICIAL PERSONNEL AND OFFICE EXPENSE ACCOUNT,492,BANNER NET PAYROLL,492,0.0,0.0,banner_missing,banner,,,
SENATOR TAMMY BALDWIN,2023,SENATORS’ OFFICIAL PERSONNEL AND OFFICE EXPENSE ACCOUNT,492,BANNER ORGANIZATION TOTALS,492,0.0,0.0,ok,banner,,,
INTERN COMPENSATION - BALDWIN,2023,SENATORS’ OFFICIAL PERSONNEL AND OFFICE EXPENSE ACCOUNT,493,BANNER NET PAYROLL,493,0.0,0.0,banner_missing,banner,,,
INTERN COMPENSATION - BALDWIN,2023,SENATORS’ OFFICIAL PERSONNEL AND OFFICE EXPENSE ACCOUNT,493,BANNER ORGANIZATION TOTALS,493,0.0,0.0,ok,banner,,,
SENATOR TAMMY BALDWIN,2024,SENATORS’ OFFICIAL PERSONNEL AND OFFICE EXPENSE ACCOUNT,494,TRAVEL AND TRANSPORTATION OF PERSONS,495,1941.47,1941.47,ok,segment,,,
SENATOR TAMMY BALDWIN,2024,SENATORS’ OFFICIAL PERSONNEL AND OFFICE EXPENSE ACCOUNT,494,OTHER CONTRACTUAL SERVICES,495,20150.0,20150.0,ok,segment,,,
SENATOR TAMMY BALDWIN,2024,SENATORS’ OFFICIAL PERSONNEL AND OFFICE EXPENSE ACCOUNT,494,BANNER NET PAYROLL,494,0.0,0.0,banner_missing,banner,,,
SENATOR TAMMY BALDWIN,2024,SENATORS’ OFFICIAL PERSONNEL AND OFFICE EXPENSE ACCOUNT,494,BANNER ORGANIZATION TOTALS,494,291244.95,22091.47,warn,banner,,,banner_only_categories
INTERN COMPENSATION - BALDWIN,2024,SENATORS’ OFFICIAL PERSONNEL AND OFFICE EXPENSE ACCOUNT,496,BANNER NET PAYROLL,496,0.0,0.0,banner_missing,banner,,,
INTERN COMPENSATION - BALDWIN,2024,SENATORS’ OFFICIAL PERSONNEL AND OFFICE EXPENSE ACCOUNT,496,BANNER ORGANIZATION TOTALS,496,0.0,0.0,ok,banner,,,
SENATOR TAMMY BALDWIN,2025,SENATORS’ OFFICIAL PERSONNEL AND OFFICE EXPENSE ACCOUNT,497,PERSONNEL COMP. FULL-TIME PERMANENT,498,1793811.1,1793811.1,ok,segment,,,
SENATOR TAMMY BALDWIN,2025,SENATORS’ OFFICIAL PERSONNEL AND OFFICE EXPENSE ACCOUNT,497,PERSONNEL BENEFITS,498,1893.65,0.0,no_records,segment,,,
SENATOR TAMMY BALDWIN,2025,SENATORS’ OFFICIAL PERSONNEL AND OFFICE EXPENSE ACCOUNT,497,NET PAYROLL EXPENSES,498,1795704.75,1795704.75,ok,block_running_total,,,
SENATOR TAMMY BALDWIN,2025,SENATORS’ OFFICIAL PERSONNEL AND OFFICE EXPENSE ACCOUNT,497,TRAVEL AND TRANSPORTATION OF PERSONS,503,23041.64,23041.64,ok,segment,,,
SENATOR TAMMY BALDWIN,2025,SENATORS’ OFFICIAL PERSONNEL AND OFFICE EXPENSE ACCOUNT,497,OTHER CONTRACTUAL SERVICES,503,3713.66,3713.66,ok,segment,,,
SENATOR TAMMY BALDWIN,2025,SENATORS’ OFFICIAL PERSONNEL AND OFFICE EXPENSE ACCOUNT,497,BANNER NET PAYROLL,497,1795704.75,1795704.75,ok,banner,,,
SENATOR TAMMY BALDWIN,2025,SENATORS’ OFFICIAL PERSONNEL AND OFFICE EXPENSE ACCOUNT,497,BANNER ORGANIZATION TOTALS,497,1849827.36,1822460.05,warn,banner,,,banner_only_categories
INTERN COMPENSATION - BALDWIN,2025,SENATORS’ OFFICIAL PERSONNEL AND OFFICE EXPENSE ACCOUNT,504,PERSONNEL COMP. FULL-TIME PERMANENT,504,35790.66,35790.66,ok,segment,,,
INTERN COMPENSATION - BALDWIN,2025,SENATORS’ OFFICIAL PERSONNEL AND OFFICE EXPENSE ACCOUNT,504,NET PAYROLL EXPENSES,504,35790.66,35790.66,ok,block_running_total,,,
INTERN COMPENSATION - BALDWIN,2025,SENATORS’ OFFICIAL PERSONNEL AND OFFICE EXPENSE ACCOUNT,504,BANNER NET PAYROLL,504,35790.66,35790.66,ok,banner,,,
INTERN COMPENSATION - BALDWIN,2025,SENATORS’ OFFICIAL PERSONNEL AND OFFICE EXPENSE ACCOUNT,504,BANNER ORGANIZATION TOTALS,504,35790.66,35790.66,ok,banner,,,
SENATOR JIM BANKS,2025,SENATORS’ OFFICIAL PERSONNEL AND OFFICE EXPENSE ACCOUNT,505,PERSONNEL COMP. FULL-TIME PERMANENT,506,831042.25,831042.25,ok,segment,,,
SENATOR JIM BANKS,2025,SENATORS’ OFFICIAL PERSONNEL AND OFFICE EXPENSE ACCOUNT,505,NET PAYROLL EXPENSES,506,831042.25,831042.25,ok,block_running_total,,,
SENATOR JIM BANKS,2025,SENATORS’ OFFICIAL PERSONNEL AND OFFICE EXPENSE ACCOUNT,505,TRAVEL AND TRANSPORTATION OF PERSONS,506,3535.49,3535.49,ok,segment,,,
SENATOR JIM BANKS,2025,SENATORS’ OFFICIAL PERSONNEL AND OFFICE EXPENSE ACCOUNT,505,OTHER CONTRACTUAL SERVICES,506,6000.0,6000.0,ok,segment,,,
SENATOR JIM BANKS,2025,SENATORS’ OFFICIAL PERSONNEL AND OFFICE EXPENSE ACCOUNT,505,BANNER NET PAYROLL,505,831042.25,831042.25,ok,banner,,,
SENATOR JIM BANKS,2025,SENATORS’ OFFICIAL PERSONNEL AND OFFICE EXPENSE ACCOUNT,505,BANNER ORGANIZATION TOTALS,505,864780.21,840577.74,warn,banner,,,banner_only_categories
INTERN COMPENSATION - BANKS,2025,SENATORS’ OFFICIAL PERSONNEL AND OFFICE EXPENSE ACCOUNT,507,BANNER NET PAYROLL,507,,0.0,not_applicable,banner,,,
INTERN COMPENSATION - BANKS,2025,SENATORS’ OFFICIAL PERSONNEL AND OFFICE EXPENSE ACCOUNT,507,BANNER ORGANIZATION TOTALS,507,0.0,0.0,ok,banner,,,
SENATOR JOHN BARRASSO,2023,SENATORS’ OFFICIAL PERSONNEL AND OFFICE EXPENSE ACCOUNT,508,BANNER NET PAYROLL,508,0.0,0.0,banner_missing,banner,,,
SENATOR JOHN BARRASSO,2023,SENATORS’ OFFICIAL PERSONNEL AND OFFICE EXPENSE ACCOUNT,508,BANNER ORGANIZATION TOTALS,508,0.0,0.0,ok,banner,,,
INTERN COMPENSATION - BARRASSO,2023,SENATORS’ OFFICIAL PERSONNEL AND OFFICE EXPENSE ACCOUNT,509,BANNER NET PAYROLL,509,0.0,0.0,banner_missing,banner,,,
INTERN COMPENSATION - BARRASSO,2023,SENATORS’ OFFICIAL PERSONNEL AND OFFICE EXPENSE ACCOUNT,509,BANNER ORGANIZATION TOTALS,509,0.0,0.0,ok,banner,,,
SENATOR JOHN BARRASSO,2024,SENATORS’ OFFICIAL PERSONNEL AND OFFICE EXPENSE ACCOUNT,510,PERSONNEL BENEFITS,510,259.51,0.0,no_records,segment,,,
SENATOR JOHN BARRASSO,2024,SENATORS’ OFFICIAL PERSONNEL AND OFFICE EXPENSE ACCOUNT,510,NET PAYROLL EXPENSES,510,259.51,259.51,ok,block_running_total,,,
SENATOR JOHN BARRASSO,2024,SENATORS’ OFFICIAL PERSONNEL AND OFFICE EXPENSE ACCOUNT,510,TRAVEL AND TRANSPORTATION OF PERSONS,512,6820.06,6820.06,ok,segment,,,
SENATOR JOHN BARRASSO,2024,SENATORS’ OFFICIAL PERSONNEL AND OFFICE EXPENSE ACCOUNT,510,OTHER CONTRACTUAL SERVICES,512,1931.71,1931.71,ok,segment,,,
SENATOR JOHN BARRASSO,2024,SENATORS’ OFFICIAL PERSONNEL AND OFFICE EXPENSE ACCOUNT,510,BANNER NET PAYROLL,510,1371.71,259.51,fail,banner,,,fy_boundary_pattern
SENATOR JOHN BARRASSO,2024,SENATORS’ OFFICIAL PERSONNEL AND OFFICE EXPENSE ACCOUNT,510,BANNER ORGANIZATION TOTALS,510,191863.98,9011.28,warn,banner,,,captured_bvb_mismatch
INTERN COMPENSATION - BARRASSO,2024,SENATORS’ OFFICIAL PERSONNEL AND OFFICE EXPENSE ACCOUNT,513,BANNER NET PAYROLL,513,0.0,0.0,banner_missing,banner,,,
INTERN COMPENSATION - BARRASSO,2024,SENATORS’ OFFICIAL PERSONNEL AND OFFICE EXPENSE ACCOUNT,513,BANNER ORGANIZATION TOTALS,513,0.0,0.0,ok,banner,,,
SENATOR JOHN BARRASSO,2025,SENATORS’ OFFICIAL PERSONNEL AND OFFICE EXPENSE ACCOUNT,514,PERSONNEL COMP. FULL-TIME PERMANENT,515,1512581.44,1512581.44,ok,segment,,,
SENATOR JOHN BARRASSO,2025,SENATORS’ OFFICIAL PERSONNEL AND OFFICE EXPENSE ACCOUNT,514,PERSONNEL BENEFITS,515,1950.12,0.0,no_records,segment,,,
SENATOR JOHN BARRASSO,2025,SENATORS’ OFFICIAL PERSONNEL AND OFFICE EXPENSE ACCOUNT,514,NET PAYROLL EXPENSES,515,1514531.56,1514531.56,ok,block_running_total,,,
SENATOR JOHN BARRASSO,2025,SENATORS’ OFFICIAL PERSONNEL AND OFFICE EXPENSE ACCOUNT,514,TRAVEL AND TRANSPORTATION OF PERSONS,520,66428.01,66428.01,ok,segment,,,
SENATOR JOHN BARRASSO,2025,SENATORS’ OFFICIAL PERSONNEL AND OFFICE EXPENSE ACCOUNT,514,OTHER CONTRACTUAL SERVICES,520,32913.97,32913.97,ok,segment,,,
SENATOR JOHN BARRASSO,2025,SENATORS’ OFFICIAL PERSONNEL AND OFFICE EXPENSE ACCOUNT,514,ACQUISITION OF ASSETS,520,2332.46,2332.46,ok,segment,,,
SENATOR JOHN BARRASSO,2025,SENATORS’ OFFICIAL PERSONNEL AND OFFICE EXPENSE ACCOUNT,514,BANNER NET PAYROLL,514,1513419.36,1514531.56,fail,banner,,,fy_boundary_pattern
SENATOR JOHN BARRASSO,2025,SENATORS’ OFFICIAL PERSONNEL AND OFFICE EXPENSE ACCOUNT,514,BANNER ORGANIZATION TOTALS,514,1674797.21,1616206.0,warn,banner,,,captured_bvb_mismatch
INTERN COMPENSATION - BARRASSO,2025,SENATORS’ OFFICIAL PERSONNEL AND OFFICE EXPENSE ACCOUNT,521,PERSONNEL COMP. FULL-TIME PERMANENT,521,39508.97,39508.97,ok,segment,,,
INTERN COMPENSATION - BARRASSO,2025,SENATORS’ OFFICIAL PERSONNEL AND OFFICE EXPENSE ACCOUNT,521,NET PAYROLL EXPENSES,521,39508.97,39508.97,ok,block_running_total,,,
INTERN COMPENSATION - BARRASSO,2025,SENATORS’ OFFICIAL PERSONNEL AND OFFICE EXPENSE ACCOUNT,521,BANNER NET PAYROLL,521,39508.97,39508.97,ok,banner,,,
INTERN COMPENSATION - BARRASSO,2025,SENATORS’ OFFICIAL PERSONNEL AND OFFICE EXPENSE ACCOUNT,521,BANNER ORGANIZATION TOTALS,521,39508.97,39508.97,ok,banner,,,
SENATOR MICHAEL BENNET,2023,SENATORS’ OFFICIAL PERSONNEL AND OFFICE EXPENSE ACCOUNT,522,TRAVEL AND TRANSPORTATION OF PERSONS,522,837.6,837.6,ok,segment,,,
SENATOR MICHAEL BENNET,2023,SENATORS’ OFFICIAL PERSONNEL AND OFFICE EXPENSE ACCOUNT,522,BANNER NET PAYROLL,522,0.0,0.0,banner_missing,banner,,,
SENATOR MICHAEL BENNET,2023,SENATORS’ OFFICIAL PERSONNEL AND OFFICE EXPENSE ACCOUNT,522,BANNER ORGANIZATION TOTALS,522,837.6,837.6,ok,banner,,,
INTERN COMPENSATION - BENNET,2023,SENATORS’ OFFICIAL PERSONNEL AND OFFICE EXPENSE ACCOUNT,523,BANNER NET PAYROLL,523,0.0,0.0,banner_missing,banner,,,
INTERN COMPENSATION - BENNET,2023,SENATORS’ OFFICIAL PERSONNEL AND OFFICE EXPENSE ACCOUNT,523,BANNER ORGANIZATION TOTALS,523,0.0,0.0,ok,banner,,,
SENATOR MICHAEL BENNET,2024,SENATORS’ OFFICIAL PERSONNEL AND OFFICE EXPENSE ACCOUNT,524,PERSONNEL BENEFITS,524,414.0,0.0,no_records,segment,,,
SENATOR MICHAEL BENNET,2024,SENATORS’ OFFICIAL PERSONNEL AND OFFICE EXPENSE ACCOUNT,524,NET PAYROLL EXPENSES,524,414.0,414.0,ok,block_running_total,,,
SENATOR MICHAEL BENNET,2024,SENATORS’ OFFICIAL PERSONNEL AND OFFICE EXPENSE ACCOUNT,524,TRAVEL AND TRANSPORTATION OF PERSONS,528,42390.71,42390.71,ok,segment,,,
SENATOR MICHAEL BENNET,2024,SENATORS’ OFFICIAL PERSONNEL AND OFFICE EXPENSE ACCOUNT,524,OTHER CONTRACTUAL SERVICES,528,42200.83,42200.83,ok,segment,,,
SENATOR MICHAEL BENNET,2024,SENATORS’ OFFICIAL PERSONNEL AND OFFICE EXPENSE ACCOUNT,524,ACQUISITION OF ASSETS,528,20626.28,20626.28,ok,segment,,,
SENATOR MICHAEL BENNET,2024,SENATORS’ OFFICIAL PERSONNEL AND OFFICE EXPENSE ACCOUNT,524,BANNER NET PAYROLL,524,1087.65,414.0,fail,banner,,,fy_boundary_pattern
SENATOR MICHAEL BENNET,2024,SENATORS’ OFFICIAL PERSONNEL AND OFFICE EXPENSE ACCOUNT,524,BANNER ORGANIZATION TOTALS,524,167472.76,105631.82,warn,banner,,,captured_bvb_mismatch
INTERN COMPENSATION - BENNET,2024,SENATORS’ OFFICIAL PERSONNEL AND OFFICE EXPENSE ACCOUNT,529,BANNER NET PAYROLL,529,0.0,0.0,banner_missing,banner,,,
INTERN COMPENSATION - BENNET,2024,SENATORS’ OFFICIAL PERSONNEL AND OFFICE EXPENSE ACCOUNT,529,BANNER ORGANIZATION TOTALS,529,0.0,0.0,ok,banner,,,
SENATOR MICHAEL BENNET,2025,SENATORS’ OFFICIAL PERSONNEL AND OFFICE EXPENSE ACCOUNT,530,PERSONNEL COMP. FULL-TIME PERMANENT,531,1846969.29,1849175.11,fail,segment,source_mismatch,1849175.11,
SENATOR MICHAEL BENNET,2025,SENATORS’ OFFICIAL PERSONNEL AND OFFICE EXPENSE ACCOUNT,530,PERSONNEL BENEFITS,531,3335.4,0.0,no_records,segment,,,
SENATOR MICHAEL BENNET,2025,SENATORS’ OFFICIAL PERSONNEL AND OFFICE EXPENSE ACCOUNT,530,NET PAYROLL EXPENSES,531,1850304.69,1852510.51,fail,block_running_total,,,
SENATOR MICHAEL BENNET,2025,SENATORS’ OFFICIAL PERSONNEL AND OFFICE EXPENSE ACCOUNT,530,TRAVEL AND TRANSPORTATION OF PERSONS,539,56954.41,56954.41,ok,segment,,,
SENATOR MICHAEL BENNET,2025,SENATORS’ OFFICIAL PERSONNEL AND OFFICE EXPENSE ACCOUNT,530,OTHER CONTRACTUAL SERVICES,539,7249.92,7249.92,ok,segment,,,
SENATOR MICHAEL BENNET,2025,SENATORS’ OFFICIAL PERSONNEL AND OFFICE EXPENSE ACCOUNT,530,ACQUISITION OF ASSETS,539,243.62,243.62,ok,segment,,,
SENATOR MICHAEL BENNET,2025,SENATORS’ OFFICIAL PERSONNEL AND OFFICE EXPENSE ACCOUNT,530,BANNER NET PAYROLL,530,1849631.04,1850304.69,fail,banner,,,fy_boundary_pattern
SENATOR MICHAEL BENNET,2025,SENATORS’ OFFICIAL PERSONNEL AND OFFICE EXPENSE ACCOUNT,530,BANNER ORGANIZATION TOTALS,530,1945489.55,1916958.46,fail,banner,,,
INTERN COMPENSATION - BENNET,2025,SENATORS’ OFFICIAL PERSONNEL AND OFFICE EXPENSE ACCOUNT,540,PERSONNEL COMP. FULL-TIME PERMANENT,540,26769.74,26769.74,ok,segment,,,
INTERN COMPENSATION - BENNET,2025,SENATORS’ OFFICIAL PERSONNEL AND OFFICE EXPENSE ACCOUNT,540,NET PAYROLL EXPENSES,540,26769.74,26769.74,ok,block_running_total,,,
INTERN COMPENSATION - BENNET,2025,SENATORS’ OFFICIAL PERSONNEL AND OFFICE EXPENSE ACCOUNT,540,BANNER NET PAYROLL,540,26769.74,26769.74,ok,banner,,,
INTERN COMPENSATION - BENNET,2025,SENATORS’ OFFICIAL PERSONNEL AND OFFICE EXPENSE ACCOUNT,540,BANNER ORGANIZATION TOTALS,540,26769.74,26769.74,ok,banner,,,
SENATOR MARSHA BLACKBURN,2023,SENATORS’ OFFICIAL PERSONNEL AND OFFICE EXPENSE ACCOUNT,541,BANNER NET PAYROLL,541,0.0,0.0,banner_missing,banner,,,
SENATOR MARSHA BLACKBURN,2023,SENATORS’ OFFICIAL PERSONNEL AND OFFICE EXPENSE ACCOUNT,541,BANNER ORGANIZATION TOTALS,541,0.0,0.0,ok,banner,,,
INTERN COMPENSATION - BLACKBURN,2023,SENATORS’ OFFICIAL PERSONNEL AND OFFICE EXPENSE ACCOUNT,542,BANNER NET PAYROLL,542,0.0,0.0,banner_missing,banner,,,
INTERN COMPENSATION - BLACKBURN,2023,SENATORS’ OFFICIAL PERSONNEL AND OFFICE EXPENSE ACCOUNT,542,BANNER ORGANIZATION TOTALS,542,0.0,0.0,ok,banner,,,
SENATOR MARSHA BLACKBURN,2024,SENATORS’ OFFICIAL PERSONNEL AND OFFICE EXPENSE ACCOUNT,543,PERSONNEL BENEFITS,543,255.0,0.0,no_records,segment,,,
SENATOR MARSHA BLACKBURN,2024,SENATORS’ OFFICIAL PERSONNEL AND OFFICE EXPENSE ACCOUNT,543,NET PAYROLL EXPENSES,543,255.0,255.0,ok,block_running_total,,,
SENATOR MARSHA BLACKBURN,2024,SENATORS’ OFFICIAL PERSONNEL AND OFFICE EXPENSE ACCOUNT,543,TRAVEL AND TRANSPORTATION OF PERSONS,546,8750.39,8750.39,ok,segment,,,
SENATOR MARSHA BLACKBURN,2024,SENATORS’ OFFICIAL PERSONNEL AND OFFICE EXPENSE ACCOUNT,543,OTHER CONTRACTUAL SERVICES,546,1754.0,1754.0,ok,segment,,,
SENATOR MARSHA BLACKBURN,2024,SENATORS’ OFFICIAL PERSONNEL AND OFFICE EXPENSE ACCOUNT,543,ACQUISITION OF ASSETS,546,932.9,932.9,ok,segment,,,
SENATOR MARSHA BLACKBURN,2024,SENATORS’ OFFICIAL PERSONNEL AND OFFICE EXPENSE ACCOUNT,543,BANNER NET PAYROLL,543,255.0,255.0,ok,banner,,,
SENATOR MARSHA BLACKBURN,2024,SENATORS’ OFFICIAL PERSONNEL AND OFFICE EXPENSE ACCOUNT,543,BANNER ORGANIZATION TOTALS,543,34617.9,11692.29,warn,banner,,,banner_only_categories
INTERN COMPENSATION - BLACKBURN,2024,SENATORS’ OFFICIAL PERSONNEL AND OFFICE EXPENSE ACCOUNT,547,BANNER NET PAYROLL,547,0.0,0.0,banner_missing,banner,,,
INTERN COMPENSATION - BLACKBURN,2024,SENATORS’ OFFICIAL PERSONNEL AND OFFICE EXPENSE ACCOUNT,547,BANNER ORGANIZATION TOTALS,547,0.0,0.0,ok,banner,,,
SENATOR MARSHA BLACKBURN,2025,SENATORS’ OFFICIAL PERSONNEL AND OFFICE EXPENSE ACCOUNT,548,PERSONNEL COMP. FULL-TIME PERMANENT,549,1857561.77,1857561.77,ok,segment,,,
SENATOR MARSHA BLACKBURN,2025,SENATORS’ OFFICIAL PERSONNEL AND OFFICE EXPENSE ACCOUNT,548,PERSONNEL BENEFITS,549,492.0,0.0,no_records,segment,,,
SENATOR MARSHA BLACKBURN,2025,SENATORS’ OFFICIAL PERSONNEL AND OFFICE EXPENSE ACCOUNT,548,NET PAYROLL EXPENSES,549,1858053.77,1858053.77,ok,block_running_total,,,
SENATOR MARSHA BLACKBURN,2025,SENATORS’ OFFICIAL PERSONNEL AND OFFICE EXPENSE ACCOUNT,548,TRAVEL AND TRANSPORTATION OF PERSONS,584,134808.63,134808.63,ok,segment,,,
SENATOR MARSHA BLACKBURN,2025,SENATORS’ OFFICIAL PERSONNEL AND OFFICE EXPENSE ACCOUNT,548,OTHER CONTRACTUAL SERVICES,585,11608.6,11608.6,ok,segment,,,
SENATOR MARSHA BLACKBURN,2025,SENATORS’ OFFICIAL PERSONNEL AND OFFICE EXPENSE ACCOUNT,548,ACQUISITION OF ASSETS,585,6087.79,6087.79,ok,segment,,,
SENATOR MARSHA BLACKBURN,2025,SENATORS’ OFFICIAL PERSONNEL AND OFFICE EXPENSE ACCOUNT,548,BANNER NET PAYROLL,548,1858053.77,1858053.77,ok,banner,,,
SENATOR MARSHA BLACKBURN,2025,SENATORS’ OFFICIAL PERSONNEL AND OFFICE EXPENSE ACCOUNT,548,BANNER ORGANIZATION TOTALS,548,2149544.43,2010558.79,warn,banner,,,banner_only_categories
INTERN COMPENSATION - BLACKBURN,2025,SENATORS’ OFFICIAL PERSONNEL AND OFFICE EXPENSE ACCOUNT,586,PERSONNEL COMP. FULL-TIME PERMANENT,586,28099.97,28099.97,ok,segment,,,
INTERN COMPENSATION - BLACKBURN,2025,SENATORS’ OFFICIAL PERSONNEL AND OFFICE EXPENSE ACCOUNT,586,NET PAYROLL EXPENSES,586,28099.97,28099.97,ok,block_running_total,,,
INTERN COMPENSATION - BLACKBURN,2025,SENATORS’ OFFICIAL PERSONNEL AND OFFICE EXPENSE ACCOUNT,586,BANNER NET PAYROLL,586,28099.97,28099.97,ok,banner,,,
INTERN COMPENSATION - BLACKBURN,2025,SENATORS’ OFFICIAL PERSONNEL AND OFFICE EXPENSE ACCOUNT,586,BANNER ORGANIZATION TOTALS,586,28099.97,28099.97,ok,banner,,,
SENATOR RICHARD BLUMENTHAL,2023,SENATORS’ OFFICIAL PERSONNEL AND OFFICE EXPENSE ACCOUNT,587,OTHER CONTRACTUAL SERVICES,587,5520.0,5520.0,ok,segment,,,
SENATOR RICHARD BLUMENTHAL,2023,SENATORS’ OFFICIAL PERSONNEL AND OFFICE EXPENSE ACCOUNT,587,ACQUISITION OF ASSETS,587,4140.0,4140.0,ok,segment,,,
SENATOR RICHARD BLUMENTHAL,2023,SENATORS’ OFFICIAL PERSONNEL AND OFFICE EXPENSE ACCOUNT,587,BANNER NET PAYROLL,587,0.0,0.0,banner_missing,banner,,,
SENATOR RICHARD BLUMENTHAL,2023,SENATORS’ OFFICIAL PERSONNEL AND OFFICE EXPENSE ACCOUNT,587,BANNER ORGANIZATION TOTALS,587,9660.0,9660.0,ok,banner,,,
INTERN COMPENSATION - BLUMENTHAL,2023,SENATORS’ OFFICIAL PERSONNEL AND OFFICE EXPENSE ACCOUNT,588,BANNER NET PAYROLL,588,0.0,0.0,banner_missing,banner,,,
INTERN COMPENSATION - BLUMENTHAL,2023,SENATORS’ OFFICIAL PERSONNEL AND OFFICE EXPENSE ACCOUNT,588,BANNER ORGANIZATION TOTALS,588,0.0,0.0,ok,banner,,,
SENATOR RICHARD BLUMENTHAL,2024,SENATORS’ OFFICIAL PERSONNEL AND OFFICE EXPENSE ACCOUNT,589,PERSONNEL BENEFITS,589,61.44,0.0,no_records,segment,,,
SENATOR RICHARD BLUMENTHAL,2024,SENATORS’ OFFICIAL PERSONNEL AND OFFICE EXPENSE ACCOUNT,589,NET PAYROLL EXPENSES,589,61.44,61.44,ok,block_running_total,,,
SENATOR RICHARD BLUMENTHAL,2024,SENATORS’ OFFICIAL PERSONNEL AND OFFICE EXPENSE ACCOUNT,589,TRAVEL AND TRANSPORTATION OF PERSONS,591,15894.27,15894.27,ok,segment,,,
SENATOR RICHARD BLUMENTHAL,2024,SENATORS’ OFFICIAL PERSONNEL AND OFFICE EXPENSE ACCOUNT,589,OTHER CONTRACTUAL SERVICES,592,26025.06,26025.06,ok,segment,,,
SENATOR RICHARD BLUMENTHAL,2024,SENATORS’ OFFICIAL PERSONNEL AND OFFICE EXPENSE ACCOUNT,589,ACQUISITION OF ASSETS,592,33882.49,33882.49,ok,segment,,,
SENATOR RICHARD BLUMENTHAL,2024,SENATORS’ OFFICIAL PERSONNEL AND OFFICE EXPENSE ACCOUNT,589,BANNER NET PAYROLL,589,764.67,61.44,fail,banner,,,fy_boundary_pattern
SENATOR RICHARD BLUMENTHAL,2024,SENATORS’ OFFICIAL PERSONNEL AND OFFICE EXPENSE ACCOUNT,589,BANNER ORGANIZATION TOTALS,589,116414.2,75863.26,fail,banner,,,
INTERN COMPENSATION - BLUMENTHAL,2024,SENATORS’ OFFICIAL PERSONNEL AND OFFICE EXPENSE ACCOUNT,593,BANNER NET PAYROLL,593,21.51,0.0,banner_missing,banner,,,
INTERN COMPENSATION - BLUMENTHAL,2024,SENATORS’ OFFICIAL PERSONNEL AND OFFICE EXPENSE ACCOUNT,593,BANNER ORGANIZATION TOTALS,593,21.51,0.0,warn,banner,,,banner_only_categories
SENATOR RICHARD BLUMENTHAL,2025,SENATORS’ OFFICIAL PERSONNEL AND OFFICE EXPENSE ACCOUNT,594,PERSONNEL COMP. FULL-TIME PERMANENT,595,1808458.78,1808458.78,ok,segment,,,
SENATOR RICHARD BLUMENTHAL,2025,SENATORS’ OFFICIAL PERSONNEL AND OFFICE EXPENSE ACCOUNT,594,PERSONNEL BENEFITS,595,1241.25,0.0,no_records,segment,,,
SENATOR RICHARD BLUMENTHAL,2025,SENATORS’ OFFICIAL PERSONNEL AND OFFICE EXPENSE ACCOUNT,594,NET PAYROLL EXPENSES,595,1809700.03,1809700.03,ok,block_running_total,,,
SENATOR RICHARD BLUMENTHAL,2025,SENATORS’ OFFICIAL PERSONNEL AND OFFICE EXPENSE ACCOUNT,594,TRAVEL AND TRANSPORTATION OF PERSONS,598,14356.45,14356.45,ok,segment,,,
SENATOR RICHARD BLUMENTHAL,2025,SENATORS’ OFFICIAL PERSONNEL AND OFFICE EXPENSE ACCOUNT,594,OTHER CONTRACTUAL SERVICES,598,13456.0,13456.0,ok,segment,,,
SENATOR RICHARD BLUMENTHAL,2025,SENATORS’ OFFICIAL PERSONNEL AND OFFICE EXPENSE ACCOUNT,594,ACQUISITION OF ASSETS,598,162.76,162.76,ok,segment,,,
SENATOR RICHARD BLUMENTHAL,2025,SENATORS’ OFFICIAL PERSONNEL AND OFFICE EXPENSE ACCOUNT,594,BANNER NET PAYROLL,594,1810526.14,1809700.03,fail,banner,,,fy_boundary_pattern
SENATOR RICHARD BLUMENTHAL,2025,SENATORS’ OFFICIAL PERSONNEL AND OFFICE EXPENSE ACCOUNT,594,BANNER ORGANIZATION TOTALS,594,1930208.86,1837675.24,warn,banner,,,captured_bvb_mismatch
INTERN COMPENSATION - BLUMENTHAL,2025,SENATORS’ OFFICIAL PERSONNEL AND OFFICE EXPENSE ACCOUNT,599,PERSONNEL COMP. FULL-TIME PERMANENT,599,22713.55,22713.55,ok,segment,,,
INTERN COMPENSATION - BLUMENTHAL,2025,SENATORS’ OFFICIAL PERSONNEL AND OFFICE EXPENSE ACCOUNT,599,NET PAYROLL EXPENSES,600,22713.55,22713.55,ok,block_running_total,,,
INTERN COMPENSATION - BLUMENTHAL,2025,SENATORS’ OFFICIAL PERSONNEL AND OFFICE EXPENSE ACCOUNT,599,BANNER NET PAYROLL,599,22692.04,22713.55,fail,banner,,,fy_boundary_pattern
INTERN COMPENSATION - BLUMENTHAL,2025,SENATORS’ OFFICIAL PERSONNEL AND OFFICE EXPENSE ACCOUNT,599,BANNER ORGANIZATION TOTALS,599,22692.04,22713.55,warn,banner,,,captured_bvb_mismatch
SENATOR ROY BLUNT,2023,SENATORS’ OFFICIAL PERSONNEL AND OFFICE EXPENSE ACCOUNT,601,BANNER NET PAYROLL,601,0.0,0.0,banner_missing,banner,,,
SENATOR ROY BLUNT,2023,SENATORS’ OFFICIAL PERSONNEL AND OFFICE EXPENSE ACCOUNT,601,BANNER ORGANIZATION TOTALS,601,0.0,0.0,ok,banner,,,
INTERN COMPENSATION - BLUNT,2023,SENATORS’ OFFICIAL PERSONNEL AND OFFICE EXPENSE ACCOUNT,602,BANNER NET PAYROLL,602,0.0,0.0,banner_missing,banner,,,
INTERN COMPENSATION - BLUNT,2023,SENATORS’ OFFICIAL PERSONNEL AND OFFICE EXPENSE ACCOUNT,602,BANNER ORGANIZATION TOTALS,602,0.0,0.0,ok,banner,,,
SENATOR LISA BLUNT ROCHESTER,2025,SENATORS’ OFFICIAL PERSONNEL AND OFFICE EXPENSE ACCOUNT,603,PERSONNEL COMP. FULL-TIME PERMANENT,604,718006.97,718006.97,ok,segment,,,
SENATOR LISA BLUNT ROCHESTER,2025,SENATORS’ OFFICIAL PERSONNEL AND OFFICE EXPENSE ACCOUNT,603,PERSONNEL BENEFITS,604,2646.5,0.0,no_records,segment,,,
SENATOR LISA BLUNT ROCHESTER,2025,SENATORS’ OFFICIAL PERSONNEL AND OFFICE EXPENSE ACCOUNT,603,NET PAYROLL EXPENSES,604,720653.47,720653.47,ok,block_running_total,,,
SENATOR LISA BLUNT ROCHESTER,2025,SENATORS’ OFFICIAL PERSONNEL AND OFFICE EXPENSE ACCOUNT,603,TRAVEL AND TRANSPORTATION OF PERSONS,606,3325.83,3325.83,ok,segment,,,
SENATOR LISA BLUNT ROCHESTER,2025,SENATORS’ OFFICIAL PERSONNEL AND OFFICE EXPENSE ACCOUNT,603,OTHER CONTRACTUAL SERVICES,606,21610.0,21610.0,ok,segment,,,
SENATOR LISA BLUNT ROCHESTER,2025,SENATORS’ OFFICIAL PERSONNEL AND OFFICE EXPENSE ACCOUNT,603,ACQUISITION OF ASSETS,606,7722.98,7722.98,ok,segment,,,
SENATOR LISA BLUNT ROCHESTER,2025,SENATORS’ OFFICIAL PERSONNEL AND OFFICE EXPENSE ACCOUNT,603,BANNER NET PAYROLL,603,720653.47,720653.47,ok,banner,,,
SENATOR LISA BLUNT ROCHESTER,2025,SENATORS’ OFFICIAL PERSONNEL AND OFFICE EXPENSE ACCOUNT,603,BANNER ORGANIZATION TOTALS,603,870330.57,753312.28,warn,banner,,,banner_only_categories
INTERN COMPENSATION - BLUNT ROCHESTER,2025,SENATORS’ OFFICIAL PERSONNEL AND OFFICE EXPENSE ACCOUNT,607,BANNER NET PAYROLL,607,,0.0,not_applicable,banner,,,
INTERN COMPENSATION - BLUNT ROCHESTER,2025,SENATORS’ OFFICIAL PERSONNEL AND OFFICE EXPENSE ACCOUNT,607,BANNER ORGANIZATION TOTALS,607,0.0,0.0,ok,banner,,,
SENATOR CORY BOOKER,2023,SENATORS’ OFFICIAL PERSONNEL AND OFFICE EXPENSE ACCOUNT,608,TRAVEL AND TRANSPORTATION OF PERSONS,608,647.56,647.56,ok,segment,,,
SENATOR CORY BOOKER,2023,SENATORS’ OFFICIAL PERSONNEL AND OFFICE EXPENSE ACCOUNT,608,BANNER NET PAYROLL,608,0.0,0.0,banner_missing,banner,,,
SENATOR CORY BOOKER,2023,SENATORS’ OFFICIAL PERSONNEL AND OFFICE EXPENSE ACCOUNT,608,BANNER ORGANIZATION TOTALS,608,3432.65,647.56,warn,banner,,,banner_only_categories
INTERN COMPENSATION - BOOKER,2023,SENATORS’ OFFICIAL PERSONNEL AND OFFICE EXPENSE ACCOUNT,609,BANNER NET PAYROLL,609,0.0,0.0,banner_missing,banner,,,
INTERN COMPENSATION - BOOKER,2023,SENATORS’ OFFICIAL PERSONNEL AND OFFICE EXPENSE ACCOUNT,609,BANNER ORGANIZATION TOTALS,609,0.0,0.0,ok,banner,,,
SENATOR CORY BOOKER,2024,SENATORS’ OFFICIAL PERSONNEL AND OFFICE EXPENSE ACCOUNT,610,PERSONNEL BENEFITS,610,394.65,0.0,no_records,segment,,,
SENATOR CORY BOOKER,2024,SENATORS’ OFFICIAL PERSONNEL AND OFFICE EXPENSE ACCOUNT,610,NET PAYROLL EXPENSES,610,394.65,394.65,ok,block_running_total,,,
SENATOR CORY BOOKER,2024,SENATORS’ OFFICIAL PERSONNEL AND OFFICE EXPENSE ACCOUNT,610,TRAVEL AND TRANSPORTATION OF PERSONS,612,10401.88,10401.88,ok,segment,,,
SENATOR CORY BOOKER,2024,SENATORS’ OFFICIAL PERSONNEL AND OFFICE EXPENSE ACCOUNT,610,OTHER CONTRACTUAL SERVICES,612,500.0,500.0,ok,segment,,,
SENATOR CORY BOOKER,2024,SENATORS’ OFFICIAL PERSONNEL AND OFFICE EXPENSE ACCOUNT,610,ACQUISITION OF ASSETS,612,61035.46,61035.46,ok,segment,,,
SENATOR CORY BOOKER,2024,SENATORS’ OFFICIAL PERSONNEL AND OFFICE EXPENSE ACCOUNT,610,BANNER NET PAYROLL,610,890.44,394.65,fail,banner,,,fy_boundary_pattern
SENATOR CORY BOOKER,2024,SENATORS’ OFFICIAL PERSONNEL AND OFFICE EXPENSE ACCOUNT,610,BANNER ORGANIZATION TOTALS,610,96271.19,72331.99,warn,banner,,,captured_bvb_mismatch
INTERN COMPENSATION - BOOKER,2024,SENATORS’ OFFICIAL PERSONNEL AND OFFICE EXPENSE ACCOUNT,613,BANNER NET PAYROLL,613,0.0,0.0,banner_missing,banner,,,
INTERN COMPENSATION - BOOKER,2024,SENATORS’ OFFICIAL PERSONNEL AND OFFICE EXPENSE ACCOUNT,613,BANNER ORGANIZATION TOTALS,613,0.0,0.0,ok,banner,,,
SENATOR CORY BOOKER,2025,SENATORS’ OFFICIAL PERSONNEL AND OFFICE EXPENSE ACCOUNT,614,PERSONNEL COMP. FULL-TIME PERMANENT,615,2006347.22,2006347.22,ok,segment,,,
SENATOR CORY BOOKER,2025,SENATORS’ OFFICIAL PERSONNEL AND OFFICE EXPENSE ACCOUNT,614,PERSONNEL BENEFITS,615,7618.28,0.0,no_records,segment,,,
SENATOR CORY BOOKER,2025,SENATORS’ OFFICIAL PERSONNEL AND OFFICE EXPENSE ACCOUNT,614,NET PAYROLL EXPENSES,615,2013965.5,2013965.5,ok,block_running_total,,,
SENATOR CORY BOOKER,2025,SENATORS’ OFFICIAL PERSONNEL AND OFFICE EXPENSE ACCOUNT,614,TRAVEL AND TRANSPORTATION OF PERSONS,620,21394.93,21394.93,ok,segment,,,
SENATOR CORY BOOKER,2025,SENATORS’ OFFICIAL PERSONNEL AND OFFICE EXPENSE ACCOUNT,614,OTHER CONTRACTUAL SERVICES,620,20080.0,20080.0,ok,segment,,,
SENATOR CORY BOOKER,2025,SENATORS’ OFFICIAL PERSONNEL AND OFFICE EXPENSE ACCOUNT,614,BANNER NET PAYROLL,614,2013469.71,2013965.5,fail,banner,,,fy_boundary_pattern
SENATOR CORY BOOKER,2025,SENATORS’ OFFICIAL PERSONNEL AND OFFICE EXPENSE ACCOUNT,614,BANNER ORGANIZATION TOTALS,614,2097340.25,2055440.43,warn,banner,,,captured_bvb_mismatch
INTERN COMPENSATION - BOOKER,2025,SENATORS’ OFFICIAL PERSONNEL AND OFFICE EXPENSE ACCOUNT,621,PERSONNEL COMP. FULL-TIME PERMANENT,621,49999.9,49999.9,ok,segment,,,
INTERN COMPENSATION - BOOKER,2025,SENATORS’ OFFICIAL PERSONNEL AND OFFICE EXPENSE ACCOUNT,621,NET PAYROLL EXPENSES,621,49999.9,49999.9,ok,block_running_total,,,
INTERN COMPENSATION - BOOKER,2025,SENATORS’ OFFICIAL PERSONNEL AND OFFICE EXPENSE ACCOUNT,621,BANNER NET PAYROLL,621,49999.9,49999.9,ok,banner,,,
INTERN COMPENSATION - BOOKER,2025,SENATORS’ OFFICIAL PERSONNEL AND OFFICE EXPENSE ACCOUNT,621,BANNER ORGANIZATION TOTALS,621,49999.9,49999.9,ok,banner,,,
SENATOR JOHN BOOZMAN,2023,SENATORS’ OFFICIAL PERSONNEL AND OFFICE EXPENSE ACCOUNT,622,BANNER NET PAYROLL,622,0.0,0.0,banner_missing,banner,,,
SENATOR JOHN BOOZMAN,2023,SENATORS’ OFFICIAL PERSONNEL AND OFFICE EXPENSE ACCOUNT,622,BANNER ORGANIZATION TOTALS,622,0.0,0.0,ok,banner,,,
INTERN COMPENSATION - BOOZMAN,2023,SENATORS’ OFFICIAL PERSONNEL AND OFFICE EXPENSE ACCOUNT,623,BANNER NET PAYROLL,623,0.0,0.0,banner_missing,banner,,,
INTERN COMPENSATION - BOOZMAN,2023,SENATORS’ OFFICIAL PERSONNEL AND OFFICE EXPENSE ACCOUNT,623,BANNER ORGANIZATION TOTALS,623,0.0,0.0,ok,banner,,,
SENATOR JOHN BOOZMAN,2024,SENATORS’ OFFICIAL PERSONNEL AND OFFICE EXPENSE ACCOUNT,624,PERSONNEL BENEFITS,624,977.18,0.0,no_records,segment,,,
SENATOR JOHN BOOZMAN,2024,SENATORS’ OFFICIAL PERSONNEL AND OFFICE EXPENSE ACCOUNT,624,NET PAYROLL EXPENSES,624,977.18,977.18,ok,block_running_total,,,
SENATOR JOHN BOOZMAN,2024,SENATORS’ OFFICIAL PERSONNEL AND OFFICE EXPENSE ACCOUNT,624,TRAVEL AND TRANSPORTATION OF PERSONS,625,5731.4,5731.4,ok,segment,,,
SENATOR JOHN BOOZMAN,2024,SENATORS’ OFFICIAL PERSONNEL AND OFFICE EXPENSE ACCOUNT,624,OTHER CONTRACTUAL SERVICES,625,407.9,407.9,ok,segment,,,
SENATOR JOHN BOOZMAN,2024,SENATORS’ OFFICIAL PERSONNEL AND OFFICE EXPENSE ACCOUNT,624,ACQUISITION OF ASSETS,626,1349.05,1349.05,ok,segment,,,
SENATOR JOHN BOOZMAN,2024,SENATORS’ OFFICIAL PERSONNEL AND OFFICE EXPENSE ACCOUNT,624,BANNER NET PAYROLL,624,977.18,977.18,ok,banner,,,
SENATOR JOHN BOOZMAN,2024,SENATORS’ OFFICIAL PERSONNEL AND OFFICE EXPENSE ACCOUNT,624,BANNER ORGANIZATION TOTALS,624,51063.22,8465.53,warn,banner,,,banner_only_categories
INTERN COMPENSATION - BOOZMAN,2024,SENATORS’ OFFICIAL PERSONNEL AND OFFICE EXPENSE ACCOUNT,627,BANNER NET PAYROLL,627,0.0,0.0,banner_missing,banner,,,
INTERN COMPENSATION - BOOZMAN,2024,SENATORS’ OFFICIAL PERSONNEL AND OFFICE EXPENSE ACCOUNT,627,BANNER ORGANIZATION TOTALS,627,0.0,0.0,ok,banner,,,
SENATOR JOHN BOOZMAN,2025,SENATORS’ OFFICIAL PERSONNEL AND OFFICE EXPENSE ACCOUNT,628,PERSONNEL COMP. FULL-TIME PERMANENT,629,1596083.53,1596083.53,ok,segment,,,
SENATOR JOHN BOOZMAN,2025,SENATORS’ OFFICIAL PERSONNEL AND OFFICE EXPENSE ACCOUNT,628,RE-EMPLOYED ANNUITANTS,629,4554.0,0.0,no_records,segment,,,
SENATOR JOHN BOOZMAN,2025,SENATORS’ OFFICIAL PERSONNEL AND OFFICE EXPENSE ACCOUNT,628,PERSONNEL BENEFITS,629,1872.15,0.0,no_records,segment,,,
SENATOR JOHN BOOZMAN,2025,SENATORS’ OFFICIAL PERSONNEL AND OFFICE EXPENSE ACCOUNT,628,NET PAYROLL EXPENSES,629,1602509.68,1602509.68,ok,block_running_total,,,
SENATOR JOHN BOOZMAN,2025,SENATORS’ OFFICIAL PERSONNEL AND OFFICE EXPENSE ACCOUNT,628,TRAVEL AND TRANSPORTATION OF PERSONS,638,42767.88,42767.88,ok,segment,,,
SENATOR JOHN BOOZMAN,2025,SENATORS’ OFFICIAL PERSONNEL AND OFFICE EXPENSE ACCOUNT,628,OTHER CONTRACTUAL SERVICES,638,1690.98,1690.98,ok,segment,,,
SENATOR JOHN BOOZMAN,2025,SENATORS’ OFFICIAL PERSONNEL AND OFFICE EXPENSE ACCOUNT,628,ACQUISITION OF ASSETS,638,8432.58,8432.58,ok,segment,,,
SENATOR JOHN BOOZMAN,2025,SENATORS’ OFFICIAL PERSONNEL AND OFFICE EXPENSE ACCOUNT,628,BANNER NET PAYROLL,628,1602509.68,1602509.68,ok,banner,,,
SENATOR JOHN BOOZMAN,2025,SENATORS’ OFFICIAL PERSONNEL AND OFFICE EXPENSE ACCOUNT,628,BANNER ORGANIZATION TOTALS,628,1687915.41,1655401.12,warn,banner,,,banner_only_categories
INTERN COMPENSATION - BOOZMAN,2025,SENATORS’ OFFICIAL PERSONNEL AND OFFICE EXPENSE ACCOUNT,639,PERSONNEL COMP. FULL-TIME PERMANENT,639,1664.99,1664.99,ok,segment,,,
INTERN COMPENSATION - BOOZMAN,2025,SENATORS’ OFFICIAL PERSONNEL AND OFFICE EXPENSE ACCOUNT,639,NET PAYROLL EXPENSES,639,1664.99,1664.99,ok,block_running_total,,,
INTERN COMPENSATION - BOOZMAN,2025,SENATORS’ OFFICIAL PERSONNEL AND OFFICE EXPENSE ACCOUNT,639,BANNER NET PAYROLL,639,1664.99,1664.99,ok,banner,,,
INTERN COMPENSATION - BOOZMAN,2025,SENATORS’ OFFICIAL PERSONNEL AND OFFICE EXPENSE ACCOUNT,639,BANNER ORGANIZATION TOTALS,639,1664.99,1664.99,ok,banner,,,
SENATOR MIKE BRAUN,2023,SENATORS’ OFFICIAL PERSONNEL AND OFFICE EXPENSE ACCOUNT,640,BANNER NET PAYROLL,640,0.0,0.0,banner_missing,banner,,,
SENATOR MIKE BRAUN,2023,SENATORS’ OFFICIAL PERSONNEL AND OFFICE EXPENSE ACCOUNT,640,BANNER ORGANIZATION TOTALS,640,0.0,0.0,ok,banner,,,
INTERN COMPENSATION - BRAUN,2023,SENATORS’ OFFICIAL PERSONNEL AND OFFICE EXPENSE ACCOUNT,641,BANNER NET PAYROLL,641,0.0,0.0,banner_missing,banner,,,
INTERN COMPENSATION - BRAUN,2023,SENATORS’ OFFICIAL PERSONNEL AND OFFICE EXPENSE ACCOUNT,641,BANNER ORGANIZATION TOTALS,641,0.0,0.0,ok,banner,,,
SENATOR MIKE BRAUN,2024,SENATORS’ OFFICIAL PERSONNEL AND OFFICE EXPENSE ACCOUNT,642,PERSONNEL BENEFITS,642,284.0,0.0,no_records,segment,,,
SENATOR MIKE BRAUN,2024,SENATORS’ OFFICIAL PERSONNEL AND OFFICE EXPENSE ACCOUNT,642,NET PAYROLL EXPENSES,642,284.0,284.0,ok,block_running_total,,,
SENATOR MIKE BRAUN,2024,SENATORS’ OFFICIAL PERSONNEL AND OFFICE EXPENSE ACCOUNT,642,TRAVEL AND TRANSPORTATION OF PERSONS,644,11776.48,11776.48,ok,segment,,,
SENATOR MIKE BRAUN,2024,SENATORS’ OFFICIAL PERSONNEL AND OFFICE EXPENSE ACCOUNT,642,OTHER CONTRACTUAL SERVICES,644,1487.5,1487.5,ok,segment,,,
SENATOR MIKE BRAUN,2024,SENATORS’ OFFICIAL PERSONNEL AND OFFICE EXPENSE ACCOUNT,642,BANNER NET PAYROLL,642,284.0,284.0,ok,banner,,,
SENATOR MIKE BRAUN,2024,SENATORS’ OFFICIAL PERSONNEL AND OFFICE EXPENSE ACCOUNT,642,BANNER ORGANIZATION TOTALS,642,22043.76,13547.98,warn,banner,,,banner_only_categories
INTERN COMPENSATION - BRAUN,2024,SENATORS’ OFFICIAL PERSONNEL AND OFFICE EXPENSE ACCOUNT,645,BANNER NET PAYROLL,645,0.0,0.0,banner_missing,banner,,,
INTERN COMPENSATION - BRAUN,2024,SENATORS’ OFFICIAL PERSONNEL AND OFFICE EXPENSE ACCOUNT,645,BANNER ORGANIZATION TOTALS,645,0.0,0.0,ok,banner,,,
SENATOR MIKE BRAUN,2025,SENATORS’ OFFICIAL PERSONNEL AND OFFICE EXPENSE ACCOUNT,646,PERSONNEL COMP. FULL-TIME PERMANENT,647,1254090.16,1254090.16,ok,segment,,,
SENATOR MIKE BRAUN,2025,SENATORS’ OFFICIAL PERSONNEL AND OFFICE EXPENSE ACCOUNT,646,RE-EMPLOYED ANNUITANTS,647,1768.93,0.0,no_records,segment,,,
SENATOR MIKE BRAUN,2025,SENATORS’ OFFICIAL PERSONNEL AND OFFICE EXPENSE ACCOUNT,646,PERSONNEL BENEFITS,647,1030.0,0.0,no_records,segment,,,
SENATOR MIKE BRAUN,2025,SENATORS’ OFFICIAL PERSONNEL AND OFFICE EXPENSE ACCOUNT,646,NET PAYROLL EXPENSES,647,1256889.09,1256889.09,ok,block_running_total,,,
SENATOR MIKE BRAUN,2025,SENATORS’ OFFICIAL PERSONNEL AND OFFICE EXPENSE ACCOUNT,646,TRAVEL AND TRANSPORTATION OF PERSONS,651,37295.91,37295.91,ok,segment,,,
SENATOR MIKE BRAUN,2025,SENATORS’ OFFICIAL PERSONNEL AND OFFICE EXPENSE ACCOUNT,646,ACQUISITION OF ASSETS,651,-994.79,-994.79,ok,segment,,,
SENATOR MIKE BRAUN,2025,SENATORS’ OFFICIAL PERSONNEL AND OFFICE EXPENSE ACCOUNT,646,BANNER NET PAYROLL,646,1256889.09,1256889.09,ok,banner,,,
SENATOR MIKE BRAUN,2025,SENATORS’ OFFICIAL PERSONNEL AND OFFICE EXPENSE ACCOUNT,646,BANNER ORGANIZATION TOTALS,646,1308177.31,1293190.21,warn,banner,,,banner_only_categories
INTERN COMPENSATION - BRAUN,2025,SENATORS’ OFFICIAL PERSONNEL AND OFFICE EXPENSE ACCOUNT,652,BANNER NET PAYROLL,652,,0.0,not_applicable,banner,,,
INTERN COMPENSATION - BRAUN,2025,SENATORS’ OFFICIAL PERSONNEL AND OFFICE EXPENSE ACCOUNT,652,BANNER ORGANIZATION TOTALS,652,0.0,0.0,ok,banner,,,
SENATOR KATIE BRITT,2023,SENATORS’ OFFICIAL PERSONNEL AND OFFICE EXPENSE ACCOUNT,653,TRAVEL AND TRANSPORTATION OF PERSONS,653,2711.62,2711.62,ok,segment,,,
SENATOR KATIE BRITT,2023,SENATORS’ OFFICIAL PERSONNEL AND OFFICE EXPENSE ACCOUNT,653,BANNER NET PAYROLL,653,0.0,0.0,banner_missing,banner,,,
SENATOR KATIE BRITT,2023,SENATORS’ OFFICIAL PERSONNEL AND OFFICE EXPENSE ACCOUNT,653,BANNER ORGANIZATION TOTALS,653,2711.62,2711.62,ok,banner,,,
INTERN COMPENSATION - BRITT,2023,SENATORS’ OFFICIAL PERSONNEL AND OFFICE EXPENSE ACCOUNT,654,BANNER NET PAYROLL,654,0.0,0.0,banner_missing,banner,,,
INTERN COMPENSATION - BRITT,2023,SENATORS’ OFFICIAL PERSONNEL AND OFFICE EXPENSE ACCOUNT,654,BANNER ORGANIZATION TOTALS,654,0.0,0.0,ok,banner,,,
SENATOR KATIE BRITT,2024,SENATORS’ OFFICIAL PERSONNEL AND OFFICE EXPENSE ACCOUNT,655,TRAVEL AND TRANSPORTATION OF PERSONS,659,22892.33,22892.33,ok,segment,,,
SENATOR KATIE BRITT,2024,SENATORS’ OFFICIAL PERSONNEL AND OFFICE EXPENSE ACCOUNT,655,OTHER CONTRACTUAL SERVICES,659,20044.25,20044.25,ok,segment,,,
SENATOR KATIE BRITT,2024,SENATORS’ OFFICIAL PERSONNEL AND OFFICE EXPENSE ACCOUNT,655,ACQUISITION OF ASSETS,660,123143.9,123143.9,ok,segment,,,
SENATOR KATIE BRITT,2024,SENATORS’ OFFICIAL PERSONNEL AND OFFICE EXPENSE ACCOUNT,655,BANNER NET PAYROLL,655,2041.5,0.0,banner_missing,banner,,,
SENATOR KATIE BRITT,2024,SENATORS’ OFFICIAL PERSONNEL AND OFFICE EXPENSE ACCOUNT,655,BANNER ORGANIZATION TOTALS,655,182683.94,166080.48,warn,banner,,,banner_only_categories
INTERN COMPENSATION - BRITT,2024,SENATORS’ OFFICIAL PERSONNEL AND OFFICE EXPENSE ACCOUNT,661,BANNER NET PAYROLL,661,0.0,0.0,banner_missing,banner,,,
INTERN COMPENSATION - BRITT,2024,SENATORS’ OFFICIAL PERSONNEL AND OFFICE EXPENSE ACCOUNT,661,BANNER ORGANIZATION TOTALS,661,0.0,0.0,ok,banner,,,
SENATOR KATIE BRITT,2025,SENATORS’ OFFICIAL PERSONNEL AND OFFICE EXPENSE ACCOUNT,662,PERSONNEL COMP. FULL-TIME PERMANENT,663,1769921.5,1769921.5,ok,segment,,,
SENATOR KATIE BRITT,2025,SENATORS’ OFFICIAL PERSONNEL AND OFFICE EXPENSE ACCOUNT,662,PERSONNEL BENEFITS,663,753.95,0.0,no_records,segment,,,
SENATOR KATIE BRITT,2025,SENATORS’ OFFICIAL PERSONNEL AND OFFICE EXPENSE ACCOUNT,662,NET PAYROLL EXPENSES,663,1770675.45,1770675.45,ok,block_running_total,,,
SENATOR KATIE BRITT,2025,SENATORS’ OFFICIAL PERSONNEL AND OFFICE EXPENSE ACCOUNT,662,TRAVEL AND TRANSPORTATION OF PERSONS,674,69093.35,69093.35,ok,segment,,,
SENATOR KATIE BRITT,2025,SENATORS’ OFFICIAL PERSONNEL AND OFFICE EXPENSE ACCOUNT,662,OTHER CONTRACTUAL SERVICES,674,12261.15,12261.15,ok,segment,,,
SENATOR KATIE BRITT,2025,SENATORS’ OFFICIAL PERSONNEL AND OFFICE EXPENSE ACCOUNT,662,ACQUISITION OF ASSETS,674,1412.02,1412.02,ok,segment,,,
SENATOR KATIE BRITT,2025,SENATORS’ OFFICIAL PERSONNEL AND OFFICE EXPENSE ACCOUNT,662,BANNER NET PAYROLL,662,1768633.95,1770675.45,fail,banner,,,fy_boundary_pattern
SENATOR KATIE BRITT,2025,SENATORS’ OFFICIAL PERSONNEL AND OFFICE EXPENSE ACCOUNT,662,BANNER ORGANIZATION TOTALS,662,1942252.22,1853441.97,warn,banner,,,captured_bvb_mismatch
INTERN COMPENSATION - BRITT,2025,SENATORS’ OFFICIAL PERSONNEL AND OFFICE EXPENSE ACCOUNT,675,PERSONNEL COMP. FULL-TIME PERMANENT,675,7279.99,7279.99,ok,segment,,,
INTERN COMPENSATION - BRITT,2025,SENATORS’ OFFICIAL PERSONNEL AND OFFICE EXPENSE ACCOUNT,675,NET PAYROLL EXPENSES,675,7279.99,7279.99,ok,block_running_total,,,
INTERN COMPENSATION - BRITT,2025,SENATORS’ OFFICIAL PERSONNEL AND OFFICE EXPENSE ACCOUNT,675,BANNER NET PAYROLL,675,7279.99,7279.99,ok,banner,,,
INTERN COMPENSATION - BRITT,2025,SENATORS’ OFFICIAL PERSONNEL AND OFFICE EXPENSE ACCOUNT,675,BANNER ORGANIZATION TOTALS,675,7279.99,7279.99,ok,banner,,,
SENATOR SHERROD BROWN,2023,SENATORS’ OFFICIAL PERSONNEL AND OFFICE EXPENSE ACCOUNT,676,BANNER NET PAYROLL,676,0.0,0.0,banner_missing,banner,,,
SENATOR SHERROD BROWN,2023,SENATORS’ OFFICIAL PERSONNEL AND OFFICE EXPENSE ACCOUNT,676,BANNER ORGANIZATION TOTALS,676,0.0,0.0,ok,banner,,,
INTERN COMPENSATION - BROWN,2023,SENATORS’ OFFICIAL PERSONNEL AND OFFICE EXPENSE ACCOUNT,677,BANNER NET PAYROLL,677,0.0,0.0,banner_missing,banner,,,
INTERN COMPENSATION - BROWN,2023,SENATORS’ OFFICIAL PERSONNEL AND OFFICE EXPENSE ACCOUNT,677,BANNER ORGANIZATION TOTALS,677,0.0,0.0,ok,banner,,,
SENATOR SHERROD BROWN,2024,SENATORS’ OFFICIAL PERSONNEL AND OFFICE EXPENSE ACCOUNT,678,PERSONNEL BENEFITS,678,614.16,0.0,no_records,segment,,,
SENATOR SHERROD BROWN,2024,SENATORS’ OFFICIAL PERSONNEL AND OFFICE EXPENSE ACCOUNT,678,NET PAYROLL EXPENSES,678,614.16,614.16,ok,block_running_total,,,
SENATOR SHERROD BROWN,2024,SENATORS’ OFFICIAL PERSONNEL AND OFFICE EXPENSE ACCOUNT,678,TRAVEL AND TRANSPORTATION OF PERSONS,681,13619.71,13619.71,ok,segment,,,
SENATOR SHERROD BROWN,2024,SENATORS’ OFFICIAL PERSONNEL AND OFFICE EXPENSE ACCOUNT,678,OTHER CONTRACTUAL SERVICES,681,2743.6,2743.6,ok,segment,,,
SENATOR SHERROD BROWN,2024,SENATORS’ OFFICIAL PERSONNEL AND OFFICE EXPENSE ACCOUNT,678,BANNER NET PAYROLL,678,2453.83,614.16,fail,banner,,,fy_boundary_pattern
SENATOR SHERROD BROWN,2024,SENATORS’ OFFICIAL PERSONNEL AND OFFICE EXPENSE ACCOUNT,678,BANNER ORGANIZATION TOTALS,678,32912.18,16977.47,warn,banner,,,captured_bvb_mismatch
INTERN COMPENSATION - BROWN,2024,SENATORS’ OFFICIAL PERSONNEL AND OFFICE EXPENSE ACCOUNT,682,BANNER NET PAYROLL,682,0.0,0.0,banner_missing,banner,,,
INTERN COMPENSATION - BROWN,2024,SENATORS’ OFFICIAL PERSONNEL AND OFFICE EXPENSE ACCOUNT,682,BANNER ORGANIZATION TOTALS,682,0.0,0.0,ok,banner,,,
SENATOR SHERROD BROWN,2025,SENATORS’ OFFICIAL PERSONNEL AND OFFICE EXPENSE ACCOUNT,683,PERSONNEL COMP. FULL-TIME PERMANENT,685,1529728.33,1529728.33,ok,segment,,,
SENATOR SHERROD BROWN,2025,SENATORS’ OFFICIAL PERSONNEL AND OFFICE EXPENSE ACCOUNT,683,PERSONNEL BENEFITS,685,2067.39,0.0,no_records,segment,,,
SENATOR SHERROD BROWN,2025,SENATORS’ OFFICIAL PERSONNEL AND OFFICE EXPENSE ACCOUNT,683,NET PAYROLL EXPENSES,685,1531795.72,1531795.72,ok,block_running_total,,,
SENATOR SHERROD BROWN,2025,SENATORS’ OFFICIAL PERSONNEL AND OFFICE EXPENSE ACCOUNT,683,TRAVEL AND TRANSPORTATION OF PERSONS,691,23259.72,23259.72,ok,segment,,,
SENATOR SHERROD BROWN,2025,SENATORS’ OFFICIAL PERSONNEL AND OFFICE EXPENSE ACCOUNT,683,OTHER CONTRACTUAL SERVICES,691,711.33,711.33,ok,segment,,,
SENATOR SHERROD BROWN,2025,SENATORS’ OFFICIAL PERSONNEL AND OFFICE EXPENSE ACCOUNT,683,ACQUISITION OF ASSETS,691,24946.97,24946.97,ok,segment,,,
SENATOR SHERROD BROWN,2025,SENATORS’ OFFICIAL PERSONNEL AND OFFICE EXPENSE ACCOUNT,683,BANNER NET PAYROLL,683,1532760.29,1531795.72,fail,banner,,,fy_boundary_pattern
SENATOR SHERROD BROWN,2025,SENATORS’ OFFICIAL PERSONNEL AND OFFICE EXPENSE ACCOUNT,683,BANNER ORGANIZATION TOTALS,683,1598891.23,1580713.74,warn,banner,,,captured_bvb_mismatch
INTERN COMPENSATION - BROWN,2025,SENATORS’ OFFICIAL PERSONNEL AND OFFICE EXPENSE ACCOUNT,692,PERSONNEL COMP. FULL-TIME PERMANENT,692,28604.24,28604.24,ok,segment,,,
INTERN COMPENSATION - BROWN,2025,SENATORS’ OFFICIAL PERSONNEL AND OFFICE EXPENSE ACCOUNT,692,NET PAYROLL EXPENSES,692,28604.24,28604.24,ok,block_running_total,,,
INTERN COMPENSATION - BROWN,2025,SENATORS’ OFFICIAL PERSONNEL AND OFFICE EXPENSE ACCOUNT,692,BANNER NET PAYROLL,692,25800.0,28604.24,fail,banner,,,fy_boundary_pattern
INTERN COMPENSATION - BROWN,2025,SENATORS’ OFFICIAL PERSONNEL AND OFFICE EXPENSE ACCOUNT,692,BANNER ORGANIZATION TOTALS,692,25800.0,28604.24,warn,banner,,,captured_bvb_mismatch
SENATOR THEODORE BUDD,2023,SENATORS’ OFFICIAL PERSONNEL AND OFFICE EXPENSE ACCOUNT,693,BANNER NET PAYROLL,693,0.0,0.0,banner_missing,banner,,,
SENATOR THEODORE BUDD,2023,SENATORS’ OFFICIAL PERSONNEL AND OFFICE EXPENSE ACCOUNT,693,BANNER ORGANIZATION TOTALS,693,0.0,0.0,ok,banner,,,
INTERN COMPENSATION - BUDD,2023,SENATORS’ OFFICIAL PERSONNEL AND OFFICE EXPENSE ACCOUNT,694,BANNER NET PAYROLL,694,0.0,0.0,banner_missing,banner,,,
INTERN COMPENSATION - BUDD,2023,SENATORS’ OFFICIAL PERSONNEL AND OFFICE EXPENSE ACCOUNT,694,BANNER ORGANIZATION TOTALS,694,0.0,0.0,ok,banner,,,
SENATOR THEODORE BUDD,2024,SENATORS’ OFFICIAL PERSONNEL AND OFFICE EXPENSE ACCOUNT,695,PERSONNEL BENEFITS,695,2239.4,0.0,no_records,segment,,,
SENATOR THEODORE BUDD,2024,SENATORS’ OFFICIAL PERSONNEL AND OFFICE EXPENSE ACCOUNT,695,NET PAYROLL EXPENSES,695,2239.4,2239.4,ok,block_running_total,,,
SENATOR THEODORE BUDD,2024,SENATORS’ OFFICIAL PERSONNEL AND OFFICE EXPENSE ACCOUNT,695,TRAVEL AND TRANSPORTATION OF PERSONS,698,17844.06,17844.06,ok,segment,,,
SENATOR THEODORE BUDD,2024,SENATORS’ OFFICIAL PERSONNEL AND OFFICE EXPENSE ACCOUNT,695,OTHER CONTRACTUAL SERVICES,698,2695.0,2695.0,ok,segment,,,
SENATOR THEODORE BUDD,2024,SENATORS’ OFFICIAL PERSONNEL AND OFFICE EXPENSE ACCOUNT,695,ACQUISITION OF ASSETS,698,30335.73,30335.73,ok,segment,,,
SENATOR THEODORE BUDD,2024,SENATORS’ OFFICIAL PERSONNEL AND OFFICE EXPENSE ACCOUNT,695,BANNER NET PAYROLL,695,2239.4,2239.4,ok,banner,,,
SENATOR THEODORE BUDD,2024,SENATORS’ OFFICIAL PERSONNEL AND OFFICE EXPENSE ACCOUNT,695,BANNER ORGANIZATION TOTALS,695,129594.35,53114.19,warn,banner,,,banner_only_categories
INTERN COMPENSATION - BUDD,2024,SENATORS’ OFFICIAL PERSONNEL AND OFFICE EXPENSE ACCOUNT,699,BANNER NET PAYROLL,699,0.0,0.0,banner_missing,banner,,,
INTERN COMPENSATION - BUDD,2024,SENATORS’ OFFICIAL PERSONNEL AND OFFICE EXPENSE ACCOUNT,699,BANNER ORGANIZATION TOTALS,699,0.0,0.0,ok,banner,,,
SENATOR THEODORE BUDD,2025,SENATORS’ OFFICIAL PERSONNEL AND OFFICE EXPENSE ACCOUNT,700,PERSONNEL COMP. FULL-TIME PERMANENT,701,1777570.87,1777570.87,ok,segment,,,
SENATOR THEODORE BUDD,2025,SENATORS’ OFFICIAL PERSONNEL AND OFFICE EXPENSE ACCOUNT,700,PERSONNEL BENEFITS,701,1849.95,0.0,no_records,segment,,,
SENATOR THEODORE BUDD,2025,SENATORS’ OFFICIAL PERSONNEL AND OFFICE EXPENSE ACCOUNT,700,NET PAYROLL EXPENSES,701,1779420.82,1779420.82,ok,block_running_total,,,
SENATOR THEODORE BUDD,2025,SENATORS’ OFFICIAL PERSONNEL AND OFFICE EXPENSE ACCOUNT,700,TRAVEL AND TRANSPORTATION OF PERSONS,715,61733.74,61733.74,ok,segment,,,
SENATOR THEODORE BUDD,2025,SENATORS’ OFFICIAL PERSONNEL AND OFFICE EXPENSE ACCOUNT,700,OTHER CONTRACTUAL SERVICES,715,12943.75,12943.75,ok,segment,,,
SENATOR THEODORE BUDD,2025,SENATORS’ OFFICIAL PERSONNEL AND OFFICE EXPENSE ACCOUNT,700,ACQUISITION OF ASSETS,715,26630.49,26630.49,ok,segment,,,
SENATOR THEODORE BUDD,2025,SENATORS’ OFFICIAL PERSONNEL AND OFFICE EXPENSE ACCOUNT,700,BANNER NET PAYROLL,700,1779420.82,1779420.82,ok,banner,,,
SENATOR THEODORE BUDD,2025,SENATORS’ OFFICIAL PERSONNEL AND OFFICE EXPENSE ACCOUNT,700,BANNER ORGANIZATION TOTALS,700,1909270.92,1880728.8,warn,banner,,,banner_only_categories
INTERN COMPENSATION - BUDD,2025,SENATORS’ OFFICIAL PERSONNEL AND OFFICE EXPENSE ACCOUNT,716,PERSONNEL COMP. FULL-TIME PERMANENT,716,22265.32,22265.32,ok,segment,,,
INTERN COMPENSATION - BUDD,2025,SENATORS’ OFFICIAL PERSONNEL AND OFFICE EXPENSE ACCOUNT,716,NET PAYROLL EXPENSES,716,22265.32,22265.32,ok,block_running_total,,,
INTERN COMPENSATION - BUDD,2025,SENATORS’ OFFICIAL PERSONNEL AND OFFICE EXPENSE ACCOUNT,716,BANNER NET PAYROLL,716,22265.32,22265.32,ok,banner,,,
INTERN COMPENSATION - BUDD,2025,SENATORS’ OFFICIAL PERSONNEL AND OFFICE EXPENSE ACCOUNT,716,BANNER ORGANIZATION TOTALS,716,22265.32,22265.32,ok,banner,,,
SENATOR RICHARD BURR,2023,SENATORS’ OFFICIAL PERSONNEL AND OFFICE EXPENSE ACCOUNT,717,BANNER NET PAYROLL,717,0.0,0.0,banner_missing,banner,,,
SENATOR RICHARD BURR,2023,SENATORS’ OFFICIAL PERSONNEL AND OFFICE EXPENSE ACCOUNT,717,BANNER ORGANIZATION TOTALS,717,0.0,0.0,ok,banner,,,
INTERN COMPENSATION - BURR,2023,SENATORS’ OFFICIAL PERSONNEL AND OFFICE EXPENSE ACCOUNT,718,BANNER NET PAYROLL,718,0.0,0.0,banner_missing,banner,,,
INTERN COMPENSATION - BURR,2023,SENATORS’ OFFICIAL PERSONNEL AND OFFICE EXPENSE ACCOUNT,718,BANNER ORGANIZATION TOTALS,718,0.0,0.0,ok,banner,,,
SENATOR LAPHONZA BUTLER,2024,SENATORS’ OFFICIAL PERSONNEL AND OFFICE EXPENSE ACCOUNT,719,PERSONNEL BENEFITS,719,2447.21,0.0,no_records,segment,,,
SENATOR LAPHONZA BUTLER,2024,SENATORS’ OFFICIAL PERSONNEL AND OFFICE EXPENSE ACCOUNT,719,NET PAYROLL EXPENSES,719,2447.21,2447.21,ok,block_running_total,,,
SENATOR LAPHONZA BUTLER,2024,SENATORS’ OFFICIAL PERSONNEL AND OFFICE EXPENSE ACCOUNT,719,TRAVEL AND TRANSPORTATION OF PERSONS,722,24552.82,24552.82,ok,segment,,,
SENATOR LAPHONZA BUTLER,2024,SENATORS’ OFFICIAL PERSONNEL AND OFFICE EXPENSE ACCOUNT,719,OTHER CONTRACTUAL SERVICES,722,1000.0,1000.0,ok,segment,,,
SENATOR LAPHONZA BUTLER,2024,SENATORS’ OFFICIAL PERSONNEL AND OFFICE EXPENSE ACCOUNT,719,ACQUISITION OF ASSETS,722,12658.88,12658.88,ok,segment,,,
SENATOR LAPHONZA BUTLER,2024,SENATORS’ OFFICIAL PERSONNEL AND OFFICE EXPENSE ACCOUNT,719,BANNER NET PAYROLL,719,2644.43,2447.21,fail,banner,,,fy_boundary_pattern
SENATOR LAPHONZA BUTLER,2024,SENATORS’ OFFICIAL PERSONNEL AND OFFICE EXPENSE ACCOUNT,719,BANNER ORGANIZATION TOTALS,719,59881.41,40658.91,warn,banner,,,captured_bvb_mismatch
INTERN COMPENSATION - BUTLER,2024,SENATORS’ OFFICIAL PERSONNEL AND OFFICE EXPENSE ACCOUNT,723,BANNER NET PAYROLL,723,0.0,0.0,banner_missing,banner,,,
INTERN COMPENSATION - BUTLER,2024,SENATORS’ OFFICIAL PERSONNEL AND OFFICE EXPENSE ACCOUNT,723,BANNER ORGANIZATION TOTALS,723,0.0,0.0,ok,banner,,,
SENATOR LAPHONZA BUTLER,2025,SENATORS’ OFFICIAL PERSONNEL AND OFFICE EXPENSE ACCOUNT,724,PERSONNEL COMP. FULL-TIME PERMANENT,725,1188116.61,1188116.61,ok,segment,,,
SENATOR LAPHONZA BUTLER,2025,SENATORS’ OFFICIAL PERSONNEL AND OFFICE EXPENSE ACCOUNT,724,PERSONNEL BENEFITS,725,4799.6,0.0,no_records,segment,,,
SENATOR LAPHONZA BUTLER,2025,SENATORS’ OFFICIAL PERSONNEL AND OFFICE EXPENSE ACCOUNT,724,NET PAYROLL EXPENSES,725,1192916.21,1192916.21,ok,block_running_total,,,
SENATOR LAPHONZA BUTLER,2025,SENATORS’ OFFICIAL PERSONNEL AND OFFICE EXPENSE ACCOUNT,724,TRAVEL AND TRANSPORTATION OF PERSONS,728,12901.17,12901.17,ok,segment,,,
SENATOR LAPHONZA BUTLER,2025,SENATORS’ OFFICIAL PERSONNEL AND OFFICE EXPENSE ACCOUNT,724,OTHER CONTRACTUAL SERVICES,728,2809.0,2809.0,ok,segment,,,
SENATOR LAPHONZA BUTLER,2025,SENATORS’ OFFICIAL PERSONNEL AND OFFICE EXPENSE ACCOUNT,724,ACQUISITION OF ASSETS,728,3808.0,3808.0,ok,segment,,,
SENATOR LAPHONZA BUTLER,2025,SENATORS’ OFFICIAL PERSONNEL AND OFFICE EXPENSE ACCOUNT,724,BANNER NET PAYROLL,724,1192718.99,1192916.21,fail,banner,,,fy_boundary_pattern
SENATOR LAPHONZA BUTLER,2025,SENATORS’ OFFICIAL PERSONNEL AND OFFICE EXPENSE ACCOUNT,724,BANNER ORGANIZATION TOTALS,724,1227373.83,1212434.38,warn,banner,,,captured_bvb_mismatch
INTERN COMPENSATION - BUTLER,2025,SENATORS’ OFFICIAL PERSONNEL AND OFFICE EXPENSE ACCOUNT,729,PERSONNEL COMP. FULL-TIME PERMANENT,729,2340.0,2340.0,ok,segment,,,
INTERN COMPENSATION - BUTLER,2025,SENATORS’ OFFICIAL PERSONNEL AND OFFICE EXPENSE ACCOUNT,729,NET PAYROLL EXPENSES,729,2340.0,2340.0,ok,block_running_total,,,
INTERN COMPENSATION - BUTLER,2025,SENATORS’ OFFICIAL PERSONNEL AND OFFICE EXPENSE ACCOUNT,729,BANNER NET PAYROLL,729,2340.0,2340.0,ok,banner,,,
INTERN COMPENSATION - BUTLER,2025,SENATORS’ OFFICIAL PERSONNEL AND OFFICE EXPENSE ACCOUNT,729,BANNER ORGANIZATION TOTALS,729,2340.0,2340.0,ok,banner,,,
SENATOR MARIA CANTWELL,2023,SENATORS’ OFFICIAL PERSONNEL AND OFFICE EXPENSE ACCOUNT,730,BANNER NET PAYROLL,730,0.0,0.0,banner_missing,banner,,,
SENATOR MARIA CANTWELL,2023,SENATORS’ OFFICIAL PERSONNEL AND OFFICE EXPENSE ACCOUNT,730,BANNER ORGANIZATION TOTALS,730,0.0,0.0,ok,banner,,,
INTERN COMPENSATION - CANTWELL,2023,SENATORS’ OFFICIAL PERSONNEL AND OFFICE EXPENSE ACCOUNT,731,BANNER NET PAYROLL,731,,0.0,not_applicable,banner,,,
INTERN COMPENSATION - CANTWELL,2023,SENATORS’ OFFICIAL PERSONNEL AND OFFICE EXPENSE ACCOUNT,731,BANNER ORGANIZATION TOTALS,731,0.0,0.0,ok,banner,,,
SENATOR MARIA CANTWELL,2024,SENATORS’ OFFICIAL PERSONNEL AND OFFICE EXPENSE ACCOUNT,732,PERSONNEL BENEFITS,732,1128.45,0.0,no_records,segment,,,
SENATOR MARIA CANTWELL,2024,SENATORS’ OFFICIAL PERSONNEL AND OFFICE EXPENSE ACCOUNT,732,NET PAYROLL EXPENSES,732,1128.45,1128.45,ok,block_running_total,,,
SENATOR MARIA CANTWELL,2024,SENATORS’ OFFICIAL PERSONNEL AND OFFICE EXPENSE ACCOUNT,732,TRAVEL AND TRANSPORTATION OF PERSONS,735,16592.16,16592.16,ok,segment,,,
SENATOR MARIA CANTWELL,2024,SENATORS’ OFFICIAL PERSONNEL AND OFFICE EXPENSE ACCOUNT,732,OTHER CONTRACTUAL SERVICES,735,500.0,500.0,ok,segment,,,
SENATOR MARIA CANTWELL,2024,SENATORS’ OFFICIAL PERSONNEL AND OFFICE EXPENSE ACCOUNT,732,BANNER NET PAYROLL,732,607.39,1128.45,fail,banner,,,fy_boundary_pattern
SENATOR MARIA CANTWELL,2024,SENATORS’ OFFICIAL PERSONNEL AND OFFICE EXPENSE ACCOUNT,732,BANNER ORGANIZATION TOTALS,732,26303.96,18220.61,warn,banner,,,captured_bvb_mismatch
INTERN COMPENSATION - CANTWELL,2024,SENATORS’ OFFICIAL PERSONNEL AND OFFICE EXPENSE ACCOUNT,736,BANNER NET PAYROLL,736,0.0,0.0,banner_missing,banner,,,
INTERN COMPENSATION - CANTWELL,2024,SENATORS’ OFFICIAL PERSONNEL AND OFFICE EXPENSE ACCOUNT,736,BANNER ORGANIZATION TOTALS,736,0.0,0.0,ok,banner,,,
SENATOR MARIA CANTWELL,2025,SENATORS’ OFFICIAL PERSONNEL AND OFFICE EXPENSE ACCOUNT,737,PERSONNEL COMP. FULL-TIME PERMANENT,738,2003340.92,2003601.45,fail,segment,source_mismatch,2003601.45,
SENATOR MARIA CANTWELL,2025,SENATORS’ OFFICIAL PERSONNEL AND OFFICE EXPENSE ACCOUNT,737,PERSONNEL BENEFITS,738,4277.9,0.0,no_records,segment,,,
SENATOR MARIA CANTWELL,2025,SENATORS’ OFFICIAL PERSONNEL AND OFFICE EXPENSE ACCOUNT,737,NET PAYROLL EXPENSES,738,2007618.82,2007879.35,fail,block_running_total,,,
SENATOR MARIA CANTWELL,2025,SENATORS’ OFFICIAL PERSONNEL AND OFFICE EXPENSE ACCOUNT,737,TRAVEL AND TRANSPORTATION OF PERSONS,742,25006.48,25006.48,ok,segment,,,
SENATOR MARIA CANTWELL,2025,SENATORS’ OFFICIAL PERSONNEL AND OFFICE EXPENSE ACCOUNT,737,OTHER CONTRACTUAL SERVICES,743,6150.0,6150.0,ok,segment,,,
SENATOR MARIA CANTWELL,2025,SENATORS’ OFFICIAL PERSONNEL AND OFFICE EXPENSE ACCOUNT,737,ACQUISITION OF ASSETS,743,6588.0,6588.0,ok,segment,,,
SENATOR MARIA CANTWELL,2025,SENATORS’ OFFICIAL PERSONNEL AND OFFICE EXPENSE ACCOUNT,737,BANNER NET PAYROLL,737,2008139.88,2007618.82,fail,banner,,,fy_boundary_pattern
SENATOR MARIA CANTWELL,2025,SENATORS’ OFFICIAL PERSONNEL AND OFFICE EXPENSE ACCOUNT,737,BANNER ORGANIZATION TOTALS,737,2093762.53,2045623.83,fail,banner,,,
INTERN COMPENSATION - CANTWELL,2025,SENATORS’ OFFICIAL PERSONNEL AND OFFICE EXPENSE ACCOUNT,744,PERSONNEL COMP. FULL-TIME PERMANENT,744,37752.39,37752.39,ok,segment,,,
INTERN COMPENSATION - CANTWELL,2025,SENATORS’ OFFICIAL PERSONNEL AND OFFICE EXPENSE ACCOUNT,744,NET PAYROLL EXPENSES,744,37752.39,37752.39,ok,block_running_total,,,
INTERN COMPENSATION - CANTWELL,2025,SENATORS’ OFFICIAL PERSONNEL AND OFFICE EXPENSE ACCOUNT,744,BANNER NET PAYROLL,744,37752.39,37752.39,ok,banner,,,
INTERN COMPENSATION - CANTWELL,2025,SENATORS’ OFFICIAL PERSONNEL AND OFFICE EXPENSE ACCOUNT,744,BANNER ORGANIZATION TOTALS,744,37752.39,37752.39,ok,banner,,,
SENATOR SHELLEY MOORE CAPITO,2023,SENATORS’ OFFICIAL PERSONNEL AND OFFICE EXPENSE ACCOUNT,745,BANNER NET PAYROLL,745,0.0,0.0,banner_missing,banner,,,
SENATOR SHELLEY MOORE CAPITO,2023,SENATORS’ OFFICIAL PERSONNEL AND OFFICE EXPENSE ACCOUNT,745,BANNER ORGANIZATION TOTALS,745,0.0,0.0,ok,banner,,,
INTERN COMPENSATION - CAPITO,2023,SENATORS’ OFFICIAL PERSONNEL AND OFFICE EXPENSE ACCOUNT,746,BANNER NET PAYROLL,746,0.0,0.0,banner_missing,banner,,,
INTERN COMPENSATION - CAPITO,2023,SENATORS’ OFFICIAL PERSONNEL AND OFFICE EXPENSE ACCOUNT,746,BANNER ORGANIZATION TOTALS,746,0.0,0.0,ok,banner,,,
SENATOR SHELLEY MOORE CAPITO,2024,SENATORS’ OFFICIAL PERSONNEL AND OFFICE EXPENSE ACCOUNT,747,PERSONNEL BENEFITS,747,275.01,0.0,no_records,segment,,,
SENATOR SHELLEY MOORE CAPITO,2024,SENATORS’ OFFICIAL PERSONNEL AND OFFICE EXPENSE ACCOUNT,747,NET PAYROLL EXPENSES,747,275.01,275.01,ok,block_running_total,,,
SENATOR SHELLEY MOORE CAPITO,2024,SENATORS’ OFFICIAL PERSONNEL AND OFFICE EXPENSE ACCOUNT,747,TRAVEL AND TRANSPORTATION OF PERSONS,748,3933.8,3933.8,ok,segment,,,
SENATOR SHELLEY MOORE CAPITO,2024,SENATORS’ OFFICIAL PERSONNEL AND OFFICE EXPENSE ACCOUNT,747,OTHER CONTRACTUAL SERVICES,748,200.0,200.0,ok,segment,,,
SENATOR SHELLEY MOORE CAPITO,2024,SENATORS’ OFFICIAL PERSONNEL AND OFFICE EXPENSE ACCOUNT,747,ACQUISITION OF ASSETS,748,29059.0,29059.0,ok,segment,,,
SENATOR SHELLEY MOORE CAPITO,2024,SENATORS’ OFFICIAL PERSONNEL AND OFFICE EXPENSE ACCOUNT,747,BANNER NET PAYROLL,747,275.01,275.01,ok,banner,,,
SENATOR SHELLEY MOORE CAPITO,2024,SENATORS’ OFFICIAL PERSONNEL AND OFFICE EXPENSE ACCOUNT,747,BANNER ORGANIZATION TOTALS,747,41402.72,33467.81,warn,banner,,,banner_only_categories
INTERN COMPENSATION - CAPITO,2024,SENATORS’ OFFICIAL PERSONNEL AND OFFICE EXPENSE ACCOUNT,749,BANNER NET PAYROLL,749,0.0,0.0,banner_missing,banner,,,
INTERN COMPENSATION - CAPITO,2024,SENATORS’ OFFICIAL PERSONNEL AND OFFICE EXPENSE ACCOUNT,749,BANNER ORGANIZATION TOTALS,749,0.0,0.0,ok,banner,,,
SENATOR SHELLEY MOORE CAPITO,2025,SENATORS’ OFFICIAL PERSONNEL AND OFFICE EXPENSE ACCOUNT,750,PERSONNEL COMP. FULL-TIME PERMANENT,751,1616967.49,1616967.49,ok,segment,,,
SENATOR SHELLEY MOORE CAPITO,2025,SENATORS’ OFFICIAL PERSONNEL AND OFFICE EXPENSE ACCOUNT,750,RE-EMPLOYED ANNUITANTS,751,3368.0,0.0,no_records,segment,,,
SENATOR SHELLEY MOORE CAPITO,2025,SENATORS’ OFFICIAL PERSONNEL AND OFFICE EXPENSE ACCOUNT,750,PERSONNEL BENEFITS,751,2994.62,0.0,no_records,segment,,,
SENATOR SHELLEY MOORE CAPITO,2025,SENATORS’ OFFICIAL PERSONNEL AND OFFICE EXPENSE ACCOUNT,750,NET PAYROLL EXPENSES,751,1623330.11,1623330.11,ok,block_running_total,,,
SENATOR SHELLEY MOORE CAPITO,2025,SENATORS’ OFFICIAL PERSONNEL AND OFFICE EXPENSE ACCOUNT,750,TRAVEL AND TRANSPORTATION OF PERSONS,762,59439.37,59439.37,ok,segment,,,
SENATOR SHELLEY MOORE CAPITO,2025,SENATORS’ OFFICIAL PERSONNEL AND OFFICE EXPENSE ACCOUNT,750,OTHER CONTRACTUAL SERVICES,762,4385.09,4385.09,ok,segment,,,
SENATOR SHELLEY MOORE CAPITO,2025,SENATORS’ OFFICIAL PERSONNEL AND OFFICE EXPENSE ACCOUNT,750,BANNER NET PAYROLL,750,1623330.11,1623330.11,ok,banner,,,
SENATOR SHELLEY MOORE CAPITO,2025,SENATORS’ OFFICIAL PERSONNEL AND OFFICE EXPENSE ACCOUNT,750,BANNER ORGANIZATION TOTALS,750,1765483.5,1687154.57,warn,banner,,,banner_only_categories
INTERN COMPENSATION - CAPITO,2025,SENATORS’ OFFICIAL PERSONNEL AND OFFICE EXPENSE ACCOUNT,763,BANNER NET PAYROLL,763,,0.0,not_applicable,banner,,,
INTERN COMPENSATION - CAPITO,2025,SENATORS’ OFFICIAL PERSONNEL AND OFFICE EXPENSE ACCOUNT,763,BANNER ORGANIZATION TOTALS,763,0.0,0.0,ok,banner,,,
SENATOR BENJAMIN L. CARDIN,2023,SENATORS’ OFFICIAL PERSONNEL AND OFFICE EXPENSE ACCOUNT,764,TRAVEL AND TRANSPORTATION OF PERSONS,764,252.16,252.16,ok,segment,,,
SENATOR BENJAMIN L. CARDIN,2023,SENATORS’ OFFICIAL PERSONNEL AND OFFICE EXPENSE ACCOUNT,764,BANNER NET PAYROLL,764,0.0,0.0,banner_missing,banner,,,
SENATOR BENJAMIN L. CARDIN,2023,SENATORS’ OFFICIAL PERSONNEL AND OFFICE EXPENSE ACCOUNT,764,BANNER ORGANIZATION TOTALS,764,252.16,252.16,ok,banner,,,
INTERN COMPENSATION - CARDIN,2023,SENATORS’ OFFICIAL PERSONNEL AND OFFICE EXPENSE ACCOUNT,765,BANNER NET PAYROLL,765,0.0,0.0,banner_missing,banner,,,
INTERN COMPENSATION - CARDIN,2023,SENATORS’ OFFICIAL PERSONNEL AND OFFICE EXPENSE ACCOUNT,765,BANNER ORGANIZATION TOTALS,765,0.0,0.0,ok,banner,,,
SENATOR BENJAMIN L. CARDIN,2024,SENATORS’ OFFICIAL PERSONNEL AND OFFICE EXPENSE ACCOUNT,766,PERSONNEL BENEFITS,766,454.4,0.0,no_records,segment,,,
SENATOR BENJAMIN L. CARDIN,2024,SENATORS’ OFFICIAL PERSONNEL AND OFFICE EXPENSE ACCOUNT,766,NET PAYROLL EXPENSES,766,454.4,454.4,ok,block_running_total,,,
SENATOR BENJAMIN L. CARDIN,2024,SENATORS’ OFFICIAL PERSONNEL AND OFFICE EXPENSE ACCOUNT,766,TRAVEL AND TRANSPORTATION OF PERSONS,767,5306.0,5306.0,ok,segment,,,
SENATOR BENJAMIN L. CARDIN,2024,SENATORS’ OFFICIAL PERSONNEL AND OFFICE EXPENSE ACCOUNT,766,OTHER CONTRACTUAL SERVICES,767,13980.0,13980.0,ok,segment,,,
SENATOR BENJAMIN L. CARDIN,2024,SENATORS’ OFFICIAL PERSONNEL AND OFFICE EXPENSE ACCOUNT,766,BANNER NET PAYROLL,766,454.4,454.4,ok,banner,,,
SENATOR BENJAMIN L. CARDIN,2024,SENATORS’ OFFICIAL PERSONNEL AND OFFICE EXPENSE ACCOUNT,766,BANNER ORGANIZATION TOTALS,766,27014.09,19740.4,warn,banner,,,banner_only_categories
INTERN COMPENSATION - CARDIN,2024,SENATORS’ OFFICIAL PERSONNEL AND OFFICE EXPENSE ACCOUNT,768,BANNER NET PAYROLL,768,0.0,0.0,banner_missing,banner,,,
INTERN COMPENSATION - CARDIN,2024,SENATORS’ OFFICIAL PERSONNEL AND OFFICE EXPENSE ACCOUNT,768,BANNER ORGANIZATION TOTALS,768,0.0,0.0,ok,banner,,,
SENATOR BENJAMIN L. CARDIN,2025,SENATORS’ OFFICIAL PERSONNEL AND OFFICE EXPENSE ACCOUNT,769,PERSONNEL COMP. FULL-TIME PERMANENT,770,1412407.64,1412407.64,ok,segment,,,
SENATOR BENJAMIN L. CARDIN,2025,SENATORS’ OFFICIAL PERSONNEL AND OFFICE EXPENSE ACCOUNT,769,PERSONNEL BENEFITS,770,831.25,0.0,no_records,segment,,,
SENATOR BENJAMIN L. CARDIN,2025,SENATORS’ OFFICIAL PERSONNEL AND OFFICE EXPENSE ACCOUNT,769,NET PAYROLL EXPENSES,770,1413238.89,1413238.89,ok,block_running_total,,,
SENATOR BENJAMIN L. CARDIN,2025,SENATORS’ OFFICIAL PERSONNEL AND OFFICE EXPENSE ACCOUNT,769,TRAVEL AND TRANSPORTATION OF PERSONS,771,3854.41,3854.41,ok,segment,,,
SENATOR BENJAMIN L. CARDIN,2025,SENATORS’ OFFICIAL PERSONNEL AND OFFICE EXPENSE ACCOUNT,769,OTHER CONTRACTUAL SERVICES,771,114.95,114.95,ok,segment,,,
SENATOR BENJAMIN L. CARDIN,2025,SENATORS’ OFFICIAL PERSONNEL AND OFFICE EXPENSE ACCOUNT,769,ACQUISITION OF ASSETS,771,184.89,184.89,ok,segment,,,
SENATOR BENJAMIN L. CARDIN,2025,SENATORS’ OFFICIAL PERSONNEL AND OFFICE EXPENSE ACCOUNT,769,BANNER NET PAYROLL,769,1413238.89,1413238.89,ok,banner,,,
SENATOR BENJAMIN L. CARDIN,2025,SENATORS’ OFFICIAL PERSONNEL AND OFFICE EXPENSE ACCOUNT,769,BANNER ORGANIZATION TOTALS,769,1426522.72,1417393.14,warn,banner,,,banner_only_categories
INTERN COMPENSATION - CARDIN,2025,SENATORS’ OFFICIAL PERSONNEL AND OFFICE EXPENSE ACCOUNT,772,PERSONNEL COMP. FULL-TIME PERMANENT,772,16800.0,16800.0,ok,segment,,,
INTERN COMPENSATION - CARDIN,2025,SENATORS’ OFFICIAL PERSONNEL AND OFFICE EXPENSE ACCOUNT,772,NET PAYROLL EXPENSES,772,16800.0,16800.0,ok,block_running_total,,,
INTERN COMPENSATION - CARDIN,2025,SENATORS’ OFFICIAL PERSONNEL AND OFFICE EXPENSE ACCOUNT,772,BANNER NET PAYROLL,772,16800.0,16800.0,ok,banner,,,
INTERN COMPENSATION - CARDIN,2025,SENATORS’ OFFICIAL PERSONNEL AND OFFICE EXPENSE ACCOUNT,772,BANNER ORGANIZATION TOTALS,772,16800.0,16800.0,ok,banner,,,
SENATOR THOMAS R. CARPER,2023,SENATORS’ OFFICIAL PERSONNEL AND OFFICE EXPENSE ACCOUNT,773,BANNER NET PAYROLL,773,0.0,0.0,banner_missing,banner,,,
SENATOR THOMAS R. CARPER,2023,SENATORS’ OFFICIAL PERSONNEL AND OFFICE EXPENSE ACCOUNT,773,BANNER ORGANIZATION TOTALS,773,0.0,0.0,ok,banner,,,
INTERN COMPENSATION - CARPER,2023,SENATORS’ OFFICIAL PERSONNEL AND OFFICE EXPENSE ACCOUNT,774,BANNER NET PAYROLL,774,0.0,0.0,banner_missing,banner,,,
INTERN COMPENSATION - CARPER,2023,SENATORS’ OFFICIAL PERSONNEL AND OFFICE EXPENSE ACCOUNT,774,BANNER ORGANIZATION TOTALS,774,0.0,0.0,ok,banner,,,
SENATOR THOMAS R. CARPER,2024,SENATORS’ OFFICIAL PERSONNEL AND OFFICE EXPENSE ACCOUNT,775,TRAVEL AND TRANSPORTATION OF PERSONS,776,2941.19,2941.19,ok,segment,,,
SENATOR THOMAS R. CARPER,2024,SENATORS’ OFFICIAL PERSONNEL AND OFFICE EXPENSE ACCOUNT,775,ACQUISITION OF ASSETS,776,31.98,31.98,ok,segment,,,
SENATOR THOMAS R. CARPER,2024,SENATORS’ OFFICIAL PERSONNEL AND OFFICE EXPENSE ACCOUNT,775,BANNER NET PAYROLL,775,756.76,0.0,banner_missing,banner,,,
SENATOR THOMAS R. CARPER,2024,SENATORS’ OFFICIAL PERSONNEL AND OFFICE EXPENSE ACCOUNT,775,BANNER ORGANIZATION TOTALS,775,7537.08,2973.17,warn,banner,,,banner_only_categories
INTERN COMPENSATION - CARPER,2024,SENATORS’ OFFICIAL PERSONNEL AND OFFICE EXPENSE ACCOUNT,777,BANNER NET PAYROLL,777,0.0,0.0,banner_missing,banner,,,
INTERN COMPENSATION - CARPER,2024,SENATORS’ OFFICIAL PERSONNEL AND OFFICE EXPENSE ACCOUNT,777,BANNER ORGANIZATION TOTALS,777,0.0,0.0,ok,banner,,,
SENATOR THOMAS R. CARPER,2025,SENATORS’ OFFICIAL PERSONNEL AND OFFICE EXPENSE ACCOUNT,778,PERSONNEL COMP. FULL-TIME PERMANENT,779,1295261.54,1295261.54,ok,segment,,,
SENATOR THOMAS R. CARPER,2025,SENATORS’ OFFICIAL PERSONNEL AND OFFICE EXPENSE ACCOUNT,778,PERSONNEL BENEFITS,779,1289.3,0.0,no_records,segment,,,
SENATOR THOMAS R. CARPER,2025,SENATORS’ OFFICIAL PERSONNEL AND OFFICE EXPENSE ACCOUNT,778,NET PAYROLL EXPENSES,779,1296550.84,1296550.84,ok,block_running_total,,,
SENATOR THOMAS R. CARPER,2025,SENATORS’ OFFICIAL PERSONNEL AND OFFICE EXPENSE ACCOUNT,778,TRAVEL AND TRANSPORTATION OF PERSONS,784,16192.57,16192.57,ok,segment,,,
SENATOR THOMAS R. CARPER,2025,SENATORS’ OFFICIAL PERSONNEL AND OFFICE EXPENSE ACCOUNT,778,OTHER CONTRACTUAL SERVICES,784,5700.0,5700.0,ok,segment,,,
SENATOR THOMAS R. CARPER,2025,SENATORS’ OFFICIAL PERSONNEL AND OFFICE EXPENSE ACCOUNT,778,ACQUISITION OF ASSETS,784,387.41,387.41,ok,segment,,,
SENATOR THOMAS R. CARPER,2025,SENATORS’ OFFICIAL PERSONNEL AND OFFICE EXPENSE ACCOUNT,778,BANNER NET PAYROLL,778,1295794.08,1296550.84,fail,banner,,,fy_boundary_pattern
SENATOR THOMAS R. CARPER,2025,SENATORS’ OFFICIAL PERSONNEL AND OFFICE EXPENSE ACCOUNT,778,BANNER ORGANIZATION TOTALS,778,1325102.44,1318830.82,warn,banner,,,captured_bvb_mismatch
INTERN COMPENSATION - CARPER,2025,SENATORS’ OFFICIAL PERSONNEL AND OFFICE EXPENSE ACCOUNT,785,PERSONNEL COMP. FULL-TIME PERMANENT,785,8250.0,8250.0,ok,segment,,,
INTERN COMPENSATION - CARPER,2025,SENATORS’ OFFICIAL PERSONNEL AND OFFICE EXPENSE ACCOUNT,785,NET PAYROLL EXPENSES,785,8250.0,8250.0,ok,block_running_total,,,
INTERN COMPENSATION - CARPER,2025,SENATORS’ OFFICIAL PERSONNEL AND OFFICE EXPENSE ACCOUNT,785,BANNER NET PAYROLL,785,8250.0,8250.0,ok,banner,,,
INTERN COMPENSATION - CARPER,2025,SENATORS’ OFFICIAL PERSONNEL AND OFFICE EXPENSE ACCOUNT,785,BANNER ORGANIZATION TOTALS,785,8250.0,8250.0,ok,banner,,,
SENATOR ROBERT CASEY,2023,SENATORS’ OFFICIAL PERSONNEL AND OFFICE EXPENSE ACCOUNT,786,TRAVEL AND TRANSPORTATION OF PERSONS,786,-151.0,-151.0,ok,segment,,,
SENATOR ROBERT CASEY,2023,SENATORS’ OFFICIAL PERSONNEL AND OFFICE EXPENSE ACCOUNT,786,ACQUISITION OF ASSETS,786,1332.25,1332.25,ok,segment,,,
SENATOR ROBERT CASEY,2023,SENATORS’ OFFICIAL PERSONNEL AND OFFICE EXPENSE ACCOUNT,786,BANNER NET PAYROLL,786,0.0,0.0,banner_missing,banner,,,
SENATOR ROBERT CASEY,2023,SENATORS’ OFFICIAL PERSONNEL AND OFFICE EXPENSE ACCOUNT,786,BANNER ORGANIZATION TOTALS,786,1181.25,1181.25,ok,banner,,,
INTERN COMPENSATION - CASEY,2023,SENATORS’ OFFICIAL PERSONNEL AND OFFICE EXPENSE ACCOUNT,787,BANNER NET PAYROLL,787,0.0,0.0,banner_missing,banner,,,
INTERN COMPENSATION - CASEY,2023,SENATORS’ OFFICIAL PERSONNEL AND OFFICE EXPENSE ACCOUNT,787,BANNER ORGANIZATION TOTALS,787,0.0,0.0,ok,banner,,,
SENATOR ROBERT CASEY,2024,SENATORS’ OFFICIAL PERSONNEL AND OFFICE EXPENSE ACCOUNT,788,PERSONNEL BENEFITS,788,2195.5,0.0,no_records,segment,,,
SENATOR ROBERT CASEY,2024,SENATORS’ OFFICIAL PERSONNEL AND OFFICE EXPENSE ACCOUNT,788,NET PAYROLL EXPENSES,788,2195.5,2195.5,ok,block_running_total,,,
SENATOR ROBERT CASEY,2024,SENATORS’ OFFICIAL PERSONNEL AND OFFICE EXPENSE ACCOUNT,788,TRAVEL AND TRANSPORTATION OF PERSONS,790,5816.19,5816.19,ok,segment,,,
SENATOR ROBERT CASEY,2024,SENATORS’ OFFICIAL PERSONNEL AND OFFICE EXPENSE ACCOUNT,788,OTHER CONTRACTUAL SERVICES,790,865.0,865.0,ok,segment,,,
SENATOR ROBERT CASEY,2024,SENATORS’ OFFICIAL PERSONNEL AND OFFICE EXPENSE ACCOUNT,788,BANNER NET PAYROLL,788,4382.77,2195.5,fail,banner,,,fy_boundary_pattern
SENATOR ROBERT CASEY,2024,SENATORS’ OFFICIAL PERSONNEL AND OFFICE EXPENSE ACCOUNT,788,BANNER ORGANIZATION TOTALS,788,18082.06,8876.69,warn,banner,,,captured_bvb_mismatch
INTERN COMPENSATION - CASEY,2024,SENATORS’ OFFICIAL PERSONNEL AND OFFICE EXPENSE ACCOUNT,791,BANNER NET PAYROLL,791,0.0,0.0,banner_missing,banner,,,
INTERN COMPENSATION - CASEY,2024,SENATORS’ OFFICIAL PERSONNEL AND OFFICE EXPENSE ACCOUNT,791,BANNER ORGANIZATION TOTALS,791,0.0,0.0,ok,banner,,,
SENATOR ROBERT CASEY,2025,SENATORS’ OFFICIAL PERSONNEL AND OFFICE EXPENSE ACCOUNT,792,PERSONNEL COMP. FULL-TIME PERMANENT,794,1515925.35,1515925.35,ok,segment,,,
SENATOR ROBERT CASEY,2025,SENATORS’ OFFICIAL PERSONNEL AND OFFICE EXPENSE ACCOUNT,792,PERSONNEL BENEFITS,794,5819.2,0.0,no_records,segment,,,
SENATOR ROBERT CASEY,2025,SENATORS’ OFFICIAL PERSONNEL AND OFFICE EXPENSE ACCOUNT,792,NET PAYROLL EXPENSES,794,1521744.55,1521744.55,ok,block_running_total,,,
SENATOR ROBERT CASEY,2025,SENATORS’ OFFICIAL PERSONNEL AND OFFICE EXPENSE ACCOUNT,792,TRAVEL AND TRANSPORTATION OF PERSONS,802,27138.49,27138.49,ok,segment,,,
SENATOR ROBERT CASEY,2025,SENATORS’ OFFICIAL PERSONNEL AND OFFICE EXPENSE ACCOUNT,792,OTHER CONTRACTUAL SERVICES,802,29321.67,29321.67,ok,segment,,,
SENATOR ROBERT CASEY,2025,SENATORS’ OFFICIAL PERSONNEL AND OFFICE EXPENSE ACCOUNT,792,BANNER NET PAYROLL,792,1519557.28,1521744.55,fail,banner,,,fy_boundary_pattern
SENATOR ROBERT CASEY,2025,SENATORS’ OFFICIAL PERSONNEL AND OFFICE EXPENSE ACCOUNT,792,BANNER ORGANIZATION TOTALS,792,1596140.31,1578204.71,warn,banner,,,captured_bvb_mismatch
INTERN COMPENSATION - CASEY,2025,SENATORS’ OFFICIAL PERSONNEL AND OFFICE EXPENSE ACCOUNT,803,BANNER NET PAYROLL,803,,0.0,not_applicable,banner,,,
INTERN COMPENSATION - CASEY,2025,SENATORS’ OFFICIAL PERSONNEL AND OFFICE EXPENSE ACCOUNT,803,BANNER ORGANIZATION TOTALS,803,0.0,0.0,ok,banner,,,
SENATOR BILL CASSIDY,2023,SENATORS’ OFFICIAL PERSONNEL AND OFFICE EXPENSE ACCOUNT,804,BANNER NET PAYROLL,804,0.0,0.0,banner_missing,banner,,,
SENATOR BILL CASSIDY,2023,SENATORS’ OFFICIAL PERSONNEL AND OFFICE EXPENSE ACCOUNT,804,BANNER ORGANIZATION TOTALS,804,0.0,0.0,ok,banner,,,
INTERN COMPENSATION - CASSIDY,2023,SENATORS’ OFFICIAL PERSONNEL AND OFFICE EXPENSE ACCOUNT,805,BANNER NET PAYROLL,805,0.0,0.0,banner_missing,banner,,,
INTERN COMPENSATION - CASSIDY,2023,SENATORS’ OFFICIAL PERSONNEL AND OFFICE EXPENSE ACCOUNT,805,BANNER ORGANIZATION TOTALS,805,0.0,0.0,ok,banner,,,
SENATOR BILL CASSIDY,2024,SENATORS’ OFFICIAL PERSONNEL AND OFFICE EXPENSE ACCOUNT,806,PERSONNEL BENEFITS,806,507.43,0.0,no_records,segment,,,
SENATOR BILL CASSIDY,2024,SENATORS’ OFFICIAL PERSONNEL AND OFFICE EXPENSE ACCOUNT,806,NET PAYROLL EXPENSES,806,507.43,507.43,ok,block_running_total,,,
SENATOR BILL CASSIDY,2024,SENATORS’ OFFICIAL PERSONNEL AND OFFICE EXPENSE ACCOUNT,806,TRAVEL AND TRANSPORTATION OF PERSONS,809,9835.9,9835.9,ok,segment,,,
SENATOR BILL CASSIDY,2024,SENATORS’ OFFICIAL PERSONNEL AND OFFICE EXPENSE ACCOUNT,806,OTHER CONTRACTUAL SERVICES,809,570.0,570.0,ok,segment,,,
SENATOR BILL CASSIDY,2024,SENATORS’ OFFICIAL PERSONNEL AND OFFICE EXPENSE ACCOUNT,806,ACQUISITION OF ASSETS,809,49611.27,49611.27,ok,segment,,,
SENATOR BILL CASSIDY,2024,SENATORS’ OFFICIAL PERSONNEL AND OFFICE EXPENSE ACCOUNT,806,BANNER NET PAYROLL,806,507.43,507.43,ok,banner,,,
SENATOR BILL CASSIDY,2024,SENATORS’ OFFICIAL PERSONNEL AND OFFICE EXPENSE ACCOUNT,806,BANNER ORGANIZATION TOTALS,806,113272.32,60524.6,warn,banner,,,banner_only_categories
INTERN COMPENSATION - CASSIDY,2024,SENATORS’ OFFICIAL PERSONNEL AND OFFICE EXPENSE ACCOUNT,810,BANNER NET PAYROLL,810,0.0,0.0,banner_missing,banner,,,
INTERN COMPENSATION - CASSIDY,2024,SENATORS’ OFFICIAL PERSONNEL AND OFFICE EXPENSE ACCOUNT,810,BANNER ORGANIZATION TOTALS,810,0.0,0.0,ok,banner,,,
SENATOR BILL CASSIDY,2025,SENATORS’ OFFICIAL PERSONNEL AND OFFICE EXPENSE ACCOUNT,811,PERSONNEL COMP. FULL-TIME PERMANENT,812,1725990.14,1725990.14,ok,segment,,,
SENATOR BILL CASSIDY,2025,SENATORS’ OFFICIAL PERSONNEL AND OFFICE EXPENSE ACCOUNT,811,PERSONNEL BENEFITS,812,1974.0,0.0,no_records,segment,,,
SENATOR BILL CASSIDY,2025,SENATORS’ OFFICIAL PERSONNEL AND OFFICE EXPENSE ACCOUNT,811,NET PAYROLL EXPENSES,812,1727964.14,1727964.14,ok,block_running_total,,,
SENATOR BILL CASSIDY,2025,SENATORS’ OFFICIAL PERSONNEL AND OFFICE EXPENSE ACCOUNT,811,TRAVEL AND TRANSPORTATION OF PERSONS,824,66888.48,66888.48,ok,segment,,,
SENATOR BILL CASSIDY,2025,SENATORS’ OFFICIAL PERSONNEL AND OFFICE EXPENSE ACCOUNT,811,OTHER CONTRACTUAL SERVICES,824,75.0,75.0,ok,segment,,,
SENATOR BILL CASSIDY,2025,SENATORS’ OFFICIAL PERSONNEL AND OFFICE EXPENSE ACCOUNT,811,ACQUISITION OF ASSETS,824,3517.6,3517.6,ok,segment,,,
SENATOR BILL CASSIDY,2025,SENATORS’ OFFICIAL PERSONNEL AND OFFICE EXPENSE ACCOUNT,811,BANNER NET PAYROLL,811,1727964.14,1727964.14,ok,banner,,,
SENATOR BILL CASSIDY,2025,SENATORS’ OFFICIAL PERSONNEL AND OFFICE EXPENSE ACCOUNT,811,BANNER ORGANIZATION TOTALS,811,1851887.26,1798445.22,warn,banner,,,banner_only_categories
INTERN COMPENSATION - CASSIDY,2025,SENATORS’ OFFICIAL PERSONNEL AND OFFICE EXPENSE ACCOUNT,825,PERSONNEL COMP. FULL-TIME PERMANENT,825,5800.0,5800.0,ok,segment,,,
INTERN COMPENSATION - CASSIDY,2025,SENATORS’ OFFICIAL PERSONNEL AND OFFICE EXPENSE ACCOUNT,825,NET PAYROLL EXPENSES,825,5800.0,5800.0,ok,block_running_total,,,
INTERN COMPENSATION - CASSIDY,2025,SENATORS’ OFFICIAL PERSONNEL AND OFFICE EXPENSE ACCOUNT,825,BANNER NET PAYROLL,825,5800.0,5800.0,ok,banner,,,
INTERN COMPENSATION - CASSIDY,2025,SENATORS’ OFFICIAL PERSONNEL AND OFFICE EXPENSE ACCOUNT,825,BANNER ORGANIZATION TOTALS,825,5800.0,5800.0,ok,banner,,,
SENATOR SUSAN M. COLLINS,2023,SENATORS’ OFFICIAL PERSONNEL AND OFFICE EXPENSE ACCOUNT,826,BANNER NET PAYROLL,826,0.0,0.0,banner_missing,banner,,,
SENATOR SUSAN M. COLLINS,2023,SENATORS’ OFFICIAL PERSONNEL AND OFFICE EXPENSE ACCOUNT,826,BANNER ORGANIZATION TOTALS,826,0.0,0.0,ok,banner,,,
INTERN COMPENSATION - COLLINS,2023,SENATORS’ OFFICIAL PERSONNEL AND OFFICE EXPENSE ACCOUNT,827,BANNER NET PAYROLL,827,0.0,0.0,banner_missing,banner,,,
INTERN COMPENSATION - COLLINS,2023,SENATORS’ OFFICIAL PERSONNEL AND OFFICE EXPENSE ACCOUNT,827,BANNER ORGANIZATION TOTALS,827,0.0,0.0,ok,banner,,,
SENATOR SUSAN M. COLLINS,2024,SENATORS’ OFFICIAL PERSONNEL AND OFFICE EXPENSE ACCOUNT,828,PERSONNEL BENEFITS,828,2833.64,0.0,no_records,segment,,,
SENATOR SUSAN M. COLLINS,2024,SENATORS’ OFFICIAL PERSONNEL AND OFFICE EXPENSE ACCOUNT,828,NET PAYROLL EXPENSES,828,2833.64,2833.64,ok,block_running_total,,,
SENATOR SUSAN M. COLLINS,2024,SENATORS’ OFFICIAL PERSONNEL AND OFFICE EXPENSE ACCOUNT,828,TRAVEL AND TRANSPORTATION OF PERSONS,831,17424.21,17424.21,ok,segment,,,
SENATOR SUSAN M. COLLINS,2024,SENATORS’ OFFICIAL PERSONNEL AND OFFICE EXPENSE ACCOUNT,828,OTHER CONTRACTUAL SERVICES,831,76.0,76.0,ok,segment,,,
SENATOR SUSAN M. COLLINS,2024,SENATORS’ OFFICIAL PERSONNEL AND OFFICE EXPENSE ACCOUNT,828,ACQUISITION OF ASSETS,832,14876.39,14876.39,ok,segment,,,
SENATOR SUSAN M. COLLINS,2024,SENATORS’ OFFICIAL PERSONNEL AND OFFICE EXPENSE ACCOUNT,828,BANNER NET PAYROLL,828,4449.92,2833.64,fail,banner,,,fy_boundary_pattern
SENATOR SUSAN M. COLLINS,2024,SENATORS’ OFFICIAL PERSONNEL AND OFFICE EXPENSE ACCOUNT,828,BANNER ORGANIZATION TOTALS,828,60735.57,35210.24,warn,banner,,,captured_bvb_mismatch
INTERN COMPENSATION - COLLINS,2024,SENATORS’ OFFICIAL PERSONNEL AND OFFICE EXPENSE ACCOUNT,833,BANNER NET PAYROLL,833,0.0,0.0,banner_missing,banner,,,
INTERN COMPENSATION - COLLINS,2024,SENATORS’ OFFICIAL PERSONNEL AND OFFICE EXPENSE ACCOUNT,833,BANNER ORGANIZATION TOTALS,833,0.0,0.0,ok,banner,,,
SENATOR SUSAN M. COLLINS,2025,SENATORS’ OFFICIAL PERSONNEL AND OFFICE EXPENSE ACCOUNT,834,PERSONNEL COMP. FULL-TIME PERMANENT,835,1622901.21,1622901.21,ok,segment,,,
SENATOR SUSAN M. COLLINS,2025,SENATORS’ OFFICIAL PERSONNEL AND OFFICE EXPENSE ACCOUNT,834,RE-EMPLOYED ANNUITANTS,835,37572.0,0.0,no_records,segment,,,
SENATOR SUSAN M. COLLINS,2025,SENATORS’ OFFICIAL PERSONNEL AND OFFICE EXPENSE ACCOUNT,834,PERSONNEL BENEFITS,835,1317.21,0.0,no_records,segment,,,
SENATOR SUSAN M. COLLINS,2025,SENATORS’ OFFICIAL PERSONNEL AND OFFICE EXPENSE ACCOUNT,834,NET PAYROLL EXPENSES,835,1661790.42,1661790.42,ok,block_running_total,,,
SENATOR SUSAN M. COLLINS,2025,SENATORS’ OFFICIAL PERSONNEL AND OFFICE EXPENSE ACCOUNT,834,TRAVEL AND TRANSPORTATION OF PERSONS,845,52926.57,52926.57,ok,segment,,,
SENATOR SUSAN M. COLLINS,2025,SENATORS’ OFFICIAL PERSONNEL AND OFFICE EXPENSE ACCOUNT,834,OTHER CONTRACTUAL SERVICES,846,2575.0,2575.0,ok,segment,,,
SENATOR SUSAN M. COLLINS,2025,SENATORS’ OFFICIAL PERSONNEL AND OFFICE EXPENSE ACCOUNT,834,ACQUISITION OF ASSETS,846,3294.62,3294.62,ok,segment,,,
SENATOR SUSAN M. COLLINS,2025,SENATORS’ OFFICIAL PERSONNEL AND OFFICE EXPENSE ACCOUNT,834,BANNER NET PAYROLL,834,1660174.14,1661790.42,fail,banner,,,fy_boundary_pattern
SENATOR SUSAN M. COLLINS,2025,SENATORS’ OFFICIAL PERSONNEL AND OFFICE EXPENSE ACCOUNT,834,BANNER ORGANIZATION TOTALS,834,1760827.62,1720586.61,warn,banner,,,captured_bvb_mismatch
INTERN COMPENSATION - COLLINS,2025,SENATORS’ OFFICIAL PERSONNEL AND OFFICE EXPENSE ACCOUNT,847,PERSONNEL COMP. FULL-TIME PERMANENT,847,1577.32,1577.32,ok,segment,,,
INTERN COMPENSATION - COLLINS,2025,SENATORS’ OFFICIAL PERSONNEL AND OFFICE EXPENSE ACCOUNT,847,NET PAYROLL EXPENSES,847,1577.32,1577.32,ok,block_running_total,,,
INTERN COMPENSATION - COLLINS,2025,SENATORS’ OFFICIAL PERSONNEL AND OFFICE EXPENSE ACCOUNT,847,BANNER NET PAYROLL,847,1577.32,1577.32,ok,banner,,,
INTERN COMPENSATION - COLLINS,2025,SENATORS’ OFFICIAL PERSONNEL AND OFFICE EXPENSE ACCOUNT,847,BANNER ORGANIZATION TOTALS,847,1577.32,1577.32,ok,banner,,,
SENATOR CHRISTOPHER A. COONS,2023,SENATORS’ OFFICIAL PERSONNEL AND OFFICE EXPENSE ACCOUNT,848,BANNER NET PAYROLL,848,0.0,0.0,banner_missing,banner,,,
SENATOR CHRISTOPHER A. COONS,2023,SENATORS’ OFFICIAL PERSONNEL AND OFFICE EXPENSE ACCOUNT,848,BANNER ORGANIZATION TOTALS,848,0.0,0.0,ok,banner,,,
INTERN COMPENSATION - COONS,2023,SENATORS’ OFFICIAL PERSONNEL AND OFFICE EXPENSE ACCOUNT,849,BANNER NET PAYROLL,849,0.0,0.0,banner_missing,banner,,,
INTERN COMPENSATION - COONS,2023,SENATORS’ OFFICIAL PERSONNEL AND OFFICE EXPENSE ACCOUNT,849,BANNER ORGANIZATION TOTALS,849,0.0,0.0,ok,banner,,,
SENATOR CHRISTOPHER A. COONS,2024,SENATORS’ OFFICIAL PERSONNEL AND OFFICE EXPENSE ACCOUNT,850,TRAVEL AND TRANSPORTATION OF PERSONS,851,11036.38,11036.38,ok,segment,,,
SENATOR CHRISTOPHER A. COONS,2024,SENATORS’ OFFICIAL PERSONNEL AND OFFICE EXPENSE ACCOUNT,850,OTHER CONTRACTUAL SERVICES,852,3625.48,3625.48,ok,segment,,,
SENATOR CHRISTOPHER A. COONS,2024,SENATORS’ OFFICIAL PERSONNEL AND OFFICE EXPENSE ACCOUNT,850,ACQUISITION OF ASSETS,852,19376.91,19376.91,ok,segment,,,
SENATOR CHRISTOPHER A. COONS,2024,SENATORS’ OFFICIAL PERSONNEL AND OFFICE EXPENSE ACCOUNT,850,BANNER NET PAYROLL,850,18491.66,0.0,banner_missing,banner,,,
SENATOR CHRISTOPHER A. COONS,2024,SENATORS’ OFFICIAL PERSONNEL AND OFFICE EXPENSE ACCOUNT,850,BANNER ORGANIZATION TOTALS,850,54641.06,34038.77,warn,banner,,,banner_only_categories
INTERN COMPENSATION - COONS,2024,SENATORS’ OFFICIAL PERSONNEL AND OFFICE EXPENSE ACCOUNT,853,BANNER NET PAYROLL,853,0.0,0.0,banner_missing,banner,,,
INTERN COMPENSATION - COONS,2024,SENATORS’ OFFICIAL PERSONNEL AND OFFICE EXPENSE ACCOUNT,853,BANNER ORGANIZATION TOTALS,853,0.0,0.0,ok,banner,,,
SENATOR CHRISTOPHER A. COONS,2025,SENATORS’ OFFICIAL PERSONNEL AND OFFICE EXPENSE ACCOUNT,854,PERSONNEL COMP. FULL-TIME PERMANENT,855,1814242.6,1814242.6,ok,segment,,,
SENATOR CHRISTOPHER A. COONS,2025,SENATORS’ OFFICIAL PERSONNEL AND OFFICE EXPENSE ACCOUNT,854,RE-EMPLOYED ANNUITANTS,855,2884.13,0.0,no_records,segment,,,
SENATOR CHRISTOPHER A. COONS,2025,SENATORS’ OFFICIAL PERSONNEL AND OFFICE EXPENSE ACCOUNT,854,PERSONNEL BENEFITS,855,2774.2,0.0,no_records,segment,,,
SENATOR CHRISTOPHER A. COONS,2025,SENATORS’ OFFICIAL PERSONNEL AND OFFICE EXPENSE ACCOUNT,854,NET PAYROLL EXPENSES,855,1819900.93,1819900.93,ok,block_running_total,,,
SENATOR CHRISTOPHER A. COONS,2025,SENATORS’ OFFICIAL PERSONNEL AND OFFICE EXPENSE ACCOUNT,854,TRAVEL AND TRANSPORTATION OF PERSONS,862,19274.24,19274.24,ok,segment,,,
SENATOR CHRISTOPHER A. COONS,2025,SENATORS’ OFFICIAL PERSONNEL AND OFFICE EXPENSE ACCOUNT,854,OTHER CONTRACTUAL SERVICES,862,1174.99,1174.99,ok,segment,,,
SENATOR CHRISTOPHER A. COONS,2025,SENATORS’ OFFICIAL PERSONNEL AND OFFICE EXPENSE ACCOUNT,854,ACQUISITION OF ASSETS,862,4199.41,4199.41,ok,segment,,,
SENATOR CHRISTOPHER A. COONS,2025,SENATORS’ OFFICIAL PERSONNEL AND OFFICE EXPENSE ACCOUNT,854,BANNER NET PAYROLL,854,1787484.28,1819900.93,fail,banner,,,fy_boundary_pattern
SENATOR CHRISTOPHER A. COONS,2025,SENATORS’ OFFICIAL PERSONNEL AND OFFICE EXPENSE ACCOUNT,854,BANNER ORGANIZATION TOTALS,854,1853372.88,1844549.57,warn,banner,,,captured_bvb_mismatch
INTERN COMPENSATION - COONS,2025,SENATORS’ OFFICIAL PERSONNEL AND OFFICE EXPENSE ACCOUNT,863,PERSONNEL COMP. FULL-TIME PERMANENT,863,28977.86,28977.86,ok,segment,,,
INTERN COMPENSATION - COONS,2025,SENATORS’ OFFICIAL PERSONNEL AND OFFICE EXPENSE ACCOUNT,863,NET PAYROLL EXPENSES,863,28977.86,28977.86,ok,block_running_total,,,
INTERN COMPENSATION - COONS,2025,SENATORS’ OFFICIAL PERSONNEL AND OFFICE EXPENSE ACCOUNT,863,BANNER NET PAYROLL,863,28977.86,28977.86,ok,banner,,,
INTERN COMPENSATION - COONS,2025,SENATORS’ OFFICIAL PERSONNEL AND OFFICE EXPENSE ACCOUNT,863,BANNER ORGANIZATION TOTALS,863,28977.86,28977.86,ok,banner,,,
SENATOR JOHN CORNYN,2023,SENATORS’ OFFICIAL PERSONNEL AND OFFICE EXPENSE ACCOUNT,864,BANNER NET PAYROLL,864,0.0,0.0,banner_missing,banner,,,
SENATOR JOHN CORNYN,2023,SENATORS’ OFFICIAL PERSONNEL AND OFFICE EXPENSE ACCOUNT,864,BANNER ORGANIZATION TOTALS,864,0.0,0.0,ok,banner,,,
INTERN COMPENSATION - CORNYN,2023,SENATORS’ OFFICIAL PERSONNEL AND OFFICE EXPENSE ACCOUNT,865,BANNER NET PAYROLL,865,0.0,0.0,banner_missing,banner,,,
INTERN COMPENSATION - CORNYN,2023,SENATORS’ OFFICIAL PERSONNEL AND OFFICE EXPENSE ACCOUNT,865,BANNER ORGANIZATION TOTALS,865,0.0,0.0,ok,banner,,,
SENATOR JOHN CORNYN,2024,SENATORS’ OFFICIAL PERSONNEL AND OFFICE EXPENSE ACCOUNT,866,PERSONNEL BENEFITS,866,1196.5,0.0,no_records,segment,,,
SENATOR JOHN CORNYN,2024,SENATORS’ OFFICIAL PERSONNEL AND OFFICE EXPENSE ACCOUNT,866,NET PAYROLL EXPENSES,866,1196.5,1196.5,ok,block_running_total,,,
SENATOR JOHN CORNYN,2024,SENATORS’ OFFICIAL PERSONNEL AND OFFICE EXPENSE ACCOUNT,866,TRAVEL AND TRANSPORTATION OF PERSONS,872,94184.71,94184.71,ok,segment,,,
SENATOR JOHN CORNYN,2024,SENATORS’ OFFICIAL PERSONNEL AND OFFICE EXPENSE ACCOUNT,866,OTHER CONTRACTUAL SERVICES,872,10689.64,10689.64,ok,segment,,,
SENATOR JOHN CORNYN,2024,SENATORS’ OFFICIAL PERSONNEL AND OFFICE EXPENSE ACCOUNT,866,ACQUISITION OF ASSETS,872,749.63,749.63,ok,segment,,,
SENATOR JOHN CORNYN,2024,SENATORS’ OFFICIAL PERSONNEL AND OFFICE EXPENSE ACCOUNT,866,BANNER NET PAYROLL,866,3553.09,1196.5,fail,banner,,,fy_boundary_pattern
SENATOR JOHN CORNYN,2024,SENATORS’ OFFICIAL PERSONNEL AND OFFICE EXPENSE ACCOUNT,866,BANNER ORGANIZATION TOTALS,866,199553.05,106820.48,warn,banner,,,captured_bvb_mismatch
INTERN COMPENSATION - CORNYN,2024,SENATORS’ OFFICIAL PERSONNEL AND OFFICE EXPENSE ACCOUNT,873,BANNER NET PAYROLL,873,0.0,0.0,banner_missing,banner,,,
INTERN COMPENSATION - CORNYN,2024,SENATORS’ OFFICIAL PERSONNEL AND OFFICE EXPENSE ACCOUNT,873,BANNER ORGANIZATION TOTALS,873,0.0,0.0,ok,banner,,,
SENATOR JOHN CORNYN,2025,SENATORS’ OFFICIAL PERSONNEL AND OFFICE EXPENSE ACCOUNT,874,PERSONNEL COMP. FULL-TIME PERMANENT,876,2532041.15,2534124.48,fail,segment,source_mismatch,2534124.48,
SENATOR JOHN CORNYN,2025,SENATORS’ OFFICIAL PERSONNEL AND OFFICE EXPENSE ACCOUNT,874,PERSONNEL BENEFITS,876,1806.99,0.0,no_records,segment,,,
SENATOR JOHN CORNYN,2025,SENATORS’ OFFICIAL PERSONNEL AND OFFICE EXPENSE ACCOUNT,874,NET PAYROLL EXPENSES,876,2533848.14,2535931.47,fail,block_running_total,,,
SENATOR JOHN CORNYN,2025,SENATORS’ OFFICIAL PERSONNEL AND OFFICE EXPENSE ACCOUNT,874,TRAVEL AND TRANSPORTATION OF PERSONS,880,44573.07,44573.07,ok,segment,,,
SENATOR JOHN CORNYN,2025,SENATORS’ OFFICIAL PERSONNEL AND OFFICE EXPENSE ACCOUNT,874,OTHER CONTRACTUAL SERVICES,881,158.25,158.25,ok,segment,,,
SENATOR JOHN CORNYN,2025,SENATORS’ OFFICIAL PERSONNEL AND OFFICE EXPENSE ACCOUNT,874,ACQUISITION OF ASSETS,881,15896.71,15896.71,ok,segment,,,
SENATOR JOHN CORNYN,2025,SENATORS’ OFFICIAL PERSONNEL AND OFFICE EXPENSE ACCOUNT,874,BANNER NET PAYROLL,874,2531491.55,2533848.14,fail,banner,,,fy_boundary_pattern
SENATOR JOHN CORNYN,2025,SENATORS’ OFFICIAL PERSONNEL AND OFFICE EXPENSE ACCOUNT,874,BANNER ORGANIZATION TOTALS,874,2723244.48,2596559.5,fail,banner,,,
INTERN COMPENSATION - CORNYN,2025,SENATORS’ OFFICIAL PERSONNEL AND OFFICE EXPENSE ACCOUNT,882,PERSONNEL COMP. FULL-TIME PERMANENT,882,33275.0,33275.0,ok,segment,,,
INTERN COMPENSATION - CORNYN,2025,SENATORS’ OFFICIAL PERSONNEL AND OFFICE EXPENSE ACCOUNT,882,NET PAYROLL EXPENSES,882,33275.0,33275.0,ok,block_running_total,,,
INTERN COMPENSATION - CORNYN,2025,SENATORS’ OFFICIAL PERSONNEL AND OFFICE EXPENSE ACCOUNT,882,BANNER NET PAYROLL,882,33275.0,33275.0,ok,banner,,,
INTERN COMPENSATION - CORNYN,2025,SENATORS’ OFFICIAL PERSONNEL AND OFFICE EXPENSE ACCOUNT,882,BANNER ORGANIZATION TOTALS,882,33275.0,33275.0,ok,banner,,,
SENATOR CATHERINE CORTEZ MASTO,2023,SENATORS’ OFFICIAL PERSONNEL AND OFFICE EXPENSE ACCOUNT,883,BANNER NET PAYROLL,883,0.0,0.0,banner_missing,banner,,,
SENATOR CATHERINE CORTEZ MASTO,2023,SENATORS’ OFFICIAL PERSONNEL AND OFFICE EXPENSE ACCOUNT,883,BANNER ORGANIZATION TOTALS,883,0.0,0.0,ok,banner,,,
INTERN COMPENSATION - CORTEZ MASTO,2023,SENATORS’ OFFICIAL PERSONNEL AND OFFICE EXPENSE ACCOUNT,884,BANNER NET PAYROLL,884,0.0,0.0,banner_missing,banner,,,
INTERN COMPENSATION - CORTEZ MASTO,2023,SENATORS’ OFFICIAL PERSONNEL AND OFFICE EXPENSE ACCOUNT,884,BANNER ORGANIZATION TOTALS,884,0.0,0.0,ok,banner,,,
SENATOR CATHERINE CORTEZ MASTO,2024,SENATORS’ OFFICIAL PERSONNEL AND OFFICE EXPENSE ACCOUNT,885,PERSONNEL BENEFITS,885,577.21,0.0,no_records,segment,,,
SENATOR CATHERINE CORTEZ MASTO,2024,SENATORS’ OFFICIAL PERSONNEL AND OFFICE EXPENSE ACCOUNT,885,NET PAYROLL EXPENSES,885,577.21,577.21,ok,block_running_total,,,
SENATOR CATHERINE CORTEZ MASTO,2024,SENATORS’ OFFICIAL PERSONNEL AND OFFICE EXPENSE ACCOUNT,885,TRAVEL AND TRANSPORTATION OF PERSONS,889,54419.43,54419.43,ok,segment,,,
SENATOR CATHERINE CORTEZ MASTO,2024,SENATORS’ OFFICIAL PERSONNEL AND OFFICE EXPENSE ACCOUNT,885,OTHER CONTRACTUAL SERVICES,889,19925.5,19925.5,ok,segment,,,
SENATOR CATHERINE CORTEZ MASTO,2024,SENATORS’ OFFICIAL PERSONNEL AND OFFICE EXPENSE ACCOUNT,885,ACQUISITION OF ASSETS,889,9467.56,9467.56,ok,segment,,,
SENATOR CATHERINE CORTEZ MASTO,2024,SENATORS’ OFFICIAL PERSONNEL AND OFFICE EXPENSE ACCOUNT,885,BANNER NET PAYROLL,885,577.21,577.21,ok,banner,,,
SENATOR CATHERINE CORTEZ MASTO,2024,SENATORS’ OFFICIAL PERSONNEL AND OFFICE EXPENSE ACCOUNT,885,BANNER ORGANIZATION TOTALS,885,123407.77,84389.7,warn,banner,,,banner_only_categories
INTERN COMPENSATION - CORTEZ MASTO,2024,SENATORS’ OFFICIAL PERSONNEL AND OFFICE EXPENSE ACCOUNT,890,BANNER NET PAYROLL,890,0.0,0.0,banner_missing,banner,,,
INTERN COMPENSATION - CORTEZ MASTO,2024,SENATORS’ OFFICIAL PERSONNEL AND OFFICE EXPENSE ACCOUNT,890,BANNER ORGANIZATION TOTALS,890,0.0,0.0,ok,banner,,,
SENATOR CATHERINE CORTEZ MASTO,2025,SENATORS’ OFFICIAL PERSONNEL AND OFFICE EXPENSE ACCOUNT,891,PERSONNEL COMP. FULL-TIME PERMANENT,892,1829632.55,1829632.55,ok,segment,,,
SENATOR CATHERINE CORTEZ MASTO,2025,SENATORS’ OFFICIAL PERSONNEL AND OFFICE EXPENSE ACCOUNT,891,PERSONNEL BENEFITS,892,5735.08,0.0,no_records,segment,,,
SENATOR CATHERINE CORTEZ MASTO,2025,SENATORS’ OFFICIAL PERSONNEL AND OFFICE EXPENSE ACCOUNT,891,NET PAYROLL EXPENSES,892,1835367.63,1835367.63,ok,block_running_total,,,
SENATOR CATHERINE CORTEZ MASTO,2025,SENATORS’ OFFICIAL PERSONNEL AND OFFICE EXPENSE ACCOUNT,891,TRAVEL AND TRANSPORTATION OF PERSONS,895,38376.11,38376.11,ok,segment,,,
SENATOR CATHERINE CORTEZ MASTO,2025,SENATORS’ OFFICIAL PERSONNEL AND OFFICE EXPENSE ACCOUNT,891,OTHER CONTRACTUAL SERVICES,895,250.0,250.0,ok,segment,,,
SENATOR CATHERINE CORTEZ MASTO,2025,SENATORS’ OFFICIAL PERSONNEL AND OFFICE EXPENSE ACCOUNT,891,BANNER NET PAYROLL,891,1836944.69,1835367.63,fail,banner,,,fy_boundary_pattern
SENATOR CATHERINE CORTEZ MASTO,2025,SENATORS’ OFFICIAL PERSONNEL AND OFFICE EXPENSE ACCOUNT,891,BANNER ORGANIZATION TOTALS,891,1896831.8,1873993.74,warn,banner,,,captured_bvb_mismatch
INTERN COMPENSATION - CORTEZ MASTO,2025,SENATORS’ OFFICIAL PERSONNEL AND OFFICE EXPENSE ACCOUNT,896,PERSONNEL COMP. FULL-TIME PERMANENT,896,65977.06,65977.06,ok,segment,,,
INTERN COMPENSATION - CORTEZ MASTO,2025,SENATORS’ OFFICIAL PERSONNEL AND OFFICE EXPENSE ACCOUNT,896,NET PAYROLL EXPENSES,896,65977.06,65977.06,ok,block_running_total,,,
INTERN COMPENSATION - CORTEZ MASTO,2025,SENATORS’ OFFICIAL PERSONNEL AND OFFICE EXPENSE ACCOUNT,896,BANNER NET PAYROLL,896,64400.0,65977.06,fail,banner,,,fy_boundary_pattern
INTERN COMPENSATION - CORTEZ MASTO,2025,SENATORS’ OFFICIAL PERSONNEL AND OFFICE EXPENSE ACCOUNT,896,BANNER ORGANIZATION TOTALS,896,64400.0,65977.06,warn,banner,,,captured_bvb_mismatch
SENATOR TOM COTTON,2023,SENATORS’ OFFICIAL PERSONNEL AND OFFICE EXPENSE ACCOUNT,897,BANNER NET PAYROLL,897,0.0,0.0,banner_missing,banner,,,
SENATOR TOM COTTON,2023,SENATORS’ OFFICIAL PERSONNEL AND OFFICE EXPENSE ACCOUNT,897,BANNER ORGANIZATION TOTALS,897,0.0,0.0,ok,banner,,,
INTERN COMPENSATION - COTTON,2023,SENATORS’ OFFICIAL PERSONNEL AND OFFICE EXPENSE ACCOUNT,898,BANNER NET PAYROLL,898,0.0,0.0,banner_missing,banner,,,
INTERN COMPENSATION - COTTON,2023,SENATORS’ OFFICIAL PERSONNEL AND OFFICE EXPENSE ACCOUNT,898,BANNER ORGANIZATION TOTALS,898,0.0,0.0,ok,banner,,,
SENATOR TOM COTTON,2024,SENATORS’ OFFICIAL PERSONNEL AND OFFICE EXPENSE ACCOUNT,899,PERSONNEL BENEFITS,899,80.0,0.0,no_records,segment,,,
SENATOR TOM COTTON,2024,SENATORS’ OFFICIAL PERSONNEL AND OFFICE EXPENSE ACCOUNT,899,NET PAYROLL EXPENSES,899,80.0,80.0,ok,block_running_total,,,
SENATOR TOM COTTON,2024,SENATORS’ OFFICIAL PERSONNEL AND OFFICE EXPENSE ACCOUNT,899,TRAVEL AND TRANSPORTATION OF PERSONS,901,4752.74,4752.74,ok,segment,,,
SENATOR TOM COTTON,2024,SENATORS’ OFFICIAL PERSONNEL AND OFFICE EXPENSE ACCOUNT,899,ACQUISITION OF ASSETS,901,27210.45,27210.45,ok,segment,,,
SENATOR TOM COTTON,2024,SENATORS’ OFFICIAL PERSONNEL AND OFFICE EXPENSE ACCOUNT,899,BANNER NET PAYROLL,899,80.0,80.0,ok,banner,,,
SENATOR TOM COTTON,2024,SENATORS’ OFFICIAL PERSONNEL AND OFFICE EXPENSE ACCOUNT,899,BANNER ORGANIZATION TOTALS,899,44629.57,32043.19,warn,banner,,,banner_only_categories
INTERN COMPENSATION - COTTON,2024,SENATORS’ OFFICIAL PERSONNEL AND OFFICE EXPENSE ACCOUNT,902,BANNER NET PAYROLL,902,0.0,0.0,banner_missing,banner,,,
INTERN COMPENSATION - COTTON,2024,SENATORS’ OFFICIAL PERSONNEL AND OFFICE EXPENSE ACCOUNT,902,BANNER ORGANIZATION TOTALS,902,0.0,0.0,ok,banner,,,
SENATOR TOM COTTON,2025,SENATORS’ OFFICIAL PERSONNEL AND OFFICE EXPENSE ACCOUNT,903,PERSONNEL COMP. FULL-TIME PERMANENT,904,1699988.08,1699988.08,ok,segment,,,
SENATOR TOM COTTON,2025,SENATORS’ OFFICIAL PERSONNEL AND OFFICE EXPENSE ACCOUNT,903,PERSONNEL BENEFITS,904,680.0,0.0,no_records,segment,,,
SENATOR TOM COTTON,2025,SENATORS’ OFFICIAL PERSONNEL AND OFFICE EXPENSE ACCOUNT,903,NET PAYROLL EXPENSES,904,1700668.08,1700668.08,ok,block_running_total,,,
SENATOR TOM COTTON,2025,SENATORS’ OFFICIAL PERSONNEL AND OFFICE EXPENSE ACCOUNT,903,TRAVEL AND TRANSPORTATION OF PERSONS,912,25447.12,25447.12,ok,segment,,,
SENATOR TOM COTTON,2025,SENATORS’ OFFICIAL PERSONNEL AND OFFICE EXPENSE ACCOUNT,903,ACQUISITION OF ASSETS,912,5073.72,5073.72,ok,segment,,,
SENATOR TOM COTTON,2025,SENATORS’ OFFICIAL PERSONNEL AND OFFICE EXPENSE ACCOUNT,903,BANNER NET PAYROLL,903,1700668.08,1700668.08,ok,banner,,,
SENATOR TOM COTTON,2025,SENATORS’ OFFICIAL PERSONNEL AND OFFICE EXPENSE ACCOUNT,903,BANNER ORGANIZATION TOTALS,903,1765867.95,1731188.92,warn,banner,,,banner_only_categories
INTERN COMPENSATION - COTTON,2025,SENATORS’ OFFICIAL PERSONNEL AND OFFICE EXPENSE ACCOUNT,913,PERSONNEL COMP. FULL-TIME PERMANENT,913,34623.33,34623.33,ok,segment,,,
INTERN COMPENSATION - COTTON,2025,SENATORS’ OFFICIAL PERSONNEL AND OFFICE EXPENSE ACCOUNT,913,NET PAYROLL EXPENSES,913,34623.33,34623.33,ok,block_running_total,,,
INTERN COMPENSATION - COTTON,2025,SENATORS’ OFFICIAL PERSONNEL AND OFFICE EXPENSE ACCOUNT,913,BANNER NET PAYROLL,913,34623.33,34623.33,ok,banner,,,
INTERN COMPENSATION - COTTON,2025,SENATORS’ OFFICIAL PERSONNEL AND OFFICE EXPENSE ACCOUNT,913,BANNER ORGANIZATION TOTALS,913,34623.33,34623.33,ok,banner,,,
SENATOR KEVIN CRAMER,2023,SENATORS’ OFFICIAL PERSONNEL AND OFFICE EXPENSE ACCOUNT,914,OTHER CONTRACTUAL SERVICES,914,2000.0,2000.0,ok,segment,,,
SENATOR KEVIN CRAMER,2023,SENATORS’ OFFICIAL PERSONNEL AND OFFICE EXPENSE ACCOUNT,914,BANNER NET PAYROLL,914,0.0,0.0,banner_missing,banner,,,
SENATOR KEVIN CRAMER,2023,SENATORS’ OFFICIAL PERSONNEL AND OFFICE EXPENSE ACCOUNT,914,BANNER ORGANIZATION TOTALS,914,2000.0,2000.0,ok,banner,,,
INTERN COMPENSATION - CRAMER,2023,SENATORS’ OFFICIAL PERSONNEL AND OFFICE EXPENSE ACCOUNT,915,BANNER NET PAYROLL,915,0.0,0.0,banner_missing,banner,,,
INTERN COMPENSATION - CRAMER,2023,SENATORS’ OFFICIAL PERSONNEL AND OFFICE EXPENSE ACCOUNT,915,BANNER ORGANIZATION TOTALS,915,0.0,0.0,ok,banner,,,
SENATOR KEVIN CRAMER,2024,SENATORS’ OFFICIAL PERSONNEL AND OFFICE EXPENSE ACCOUNT,916,TRAVEL AND TRANSPORTATION OF PERSONS,917,7296.45,7296.45,ok,segment,,,
SENATOR KEVIN CRAMER,2024,SENATORS’ OFFICIAL PERSONNEL AND OFFICE EXPENSE ACCOUNT,916,ACQUISITION OF ASSETS,917,15998.0,15998.0,ok,segment,,,
SENATOR KEVIN CRAMER,2024,SENATORS’ OFFICIAL PERSONNEL AND OFFICE EXPENSE ACCOUNT,916,BANNER NET PAYROLL,916,0.0,0.0,banner_missing,banner,,,
SENATOR KEVIN CRAMER,2024,SENATORS’ OFFICIAL PERSONNEL AND OFFICE EXPENSE ACCOUNT,916,BANNER ORGANIZATION TOTALS,916,37015.6,23294.45,warn,banner,,,banner_only_categories
INTERN COMPENSATION - CRAMER,2024,SENATORS’ OFFICIAL PERSONNEL AND OFFICE EXPENSE ACCOUNT,918,BANNER NET PAYROLL,918,0.0,0.0,banner_missing,banner,,,
INTERN COMPENSATION - CRAMER,2024,SENATORS’ OFFICIAL PERSONNEL AND OFFICE EXPENSE ACCOUNT,918,BANNER ORGANIZATION TOTALS,918,0.0,0.0,ok,banner,,,
SENATOR KEVIN CRAMER,2025,SENATORS’ OFFICIAL PERSONNEL AND OFFICE EXPENSE ACCOUNT,919,PERSONNEL COMP. FULL-TIME PERMANENT,920,1637455.5,1637455.5,ok,segment,,,
SENATOR KEVIN CRAMER,2025,SENATORS’ OFFICIAL PERSONNEL AND OFFICE EXPENSE ACCOUNT,919,NET PAYROLL EXPENSES,920,1637455.5,1637455.5,ok,block_running_total,,,
SENATOR KEVIN CRAMER,2025,SENATORS’ OFFICIAL PERSONNEL AND OFFICE EXPENSE ACCOUNT,919,TRAVEL AND TRANSPORTATION OF PERSONS,927,71812.9,71812.9,ok,segment,,,
SENATOR KEVIN CRAMER,2025,SENATORS’ OFFICIAL PERSONNEL AND OFFICE EXPENSE ACCOUNT,919,OTHER CONTRACTUAL SERVICES,927,1835.2,1835.2,ok,segment,,,
SENATOR KEVIN CRAMER,2025,SENATORS’ OFFICIAL PERSONNEL AND OFFICE EXPENSE ACCOUNT,919,ACQUISITION OF ASSETS,927,7295.15,7295.15,ok,segment,,,
SENATOR KEVIN CRAMER,2025,SENATORS’ OFFICIAL PERSONNEL AND OFFICE EXPENSE ACCOUNT,919,BANNER NET PAYROLL,919,1637455.5,1637455.5,ok,banner,,,
SENATOR KEVIN CRAMER,2025,SENATORS’ OFFICIAL PERSONNEL AND OFFICE EXPENSE ACCOUNT,919,BANNER ORGANIZATION TOTALS,919,1830628.46,1718398.75,warn,banner,,,banner_only_categories
INTERN COMPENSATION - CRAMER,2025,SENATORS’ OFFICIAL PERSONNEL AND OFFICE EXPENSE ACCOUNT,928,BANNER NET PAYROLL,928,,0.0,not_applicable,banner,,,
INTERN COMPENSATION - CRAMER,2025,SENATORS’ OFFICIAL PERSONNEL AND OFFICE EXPENSE ACCOUNT,928,BANNER ORGANIZATION TOTALS,928,0.0,0.0,ok,banner,,,
SENATOR MICHAEL D. CRAPO,2023,SENATORS’ OFFICIAL PERSONNEL AND OFFICE EXPENSE ACCOUNT,929,OTHER CONTRACTUAL SERVICES,929,18421.48,18421.48,ok,segment,,,
SENATOR MICHAEL D. CRAPO,2023,SENATORS’ OFFICIAL PERSONNEL AND OFFICE EXPENSE ACCOUNT,929,BANNER NET PAYROLL,929,0.0,0.0,banner_missing,banner,,,
SENATOR MICHAEL D. CRAPO,2023,SENATORS’ OFFICIAL PERSONNEL AND OFFICE EXPENSE ACCOUNT,929,BANNER ORGANIZATION TOTALS,929,18421.48,18421.48,ok,banner,,,
INTERN COMPENSATION - CRAPO,2023,SENATORS’ OFFICIAL PERSONNEL AND OFFICE EXPENSE ACCOUNT,930,BANNER NET PAYROLL,930,0.0,0.0,banner_missing,banner,,,
INTERN COMPENSATION - CRAPO,2023,SENATORS’ OFFICIAL PERSONNEL AND OFFICE EXPENSE ACCOUNT,930,BANNER ORGANIZATION TOTALS,930,0.0,0.0,ok,banner,,,
SENATOR MICHAEL D. CRAPO,2024,SENATORS’ OFFICIAL PERSONNEL AND OFFICE EXPENSE ACCOUNT,931,PERSONNEL BENEFITS,931,228.15,0.0,no_records,segment,,,
SENATOR MICHAEL D. CRAPO,2024,SENATORS’ OFFICIAL PERSONNEL AND OFFICE EXPENSE ACCOUNT,931,NET PAYROLL EXPENSES,931,228.15,228.15,ok,block_running_total,,,
SENATOR MICHAEL D. CRAPO,2024,SENATORS’ OFFICIAL PERSONNEL AND OFFICE EXPENSE ACCOUNT,931,TRAVEL AND TRANSPORTATION OF PERSONS,932,8540.47,8540.47,ok,segment,,,
SENATOR MICHAEL D. CRAPO,2024,SENATORS’ OFFICIAL PERSONNEL AND OFFICE EXPENSE ACCOUNT,931,OTHER CONTRACTUAL SERVICES,932,65458.38,65458.38,ok,segment,,,
SENATOR MICHAEL D. CRAPO,2024,SENATORS’ OFFICIAL PERSONNEL AND OFFICE EXPENSE ACCOUNT,931,ACQUISITION OF ASSETS,932,2130.76,2130.76,ok,segment,,,
SENATOR MICHAEL D. CRAPO,2024,SENATORS’ OFFICIAL PERSONNEL AND OFFICE EXPENSE ACCOUNT,931,BANNER NET PAYROLL,931,228.15,228.15,ok,banner,,,
SENATOR MICHAEL D. CRAPO,2024,SENATORS’ OFFICIAL PERSONNEL AND OFFICE EXPENSE ACCOUNT,931,BANNER ORGANIZATION TOTALS,931,82182.3,76357.76,warn,banner,,,banner_only_categories
INTERN COMPENSATION - CRAPO,2024,SENATORS’ OFFICIAL PERSONNEL AND OFFICE EXPENSE ACCOUNT,933,BANNER NET PAYROLL,933,0.0,0.0,banner_missing,banner,,,
INTERN COMPENSATION - CRAPO,2024,SENATORS’ OFFICIAL PERSONNEL AND OFFICE EXPENSE ACCOUNT,933,BANNER ORGANIZATION TOTALS,933,0.0,0.0,ok,banner,,,
SENATOR MICHAEL D. CRAPO,2025,SENATORS’ OFFICIAL PERSONNEL AND OFFICE EXPENSE ACCOUNT,934,PERSONNEL COMP. FULL-TIME PERMANENT,935,1579868.3,1579868.3,ok,segment,,,
SENATOR MICHAEL D. CRAPO,2025,SENATORS’ OFFICIAL PERSONNEL AND OFFICE EXPENSE ACCOUNT,934,PERSONNEL BENEFITS,935,3745.42,0.0,no_records,segment,,,
SENATOR MICHAEL D. CRAPO,2025,SENATORS’ OFFICIAL PERSONNEL AND OFFICE EXPENSE ACCOUNT,934,NET PAYROLL EXPENSES,935,1583613.72,1583613.72,ok,block_running_total,,,
SENATOR MICHAEL D. CRAPO,2025,SENATORS’ OFFICIAL PERSONNEL AND OFFICE EXPENSE ACCOUNT,934,TRAVEL AND TRANSPORTATION OF PERSONS,937,13291.64,13291.64,ok,segment,,,
SENATOR MICHAEL D. CRAPO,2025,SENATORS’ OFFICIAL PERSONNEL AND OFFICE EXPENSE ACCOUNT,934,OTHER CONTRACTUAL SERVICES,937,304.48,304.48,ok,segment,,,
SENATOR MICHAEL D. CRAPO,2025,SENATORS’ OFFICIAL PERSONNEL AND OFFICE EXPENSE ACCOUNT,934,BANNER NET PAYROLL,934,1583613.72,1583613.72,ok,banner,,,
SENATOR MICHAEL D. CRAPO,2025,SENATORS’ OFFICIAL PERSONNEL AND OFFICE EXPENSE ACCOUNT,934,BANNER ORGANIZATION TOTALS,934,1651682.71,1597209.84,warn,banner,,,banner_only_categories
INTERN COMPENSATION - CRAPO,2025,SENATORS’ OFFICIAL PERSONNEL AND OFFICE EXPENSE ACCOUNT,938,PERSONNEL COMP. FULL-TIME PERMANENT,938,41154.99,41154.99,ok,segment,,,
INTERN COMPENSATION - CRAPO,2025,SENATORS’ OFFICIAL PERSONNEL AND OFFICE EXPENSE ACCOUNT,938,NET PAYROLL EXPENSES,938,41154.99,41154.99,ok,block_running_total,,,
INTERN COMPENSATION - CRAPO,2025,SENATORS’ OFFICIAL PERSONNEL AND OFFICE EXPENSE ACCOUNT,938,BANNER NET PAYROLL,938,41154.99,41154.99,ok,banner,,,
INTERN COMPENSATION - CRAPO,2025,SENATORS’ OFFICIAL PERSONNEL AND OFFICE EXPENSE ACCOUNT,938,BANNER ORGANIZATION TOTALS,938,41154.99,41154.99,ok,banner,,,
SENATOR TED CRUZ,2023,SENATORS’ OFFICIAL PERSONNEL AND OFFICE EXPENSE ACCOUNT,939,TRAVEL AND TRANSPORTATION OF PERSONS,939,1183.01,1183.01,ok,segment,,,
SENATOR TED CRUZ,2023,SENATORS’ OFFICIAL PERSONNEL AND OFFICE EXPENSE ACCOUNT,939,BANNER NET PAYROLL,939,0.0,0.0,banner_missing,banner,,,
SENATOR TED CRUZ,2023,SENATORS’ OFFICIAL PERSONNEL AND OFFICE EXPENSE ACCOUNT,939,BANNER ORGANIZATION TOTALS,939,1183.01,1183.01,ok,banner,,,
INTERN COMPENSATION - CRUZ,2023,SENATORS’ OFFICIAL PERSONNEL AND OFFICE EXPENSE ACCOUNT,940,BANNER NET PAYROLL,940,0.0,0.0,banner_missing,banner,,,
INTERN COMPENSATION - CRUZ,2023,SENATORS’ OFFICIAL PERSONNEL AND OFFICE EXPENSE ACCOUNT,940,BANNER ORGANIZATION TOTALS,940,0.0,0.0,ok,banner,,,
SENATOR TED CRUZ,2024,SENATORS’ OFFICIAL PERSONNEL AND OFFICE EXPENSE ACCOUNT,941,PERSONNEL BENEFITS,941,848.8,0.0,no_records,segment,,,
SENATOR TED CRUZ,2024,SENATORS’ OFFICIAL PERSONNEL AND OFFICE EXPENSE ACCOUNT,941,NET PAYROLL EXPENSES,941,848.8,848.8,ok,block_running_total,,,
SENATOR TED CRUZ,2024,SENATORS’ OFFICIAL PERSONNEL AND OFFICE EXPENSE ACCOUNT,941,TRAVEL AND TRANSPORTATION OF PERSONS,946,49616.21,49616.21,ok,segment,,,
SENATOR TED CRUZ,2024,SENATORS’ OFFICIAL PERSONNEL AND OFFICE EXPENSE ACCOUNT,941,OTHER CONTRACTUAL SERVICES,946,316.88,316.88,ok,segment,,,
SENATOR TED CRUZ,2024,SENATORS’ OFFICIAL PERSONNEL AND OFFICE EXPENSE ACCOUNT,941,ACQUISITION OF ASSETS,946,3144.53,3144.53,ok,segment,,,
SENATOR TED CRUZ,2024,SENATORS’ OFFICIAL PERSONNEL AND OFFICE EXPENSE ACCOUNT,941,BANNER NET PAYROLL,941,1662.98,848.8,fail,banner,,,fy_boundary_pattern
SENATOR TED CRUZ,2024,SENATORS’ OFFICIAL PERSONNEL AND OFFICE EXPENSE ACCOUNT,941,BANNER ORGANIZATION TOTALS,941,72646.17,53926.42,warn,banner,,,captured_bvb_mismatch
INTERN COMPENSATION - CRUZ,2024,SENATORS’ OFFICIAL PERSONNEL AND OFFICE EXPENSE ACCOUNT,947,BANNER NET PAYROLL,947,2884.54,0.0,banner_missing,banner,,,
INTERN COMPENSATION - CRUZ,2024,SENATORS’ OFFICIAL PERSONNEL AND OFFICE EXPENSE ACCOUNT,947,BANNER ORGANIZATION TOTALS,947,2884.54,0.0,warn,banner,,,banner_only_categories
SENATOR TED CRUZ,2025,SENATORS’ OFFICIAL PERSONNEL AND OFFICE EXPENSE ACCOUNT,948,PERSONNEL COMP. FULL-TIME PERMANENT,950,2421051.55,2421051.55,ok,segment,,,
SENATOR TED CRUZ,2025,SENATORS’ OFFICIAL PERSONNEL AND OFFICE EXPENSE ACCOUNT,948,PERSONNEL BENEFITS,950,1246.35,0.0,no_records,segment,,,
SENATOR TED CRUZ,2025,SENATORS’ OFFICIAL PERSONNEL AND OFFICE EXPENSE ACCOUNT,948,NET PAYROLL EXPENSES,950,2422297.9,2422297.9,ok,block_running_total,,,
SENATOR TED CRUZ,2025,SENATORS’ OFFICIAL PERSONNEL AND OFFICE EXPENSE ACCOUNT,948,TRAVEL AND TRANSPORTATION OF PERSONS,962,114068.2,114068.2,ok,segment,,,
SENATOR TED CRUZ,2025,SENATORS’ OFFICIAL PERSONNEL AND OFFICE EXPENSE ACCOUNT,948,OTHER CONTRACTUAL SERVICES,963,4673.36,4673.36,ok,segment,,,
SENATOR TED CRUZ,2025,SENATORS’ OFFICIAL PERSONNEL AND OFFICE EXPENSE ACCOUNT,948,BANNER NET PAYROLL,948,2421483.72,2422297.9,fail,banner,,,fy_boundary_pattern
SENATOR TED CRUZ,2025,SENATORS’ OFFICIAL PERSONNEL AND OFFICE EXPENSE ACCOUNT,948,BANNER ORGANIZATION TOTALS,948,2586186.43,2541039.46,warn,banner,,,captured_bvb_mismatch
INTERN COMPENSATION - CRUZ,2025,SENATORS’ OFFICIAL PERSONNEL AND OFFICE EXPENSE ACCOUNT,964,PERSONNEL COMP. FULL-TIME PERMANENT,964,35291.61,36691.61,fail,segment,source_mismatch,36691.61,
INTERN COMPENSATION - CRUZ,2025,SENATORS’ OFFICIAL PERSONNEL AND OFFICE EXPENSE ACCOUNT,964,NET PAYROLL EXPENSES,964,35291.61,36691.61,fail,block_running_total,,,
INTERN COMPENSATION - CRUZ,2025,SENATORS’ OFFICIAL PERSONNEL AND OFFICE EXPENSE ACCOUNT,964,BANNER NET PAYROLL,964,38176.15,35291.61,fail,banner,,,fy_boundary_pattern
INTERN COMPENSATION - CRUZ,2025,SENATORS’ OFFICIAL PERSONNEL AND OFFICE EXPENSE ACCOUNT,964,BANNER ORGANIZATION TOTALS,964,38176.15,36691.61,fail,banner,,,
SENATOR JOHN CURTIS,2025,SENATORS’ OFFICIAL PERSONNEL AND OFFICE EXPENSE ACCOUNT,965,PERSONNEL COMP. FULL-TIME PERMANENT,966,728624.28,728624.28,ok,segment,,,
SENATOR JOHN CURTIS,2025,SENATORS’ OFFICIAL PERSONNEL AND OFFICE EXPENSE ACCOUNT,965,PERSONNEL BENEFITS,966,1852.0,0.0,no_records,segment,,,
SENATOR JOHN CURTIS,2025,SENATORS’ OFFICIAL PERSONNEL AND OFFICE EXPENSE ACCOUNT,965,NET PAYROLL EXPENSES,966,730476.28,730476.28,ok,block_running_total,,,
SENATOR JOHN CURTIS,2025,SENATORS’ OFFICIAL PERSONNEL AND OFFICE EXPENSE ACCOUNT,965,TRAVEL AND TRANSPORTATION OF PERSONS,969,41568.18,41568.18,ok,segment,,,
SENATOR JOHN CURTIS,2025,SENATORS’ OFFICIAL PERSONNEL AND OFFICE EXPENSE ACCOUNT,965,OTHER CONTRACTUAL SERVICES,969,50.0,50.0,ok,segment,,,
SENATOR JOHN CURTIS,2025,SENATORS’ OFFICIAL PERSONNEL AND OFFICE EXPENSE ACCOUNT,965,ACQUISITION OF ASSETS,969,549.0,549.0,ok,segment,,,
SENATOR JOHN CURTIS,2025,SENATORS’ OFFICIAL PERSONNEL AND OFFICE EXPENSE ACCOUNT,965,BANNER NET PAYROLL,965,730476.28,730476.28,ok,banner,,,
SENATOR JOHN CURTIS,2025,SENATORS’ OFFICIAL PERSONNEL AND OFFICE EXPENSE ACCOUNT,965,BANNER ORGANIZATION TOTALS,965,819041.88,772643.46,warn,banner,,,banner_only_categories
INTERN COMPENSATION - CURTIS,2025,SENATORS’ OFFICIAL PERSONNEL AND OFFICE EXPENSE ACCOUNT,970,PERSONNEL COMP. FULL-TIME PERMANENT,970,3461.79,3461.79,ok,segment,,,
INTERN COMPENSATION - CURTIS,2025,SENATORS’ OFFICIAL PERSONNEL AND OFFICE EXPENSE ACCOUNT,970,NET PAYROLL EXPENSES,970,3461.79,3461.79,ok,block_running_total,,,
INTERN COMPENSATION - CURTIS,2025,SENATORS’ OFFICIAL PERSONNEL AND OFFICE EXPENSE ACCOUNT,970,BANNER NET PAYROLL,970,3461.79,3461.79,ok,banner,,,
INTERN COMPENSATION - CURTIS,2025,SENATORS’ OFFICIAL PERSONNEL AND OFFICE EXPENSE ACCOUNT,970,BANNER ORGANIZATION TOTALS,970,3461.79,3461.79,ok,banner,,,
SENATOR STEVE DAINES,2023,SENATORS’ OFFICIAL PERSONNEL AND OFFICE EXPENSE ACCOUNT,971,TRAVEL AND TRANSPORTATION OF PERSONS,971,65.26,65.26,ok,segment,,,
SENATOR STEVE DAINES,2023,SENATORS’ OFFICIAL PERSONNEL AND OFFICE EXPENSE ACCOUNT,971,ACQUISITION OF ASSETS,971,3334.47,3334.47,ok,segment,,,
SENATOR STEVE DAINES,2023,SENATORS’ OFFICIAL PERSONNEL AND OFFICE EXPENSE ACCOUNT,971,BANNER NET PAYROLL,971,0.0,0.0,banner_missing,banner,,,
SENATOR STEVE DAINES,2023,SENATORS’ OFFICIAL PERSONNEL AND OFFICE EXPENSE ACCOUNT,971,BANNER ORGANIZATION TOTALS,971,3399.73,3399.73,ok,banner,,,
INTERN COMPENSATION - DAINES,2023,SENATORS’ OFFICIAL PERSONNEL AND OFFICE EXPENSE ACCOUNT,972,BANNER NET PAYROLL,972,0.0,0.0,banner_missing,banner,,,
INTERN COMPENSATION - DAINES,2023,SENATORS’ OFFICIAL PERSONNEL AND OFFICE EXPENSE ACCOUNT,972,BANNER ORGANIZATION TOTALS,972,0.0,0.0,ok,banner,,,
SENATOR STEVE DAINES,2024,SENATORS’ OFFICIAL PERSONNEL AND OFFICE EXPENSE ACCOUNT,973,PERSONNEL BENEFITS,973,446.75,0.0,no_records,segment,,,
SENATOR STEVE DAINES,2024,SENATORS’ OFFICIAL PERSONNEL AND OFFICE EXPENSE ACCOUNT,973,NET PAYROLL EXPENSES,973,446.75,446.75,ok,block_running_total,,,
SENATOR STEVE DAINES,2024,SENATORS’ OFFICIAL PERSONNEL AND OFFICE EXPENSE ACCOUNT,973,TRAVEL AND TRANSPORTATION OF PERSONS,976,26719.28,26719.28,ok,segment,,,
SENATOR STEVE DAINES,2024,SENATORS’ OFFICIAL PERSONNEL AND OFFICE EXPENSE ACCOUNT,973,OTHER CONTRACTUAL SERVICES,976,548.06,548.06,ok,segment,,,
SENATOR STEVE DAINES,2024,SENATORS’ OFFICIAL PERSONNEL AND OFFICE EXPENSE ACCOUNT,973,ACQUISITION OF ASSETS,976,24947.65,24947.65,ok,segment,,,
SENATOR STEVE DAINES,2024,SENATORS’ OFFICIAL PERSONNEL AND OFFICE EXPENSE ACCOUNT,973,BANNER NET PAYROLL,973,446.75,446.75,ok,banner,,,
SENATOR STEVE DAINES,2024,SENATORS’ OFFICIAL PERSONNEL AND OFFICE EXPENSE ACCOUNT,973,BANNER ORGANIZATION TOTALS,973,59505.25,52661.74,warn,banner,,,banner_only_categories
INTERN COMPENSATION - DAINES,2024,SENATORS’ OFFICIAL PERSONNEL AND OFFICE EXPENSE ACCOUNT,977,BANNER NET PAYROLL,977,0.0,0.0,banner_missing,banner,,,
INTERN COMPENSATION - DAINES,2024,SENATORS’ OFFICIAL PERSONNEL AND OFFICE EXPENSE ACCOUNT,977,BANNER ORGANIZATION TOTALS,977,0.0,0.0,ok,banner,,,
SENATOR STEVE DAINES,2025,SENATORS’ OFFICIAL PERSONNEL AND OFFICE EXPENSE ACCOUNT,978,PERSONNEL COMP. FULL-TIME PERMANENT,979,1752192.01,1752192.01,ok,segment,,,
SENATOR STEVE DAINES,2025,SENATORS’ OFFICIAL PERSONNEL AND OFFICE EXPENSE ACCOUNT,978,PERSONNEL BENEFITS,979,4061.17,0.0,no_records,segment,,,
SENATOR STEVE DAINES,2025,SENATORS’ OFFICIAL PERSONNEL AND OFFICE EXPENSE ACCOUNT,978,NET PAYROLL EXPENSES,979,1756253.18,1756253.18,ok,block_running_total,,,
SENATOR STEVE DAINES,2025,SENATORS’ OFFICIAL PERSONNEL AND OFFICE EXPENSE ACCOUNT,978,TRAVEL AND TRANSPORTATION OF PERSONS,988,62845.74,62845.74,ok,segment,,,
SENATOR STEVE DAINES,2025,SENATORS’ OFFICIAL PERSONNEL AND OFFICE EXPENSE ACCOUNT,978,OTHER CONTRACTUAL SERVICES,989,7253.21,7253.21,ok,segment,,,
SENATOR STEVE DAINES,2025,SENATORS’ OFFICIAL PERSONNEL AND OFFICE EXPENSE ACCOUNT,978,ACQUISITION OF ASSETS,989,3872.98,3872.98,ok,segment,,,
SENATOR STEVE DAINES,2025,SENATORS’ OFFICIAL PERSONNEL AND OFFICE EXPENSE ACCOUNT,978,BANNER NET PAYROLL,978,1756253.18,1756253.18,ok,banner,,,
SENATOR STEVE DAINES,2025,SENATORS’ OFFICIAL PERSONNEL AND OFFICE EXPENSE ACCOUNT,978,BANNER ORGANIZATION TOTALS,978,1916661.66,1830225.11,warn,banner,,,banner_only_categories
INTERN COMPENSATION - DAINES,2025,SENATORS’ OFFICIAL PERSONNEL AND OFFICE EXPENSE ACCOUNT,990,PERSONNEL COMP. FULL-TIME PERMANENT,990,41114.16,41114.16,ok,segment,,,
INTERN COMPENSATION - DAINES,2025,SENATORS’ OFFICIAL PERSONNEL AND OFFICE EXPENSE ACCOUNT,990,NET PAYROLL EXPENSES,990,41114.16,41114.16,ok,block_running_total,,,
INTERN COMPENSATION - DAINES,2025,SENATORS’ OFFICIAL PERSONNEL AND OFFICE EXPENSE ACCOUNT,990,BANNER NET PAYROLL,990,41114.16,41114.16,ok,banner,,,
INTERN COMPENSATION - DAINES,2025,SENATORS’ OFFICIAL PERSONNEL AND OFFICE EXPENSE ACCOUNT,990,BANNER ORGANIZATION TOTALS,990,41114.16,41114.16,ok,banner,,,
SENATOR TAMMY DUCKWORTH,2023,SENATORS’ OFFICIAL PERSONNEL AND OFFICE EXPENSE ACCOUNT,991,BANNER NET PAYROLL,991,0.0,0.0,banner_missing,banner,,,
SENATOR TAMMY DUCKWORTH,2023,SENATORS’ OFFICIAL PERSONNEL AND OFFICE EXPENSE ACCOUNT,991,BANNER ORGANIZATION TOTALS,991,0.0,0.0,ok,banner,,,
INTERN COMPENSATION - DUCKWORTH,2023,SENATORS’ OFFICIAL PERSONNEL AND OFFICE EXPENSE ACCOUNT,992,BANNER NET PAYROLL,992,0.0,0.0,banner_missing,banner,,,
INTERN COMPENSATION - DUCKWORTH,2023,SENATORS’ OFFICIAL PERSONNEL AND OFFICE EXPENSE ACCOUNT,992,BANNER ORGANIZATION TOTALS,992,0.0,0.0,ok,banner,,,
SENATOR TAMMY DUCKWORTH,2024,SENATORS’ OFFICIAL PERSONNEL AND OFFICE EXPENSE ACCOUNT,993,TRAVEL AND TRANSPORTATION OF PERSONS,994,8651.68,8651.68,ok,segment,,,
SENATOR TAMMY DUCKWORTH,2024,SENATORS’ OFFICIAL PERSONNEL AND OFFICE EXPENSE ACCOUNT,993,OTHER CONTRACTUAL SERVICES,994,1158.48,1158.48,ok,segment,,,
SENATOR TAMMY DUCKWORTH,2024,SENATORS’ OFFICIAL PERSONNEL AND OFFICE EXPENSE ACCOUNT,993,ACQUISITION OF ASSETS,994,11778.52,11778.52,ok,segment,,,
SENATOR TAMMY DUCKWORTH,2024,SENATORS’ OFFICIAL PERSONNEL AND OFFICE EXPENSE ACCOUNT,993,BANNER NET PAYROLL,993,0.0,0.0,banner_missing,banner,,,
SENATOR TAMMY DUCKWORTH,2024,SENATORS’ OFFICIAL PERSONNEL AND OFFICE EXPENSE ACCOUNT,993,BANNER ORGANIZATION TOTALS,993,28839.21,21588.68,warn,banner,,,banner_only_categories
INTERN COMPENSATION - DUCKWORTH,2024,SENATORS’ OFFICIAL PERSONNEL AND OFFICE EXPENSE ACCOUNT,995,BANNER NET PAYROLL,995,0.0,0.0,banner_missing,banner,,,
INTERN COMPENSATION - DUCKWORTH,2024,SENATORS’ OFFICIAL PERSONNEL AND OFFICE EXPENSE ACCOUNT,995,BANNER ORGANIZATION TOTALS,995,0.0,0.0,ok,banner,,,
SENATOR TAMMY DUCKWORTH,2025,SENATORS’ OFFICIAL PERSONNEL AND OFFICE EXPENSE ACCOUNT,996,PERSONNEL COMP. FULL-TIME PERMANENT,997,2376787.93,2376787.93,ok,segment,,,
SENATOR TAMMY DUCKWORTH,2025,SENATORS’ OFFICIAL PERSONNEL AND OFFICE EXPENSE ACCOUNT,996,RE-EMPLOYED ANNUITANTS,997,4900.0,0.0,no_records,segment,,,
SENATOR TAMMY DUCKWORTH,2025,SENATORS’ OFFICIAL PERSONNEL AND OFFICE EXPENSE ACCOUNT,996,PERSONNEL BENEFITS,997,5862.4,0.0,no_records,segment,,,
SENATOR TAMMY DUCKWORTH,2025,SENATORS’ OFFICIAL PERSONNEL AND OFFICE EXPENSE ACCOUNT,996,NET PAYROLL EXPENSES,997,2387550.33,2387550.33,ok,block_running_total,,,
SENATOR TAMMY DUCKWORTH,2025,SENATORS’ OFFICIAL PERSONNEL AND OFFICE EXPENSE ACCOUNT,996,TRAVEL AND TRANSPORTATION OF PERSONS,1006,43645.33,43645.33,ok,segment,,,
SENATOR TAMMY DUCKWORTH,2025,SENATORS’ OFFICIAL PERSONNEL AND OFFICE EXPENSE ACCOUNT,996,OTHER CONTRACTUAL SERVICES,1006,57.0,57.0,ok,segment,,,
SENATOR TAMMY DUCKWORTH,2025,SENATORS’ OFFICIAL PERSONNEL AND OFFICE EXPENSE ACCOUNT,996,ACQUISITION OF ASSETS,1006,333.19,333.19,ok,segment,,,
SENATOR TAMMY DUCKWORTH,2025,SENATORS’ OFFICIAL PERSONNEL AND OFFICE EXPENSE ACCOUNT,996,BANNER NET PAYROLL,996,2387550.33,2387550.33,ok,banner,,,
SENATOR TAMMY DUCKWORTH,2025,SENATORS’ OFFICIAL PERSONNEL AND OFFICE EXPENSE ACCOUNT,996,BANNER ORGANIZATION TOTALS,996,2479160.41,2431585.85,warn,banner,,,banner_only_categories
INTERN COMPENSATION - DUCKWORTH,2025,SENATORS’ OFFICIAL PERSONNEL AND OFFICE EXPENSE ACCOUNT,1007,PERSONNEL COMP. FULL-TIME PERMANENT,1007,62214.71,62214.71,ok,segment,,,
INTERN COMPENSATION - DUCKWORTH,2025,SENATORS’ OFFICIAL PERSONNEL AND OFFICE EXPENSE ACCOUNT,1007,NET PAYROLL EXPENSES,1007,62214.71,62214.71,ok,block_running_total,,,
INTERN COMPENSATION - DUCKWORTH,2025,SENATORS’ OFFICIAL PERSONNEL AND OFFICE EXPENSE ACCOUNT,1007,BANNER NET PAYROLL,1007,62214.71,62214.71,ok,banner,,,
INTERN COMPENSATION - DUCKWORTH,2025,SENATORS’ OFFICIAL PERSONNEL AND OFFICE EXPENSE ACCOUNT,1007,BANNER ORGANIZATION TOTALS,1007,62214.71,62214.71,ok,banner,,,
SENATOR RICHARD J. DURBIN,2023,SENATORS’ OFFICIAL PERSONNEL AND OFFICE EXPENSE ACCOUNT,1008,TRAVEL AND TRANSPORTATION OF PERSONS,1008,147.74,147.74,ok,segment,,,
SENATOR RICHARD J. DURBIN,2023,SENATORS’ OFFICIAL PERSONNEL AND OFFICE EXPENSE ACCOUNT,1008,OTHER CONTRACTUAL SERVICES,1008,47.65,47.65,ok,segment,,,
SENATOR RICHARD J. DURBIN,2023,SENATORS’ OFFICIAL PERSONNEL AND OFFICE EXPENSE ACCOUNT,1008,BANNER NET PAYROLL,1008,0.0,0.0,banner_missing,banner,,,
SENATOR RICHARD J. DURBIN,2023,SENATORS’ OFFICIAL PERSONNEL AND OFFICE EXPENSE ACCOUNT,1008,BANNER ORGANIZATION TOTALS,1008,267.5,195.39,warn,banner,,,banner_only_categories
INTERN COMPENSATION - DURBIN,2023,SENATORS’ OFFICIAL PERSONNEL AND OFFICE EXPENSE ACCOUNT,1009,BANNER NET PAYROLL,1009,0.0,0.0,banner_missing,banner,,,
INTERN COMPENSATION - DURBIN,2023,SENATORS’ OFFICIAL PERSONNEL AND OFFICE EXPENSE ACCOUNT,1009,BANNER ORGANIZATION TOTALS,1009,0.0,0.0,ok,banner,,,
SENATOR RICHARD J. DURBIN,2024,SENATORS’ OFFICIAL PERSONNEL AND OFFICE EXPENSE ACCOUNT,1010,PERSONNEL BENEFITS,1010,1154.48,0.0,no_records,segment,,,
SENATOR RICHARD J. DURBIN,2024,SENATORS’ OFFICIAL PERSONNEL AND OFFICE EXPENSE ACCOUNT,1010,NET PAYROLL EXPENSES,1010,1154.48,1154.48,ok,block_running_total,,,
SENATOR RICHARD J. DURBIN,2024,SENATORS’ OFFICIAL PERSONNEL AND OFFICE EXPENSE ACCOUNT,1010,TRAVEL AND TRANSPORTATION OF PERSONS,1014,13663.85,13663.85,ok,segment,,,
SENATOR RICHARD J. DURBIN,2024,SENATORS’ OFFICIAL PERSONNEL AND OFFICE EXPENSE ACCOUNT,1010,OTHER CONTRACTUAL SERVICES,1014,13266.14,13266.14,ok,segment,,,
SENATOR RICHARD J. DURBIN,2024,SENATORS’ OFFICIAL PERSONNEL AND OFFICE EXPENSE ACCOUNT,1010,ACQUISITION OF ASSETS,1014,36183.37,36183.37,ok,segment,,,
SENATOR RICHARD J. DURBIN,2024,SENATORS’ OFFICIAL PERSONNEL AND OFFICE EXPENSE ACCOUNT,1010,BANNER NET PAYROLL,1010,1154.48,1154.48,ok,banner,,,
SENATOR RICHARD J. DURBIN,2024,SENATORS’ OFFICIAL PERSONNEL AND OFFICE EXPENSE ACCOUNT,1010,BANNER ORGANIZATION TOTALS,1010,95281.38,64267.84,warn,banner,,,banner_only_categories
INTERN COMPENSATION - DURBIN,2024,SENATORS’ OFFICIAL PERSONNEL AND OFFICE EXPENSE ACCOUNT,1015,BANNER NET PAYROLL,1015,0.0,0.0,banner_missing,banner,,,
INTERN COMPENSATION - DURBIN,2024,SENATORS’ OFFICIAL PERSONNEL AND OFFICE EXPENSE ACCOUNT,1015,BANNER ORGANIZATION TOTALS,1015,0.0,0.0,ok,banner,,,
SENATOR RICHARD J. DURBIN,2025,SENATORS’ OFFICIAL PERSONNEL AND OFFICE EXPENSE ACCOUNT,1016,PERSONNEL COMP. FULL-TIME PERMANENT,1017,2171441.19,2171441.19,ok,segment,,,
SENATOR RICHARD J. DURBIN,2025,SENATORS’ OFFICIAL PERSONNEL AND OFFICE EXPENSE ACCOUNT,1016,PERSONNEL BENEFITS,1017,7027.66,0.0,no_records,segment,,,
SENATOR RICHARD J. DURBIN,2025,SENATORS’ OFFICIAL PERSONNEL AND OFFICE EXPENSE ACCOUNT,1016,NET PAYROLL EXPENSES,1017,2178468.85,2178468.85,ok,block_running_total,,,
SENATOR RICHARD J. DURBIN,2025,SENATORS’ OFFICIAL PERSONNEL AND OFFICE EXPENSE ACCOUNT,1016,TRAVEL AND TRANSPORTATION OF PERSONS,1021,19926.65,19926.65,ok,segment,,,
SENATOR RICHARD J. DURBIN,2025,SENATORS’ OFFICIAL PERSONNEL AND OFFICE EXPENSE ACCOUNT,1016,OTHER CONTRACTUAL SERVICES,1021,653.1,653.1,ok,segment,,,
SENATOR RICHARD J. DURBIN,2025,SENATORS’ OFFICIAL PERSONNEL AND OFFICE EXPENSE ACCOUNT,1016,ACQUISITION OF ASSETS,1021,174.39,174.39,ok,segment,,,
SENATOR RICHARD J. DURBIN,2025,SENATORS’ OFFICIAL PERSONNEL AND OFFICE EXPENSE ACCOUNT,1016,BANNER NET PAYROLL,1016,2178468.85,2178468.85,ok,banner,,,
SENATOR RICHARD J. DURBIN,2025,SENATORS’ OFFICIAL PERSONNEL AND OFFICE EXPENSE ACCOUNT,1016,BANNER ORGANIZATION TOTALS,1016,2221888.17,2199222.99,warn,banner,,,banner_only_categories
INTERN COMPENSATION - DURBIN,2025,SENATORS’ OFFICIAL PERSONNEL AND OFFICE EXPENSE ACCOUNT,1022,PERSONNEL COMP. FULL-TIME PERMANENT,1022,41499.99,41499.99,ok,segment,,,
INTERN COMPENSATION - DURBIN,2025,SENATORS’ OFFICIAL PERSONNEL AND OFFICE EXPENSE ACCOUNT,1022,NET PAYROLL EXPENSES,1022,41499.99,41499.99,ok,block_running_total,,,
INTERN COMPENSATION - DURBIN,2025,SENATORS’ OFFICIAL PERSONNEL AND OFFICE EXPENSE ACCOUNT,1022,BANNER NET PAYROLL,1022,41499.99,41499.99,ok,banner,,,
INTERN COMPENSATION - DURBIN,2025,SENATORS’ OFFICIAL PERSONNEL AND OFFICE EXPENSE ACCOUNT,1022,BANNER ORGANIZATION TOTALS,1022,41499.99,41499.99,ok,banner,,,
SENATOR JONI ERNST,2023,SENATORS’ OFFICIAL PERSONNEL AND OFFICE EXPENSE ACCOUNT,1023,BANNER NET PAYROLL,1023,0.0,0.0,banner_missing,banner,,,
SENATOR JONI ERNST,2023,SENATORS’ OFFICIAL PERSONNEL AND OFFICE EXPENSE ACCOUNT,1023,BANNER ORGANIZATION TOTALS,1023,70.5,0.0,warn,banner,,,banner_only_categories
INTERN COMPENSATION - ERNST,2023,SENATORS’ OFFICIAL PERSONNEL AND OFFICE EXPENSE ACCOUNT,1024,BANNER NET PAYROLL,1024,0.0,0.0,banner_missing,banner,,,
INTERN COMPENSATION - ERNST,2023,SENATORS’ OFFICIAL PERSONNEL AND OFFICE EXPENSE ACCOUNT,1024,BANNER ORGANIZATION TOTALS,1024,0.0,0.0,ok,banner,,,
SENATOR JONI ERNST,2024,SENATORS’ OFFICIAL PERSONNEL AND OFFICE EXPENSE ACCOUNT,1025,PERSONNEL BENEFITS,1025,1200.77,0.0,no_records,segment,,,
SENATOR JONI ERNST,2024,SENATORS’ OFFICIAL PERSONNEL AND OFFICE EXPENSE ACCOUNT,1025,NET PAYROLL EXPENSES,1025,1200.77,1200.77,ok,block_running_total,,,
SENATOR JONI ERNST,2024,SENATORS’ OFFICIAL PERSONNEL AND OFFICE EXPENSE ACCOUNT,1025,TRAVEL AND TRANSPORTATION OF PERSONS,1028,10649.0,10649.0,ok,segment,,,
SENATOR JONI ERNST,2024,SENATORS’ OFFICIAL PERSONNEL AND OFFICE EXPENSE ACCOUNT,1025,OTHER CONTRACTUAL SERVICES,1029,1596.5,1596.5,ok,segment,,,
SENATOR JONI ERNST,2024,SENATORS’ OFFICIAL PERSONNEL AND OFFICE EXPENSE ACCOUNT,1025,BANNER NET PAYROLL,1025,1481.33,1200.77,fail,banner,,,fy_boundary_pattern
SENATOR JONI ERNST,2024,SENATORS’ OFFICIAL PERSONNEL AND OFFICE EXPENSE ACCOUNT,1025,BANNER ORGANIZATION TOTALS,1025,26061.6,13446.27,warn,banner,,,captured_bvb_mismatch
INTERN COMPENSATION - ERNST,2024,SENATORS’ OFFICIAL PERSONNEL AND OFFICE EXPENSE ACCOUNT,1030,BANNER NET PAYROLL,1030,0.0,0.0,banner_missing,banner,,,
INTERN COMPENSATION - ERNST,2024,SENATORS’ OFFICIAL PERSONNEL AND OFFICE EXPENSE ACCOUNT,1030,BANNER ORGANIZATION TOTALS,1030,0.0,0.0,ok,banner,,,
SENATOR JONI ERNST,2025,SENATORS’ OFFICIAL PERSONNEL AND OFFICE EXPENSE ACCOUNT,1031,PERSONNEL COMP. FULL-TIME PERMANENT,1032,1852048.7,1852048.7,ok,segment,,,
SENATOR JONI ERNST,2025,SENATORS’ OFFICIAL PERSONNEL AND OFFICE EXPENSE ACCOUNT,1031,PERSONNEL BENEFITS,1032,682.84,0.0,no_records,segment,,,
SENATOR JONI ERNST,2025,SENATORS’ OFFICIAL PERSONNEL AND OFFICE EXPENSE ACCOUNT,1031,NET PAYROLL EXPENSES,1032,1852731.54,1852731.54,ok,block_running_total,,,
SENATOR JONI ERNST,2025,SENATORS’ OFFICIAL PERSONNEL AND OFFICE EXPENSE ACCOUNT,1031,TRAVEL AND TRANSPORTATION OF PERSONS,1045,39451.83,39451.83,ok,segment,,,
SENATOR JONI ERNST,2025,SENATORS’ OFFICIAL PERSONNEL AND OFFICE EXPENSE ACCOUNT,1031,OTHER CONTRACTUAL SERVICES,1045,1055.33,1055.33,ok,segment,,,
SENATOR JONI ERNST,2025,SENATORS’ OFFICIAL PERSONNEL AND OFFICE EXPENSE ACCOUNT,1031,ACQUISITION OF ASSETS,1045,249.99,249.99,ok,segment,,,
SENATOR JONI ERNST,2025,SENATORS’ OFFICIAL PERSONNEL AND OFFICE EXPENSE ACCOUNT,1031,BANNER NET PAYROLL,1031,1852450.98,1852731.54,fail,banner,,,fy_boundary_pattern
SENATOR JONI ERNST,2025,SENATORS’ OFFICIAL PERSONNEL AND OFFICE EXPENSE ACCOUNT,1031,BANNER ORGANIZATION TOTALS,1031,1922978.32,1893488.69,warn,banner,,,captured_bvb_mismatch
INTERN COMPENSATION - ERNST,2025,SENATORS’ OFFICIAL PERSONNEL AND OFFICE EXPENSE ACCOUNT,1046,PERSONNEL COMP. FULL-TIME PERMANENT,1046,31383.85,31383.85,ok,segment,,,
INTERN COMPENSATION - ERNST,2025,SENATORS’ OFFICIAL PERSONNEL AND OFFICE EXPENSE ACCOUNT,1046,NET PAYROLL EXPENSES,1046,31383.85,31383.85,ok,block_running_total,,,
INTERN COMPENSATION - ERNST,2025,SENATORS’ OFFICIAL PERSONNEL AND OFFICE EXPENSE ACCOUNT,1046,BANNER NET PAYROLL,1046,31383.85,31383.85,ok,banner,,,
INTERN COMPENSATION - ERNST,2025,SENATORS’ OFFICIAL PERSONNEL AND OFFICE EXPENSE ACCOUNT,1046,BANNER ORGANIZATION TOTALS,1046,31383.85,31383.85,ok,banner,,,
SENATOR DIANNE FEINSTEIN,2023,SENATORS’ OFFICIAL PERSONNEL AND OFFICE EXPENSE ACCOUNT,1047,BANNER NET PAYROLL,1047,0.0,0.0,banner_missing,banner,,,
SENATOR DIANNE FEINSTEIN,2023,SENATORS’ OFFICIAL PERSONNEL AND OFFICE EXPENSE ACCOUNT,1047,BANNER ORGANIZATION TOTALS,1047,0.0,0.0,ok,banner,,,
INTERN COMPENSATION - FEINSTEIN,2023,SENATORS’ OFFICIAL PERSONNEL AND OFFICE EXPENSE ACCOUNT,1048,BANNER NET PAYROLL,1048,0.0,0.0,banner_missing,banner,,,
INTERN COMPENSATION - FEINSTEIN,2023,SENATORS’ OFFICIAL PERSONNEL AND OFFICE EXPENSE ACCOUNT,1048,BANNER ORGANIZATION TOTALS,1048,0.0,0.0,ok,banner,,,
SENATOR JOHN FETTERMAN,2023,SENATORS’ OFFICIAL PERSONNEL AND OFFICE EXPENSE ACCOUNT,1049,BANNER NET PAYROLL,1049,0.0,0.0,banner_missing,banner,,,
SENATOR JOHN FETTERMAN,2023,SENATORS’ OFFICIAL PERSONNEL AND OFFICE EXPENSE ACCOUNT,1049,BANNER ORGANIZATION TOTALS,1049,0.0,0.0,ok,banner,,,
INTERN COMPENSATION - FETTERMAN,2023,SENATORS’ OFFICIAL PERSONNEL AND OFFICE EXPENSE ACCOUNT,1050,BANNER NET PAYROLL,1050,0.0,0.0,banner_missing,banner,,,
INTERN COMPENSATION - FETTERMAN,2023,SENATORS’ OFFICIAL PERSONNEL AND OFFICE EXPENSE ACCOUNT,1050,BANNER ORGANIZATION TOTALS,1050,0.0,0.0,ok,banner,,,
SENATOR JOHN FETTERMAN,2024,SENATORS’ OFFICIAL PERSONNEL AND OFFICE EXPENSE ACCOUNT,1051,PERSONNEL BENEFITS,1051,1020.16,0.0,no_records,segment,,,
SENATOR JOHN FETTERMAN,2024,SENATORS’ OFFICIAL PERSONNEL AND OFFICE EXPENSE ACCOUNT,1051,NET PAYROLL EXPENSES,1051,1020.16,1020.16,ok,block_running_total,,,
SENATOR JOHN FETTERMAN,2024,SENATORS’ OFFICIAL PERSONNEL AND OFFICE EXPENSE ACCOUNT,1051,TRAVEL AND TRANSPORTATION OF PERSONS,1052,8875.78,8875.78,ok,segment,,,
SENATOR JOHN FETTERMAN,2024,SENATORS’ OFFICIAL PERSONNEL AND OFFICE EXPENSE ACCOUNT,1051,OTHER CONTRACTUAL SERVICES,1052,635.5,635.5,ok,segment,,,
SENATOR JOHN FETTERMAN,2024,SENATORS’ OFFICIAL PERSONNEL AND OFFICE EXPENSE ACCOUNT,1051,ACQUISITION OF ASSETS,1053,41331.1,41331.1,ok,segment,,,
SENATOR JOHN FETTERMAN,2024,SENATORS’ OFFICIAL PERSONNEL AND OFFICE EXPENSE ACCOUNT,1051,BANNER NET PAYROLL,1051,1020.16,1020.16,ok,banner,,,
SENATOR JOHN FETTERMAN,2024,SENATORS’ OFFICIAL PERSONNEL AND OFFICE EXPENSE ACCOUNT,1051,BANNER ORGANIZATION TOTALS,1051,83312.28,51862.54,warn,banner,,,banner_only_categories
INTERN COMPENSATION - FETTERMAN,2024,SENATORS’ OFFICIAL PERSONNEL AND OFFICE EXPENSE ACCOUNT,1054,BANNER NET PAYROLL,1054,0.0,0.0,banner_missing,banner,,,
INTERN COMPENSATION - FETTERMAN,2024,SENATORS’ OFFICIAL PERSONNEL AND OFFICE EXPENSE ACCOUNT,1054,BANNER ORGANIZATION TOTALS,1054,0.0,0.0,ok,banner,,,
SENATOR JOHN FETTERMAN,2025,SENATORS’ OFFICIAL PERSONNEL AND OFFICE EXPENSE ACCOUNT,1055,PERSONNEL COMP. FULL-TIME PERMANENT,1056,2164676.52,2164676.52,ok,segment,,,
SENATOR JOHN FETTERMAN,2025,SENATORS’ OFFICIAL PERSONNEL AND OFFICE EXPENSE ACCOUNT,1055,PERSONNEL BENEFITS,1056,4875.16,0.0,no_records,segment,,,
SENATOR JOHN FETTERMAN,2025,SENATORS’ OFFICIAL PERSONNEL AND OFFICE EXPENSE ACCOUNT,1055,NET PAYROLL EXPENSES,1056,2169551.68,2169551.68,ok,block_running_total,,,
SENATOR JOHN FETTERMAN,2025,SENATORS’ OFFICIAL PERSONNEL AND OFFICE EXPENSE ACCOUNT,1055,TRAVEL AND TRANSPORTATION OF PERSONS,1069,63549.57,63549.57,ok,segment,,,
SENATOR JOHN FETTERMAN,2025,SENATORS’ OFFICIAL PERSONNEL AND OFFICE EXPENSE ACCOUNT,1055,OTHER CONTRACTUAL SERVICES,1069,563.0,563.0,ok,segment,,,
SENATOR JOHN FETTERMAN,2025,SENATORS’ OFFICIAL PERSONNEL AND OFFICE EXPENSE ACCOUNT,1055,ACQUISITION OF ASSETS,1069,2792.58,2792.58,ok,segment,,,
SENATOR JOHN FETTERMAN,2025,SENATORS’ OFFICIAL PERSONNEL AND OFFICE EXPENSE ACCOUNT,1055,BANNER NET PAYROLL,1055,2169551.68,2169551.68,ok,banner,,,
SENATOR JOHN FETTERMAN,2025,SENATORS’ OFFICIAL PERSONNEL AND OFFICE EXPENSE ACCOUNT,1055,BANNER ORGANIZATION TOTALS,1055,2253587.41,2236456.83,warn,banner,,,banner_only_categories
INTERN COMPENSATION - FETTERMAN,2025,SENATORS’ OFFICIAL PERSONNEL AND OFFICE EXPENSE ACCOUNT,1070,PERSONNEL COMP. FULL-TIME PERMANENT,1070,50953.74,50953.74,ok,segment,,,
INTERN COMPENSATION - FETTERMAN,2025,SENATORS’ OFFICIAL PERSONNEL AND OFFICE EXPENSE ACCOUNT,1070,NET PAYROLL EXPENSES,1070,50953.74,50953.74,ok,block_running_total,,,
INTERN COMPENSATION - FETTERMAN,2025,SENATORS’ OFFICIAL PERSONNEL AND OFFICE EXPENSE ACCOUNT,1070,BANNER NET PAYROLL,1070,50953.74,50953.74,ok,banner,,,
INTERN COMPENSATION - FETTERMAN,2025,SENATORS’ OFFICIAL PERSONNEL AND OFFICE EXPENSE ACCOUNT,1070,BANNER ORGANIZATION TOTALS,1070,50953.74,50953.74,ok,banner,,,
SENATOR DEB FISCHER,2023,SENATORS’ OFFICIAL PERSONNEL AND OFFICE EXPENSE ACCOUNT,1071,BANNER NET PAYROLL,1071,0.0,0.0,banner_missing,banner,,,
SENATOR DEB FISCHER,2023,SENATORS’ OFFICIAL PERSONNEL AND OFFICE EXPENSE ACCOUNT,1071,BANNER ORGANIZATION TOTALS,1071,0.0,0.0,ok,banner,,,
INTERN COMPENSATION - FISCHER,2023,SENATORS’ OFFICIAL PERSONNEL AND OFFICE EXPENSE ACCOUNT,1072,BANNER NET PAYROLL,1072,0.0,0.0,banner_missing,banner,,,
INTERN COMPENSATION - FISCHER,2023,SENATORS’ OFFICIAL PERSONNEL AND OFFICE EXPENSE ACCOUNT,1072,BANNER ORGANIZATION TOTALS,1072,0.0,0.0,ok,banner,,,
SENATOR DEB FISCHER,2024,SENATORS’ OFFICIAL PERSONNEL AND OFFICE EXPENSE ACCOUNT,1073,PERSONNEL BENEFITS,1073,567.84,0.0,no_records,segment,,,
SENATOR DEB FISCHER,2024,SENATORS’ OFFICIAL PERSONNEL AND OFFICE EXPENSE ACCOUNT,1073,NET PAYROLL EXPENSES,1073,567.84,567.84,ok,block_running_total,,,
SENATOR DEB FISCHER,2024,SENATORS’ OFFICIAL PERSONNEL AND OFFICE EXPENSE ACCOUNT,1073,TRAVEL AND TRANSPORTATION OF PERSONS,1074,9575.93,9575.93,ok,segment,,,
SENATOR DEB FISCHER,2024,SENATORS’ OFFICIAL PERSONNEL AND OFFICE EXPENSE ACCOUNT,1073,ACQUISITION OF ASSETS,1074,46.98,46.98,ok,segment,,,
SENATOR DEB FISCHER,2024,SENATORS’ OFFICIAL PERSONNEL AND OFFICE EXPENSE ACCOUNT,1073,BANNER NET PAYROLL,1073,768.84,567.84,fail,banner,,,fy_boundary_pattern
SENATOR DEB FISCHER,2024,SENATORS’ OFFICIAL PERSONNEL AND OFFICE EXPENSE ACCOUNT,1073,BANNER ORGANIZATION TOTALS,1073,27390.13,10190.75,warn,banner,,,captured_bvb_mismatch
INTERN COMPENSATION - FISCHER,2024,SENATORS’ OFFICIAL PERSONNEL AND OFFICE EXPENSE ACCOUNT,1075,BANNER NET PAYROLL,1075,0.0,0.0,banner_missing,banner,,,
INTERN COMPENSATION - FISCHER,2024,SENATORS’ OFFICIAL PERSONNEL AND OFFICE EXPENSE ACCOUNT,1075,BANNER ORGANIZATION TOTALS,1075,0.0,0.0,ok,banner,,,
SENATOR DEB FISCHER,2025,SENATORS’ OFFICIAL PERSONNEL AND OFFICE EXPENSE ACCOUNT,1076,PERSONNEL COMP. FULL-TIME PERMANENT,1077,1629610.5,1629610.5,ok,segment,,,
SENATOR DEB FISCHER,2025,SENATORS’ OFFICIAL PERSONNEL AND OFFICE EXPENSE ACCOUNT,1076,PERSONNEL BENEFITS,1077,2708.48,0.0,no_records,segment,,,
SENATOR DEB FISCHER,2025,SENATORS’ OFFICIAL PERSONNEL AND OFFICE EXPENSE ACCOUNT,1076,NET PAYROLL EXPENSES,1077,1632318.98,1632318.98,ok,block_running_total,,,
SENATOR DEB FISCHER,2025,SENATORS’ OFFICIAL PERSONNEL AND OFFICE EXPENSE ACCOUNT,1076,TRAVEL AND TRANSPORTATION OF PERSONS,1081,15742.61,15742.61,ok,segment,,,
SENATOR DEB FISCHER,2025,SENATORS’ OFFICIAL PERSONNEL AND OFFICE EXPENSE ACCOUNT,1076,OTHER CONTRACTUAL SERVICES,1081,6373.55,6373.55,ok,segment,,,
SENATOR DEB FISCHER,2025,SENATORS’ OFFICIAL PERSONNEL AND OFFICE EXPENSE ACCOUNT,1076,ACQUISITION OF ASSETS,1081,18373.85,18373.85,ok,segment,,,
SENATOR DEB FISCHER,2025,SENATORS’ OFFICIAL PERSONNEL AND OFFICE EXPENSE ACCOUNT,1076,BANNER NET PAYROLL,1076,1632117.98,1632318.98,fail,banner,,,fy_boundary_pattern
SENATOR DEB FISCHER,2025,SENATORS’ OFFICIAL PERSONNEL AND OFFICE EXPENSE ACCOUNT,1076,BANNER ORGANIZATION TOTALS,1076,1756155.08,1672808.99,warn,banner,,,captured_bvb_mismatch
INTERN COMPENSATION - FISCHER,2025,SENATORS’ OFFICIAL PERSONNEL AND OFFICE EXPENSE ACCOUNT,1082,PERSONNEL COMP. FULL-TIME PERMANENT,1082,27324.1,27324.1,ok,segment,,,
INTERN COMPENSATION - FISCHER,2025,SENATORS’ OFFICIAL PERSONNEL AND OFFICE EXPENSE ACCOUNT,1082,NET PAYROLL EXPENSES,1082,27324.1,27324.1,ok,block_running_total,,,
INTERN COMPENSATION - FISCHER,2025,SENATORS’ OFFICIAL PERSONNEL AND OFFICE EXPENSE ACCOUNT,1082,BANNER NET PAYROLL,1082,27324.1,27324.1,ok,banner,,,
INTERN COMPENSATION - FISCHER,2025,SENATORS’ OFFICIAL PERSONNEL AND OFFICE EXPENSE ACCOUNT,1082,BANNER ORGANIZATION TOTALS,1082,27324.1,27324.1,ok,banner,,,
SENATOR RUBEN GALLEGO,2025,SENATORS’ OFFICIAL PERSONNEL AND OFFICE EXPENSE ACCOUNT,1083,PERSONNEL COMP. FULL-TIME PERMANENT,1084,616412.99,616412.99,ok,segment,,,
SENATOR RUBEN GALLEGO,2025,SENATORS’ OFFICIAL PERSONNEL AND OFFICE EXPENSE ACCOUNT,1083,NET PAYROLL EXPENSES,1084,616412.99,616412.99,ok,block_running_total,,,
SENATOR RUBEN GALLEGO,2025,SENATORS’ OFFICIAL PERSONNEL AND OFFICE EXPENSE ACCOUNT,1083,TRAVEL AND TRANSPORTATION OF PERSONS,1084,11262.06,11262.06,ok,segment,,,
SENATOR RUBEN GALLEGO,2025,SENATORS’ OFFICIAL PERSONNEL AND OFFICE EXPENSE ACCOUNT,1083,BANNER NET PAYROLL,1083,616412.99,616412.99,ok,banner,,,
SENATOR RUBEN GALLEGO,2025,SENATORS’ OFFICIAL PERSONNEL AND OFFICE EXPENSE ACCOUNT,1083,BANNER ORGANIZATION TOTALS,1083,653593.7,627675.05,warn,banner,,,banner_only_categories
INTERN COMPENSATION - GALLEGO,2025,SENATORS’ OFFICIAL PERSONNEL AND OFFICE EXPENSE ACCOUNT,1085,BANNER NET PAYROLL,1085,,0.0,not_applicable,banner,,,
INTERN COMPENSATION - GALLEGO,2025,SENATORS’ OFFICIAL PERSONNEL AND OFFICE EXPENSE ACCOUNT,1085,BANNER ORGANIZATION TOTALS,1085,0.0,0.0,ok,banner,,,
SENATOR KIRSTEN GILLIBRAND,2023,SENATORS’ OFFICIAL PERSONNEL AND OFFICE EXPENSE ACCOUNT,1086,BANNER NET PAYROLL,1086,0.0,0.0,banner_missing,banner,,,
SENATOR KIRSTEN GILLIBRAND,2023,SENATORS’ OFFICIAL PERSONNEL AND OFFICE EXPENSE ACCOUNT,1086,BANNER ORGANIZATION TOTALS,1086,289.43,0.0,warn,banner,,,banner_only_categories
INTERN COMPENSATION - GILLIBRAND,2023,SENATORS’ OFFICIAL PERSONNEL AND OFFICE EXPENSE ACCOUNT,1087,BANNER NET PAYROLL,1087,0.0,0.0,banner_missing,banner,,,
INTERN COMPENSATION - GILLIBRAND,2023,SENATORS’ OFFICIAL PERSONNEL AND OFFICE EXPENSE ACCOUNT,1087,BANNER ORGANIZATION TOTALS,1087,0.0,0.0,ok,banner,,,
SENATOR KIRSTEN GILLIBRAND,2024,SENATORS’ OFFICIAL PERSONNEL AND OFFICE EXPENSE ACCOUNT,1088,PERSONNEL BENEFITS,1088,2073.03,0.0,no_records,segment,,,
SENATOR KIRSTEN GILLIBRAND,2024,SENATORS’ OFFICIAL PERSONNEL AND OFFICE EXPENSE ACCOUNT,1088,NET PAYROLL EXPENSES,1088,2073.03,2073.03,ok,block_running_total,,,
SENATOR KIRSTEN GILLIBRAND,2024,SENATORS’ OFFICIAL PERSONNEL AND OFFICE EXPENSE ACCOUNT,1088,TRAVEL AND TRANSPORTATION OF PERSONS,1094,45844.5,45844.5,ok,segment,,,
SENATOR KIRSTEN GILLIBRAND,2024,SENATORS’ OFFICIAL PERSONNEL AND OFFICE EXPENSE ACCOUNT,1088,ACQUISITION OF ASSETS,1094,113720.96,113720.96,ok,segment,,,
SENATOR KIRSTEN GILLIBRAND,2024,SENATORS’ OFFICIAL PERSONNEL AND OFFICE EXPENSE ACCOUNT,1088,BANNER NET PAYROLL,1088,2073.03,2073.03,ok,banner,,,
SENATOR KIRSTEN GILLIBRAND,2024,SENATORS’ OFFICIAL PERSONNEL AND OFFICE EXPENSE ACCOUNT,1088,BANNER ORGANIZATION TOTALS,1088,225605.32,161638.49,warn,banner,,,banner_only_categories
INTERN COMPENSATION - GILLIBRAND,2024,SENATORS’ OFFICIAL PERSONNEL AND OFFICE EXPENSE ACCOUNT,1095,BANNER NET PAYROLL,1095,5000.0,0.0,banner_missing,banner,,,
INTERN COMPENSATION - GILLIBRAND,2024,SENATORS’ OFFICIAL PERSONNEL AND OFFICE EXPENSE ACCOUNT,1095,BANNER ORGANIZATION TOTALS,1095,5000.0,0.0,warn,banner,,,banner_only_categories
SENATOR KIRSTEN GILLIBRAND,2025,SENATORS’ OFFICIAL PERSONNEL AND OFFICE EXPENSE ACCOUNT,1096,PERSONNEL COMP. FULL-TIME PERMANENT,1098,2004796.41,2004796.41,ok,segment,,,
SENATOR KIRSTEN GILLIBRAND,2025,SENATORS’ OFFICIAL PERSONNEL AND OFFICE EXPENSE ACCOUNT,1096,PERSONNEL BENEFITS,1098,9885.69,0.0,no_records,segment,,,
SENATOR KIRSTEN GILLIBRAND,2025,SENATORS’ OFFICIAL PERSONNEL AND OFFICE EXPENSE ACCOUNT,1096,NET PAYROLL EXPENSES,1098,2014682.1,2014682.1,ok,block_running_total,,,
SENATOR KIRSTEN GILLIBRAND,2025,SENATORS’ OFFICIAL PERSONNEL AND OFFICE EXPENSE ACCOUNT,1096,TRAVEL AND TRANSPORTATION OF PERSONS,1114,143501.31,143501.31,ok,segment,,,
SENATOR KIRSTEN GILLIBRAND,2025,SENATORS’ OFFICIAL PERSONNEL AND OFFICE EXPENSE ACCOUNT,1096,OTHER CONTRACTUAL SERVICES,1114,1365.0,1365.0,ok,segment,,,
SENATOR KIRSTEN GILLIBRAND,2025,SENATORS’ OFFICIAL PERSONNEL AND OFFICE EXPENSE ACCOUNT,1096,ACQUISITION OF ASSETS,1114,17026.27,17026.27,ok,segment,,,
SENATOR KIRSTEN GILLIBRAND,2025,SENATORS’ OFFICIAL PERSONNEL AND OFFICE EXPENSE ACCOUNT,1096,BANNER NET PAYROLL,1096,2014682.1,2014682.1,ok,banner,,,
SENATOR KIRSTEN GILLIBRAND,2025,SENATORS’ OFFICIAL PERSONNEL AND OFFICE EXPENSE ACCOUNT,1096,BANNER ORGANIZATION TOTALS,1096,2223150.31,2176574.68,warn,banner,,,banner_only_categories
INTERN COMPENSATION - GILLIBRAND,2025,SENATORS’ OFFICIAL PERSONNEL AND OFFICE EXPENSE ACCOUNT,1115,PERSONNEL COMP. FULL-TIME PERMANENT,1116,58399.98,58399.98,ok,segment,,,
INTERN COMPENSATION - GILLIBRAND,2025,SENATORS’ OFFICIAL PERSONNEL AND OFFICE EXPENSE ACCOUNT,1115,NET PAYROLL EXPENSES,1116,58399.98,58399.98,ok,block_running_total,,,
INTERN COMPENSATION - GILLIBRAND,2025,SENATORS’ OFFICIAL PERSONNEL AND OFFICE EXPENSE ACCOUNT,1115,BANNER NET PAYROLL,1115,53399.98,58399.98,fail,banner,,,fy_boundary_pattern
INTERN COMPENSATION - GILLIBRAND,2025,SENATORS’ OFFICIAL PERSONNEL AND OFFICE EXPENSE ACCOUNT,1115,BANNER ORGANIZATION TOTALS,1115,53399.98,58399.98,warn,banner,,,captured_bvb_mismatch
SENATOR LINDSEY GRAHAM,2023,SENATORS’ OFFICIAL PERSONNEL AND OFFICE EXPENSE ACCOUNT,1117,ACQUISITION OF ASSETS,1117,-1168.84,-1168.84,ok,segment,,,
SENATOR LINDSEY GRAHAM,2023,SENATORS’ OFFICIAL PERSONNEL AND OFFICE EXPENSE ACCOUNT,1117,BANNER NET PAYROLL,1117,0.0,0.0,banner_missing,banner,,,
SENATOR LINDSEY GRAHAM,2023,SENATORS’ OFFICIAL PERSONNEL AND OFFICE EXPENSE ACCOUNT,1117,BANNER ORGANIZATION TOTALS,1117,1018.58,1168.84,fail,banner,,,
INTERN COMPENSATION - GRAHAM,2023,SENATORS’ OFFICIAL PERSONNEL AND OFFICE EXPENSE ACCOUNT,1118,BANNER NET PAYROLL,1118,0.0,0.0,banner_missing,banner,,,
INTERN COMPENSATION - GRAHAM,2023,SENATORS’ OFFICIAL PERSONNEL AND OFFICE EXPENSE ACCOUNT,1118,BANNER ORGANIZATION TOTALS,1118,0.0,0.0,ok,banner,,,
SENATOR LINDSEY GRAHAM,2024,SENATORS’ OFFICIAL PERSONNEL AND OFFICE EXPENSE ACCOUNT,1119,TRAVEL AND TRANSPORTATION OF PERSONS,1121,14692.94,14692.94,ok,segment,,,
SENATOR LINDSEY GRAHAM,2024,SENATORS’ OFFICIAL PERSONNEL AND OFFICE EXPENSE ACCOUNT,1119,ACQUISITION OF ASSETS,1121,646.86,646.86,ok,segment,,,
SENATOR LINDSEY GRAHAM,2024,SENATORS’ OFFICIAL PERSONNEL AND OFFICE EXPENSE ACCOUNT,1119,BANNER NET PAYROLL,1119,0.0,0.0,banner_missing,banner,,,
SENATOR LINDSEY GRAHAM,2024,SENATORS’ OFFICIAL PERSONNEL AND OFFICE EXPENSE ACCOUNT,1119,BANNER ORGANIZATION TOTALS,1119,36630.12,15339.8,warn,banner,,,banner_only_categories
INTERN COMPENSATION - GRAHAM,2024,SENATORS’ OFFICIAL PERSONNEL AND OFFICE EXPENSE ACCOUNT,1122,BANNER NET PAYROLL,1122,0.0,0.0,banner_missing,banner,,,
INTERN COMPENSATION - GRAHAM,2024,SENATORS’ OFFICIAL PERSONNEL AND OFFICE EXPENSE ACCOUNT,1122,BANNER ORGANIZATION TOTALS,1122,0.0,0.0,ok,banner,,,
SENATOR LINDSEY GRAHAM,2025,SENATORS’ OFFICIAL PERSONNEL AND OFFICE EXPENSE ACCOUNT,1123,PERSONNEL COMP. FULL-TIME PERMANENT,1124,1815133.47,1815133.47,ok,segment,,,
SENATOR LINDSEY GRAHAM,2025,SENATORS’ OFFICIAL PERSONNEL AND OFFICE EXPENSE ACCOUNT,1123,NET PAYROLL EXPENSES,1124,1815133.47,1815133.47,ok,block_running_total,,,
SENATOR LINDSEY GRAHAM,2025,SENATORS’ OFFICIAL PERSONNEL AND OFFICE EXPENSE ACCOUNT,1123,TRAVEL AND TRANSPORTATION OF PERSONS,1128,22855.99,22855.99,ok,segment,,,
SENATOR LINDSEY GRAHAM,2025,SENATORS’ OFFICIAL PERSONNEL AND OFFICE EXPENSE ACCOUNT,1123,OTHER CONTRACTUAL SERVICES,1128,405.0,405.0,ok,segment,,,
SENATOR LINDSEY GRAHAM,2025,SENATORS’ OFFICIAL PERSONNEL AND OFFICE EXPENSE ACCOUNT,1123,ACQUISITION OF ASSETS,1128,90.08,90.08,ok,segment,,,
SENATOR LINDSEY GRAHAM,2025,SENATORS’ OFFICIAL PERSONNEL AND OFFICE EXPENSE ACCOUNT,1123,BANNER NET PAYROLL,1123,1815133.47,1815133.47,ok,banner,,,
SENATOR LINDSEY GRAHAM,2025,SENATORS’ OFFICIAL PERSONNEL AND OFFICE EXPENSE ACCOUNT,1123,BANNER ORGANIZATION TOTALS,1123,1874472.58,1838484.54,warn,banner,,,banner_only_categories
INTERN COMPENSATION - GRAHAM,2025,SENATORS’ OFFICIAL PERSONNEL AND OFFICE EXPENSE ACCOUNT,1129,PERSONNEL COMP. FULL-TIME PERMANENT,1129,14193.64,14193.64,ok,segment,,,
INTERN COMPENSATION - GRAHAM,2025,SENATORS’ OFFICIAL PERSONNEL AND OFFICE EXPENSE ACCOUNT,1129,NET PAYROLL EXPENSES,1129,14193.64,14193.64,ok,block_running_total,,,
INTERN COMPENSATION - GRAHAM,2025,SENATORS’ OFFICIAL PERSONNEL AND OFFICE EXPENSE ACCOUNT,1129,BANNER NET PAYROLL,1129,14193.64,14193.64,ok,banner,,,
INTERN COMPENSATION - GRAHAM,2025,SENATORS’ OFFICIAL PERSONNEL AND OFFICE EXPENSE ACCOUNT,1129,BANNER ORGANIZATION TOTALS,1129,14193.64,14193.64,ok,banner,,,
SENATOR CHARLES E. GRASSLEY,2023,SENATORS’ OFFICIAL PERSONNEL AND OFFICE EXPENSE ACCOUNT,1130,BANNER NET PAYROLL,1130,0.0,0.0,banner_missing,banner,,,
SENATOR CHARLES E. GRASSLEY,2023,SENATORS’ OFFICIAL PERSONNEL AND OFFICE EXPENSE ACCOUNT,1130,BANNER ORGANIZATION TOTALS,1130,0.0,0.0,ok,banner,,,
INTERN COMPENSATION - GRASSLEY,2023,SENATORS’ OFFICIAL PERSONNEL AND OFFICE EXPENSE ACCOUNT,1131,BANNER NET PAYROLL,1131,0.0,0.0,banner_missing,banner,,,
INTERN COMPENSATION - GRASSLEY,2023,SENATORS’ OFFICIAL PERSONNEL AND OFFICE EXPENSE ACCOUNT,1131,BANNER ORGANIZATION TOTALS,1131,0.0,0.0,ok,banner,,,
SENATOR CHARLES E. GRASSLEY,2024,SENATORS’ OFFICIAL PERSONNEL AND OFFICE EXPENSE ACCOUNT,1132,PERSONNEL BENEFITS,1132,768.28,0.0,no_records,segment,,,
SENATOR CHARLES E. GRASSLEY,2024,SENATORS’ OFFICIAL PERSONNEL AND OFFICE EXPENSE ACCOUNT,1132,NET PAYROLL EXPENSES,1132,768.28,768.28,ok,block_running_total,,,
SENATOR CHARLES E. GRASSLEY,2024,SENATORS’ OFFICIAL PERSONNEL AND OFFICE EXPENSE ACCOUNT,1132,TRAVEL AND TRANSPORTATION OF PERSONS,1134,11098.99,11098.99,ok,segment,,,
SENATOR CHARLES E. GRASSLEY,2024,SENATORS’ OFFICIAL PERSONNEL AND OFFICE EXPENSE ACCOUNT,1132,OTHER CONTRACTUAL SERVICES,1134,1148.1,1148.1,ok,segment,,,
SENATOR CHARLES E. GRASSLEY,2024,SENATORS’ OFFICIAL PERSONNEL AND OFFICE EXPENSE ACCOUNT,1132,ACQUISITION OF ASSETS,1134,57851.99,57851.99,ok,segment,,,
SENATOR CHARLES E. GRASSLEY,2024,SENATORS’ OFFICIAL PERSONNEL AND OFFICE EXPENSE ACCOUNT,1132,BANNER NET PAYROLL,1132,768.28,768.28,ok,banner,,,
SENATOR CHARLES E. GRASSLEY,2024,SENATORS’ OFFICIAL PERSONNEL AND OFFICE EXPENSE ACCOUNT,1132,BANNER ORGANIZATION TOTALS,1132,92252.05,70867.36,warn,banner,,,banner_only_categories
INTERN COMPENSATION - GRASSLEY,2024,SENATORS’ OFFICIAL PERSONNEL AND OFFICE EXPENSE ACCOUNT,1135,BANNER NET PAYROLL,1135,0.0,0.0,banner_missing,banner,,,
INTERN COMPENSATION - GRASSLEY,2024,SENATORS’ OFFICIAL PERSONNEL AND OFFICE EXPENSE ACCOUNT,1135,BANNER ORGANIZATION TOTALS,1135,0.0,0.0,ok,banner,,,
SENATOR CHARLES E. GRASSLEY,2025,SENATORS’ OFFICIAL PERSONNEL AND OFFICE EXPENSE ACCOUNT,1136,PERSONNEL COMP. FULL-TIME PERMANENT,1137,1136583.81,1136583.81,ok,segment,,,
SENATOR CHARLES E. GRASSLEY,2025,SENATORS’ OFFICIAL PERSONNEL AND OFFICE EXPENSE ACCOUNT,1136,PERSONNEL BENEFITS,1137,4314.15,0.0,no_records,segment,,,
SENATOR CHARLES E. GRASSLEY,2025,SENATORS’ OFFICIAL PERSONNEL AND OFFICE EXPENSE ACCOUNT,1136,NET PAYROLL EXPENSES,1137,1140897.96,1140897.96,ok,block_running_total,,,
SENATOR CHARLES E. GRASSLEY,2025,SENATORS’ OFFICIAL PERSONNEL AND OFFICE EXPENSE ACCOUNT,1136,TRAVEL AND TRANSPORTATION OF PERSONS,1147,29327.09,29327.09,ok,segment,,,
SENATOR CHARLES E. GRASSLEY,2025,SENATORS’ OFFICIAL PERSONNEL AND OFFICE EXPENSE ACCOUNT,1136,OTHER CONTRACTUAL SERVICES,1147,8728.76,8728.76,ok,segment,,,
SENATOR CHARLES E. GRASSLEY,2025,SENATORS’ OFFICIAL PERSONNEL AND OFFICE EXPENSE ACCOUNT,1136,ACQUISITION OF ASSETS,1147,58.43,58.43,ok,segment,,,
SENATOR CHARLES E. GRASSLEY,2025,SENATORS’ OFFICIAL PERSONNEL AND OFFICE EXPENSE ACCOUNT,1136,BANNER NET PAYROLL,1136,1140897.96,1140897.96,ok,banner,,,
SENATOR CHARLES E. GRASSLEY,2025,SENATORS’ OFFICIAL PERSONNEL AND OFFICE EXPENSE ACCOUNT,1136,BANNER ORGANIZATION TOTALS,1136,1230549.97,1179012.24,warn,banner,,,banner_only_categories
INTERN COMPENSATION - GRASSLEY,2025,SENATORS’ OFFICIAL PERSONNEL AND OFFICE EXPENSE ACCOUNT,1148,PERSONNEL COMP. FULL-TIME PERMANENT,1148,15354.99,15354.99,ok,segment,,,
INTERN COMPENSATION - GRASSLEY,2025,SENATORS’ OFFICIAL PERSONNEL AND OFFICE EXPENSE ACCOUNT,1148,NET PAYROLL EXPENSES,1148,15354.99,15354.99,ok,block_running_total,,,
INTERN COMPENSATION - GRASSLEY,2025,SENATORS’ OFFICIAL PERSONNEL AND OFFICE EXPENSE ACCOUNT,1148,BANNER NET PAYROLL,1148,15354.99,15354.99,ok,banner,,,
INTERN COMPENSATION - GRASSLEY,2025,SENATORS’ OFFICIAL PERSONNEL AND OFFICE EXPENSE ACCOUNT,1148,BANNER ORGANIZATION TOTALS,1148,15354.99,15354.99,ok,banner,,,
SENATOR BILL HAGERTY,2023,SENATORS’ OFFICIAL PERSONNEL AND OFFICE EXPENSE ACCOUNT,1149,BANNER NET PAYROLL,1149,0.0,0.0,banner_missing,banner,,,
SENATOR BILL HAGERTY,2023,SENATORS’ OFFICIAL PERSONNEL AND OFFICE EXPENSE ACCOUNT,1149,BANNER ORGANIZATION TOTALS,1149,0.0,0.0,ok,banner,,,
INTERN COMPENSATION - HAGERTY,2023,SENATORS’ OFFICIAL PERSONNEL AND OFFICE EXPENSE ACCOUNT,1150,BANNER NET PAYROLL,1150,0.0,0.0,banner_missing,banner,,,
INTERN COMPENSATION - HAGERTY,2023,SENATORS’ OFFICIAL PERSONNEL AND OFFICE EXPENSE ACCOUNT,1150,BANNER ORGANIZATION TOTALS,1150,0.0,0.0,ok,banner,,,
SENATOR BILL HAGERTY,2024,SENATORS’ OFFICIAL PERSONNEL AND OFFICE EXPENSE ACCOUNT,1151,PERSONNEL BENEFITS,1151,216.0,0.0,no_records,segment,,,
SENATOR BILL HAGERTY,2024,SENATORS’ OFFICIAL PERSONNEL AND OFFICE EXPENSE ACCOUNT,1151,NET PAYROLL EXPENSES,1151,216.0,216.0,ok,block_running_total,,,
SENATOR BILL HAGERTY,2024,SENATORS’ OFFICIAL PERSONNEL AND OFFICE EXPENSE ACCOUNT,1151,TRAVEL AND TRANSPORTATION OF PERSONS,1153,9555.74,9555.74,ok,segment,,,
SENATOR BILL HAGERTY,2024,SENATORS’ OFFICIAL PERSONNEL AND OFFICE EXPENSE ACCOUNT,1151,OTHER CONTRACTUAL SERVICES,1153,50.0,50.0,ok,segment,,,
SENATOR BILL HAGERTY,2024,SENATORS’ OFFICIAL PERSONNEL AND OFFICE EXPENSE ACCOUNT,1151,ACQUISITION OF ASSETS,1153,44.96,44.96,ok,segment,,,
SENATOR BILL HAGERTY,2024,SENATORS’ OFFICIAL PERSONNEL AND OFFICE EXPENSE ACCOUNT,1151,BANNER NET PAYROLL,1151,3425.27,216.0,fail,banner,,,fy_boundary_pattern
SENATOR BILL HAGERTY,2024,SENATORS’ OFFICIAL PERSONNEL AND OFFICE EXPENSE ACCOUNT,1151,BANNER ORGANIZATION TOTALS,1151,22998.76,9866.7,fail,banner,,,
INTERN COMPENSATION - HAGERTY,2024,SENATORS’ OFFICIAL PERSONNEL AND OFFICE EXPENSE ACCOUNT,1154,BANNER NET PAYROLL,1154,0.0,0.0,banner_missing,banner,,,
INTERN COMPENSATION - HAGERTY,2024,SENATORS’ OFFICIAL PERSONNEL AND OFFICE EXPENSE ACCOUNT,1154,BANNER ORGANIZATION TOTALS,1154,0.0,0.0,ok,banner,,,
SENATOR BILL HAGERTY,2025,SENATORS’ OFFICIAL PERSONNEL AND OFFICE EXPENSE ACCOUNT,1155,PERSONNEL COMP. FULL-TIME PERMANENT,1156,1961085.21,1961085.21,ok,segment,,,
SENATOR BILL HAGERTY,2025,SENATORS’ OFFICIAL PERSONNEL AND OFFICE EXPENSE ACCOUNT,1155,PERSONNEL BENEFITS,1156,1146.0,0.0,no_records,segment,,,
SENATOR BILL HAGERTY,2025,SENATORS’ OFFICIAL PERSONNEL AND OFFICE EXPENSE ACCOUNT,1155,NET PAYROLL EXPENSES,1156,1962231.21,1962231.21,ok,block_running_total,,,
SENATOR BILL HAGERTY,2025,SENATORS’ OFFICIAL PERSONNEL AND OFFICE EXPENSE ACCOUNT,1155,TRAVEL AND TRANSPORTATION OF PERSONS,1164,46514.95,46514.95,ok,segment,,,
SENATOR BILL HAGERTY,2025,SENATORS’ OFFICIAL PERSONNEL AND OFFICE EXPENSE ACCOUNT,1155,OTHER CONTRACTUAL SERVICES,1165,3650.0,3650.0,ok,segment,,,
SENATOR BILL HAGERTY,2025,SENATORS’ OFFICIAL PERSONNEL AND OFFICE EXPENSE ACCOUNT,1155,ACQUISITION OF ASSETS,1165,566.85,566.85,ok,segment,,,
SENATOR BILL HAGERTY,2025,SENATORS’ OFFICIAL PERSONNEL AND OFFICE EXPENSE ACCOUNT,1155,BANNER NET PAYROLL,1155,1954657.27,1962231.21,fail,banner,,,fy_boundary_pattern
SENATOR BILL HAGERTY,2025,SENATORS’ OFFICIAL PERSONNEL AND OFFICE EXPENSE ACCOUNT,1155,BANNER ORGANIZATION TOTALS,1155,2027508.02,2012963.01,warn,banner,,,captured_bvb_mismatch
INTERN COMPENSATION - HAGERTY,2025,SENATORS’ OFFICIAL PERSONNEL AND OFFICE EXPENSE ACCOUNT,1166,PERSONNEL COMP. FULL-TIME PERMANENT,1166,19933.3,19933.3,ok,segment,,,
INTERN COMPENSATION - HAGERTY,2025,SENATORS’ OFFICIAL PERSONNEL AND OFFICE EXPENSE ACCOUNT,1166,NET PAYROLL EXPENSES,1166,19933.3,19933.3,ok,block_running_total,,,
INTERN COMPENSATION - HAGERTY,2025,SENATORS’ OFFICIAL PERSONNEL AND OFFICE EXPENSE ACCOUNT,1166,BANNER NET PAYROLL,1166,19933.3,19933.3,ok,banner,,,
INTERN COMPENSATION - HAGERTY,2025,SENATORS’ OFFICIAL PERSONNEL AND OFFICE EXPENSE ACCOUNT,1166,BANNER ORGANIZATION TOTALS,1166,19933.3,19933.3,ok,banner,,,
SENATOR MAGGIE HASSAN,2023,SENATORS’ OFFICIAL PERSONNEL AND OFFICE EXPENSE ACCOUNT,1167,BANNER NET PAYROLL,1167,0.0,0.0,banner_missing,banner,,,
SENATOR MAGGIE HASSAN,2023,SENATORS’ OFFICIAL PERSONNEL AND OFFICE EXPENSE ACCOUNT,1167,BANNER ORGANIZATION TOTALS,1167,0.0,0.0,ok,banner,,,
INTERN COMPENSATION - HASSAN,2023,SENATORS’ OFFICIAL PERSONNEL AND OFFICE EXPENSE ACCOUNT,1168,BANNER NET PAYROLL,1168,0.0,0.0,banner_missing,banner,,,
INTERN COMPENSATION - HASSAN,2023,SENATORS’ OFFICIAL PERSONNEL AND OFFICE EXPENSE ACCOUNT,1168,BANNER ORGANIZATION TOTALS,1168,0.0,0.0,ok,banner,,,
SENATOR MAGGIE HASSAN,2024,SENATORS’ OFFICIAL PERSONNEL AND OFFICE EXPENSE ACCOUNT,1169,PERSONNEL BENEFITS,1169,788.55,0.0,no_records,segment,,,
SENATOR MAGGIE HASSAN,2024,SENATORS’ OFFICIAL PERSONNEL AND OFFICE EXPENSE ACCOUNT,1169,NET PAYROLL EXPENSES,1169,788.55,788.55,ok,block_running_total,,,
SENATOR MAGGIE HASSAN,2024,SENATORS’ OFFICIAL PERSONNEL AND OFFICE EXPENSE ACCOUNT,1169,TRAVEL AND TRANSPORTATION OF PERSONS,1170,6232.75,6232.75,ok,segment,,,
SENATOR MAGGIE HASSAN,2024,SENATORS’ OFFICIAL PERSONNEL AND OFFICE EXPENSE ACCOUNT,1169,ACQUISITION OF ASSETS,1170,1038.29,1038.29,ok,segment,,,
SENATOR MAGGIE HASSAN,2024,SENATORS’ OFFICIAL PERSONNEL AND OFFICE EXPENSE ACCOUNT,1169,BANNER NET PAYROLL,1169,788.55,788.55,ok,banner,,,
SENATOR MAGGIE HASSAN,2024,SENATORS’ OFFICIAL PERSONNEL AND OFFICE EXPENSE ACCOUNT,1169,BANNER ORGANIZATION TOTALS,1169,67068.4,8059.59,warn,banner,,,banner_only_categories
INTERN COMPENSATION - HASSAN,2024,SENATORS’ OFFICIAL PERSONNEL AND OFFICE EXPENSE ACCOUNT,1171,BANNER NET PAYROLL,1171,0.0,0.0,banner_missing,banner,,,
INTERN COMPENSATION - HASSAN,2024,SENATORS’ OFFICIAL PERSONNEL AND OFFICE EXPENSE ACCOUNT,1171,BANNER ORGANIZATION TOTALS,1171,0.0,0.0,ok,banner,,,
SENATOR MAGGIE HASSAN,2025,SENATORS’ OFFICIAL PERSONNEL AND OFFICE EXPENSE ACCOUNT,1172,PERSONNEL COMP. FULL-TIME PERMANENT,1173,1764656.99,1764656.99,ok,segment,,,
SENATOR MAGGIE HASSAN,2025,SENATORS’ OFFICIAL PERSONNEL AND OFFICE EXPENSE ACCOUNT,1172,PERSONNEL BENEFITS,1173,2818.35,0.0,no_records,segment,,,
SENATOR MAGGIE HASSAN,2025,SENATORS’ OFFICIAL PERSONNEL AND OFFICE EXPENSE ACCOUNT,1172,NET PAYROLL EXPENSES,1173,1767475.34,1767475.34,ok,block_running_total,,,
SENATOR MAGGIE HASSAN,2025,SENATORS’ OFFICIAL PERSONNEL AND OFFICE EXPENSE ACCOUNT,1172,TRAVEL AND TRANSPORTATION OF PERSONS,1179,23685.92,23685.92,ok,segment,,,
SENATOR MAGGIE HASSAN,2025,SENATORS’ OFFICIAL PERSONNEL AND OFFICE EXPENSE ACCOUNT,1172,OTHER CONTRACTUAL SERVICES,1179,20.0,20.0,ok,segment,,,
SENATOR MAGGIE HASSAN,2025,SENATORS’ OFFICIAL PERSONNEL AND OFFICE EXPENSE ACCOUNT,1172,BANNER NET PAYROLL,1172,1767475.34,1767475.34,ok,banner,,,
SENATOR MAGGIE HASSAN,2025,SENATORS’ OFFICIAL PERSONNEL AND OFFICE EXPENSE ACCOUNT,1172,BANNER ORGANIZATION TOTALS,1172,1802233.35,1791181.26,warn,banner,,,banner_only_categories
INTERN COMPENSATION - HASSAN,2025,SENATORS’ OFFICIAL PERSONNEL AND OFFICE EXPENSE ACCOUNT,1180,PERSONNEL COMP. FULL-TIME PERMANENT,1180,15855.3,15855.3,ok,segment,,,
INTERN COMPENSATION - HASSAN,2025,SENATORS’ OFFICIAL PERSONNEL AND OFFICE EXPENSE ACCOUNT,1180,NET PAYROLL EXPENSES,1180,15855.3,15855.3,ok,block_running_total,,,
INTERN COMPENSATION - HASSAN,2025,SENATORS’ OFFICIAL PERSONNEL AND OFFICE EXPENSE ACCOUNT,1180,BANNER NET PAYROLL,1180,15855.3,15855.3,ok,banner,,,
INTERN COMPENSATION - HASSAN,2025,SENATORS’ OFFICIAL PERSONNEL AND OFFICE EXPENSE ACCOUNT,1180,BANNER ORGANIZATION TOTALS,1180,15855.3,15855.3,ok,banner,,,
SENATOR JOSH HAWLEY,2023,SENATORS’ OFFICIAL PERSONNEL AND OFFICE EXPENSE ACCOUNT,1181,TRAVEL AND TRANSPORTATION OF PERSONS,1181,-104.06,-104.06,ok,segment,,,
SENATOR JOSH HAWLEY,2023,SENATORS’ OFFICIAL PERSONNEL AND OFFICE EXPENSE ACCOUNT,1181,BANNER NET PAYROLL,1181,0.0,0.0,banner_missing,banner,,,
SENATOR JOSH HAWLEY,2023,SENATORS’ OFFICIAL PERSONNEL AND OFFICE EXPENSE ACCOUNT,1181,BANNER ORGANIZATION TOTALS,1181,104.06,104.06,ok,banner,,,
INTERN COMPENSATION - HAWLEY,2023,SENATORS’ OFFICIAL PERSONNEL AND OFFICE EXPENSE ACCOUNT,1182,BANNER NET PAYROLL,1182,0.0,0.0,banner_missing,banner,,,
INTERN COMPENSATION - HAWLEY,2023,SENATORS’ OFFICIAL PERSONNEL AND OFFICE EXPENSE ACCOUNT,1182,BANNER ORGANIZATION TOTALS,1182,0.0,0.0,ok,banner,,,
SENATOR JOSH HAWLEY,2024,SENATORS’ OFFICIAL PERSONNEL AND OFFICE EXPENSE ACCOUNT,1183,PERSONNEL BENEFITS,1183,40.0,0.0,no_records,segment,,,
SENATOR JOSH HAWLEY,2024,SENATORS’ OFFICIAL PERSONNEL AND OFFICE EXPENSE ACCOUNT,1183,NET PAYROLL EXPENSES,1183,40.0,40.0,ok,block_running_total,,,
SENATOR JOSH HAWLEY,2024,SENATORS’ OFFICIAL PERSONNEL AND OFFICE EXPENSE ACCOUNT,1183,TRAVEL AND TRANSPORTATION OF PERSONS,1185,3574.83,3574.83,ok,segment,,,
SENATOR JOSH HAWLEY,2024,SENATORS’ OFFICIAL PERSONNEL AND OFFICE EXPENSE ACCOUNT,1183,ACQUISITION OF ASSETS,1185,280.0,280.0,ok,segment,,,
SENATOR JOSH HAWLEY,2024,SENATORS’ OFFICIAL PERSONNEL AND OFFICE EXPENSE ACCOUNT,1183,BANNER NET PAYROLL,1183,40.0,40.0,ok,banner,,,
SENATOR JOSH HAWLEY,2024,SENATORS’ OFFICIAL PERSONNEL AND OFFICE EXPENSE ACCOUNT,1183,BANNER ORGANIZATION TOTALS,1183,35942.86,3894.83,warn,banner,,,banner_only_categories
INTERN COMPENSATION - HAWLEY,2024,SENATORS’ OFFICIAL PERSONNEL AND OFFICE EXPENSE ACCOUNT,1186,BANNER NET PAYROLL,1186,0.0,0.0,banner_missing,banner,,,
INTERN COMPENSATION - HAWLEY,2024,SENATORS’ OFFICIAL PERSONNEL AND OFFICE EXPENSE ACCOUNT,1186,BANNER ORGANIZATION TOTALS,1186,0.0,0.0,ok,banner,,,
SENATOR JOSH HAWLEY,2025,SENATORS’ OFFICIAL PERSONNEL AND OFFICE EXPENSE ACCOUNT,1187,PERSONNEL COMP. FULL-TIME PERMANENT,1188,1725783.19,1725783.19,ok,segment,,,
SENATOR JOSH HAWLEY,2025,SENATORS’ OFFICIAL PERSONNEL AND OFFICE EXPENSE ACCOUNT,1187,RE-EMPLOYED ANNUITANTS,1188,9114.0,0.0,no_records,segment,,,
SENATOR JOSH HAWLEY,2025,SENATORS’ OFFICIAL PERSONNEL AND OFFICE EXPENSE ACCOUNT,1187,PERSONNEL BENEFITS,1188,160.0,0.0,no_records,segment,,,
SENATOR JOSH HAWLEY,2025,SENATORS’ OFFICIAL PERSONNEL AND OFFICE EXPENSE ACCOUNT,1187,NET PAYROLL EXPENSES,1188,1735057.19,1735057.19,ok,block_running_total,,,
SENATOR JOSH HAWLEY,2025,SENATORS’ OFFICIAL PERSONNEL AND OFFICE EXPENSE ACCOUNT,1187,TRAVEL AND TRANSPORTATION OF PERSONS,1199,30470.23,30470.23,ok,segment,,,
SENATOR JOSH HAWLEY,2025,SENATORS’ OFFICIAL PERSONNEL AND OFFICE EXPENSE ACCOUNT,1187,OTHER CONTRACTUAL SERVICES,1199,4140.0,4140.0,ok,segment,,,
SENATOR JOSH HAWLEY,2025,SENATORS’ OFFICIAL PERSONNEL AND OFFICE EXPENSE ACCOUNT,1187,ACQUISITION OF ASSETS,1199,56.0,56.0,ok,segment,,,
SENATOR JOSH HAWLEY,2025,SENATORS’ OFFICIAL PERSONNEL AND OFFICE EXPENSE ACCOUNT,1187,BANNER NET PAYROLL,1187,1735057.19,1735057.19,ok,banner,,,
SENATOR JOSH HAWLEY,2025,SENATORS’ OFFICIAL PERSONNEL AND OFFICE EXPENSE ACCOUNT,1187,BANNER ORGANIZATION TOTALS,1187,1808766.69,1769723.42,warn,banner,,,banner_only_categories
INTERN COMPENSATION - HAWLEY,2025,SENATORS’ OFFICIAL PERSONNEL AND OFFICE EXPENSE ACCOUNT,1200,PERSONNEL COMP. FULL-TIME PERMANENT,1200,39749.97,39749.97,ok,segment,,,
INTERN COMPENSATION - HAWLEY,2025,SENATORS’ OFFICIAL PERSONNEL AND OFFICE EXPENSE ACCOUNT,1200,NET PAYROLL EXPENSES,1200,39749.97,39749.97,ok,block_running_total,,,
INTERN COMPENSATION - HAWLEY,2025,SENATORS’ OFFICIAL PERSONNEL AND OFFICE EXPENSE ACCOUNT,1200,BANNER NET PAYROLL,1200,39749.97,39749.97,ok,banner,,,
INTERN COMPENSATION - HAWLEY,2025,SENATORS’ OFFICIAL PERSONNEL AND OFFICE EXPENSE ACCOUNT,1200,BANNER ORGANIZATION TOTALS,1200,39749.97,39749.97,ok,banner,,,
SENATOR MARTIN HEINRICH,2023,SENATORS’ OFFICIAL PERSONNEL AND OFFICE EXPENSE ACCOUNT,1201,PERSONNEL BENEFITS,1201,290.05,0.0,no_records,segment,,,
SENATOR MARTIN HEINRICH,2023,SENATORS’ OFFICIAL PERSONNEL AND OFFICE EXPENSE ACCOUNT,1201,NET PAYROLL EXPENSES,1201,290.05,290.05,ok,block_running_total,,,
SENATOR MARTIN HEINRICH,2023,SENATORS’ OFFICIAL PERSONNEL AND OFFICE EXPENSE ACCOUNT,1201,BANNER NET PAYROLL,1201,290.05,290.05,ok,banner,,,
SENATOR MARTIN HEINRICH,2023,SENATORS’ OFFICIAL PERSONNEL AND OFFICE EXPENSE ACCOUNT,1201,BANNER ORGANIZATION TOTALS,1201,440.43,290.05,warn,banner,,,banner_only_categories
INTERN COMPENSATION - HEINRICH,2023,SENATORS’ OFFICIAL PERSONNEL AND OFFICE EXPENSE ACCOUNT,1202,BANNER NET PAYROLL,1202,0.0,0.0,banner_missing,banner,,,
INTERN COMPENSATION - HEINRICH,2023,SENATORS’ OFFICIAL PERSONNEL AND OFFICE EXPENSE ACCOUNT,1202,BANNER ORGANIZATION TOTALS,1202,0.0,0.0,ok,banner,,,
SENATOR MARTIN HEINRICH,2024,SENATORS’ OFFICIAL PERSONNEL AND OFFICE EXPENSE ACCOUNT,1203,PERSONNEL BENEFITS,1203,6266.85,0.0,no_records,segment,,,
SENATOR MARTIN HEINRICH,2024,SENATORS’ OFFICIAL PERSONNEL AND OFFICE EXPENSE ACCOUNT,1203,NET PAYROLL EXPENSES,1203,6266.85,6266.85,ok,block_running_total,,,
SENATOR MARTIN HEINRICH,2024,SENATORS’ OFFICIAL PERSONNEL AND OFFICE EXPENSE ACCOUNT,1203,TRAVEL AND TRANSPORTATION OF PERSONS,1205,8124.67,8124.67,ok,segment,,,
SENATOR MARTIN HEINRICH,2024,SENATORS’ OFFICIAL PERSONNEL AND OFFICE EXPENSE ACCOUNT,1203,OTHER CONTRACTUAL SERVICES,1205,7175.0,7175.0,ok,segment,,,
SENATOR MARTIN HEINRICH,2024,SENATORS’ OFFICIAL PERSONNEL AND OFFICE EXPENSE ACCOUNT,1203,ACQUISITION OF ASSETS,1205,80639.92,80639.92,ok,segment,,,
SENATOR MARTIN HEINRICH,2024,SENATORS’ OFFICIAL PERSONNEL AND OFFICE EXPENSE ACCOUNT,1203,BANNER NET PAYROLL,1203,6266.85,6266.85,ok,banner,,,
SENATOR MARTIN HEINRICH,2024,SENATORS’ OFFICIAL PERSONNEL AND OFFICE EXPENSE ACCOUNT,1203,BANNER ORGANIZATION TOTALS,1203,140129.77,102206.44,warn,banner,,,banner_only_categories
INTERN COMPENSATION - HEINRICH,2024,SENATORS’ OFFICIAL PERSONNEL AND OFFICE EXPENSE ACCOUNT,1206,BANNER NET PAYROLL,1206,0.0,0.0,banner_missing,banner,,,
INTERN COMPENSATION - HEINRICH,2024,SENATORS’ OFFICIAL PERSONNEL AND OFFICE EXPENSE ACCOUNT,1206,BANNER ORGANIZATION TOTALS,1206,0.0,0.0,ok,banner,,,
SENATOR MARTIN HEINRICH,2025,SENATORS’ OFFICIAL PERSONNEL AND OFFICE EXPENSE ACCOUNT,1207,PERSONNEL COMP. FULL-TIME PERMANENT,1208,1701462.7,1701462.7,ok,segment,,,
SENATOR MARTIN HEINRICH,2025,SENATORS’ OFFICIAL PERSONNEL AND OFFICE EXPENSE ACCOUNT,1207,PERSONNEL BENEFITS,1208,1225.5,0.0,no_records,segment,,,
SENATOR MARTIN HEINRICH,2025,SENATORS’ OFFICIAL PERSONNEL AND OFFICE EXPENSE ACCOUNT,1207,NET PAYROLL EXPENSES,1208,1702688.2,1702688.2,ok,block_running_total,,,
SENATOR MARTIN HEINRICH,2025,SENATORS’ OFFICIAL PERSONNEL AND OFFICE EXPENSE ACCOUNT,1207,TRAVEL AND TRANSPORTATION OF PERSONS,1215,30992.42,30992.42,ok,segment,,,
SENATOR MARTIN HEINRICH,2025,SENATORS’ OFFICIAL PERSONNEL AND OFFICE EXPENSE ACCOUNT,1207,OTHER CONTRACTUAL SERVICES,1216,1060.0,1060.0,ok,segment,,,
SENATOR MARTIN HEINRICH,2025,SENATORS’ OFFICIAL PERSONNEL AND OFFICE EXPENSE ACCOUNT,1207,ACQUISITION OF ASSETS,1216,365.66,365.66,ok,segment,,,
SENATOR MARTIN HEINRICH,2025,SENATORS’ OFFICIAL PERSONNEL AND OFFICE EXPENSE ACCOUNT,1207,BANNER NET PAYROLL,1207,1702688.2,1702688.2,ok,banner,,,
SENATOR MARTIN HEINRICH,2025,SENATORS’ OFFICIAL PERSONNEL AND OFFICE EXPENSE ACCOUNT,1207,BANNER ORGANIZATION TOTALS,1207,1755085.25,1735106.28,warn,banner,,,banner_only_categories
INTERN COMPENSATION - HEINRICH,2025,SENATORS’ OFFICIAL PERSONNEL AND OFFICE EXPENSE ACCOUNT,1217,PERSONNEL COMP. FULL-TIME PERMANENT,1217,18664.05,18664.05,ok,segment,,,
INTERN COMPENSATION - HEINRICH,2025,SENATORS’ OFFICIAL PERSONNEL AND OFFICE EXPENSE ACCOUNT,1217,NET PAYROLL EXPENSES,1217,18664.05,18664.05,ok,block_running_total,,,
INTERN COMPENSATION - HEINRICH,2025,SENATORS’ OFFICIAL PERSONNEL AND OFFICE EXPENSE ACCOUNT,1217,BANNER NET PAYROLL,1217,18664.05,18664.05,ok,banner,,,
INTERN COMPENSATION - HEINRICH,2025,SENATORS’ OFFICIAL PERSONNEL AND OFFICE EXPENSE ACCOUNT,1217,BANNER ORGANIZATION TOTALS,1217,18664.05,18664.05,ok,banner,,,
SENATOR GEORGE HELMY,2024,SENATORS’ OFFICIAL PERSONNEL AND OFFICE EXPENSE ACCOUNT,1218,TRAVEL AND TRANSPORTATION OF PERSONS,1219,9135.9,9135.9,ok,segment,,,
SENATOR GEORGE HELMY,2024,SENATORS’ OFFICIAL PERSONNEL AND OFFICE EXPENSE ACCOUNT,1218,BANNER NET PAYROLL,1218,408.33,0.0,banner_missing,banner,,,
SENATOR GEORGE HELMY,2024,SENATORS’ OFFICIAL PERSONNEL AND OFFICE EXPENSE ACCOUNT,1218,BANNER ORGANIZATION TOTALS,1218,38181.43,9135.9,warn,banner,,,banner_only_categories
INTERN COMPENSATION - HELMY,2024,SENATORS’ OFFICIAL PERSONNEL AND OFFICE EXPENSE ACCOUNT,1220,BANNER NET PAYROLL,1220,,0.0,not_applicable,banner,,,
INTERN COMPENSATION - HELMY,2024,SENATORS’ OFFICIAL PERSONNEL AND OFFICE EXPENSE ACCOUNT,1220,BANNER ORGANIZATION TOTALS,1220,0.0,0.0,ok,banner,,,
SENATOR GEORGE HELMY,2025,SENATORS’ OFFICIAL PERSONNEL AND OFFICE EXPENSE ACCOUNT,1221,PERSONNEL COMP. FULL-TIME PERMANENT,1222,913988.02,913988.02,ok,segment,,,
SENATOR GEORGE HELMY,2025,SENATORS’ OFFICIAL PERSONNEL AND OFFICE EXPENSE ACCOUNT,1221,RE-EMPLOYED ANNUITANTS,1222,10824.0,0.0,no_records,segment,,,
SENATOR GEORGE HELMY,2025,SENATORS’ OFFICIAL PERSONNEL AND OFFICE EXPENSE ACCOUNT,1221,NET PAYROLL EXPENSES,1222,924812.02,924812.02,ok,block_running_total,,,
SENATOR GEORGE HELMY,2025,SENATORS’ OFFICIAL PERSONNEL AND OFFICE EXPENSE ACCOUNT,1221,TRAVEL AND TRANSPORTATION OF PERSONS,1223,18431.49,18431.49,ok,segment,,,
SENATOR GEORGE HELMY,2025,SENATORS’ OFFICIAL PERSONNEL AND OFFICE EXPENSE ACCOUNT,1221,BANNER NET PAYROLL,1221,924403.69,924812.02,fail,banner,,,fy_boundary_pattern
SENATOR GEORGE HELMY,2025,SENATORS’ OFFICIAL PERSONNEL AND OFFICE EXPENSE ACCOUNT,1221,BANNER ORGANIZATION TOTALS,1221,957361.14,943243.51,warn,banner,,,captured_bvb_mismatch
INTERN COMPENSATION - HELMY,2025,SENATORS’ OFFICIAL PERSONNEL AND OFFICE EXPENSE ACCOUNT,1224,BANNER NET PAYROLL,1224,,0.0,not_applicable,banner,,,
INTERN COMPENSATION - HELMY,2025,SENATORS’ OFFICIAL PERSONNEL AND OFFICE EXPENSE ACCOUNT,1224,BANNER ORGANIZATION TOTALS,1224,0.0,0.0,ok,banner,,,
SENATOR JOHN HICKENLOOPER,2023,SENATORS’ OFFICIAL PERSONNEL AND OFFICE EXPENSE ACCOUNT,1225,BANNER NET PAYROLL,1225,0.0,0.0,banner_missing,banner,,,
SENATOR JOHN HICKENLOOPER,2023,SENATORS’ OFFICIAL PERSONNEL AND OFFICE EXPENSE ACCOUNT,1225,BANNER ORGANIZATION TOTALS,1225,0.0,0.0,ok,banner,,,
INTERN COMPENSATION - HICKENLOOPER,2023,SENATORS’ OFFICIAL PERSONNEL AND OFFICE EXPENSE ACCOUNT,1226,BANNER NET PAYROLL,1226,0.0,0.0,banner_missing,banner,,,
INTERN COMPENSATION - HICKENLOOPER,2023,SENATORS’ OFFICIAL PERSONNEL AND OFFICE EXPENSE ACCOUNT,1226,BANNER ORGANIZATION TOTALS,1226,0.0,0.0,ok,banner,,,
SENATOR JOHN HICKENLOOPER,2024,SENATORS’ OFFICIAL PERSONNEL AND OFFICE EXPENSE ACCOUNT,1227,PERSONNEL BENEFITS,1227,455.05,0.0,no_records,segment,,,
SENATOR JOHN HICKENLOOPER,2024,SENATORS’ OFFICIAL PERSONNEL AND OFFICE EXPENSE ACCOUNT,1227,NET PAYROLL EXPENSES,1227,455.05,455.05,ok,block_running_total,,,
SENATOR JOHN HICKENLOOPER,2024,SENATORS’ OFFICIAL PERSONNEL AND OFFICE EXPENSE ACCOUNT,1227,TRAVEL AND TRANSPORTATION OF PERSONS,1229,10092.29,10092.29,ok,segment,,,
SENATOR JOHN HICKENLOOPER,2024,SENATORS’ OFFICIAL PERSONNEL AND OFFICE EXPENSE ACCOUNT,1227,OTHER CONTRACTUAL SERVICES,1229,20.0,20.0,ok,segment,,,
SENATOR JOHN HICKENLOOPER,2024,SENATORS’ OFFICIAL PERSONNEL AND OFFICE EXPENSE ACCOUNT,1227,ACQUISITION OF ASSETS,1229,3254.49,3254.49,ok,segment,,,
SENATOR JOHN HICKENLOOPER,2024,SENATORS’ OFFICIAL PERSONNEL AND OFFICE EXPENSE ACCOUNT,1227,BANNER NET PAYROLL,1227,549.7,455.05,fail,banner,,,fy_boundary_pattern
SENATOR JOHN HICKENLOOPER,2024,SENATORS’ OFFICIAL PERSONNEL AND OFFICE EXPENSE ACCOUNT,1227,BANNER ORGANIZATION TOTALS,1227,44071.32,13821.83,warn,banner,,,captured_bvb_mismatch
INTERN COMPENSATION - HICKENLOOPER,2024,SENATORS’ OFFICIAL PERSONNEL AND OFFICE EXPENSE ACCOUNT,1230,BANNER NET PAYROLL,1230,0.0,0.0,banner_missing,banner,,,
INTERN COMPENSATION - HICKENLOOPER,2024,SENATORS’ OFFICIAL PERSONNEL AND OFFICE EXPENSE ACCOUNT,1230,BANNER ORGANIZATION TOTALS,1230,0.0,0.0,ok,banner,,,
SENATOR JOHN HICKENLOOPER,2025,SENATORS’ OFFICIAL PERSONNEL AND OFFICE EXPENSE ACCOUNT,1231,PERSONNEL COMP. FULL-TIME PERMANENT,1232,1751316.98,1751316.98,ok,segment,,,
SENATOR JOHN HICKENLOOPER,2025,SENATORS’ OFFICIAL PERSONNEL AND OFFICE EXPENSE ACCOUNT,1231,PERSONNEL BENEFITS,1232,3261.08,0.0,no_records,segment,,,
SENATOR JOHN HICKENLOOPER,2025,SENATORS’ OFFICIAL PERSONNEL AND OFFICE EXPENSE ACCOUNT,1231,NET PAYROLL EXPENSES,1232,1754578.06,1754578.06,ok,block_running_total,,,
SENATOR JOHN HICKENLOOPER,2025,SENATORS’ OFFICIAL PERSONNEL AND OFFICE EXPENSE ACCOUNT,1231,TRAVEL AND TRANSPORTATION OF PERSONS,1238,51308.65,51308.65,ok,segment,,,
SENATOR JOHN HICKENLOOPER,2025,SENATORS’ OFFICIAL PERSONNEL AND OFFICE EXPENSE ACCOUNT,1231,OTHER CONTRACTUAL SERVICES,1238,5140.0,5140.0,ok,segment,,,
SENATOR JOHN HICKENLOOPER,2025,SENATORS’ OFFICIAL PERSONNEL AND OFFICE EXPENSE ACCOUNT,1231,ACQUISITION OF ASSETS,1238,24904.94,24904.94,ok,segment,,,
SENATOR JOHN HICKENLOOPER,2025,SENATORS’ OFFICIAL PERSONNEL AND OFFICE EXPENSE ACCOUNT,1231,BANNER NET PAYROLL,1231,1754483.41,1754578.06,fail,banner,,,fy_boundary_pattern
SENATOR JOHN HICKENLOOPER,2025,SENATORS’ OFFICIAL PERSONNEL AND OFFICE EXPENSE ACCOUNT,1231,BANNER ORGANIZATION TOTALS,1231,1882342.46,1835931.65,warn,banner,,,captured_bvb_mismatch
INTERN COMPENSATION - HICKENLOOPER,2025,SENATORS’ OFFICIAL PERSONNEL AND OFFICE EXPENSE ACCOUNT,1239,PERSONNEL COMP. FULL-TIME PERMANENT,1239,36314.57,36314.57,ok,segment,,,
INTERN COMPENSATION - HICKENLOOPER,2025,SENATORS’ OFFICIAL PERSONNEL AND OFFICE EXPENSE ACCOUNT,1239,NET PAYROLL EXPENSES,1239,36314.57,36314.57,ok,block_running_total,,,
INTERN COMPENSATION - HICKENLOOPER,2025,SENATORS’ OFFICIAL PERSONNEL AND OFFICE EXPENSE ACCOUNT,1239,BANNER NET PAYROLL,1239,36314.57,36314.57,ok,banner,,,
INTERN COMPENSATION - HICKENLOOPER,2025,SENATORS’ OFFICIAL PERSONNEL AND OFFICE EXPENSE ACCOUNT,1239,BANNER ORGANIZATION TOTALS,1239,36314.57,36314.57,ok,banner,,,
SENATOR MAZIE HIRONO,2023,SENATORS’ OFFICIAL PERSONNEL AND OFFICE EXPENSE ACCOUNT,1240,BANNER NET PAYROLL,1240,0.0,0.0,banner_missing,banner,,,
SENATOR MAZIE HIRONO,2023,SENATORS’ OFFICIAL PERSONNEL AND OFFICE EXPENSE ACCOUNT,1240,BANNER ORGANIZATION TOTALS,1240,30.51,0.0,warn,banner,,,banner_only_categories
INTERN COMPENSATION - HIRONO,2023,SENATORS’ OFFICIAL PERSONNEL AND OFFICE EXPENSE ACCOUNT,1241,BANNER NET PAYROLL,1241,0.0,0.0,banner_missing,banner,,,
INTERN COMPENSATION - HIRONO,2023,SENATORS’ OFFICIAL PERSONNEL AND OFFICE EXPENSE ACCOUNT,1241,BANNER ORGANIZATION TOTALS,1241,0.0,0.0,ok,banner,,,
SENATOR MAZIE HIRONO,2024,SENATORS’ OFFICIAL PERSONNEL AND OFFICE EXPENSE ACCOUNT,1242,PERSONNEL BENEFITS,1242,1230.55,0.0,no_records,segment,,,
SENATOR MAZIE HIRONO,2024,SENATORS’ OFFICIAL PERSONNEL AND OFFICE EXPENSE ACCOUNT,1242,NET PAYROLL EXPENSES,1242,1230.55,1230.55,ok,block_running_total,,,
SENATOR MAZIE HIRONO,2024,SENATORS’ OFFICIAL PERSONNEL AND OFFICE EXPENSE ACCOUNT,1242,TRAVEL AND TRANSPORTATION OF PERSONS,1243,15396.62,15396.62,ok,segment,,,
SENATOR MAZIE HIRONO,2024,SENATORS’ OFFICIAL PERSONNEL AND OFFICE EXPENSE ACCOUNT,1242,OTHER CONTRACTUAL SERVICES,1243,15614.33,15614.33,ok,segment,,,
SENATOR MAZIE HIRONO,2024,SENATORS’ OFFICIAL PERSONNEL AND OFFICE EXPENSE ACCOUNT,1242,ACQUISITION OF ASSETS,1243,24480.29,24480.29,ok,segment,,,
SENATOR MAZIE HIRONO,2024,SENATORS’ OFFICIAL PERSONNEL AND OFFICE EXPENSE ACCOUNT,1242,BANNER NET PAYROLL,1242,2717.8,1230.55,fail,banner,,,fy_boundary_pattern
SENATOR MAZIE HIRONO,2024,SENATORS’ OFFICIAL PERSONNEL AND OFFICE EXPENSE ACCOUNT,1242,BANNER ORGANIZATION TOTALS,1242,431976.05,56721.79,warn,banner,,,captured_bvb_mismatch
INTERN COMPENSATION - HIRONO,2024,SENATORS’ OFFICIAL PERSONNEL AND OFFICE EXPENSE ACCOUNT,1244,BANNER NET PAYROLL,1244,12.75,0.0,banner_missing,banner,,,
INTERN COMPENSATION - HIRONO,2024,SENATORS’ OFFICIAL PERSONNEL AND OFFICE EXPENSE ACCOUNT,1244,BANNER ORGANIZATION TOTALS,1244,12.75,0.0,warn,banner,,,banner_only_categories
SENATOR MAZIE HIRONO,2025,SENATORS’ OFFICIAL PERSONNEL AND OFFICE EXPENSE ACCOUNT,1245,PERSONNEL COMP. FULL-TIME PERMANENT,1246,1723172.0,1723184.75,fail,segment,source_mismatch,1723184.75,
SENATOR MAZIE HIRONO,2025,SENATORS’ OFFICIAL PERSONNEL AND OFFICE EXPENSE ACCOUNT,1245,PERSONNEL BENEFITS,1246,3726.11,0.0,no_records,segment,,,
SENATOR MAZIE HIRONO,2025,SENATORS’ OFFICIAL PERSONNEL AND OFFICE EXPENSE ACCOUNT,1245,NET PAYROLL EXPENSES,1246,1726898.11,1726910.86,fail,block_running_total,,,
SENATOR MAZIE HIRONO,2025,SENATORS’ OFFICIAL PERSONNEL AND OFFICE EXPENSE ACCOUNT,1245,TRAVEL AND TRANSPORTATION OF PERSONS,1247,44623.39,44623.39,ok,segment,,,
SENATOR MAZIE HIRONO,2025,SENATORS’ OFFICIAL PERSONNEL AND OFFICE EXPENSE ACCOUNT,1245,OTHER CONTRACTUAL SERVICES,1248,2127.5,2127.5,ok,segment,,,
SENATOR MAZIE HIRONO,2025,SENATORS’ OFFICIAL PERSONNEL AND OFFICE EXPENSE ACCOUNT,1245,ACQUISITION OF ASSETS,1248,15829.16,15829.16,ok,segment,,,
SENATOR MAZIE HIRONO,2025,SENATORS’ OFFICIAL PERSONNEL AND OFFICE EXPENSE ACCOUNT,1245,BANNER NET PAYROLL,1245,1687620.19,1726898.11,fail,banner,,,fy_boundary_pattern
SENATOR MAZIE HIRONO,2025,SENATORS’ OFFICIAL PERSONNEL AND OFFICE EXPENSE ACCOUNT,1245,BANNER ORGANIZATION TOTALS,1245,1803963.27,1789490.91,fail,banner,,,
INTERN COMPENSATION - HIRONO,2025,SENATORS’ OFFICIAL PERSONNEL AND OFFICE EXPENSE ACCOUNT,1249,PERSONNEL COMP. FULL-TIME PERMANENT,1249,36617.23,36617.23,ok,segment,,,
INTERN COMPENSATION - HIRONO,2025,SENATORS’ OFFICIAL PERSONNEL AND OFFICE EXPENSE ACCOUNT,1249,NET PAYROLL EXPENSES,1249,36617.23,36617.23,ok,block_running_total,,,
INTERN COMPENSATION - HIRONO,2025,SENATORS’ OFFICIAL PERSONNEL AND OFFICE EXPENSE ACCOUNT,1249,BANNER NET PAYROLL,1249,36604.48,36617.23,fail,banner,,,fy_boundary_pattern
INTERN COMPENSATION - HIRONO,2025,SENATORS’ OFFICIAL PERSONNEL AND OFFICE EXPENSE ACCOUNT,1249,BANNER ORGANIZATION TOTALS,1249,36604.48,36617.23,warn,banner,,,captured_bvb_mismatch
SENATOR JOHN HOEVEN,2023,SENATORS’ OFFICIAL PERSONNEL AND OFFICE EXPENSE ACCOUNT,1250,PERSONNEL BENEFITS,1250,170.2,0.0,no_records,segment,,,
SENATOR JOHN HOEVEN,2023,SENATORS’ OFFICIAL PERSONNEL AND OFFICE EXPENSE ACCOUNT,1250,NET PAYROLL EXPENSES,1250,170.2,170.2,ok,block_running_total,,,
SENATOR JOHN HOEVEN,2023,SENATORS’ OFFICIAL PERSONNEL AND OFFICE EXPENSE ACCOUNT,1250,BANNER NET PAYROLL,1250,170.2,170.2,ok,banner,,,
SENATOR JOHN HOEVEN,2023,SENATORS’ OFFICIAL PERSONNEL AND OFFICE EXPENSE ACCOUNT,1250,BANNER ORGANIZATION TOTALS,1250,170.2,170.2,ok,banner,,,
INTERN COMPENSATION - HOEVEN,2023,SENATORS’ OFFICIAL PERSONNEL AND OFFICE EXPENSE ACCOUNT,1251,BANNER NET PAYROLL,1251,0.0,0.0,banner_missing,banner,,,
INTERN COMPENSATION - HOEVEN,2023,SENATORS’ OFFICIAL PERSONNEL AND OFFICE EXPENSE ACCOUNT,1251,BANNER ORGANIZATION TOTALS,1251,0.0,0.0,ok,banner,,,
SENATOR JOHN HOEVEN,2024,SENATORS’ OFFICIAL PERSONNEL AND OFFICE EXPENSE ACCOUNT,1252,PERSONNEL BENEFITS,1252,2372.25,0.0,no_records,segment,,,
SENATOR JOHN HOEVEN,2024,SENATORS’ OFFICIAL PERSONNEL AND OFFICE EXPENSE ACCOUNT,1252,NET PAYROLL EXPENSES,1252,2372.25,2372.25,ok,block_running_total,,,
SENATOR JOHN HOEVEN,2024,SENATORS’ OFFICIAL PERSONNEL AND OFFICE EXPENSE ACCOUNT,1252,TRAVEL AND TRANSPORTATION OF PERSONS,1253,9702.67,9702.67,ok,segment,,,
SENATOR JOHN HOEVEN,2024,SENATORS’ OFFICIAL PERSONNEL AND OFFICE EXPENSE ACCOUNT,1252,OTHER CONTRACTUAL SERVICES,1253,23857.62,23857.62,ok,segment,,,
SENATOR JOHN HOEVEN,2024,SENATORS’ OFFICIAL PERSONNEL AND OFFICE EXPENSE ACCOUNT,1252,ACQUISITION OF ASSETS,1253,2088.41,2088.41,ok,segment,,,
SENATOR JOHN HOEVEN,2024,SENATORS’ OFFICIAL PERSONNEL AND OFFICE EXPENSE ACCOUNT,1252,BANNER NET PAYROLL,1252,2372.25,2372.25,ok,banner,,,
SENATOR JOHN HOEVEN,2024,SENATORS’ OFFICIAL PERSONNEL AND OFFICE EXPENSE ACCOUNT,1252,BANNER ORGANIZATION TOTALS,1252,229699.53,38020.95,warn,banner,,,banner_only_categories
INTERN COMPENSATION - HOEVEN,2024,SENATORS’ OFFICIAL PERSONNEL AND OFFICE EXPENSE ACCOUNT,1254,BANNER NET PAYROLL,1254,0.0,0.0,banner_missing,banner,,,
INTERN COMPENSATION - HOEVEN,2024,SENATORS’ OFFICIAL PERSONNEL AND OFFICE EXPENSE ACCOUNT,1254,BANNER ORGANIZATION TOTALS,1254,0.0,0.0,ok,banner,,,
SENATOR JOHN HOEVEN,2025,SENATORS’ OFFICIAL PERSONNEL AND OFFICE EXPENSE ACCOUNT,1255,PERSONNEL COMP. FULL-TIME PERMANENT,1256,1653221.1,1653221.1,ok,segment,,,
SENATOR JOHN HOEVEN,2025,SENATORS’ OFFICIAL PERSONNEL AND OFFICE EXPENSE ACCOUNT,1255,PERSONNEL BENEFITS,1256,2063.05,0.0,no_records,segment,,,
SENATOR JOHN HOEVEN,2025,SENATORS’ OFFICIAL PERSONNEL AND OFFICE EXPENSE ACCOUNT,1255,NET PAYROLL EXPENSES,1256,1655284.15,1655284.15,ok,block_running_total,,,
SENATOR JOHN HOEVEN,2025,SENATORS’ OFFICIAL PERSONNEL AND OFFICE EXPENSE ACCOUNT,1255,TRAVEL AND TRANSPORTATION OF PERSONS,1259,30474.68,30474.68,ok,segment,,,
SENATOR JOHN HOEVEN,2025,SENATORS’ OFFICIAL PERSONNEL AND OFFICE EXPENSE ACCOUNT,1255,OTHER CONTRACTUAL SERVICES,1259,1398.44,1398.44,ok,segment,,,
SENATOR JOHN HOEVEN,2025,SENATORS’ OFFICIAL PERSONNEL AND OFFICE EXPENSE ACCOUNT,1255,ACQUISITION OF ASSETS,1259,1290.17,1290.17,ok,segment,,,
SENATOR JOHN HOEVEN,2025,SENATORS’ OFFICIAL PERSONNEL AND OFFICE EXPENSE ACCOUNT,1255,BANNER NET PAYROLL,1255,1655284.15,1655284.15,ok,banner,,,
SENATOR JOHN HOEVEN,2025,SENATORS’ OFFICIAL PERSONNEL AND OFFICE EXPENSE ACCOUNT,1255,BANNER ORGANIZATION TOTALS,1255,1705779.96,1688447.44,warn,banner,,,banner_only_categories
INTERN COMPENSATION - HOEVEN,2025,SENATORS’ OFFICIAL PERSONNEL AND OFFICE EXPENSE ACCOUNT,1260,PERSONNEL COMP. FULL-TIME PERMANENT,1260,13690.37,13690.37,ok,segment,,,
INTERN COMPENSATION - HOEVEN,2025,SENATORS’ OFFICIAL PERSONNEL AND OFFICE EXPENSE ACCOUNT,1260,NET PAYROLL EXPENSES,1260,13690.37,13690.37,ok,block_running_total,,,
INTERN COMPENSATION - HOEVEN,2025,SENATORS’ OFFICIAL PERSONNEL AND OFFICE EXPENSE ACCOUNT,1260,BANNER NET PAYROLL,1260,13690.37,13690.37,ok,banner,,,
INTERN COMPENSATION - HOEVEN,2025,SENATORS’ OFFICIAL PERSONNEL AND OFFICE EXPENSE ACCOUNT,1260,BANNER ORGANIZATION TOTALS,1260,13690.37,13690.37,ok,banner,,,
SENATOR JON HUSTED,2025,SENATORS’ OFFICIAL PERSONNEL AND OFFICE EXPENSE ACCOUNT,1261,PERSONNEL COMP. FULL-TIME PERMANENT,1261,206772.03,206772.03,ok,segment,,,
SENATOR JON HUSTED,2025,SENATORS’ OFFICIAL PERSONNEL AND OFFICE EXPENSE ACCOUNT,1261,NET PAYROLL EXPENSES,1262,206772.03,206772.03,ok,block_running_total,,,
SENATOR JON HUSTED,2025,SENATORS’ OFFICIAL PERSONNEL AND OFFICE EXPENSE ACCOUNT,1261,TRAVEL AND TRANSPORTATION OF PERSONS,1262,11206.02,11206.02,ok,segment,,,
SENATOR JON HUSTED,2025,SENATORS’ OFFICIAL PERSONNEL AND OFFICE EXPENSE ACCOUNT,1261,OTHER CONTRACTUAL SERVICES,1262,15000.0,15000.0,ok,segment,,,
SENATOR JON HUSTED,2025,SENATORS’ OFFICIAL PERSONNEL AND OFFICE EXPENSE ACCOUNT,1261,ACQUISITION OF ASSETS,1263,581.94,581.94,ok,segment,,,
SENATOR JON HUSTED,2025,SENATORS’ OFFICIAL PERSONNEL AND OFFICE EXPENSE ACCOUNT,1261,BANNER NET PAYROLL,1261,206772.03,206772.03,ok,banner,,,
SENATOR JON HUSTED,2025,SENATORS’ OFFICIAL PERSONNEL AND OFFICE EXPENSE ACCOUNT,1261,BANNER ORGANIZATION TOTALS,1261,236109.78,233559.99,warn,banner,,,banner_only_categories
INTERN COMPENSATION - HUSTED,2025,SENATORS’ OFFICIAL PERSONNEL AND OFFICE EXPENSE ACCOUNT,1264,PERSONNEL COMP. FULL-TIME PERMANENT,1264,1128.33,1128.33,ok,segment,,,
INTERN COMPENSATION - HUSTED,2025,SENATORS’ OFFICIAL PERSONNEL AND OFFICE EXPENSE ACCOUNT,1264,NET PAYROLL EXPENSES,1264,1128.33,1128.33,ok,block_running_total,,,
INTERN COMPENSATION - HUSTED,2025,SENATORS’ OFFICIAL PERSONNEL AND OFFICE EXPENSE ACCOUNT,1264,BANNER NET PAYROLL,1264,1128.33,1128.33,ok,banner,,,
INTERN COMPENSATION - HUSTED,2025,SENATORS’ OFFICIAL PERSONNEL AND OFFICE EXPENSE ACCOUNT,1264,BANNER ORGANIZATION TOTALS,1264,1128.33,1128.33,ok,banner,,,
SENATOR CINDY HYDE-SMITH,2023,SENATORS’ OFFICIAL PERSONNEL AND OFFICE EXPENSE ACCOUNT,1265,OTHER CONTRACTUAL SERVICES,1265,91.75,91.75,ok,segment,,,
SENATOR CINDY HYDE-SMITH,2023,SENATORS’ OFFICIAL PERSONNEL AND OFFICE EXPENSE ACCOUNT,1265,BANNER NET PAYROLL,1265,0.0,0.0,banner_missing,banner,,,
SENATOR CINDY HYDE-SMITH,2023,SENATORS’ OFFICIAL PERSONNEL AND OFFICE EXPENSE ACCOUNT,1265,BANNER ORGANIZATION TOTALS,1265,91.75,91.75,ok,banner,,,
INTERN COMPENSATION - HYDE-SMITH,2023,SENATORS’ OFFICIAL PERSONNEL AND OFFICE EXPENSE ACCOUNT,1266,BANNER NET PAYROLL,1266,0.0,0.0,banner_missing,banner,,,
INTERN COMPENSATION - HYDE-SMITH,2023,SENATORS’ OFFICIAL PERSONNEL AND OFFICE EXPENSE ACCOUNT,1266,BANNER ORGANIZATION TOTALS,1266,0.0,0.0,ok,banner,,,
SENATOR CINDY HYDE-SMITH,2024,SENATORS’ OFFICIAL PERSONNEL AND OFFICE EXPENSE ACCOUNT,1267,TRAVEL AND TRANSPORTATION OF PERSONS,1269,9916.48,9916.48,ok,segment,,,
SENATOR CINDY HYDE-SMITH,2024,SENATORS’ OFFICIAL PERSONNEL AND OFFICE EXPENSE ACCOUNT,1267,OTHER CONTRACTUAL SERVICES,1269,1542.12,1542.12,ok,segment,,,
SENATOR CINDY HYDE-SMITH,2024,SENATORS’ OFFICIAL PERSONNEL AND OFFICE EXPENSE ACCOUNT,1267,ACQUISITION OF ASSETS,1269,57941.69,57941.69,ok,segment,,,
SENATOR CINDY HYDE-SMITH,2024,SENATORS’ OFFICIAL PERSONNEL AND OFFICE EXPENSE ACCOUNT,1267,BANNER NET PAYROLL,1267,0.0,0.0,banner_missing,banner,,,
SENATOR CINDY HYDE-SMITH,2024,SENATORS’ OFFICIAL PERSONNEL AND OFFICE EXPENSE ACCOUNT,1267,BANNER ORGANIZATION TOTALS,1267,77393.89,69400.29,warn,banner,,,banner_only_categories
INTERN COMPENSATION - HYDE-SMITH,2024,SENATORS’ OFFICIAL PERSONNEL AND OFFICE EXPENSE ACCOUNT,1270,BANNER NET PAYROLL,1270,0.0,0.0,banner_missing,banner,,,
INTERN COMPENSATION - HYDE-SMITH,2024,SENATORS’ OFFICIAL PERSONNEL AND OFFICE EXPENSE ACCOUNT,1270,BANNER ORGANIZATION TOTALS,1270,0.0,0.0,ok,banner,,,
SENATOR CINDY HYDE-SMITH,2025,SENATORS’ OFFICIAL PERSONNEL AND OFFICE EXPENSE ACCOUNT,1271,PERSONNEL COMP. FULL-TIME PERMANENT,1272,1588774.15,1588774.15,ok,segment,,,
SENATOR CINDY HYDE-SMITH,2025,SENATORS’ OFFICIAL PERSONNEL AND OFFICE EXPENSE ACCOUNT,1271,RE-EMPLOYED ANNUITANTS,1272,6626.0,0.0,no_records,segment,,,
SENATOR CINDY HYDE-SMITH,2025,SENATORS’ OFFICIAL PERSONNEL AND OFFICE EXPENSE ACCOUNT,1271,PERSONNEL BENEFITS,1272,110.93,0.0,no_records,segment,,,
SENATOR CINDY HYDE-SMITH,2025,SENATORS’ OFFICIAL PERSONNEL AND OFFICE EXPENSE ACCOUNT,1271,NET PAYROLL EXPENSES,1272,1595511.08,1595511.08,ok,block_running_total,,,
SENATOR CINDY HYDE-SMITH,2025,SENATORS’ OFFICIAL PERSONNEL AND OFFICE EXPENSE ACCOUNT,1271,TRAVEL AND TRANSPORTATION OF PERSONS,1288,74856.21,74856.21,ok,segment,,,
SENATOR CINDY HYDE-SMITH,2025,SENATORS’ OFFICIAL PERSONNEL AND OFFICE EXPENSE ACCOUNT,1271,OTHER CONTRACTUAL SERVICES,1288,2726.84,2726.84,ok,segment,,,
SENATOR CINDY HYDE-SMITH,2025,SENATORS’ OFFICIAL PERSONNEL AND OFFICE EXPENSE ACCOUNT,1271,BANNER NET PAYROLL,1271,1595511.08,1595511.08,ok,banner,,,
SENATOR CINDY HYDE-SMITH,2025,SENATORS’ OFFICIAL PERSONNEL AND OFFICE EXPENSE ACCOUNT,1271,BANNER ORGANIZATION TOTALS,1271,1693914.8,1673094.13,warn,banner,,,banner_only_categories
INTERN COMPENSATION - HYDE-SMITH,2025,SENATORS’ OFFICIAL PERSONNEL AND OFFICE EXPENSE ACCOUNT,1289,PERSONNEL COMP. FULL-TIME PERMANENT,1289,19466.66,19466.66,ok,segment,,,
INTERN COMPENSATION - HYDE-SMITH,2025,SENATORS’ OFFICIAL PERSONNEL AND OFFICE EXPENSE ACCOUNT,1289,NET PAYROLL EXPENSES,1289,19466.66,19466.66,ok,block_running_total,,,
INTERN COMPENSATION - HYDE-SMITH,2025,SENATORS’ OFFICIAL PERSONNEL AND OFFICE EXPENSE ACCOUNT,1289,BANNER NET PAYROLL,1289,19466.66,19466.66,ok,banner,,,
INTERN COMPENSATION - HYDE-SMITH,2025,SENATORS’ OFFICIAL PERSONNEL AND OFFICE EXPENSE ACCOUNT,1289,BANNER ORGANIZATION TOTALS,1289,19466.66,19466.66,ok,banner,,,
SENATOR JAMES M. INHOFE,2023,SENATORS’ OFFICIAL PERSONNEL AND OFFICE EXPENSE ACCOUNT,1290,BANNER NET PAYROLL,1290,0.0,0.0,banner_missing,banner,,,
SENATOR JAMES M. INHOFE,2023,SENATORS’ OFFICIAL PERSONNEL AND OFFICE EXPENSE ACCOUNT,1290,BANNER ORGANIZATION TOTALS,1290,0.0,0.0,ok,banner,,,
INTERN COMPENSATION - INHOFE,2023,SENATORS’ OFFICIAL PERSONNEL AND OFFICE EXPENSE ACCOUNT,1291,BANNER NET PAYROLL,1291,0.0,0.0,banner_missing,banner,,,
INTERN COMPENSATION - INHOFE,2023,SENATORS’ OFFICIAL PERSONNEL AND OFFICE EXPENSE ACCOUNT,1291,BANNER ORGANIZATION TOTALS,1291,0.0,0.0,ok,banner,,,
SENATOR RON JOHNSON,2023,SENATORS’ OFFICIAL PERSONNEL AND OFFICE EXPENSE ACCOUNT,1292,BANNER NET PAYROLL,1292,0.0,0.0,banner_missing,banner,,,
SENATOR RON JOHNSON,2023,SENATORS’ OFFICIAL PERSONNEL AND OFFICE EXPENSE ACCOUNT,1292,BANNER ORGANIZATION TOTALS,1292,0.0,0.0,ok,banner,,,
INTERN COMPENSATION - JOHNSON,2023,SENATORS’ OFFICIAL PERSONNEL AND OFFICE EXPENSE ACCOUNT,1293,BANNER NET PAYROLL,1293,0.0,0.0,banner_missing,banner,,,
INTERN COMPENSATION - JOHNSON,2023,SENATORS’ OFFICIAL PERSONNEL AND OFFICE EXPENSE ACCOUNT,1293,BANNER ORGANIZATION TOTALS,1293,0.0,0.0,ok,banner,,,
SENATOR RON JOHNSON,2024,SENATORS’ OFFICIAL PERSONNEL AND OFFICE EXPENSE ACCOUNT,1294,PERSONNEL BENEFITS,1294,897.8,0.0,no_records,segment,,,
SENATOR RON JOHNSON,2024,SENATORS’ OFFICIAL PERSONNEL AND OFFICE EXPENSE ACCOUNT,1294,NET PAYROLL EXPENSES,1294,897.8,897.8,ok,block_running_total,,,
SENATOR RON JOHNSON,2024,SENATORS’ OFFICIAL PERSONNEL AND OFFICE EXPENSE ACCOUNT,1294,TRAVEL AND TRANSPORTATION OF PERSONS,1300,48117.57,48117.57,ok,segment,,,
SENATOR RON JOHNSON,2024,SENATORS’ OFFICIAL PERSONNEL AND OFFICE EXPENSE ACCOUNT,1294,OTHER CONTRACTUAL SERVICES,1300,2291.04,2291.04,ok,segment,,,
SENATOR RON JOHNSON,2024,SENATORS’ OFFICIAL PERSONNEL AND OFFICE EXPENSE ACCOUNT,1294,BANNER NET PAYROLL,1294,897.8,897.8,ok,banner,,,
SENATOR RON JOHNSON,2024,SENATORS’ OFFICIAL PERSONNEL AND OFFICE EXPENSE ACCOUNT,1294,BANNER ORGANIZATION TOTALS,1294,163683.06,51306.41,warn,banner,,,banner_only_categories
INTERN COMPENSATION - JOHNSON,2024,SENATORS’ OFFICIAL PERSONNEL AND OFFICE EXPENSE ACCOUNT,1301,BANNER NET PAYROLL,1301,0.0,0.0,banner_missing,banner,,,
INTERN COMPENSATION - JOHNSON,2024,SENATORS’ OFFICIAL PERSONNEL AND OFFICE EXPENSE ACCOUNT,1301,BANNER ORGANIZATION TOTALS,1301,0.0,0.0,ok,banner,,,
SENATOR RON JOHNSON,2025,SENATORS’ OFFICIAL PERSONNEL AND OFFICE EXPENSE ACCOUNT,1302,PERSONNEL COMP. FULL-TIME PERMANENT,1303,1867022.24,1867022.24,ok,segment,,,
SENATOR RON JOHNSON,2025,SENATORS’ OFFICIAL PERSONNEL AND OFFICE EXPENSE ACCOUNT,1302,PERSONNEL BENEFITS,1303,4477.3,0.0,no_records,segment,,,
SENATOR RON JOHNSON,2025,SENATORS’ OFFICIAL PERSONNEL AND OFFICE EXPENSE ACCOUNT,1302,NET PAYROLL EXPENSES,1303,1871499.54,1871499.54,ok,block_running_total,,,
SENATOR RON JOHNSON,2025,SENATORS’ OFFICIAL PERSONNEL AND OFFICE EXPENSE ACCOUNT,1302,TRAVEL AND TRANSPORTATION OF PERSONS,1312,30045.07,30045.07,ok,segment,,,
SENATOR RON JOHNSON,2025,SENATORS’ OFFICIAL PERSONNEL AND OFFICE EXPENSE ACCOUNT,1302,OTHER CONTRACTUAL SERVICES,1312,1958.0,1958.0,ok,segment,,,
SENATOR RON JOHNSON,2025,SENATORS’ OFFICIAL PERSONNEL AND OFFICE EXPENSE ACCOUNT,1302,BANNER NET PAYROLL,1302,1871499.54,1871499.54,ok,banner,,,
SENATOR RON JOHNSON,2025,SENATORS’ OFFICIAL PERSONNEL AND OFFICE EXPENSE ACCOUNT,1302,BANNER ORGANIZATION TOTALS,1302,1933647.46,1903502.61,warn,banner,,,banner_only_categories
INTERN COMPENSATION - JOHNSON,2025,SENATORS’ OFFICIAL PERSONNEL AND OFFICE EXPENSE ACCOUNT,1313,PERSONNEL COMP. FULL-TIME PERMANENT,1313,18494.38,18494.38,ok,segment,,,
INTERN COMPENSATION - JOHNSON,2025,SENATORS’ OFFICIAL PERSONNEL AND OFFICE EXPENSE ACCOUNT,1313,NET PAYROLL EXPENSES,1313,18494.38,18494.38,ok,block_running_total,,,
INTERN COMPENSATION - JOHNSON,2025,SENATORS’ OFFICIAL PERSONNEL AND OFFICE EXPENSE ACCOUNT,1313,BANNER NET PAYROLL,1313,18494.38,18494.38,ok,banner,,,
INTERN COMPENSATION - JOHNSON,2025,SENATORS’ OFFICIAL PERSONNEL AND OFFICE EXPENSE ACCOUNT,1313,BANNER ORGANIZATION TOTALS,1313,18494.38,18494.38,ok,banner,,,
SENATOR JIM JUSTICE,2025,SENATORS’ OFFICIAL PERSONNEL AND OFFICE EXPENSE ACCOUNT,1314,PERSONNEL COMP. FULL-TIME PERMANENT,1315,460999.53,460999.53,ok,segment,,,
SENATOR JIM JUSTICE,2025,SENATORS’ OFFICIAL PERSONNEL AND OFFICE EXPENSE ACCOUNT,1314,NET PAYROLL EXPENSES,1315,460999.53,460999.53,ok,block_running_total,,,
SENATOR JIM JUSTICE,2025,SENATORS’ OFFICIAL PERSONNEL AND OFFICE EXPENSE ACCOUNT,1314,TRAVEL AND TRANSPORTATION OF PERSONS,1316,6599.46,6599.46,ok,segment,,,
SENATOR JIM JUSTICE,2025,SENATORS’ OFFICIAL PERSONNEL AND OFFICE EXPENSE ACCOUNT,1314,OTHER CONTRACTUAL SERVICES,1316,3600.0,3600.0,ok,segment,,,
SENATOR JIM JUSTICE,2025,SENATORS’ OFFICIAL PERSONNEL AND OFFICE EXPENSE ACCOUNT,1314,BANNER NET PAYROLL,1314,460999.53,460999.53,ok,banner,,,
SENATOR JIM JUSTICE,2025,SENATORS’ OFFICIAL PERSONNEL AND OFFICE EXPENSE ACCOUNT,1314,BANNER ORGANIZATION TOTALS,1314,477337.16,471198.99,warn,banner,,,banner_only_categories
INTERN COMPENSATION - JUSTICE,2025,SENATORS’ OFFICIAL PERSONNEL AND OFFICE EXPENSE ACCOUNT,1317,BANNER NET PAYROLL,1317,,0.0,not_applicable,banner,,,
INTERN COMPENSATION - JUSTICE,2025,SENATORS’ OFFICIAL PERSONNEL AND OFFICE EXPENSE ACCOUNT,1317,BANNER ORGANIZATION TOTALS,1317,0.0,0.0,ok,banner,,,
SENATOR TIM KAINE,2023,SENATORS’ OFFICIAL PERSONNEL AND OFFICE EXPENSE ACCOUNT,1318,BANNER NET PAYROLL,1318,0.0,0.0,banner_missing,banner,,,
SENATOR TIM KAINE,2023,SENATORS’ OFFICIAL PERSONNEL AND OFFICE EXPENSE ACCOUNT,1318,BANNER ORGANIZATION TOTALS,1318,0.0,0.0,ok,banner,,,
INTERN COMPENSATION - KAINE,2023,SENATORS’ OFFICIAL PERSONNEL AND OFFICE EXPENSE ACCOUNT,1319,BANNER NET PAYROLL,1319,0.0,0.0,banner_missing,banner,,,
INTERN COMPENSATION - KAINE,2023,SENATORS’ OFFICIAL PERSONNEL AND OFFICE EXPENSE ACCOUNT,1319,BANNER ORGANIZATION TOTALS,1319,0.0,0.0,ok,banner,,,
SENATOR TIM KAINE,2024,SENATORS’ OFFICIAL PERSONNEL AND OFFICE EXPENSE ACCOUNT,1320,PERSONNEL BENEFITS,1320,1777.0,0.0,no_records,segment,,,
SENATOR TIM KAINE,2024,SENATORS’ OFFICIAL PERSONNEL AND OFFICE EXPENSE ACCOUNT,1320,NET PAYROLL EXPENSES,1320,1777.0,1777.0,ok,block_running_total,,,
SENATOR TIM KAINE,2024,SENATORS’ OFFICIAL PERSONNEL AND OFFICE EXPENSE ACCOUNT,1320,TRAVEL AND TRANSPORTATION OF PERSONS,1323,7188.77,7188.77,ok,segment,,,
SENATOR TIM KAINE,2024,SENATORS’ OFFICIAL PERSONNEL AND OFFICE EXPENSE ACCOUNT,1320,OTHER CONTRACTUAL SERVICES,1323,54645.16,54645.16,ok,segment,,,
SENATOR TIM KAINE,2024,SENATORS’ OFFICIAL PERSONNEL AND OFFICE EXPENSE ACCOUNT,1320,ACQUISITION OF ASSETS,1323,38.86,38.86,ok,segment,,,
SENATOR TIM KAINE,2024,SENATORS’ OFFICIAL PERSONNEL AND OFFICE EXPENSE ACCOUNT,1320,BANNER NET PAYROLL,1320,2467.6,1777.0,fail,banner,,,fy_boundary_pattern
SENATOR TIM KAINE,2024,SENATORS’ OFFICIAL PERSONNEL AND OFFICE EXPENSE ACCOUNT,1320,BANNER ORGANIZATION TOTALS,1320,252795.82,63649.79,warn,banner,,,captured_bvb_mismatch
INTERN COMPENSATION - KAINE,2024,SENATORS’ OFFICIAL PERSONNEL AND OFFICE EXPENSE ACCOUNT,1324,BANNER NET PAYROLL,1324,0.0,0.0,banner_missing,banner,,,
INTERN COMPENSATION - KAINE,2024,SENATORS’ OFFICIAL PERSONNEL AND OFFICE EXPENSE ACCOUNT,1324,BANNER ORGANIZATION TOTALS,1324,0.0,0.0,ok,banner,,,
SENATOR TIM KAINE,2025,SENATORS’ OFFICIAL PERSONNEL AND OFFICE EXPENSE ACCOUNT,1325,PERSONNEL COMP. FULL-TIME PERMANENT,1326,2034282.7,2034282.7,ok,segment,,,
SENATOR TIM KAINE,2025,SENATORS’ OFFICIAL PERSONNEL AND OFFICE EXPENSE ACCOUNT,1325,RE-EMPLOYED ANNUITANTS,1326,14772.0,0.0,no_records,segment,,,
SENATOR TIM KAINE,2025,SENATORS’ OFFICIAL PERSONNEL AND OFFICE EXPENSE ACCOUNT,1325,PERSONNEL BENEFITS,1326,3978.7,0.0,no_records,segment,,,
SENATOR TIM KAINE,2025,SENATORS’ OFFICIAL PERSONNEL AND OFFICE EXPENSE ACCOUNT,1325,NET PAYROLL EXPENSES,1326,2053033.4,2053033.4,ok,block_running_total,,,
SENATOR TIM KAINE,2025,SENATORS’ OFFICIAL PERSONNEL AND OFFICE EXPENSE ACCOUNT,1325,TRAVEL AND TRANSPORTATION OF PERSONS,1331,9353.59,9353.59,ok,segment,,,
SENATOR TIM KAINE,2025,SENATORS’ OFFICIAL PERSONNEL AND OFFICE EXPENSE ACCOUNT,1325,OTHER CONTRACTUAL SERVICES,1331,512.88,512.88,ok,segment,,,
SENATOR TIM KAINE,2025,SENATORS’ OFFICIAL PERSONNEL AND OFFICE EXPENSE ACCOUNT,1325,ACQUISITION OF ASSETS,1331,392.92,392.92,ok,segment,,,
SENATOR TIM KAINE,2025,SENATORS’ OFFICIAL PERSONNEL AND OFFICE EXPENSE ACCOUNT,1325,BANNER NET PAYROLL,1325,2052342.8,2053033.4,fail,banner,,,fy_boundary_pattern
SENATOR TIM KAINE,2025,SENATORS’ OFFICIAL PERSONNEL AND OFFICE EXPENSE ACCOUNT,1325,BANNER ORGANIZATION TOTALS,1325,2120509.39,2063292.79,warn,banner,,,captured_bvb_mismatch
INTERN COMPENSATION - KAINE,2025,SENATORS’ OFFICIAL PERSONNEL AND OFFICE EXPENSE ACCOUNT,1332,PERSONNEL COMP. FULL-TIME PERMANENT,1332,25362.08,25362.08,ok,segment,,,
INTERN COMPENSATION - KAINE,2025,SENATORS’ OFFICIAL PERSONNEL AND OFFICE EXPENSE ACCOUNT,1332,NET PAYROLL EXPENSES,1333,25362.08,25362.08,ok,block_running_total,,,
INTERN COMPENSATION - KAINE,2025,SENATORS’ OFFICIAL PERSONNEL AND OFFICE EXPENSE ACCOUNT,1332,BANNER NET PAYROLL,1332,25362.08,25362.08,ok,banner,,,
INTERN COMPENSATION - KAINE,2025,SENATORS’ OFFICIAL PERSONNEL AND OFFICE EXPENSE ACCOUNT,1332,BANNER ORGANIZATION TOTALS,1332,25362.08,25362.08,ok,banner,,,
