severity,reason,source_doc,source_pdf,reference_page,office,funding_year,label,expected,detail,exception_key
warning,banner_check_discrepancy,114sdoc4,GPO-CDOC-114sdoc4.pdf,18,CHAIRMAN MAJORITY CONFERENCE COMMITTEE (D),2014,BANNER ORGANIZATION TOTALS,2168.18,status=fail; banner=2168.18; parsed_body=0.0. Banner checks are advisory; review against the source before treating this as a parser defect.,114sdoc4|banner_check_discrepancy|18|CHAIRMAN MAJORITY CONFERENCE COMMITTEE (D)|2014|BANNER ORGANIZATION TOTALS|2168.18
warning,banner_check_discrepancy,114sdoc4,GPO-CDOC-114sdoc4.pdf,19,CHAIRMAN MINORITY CONFERENCE COMMITTEE (D),2015,BANNER ORGANIZATION TOTALS,2849.5,status=fail; banner=2849.5; parsed_body=0.0. Banner checks are advisory; review against the source before treating this as a parser defect.,114sdoc4|banner_check_discrepancy|19|CHAIRMAN MINORITY CONFERENCE COMMITTEE (D)|2015|BANNER ORGANIZATION TOTALS|2849.5
warning,banner_check_discrepancy,114sdoc4,GPO-CDOC-114sdoc4.pdf,21,CHAIRMAN MAJORITY POLICY COMMITTEE (D),2014,BANNER ORGANIZATION TOTALS,1133.95,status=fail; banner=1133.95; parsed_body=0.0. Banner checks are advisory; review against the source before treating this as a parser defect.,114sdoc4|banner_check_discrepancy|21|CHAIRMAN MAJORITY POLICY COMMITTEE (D)|2014|BANNER ORGANIZATION TOTALS|1133.95
warning,banner_check_discrepancy,114sdoc4,GPO-CDOC-114sdoc4.pdf,22,CHAIRMAN MINORITY POLICY COMMITTEE (D),2015,BANNER ORGANIZATION TOTALS,761.68,status=fail; banner=761.68; parsed_body=0.0. Banner checks are advisory; review against the source before treating this as a parser defect.,114sdoc4|banner_check_discrepancy|22|CHAIRMAN MINORITY POLICY COMMITTEE (D)|2015|BANNER ORGANIZATION TOTALS|761.68
warning,banner_check_discrepancy,114sdoc4,GPO-CDOC-114sdoc4.pdf,24,MAJORITY LEADER (D),2014,BANNER ORGANIZATION TOTALS,2498.62,status=fail; banner=2498.62; parsed_body=0.0. Banner checks are advisory; review against the source before treating this as a parser defect.,114sdoc4|banner_check_discrepancy|24|MAJORITY LEADER (D)|2014|BANNER ORGANIZATION TOTALS|2498.62
warning,banner_check_discrepancy,114sdoc4,GPO-CDOC-114sdoc4.pdf,25,MINORITY LEADER (D),2015,BANNER ORGANIZATION TOTALS,18627.05,status=fail; banner=18627.05; parsed_body=0.0. Banner checks are advisory; review against the source before treating this as a parser defect.,114sdoc4|banner_check_discrepancy|25|MINORITY LEADER (D)|2015|BANNER ORGANIZATION TOTALS|18627.05
warning,banner_check_discrepancy,114sdoc4,GPO-CDOC-114sdoc4.pdf,27,MAJORITY WHIP (D),2014,BANNER ORGANIZATION TOTALS,4431.16,status=fail; banner=4431.16; parsed_body=0.0. Banner checks are advisory; review against the source before treating this as a parser defect.,114sdoc4|banner_check_discrepancy|27|MAJORITY WHIP (D)|2014|BANNER ORGANIZATION TOTALS|4431.16
warning,banner_check_discrepancy,114sdoc4,GPO-CDOC-114sdoc4.pdf,28,MINORITY WHIP (D),2015,BANNER ORGANIZATION TOTALS,5249.1,status=fail; banner=5249.1; parsed_body=0.0. Banner checks are advisory; review against the source before treating this as a parser defect.,114sdoc4|banner_check_discrepancy|28|MINORITY WHIP (D)|2015|BANNER ORGANIZATION TOTALS|5249.1
warning,banner_check_discrepancy,114sdoc4,GPO-CDOC-114sdoc4.pdf,31,OFFICE OF THE VICE PRESIDENT (D) - BIDEN,2015,BANNER ORGANIZATION TOTALS,407.68,status=fail; banner=407.68; parsed_body=0.0. Banner checks are advisory; review against the source before treating this as a parser defect.,114sdoc4|banner_check_discrepancy|31|OFFICE OF THE VICE PRESIDENT (D) - BIDEN|2015|BANNER ORGANIZATION TOTALS|407.68
warning,banner_check_missing,114sdoc4,GPO-CDOC-114sdoc4.pdf,32,PRESIDENT PRO TEMPORE (D),2013,BANNER NET PAYROLL,0.0,status=banner_missing; banner=0.0; parsed_body=0.0. Banner checks are advisory; review against the source before treating this as a parser defect.,114sdoc4|banner_check_missing|32|PRESIDENT PRO TEMPORE (D)|2013|BANNER NET PAYROLL|0.0
warning,banner_check_missing,114sdoc4,GPO-CDOC-114sdoc4.pdf,33,PRESIDENT PRO TEMPORE (D),2014,BANNER NET PAYROLL,0.0,status=banner_missing; banner=0.0; parsed_body=0.0. Banner checks are advisory; review against the source before treating this as a parser defect.,114sdoc4|banner_check_missing|33|PRESIDENT PRO TEMPORE (D)|2014|BANNER NET PAYROLL|0.0
warning,banner_check_discrepancy,114sdoc4,GPO-CDOC-114sdoc4.pdf,34,PRESIDENT PRO TEMPORE (D),2015,BANNER ORGANIZATION TOTALS,4290.0,status=fail; banner=4290.0; parsed_body=0.0. Banner checks are advisory; review against the source before treating this as a parser defect.,114sdoc4|banner_check_discrepancy|34|PRESIDENT PRO TEMPORE (D)|2015|BANNER ORGANIZATION TOTALS|4290.0
warning,banner_check_discrepancy,114sdoc4,GPO-CDOC-114sdoc4.pdf,38,MAJORITY LEADER (R),2015,BANNER ORGANIZATION TOTALS,16219.62,status=fail; banner=16219.62; parsed_body=0.0. Banner checks are advisory; review against the source before treating this as a parser defect.,114sdoc4|banner_check_discrepancy|38|MAJORITY LEADER (R)|2015|BANNER ORGANIZATION TOTALS|16219.62
warning,banner_check_discrepancy,114sdoc4,GPO-CDOC-114sdoc4.pdf,41,MAJORITY WHIP (R),2015,BANNER ORGANIZATION TOTALS,3136.37,status=fail; banner=3136.37; parsed_body=0.0. Banner checks are advisory; review against the source before treating this as a parser defect.,114sdoc4|banner_check_discrepancy|41|MAJORITY WHIP (R)|2015|BANNER ORGANIZATION TOTALS|3136.37
warning,banner_check_discrepancy,114sdoc4,GPO-CDOC-114sdoc4.pdf,44,CHAIRMAN MAJORITY CONFERENCE COMMITTEE (R),2015,BANNER ORGANIZATION TOTALS,1884.33,status=fail; banner=1884.33; parsed_body=0.0. Banner checks are advisory; review against the source before treating this as a parser defect.,114sdoc4|banner_check_discrepancy|44|CHAIRMAN MAJORITY CONFERENCE COMMITTEE (R)|2015|BANNER ORGANIZATION TOTALS|1884.33
warning,banner_check_discrepancy,114sdoc4,GPO-CDOC-114sdoc4.pdf,47,CHAIRMAN MAJORITY POLICY COMMITTEE (R),2015,BANNER ORGANIZATION TOTALS,2674.99,status=fail; banner=2674.99; parsed_body=0.0. Banner checks are advisory; review against the source before treating this as a parser defect.,114sdoc4|banner_check_discrepancy|47|CHAIRMAN MAJORITY POLICY COMMITTEE (R)|2015|BANNER ORGANIZATION TOTALS|2674.99
warning,banner_check_missing,114sdoc4,GPO-CDOC-114sdoc4.pdf,54,APPROPRIATIONS,2013,BANNER NET PAYROLL,0.0,status=banner_missing; banner=0.0; parsed_body=0.0. Banner checks are advisory; review against the source before treating this as a parser defect.,114sdoc4|banner_check_missing|54|APPROPRIATIONS|2013|BANNER NET PAYROLL|0.0
error,unexpected_zero_records,114sdoc4,GPO-CDOC-114sdoc4.pdf,55,APPROPRIATIONS,2014,NET PAYROLL EXPENSES,219.32,A normally itemized subtotal has no parsed records; exact review is required.,114sdoc4|unexpected_zero_records|55|APPROPRIATIONS|2014|NET PAYROLL EXPENSES|219.32
warning,banner_check_discrepancy,114sdoc4,GPO-CDOC-114sdoc4.pdf,55,APPROPRIATIONS,2014,BANNER ORGANIZATION TOTALS,219.32,status=fail; banner=219.32; parsed_body=0.0. Banner checks are advisory; review against the source before treating this as a parser defect.,114sdoc4|banner_check_discrepancy|55|APPROPRIATIONS|2014|BANNER ORGANIZATION TOTALS|219.32
warning,banner_check_discrepancy,114sdoc4,GPO-CDOC-114sdoc4.pdf,56,APPROPRIATIONS,2015,BANNER ORGANIZATION TOTALS,6342823.07,status=fail; banner=6342823.07; parsed_body=6343042.39. Banner checks are advisory; review against the source before treating this as a parser defect.,114sdoc4|banner_check_discrepancy|56|APPROPRIATIONS|2015|BANNER ORGANIZATION TOTALS|6342823.07
warning,banner_check_missing,114sdoc4,GPO-CDOC-114sdoc4.pdf,59,CHAPLAIN,2013,BANNER NET PAYROLL,0.0,status=banner_missing; banner=0.0; parsed_body=0.0. Banner checks are advisory; review against the source before treating this as a parser defect.,114sdoc4|banner_check_missing|59|CHAPLAIN|2013|BANNER NET PAYROLL|0.0
warning,banner_check_missing,114sdoc4,GPO-CDOC-114sdoc4.pdf,60,CHAPLAIN,2014,BANNER NET PAYROLL,0.0,status=banner_missing; banner=0.0; parsed_body=0.0. Banner checks are advisory; review against the source before treating this as a parser defect.,114sdoc4|banner_check_missing|60|CHAPLAIN|2014|BANNER NET PAYROLL|0.0
warning,banner_check_missing,114sdoc4,GPO-CDOC-114sdoc4.pdf,62,MAJORITY CONFERENCE COMMITTEE (D),2013,BANNER NET PAYROLL,0.0,status=banner_missing; banner=0.0; parsed_body=0.0. Banner checks are advisory; review against the source before treating this as a parser defect.,114sdoc4|banner_check_missing|62|MAJORITY CONFERENCE COMMITTEE (D)|2013|BANNER NET PAYROLL|0.0
warning,banner_check_missing,114sdoc4,GPO-CDOC-114sdoc4.pdf,63,MAJORITY CONFERENCE COMMITTEE (D),2014,BANNER NET PAYROLL,0.0,status=banner_missing; banner=0.0; parsed_body=0.0. Banner checks are advisory; review against the source before treating this as a parser defect.,114sdoc4|banner_check_missing|63|MAJORITY CONFERENCE COMMITTEE (D)|2014|BANNER NET PAYROLL|0.0
warning,banner_check_missing,114sdoc4,GPO-CDOC-114sdoc4.pdf,65,MAJORITY POLICY COMMITTEE (D),2013,BANNER NET PAYROLL,0.0,status=banner_missing; banner=0.0; parsed_body=0.0. Banner checks are advisory; review against the source before treating this as a parser defect.,114sdoc4|banner_check_missing|65|MAJORITY POLICY COMMITTEE (D)|2013|BANNER NET PAYROLL|0.0
error,unexpected_zero_records,114sdoc4,GPO-CDOC-114sdoc4.pdf,66,MAJORITY POLICY COMMITTEE (D),2014,NET PAYROLL EXPENSES,144.23,A normally itemized subtotal has no parsed records; exact review is required.,114sdoc4|unexpected_zero_records|66|MAJORITY POLICY COMMITTEE (D)|2014|NET PAYROLL EXPENSES|144.23
warning,banner_check_discrepancy,114sdoc4,GPO-CDOC-114sdoc4.pdf,66,MAJORITY POLICY COMMITTEE (D),2014,BANNER ORGANIZATION TOTALS,144.23,status=fail; banner=144.23; parsed_body=0.0. Banner checks are advisory; review against the source before treating this as a parser defect.,114sdoc4|banner_check_discrepancy|66|MAJORITY POLICY COMMITTEE (D)|2014|BANNER ORGANIZATION TOTALS|144.23
warning,banner_check_discrepancy,114sdoc4,GPO-CDOC-114sdoc4.pdf,67,MINORITY POLICY COMMITTEE (D),2015,BANNER ORGANIZATION TOTALS,766616.11,status=fail; banner=766616.11; parsed_body=766760.34. Banner checks are advisory; review against the source before treating this as a parser defect.,114sdoc4|banner_check_discrepancy|67|MINORITY POLICY COMMITTEE (D)|2015|BANNER ORGANIZATION TOTALS|766616.11
warning,banner_check_missing,114sdoc4,GPO-CDOC-114sdoc4.pdf,68,MAJORITY LEADER (D),2013,BANNER NET PAYROLL,0.0,status=banner_missing; banner=0.0; parsed_body=0.0. Banner checks are advisory; review against the source before treating this as a parser defect.,114sdoc4|banner_check_missing|68|MAJORITY LEADER (D)|2013|BANNER NET PAYROLL|0.0
warning,banner_check_missing,114sdoc4,GPO-CDOC-114sdoc4.pdf,69,MAJORITY LEADER (D),2014,BANNER NET PAYROLL,0.0,status=banner_missing; banner=0.0; parsed_body=0.0. Banner checks are advisory; review against the source before treating this as a parser defect.,114sdoc4|banner_check_missing|69|MAJORITY LEADER (D)|2014|BANNER NET PAYROLL|0.0
warning,banner_check_missing,114sdoc4,GPO-CDOC-114sdoc4.pdf,71,"SECRETARY, MAJORITY CONFERENCE COMM (D)",2013,BANNER NET PAYROLL,0.0,status=banner_missing; banner=0.0; parsed_body=0.0. Banner checks are advisory; review against the source before treating this as a parser defect.,"114sdoc4|banner_check_missing|71|SECRETARY, MAJORITY CONFERENCE COMM (D)|2013|BANNER NET PAYROLL|0.0"
warning,banner_check_missing,114sdoc4,GPO-CDOC-114sdoc4.pdf,72,"SECRETARY, MAJORITY CONFERENCE COMM (D)",2014,BANNER NET PAYROLL,0.0,status=banner_missing; banner=0.0; parsed_body=0.0. Banner checks are advisory; review against the source before treating this as a parser defect.,"114sdoc4|banner_check_missing|72|SECRETARY, MAJORITY CONFERENCE COMM (D)|2014|BANNER NET PAYROLL|0.0"
warning,banner_check_missing,114sdoc4,GPO-CDOC-114sdoc4.pdf,74,MAJORITY WHIP (D),2013,BANNER NET PAYROLL,0.0,status=banner_missing; banner=0.0; parsed_body=0.0. Banner checks are advisory; review against the source before treating this as a parser defect.,114sdoc4|banner_check_missing|74|MAJORITY WHIP (D)|2013|BANNER NET PAYROLL|0.0
warning,banner_check_missing,114sdoc4,GPO-CDOC-114sdoc4.pdf,75,MAJORITY WHIP (D),2014,BANNER NET PAYROLL,0.0,status=banner_missing; banner=0.0; parsed_body=0.0. Banner checks are advisory; review against the source before treating this as a parser defect.,114sdoc4|banner_check_missing|75|MAJORITY WHIP (D)|2014|BANNER NET PAYROLL|0.0
warning,banner_check_missing,114sdoc4,GPO-CDOC-114sdoc4.pdf,77,OFFICE OF THE VICE PRESIDENT (D) - BIDEN,2013,BANNER NET PAYROLL,0.0,status=banner_missing; banner=0.0; parsed_body=0.0. Banner checks are advisory; review against the source before treating this as a parser defect.,114sdoc4|banner_check_missing|77|OFFICE OF THE VICE PRESIDENT (D) - BIDEN|2013|BANNER NET PAYROLL|0.0
warning,banner_check_missing,114sdoc4,GPO-CDOC-114sdoc4.pdf,78,OFFICE OF THE VICE PRESIDENT (D) - BIDEN,2014,BANNER NET PAYROLL,0.0,status=banner_missing; banner=0.0; parsed_body=0.0. Banner checks are advisory; review against the source before treating this as a parser defect.,114sdoc4|banner_check_missing|78|OFFICE OF THE VICE PRESIDENT (D) - BIDEN|2014|BANNER NET PAYROLL|0.0
warning,banner_check_missing,114sdoc4,GPO-CDOC-114sdoc4.pdf,81,PRESIDENT PRO TEMPORE (D),2013,BANNER NET PAYROLL,0.0,status=banner_missing; banner=0.0; parsed_body=0.0. Banner checks are advisory; review against the source before treating this as a parser defect.,114sdoc4|banner_check_missing|81|PRESIDENT PRO TEMPORE (D)|2013|BANNER NET PAYROLL|0.0
warning,banner_check_missing,114sdoc4,GPO-CDOC-114sdoc4.pdf,82,PRESIDENT PRO TEMPORE (D),2014,BANNER NET PAYROLL,0.0,status=banner_missing; banner=0.0; parsed_body=0.0. Banner checks are advisory; review against the source before treating this as a parser defect.,114sdoc4|banner_check_missing|82|PRESIDENT PRO TEMPORE (D)|2014|BANNER NET PAYROLL|0.0
warning,banner_check_missing,114sdoc4,GPO-CDOC-114sdoc4.pdf,85,MINORITY LEADER (R),2013,BANNER NET PAYROLL,0.0,status=banner_missing; banner=0.0; parsed_body=0.0. Banner checks are advisory; review against the source before treating this as a parser defect.,114sdoc4|banner_check_missing|85|MINORITY LEADER (R)|2013|BANNER NET PAYROLL|0.0
warning,banner_check_missing,114sdoc4,GPO-CDOC-114sdoc4.pdf,86,MINORITY LEADER (R),2014,BANNER NET PAYROLL,0.0,status=banner_missing; banner=0.0; parsed_body=0.0. Banner checks are advisory; review against the source before treating this as a parser defect.,114sdoc4|banner_check_missing|86|MINORITY LEADER (R)|2014|BANNER NET PAYROLL|0.0
warning,banner_check_missing,114sdoc4,GPO-CDOC-114sdoc4.pdf,88,"SECRETARY, MINORITY CONFERENCE COMM (R)",2013,BANNER NET PAYROLL,0.0,status=banner_missing; banner=0.0; parsed_body=0.0. Banner checks are advisory; review against the source before treating this as a parser defect.,"114sdoc4|banner_check_missing|88|SECRETARY, MINORITY CONFERENCE COMM (R)|2013|BANNER NET PAYROLL|0.0"
warning,banner_check_missing,114sdoc4,GPO-CDOC-114sdoc4.pdf,89,"SECRETARY, MINORITY CONFERENCE COMM (R)",2014,BANNER NET PAYROLL,0.0,status=banner_missing; banner=0.0; parsed_body=0.0. Banner checks are advisory; review against the source before treating this as a parser defect.,"114sdoc4|banner_check_missing|89|SECRETARY, MINORITY CONFERENCE COMM (R)|2014|BANNER NET PAYROLL|0.0"
warning,banner_check_missing,114sdoc4,GPO-CDOC-114sdoc4.pdf,91,MINORITY WHIP (R),2013,BANNER NET PAYROLL,0.0,status=banner_missing; banner=0.0; parsed_body=0.0. Banner checks are advisory; review against the source before treating this as a parser defect.,114sdoc4|banner_check_missing|91|MINORITY WHIP (R)|2013|BANNER NET PAYROLL|0.0
warning,banner_check_missing,114sdoc4,GPO-CDOC-114sdoc4.pdf,92,MINORITY WHIP (R),2014,BANNER NET PAYROLL,0.0,status=banner_missing; banner=0.0; parsed_body=0.0. Banner checks are advisory; review against the source before treating this as a parser defect.,114sdoc4|banner_check_missing|92|MINORITY WHIP (R)|2014|BANNER NET PAYROLL|0.0
warning,banner_check_missing,114sdoc4,GPO-CDOC-114sdoc4.pdf,94,MINORITY CONFERENCE COMMITTEE (R),2013,BANNER NET PAYROLL,0.0,status=banner_missing; banner=0.0; parsed_body=0.0. Banner checks are advisory; review against the source before treating this as a parser defect.,114sdoc4|banner_check_missing|94|MINORITY CONFERENCE COMMITTEE (R)|2013|BANNER NET PAYROLL|0.0
warning,banner_check_missing,114sdoc4,GPO-CDOC-114sdoc4.pdf,95,MINORITY CONFERENCE COMMITTEE (R),2014,BANNER NET PAYROLL,0.0,status=banner_missing; banner=0.0; parsed_body=0.0. Banner checks are advisory; review against the source before treating this as a parser defect.,114sdoc4|banner_check_missing|95|MINORITY CONFERENCE COMMITTEE (R)|2014|BANNER NET PAYROLL|0.0
warning,banner_check_missing,114sdoc4,GPO-CDOC-114sdoc4.pdf,97,MINORITY POLICY COMMITTEE (R),2013,BANNER NET PAYROLL,0.0,status=banner_missing; banner=0.0; parsed_body=0.0. Banner checks are advisory; review against the source before treating this as a parser defect.,114sdoc4|banner_check_missing|97|MINORITY POLICY COMMITTEE (R)|2013|BANNER NET PAYROLL|0.0
warning,banner_check_missing,114sdoc4,GPO-CDOC-114sdoc4.pdf,98,MINORITY POLICY COMMITTEE (R),2014,BANNER NET PAYROLL,0.0,status=banner_missing; banner=0.0; parsed_body=0.0. Banner checks are advisory; review against the source before treating this as a parser defect.,114sdoc4|banner_check_missing|98|MINORITY POLICY COMMITTEE (R)|2014|BANNER NET PAYROLL|0.0
warning,banner_check_missing,114sdoc4,GPO-CDOC-114sdoc4.pdf,100,SECRETARY FOR THE MAJORITY (D),2013,BANNER NET PAYROLL,0.0,status=banner_missing; banner=0.0; parsed_body=0.0. Banner checks are advisory; review against the source before treating this as a parser defect.,114sdoc4|banner_check_missing|100|SECRETARY FOR THE MAJORITY (D)|2013|BANNER NET PAYROLL|0.0
warning,banner_check_missing,114sdoc4,GPO-CDOC-114sdoc4.pdf,101,SECRETARY FOR THE MAJORITY (D),2014,BANNER NET PAYROLL,0.0,status=banner_missing; banner=0.0; parsed_body=0.0. Banner checks are advisory; review against the source before treating this as a parser defect.,114sdoc4|banner_check_missing|101|SECRETARY FOR THE MAJORITY (D)|2014|BANNER NET PAYROLL|0.0
warning,banner_check_missing,114sdoc4,GPO-CDOC-114sdoc4.pdf,103,SECRETARY FOR THE MINORITY (R),2013,BANNER NET PAYROLL,0.0,status=banner_missing; banner=0.0; parsed_body=0.0. Banner checks are advisory; review against the source before treating this as a parser defect.,114sdoc4|banner_check_missing|103|SECRETARY FOR THE MINORITY (R)|2013|BANNER NET PAYROLL|0.0
warning,banner_check_missing,114sdoc4,GPO-CDOC-114sdoc4.pdf,104,SECRETARY FOR THE MINORITY (R),2014,BANNER NET PAYROLL,0.0,status=banner_missing; banner=0.0; parsed_body=0.0. Banner checks are advisory; review against the source before treating this as a parser defect.,114sdoc4|banner_check_missing|104|SECRETARY FOR THE MINORITY (R)|2014|BANNER NET PAYROLL|0.0
warning,banner_check_missing,114sdoc4,GPO-CDOC-114sdoc4.pdf,106,SGT @ ARMS - CENTRAL OPERATIONS,2013,BANNER NET PAYROLL,0.0,status=banner_missing; banner=0.0; parsed_body=0.0. Banner checks are advisory; review against the source before treating this as a parser defect.,114sdoc4|banner_check_missing|106|SGT @ ARMS - CENTRAL OPERATIONS|2013|BANNER NET PAYROLL|0.0
warning,banner_check_missing,114sdoc4,GPO-CDOC-114sdoc4.pdf,107,SGT @ ARMS - CAPITOL DIVISION,2013,BANNER NET PAYROLL,0.0,status=banner_missing; banner=0.0; parsed_body=0.0. Banner checks are advisory; review against the source before treating this as a parser defect.,114sdoc4|banner_check_missing|107|SGT @ ARMS - CAPITOL DIVISION|2013|BANNER NET PAYROLL|0.0
warning,banner_check_missing,114sdoc4,GPO-CDOC-114sdoc4.pdf,108,SGT @ ARMS - IT SUPPORT SERVICES,2013,BANNER NET PAYROLL,0.0,status=banner_missing; banner=0.0; parsed_body=0.0. Banner checks are advisory; review against the source before treating this as a parser defect.,114sdoc4|banner_check_missing|108|SGT @ ARMS - IT SUPPORT SERVICES|2013|BANNER NET PAYROLL|0.0
warning,banner_check_missing,114sdoc4,GPO-CDOC-114sdoc4.pdf,109,SGT @ ARMS - STAFF OFFICES,2013,BANNER NET PAYROLL,0.0,status=banner_missing; banner=0.0; parsed_body=0.0. Banner checks are advisory; review against the source before treating this as a parser defect.,114sdoc4|banner_check_missing|109|SGT @ ARMS - STAFF OFFICES|2013|BANNER NET PAYROLL|0.0
warning,banner_check_missing,114sdoc4,GPO-CDOC-114sdoc4.pdf,110,SGT @ ARMS - TECHNOLOGY DEVELOPMENT SERVICES,2013,BANNER NET PAYROLL,0.0,status=banner_missing; banner=0.0; parsed_body=0.0. Banner checks are advisory; review against the source before treating this as a parser defect.,114sdoc4|banner_check_missing|110|SGT @ ARMS - TECHNOLOGY DEVELOPMENT SERVICES|2013|BANNER NET PAYROLL|0.0
error,unexpected_zero_records,114sdoc4,GPO-CDOC-114sdoc4.pdf,111,SGT @ ARMS - CENTRAL OPERATIONS,2014,NET PAYROLL EXPENSES,572.12,A normally itemized subtotal has no parsed records; exact review is required.,114sdoc4|unexpected_zero_records|111|SGT @ ARMS - CENTRAL OPERATIONS|2014|NET PAYROLL EXPENSES|572.12
warning,banner_check_discrepancy,114sdoc4,GPO-CDOC-114sdoc4.pdf,111,SGT @ ARMS - CENTRAL OPERATIONS,2014,BANNER ORGANIZATION TOTALS,572.12,status=fail; banner=572.12; parsed_body=0.0. Banner checks are advisory; review against the source before treating this as a parser defect.,114sdoc4|banner_check_discrepancy|111|SGT @ ARMS - CENTRAL OPERATIONS|2014|BANNER ORGANIZATION TOTALS|572.12
error,unexpected_zero_records,114sdoc4,GPO-CDOC-114sdoc4.pdf,112,SGT @ ARMS - CAPITOL DIVISION,2014,NET PAYROLL EXPENSES,398.29,A normally itemized subtotal has no parsed records; exact review is required.,114sdoc4|unexpected_zero_records|112|SGT @ ARMS - CAPITOL DIVISION|2014|NET PAYROLL EXPENSES|398.29
warning,banner_check_discrepancy,114sdoc4,GPO-CDOC-114sdoc4.pdf,112,SGT @ ARMS - CAPITOL DIVISION,2014,BANNER ORGANIZATION TOTALS,398.29,status=fail; banner=398.29; parsed_body=0.0. Banner checks are advisory; review against the source before treating this as a parser defect.,114sdoc4|banner_check_discrepancy|112|SGT @ ARMS - CAPITOL DIVISION|2014|BANNER ORGANIZATION TOTALS|398.29
error,unexpected_zero_records,114sdoc4,GPO-CDOC-114sdoc4.pdf,113,SGT @ ARMS - IT SUPPORT SERVICES,2014,NET PAYROLL EXPENSES,784.68,A normally itemized subtotal has no parsed records; exact review is required.,114sdoc4|unexpected_zero_records|113|SGT @ ARMS - IT SUPPORT SERVICES|2014|NET PAYROLL EXPENSES|784.68
warning,banner_check_discrepancy,114sdoc4,GPO-CDOC-114sdoc4.pdf,113,SGT @ ARMS - IT SUPPORT SERVICES,2014,BANNER ORGANIZATION TOTALS,784.68,status=fail; banner=784.68; parsed_body=0.0. Banner checks are advisory; review against the source before treating this as a parser defect.,114sdoc4|banner_check_discrepancy|113|SGT @ ARMS - IT SUPPORT SERVICES|2014|BANNER ORGANIZATION TOTALS|784.68
warning,banner_check_missing,114sdoc4,GPO-CDOC-114sdoc4.pdf,114,SGT @ ARMS - STAFF OFFICES,2014,BANNER NET PAYROLL,0.0,status=banner_missing; banner=0.0; parsed_body=0.0. Banner checks are advisory; review against the source before treating this as a parser defect.,114sdoc4|banner_check_missing|114|SGT @ ARMS - STAFF OFFICES|2014|BANNER NET PAYROLL|0.0
error,unexpected_zero_records,114sdoc4,GPO-CDOC-114sdoc4.pdf,115,SGT @ ARMS - TECHNOLOGY DEVELOPMENT SERVICES,2014,NET PAYROLL EXPENSES,3525.95,A normally itemized subtotal has no parsed records; exact review is required.,114sdoc4|unexpected_zero_records|115|SGT @ ARMS - TECHNOLOGY DEVELOPMENT SERVICES|2014|NET PAYROLL EXPENSES|3525.95
warning,banner_check_discrepancy,114sdoc4,GPO-CDOC-114sdoc4.pdf,115,SGT @ ARMS - TECHNOLOGY DEVELOPMENT SERVICES,2014,BANNER ORGANIZATION TOTALS,3525.95,status=fail; banner=3525.95; parsed_body=0.0. Banner checks are advisory; review against the source before treating this as a parser defect.,114sdoc4|banner_check_discrepancy|115|SGT @ ARMS - TECHNOLOGY DEVELOPMENT SERVICES|2014|BANNER ORGANIZATION TOTALS|3525.95
warning,banner_check_discrepancy,114sdoc4,GPO-CDOC-114sdoc4.pdf,116,SGT @ ARMS - CENTRAL OPERATIONS,2015,BANNER ORGANIZATION TOTALS,9846179.28,status=fail; banner=9846179.28; parsed_body=9851684.9. Banner checks are advisory; review against the source before treating this as a parser defect.,114sdoc4|banner_check_discrepancy|116|SGT @ ARMS - CENTRAL OPERATIONS|2015|BANNER ORGANIZATION TOTALS|9846179.28
warning,banner_check_discrepancy,114sdoc4,GPO-CDOC-114sdoc4.pdf,122,SGT @ ARMS - CAPITOL DIVISION,2015,BANNER ORGANIZATION TOTALS,7462274.98,status=fail; banner=7462274.98; parsed_body=7457739.77. Banner checks are advisory; review against the source before treating this as a parser defect.,114sdoc4|banner_check_discrepancy|122|SGT @ ARMS - CAPITOL DIVISION|2015|BANNER ORGANIZATION TOTALS|7462274.98
warning,banner_check_discrepancy,114sdoc4,GPO-CDOC-114sdoc4.pdf,127,SGT @ ARMS - IT SUPPORT SERVICES,2015,BANNER ORGANIZATION TOTALS,2972833.82,status=fail; banner=2972833.82; parsed_body=3621118.5. Banner checks are advisory; review against the source before treating this as a parser defect.,114sdoc4|banner_check_discrepancy|127|SGT @ ARMS - IT SUPPORT SERVICES|2015|BANNER ORGANIZATION TOTALS|2972833.82
warning,banner_check_discrepancy,114sdoc4,GPO-CDOC-114sdoc4.pdf,132,SGT @ ARMS - TECHNOLOGY DEVELOPMENT SERVICES,2015,BANNER ORGANIZATION TOTALS,7530214.33,status=fail; banner=7530214.33; parsed_body=7533740.28. Banner checks are advisory; review against the source before treating this as a parser defect.,114sdoc4|banner_check_discrepancy|132|SGT @ ARMS - TECHNOLOGY DEVELOPMENT SERVICES|2015|BANNER ORGANIZATION TOTALS|7530214.33
warning,banner_check_missing,114sdoc4,GPO-CDOC-114sdoc4.pdf,135,SECRETARY OF THE SENATE - ADMINISTRATIVE SERV.,2013,BANNER NET PAYROLL,0.0,status=banner_missing; banner=0.0; parsed_body=0.0. Banner checks are advisory; review against the source before treating this as a parser defect.,114sdoc4|banner_check_missing|135|SECRETARY OF THE SENATE - ADMINISTRATIVE SERV.|2013|BANNER NET PAYROLL|0.0
warning,banner_check_missing,114sdoc4,GPO-CDOC-114sdoc4.pdf,136,SECRETARY OF THE SENATE - EXECUTIVE OFFICE,2013,BANNER NET PAYROLL,0.0,status=banner_missing; banner=0.0; parsed_body=0.0. Banner checks are advisory; review against the source before treating this as a parser defect.,114sdoc4|banner_check_missing|136|SECRETARY OF THE SENATE - EXECUTIVE OFFICE|2013|BANNER NET PAYROLL|0.0
warning,banner_check_missing,114sdoc4,GPO-CDOC-114sdoc4.pdf,137,SECRETARY OF THE SENATE - LEGISLATIVE SERVICES,2013,BANNER NET PAYROLL,0.0,status=banner_missing; banner=0.0; parsed_body=0.0. Banner checks are advisory; review against the source before treating this as a parser defect.,114sdoc4|banner_check_missing|137|SECRETARY OF THE SENATE - LEGISLATIVE SERVICES|2013|BANNER NET PAYROLL|0.0
warning,banner_check_missing,114sdoc4,GPO-CDOC-114sdoc4.pdf,138,SECRETARY OF THE SENATE - ADMINISTRATIVE SERV.,2014,BANNER NET PAYROLL,0.0,status=banner_missing; banner=0.0; parsed_body=0.0. Banner checks are advisory; review against the source before treating this as a parser defect.,114sdoc4|banner_check_missing|138|SECRETARY OF THE SENATE - ADMINISTRATIVE SERV.|2014|BANNER NET PAYROLL|0.0
warning,banner_check_missing,114sdoc4,GPO-CDOC-114sdoc4.pdf,139,SECRETARY OF THE SENATE - EXECUTIVE OFFICE,2014,BANNER NET PAYROLL,0.0,status=banner_missing; banner=0.0; parsed_body=0.0. Banner checks are advisory; review against the source before treating this as a parser defect.,114sdoc4|banner_check_missing|139|SECRETARY OF THE SENATE - EXECUTIVE OFFICE|2014|BANNER NET PAYROLL|0.0
warning,banner_check_missing,114sdoc4,GPO-CDOC-114sdoc4.pdf,140,SECRETARY OF THE SENATE - LEGISLATIVE SERVICES,2014,BANNER NET PAYROLL,0.0,status=banner_missing; banner=0.0; parsed_body=0.0. Banner checks are advisory; review against the source before treating this as a parser defect.,114sdoc4|banner_check_missing|140|SECRETARY OF THE SENATE - LEGISLATIVE SERVICES|2014|BANNER NET PAYROLL|0.0
warning,banner_check_missing,114sdoc4,GPO-CDOC-114sdoc4.pdf,150,APPROPRIATIONS,,BANNER NET PAYROLL,1074.55,status=banner_missing; banner=1074.55; parsed_body=0.0. Banner checks are advisory; review against the source before treating this as a parser defect.,114sdoc4|banner_check_missing|150|APPROPRIATIONS||BANNER NET PAYROLL|1074.55
warning,banner_check_discrepancy,114sdoc4,GPO-CDOC-114sdoc4.pdf,150,APPROPRIATIONS,,BANNER ORGANIZATION TOTALS,6938.74,status=fail; banner=6938.74; parsed_body=3634.68. Banner checks are advisory; review against the source before treating this as a parser defect.,114sdoc4|banner_check_discrepancy|150|APPROPRIATIONS||BANNER ORGANIZATION TOTALS|6938.74
warning,banner_check_missing,114sdoc4,GPO-CDOC-114sdoc4.pdf,151,APPROPRIATIONS,,BANNER NET PAYROLL,11399.15,status=banner_missing; banner=11399.15; parsed_body=0.0. Banner checks are advisory; review against the source before treating this as a parser defect.,114sdoc4|banner_check_missing|151|APPROPRIATIONS||BANNER NET PAYROLL|11399.15
warning,banner_check_discrepancy,114sdoc4,GPO-CDOC-114sdoc4.pdf,151,APPROPRIATIONS,,BANNER ORGANIZATION TOTALS,49644.06,status=fail; banner=49644.06; parsed_body=5436.21. Banner checks are advisory; review against the source before treating this as a parser defect.,114sdoc4|banner_check_discrepancy|151|APPROPRIATIONS||BANNER ORGANIZATION TOTALS|49644.06
warning,banner_check_discrepancy,114sdoc4,GPO-CDOC-114sdoc4.pdf,152,APPROPRIATIONS,,BANNER ORGANIZATION TOTALS,22230.26,status=fail; banner=22230.26; parsed_body=133.7. Banner checks are advisory; review against the source before treating this as a parser defect.,114sdoc4|banner_check_discrepancy|152|APPROPRIATIONS||BANNER ORGANIZATION TOTALS|22230.26
warning,banner_check_discrepancy,114sdoc4,GPO-CDOC-114sdoc4.pdf,153,APPROPRIATIONS,,BANNER ORGANIZATION TOTALS,44665.67,status=fail; banner=44665.67; parsed_body=348.65. Banner checks are advisory; review against the source before treating this as a parser defect.,114sdoc4|banner_check_discrepancy|153|APPROPRIATIONS||BANNER ORGANIZATION TOTALS|44665.67
warning,banner_check_missing,114sdoc4,GPO-CDOC-114sdoc4.pdf,154,CHAPLAIN,,BANNER NET PAYROLL,0.0,status=banner_missing; banner=0.0; parsed_body=0.0. Banner checks are advisory; review against the source before treating this as a parser defect.,114sdoc4|banner_check_missing|154|CHAPLAIN||BANNER NET PAYROLL|0.0
warning,banner_check_missing,114sdoc4,GPO-CDOC-114sdoc4.pdf,155,CHAPLAIN,,BANNER NET PAYROLL,0.0,status=banner_missing; banner=0.0; parsed_body=0.0. Banner checks are advisory; review against the source before treating this as a parser defect.,114sdoc4|banner_check_missing|155|CHAPLAIN||BANNER NET PAYROLL|0.0
warning,banner_check_discrepancy,114sdoc4,GPO-CDOC-114sdoc4.pdf,155,CHAPLAIN,,BANNER ORGANIZATION TOTALS,2148.28,status=fail; banner=2148.28; parsed_body=33.3. Banner checks are advisory; review against the source before treating this as a parser defect.,114sdoc4|banner_check_discrepancy|155|CHAPLAIN||BANNER ORGANIZATION TOTALS|2148.28
warning,banner_check_discrepancy,114sdoc4,GPO-CDOC-114sdoc4.pdf,156,CHAPLAIN,,BANNER ORGANIZATION TOTALS,14240.56,status=fail; banner=14240.56; parsed_body=626.76. Banner checks are advisory; review against the source before treating this as a parser defect.,114sdoc4|banner_check_discrepancy|156|CHAPLAIN||BANNER ORGANIZATION TOTALS|14240.56
warning,banner_check_discrepancy,114sdoc4,GPO-CDOC-114sdoc4.pdf,157,CHAPLAIN,,BANNER ORGANIZATION TOTALS,2646.73,status=fail; banner=2646.73; parsed_body=358.9. Banner checks are advisory; review against the source before treating this as a parser defect.,114sdoc4|banner_check_discrepancy|157|CHAPLAIN||BANNER ORGANIZATION TOTALS|2646.73
warning,banner_check_discrepancy,114sdoc4,GPO-CDOC-114sdoc4.pdf,159,MAJORITY CONFERENCE COMMITTEE (D),2014,BANNER ORGANIZATION TOTALS,264986.21,status=fail; banner=264986.21; parsed_body=253436.21. Banner checks are advisory; review against the source before treating this as a parser defect.,114sdoc4|banner_check_discrepancy|159|MAJORITY CONFERENCE COMMITTEE (D)|2014|BANNER ORGANIZATION TOTALS|264986.21
warning,banner_check_missing,114sdoc4,GPO-CDOC-114sdoc4.pdf,160,MAJORITY CONFERENCE COMMITTEE (D),,BANNER NET PAYROLL,0.0,status=banner_missing; banner=0.0; parsed_body=0.0. Banner checks are advisory; review against the source before treating this as a parser defect.,114sdoc4|banner_check_missing|160|MAJORITY CONFERENCE COMMITTEE (D)||BANNER NET PAYROLL|0.0
warning,banner_check_missing,114sdoc4,GPO-CDOC-114sdoc4.pdf,161,MAJORITY CONFERENCE COMMITTEE (D),,BANNER NET PAYROLL,0.0,status=banner_missing; banner=0.0; parsed_body=0.0. Banner checks are advisory; review against the source before treating this as a parser defect.,114sdoc4|banner_check_missing|161|MAJORITY CONFERENCE COMMITTEE (D)||BANNER NET PAYROLL|0.0
warning,banner_check_discrepancy,114sdoc4,GPO-CDOC-114sdoc4.pdf,162,MAJORITY CONFERENCE COMMITTEE (D),,BANNER ORGANIZATION TOTALS,31868.38,status=fail; banner=31868.38; parsed_body=28381.15. Banner checks are advisory; review against the source before treating this as a parser defect.,114sdoc4|banner_check_discrepancy|162|MAJORITY CONFERENCE COMMITTEE (D)||BANNER ORGANIZATION TOTALS|31868.38
warning,banner_check_discrepancy,114sdoc4,GPO-CDOC-114sdoc4.pdf,163,MINORITY CONFERENCE COMMITTEE (D),,BANNER ORGANIZATION TOTALS,22570.57,status=fail; banner=22570.57; parsed_body=11050.34. Banner checks are advisory; review against the source before treating this as a parser defect.,114sdoc4|banner_check_discrepancy|163|MINORITY CONFERENCE COMMITTEE (D)||BANNER ORGANIZATION TOTALS|22570.57
warning,banner_check_discrepancy,114sdoc4,GPO-CDOC-114sdoc4.pdf,166,MAJORITY POLICY COMMITTEE (D),2014,BANNER ORGANIZATION TOTALS,128004.17,status=fail; banner=128004.17; parsed_body=113984.34. Banner checks are advisory; review against the source before treating this as a parser defect.,114sdoc4|banner_check_discrepancy|166|MAJORITY POLICY COMMITTEE (D)|2014|BANNER ORGANIZATION TOTALS|128004.17
warning,banner_check_missing,114sdoc4,GPO-CDOC-114sdoc4.pdf,167,MAJORITY POLICY COMMITTEE (D),,BANNER NET PAYROLL,0.0,status=banner_missing; banner=0.0; parsed_body=0.0. Banner checks are advisory; review against the source before treating this as a parser defect.,114sdoc4|banner_check_missing|167|MAJORITY POLICY COMMITTEE (D)||BANNER NET PAYROLL|0.0
warning,banner_check_missing,114sdoc4,GPO-CDOC-114sdoc4.pdf,168,MAJORITY POLICY COMMITTEE (D),,BANNER NET PAYROLL,0.0,status=banner_missing; banner=0.0; parsed_body=0.0. Banner checks are advisory; review against the source before treating this as a parser defect.,114sdoc4|banner_check_missing|168|MAJORITY POLICY COMMITTEE (D)||BANNER NET PAYROLL|0.0
warning,banner_check_discrepancy,114sdoc4,GPO-CDOC-114sdoc4.pdf,169,MAJORITY POLICY COMMITTEE (D),,BANNER ORGANIZATION TOTALS,5327.91,status=fail; banner=5327.91; parsed_body=1277.95. Banner checks are advisory; review against the source before treating this as a parser defect.,114sdoc4|banner_check_discrepancy|169|MAJORITY POLICY COMMITTEE (D)||BANNER ORGANIZATION TOTALS|5327.91
warning,banner_check_discrepancy,114sdoc4,GPO-CDOC-114sdoc4.pdf,170,MINORITY POLICY COMMITTEE (D),,BANNER ORGANIZATION TOTALS,28331.62,status=fail; banner=28331.62; parsed_body=5415.26. Banner checks are advisory; review against the source before treating this as a parser defect.,114sdoc4|banner_check_discrepancy|170|MINORITY POLICY COMMITTEE (D)||BANNER ORGANIZATION TOTALS|28331.62
warning,banner_check_discrepancy,114sdoc4,GPO-CDOC-114sdoc4.pdf,172,MAJORITY LEADER (D),2014,BANNER ORGANIZATION TOTALS,42205.96,status=fail; banner=42205.96; parsed_body=28675.36. Banner checks are advisory; review against the source before treating this as a parser defect.,114sdoc4|banner_check_discrepancy|172|MAJORITY LEADER (D)|2014|BANNER ORGANIZATION TOTALS|42205.96
warning,banner_check_missing,114sdoc4,GPO-CDOC-114sdoc4.pdf,174,MINORITY LEADER (R),2013,BANNER NET PAYROLL,0.0,status=banner_missing; banner=0.0; parsed_body=0.0. Banner checks are advisory; review against the source before treating this as a parser defect.,114sdoc4|banner_check_missing|174|MINORITY LEADER (R)|2013|BANNER NET PAYROLL|0.0
warning,banner_check_discrepancy,114sdoc4,GPO-CDOC-114sdoc4.pdf,175,MINORITY LEADER (R),2014,BANNER ORGANIZATION TOTALS,11886.58,status=fail; banner=11886.58; parsed_body=606.95. Banner checks are advisory; review against the source before treating this as a parser defect.,114sdoc4|banner_check_discrepancy|175|MINORITY LEADER (R)|2014|BANNER ORGANIZATION TOTALS|11886.58
warning,banner_check_discrepancy,114sdoc4,GPO-CDOC-114sdoc4.pdf,176,MAJORITY LEADER (R),2015,BANNER ORGANIZATION TOTALS,45433.03,status=fail; banner=45433.03; parsed_body=2925.12. Banner checks are advisory; review against the source before treating this as a parser defect.,114sdoc4|banner_check_discrepancy|176|MAJORITY LEADER (R)|2015|BANNER ORGANIZATION TOTALS|45433.03
warning,banner_check_discrepancy,114sdoc4,GPO-CDOC-114sdoc4.pdf,178,MINORITY WHIP (R),2013,BANNER ORGANIZATION TOTALS,320.0,status=fail; banner=320.0; parsed_body=0.0. Banner checks are advisory; review against the source before treating this as a parser defect.,114sdoc4|banner_check_discrepancy|178|MINORITY WHIP (R)|2013|BANNER ORGANIZATION TOTALS|320.0
warning,banner_check_discrepancy,114sdoc4,GPO-CDOC-114sdoc4.pdf,179,MINORITY WHIP (R),2014,BANNER ORGANIZATION TOTALS,7044.42,status=fail; banner=7044.42; parsed_body=6042.25. Banner checks are advisory; review against the source before treating this as a parser defect.,114sdoc4|banner_check_discrepancy|179|MINORITY WHIP (R)|2014|BANNER ORGANIZATION TOTALS|7044.42
warning,banner_check_discrepancy,114sdoc4,GPO-CDOC-114sdoc4.pdf,180,MAJORITY WHIP (R),2015,BANNER ORGANIZATION TOTALS,15330.23,status=fail; banner=15330.23; parsed_body=646.53. Banner checks are advisory; review against the source before treating this as a parser defect.,114sdoc4|banner_check_discrepancy|180|MAJORITY WHIP (R)|2015|BANNER ORGANIZATION TOTALS|15330.23
warning,banner_check_missing,114sdoc4,GPO-CDOC-114sdoc4.pdf,181,MINORITY CONFERENCE COMMITTEE (R),,BANNER NET PAYROLL,0.0,status=banner_missing; banner=0.0; parsed_body=0.0. Banner checks are advisory; review against the source before treating this as a parser defect.,114sdoc4|banner_check_missing|181|MINORITY CONFERENCE COMMITTEE (R)||BANNER NET PAYROLL|0.0
warning,banner_check_missing,114sdoc4,GPO-CDOC-114sdoc4.pdf,182,MINORITY CONFERENCE COMMITTEE (R),,BANNER NET PAYROLL,0.0,status=banner_missing; banner=0.0; parsed_body=0.0. Banner checks are advisory; review against the source before treating this as a parser defect.,114sdoc4|banner_check_missing|182|MINORITY CONFERENCE COMMITTEE (R)||BANNER NET PAYROLL|0.0
warning,banner_check_discrepancy,114sdoc4,GPO-CDOC-114sdoc4.pdf,182,MINORITY CONFERENCE COMMITTEE (R),,BANNER ORGANIZATION TOTALS,12.33,status=fail; banner=12.33; parsed_body=0.0. Banner checks are advisory; review against the source before treating this as a parser defect.,114sdoc4|banner_check_discrepancy|182|MINORITY CONFERENCE COMMITTEE (R)||BANNER ORGANIZATION TOTALS|12.33
warning,banner_check_discrepancy,114sdoc4,GPO-CDOC-114sdoc4.pdf,183,MINORITY CONFERENCE COMMITTEE (R),,BANNER ORGANIZATION TOTALS,72547.64,status=fail; banner=72547.64; parsed_body=11589.09. Banner checks are advisory; review against the source before treating this as a parser defect.,114sdoc4|banner_check_discrepancy|183|MINORITY CONFERENCE COMMITTEE (R)||BANNER ORGANIZATION TOTALS|72547.64
warning,banner_check_discrepancy,114sdoc4,GPO-CDOC-114sdoc4.pdf,185,MAJORITY CONFERENCE COMMITTEE (R),,BANNER ORGANIZATION TOTALS,13200.35,status=fail; banner=13200.35; parsed_body=10040.25. Banner checks are advisory; review against the source before treating this as a parser defect.,114sdoc4|banner_check_discrepancy|185|MAJORITY CONFERENCE COMMITTEE (R)||BANNER ORGANIZATION TOTALS|13200.35
warning,banner_check_missing,114sdoc4,GPO-CDOC-114sdoc4.pdf,186,MINORITY POLICY COMMITTEE (R),,BANNER NET PAYROLL,0.0,status=banner_missing; banner=0.0; parsed_body=0.0. Banner checks are advisory; review against the source before treating this as a parser defect.,114sdoc4|banner_check_missing|186|MINORITY POLICY COMMITTEE (R)||BANNER NET PAYROLL|0.0
warning,banner_check_missing,114sdoc4,GPO-CDOC-114sdoc4.pdf,187,MINORITY POLICY COMMITTEE (R),,BANNER NET PAYROLL,0.0,status=banner_missing; banner=0.0; parsed_body=0.0. Banner checks are advisory; review against the source before treating this as a parser defect.,114sdoc4|banner_check_missing|187|MINORITY POLICY COMMITTEE (R)||BANNER NET PAYROLL|0.0
warning,banner_check_discrepancy,114sdoc4,GPO-CDOC-114sdoc4.pdf,188,MINORITY POLICY COMMITTEE (R),,BANNER ORGANIZATION TOTALS,24549.05,status=fail; banner=24549.05; parsed_body=14862.95. Banner checks are advisory; review against the source before treating this as a parser defect.,114sdoc4|banner_check_discrepancy|188|MINORITY POLICY COMMITTEE (R)||BANNER ORGANIZATION TOTALS|24549.05
warning,banner_check_discrepancy,114sdoc4,GPO-CDOC-114sdoc4.pdf,189,MAJORITY POLICY COMMITTEE (R),,BANNER ORGANIZATION TOTALS,19494.53,status=fail; banner=19494.53; parsed_body=3948.89. Banner checks are advisory; review against the source before treating this as a parser defect.,114sdoc4|banner_check_discrepancy|189|MAJORITY POLICY COMMITTEE (R)||BANNER ORGANIZATION TOTALS|19494.53
warning,banner_check_missing,114sdoc4,GPO-CDOC-114sdoc4.pdf,190,SENATE CHILD CARE CENTER,,BANNER NET PAYROLL,0.0,status=banner_missing; banner=0.0; parsed_body=0.0. Banner checks are advisory; review against the source before treating this as a parser defect.,114sdoc4|banner_check_missing|190|SENATE CHILD CARE CENTER||BANNER NET PAYROLL|0.0
warning,banner_check_missing,114sdoc4,GPO-CDOC-114sdoc4.pdf,194,CONSULTANTS,,BANNER NET PAYROLL,0.0,status=banner_missing; banner=0.0; parsed_body=0.0. Banner checks are advisory; review against the source before treating this as a parser defect.,114sdoc4|banner_check_missing|194|CONSULTANTS||BANNER NET PAYROLL|0.0
warning,banner_check_missing,114sdoc4,GPO-CDOC-114sdoc4.pdf,195,CONSULTANTS,,BANNER NET PAYROLL,0.0,status=banner_missing; banner=0.0; parsed_body=0.0. Banner checks are advisory; review against the source before treating this as a parser defect.,114sdoc4|banner_check_missing|195|CONSULTANTS||BANNER NET PAYROLL|0.0
warning,banner_check_missing,114sdoc4,GPO-CDOC-114sdoc4.pdf,196,CONSULTANTS,,BANNER NET PAYROLL,0.0,status=banner_missing; banner=0.0; parsed_body=0.0. Banner checks are advisory; review against the source before treating this as a parser defect.,114sdoc4|banner_check_missing|196|CONSULTANTS||BANNER NET PAYROLL|0.0
warning,banner_check_discrepancy,114sdoc4,GPO-CDOC-114sdoc4.pdf,197,CONSULTANTS,,BANNER ORGANIZATION TOTALS,2075773.02,status=fail; banner=2075773.02; parsed_body=2104016.18. Banner checks are advisory; review against the source before treating this as a parser defect.,114sdoc4|banner_check_discrepancy|197|CONSULTANTS||BANNER ORGANIZATION TOTALS|2075773.02
warning,banner_check_missing,114sdoc4,GPO-CDOC-114sdoc4.pdf,198,EMPLOYEE COMPENSATION FUND,,BANNER NET PAYROLL,0.0,status=banner_missing; banner=0.0; parsed_body=0.0. Banner checks are advisory; review against the source before treating this as a parser defect.,114sdoc4|banner_check_missing|198|EMPLOYEE COMPENSATION FUND||BANNER NET PAYROLL|0.0
warning,banner_check_missing,114sdoc4,GPO-CDOC-114sdoc4.pdf,199,EMPLOYEE COMPENSATION FUND,,BANNER NET PAYROLL,0.0,status=banner_missing; banner=0.0; parsed_body=0.0. Banner checks are advisory; review against the source before treating this as a parser defect.,114sdoc4|banner_check_missing|199|EMPLOYEE COMPENSATION FUND||BANNER NET PAYROLL|0.0
warning,banner_check_missing,114sdoc4,GPO-CDOC-114sdoc4.pdf,200,EMPLOYEE COMPENSATION FUND,,BANNER NET PAYROLL,0.0,status=banner_missing; banner=0.0; parsed_body=0.0. Banner checks are advisory; review against the source before treating this as a parser defect.,114sdoc4|banner_check_missing|200|EMPLOYEE COMPENSATION FUND||BANNER NET PAYROLL|0.0
warning,banner_check_discrepancy,114sdoc4,GPO-CDOC-114sdoc4.pdf,213,POSTAGE,,BANNER ORGANIZATION TOTALS,1.19,status=fail; banner=1.19; parsed_body=0.0. Banner checks are advisory; review against the source before treating this as a parser defect.,114sdoc4|banner_check_discrepancy|213|POSTAGE||BANNER ORGANIZATION TOTALS|1.19
warning,banner_check_discrepancy,114sdoc4,GPO-CDOC-114sdoc4.pdf,216,MOBILE COMMUNICATIONS DEVICES,,BANNER ORGANIZATION TOTALS,4992.05,status=fail; banner=4992.05; parsed_body=0.0. Banner checks are advisory; review against the source before treating this as a parser defect.,114sdoc4|banner_check_discrepancy|216|MOBILE COMMUNICATIONS DEVICES||BANNER ORGANIZATION TOTALS|4992.05
warning,banner_check_discrepancy,114sdoc4,GPO-CDOC-114sdoc4.pdf,217,MOBILE COMMUNICATIONS DEVICES,,BANNER ORGANIZATION TOTALS,7239.31,status=fail; banner=7239.31; parsed_body=549.52. Banner checks are advisory; review against the source before treating this as a parser defect.,114sdoc4|banner_check_discrepancy|217|MOBILE COMMUNICATIONS DEVICES||BANNER ORGANIZATION TOTALS|7239.31
warning,banner_check_missing,114sdoc4,GPO-CDOC-114sdoc4.pdf,218,RESERVE FOR CONTINGENCIES,,BANNER NET PAYROLL,0.0,status=banner_missing; banner=0.0; parsed_body=0.0. Banner checks are advisory; review against the source before treating this as a parser defect.,114sdoc4|banner_check_missing|218|RESERVE FOR CONTINGENCIES||BANNER NET PAYROLL|0.0
warning,banner_check_discrepancy,114sdoc4,GPO-CDOC-114sdoc4.pdf,220,RESERVE FOR CONTINGENCIES,,BANNER ORGANIZATION TOTALS,64859.98,status=fail; banner=64859.98; parsed_body=64956.97. Banner checks are advisory; review against the source before treating this as a parser defect.,114sdoc4|banner_check_discrepancy|220|RESERVE FOR CONTINGENCIES||BANNER ORGANIZATION TOTALS|64859.98
warning,banner_check_missing,114sdoc4,GPO-CDOC-114sdoc4.pdf,226,RESOLUTION & REORGANIZATION RESERVE,,BANNER NET PAYROLL,0.0,status=banner_missing; banner=0.0; parsed_body=0.0. Banner checks are advisory; review against the source before treating this as a parser defect.,114sdoc4|banner_check_missing|226|RESOLUTION & REORGANIZATION RESERVE||BANNER NET PAYROLL|0.0
warning,banner_check_missing,114sdoc4,GPO-CDOC-114sdoc4.pdf,227,RESOLUTION & REORGANIZATION RESERVE,,BANNER NET PAYROLL,0.0,status=banner_missing; banner=0.0; parsed_body=0.0. Banner checks are advisory; review against the source before treating this as a parser defect.,114sdoc4|banner_check_missing|227|RESOLUTION & REORGANIZATION RESERVE||BANNER NET PAYROLL|0.0
warning,banner_check_discrepancy,114sdoc4,GPO-CDOC-114sdoc4.pdf,228,RESOLUTION & REORGANIZATION RESERVE,,BANNER ORGANIZATION TOTALS,723240.25,status=fail; banner=723240.25; parsed_body=119898.1. Banner checks are advisory; review against the source before treating this as a parser defect.,114sdoc4|banner_check_discrepancy|228|RESOLUTION & REORGANIZATION RESERVE||BANNER ORGANIZATION TOTALS|723240.25
warning,banner_check_discrepancy,114sdoc4,GPO-CDOC-114sdoc4.pdf,229,RESOLUTION & REORGANIZATION RESERVE,,BANNER ORGANIZATION TOTALS,4995724.84,status=fail; banner=4995724.84; parsed_body=5548886.56. Banner checks are advisory; review against the source before treating this as a parser defect.,114sdoc4|banner_check_discrepancy|229|RESOLUTION & REORGANIZATION RESERVE||BANNER ORGANIZATION TOTALS|4995724.84
warning,banner_check_missing,114sdoc4,GPO-CDOC-114sdoc4.pdf,236,JOINT SELECT COMMITTEE ON DEFICIT REDUCTION,,BANNER NET PAYROLL,0.0,status=banner_missing; banner=0.0; parsed_body=0.0. Banner checks are advisory; review against the source before treating this as a parser defect.,114sdoc4|banner_check_missing|236|JOINT SELECT COMMITTEE ON DEFICIT REDUCTION||BANNER NET PAYROLL|0.0
warning,banner_check_missing,114sdoc4,GPO-CDOC-114sdoc4.pdf,237,NATL SECURITY WORKING GRP-MAJ ADMIN CO-CHAIR (KERRY),,BANNER NET PAYROLL,0.0,status=banner_missing; banner=0.0; parsed_body=0.0. Banner checks are advisory; review against the source before treating this as a parser defect.,114sdoc4|banner_check_missing|237|NATL SECURITY WORKING GRP-MAJ ADMIN CO-CHAIR (KERRY)||BANNER NET PAYROLL|0.0
warning,banner_check_missing,114sdoc4,GPO-CDOC-114sdoc4.pdf,238,NATL SECURITY WORKING GRP-MAJ ADMIN CO-CHAIR (FEINSTEIN),,BANNER NET PAYROLL,0.0,status=banner_missing; banner=0.0; parsed_body=0.0. Banner checks are advisory; review against the source before treating this as a parser defect.,114sdoc4|banner_check_missing|238|NATL SECURITY WORKING GRP-MAJ ADMIN CO-CHAIR (FEINSTEIN)||BANNER NET PAYROLL|0.0
warning,banner_check_missing,114sdoc4,GPO-CDOC-114sdoc4.pdf,241,NATL SECURITY WORKING GRP-MAJ CO-CHAIR (LEVIN),,BANNER NET PAYROLL,0.0,status=banner_missing; banner=0.0; parsed_body=0.0. Banner checks are advisory; review against the source before treating this as a parser defect.,114sdoc4|banner_check_missing|241|NATL SECURITY WORKING GRP-MAJ CO-CHAIR (LEVIN)||BANNER NET PAYROLL|0.0
warning,banner_check_missing,114sdoc4,GPO-CDOC-114sdoc4.pdf,242,NATL SECURITY WORKING GRP-MAJ CO-CHAIR (LEVIN),,BANNER NET PAYROLL,0.0,status=banner_missing; banner=0.0; parsed_body=0.0. Banner checks are advisory; review against the source before treating this as a parser defect.,114sdoc4|banner_check_missing|242|NATL SECURITY WORKING GRP-MAJ CO-CHAIR (LEVIN)||BANNER NET PAYROLL|0.0
warning,banner_check_missing,114sdoc4,GPO-CDOC-114sdoc4.pdf,245,NATL SECURITY WORKING GRP-MAJ CO-CHAIR (MIKULSKI),,BANNER NET PAYROLL,0.0,status=banner_missing; banner=0.0; parsed_body=0.0. Banner checks are advisory; review against the source before treating this as a parser defect.,114sdoc4|banner_check_missing|245|NATL SECURITY WORKING GRP-MAJ CO-CHAIR (MIKULSKI)||BANNER NET PAYROLL|0.0
warning,banner_check_missing,114sdoc4,GPO-CDOC-114sdoc4.pdf,252,NATL SECURITY WORKING GRP-MAJ LEADER (REID),,BANNER NET PAYROLL,0.0,status=banner_missing; banner=0.0; parsed_body=0.0. Banner checks are advisory; review against the source before treating this as a parser defect.,114sdoc4|banner_check_missing|252|NATL SECURITY WORKING GRP-MAJ LEADER (REID)||BANNER NET PAYROLL|0.0
warning,banner_check_missing,114sdoc4,GPO-CDOC-114sdoc4.pdf,253,NATL SECURITY WORKING GRP-MAJ LEADER (REID),,BANNER NET PAYROLL,0.0,status=banner_missing; banner=0.0; parsed_body=0.0. Banner checks are advisory; review against the source before treating this as a parser defect.,114sdoc4|banner_check_missing|253|NATL SECURITY WORKING GRP-MAJ LEADER (REID)||BANNER NET PAYROLL|0.0
warning,banner_check_missing,114sdoc4,GPO-CDOC-114sdoc4.pdf,254,NATL SECURITY WORKING GRP-MAJ LEADER (REID),,BANNER NET PAYROLL,0.0,status=banner_missing; banner=0.0; parsed_body=0.0. Banner checks are advisory; review against the source before treating this as a parser defect.,114sdoc4|banner_check_missing|254|NATL SECURITY WORKING GRP-MAJ LEADER (REID)||BANNER NET PAYROLL|0.0
warning,banner_check_missing,114sdoc4,GPO-CDOC-114sdoc4.pdf,256,NATL SECURITY WORKING GRP-MIN ADM. CO-CHAIR (KYL),,BANNER NET PAYROLL,0.0,status=banner_missing; banner=0.0; parsed_body=0.0. Banner checks are advisory; review against the source before treating this as a parser defect.,114sdoc4|banner_check_missing|256|NATL SECURITY WORKING GRP-MIN ADM. CO-CHAIR (KYL)||BANNER NET PAYROLL|0.0
warning,banner_check_missing,114sdoc4,GPO-CDOC-114sdoc4.pdf,257,NATL SECURITY WORKING GRP-MIN ADMIN CO-CHAIR (RUBIO),,BANNER NET PAYROLL,0.0,status=banner_missing; banner=0.0; parsed_body=0.0. Banner checks are advisory; review against the source before treating this as a parser defect.,114sdoc4|banner_check_missing|257|NATL SECURITY WORKING GRP-MIN ADMIN CO-CHAIR (RUBIO)||BANNER NET PAYROLL|0.0
warning,banner_check_missing,114sdoc4,GPO-CDOC-114sdoc4.pdf,258,NATL SECURITY WORKING GRP-MIN ADMIN CO-CHAIR (RUBIO),,BANNER NET PAYROLL,0.0,status=banner_missing; banner=0.0; parsed_body=0.0. Banner checks are advisory; review against the source before treating this as a parser defect.,114sdoc4|banner_check_missing|258|NATL SECURITY WORKING GRP-MIN ADMIN CO-CHAIR (RUBIO)||BANNER NET PAYROLL|0.0
warning,banner_check_missing,114sdoc4,GPO-CDOC-114sdoc4.pdf,260,NATL SECURITY WORKING GRP-MIN CO-CHAIR (L. GRAHAM),,BANNER NET PAYROLL,0.0,status=banner_missing; banner=0.0; parsed_body=0.0. Banner checks are advisory; review against the source before treating this as a parser defect.,114sdoc4|banner_check_missing|260|NATL SECURITY WORKING GRP-MIN CO-CHAIR (L. GRAHAM)||BANNER NET PAYROLL|0.0
warning,banner_check_missing,114sdoc4,GPO-CDOC-114sdoc4.pdf,261,NATL SECURITY WORKING GRP-MIN CO-CHAIR (L. GRAHAM),,BANNER NET PAYROLL,0.0,status=banner_missing; banner=0.0; parsed_body=0.0. Banner checks are advisory; review against the source before treating this as a parser defect.,114sdoc4|banner_check_missing|261|NATL SECURITY WORKING GRP-MIN CO-CHAIR (L. GRAHAM)||BANNER NET PAYROLL|0.0
warning,banner_check_missing,114sdoc4,GPO-CDOC-114sdoc4.pdf,262,NATL SECURITY WORKING GRP-MIN CO-CHAIR (L. GRAHAM),,BANNER NET PAYROLL,0.0,status=banner_missing; banner=0.0; parsed_body=0.0. Banner checks are advisory; review against the source before treating this as a parser defect.,114sdoc4|banner_check_missing|262|NATL SECURITY WORKING GRP-MIN CO-CHAIR (L. GRAHAM)||BANNER NET PAYROLL|0.0
warning,banner_check_missing,114sdoc4,GPO-CDOC-114sdoc4.pdf,264,NATL SECURITY WORKING GRP-MIN CO-CHAIR (COCHRAN),,BANNER NET PAYROLL,0.0,status=banner_missing; banner=0.0; parsed_body=0.0. Banner checks are advisory; review against the source before treating this as a parser defect.,114sdoc4|banner_check_missing|264|NATL SECURITY WORKING GRP-MIN CO-CHAIR (COCHRAN)||BANNER NET PAYROLL|0.0
warning,banner_check_missing,114sdoc4,GPO-CDOC-114sdoc4.pdf,265,NATL SECURITY WORKING GRP-MIN CO-CHAIR (COCHRAN),,BANNER NET PAYROLL,0.0,status=banner_missing; banner=0.0; parsed_body=0.0. Banner checks are advisory; review against the source before treating this as a parser defect.,114sdoc4|banner_check_missing|265|NATL SECURITY WORKING GRP-MIN CO-CHAIR (COCHRAN)||BANNER NET PAYROLL|0.0
warning,banner_check_missing,114sdoc4,GPO-CDOC-114sdoc4.pdf,266,NATL SECURITY WORKING GRP-MIN CO-CHAIR (COCHRAN),,BANNER NET PAYROLL,0.0,status=banner_missing; banner=0.0; parsed_body=0.0. Banner checks are advisory; review against the source before treating this as a parser defect.,114sdoc4|banner_check_missing|266|NATL SECURITY WORKING GRP-MIN CO-CHAIR (COCHRAN)||BANNER NET PAYROLL|0.0
warning,banner_check_discrepancy,114sdoc4,GPO-CDOC-114sdoc4.pdf,273,STATIONERY,,BANNER ORGANIZATION TOTALS,63.44,status=fail; banner=63.44; parsed_body=0.0. Banner checks are advisory; review against the source before treating this as a parser defect.,114sdoc4|banner_check_discrepancy|273|STATIONERY||BANNER ORGANIZATION TOTALS|63.44
warning,banner_check_discrepancy,114sdoc4,GPO-CDOC-114sdoc4.pdf,275,STATIONERY,,BANNER ORGANIZATION TOTALS,1697.01,status=fail; banner=1697.01; parsed_body=0.0. Banner checks are advisory; review against the source before treating this as a parser defect.,114sdoc4|banner_check_discrepancy|275|STATIONERY||BANNER ORGANIZATION TOTALS|1697.01
warning,banner_check_discrepancy,114sdoc4,GPO-CDOC-114sdoc4.pdf,276,STATIONERY,,BANNER ORGANIZATION TOTALS,4051.94,status=fail; banner=4051.94; parsed_body=0.0. Banner checks are advisory; review against the source before treating this as a parser defect.,114sdoc4|banner_check_discrepancy|276|STATIONERY||BANNER ORGANIZATION TOTALS|4051.94
warning,banner_check_missing,114sdoc4,GPO-CDOC-114sdoc4.pdf,277,MISC ITEMS - STUDENT LOANS,,BANNER NET PAYROLL,0.0,status=banner_missing; banner=0.0; parsed_body=0.0. Banner checks are advisory; review against the source before treating this as a parser defect.,114sdoc4|banner_check_missing|277|MISC ITEMS - STUDENT LOANS||BANNER NET PAYROLL|0.0
warning,banner_check_missing,114sdoc4,GPO-CDOC-114sdoc4.pdf,278,MISC ITEMS - STUDENT LOANS,,BANNER NET PAYROLL,0.0,status=banner_missing; banner=0.0; parsed_body=0.0. Banner checks are advisory; review against the source before treating this as a parser defect.,114sdoc4|banner_check_missing|278|MISC ITEMS - STUDENT LOANS||BANNER NET PAYROLL|0.0
warning,banner_check_missing,114sdoc4,GPO-CDOC-114sdoc4.pdf,283,SECRETARY OF THE SENATE - EXECUTIVE OFFICE,2013,BANNER NET PAYROLL,0.0,status=banner_missing; banner=0.0; parsed_body=0.0. Banner checks are advisory; review against the source before treating this as a parser defect.,114sdoc4|banner_check_missing|283|SECRETARY OF THE SENATE - EXECUTIVE OFFICE|2013|BANNER NET PAYROLL|0.0
warning,banner_check_discrepancy,114sdoc4,GPO-CDOC-114sdoc4.pdf,285,SECRETARY OF THE SENATE - ADMINISTRATIVE SERV.,2014,BANNER ORGANIZATION TOTALS,151109.14,status=fail; banner=151109.14; parsed_body=79139.21. Banner checks are advisory; review against the source before treating this as a parser defect.,114sdoc4|banner_check_discrepancy|285|SECRETARY OF THE SENATE - ADMINISTRATIVE SERV.|2014|BANNER ORGANIZATION TOTALS|151109.14
warning,banner_check_missing,114sdoc4,GPO-CDOC-114sdoc4.pdf,287,SECRETARY OF THE SENATE - EXECUTIVE OFFICE,2014,BANNER NET PAYROLL,0.0,status=banner_missing; banner=0.0; parsed_body=0.0. Banner checks are advisory; review against the source before treating this as a parser defect.,114sdoc4|banner_check_missing|287|SECRETARY OF THE SENATE - EXECUTIVE OFFICE|2014|BANNER NET PAYROLL|0.0
warning,banner_check_discrepancy,114sdoc4,GPO-CDOC-114sdoc4.pdf,287,SECRETARY OF THE SENATE - EXECUTIVE OFFICE,2014,BANNER ORGANIZATION TOTALS,68634.96,status=fail; banner=68634.96; parsed_body=26827.93. Banner checks are advisory; review against the source before treating this as a parser defect.,114sdoc4|banner_check_discrepancy|287|SECRETARY OF THE SENATE - EXECUTIVE OFFICE|2014|BANNER ORGANIZATION TOTALS|68634.96
warning,banner_check_discrepancy,114sdoc4,GPO-CDOC-114sdoc4.pdf,289,SECRETARY OF THE SENATE - LEGISLATIVE SERVICES,2014,BANNER ORGANIZATION TOTALS,119722.84,status=fail; banner=119722.84; parsed_body=116288.97. Banner checks are advisory; review against the source before treating this as a parser defect.,114sdoc4|banner_check_discrepancy|289|SECRETARY OF THE SENATE - LEGISLATIVE SERVICES|2014|BANNER ORGANIZATION TOTALS|119722.84
warning,banner_check_discrepancy,114sdoc4,GPO-CDOC-114sdoc4.pdf,290,SECRETARY OF THE SENATE - ADMINISTRATIVE SERV.,2015,BANNER ORGANIZATION TOTALS,222116.09,status=fail; banner=222116.09; parsed_body=61413.18. Banner checks are advisory; review against the source before treating this as a parser defect.,114sdoc4|banner_check_discrepancy|290|SECRETARY OF THE SENATE - ADMINISTRATIVE SERV.|2015|BANNER ORGANIZATION TOTALS|222116.09
warning,banner_check_discrepancy,114sdoc4,GPO-CDOC-114sdoc4.pdf,292,SECRETARY OF THE SENATE - EXECUTIVE OFFICE,2015,BANNER ORGANIZATION TOTALS,60496.49,status=fail; banner=60496.49; parsed_body=14213.63. Banner checks are advisory; review against the source before treating this as a parser defect.,114sdoc4|banner_check_discrepancy|292|SECRETARY OF THE SENATE - EXECUTIVE OFFICE|2015|BANNER ORGANIZATION TOTALS|60496.49
warning,banner_check_discrepancy,114sdoc4,GPO-CDOC-114sdoc4.pdf,294,SECRETARY OF THE SENATE - LEGISLATIVE SERVICES,2015,BANNER ORGANIZATION TOTALS,8160.82,status=fail; banner=8160.82; parsed_body=167.49. Banner checks are advisory; review against the source before treating this as a parser defect.,114sdoc4|banner_check_discrepancy|294|SECRETARY OF THE SENATE - LEGISLATIVE SERVICES|2015|BANNER ORGANIZATION TOTALS|8160.82
warning,banner_check_discrepancy,114sdoc4,GPO-CDOC-114sdoc4.pdf,295,SECRETARY OF THE SENATE - ADMINISTRATIVE SERV.,,BANNER ORGANIZATION TOTALS,53.25,status=fail; banner=53.25; parsed_body=0.0. Banner checks are advisory; review against the source before treating this as a parser defect.,114sdoc4|banner_check_discrepancy|295|SECRETARY OF THE SENATE - ADMINISTRATIVE SERV.||BANNER ORGANIZATION TOTALS|53.25
warning,banner_check_discrepancy,114sdoc4,GPO-CDOC-114sdoc4.pdf,296,SECRETARY OF THE SENATE - ADMINISTRATIVE SERV.,,BANNER ORGANIZATION TOTALS,3072.0,status=fail; banner=3072.0; parsed_body=0.0. Banner checks are advisory; review against the source before treating this as a parser defect.,114sdoc4|banner_check_discrepancy|296|SECRETARY OF THE SENATE - ADMINISTRATIVE SERV.||BANNER ORGANIZATION TOTALS|3072.0
warning,banner_check_discrepancy,114sdoc4,GPO-CDOC-114sdoc4.pdf,297,SECRETARY OF THE SENATE - ADMINISTRATIVE SERV.,,BANNER ORGANIZATION TOTALS,10853.25,status=fail; banner=10853.25; parsed_body=0.0. Banner checks are advisory; review against the source before treating this as a parser defect.,114sdoc4|banner_check_discrepancy|297|SECRETARY OF THE SENATE - ADMINISTRATIVE SERV.||BANNER ORGANIZATION TOTALS|10853.25
warning,banner_check_discrepancy,114sdoc4,GPO-CDOC-114sdoc4.pdf,298,SECRETARY OF THE SENATE - ADMINISTRATIVE SERV.,,BANNER ORGANIZATION TOTALS,1171414.51,status=fail; banner=1171414.51; parsed_body=0.0. Banner checks are advisory; review against the source before treating this as a parser defect.,114sdoc4|banner_check_discrepancy|298|SECRETARY OF THE SENATE - ADMINISTRATIVE SERV.||BANNER ORGANIZATION TOTALS|1171414.51
warning,banner_check_discrepancy,114sdoc4,GPO-CDOC-114sdoc4.pdf,299,SECRETARY OF THE SENATE - ADMINISTRATIVE SERV.,,BANNER ORGANIZATION TOTALS,938190.16,status=fail; banner=938190.16; parsed_body=0.0. Banner checks are advisory; review against the source before treating this as a parser defect.,114sdoc4|banner_check_discrepancy|299|SECRETARY OF THE SENATE - ADMINISTRATIVE SERV.||BANNER ORGANIZATION TOTALS|938190.16
warning,banner_check_discrepancy,114sdoc4,GPO-CDOC-114sdoc4.pdf,301,SEC - EMRGCY APPROPS FOR TERR RESPONSE,,BANNER ORGANIZATION TOTALS,1174.1,status=fail; banner=1174.1; parsed_body=0.0. Banner checks are advisory; review against the source before treating this as a parser defect.,114sdoc4|banner_check_discrepancy|301|SEC - EMRGCY APPROPS FOR TERR RESPONSE||BANNER ORGANIZATION TOTALS|1174.1
warning,banner_check_discrepancy,114sdoc4,GPO-CDOC-114sdoc4.pdf,302,SEC OF THE SENATE - SENATE COLLECTION,,BANNER ORGANIZATION TOTALS,52624.63,status=fail; banner=52624.63; parsed_body=50714.63. Banner checks are advisory; review against the source before treating this as a parser defect.,114sdoc4|banner_check_discrepancy|302|SEC OF THE SENATE - SENATE COLLECTION||BANNER ORGANIZATION TOTALS|52624.63
warning,banner_check_missing,114sdoc4,GPO-CDOC-114sdoc4.pdf,306,SGT @ ARMS - STAFF OFFICES,,BANNER NET PAYROLL,0.0,status=banner_missing; banner=0.0; parsed_body=0.0. Banner checks are advisory; review against the source before treating this as a parser defect.,114sdoc4|banner_check_missing|306|SGT @ ARMS - STAFF OFFICES||BANNER NET PAYROLL|0.0
warning,banner_check_discrepancy,114sdoc4,GPO-CDOC-114sdoc4.pdf,308,SGT @ ARMS - CENTRAL OPERATIONS,,BANNER ORGANIZATION TOTALS,31264.55,status=fail; banner=31264.55; parsed_body=0.0. Banner checks are advisory; review against the source before treating this as a parser defect.,114sdoc4|banner_check_discrepancy|308|SGT @ ARMS - CENTRAL OPERATIONS||BANNER ORGANIZATION TOTALS|31264.55
warning,banner_check_discrepancy,114sdoc4,GPO-CDOC-114sdoc4.pdf,309,SGT @ ARMS - CAPITOL DIVISION,,BANNER ORGANIZATION TOTALS,400170.82,status=fail; banner=400170.82; parsed_body=394720.09. Banner checks are advisory; review against the source before treating this as a parser defect.,114sdoc4|banner_check_discrepancy|309|SGT @ ARMS - CAPITOL DIVISION||BANNER ORGANIZATION TOTALS|400170.82
warning,banner_check_discrepancy,114sdoc4,GPO-CDOC-114sdoc4.pdf,315,SGT @ ARMS - CENTRAL OPERATIONS,,BANNER ORGANIZATION TOTALS,363959.73,status=fail; banner=363959.73; parsed_body=202590.38. Banner checks are advisory; review against the source before treating this as a parser defect.,114sdoc4|banner_check_discrepancy|315|SGT @ ARMS - CENTRAL OPERATIONS||BANNER ORGANIZATION TOTALS|363959.73
warning,banner_check_discrepancy,114sdoc4,GPO-CDOC-114sdoc4.pdf,316,SGT @ ARMS - CAPITOL DIVISION,,BANNER ORGANIZATION TOTALS,562381.43,status=fail; banner=562381.43; parsed_body=540507.52. Banner checks are advisory; review against the source before treating this as a parser defect.,114sdoc4|banner_check_discrepancy|316|SGT @ ARMS - CAPITOL DIVISION||BANNER ORGANIZATION TOTALS|562381.43
warning,banner_check_discrepancy,114sdoc4,GPO-CDOC-114sdoc4.pdf,318,SGT @ ARMS - IT SUPPORT SERVICES,,BANNER ORGANIZATION TOTALS,1278321.47,status=fail; banner=1278321.47; parsed_body=1258832.23. Banner checks are advisory; review against the source before treating this as a parser defect.,114sdoc4|banner_check_discrepancy|318|SGT @ ARMS - IT SUPPORT SERVICES||BANNER ORGANIZATION TOTALS|1278321.47
warning,banner_check_missing,114sdoc4,GPO-CDOC-114sdoc4.pdf,324,SGT @ ARMS - STAFF OFFICES,,BANNER NET PAYROLL,0.0,status=banner_missing; banner=0.0; parsed_body=0.0. Banner checks are advisory; review against the source before treating this as a parser defect.,114sdoc4|banner_check_missing|324|SGT @ ARMS - STAFF OFFICES||BANNER NET PAYROLL|0.0
warning,banner_check_discrepancy,114sdoc4,GPO-CDOC-114sdoc4.pdf,324,SGT @ ARMS - STAFF OFFICES,,BANNER ORGANIZATION TOTALS,108760.16,status=fail; banner=108760.16; parsed_body=57628.56. Banner checks are advisory; review against the source before treating this as a parser defect.,114sdoc4|banner_check_discrepancy|324|SGT @ ARMS - STAFF OFFICES||BANNER ORGANIZATION TOTALS|108760.16
warning,banner_check_discrepancy,114sdoc4,GPO-CDOC-114sdoc4.pdf,326,SGT @ ARMS - CENTRAL OPERATIONS,,BANNER ORGANIZATION TOTALS,341831.63,status=fail; banner=341831.63; parsed_body=13331.2. Banner checks are advisory; review against the source before treating this as a parser defect.,114sdoc4|banner_check_discrepancy|326|SGT @ ARMS - CENTRAL OPERATIONS||BANNER ORGANIZATION TOTALS|341831.63
warning,banner_check_discrepancy,114sdoc4,GPO-CDOC-114sdoc4.pdf,327,SGT @ ARMS - CAPITOL DIVISION,,BANNER ORGANIZATION TOTALS,240739.19,status=fail; banner=240739.19; parsed_body=235724.61. Banner checks are advisory; review against the source before treating this as a parser defect.,114sdoc4|banner_check_discrepancy|327|SGT @ ARMS - CAPITOL DIVISION||BANNER ORGANIZATION TOTALS|240739.19
warning,banner_check_discrepancy,114sdoc4,GPO-CDOC-114sdoc4.pdf,329,SGT @ ARMS - IT SUPPORT SERVICES,,BANNER ORGANIZATION TOTALS,2528032.06,status=fail; banner=2528032.06; parsed_body=2517462.71. Banner checks are advisory; review against the source before treating this as a parser defect.,114sdoc4|banner_check_discrepancy|329|SGT @ ARMS - IT SUPPORT SERVICES||BANNER ORGANIZATION TOTALS|2528032.06
warning,banner_check_discrepancy,114sdoc4,GPO-CDOC-114sdoc4.pdf,341,SGT @ ARMS - STAFF OFFICES,,BANNER ORGANIZATION TOTALS,49113.77,status=fail; banner=49113.77; parsed_body=41307.77. Banner checks are advisory; review against the source before treating this as a parser defect.,114sdoc4|banner_check_discrepancy|341|SGT @ ARMS - STAFF OFFICES||BANNER ORGANIZATION TOTALS|49113.77
warning,banner_check_discrepancy,114sdoc4,GPO-CDOC-114sdoc4.pdf,343,SGT @ ARMS - CENTRAL OPERATIONS,,BANNER ORGANIZATION TOTALS,126051.24,status=fail; banner=126051.24; parsed_body=36986.87. Banner checks are advisory; review against the source before treating this as a parser defect.,114sdoc4|banner_check_discrepancy|343|SGT @ ARMS - CENTRAL OPERATIONS||BANNER ORGANIZATION TOTALS|126051.24
warning,banner_check_discrepancy,114sdoc4,GPO-CDOC-114sdoc4.pdf,344,SGT @ ARMS - CAPITOL DIVISION,,BANNER ORGANIZATION TOTALS,739218.95,status=fail; banner=739218.95; parsed_body=560889.67. Banner checks are advisory; review against the source before treating this as a parser defect.,114sdoc4|banner_check_discrepancy|344|SGT @ ARMS - CAPITOL DIVISION||BANNER ORGANIZATION TOTALS|739218.95
warning,banner_check_discrepancy,114sdoc4,GPO-CDOC-114sdoc4.pdf,346,SGT @ ARMS - IT SUPPORT SERVICES,,BANNER ORGANIZATION TOTALS,366043.38,status=fail; banner=366043.38; parsed_body=323545.64. Banner checks are advisory; review against the source before treating this as a parser defect.,114sdoc4|banner_check_discrepancy|346|SGT @ ARMS - IT SUPPORT SERVICES||BANNER ORGANIZATION TOTALS|366043.38
warning,banner_check_missing,114sdoc4,GPO-CDOC-114sdoc4.pdf,350,SGT @ ARMS - STAFF OFFICES,,BANNER NET PAYROLL,0.0,status=banner_missing; banner=0.0; parsed_body=0.0. Banner checks are advisory; review against the source before treating this as a parser defect.,114sdoc4|banner_check_missing|350|SGT @ ARMS - STAFF OFFICES||BANNER NET PAYROLL|0.0
warning,banner_check_discrepancy,114sdoc4,GPO-CDOC-114sdoc4.pdf,350,SGT @ ARMS - STAFF OFFICES,,BANNER ORGANIZATION TOTALS,231113.78,status=fail; banner=231113.78; parsed_body=220930.83. Banner checks are advisory; review against the source before treating this as a parser defect.,114sdoc4|banner_check_discrepancy|350|SGT @ ARMS - STAFF OFFICES||BANNER ORGANIZATION TOTALS|231113.78
warning,banner_check_discrepancy,114sdoc4,GPO-CDOC-114sdoc4.pdf,353,SGT @ ARMS - CENTRAL OPERATIONS,,BANNER ORGANIZATION TOTALS,1471618.13,status=fail; banner=1471618.13; parsed_body=883207.96. Banner checks are advisory; review against the source before treating this as a parser defect.,114sdoc4|banner_check_discrepancy|353|SGT @ ARMS - CENTRAL OPERATIONS||BANNER ORGANIZATION TOTALS|1471618.13
warning,banner_check_discrepancy,114sdoc4,GPO-CDOC-114sdoc4.pdf,358,SGT @ ARMS - CAPITOL DIVISION,,BANNER ORGANIZATION TOTALS,1173718.6,status=fail; banner=1173718.6; parsed_body=1089143.87. Banner checks are advisory; review against the source before treating this as a parser defect.,114sdoc4|banner_check_discrepancy|358|SGT @ ARMS - CAPITOL DIVISION||BANNER ORGANIZATION TOTALS|1173718.6
warning,banner_check_discrepancy,114sdoc4,GPO-CDOC-114sdoc4.pdf,362,SGT @ ARMS - IT SUPPORT SERVICES,,BANNER ORGANIZATION TOTALS,5796371.38,status=fail; banner=5796371.38; parsed_body=5015189.92. Banner checks are advisory; review against the source before treating this as a parser defect.,114sdoc4|banner_check_discrepancy|362|SGT @ ARMS - IT SUPPORT SERVICES||BANNER ORGANIZATION TOTALS|5796371.38
warning,banner_check_discrepancy,114sdoc4,GPO-CDOC-114sdoc4.pdf,369,SGT @ ARMS - STAFF OFFICES,,BANNER ORGANIZATION TOTALS,696662.3,status=fail; banner=696662.3; parsed_body=512421.76. Banner checks are advisory; review against the source before treating this as a parser defect.,114sdoc4|banner_check_discrepancy|369|SGT @ ARMS - STAFF OFFICES||BANNER ORGANIZATION TOTALS|696662.3
warning,banner_check_discrepancy,114sdoc4,GPO-CDOC-114sdoc4.pdf,372,SGT @ ARMS - TECHNOLOGY DEVELOPMENT SERVICES,,BANNER ORGANIZATION TOTALS,6217045.08,status=fail; banner=6217045.08; parsed_body=5299137.62. Banner checks are advisory; review against the source before treating this as a parser defect.,114sdoc4|banner_check_discrepancy|372|SGT @ ARMS - TECHNOLOGY DEVELOPMENT SERVICES||BANNER ORGANIZATION TOTALS|6217045.08
warning,banner_check_discrepancy,114sdoc4,GPO-CDOC-114sdoc4.pdf,377,SGT @ ARMS - CENTRAL OPERATIONS,,BANNER ORGANIZATION TOTALS,9297263.14,status=fail; banner=9297263.14; parsed_body=674397.8. Banner checks are advisory; review against the source before treating this as a parser defect.,114sdoc4|banner_check_discrepancy|377|SGT @ ARMS - CENTRAL OPERATIONS||BANNER ORGANIZATION TOTALS|9297263.14
warning,banner_check_discrepancy,114sdoc4,GPO-CDOC-114sdoc4.pdf,382,SGT @ ARMS - CAPITOL DIVISION,,BANNER ORGANIZATION TOTALS,1452894.81,status=fail; banner=1452894.81; parsed_body=1379062.76. Banner checks are advisory; review against the source before treating this as a parser defect.,114sdoc4|banner_check_discrepancy|382|SGT @ ARMS - CAPITOL DIVISION||BANNER ORGANIZATION TOTALS|1452894.81
warning,banner_check_discrepancy,114sdoc4,GPO-CDOC-114sdoc4.pdf,387,SGT @ ARMS - IT SUPPORT SERVICES,,BANNER ORGANIZATION TOTALS,13029500.35,status=fail; banner=13029500.35; parsed_body=10902862.79. Banner checks are advisory; review against the source before treating this as a parser defect.,114sdoc4|banner_check_discrepancy|387|SGT @ ARMS - IT SUPPORT SERVICES||BANNER ORGANIZATION TOTALS|13029500.35
warning,banner_check_discrepancy,114sdoc4,GPO-CDOC-114sdoc4.pdf,397,SGT @ ARMS - STAFF OFFICES,,BANNER ORGANIZATION TOTALS,769869.09,status=fail; banner=769869.09; parsed_body=726003.76. Banner checks are advisory; review against the source before treating this as a parser defect.,114sdoc4|banner_check_discrepancy|397|SGT @ ARMS - STAFF OFFICES||BANNER ORGANIZATION TOTALS|769869.09
warning,banner_check_discrepancy,114sdoc4,GPO-CDOC-114sdoc4.pdf,400,SGT @ ARMS - TECHNOLOGY DEVELOPMENT SERVICES,,BANNER ORGANIZATION TOTALS,9040103.44,status=fail; banner=9040103.44; parsed_body=7677774.36. Banner checks are advisory; review against the source before treating this as a parser defect.,114sdoc4|banner_check_discrepancy|400|SGT @ ARMS - TECHNOLOGY DEVELOPMENT SERVICES||BANNER ORGANIZATION TOTALS|9040103.44
warning,banner_check_discrepancy,114sdoc4,GPO-CDOC-114sdoc4.pdf,406,SAA - EMERG SUPP NO YEAR FUNDS,,BANNER ORGANIZATION TOTALS,99499.37,status=fail; banner=99499.37; parsed_body=90745.92. Banner checks are advisory; review against the source before treating this as a parser defect.,114sdoc4|banner_check_discrepancy|406|SAA - EMERG SUPP NO YEAR FUNDS||BANNER ORGANIZATION TOTALS|99499.37
warning,banner_check_missing,114sdoc4,GPO-CDOC-114sdoc4.pdf,409,CAUCUS - INTERNATIONAL NARCOTICS CONTROL,2013,BANNER NET PAYROLL,0.0,status=banner_missing; banner=0.0; parsed_body=0.0. Banner checks are advisory; review against the source before treating this as a parser defect.,114sdoc4|banner_check_missing|409|CAUCUS - INTERNATIONAL NARCOTICS CONTROL|2013|BANNER NET PAYROLL|0.0
warning,banner_check_discrepancy,114sdoc4,GPO-CDOC-114sdoc4.pdf,410,CAUCUS - INTERNATIONAL NARCOTICS CONTROL,2014,BANNER ORGANIZATION TOTALS,967.57,status=fail; banner=967.57; parsed_body=210.0. Banner checks are advisory; review against the source before treating this as a parser defect.,114sdoc4|banner_check_discrepancy|410|CAUCUS - INTERNATIONAL NARCOTICS CONTROL|2014|BANNER ORGANIZATION TOTALS|967.57
warning,banner_check_discrepancy,114sdoc4,GPO-CDOC-114sdoc4.pdf,411,CAUCUS - INTERNATIONAL NARCOTICS CONTROL,2015,BANNER ORGANIZATION TOTALS,232306.56,status=fail; banner=232306.56; parsed_body=231113.62. Banner checks are advisory; review against the source before treating this as a parser defect.,114sdoc4|banner_check_discrepancy|411|CAUCUS - INTERNATIONAL NARCOTICS CONTROL|2015|BANNER ORGANIZATION TOTALS|232306.56
warning,banner_check_missing,114sdoc4,GPO-CDOC-114sdoc4.pdf,412,SENATOR DANIEL K. AKAKA,2013,BANNER NET PAYROLL,0.0,status=banner_missing; banner=0.0; parsed_body=0.0. Banner checks are advisory; review against the source before treating this as a parser defect.,114sdoc4|banner_check_missing|412|SENATOR DANIEL K. AKAKA|2013|BANNER NET PAYROLL|0.0
warning,banner_check_missing,114sdoc4,GPO-CDOC-114sdoc4.pdf,413,SENATOR LAMAR ALEXANDER,2013,BANNER NET PAYROLL,0.0,status=banner_missing; banner=0.0; parsed_body=0.0. Banner checks are advisory; review against the source before treating this as a parser defect.,114sdoc4|banner_check_missing|413|SENATOR LAMAR ALEXANDER|2013|BANNER NET PAYROLL|0.0
error,unexpected_zero_records,114sdoc4,GPO-CDOC-114sdoc4.pdf,418,SENATOR LAMAR ALEXANDER,2014,NET PAYROLL EXPENSES,371.86,A normally itemized subtotal has no parsed records; exact review is required.,114sdoc4|unexpected_zero_records|418|SENATOR LAMAR ALEXANDER|2014|NET PAYROLL EXPENSES|371.86
warning,banner_check_discrepancy,114sdoc4,GPO-CDOC-114sdoc4.pdf,414,SENATOR LAMAR ALEXANDER,2014,BANNER ORGANIZATION TOTALS,76863.8,status=fail; banner=76863.8; parsed_body=66276.81. Banner checks are advisory; review against the source before treating this as a parser defect.,114sdoc4|banner_check_discrepancy|414|SENATOR LAMAR ALEXANDER|2014|BANNER ORGANIZATION TOTALS|76863.8
warning,banner_check_discrepancy,114sdoc4,GPO-CDOC-114sdoc4.pdf,419,SENATOR LAMAR ALEXANDER,2015,BANNER ORGANIZATION TOTALS,1451774.13,status=fail; banner=1451774.13; parsed_body=1395165.95. Banner checks are advisory; review against the source before treating this as a parser defect.,114sdoc4|banner_check_discrepancy|419|SENATOR LAMAR ALEXANDER|2015|BANNER ORGANIZATION TOTALS|1451774.13
warning,banner_check_missing,114sdoc4,GPO-CDOC-114sdoc4.pdf,427,SENATOR KELLY AYOTTE,2013,BANNER NET PAYROLL,0.0,status=banner_missing; banner=0.0; parsed_body=0.0. Banner checks are advisory; review against the source before treating this as a parser defect.,114sdoc4|banner_check_missing|427|SENATOR KELLY AYOTTE|2013|BANNER NET PAYROLL|0.0
warning,banner_check_discrepancy,114sdoc4,GPO-CDOC-114sdoc4.pdf,428,SENATOR KELLY AYOTTE,2014,BANNER ORGANIZATION TOTALS,73721.13,status=fail; banner=73721.13; parsed_body=46198.43. Banner checks are advisory; review against the source before treating this as a parser defect.,114sdoc4|banner_check_discrepancy|428|SENATOR KELLY AYOTTE|2014|BANNER ORGANIZATION TOTALS|73721.13
warning,banner_check_discrepancy,114sdoc4,GPO-CDOC-114sdoc4.pdf,433,SENATOR KELLY AYOTTE,2015,BANNER ORGANIZATION TOTALS,1288045.35,status=fail; banner=1288045.35; parsed_body=1246264.92. Banner checks are advisory; review against the source before treating this as a parser defect.,114sdoc4|banner_check_discrepancy|433|SENATOR KELLY AYOTTE|2015|BANNER ORGANIZATION TOTALS|1288045.35
warning,banner_check_missing,114sdoc4,GPO-CDOC-114sdoc4.pdf,452,SENATOR TAMMY BALDWIN,2013,BANNER NET PAYROLL,0.0,status=banner_missing; banner=0.0; parsed_body=0.0. Banner checks are advisory; review against the source before treating this as a parser defect.,114sdoc4|banner_check_missing|452|SENATOR TAMMY BALDWIN|2013|BANNER NET PAYROLL|0.0
warning,banner_check_discrepancy,114sdoc4,GPO-CDOC-114sdoc4.pdf,452,SENATOR TAMMY BALDWIN,2013,BANNER ORGANIZATION TOTALS,2895.25,status=fail; banner=2895.25; parsed_body=2739.4. Banner checks are advisory; review against the source before treating this as a parser defect.,114sdoc4|banner_check_discrepancy|452|SENATOR TAMMY BALDWIN|2013|BANNER ORGANIZATION TOTALS|2895.25
warning,banner_check_discrepancy,114sdoc4,GPO-CDOC-114sdoc4.pdf,453,SENATOR TAMMY BALDWIN,2014,BANNER ORGANIZATION TOTALS,147303.04,status=fail; banner=147303.04; parsed_body=113046.81. Banner checks are advisory; review against the source before treating this as a parser defect.,114sdoc4|banner_check_discrepancy|453|SENATOR TAMMY BALDWIN|2014|BANNER ORGANIZATION TOTALS|147303.04
warning,banner_check_discrepancy,114sdoc4,GPO-CDOC-114sdoc4.pdf,459,SENATOR TAMMY BALDWIN,2015,BANNER ORGANIZATION TOTALS,1277016.83,status=fail; banner=1277016.83; parsed_body=1255524.05. Banner checks are advisory; review against the source before treating this as a parser defect.,114sdoc4|banner_check_discrepancy|459|SENATOR TAMMY BALDWIN|2015|BANNER ORGANIZATION TOTALS|1277016.83
warning,banner_check_missing,114sdoc4,GPO-CDOC-114sdoc4.pdf,469,SENATOR JOHN BARRASSO,2013,BANNER NET PAYROLL,0.0,status=banner_missing; banner=0.0; parsed_body=0.0. Banner checks are advisory; review against the source before treating this as a parser defect.,114sdoc4|banner_check_missing|469|SENATOR JOHN BARRASSO|2013|BANNER NET PAYROLL|0.0
warning,banner_check_discrepancy,114sdoc4,GPO-CDOC-114sdoc4.pdf,470,SENATOR JOHN BARRASSO,2014,BANNER ORGANIZATION TOTALS,47698.42,status=fail; banner=47698.42; parsed_body=23553.88. Banner checks are advisory; review against the source before treating this as a parser defect.,114sdoc4|banner_check_discrepancy|470|SENATOR JOHN BARRASSO|2014|BANNER ORGANIZATION TOTALS|47698.42
warning,banner_check_discrepancy,114sdoc4,GPO-CDOC-114sdoc4.pdf,473,SENATOR JOHN BARRASSO,2015,BANNER ORGANIZATION TOTALS,1295951.42,status=fail; banner=1295951.42; parsed_body=1229249.17. Banner checks are advisory; review against the source before treating this as a parser defect.,114sdoc4|banner_check_discrepancy|473|SENATOR JOHN BARRASSO|2015|BANNER ORGANIZATION TOTALS|1295951.42
warning,banner_check_missing,114sdoc4,GPO-CDOC-114sdoc4.pdf,482,SENATOR MAX BAUCUS,2013,BANNER NET PAYROLL,0.0,status=banner_missing; banner=0.0; parsed_body=0.0. Banner checks are advisory; review against the source before treating this as a parser defect.,114sdoc4|banner_check_missing|482|SENATOR MAX BAUCUS|2013|BANNER NET PAYROLL|0.0
warning,banner_check_missing,114sdoc4,GPO-CDOC-114sdoc4.pdf,483,SENATOR MAX BAUCUS,2014,BANNER NET PAYROLL,0.0,status=banner_missing; banner=0.0; parsed_body=0.0. Banner checks are advisory; review against the source before treating this as a parser defect.,114sdoc4|banner_check_missing|483|SENATOR MAX BAUCUS|2014|BANNER NET PAYROLL|0.0
warning,banner_check_missing,114sdoc4,GPO-CDOC-114sdoc4.pdf,484,SENATOR MARK BEGICH,2013,BANNER NET PAYROLL,0.0,status=banner_missing; banner=0.0; parsed_body=0.0. Banner checks are advisory; review against the source before treating this as a parser defect.,114sdoc4|banner_check_missing|484|SENATOR MARK BEGICH|2013|BANNER NET PAYROLL|0.0
warning,banner_check_discrepancy,114sdoc4,GPO-CDOC-114sdoc4.pdf,485,SENATOR MARK BEGICH,2014,BANNER ORGANIZATION TOTALS,37371.97,status=fail; banner=37371.97; parsed_body=26244.99. Banner checks are advisory; review against the source before treating this as a parser defect.,114sdoc4|banner_check_discrepancy|485|SENATOR MARK BEGICH|2014|BANNER ORGANIZATION TOTALS|37371.97
warning,banner_check_discrepancy,114sdoc4,GPO-CDOC-114sdoc4.pdf,487,SENATOR MARK BEGICH,2015,BANNER ORGANIZATION TOTALS,999126.82,status=fail; banner=999126.82; parsed_body=1020270.28. Banner checks are advisory; review against the source before treating this as a parser defect.,114sdoc4|banner_check_discrepancy|487|SENATOR MARK BEGICH|2015|BANNER ORGANIZATION TOTALS|999126.82
warning,banner_check_missing,114sdoc4,GPO-CDOC-114sdoc4.pdf,490,SENATOR MICHAEL BENNET,2013,BANNER NET PAYROLL,0.0,status=banner_missing; banner=0.0; parsed_body=0.0. Banner checks are advisory; review against the source before treating this as a parser defect.,114sdoc4|banner_check_missing|490|SENATOR MICHAEL BENNET|2013|BANNER NET PAYROLL|0.0
warning,banner_check_discrepancy,114sdoc4,GPO-CDOC-114sdoc4.pdf,491,SENATOR MICHAEL BENNET,2014,BANNER ORGANIZATION TOTALS,76134.05,status=fail; banner=76134.05; parsed_body=28537.05. Banner checks are advisory; review against the source before treating this as a parser defect.,114sdoc4|banner_check_discrepancy|491|SENATOR MICHAEL BENNET|2014|BANNER ORGANIZATION TOTALS|76134.05
warning,banner_check_discrepancy,114sdoc4,GPO-CDOC-114sdoc4.pdf,494,SENATOR MICHAEL BENNET,2015,BANNER ORGANIZATION TOTALS,1319443.26,status=fail; banner=1319443.26; parsed_body=1302205.23. Banner checks are advisory; review against the source before treating this as a parser defect.,114sdoc4|banner_check_discrepancy|494|SENATOR MICHAEL BENNET|2015|BANNER ORGANIZATION TOTALS|1319443.26
warning,banner_check_missing,114sdoc4,GPO-CDOC-114sdoc4.pdf,503,SENATOR JEFF BINGAMAN,2013,BANNER NET PAYROLL,0.0,status=banner_missing; banner=0.0; parsed_body=0.0. Banner checks are advisory; review against the source before treating this as a parser defect.,114sdoc4|banner_check_missing|503|SENATOR JEFF BINGAMAN|2013|BANNER NET PAYROLL|0.0
warning,banner_check_missing,114sdoc4,GPO-CDOC-114sdoc4.pdf,504,SENATOR RICHARD BLUMENTHAL,2013,BANNER NET PAYROLL,0.0,status=banner_missing; banner=0.0; parsed_body=0.0. Banner checks are advisory; review against the source before treating this as a parser defect.,114sdoc4|banner_check_missing|504|SENATOR RICHARD BLUMENTHAL|2013|BANNER NET PAYROLL|0.0
warning,banner_check_discrepancy,114sdoc4,GPO-CDOC-114sdoc4.pdf,504,SENATOR RICHARD BLUMENTHAL,2013,BANNER ORGANIZATION TOTALS,228.15,status=fail; banner=228.15; parsed_body=3184.35. Banner checks are advisory; review against the source before treating this as a parser defect.,114sdoc4|banner_check_discrepancy|504|SENATOR RICHARD BLUMENTHAL|2013|BANNER ORGANIZATION TOTALS|228.15
warning,banner_check_discrepancy,114sdoc4,GPO-CDOC-114sdoc4.pdf,506,SENATOR RICHARD BLUMENTHAL,2014,BANNER ORGANIZATION TOTALS,216596.57,status=fail; banner=216596.57; parsed_body=143531.17. Banner checks are advisory; review against the source before treating this as a parser defect.,114sdoc4|banner_check_discrepancy|506|SENATOR RICHARD BLUMENTHAL|2014|BANNER ORGANIZATION TOTALS|216596.57
warning,banner_check_discrepancy,114sdoc4,GPO-CDOC-114sdoc4.pdf,509,SENATOR RICHARD BLUMENTHAL,2015,BANNER ORGANIZATION TOTALS,1289570.26,status=fail; banner=1289570.26; parsed_body=1265609.05. Banner checks are advisory; review against the source before treating this as a parser defect.,114sdoc4|banner_check_discrepancy|509|SENATOR RICHARD BLUMENTHAL|2015|BANNER ORGANIZATION TOTALS|1289570.26
warning,banner_check_missing,114sdoc4,GPO-CDOC-114sdoc4.pdf,517,SENATOR ROY BLUNT,2013,BANNER NET PAYROLL,0.0,status=banner_missing; banner=0.0; parsed_body=0.0. Banner checks are advisory; review against the source before treating this as a parser defect.,114sdoc4|banner_check_missing|517|SENATOR ROY BLUNT|2013|BANNER NET PAYROLL|0.0
warning,banner_check_discrepancy,114sdoc4,GPO-CDOC-114sdoc4.pdf,518,SENATOR ROY BLUNT,2014,BANNER ORGANIZATION TOTALS,85305.83,status=fail; banner=85305.83; parsed_body=67434.05. Banner checks are advisory; review against the source before treating this as a parser defect.,114sdoc4|banner_check_discrepancy|518|SENATOR ROY BLUNT|2014|BANNER ORGANIZATION TOTALS|85305.83
warning,banner_check_discrepancy,114sdoc4,GPO-CDOC-114sdoc4.pdf,527,SENATOR ROY BLUNT,2015,BANNER ORGANIZATION TOTALS,1463479.48,status=fail; banner=1463479.48; parsed_body=1417682.41. Banner checks are advisory; review against the source before treating this as a parser defect.,114sdoc4|banner_check_discrepancy|527|SENATOR ROY BLUNT|2015|BANNER ORGANIZATION TOTALS|1463479.48
warning,banner_check_discrepancy,114sdoc4,GPO-CDOC-114sdoc4.pdf,547,SENATOR CORY BOOKER,2014,BANNER ORGANIZATION TOTALS,158238.59,status=fail; banner=158238.59; parsed_body=72082.93. Banner checks are advisory; review against the source before treating this as a parser defect.,114sdoc4|banner_check_discrepancy|547|SENATOR CORY BOOKER|2014|BANNER ORGANIZATION TOTALS|158238.59
warning,banner_check_discrepancy,114sdoc4,GPO-CDOC-114sdoc4.pdf,550,SENATOR CORY BOOKER,2015,BANNER ORGANIZATION TOTALS,1500889.5,status=fail; banner=1500889.5; parsed_body=1467819.16. Banner checks are advisory; review against the source before treating this as a parser defect.,114sdoc4|banner_check_discrepancy|550|SENATOR CORY BOOKER|2015|BANNER ORGANIZATION TOTALS|1500889.5
warning,banner_check_missing,114sdoc4,GPO-CDOC-114sdoc4.pdf,557,SENATOR JOHN BOOZMAN,2013,BANNER NET PAYROLL,0.0,status=banner_missing; banner=0.0; parsed_body=0.0. Banner checks are advisory; review against the source before treating this as a parser defect.,114sdoc4|banner_check_missing|557|SENATOR JOHN BOOZMAN|2013|BANNER NET PAYROLL|0.0
warning,banner_check_discrepancy,114sdoc4,GPO-CDOC-114sdoc4.pdf,558,SENATOR JOHN BOOZMAN,2014,BANNER ORGANIZATION TOTALS,33746.13,status=fail; banner=33746.13; parsed_body=16304.37. Banner checks are advisory; review against the source before treating this as a parser defect.,114sdoc4|banner_check_discrepancy|558|SENATOR JOHN BOOZMAN|2014|BANNER ORGANIZATION TOTALS|33746.13
warning,banner_check_discrepancy,114sdoc4,GPO-CDOC-114sdoc4.pdf,562,SENATOR JOHN BOOZMAN,2015,BANNER ORGANIZATION TOTALS,1189020.09,status=fail; banner=1189020.09; parsed_body=1161443.18. Banner checks are advisory; review against the source before treating this as a parser defect.,114sdoc4|banner_check_discrepancy|562|SENATOR JOHN BOOZMAN|2015|BANNER ORGANIZATION TOTALS|1189020.09
warning,banner_check_missing,114sdoc4,GPO-CDOC-114sdoc4.pdf,581,SENATOR BARBARA BOXER,2013,BANNER NET PAYROLL,0.0,status=banner_missing; banner=0.0; parsed_body=0.0. Banner checks are advisory; review against the source before treating this as a parser defect.,114sdoc4|banner_check_missing|581|SENATOR BARBARA BOXER|2013|BANNER NET PAYROLL|0.0
warning,banner_check_discrepancy,114sdoc4,GPO-CDOC-114sdoc4.pdf,582,SENATOR BARBARA BOXER,2014,BANNER ORGANIZATION TOTALS,35344.27,status=fail; banner=35344.27; parsed_body=24114.92. Banner checks are advisory; review against the source before treating this as a parser defect.,114sdoc4|banner_check_discrepancy|582|SENATOR BARBARA BOXER|2014|BANNER ORGANIZATION TOTALS|35344.27
warning,banner_check_discrepancy,114sdoc4,GPO-CDOC-114sdoc4.pdf,586,SENATOR BARBARA BOXER,2015,BANNER ORGANIZATION TOTALS,2145319.46,status=fail; banner=2145319.46; parsed_body=2137729.46. Banner checks are advisory; review against the source before treating this as a parser defect.,114sdoc4|banner_check_discrepancy|586|SENATOR BARBARA BOXER|2015|BANNER ORGANIZATION TOTALS|2145319.46
warning,banner_check_missing,114sdoc4,GPO-CDOC-114sdoc4.pdf,597,SENATOR SCOTT P. BROWN,2013,BANNER NET PAYROLL,0.0,status=banner_missing; banner=0.0; parsed_body=0.0. Banner checks are advisory; review against the source before treating this as a parser defect.,114sdoc4|banner_check_missing|597|SENATOR SCOTT P. BROWN|2013|BANNER NET PAYROLL|0.0
warning,banner_check_missing,114sdoc4,GPO-CDOC-114sdoc4.pdf,598,SENATOR SHERROD BROWN,2013,BANNER NET PAYROLL,0.0,status=banner_missing; banner=0.0; parsed_body=0.0. Banner checks are advisory; review against the source before treating this as a parser defect.,114sdoc4|banner_check_missing|598|SENATOR SHERROD BROWN|2013|BANNER NET PAYROLL|0.0
warning,banner_check_discrepancy,114sdoc4,GPO-CDOC-114sdoc4.pdf,599,SENATOR SHERROD BROWN,2014,BANNER ORGANIZATION TOTALS,193681.32,status=fail; banner=193681.32; parsed_body=62597.24. Banner checks are advisory; review against the source before treating this as a parser defect.,114sdoc4|banner_check_discrepancy|599|SENATOR SHERROD BROWN|2014|BANNER ORGANIZATION TOTALS|193681.32
warning,banner_check_discrepancy,114sdoc4,GPO-CDOC-114sdoc4.pdf,605,SENATOR SHERROD BROWN,2015,BANNER ORGANIZATION TOTALS,1585514.61,status=fail; banner=1585514.61; parsed_body=1530995.13. Banner checks are advisory; review against the source before treating this as a parser defect.,114sdoc4|banner_check_discrepancy|605|SENATOR SHERROD BROWN|2015|BANNER ORGANIZATION TOTALS|1585514.61
warning,banner_check_missing,114sdoc4,GPO-CDOC-114sdoc4.pdf,623,SENATOR RICHARD BURR,2013,BANNER NET PAYROLL,0.0,status=banner_missing; banner=0.0; parsed_body=0.0. Banner checks are advisory; review against the source before treating this as a parser defect.,114sdoc4|banner_check_missing|623|SENATOR RICHARD BURR|2013|BANNER NET PAYROLL|0.0
warning,banner_check_discrepancy,114sdoc4,GPO-CDOC-114sdoc4.pdf,624,SENATOR RICHARD BURR,2014,BANNER ORGANIZATION TOTALS,61967.49,status=fail; banner=61967.49; parsed_body=24581.83. Banner checks are advisory; review against the source before treating this as a parser defect.,114sdoc4|banner_check_discrepancy|624|SENATOR RICHARD BURR|2014|BANNER ORGANIZATION TOTALS|61967.49
warning,banner_check_discrepancy,114sdoc4,GPO-CDOC-114sdoc4.pdf,628,SENATOR RICHARD BURR,2015,BANNER ORGANIZATION TOTALS,1471344.23,status=fail; banner=1471344.23; parsed_body=1433491.87. Banner checks are advisory; review against the source before treating this as a parser defect.,114sdoc4|banner_check_discrepancy|628|SENATOR RICHARD BURR|2015|BANNER ORGANIZATION TOTALS|1471344.23
warning,banner_check_missing,114sdoc4,GPO-CDOC-114sdoc4.pdf,636,SENATOR MARIA CANTWELL,2013,BANNER NET PAYROLL,0.0,status=banner_missing; banner=0.0; parsed_body=0.0. Banner checks are advisory; review against the source before treating this as a parser defect.,114sdoc4|banner_check_missing|636|SENATOR MARIA CANTWELL|2013|BANNER NET PAYROLL|0.0
warning,banner_check_discrepancy,114sdoc4,GPO-CDOC-114sdoc4.pdf,637,SENATOR MARIA CANTWELL,2014,BANNER ORGANIZATION TOTALS,165164.22,status=fail; banner=165164.22; parsed_body=102456.73. Banner checks are advisory; review against the source before treating this as a parser defect.,114sdoc4|banner_check_discrepancy|637|SENATOR MARIA CANTWELL|2014|BANNER ORGANIZATION TOTALS|165164.22
warning,banner_check_discrepancy,114sdoc4,GPO-CDOC-114sdoc4.pdf,642,SENATOR MARIA CANTWELL,2015,BANNER ORGANIZATION TOTALS,1283183.61,status=fail; banner=1283183.61; parsed_body=1262165.8. Banner checks are advisory; review against the source before treating this as a parser defect.,114sdoc4|banner_check_discrepancy|642|SENATOR MARIA CANTWELL|2015|BANNER ORGANIZATION TOTALS|1283183.61
warning,banner_check_discrepancy,114sdoc4,GPO-CDOC-114sdoc4.pdf,655,SENATOR SHELLEY MOORE CAPITO,2015,BANNER ORGANIZATION TOTALS,473309.45,status=fail; banner=473309.45; parsed_body=438192.55. Banner checks are advisory; review against the source before treating this as a parser defect.,114sdoc4|banner_check_discrepancy|655|SENATOR SHELLEY MOORE CAPITO|2015|BANNER ORGANIZATION TOTALS|473309.45
warning,banner_check_missing,114sdoc4,GPO-CDOC-114sdoc4.pdf,659,SENATOR BENJAMIN L CARDIN,2013,BANNER NET PAYROLL,0.0,status=banner_missing; banner=0.0; parsed_body=0.0. Banner checks are advisory; review against the source before treating this as a parser defect.,114sdoc4|banner_check_missing|659|SENATOR BENJAMIN L CARDIN|2013|BANNER NET PAYROLL|0.0
warning,banner_check_discrepancy,114sdoc4,GPO-CDOC-114sdoc4.pdf,660,SENATOR BENJAMIN L CARDIN,2014,BANNER ORGANIZATION TOTALS,31497.56,status=fail; banner=31497.56; parsed_body=8408.55. Banner checks are advisory; review against the source before treating this as a parser defect.,114sdoc4|banner_check_discrepancy|660|SENATOR BENJAMIN L CARDIN|2014|BANNER ORGANIZATION TOTALS|31497.56
warning,banner_check_discrepancy,114sdoc4,GPO-CDOC-114sdoc4.pdf,663,SENATOR BENJAMIN L CARDIN,2015,BANNER ORGANIZATION TOTALS,1388255.22,status=fail; banner=1388255.22; parsed_body=1377521.73. Banner checks are advisory; review against the source before treating this as a parser defect.,114sdoc4|banner_check_discrepancy|663|SENATOR BENJAMIN L CARDIN|2015|BANNER ORGANIZATION TOTALS|1388255.22
warning,banner_check_missing,114sdoc4,GPO-CDOC-114sdoc4.pdf,668,SENATOR THOMAS R. CARPER,2013,BANNER NET PAYROLL,0.0,status=banner_missing; banner=0.0; parsed_body=0.0. Banner checks are advisory; review against the source before treating this as a parser defect.,114sdoc4|banner_check_missing|668|SENATOR THOMAS R. CARPER|2013|BANNER NET PAYROLL|0.0
warning,banner_check_discrepancy,114sdoc4,GPO-CDOC-114sdoc4.pdf,669,SENATOR THOMAS R. CARPER,2014,BANNER ORGANIZATION TOTALS,66403.44,status=fail; banner=66403.44; parsed_body=26374.2. Banner checks are advisory; review against the source before treating this as a parser defect.,114sdoc4|banner_check_discrepancy|669|SENATOR THOMAS R. CARPER|2014|BANNER ORGANIZATION TOTALS|66403.44
warning,banner_check_discrepancy,114sdoc4,GPO-CDOC-114sdoc4.pdf,673,SENATOR THOMAS R. CARPER,2015,BANNER ORGANIZATION TOTALS,1292413.08,status=fail; banner=1292413.08; parsed_body=1275436.72. Banner checks are advisory; review against the source before treating this as a parser defect.,114sdoc4|banner_check_discrepancy|673|SENATOR THOMAS R. CARPER|2015|BANNER ORGANIZATION TOTALS|1292413.08
warning,banner_check_missing,114sdoc4,GPO-CDOC-114sdoc4.pdf,682,"SENATOR ROBERT CASEY, JR.",2013,BANNER NET PAYROLL,0.0,status=banner_missing; banner=0.0; parsed_body=0.0. Banner checks are advisory; review against the source before treating this as a parser defect.,"114sdoc4|banner_check_missing|682|SENATOR ROBERT CASEY, JR.|2013|BANNER NET PAYROLL|0.0"
warning,banner_check_discrepancy,114sdoc4,GPO-CDOC-114sdoc4.pdf,683,"SENATOR ROBERT CASEY, JR.",2014,BANNER ORGANIZATION TOTALS,105535.99,status=fail; banner=105535.99; parsed_body=79874.0. Banner checks are advisory; review against the source before treating this as a parser defect.,"114sdoc4|banner_check_discrepancy|683|SENATOR ROBERT CASEY, JR.|2014|BANNER ORGANIZATION TOTALS|105535.99"
warning,banner_check_discrepancy,114sdoc4,GPO-CDOC-114sdoc4.pdf,690,"SENATOR ROBERT CASEY, JR.",2015,BANNER ORGANIZATION TOTALS,1643726.83,status=fail; banner=1643726.83; parsed_body=1622419.82. Banner checks are advisory; review against the source before treating this as a parser defect.,"114sdoc4|banner_check_discrepancy|690|SENATOR ROBERT CASEY, JR.|2015|BANNER ORGANIZATION TOTALS|1643726.83"
warning,banner_check_discrepancy,114sdoc4,GPO-CDOC-114sdoc4.pdf,700,SENATOR BILL CASSIDY,2015,BANNER ORGANIZATION TOTALS,454188.41,status=fail; banner=454188.41; parsed_body=431227.79. Banner checks are advisory; review against the source before treating this as a parser defect.,114sdoc4|banner_check_discrepancy|700|SENATOR BILL CASSIDY|2015|BANNER ORGANIZATION TOTALS|454188.41
warning,banner_check_missing,114sdoc4,GPO-CDOC-114sdoc4.pdf,704,SENATOR SAXBY CHAMBLISS,2013,BANNER NET PAYROLL,0.0,status=banner_missing; banner=0.0; parsed_body=0.0. Banner checks are advisory; review against the source before treating this as a parser defect.,114sdoc4|banner_check_missing|704|SENATOR SAXBY CHAMBLISS|2013|BANNER NET PAYROLL|0.0
warning,banner_check_discrepancy,114sdoc4,GPO-CDOC-114sdoc4.pdf,705,SENATOR SAXBY CHAMBLISS,2014,BANNER ORGANIZATION TOTALS,23367.57,status=fail; banner=23367.57; parsed_body=14895.37. Banner checks are advisory; review against the source before treating this as a parser defect.,114sdoc4|banner_check_discrepancy|705|SENATOR SAXBY CHAMBLISS|2014|BANNER ORGANIZATION TOTALS|23367.57
warning,banner_check_discrepancy,114sdoc4,GPO-CDOC-114sdoc4.pdf,710,SENATOR SAXBY CHAMBLISS,2015,BANNER ORGANIZATION TOTALS,830312.29,status=fail; banner=830312.29; parsed_body=816091.25. Banner checks are advisory; review against the source before treating this as a parser defect.,114sdoc4|banner_check_discrepancy|710|SENATOR SAXBY CHAMBLISS|2015|BANNER ORGANIZATION TOTALS|830312.29
warning,banner_check_missing,114sdoc4,GPO-CDOC-114sdoc4.pdf,719,SENATOR JEFFREY CHIESA,2013,BANNER NET PAYROLL,0.0,status=banner_missing; banner=0.0; parsed_body=0.0. Banner checks are advisory; review against the source before treating this as a parser defect.,114sdoc4|banner_check_missing|719|SENATOR JEFFREY CHIESA|2013|BANNER NET PAYROLL|0.0
warning,banner_check_missing,114sdoc4,GPO-CDOC-114sdoc4.pdf,720,SENATOR JEFFREY CHIESA,2014,BANNER NET PAYROLL,0.0,status=banner_missing; banner=0.0; parsed_body=0.0. Banner checks are advisory; review against the source before treating this as a parser defect.,114sdoc4|banner_check_missing|720|SENATOR JEFFREY CHIESA|2014|BANNER NET PAYROLL|0.0
warning,banner_check_missing,114sdoc4,GPO-CDOC-114sdoc4.pdf,721,SENATOR DANIEL R. COATS,2013,BANNER NET PAYROLL,0.0,status=banner_missing; banner=0.0; parsed_body=0.0. Banner checks are advisory; review against the source before treating this as a parser defect.,114sdoc4|banner_check_missing|721|SENATOR DANIEL R. COATS|2013|BANNER NET PAYROLL|0.0
warning,banner_check_discrepancy,114sdoc4,GPO-CDOC-114sdoc4.pdf,722,SENATOR DANIEL R. COATS,2014,BANNER ORGANIZATION TOTALS,23056.02,status=fail; banner=23056.02; parsed_body=10824.01. Banner checks are advisory; review against the source before treating this as a parser defect.,114sdoc4|banner_check_discrepancy|722|SENATOR DANIEL R. COATS|2014|BANNER ORGANIZATION TOTALS|23056.02
warning,banner_check_discrepancy,114sdoc4,GPO-CDOC-114sdoc4.pdf,726,SENATOR DANIEL R. COATS,2015,BANNER ORGANIZATION TOTALS,1351863.4,status=fail; banner=1351863.4; parsed_body=1326247.56. Banner checks are advisory; review against the source before treating this as a parser defect.,114sdoc4|banner_check_discrepancy|726|SENATOR DANIEL R. COATS|2015|BANNER ORGANIZATION TOTALS|1351863.4
warning,banner_check_missing,114sdoc4,GPO-CDOC-114sdoc4.pdf,743,SENATOR TOM COBURN,2013,BANNER NET PAYROLL,0.0,status=banner_missing; banner=0.0; parsed_body=0.0. Banner checks are advisory; review against the source before treating this as a parser defect.,114sdoc4|banner_check_missing|743|SENATOR TOM COBURN|2013|BANNER NET PAYROLL|0.0
warning,banner_check_missing,114sdoc4,GPO-CDOC-114sdoc4.pdf,744,SENATOR TOM COBURN,2014,BANNER NET PAYROLL,0.0,status=banner_missing; banner=0.0; parsed_body=0.0. Banner checks are advisory; review against the source before treating this as a parser defect.,114sdoc4|banner_check_missing|744|SENATOR TOM COBURN|2014|BANNER NET PAYROLL|0.0
warning,banner_check_discrepancy,114sdoc4,GPO-CDOC-114sdoc4.pdf,744,SENATOR TOM COBURN,2014,BANNER ORGANIZATION TOTALS,10787.74,status=fail; banner=10787.74; parsed_body=5566.3. Banner checks are advisory; review against the source before treating this as a parser defect.,114sdoc4|banner_check_discrepancy|744|SENATOR TOM COBURN|2014|BANNER ORGANIZATION TOTALS|10787.74
warning,banner_check_discrepancy,114sdoc4,GPO-CDOC-114sdoc4.pdf,746,SENATOR TOM COBURN,2015,BANNER ORGANIZATION TOTALS,577252.88,status=fail; banner=577252.88; parsed_body=565688.0. Banner checks are advisory; review against the source before treating this as a parser defect.,114sdoc4|banner_check_discrepancy|746|SENATOR TOM COBURN|2015|BANNER ORGANIZATION TOTALS|577252.88
warning,banner_check_missing,114sdoc4,GPO-CDOC-114sdoc4.pdf,749,SENATOR THAD COCHRAN,2013,BANNER NET PAYROLL,0.0,status=banner_missing; banner=0.0; parsed_body=0.0. Banner checks are advisory; review against the source before treating this as a parser defect.,114sdoc4|banner_check_missing|749|SENATOR THAD COCHRAN|2013|BANNER NET PAYROLL|0.0
error,unexpected_zero_records,114sdoc4,GPO-CDOC-114sdoc4.pdf,752,SENATOR THAD COCHRAN,2014,NET PAYROLL EXPENSES,154.63,A normally itemized subtotal has no parsed records; exact review is required.,114sdoc4|unexpected_zero_records|752|SENATOR THAD COCHRAN|2014|NET PAYROLL EXPENSES|154.63
warning,banner_check_discrepancy,114sdoc4,GPO-CDOC-114sdoc4.pdf,750,SENATOR THAD COCHRAN,2014,BANNER ORGANIZATION TOTALS,26431.12,status=fail; banner=26431.12; parsed_body=18579.35. Banner checks are advisory; review against the source before treating this as a parser defect.,114sdoc4|banner_check_discrepancy|750|SENATOR THAD COCHRAN|2014|BANNER ORGANIZATION TOTALS|26431.12
warning,banner_check_discrepancy,114sdoc4,GPO-CDOC-114sdoc4.pdf,753,SENATOR THAD COCHRAN,2015,BANNER ORGANIZATION TOTALS,1252015.31,status=fail; banner=1252015.31; parsed_body=1209117.08. Banner checks are advisory; review against the source before treating this as a parser defect.,114sdoc4|banner_check_discrepancy|753|SENATOR THAD COCHRAN|2015|BANNER ORGANIZATION TOTALS|1252015.31
warning,banner_check_missing,114sdoc4,GPO-CDOC-114sdoc4.pdf,760,SENATOR SUSAN M. COLLINS,2013,BANNER NET PAYROLL,0.0,status=banner_missing; banner=0.0; parsed_body=0.0. Banner checks are advisory; review against the source before treating this as a parser defect.,114sdoc4|banner_check_missing|760|SENATOR SUSAN M. COLLINS|2013|BANNER NET PAYROLL|0.0
warning,banner_check_discrepancy,114sdoc4,GPO-CDOC-114sdoc4.pdf,761,SENATOR SUSAN M. COLLINS,2014,BANNER ORGANIZATION TOTALS,69699.07,status=fail; banner=69699.07; parsed_body=45079.09. Banner checks are advisory; review against the source before treating this as a parser defect.,114sdoc4|banner_check_discrepancy|761|SENATOR SUSAN M. COLLINS|2014|BANNER ORGANIZATION TOTALS|69699.07
warning,banner_check_discrepancy,114sdoc4,GPO-CDOC-114sdoc4.pdf,768,SENATOR SUSAN M. COLLINS,2015,BANNER ORGANIZATION TOTALS,1306721.93,status=fail; banner=1306721.93; parsed_body=1220971.02. Banner checks are advisory; review against the source before treating this as a parser defect.,114sdoc4|banner_check_discrepancy|768|SENATOR SUSAN M. COLLINS|2015|BANNER ORGANIZATION TOTALS|1306721.93
warning,banner_check_missing,114sdoc4,GPO-CDOC-114sdoc4.pdf,783,SENATOR KENT CONRAD,2013,BANNER NET PAYROLL,0.0,status=banner_missing; banner=0.0; parsed_body=0.0. Banner checks are advisory; review against the source before treating this as a parser defect.,114sdoc4|banner_check_missing|783|SENATOR KENT CONRAD|2013|BANNER NET PAYROLL|0.0
warning,banner_check_missing,114sdoc4,GPO-CDOC-114sdoc4.pdf,784,SENATOR CHRISTOPHER A. COONS,2013,BANNER NET PAYROLL,0.0,status=banner_missing; banner=0.0; parsed_body=0.0. Banner checks are advisory; review against the source before treating this as a parser defect.,114sdoc4|banner_check_missing|784|SENATOR CHRISTOPHER A. COONS|2013|BANNER NET PAYROLL|0.0
warning,banner_check_discrepancy,114sdoc4,GPO-CDOC-114sdoc4.pdf,784,SENATOR CHRISTOPHER A. COONS,2013,BANNER ORGANIZATION TOTALS,66.04,status=fail; banner=66.04; parsed_body=0.0. Banner checks are advisory; review against the source before treating this as a parser defect.,114sdoc4|banner_check_discrepancy|784|SENATOR CHRISTOPHER A. COONS|2013|BANNER ORGANIZATION TOTALS|66.04
warning,banner_check_discrepancy,114sdoc4,GPO-CDOC-114sdoc4.pdf,785,SENATOR CHRISTOPHER A. COONS,2014,BANNER ORGANIZATION TOTALS,34905.6,status=fail; banner=34905.6; parsed_body=16434.6. Banner checks are advisory; review against the source before treating this as a parser defect.,114sdoc4|banner_check_discrepancy|785|SENATOR CHRISTOPHER A. COONS|2014|BANNER ORGANIZATION TOTALS|34905.6
warning,banner_check_discrepancy,114sdoc4,GPO-CDOC-114sdoc4.pdf,788,SENATOR CHRISTOPHER A. COONS,2015,BANNER ORGANIZATION TOTALS,1289079.95,status=fail; banner=1289079.95; parsed_body=1237989.59. Banner checks are advisory; review against the source before treating this as a parser defect.,114sdoc4|banner_check_discrepancy|788|SENATOR CHRISTOPHER A. COONS|2015|BANNER ORGANIZATION TOTALS|1289079.95
warning,banner_check_missing,114sdoc4,GPO-CDOC-114sdoc4.pdf,795,SENATOR BOB CORKER,2013,BANNER NET PAYROLL,0.0,status=banner_missing; banner=0.0; parsed_body=0.0. Banner checks are advisory; review against the source before treating this as a parser defect.,114sdoc4|banner_check_missing|795|SENATOR BOB CORKER|2013|BANNER NET PAYROLL|0.0
warning,banner_check_discrepancy,114sdoc4,GPO-CDOC-114sdoc4.pdf,796,SENATOR BOB CORKER,2014,BANNER ORGANIZATION TOTALS,45441.35,status=fail; banner=45441.35; parsed_body=24567.51. Banner checks are advisory; review against the source before treating this as a parser defect.,114sdoc4|banner_check_discrepancy|796|SENATOR BOB CORKER|2014|BANNER ORGANIZATION TOTALS|45441.35
warning,banner_check_discrepancy,114sdoc4,GPO-CDOC-114sdoc4.pdf,801,SENATOR BOB CORKER,2015,BANNER ORGANIZATION TOTALS,1147416.76,status=fail; banner=1147416.76; parsed_body=1101049.48. Banner checks are advisory; review against the source before treating this as a parser defect.,114sdoc4|banner_check_discrepancy|801|SENATOR BOB CORKER|2015|BANNER ORGANIZATION TOTALS|1147416.76
warning,banner_check_missing,114sdoc4,GPO-CDOC-114sdoc4.pdf,819,SENATOR JOHN CORNYN,2013,BANNER NET PAYROLL,0.0,status=banner_missing; banner=0.0; parsed_body=0.0. Banner checks are advisory; review against the source before treating this as a parser defect.,114sdoc4|banner_check_missing|819|SENATOR JOHN CORNYN|2013|BANNER NET PAYROLL|0.0
error,unexpected_zero_records,114sdoc4,GPO-CDOC-114sdoc4.pdf,822,SENATOR JOHN CORNYN,2014,NET PAYROLL EXPENSES,553.36,A normally itemized subtotal has no parsed records; exact review is required.,114sdoc4|unexpected_zero_records|822|SENATOR JOHN CORNYN|2014|NET PAYROLL EXPENSES|553.36
warning,banner_check_discrepancy,114sdoc4,GPO-CDOC-114sdoc4.pdf,820,SENATOR JOHN CORNYN,2014,BANNER ORGANIZATION TOTALS,104069.5,status=fail; banner=104069.5; parsed_body=78396.89. Banner checks are advisory; review against the source before treating this as a parser defect.,114sdoc4|banner_check_discrepancy|820|SENATOR JOHN CORNYN|2014|BANNER ORGANIZATION TOTALS|104069.5
warning,banner_check_discrepancy,114sdoc4,GPO-CDOC-114sdoc4.pdf,823,SENATOR JOHN CORNYN,2015,BANNER ORGANIZATION TOTALS,1938519.32,status=fail; banner=1938519.32; parsed_body=1852629.73. Banner checks are advisory; review against the source before treating this as a parser defect.,114sdoc4|banner_check_discrepancy|823|SENATOR JOHN CORNYN|2015|BANNER ORGANIZATION TOTALS|1938519.32
warning,banner_check_discrepancy,114sdoc4,GPO-CDOC-114sdoc4.pdf,831,SENATOR TOM COTTON,2015,BANNER ORGANIZATION TOTALS,417857.69,status=fail; banner=417857.69; parsed_body=397000.88. Banner checks are advisory; review against the source before treating this as a parser defect.,114sdoc4|banner_check_discrepancy|831|SENATOR TOM COTTON|2015|BANNER ORGANIZATION TOTALS|417857.69
warning,banner_check_missing,114sdoc4,GPO-CDOC-114sdoc4.pdf,835,SENATOR WILLIAM COWAN,2013,BANNER NET PAYROLL,0.0,status=banner_missing; banner=0.0; parsed_body=0.0. Banner checks are advisory; review against the source before treating this as a parser defect.,114sdoc4|banner_check_missing|835|SENATOR WILLIAM COWAN|2013|BANNER NET PAYROLL|0.0
warning,banner_check_missing,114sdoc4,GPO-CDOC-114sdoc4.pdf,836,SENATOR MICHAEL D. CRAPO,2013,BANNER NET PAYROLL,0.0,status=banner_missing; banner=0.0; parsed_body=0.0. Banner checks are advisory; review against the source before treating this as a parser defect.,114sdoc4|banner_check_missing|836|SENATOR MICHAEL D. CRAPO|2013|BANNER NET PAYROLL|0.0
warning,banner_check_discrepancy,114sdoc4,GPO-CDOC-114sdoc4.pdf,837,SENATOR MICHAEL D. CRAPO,2014,BANNER ORGANIZATION TOTALS,168010.74,status=fail; banner=168010.74; parsed_body=151788.31. Banner checks are advisory; review against the source before treating this as a parser defect.,114sdoc4|banner_check_discrepancy|837|SENATOR MICHAEL D. CRAPO|2014|BANNER ORGANIZATION TOTALS|168010.74
warning,banner_check_discrepancy,114sdoc4,GPO-CDOC-114sdoc4.pdf,840,SENATOR MICHAEL D. CRAPO,2015,BANNER ORGANIZATION TOTALS,1234748.41,status=fail; banner=1234748.41; parsed_body=1192951.81. Banner checks are advisory; review against the source before treating this as a parser defect.,114sdoc4|banner_check_discrepancy|840|SENATOR MICHAEL D. CRAPO|2015|BANNER ORGANIZATION TOTALS|1234748.41
warning,banner_check_missing,114sdoc4,GPO-CDOC-114sdoc4.pdf,849,SENATOR TED CRUZ,2013,BANNER NET PAYROLL,0.0,status=banner_missing; banner=0.0; parsed_body=0.0. Banner checks are advisory; review against the source before treating this as a parser defect.,114sdoc4|banner_check_missing|849|SENATOR TED CRUZ|2013|BANNER NET PAYROLL|0.0
warning,banner_check_discrepancy,114sdoc4,GPO-CDOC-114sdoc4.pdf,850,SENATOR TED CRUZ,2014,BANNER ORGANIZATION TOTALS,111071.83,status=fail; banner=111071.83; parsed_body=75435.0. Banner checks are advisory; review against the source before treating this as a parser defect.,114sdoc4|banner_check_discrepancy|850|SENATOR TED CRUZ|2014|BANNER ORGANIZATION TOTALS|111071.83
warning,banner_check_discrepancy,114sdoc4,GPO-CDOC-114sdoc4.pdf,855,SENATOR TED CRUZ,2015,BANNER ORGANIZATION TOTALS,2002341.47,status=fail; banner=2002341.47; parsed_body=1968220.73. Banner checks are advisory; review against the source before treating this as a parser defect.,114sdoc4|banner_check_discrepancy|855|SENATOR TED CRUZ|2015|BANNER ORGANIZATION TOTALS|2002341.47
warning,banner_check_discrepancy,114sdoc4,GPO-CDOC-114sdoc4.pdf,864,SENATOR STEVE DAINES,2015,BANNER ORGANIZATION TOTALS,546067.27,status=fail; banner=546067.27; parsed_body=523198.34. Banner checks are advisory; review against the source before treating this as a parser defect.,114sdoc4|banner_check_discrepancy|864|SENATOR STEVE DAINES|2015|BANNER ORGANIZATION TOTALS|546067.27
warning,banner_check_missing,114sdoc4,GPO-CDOC-114sdoc4.pdf,871,SENATOR JIM DEMINT,2013,BANNER NET PAYROLL,0.0,status=banner_missing; banner=0.0; parsed_body=0.0. Banner checks are advisory; review against the source before treating this as a parser defect.,114sdoc4|banner_check_missing|871|SENATOR JIM DEMINT|2013|BANNER NET PAYROLL|0.0
warning,banner_check_missing,114sdoc4,GPO-CDOC-114sdoc4.pdf,872,SENATOR JOE DONNELLY,2013,BANNER NET PAYROLL,0.0,status=banner_missing; banner=0.0; parsed_body=0.0. Banner checks are advisory; review against the source before treating this as a parser defect.,114sdoc4|banner_check_missing|872|SENATOR JOE DONNELLY|2013|BANNER NET PAYROLL|0.0
warning,banner_check_discrepancy,114sdoc4,GPO-CDOC-114sdoc4.pdf,873,SENATOR JOE DONNELLY,2014,BANNER ORGANIZATION TOTALS,30720.42,status=fail; banner=30720.42; parsed_body=15726.42. Banner checks are advisory; review against the source before treating this as a parser defect.,114sdoc4|banner_check_discrepancy|873|SENATOR JOE DONNELLY|2014|BANNER ORGANIZATION TOTALS|30720.42
warning,banner_check_discrepancy,114sdoc4,GPO-CDOC-114sdoc4.pdf,877,SENATOR JOE DONNELLY,2015,BANNER ORGANIZATION TOTALS,1311563.17,status=fail; banner=1311563.17; parsed_body=1280298.95. Banner checks are advisory; review against the source before treating this as a parser defect.,114sdoc4|banner_check_discrepancy|877|SENATOR JOE DONNELLY|2015|BANNER ORGANIZATION TOTALS|1311563.17
warning,banner_check_missing,114sdoc4,GPO-CDOC-114sdoc4.pdf,896,SENATOR RICHARD J. DURBIN,2013,BANNER NET PAYROLL,0.0,status=banner_missing; banner=0.0; parsed_body=0.0. Banner checks are advisory; review against the source before treating this as a parser defect.,114sdoc4|banner_check_missing|896|SENATOR RICHARD J. DURBIN|2013|BANNER NET PAYROLL|0.0
warning,banner_check_discrepancy,114sdoc4,GPO-CDOC-114sdoc4.pdf,897,SENATOR RICHARD J. DURBIN,2014,BANNER ORGANIZATION TOTALS,67771.93,status=fail; banner=67771.93; parsed_body=48668.5. Banner checks are advisory; review against the source before treating this as a parser defect.,114sdoc4|banner_check_discrepancy|897|SENATOR RICHARD J. DURBIN|2014|BANNER ORGANIZATION TOTALS|67771.93
warning,banner_check_discrepancy,114sdoc4,GPO-CDOC-114sdoc4.pdf,902,SENATOR RICHARD J. DURBIN,2015,BANNER ORGANIZATION TOTALS,1610401.48,status=fail; banner=1610401.48; parsed_body=1564025.54. Banner checks are advisory; review against the source before treating this as a parser defect.,114sdoc4|banner_check_discrepancy|902|SENATOR RICHARD J. DURBIN|2015|BANNER ORGANIZATION TOTALS|1610401.48
warning,banner_check_missing,114sdoc4,GPO-CDOC-114sdoc4.pdf,910,SENATOR MICHAEL B. ENZI,2013,BANNER NET PAYROLL,0.0,status=banner_missing; banner=0.0; parsed_body=0.0. Banner checks are advisory; review against the source before treating this as a parser defect.,114sdoc4|banner_check_missing|910|SENATOR MICHAEL B. ENZI|2013|BANNER NET PAYROLL|0.0
warning,banner_check_discrepancy,114sdoc4,GPO-CDOC-114sdoc4.pdf,911,SENATOR MICHAEL B. ENZI,2014,BANNER ORGANIZATION TOTALS,12640.65,status=fail; banner=12640.65; parsed_body=4526.42. Banner checks are advisory; review against the source before treating this as a parser defect.,114sdoc4|banner_check_discrepancy|911|SENATOR MICHAEL B. ENZI|2014|BANNER ORGANIZATION TOTALS|12640.65
warning,banner_check_discrepancy,114sdoc4,GPO-CDOC-114sdoc4.pdf,913,SENATOR MICHAEL B. ENZI,2015,BANNER ORGANIZATION TOTALS,1193375.01,status=fail; banner=1193375.01; parsed_body=1164614.92. Banner checks are advisory; review against the source before treating this as a parser defect.,114sdoc4|banner_check_discrepancy|913|SENATOR MICHAEL B. ENZI|2015|BANNER ORGANIZATION TOTALS|1193375.01
warning,banner_check_discrepancy,114sdoc4,GPO-CDOC-114sdoc4.pdf,920,SENATOR JONI ERNST,2015,BANNER ORGANIZATION TOTALS,419048.08,status=fail; banner=419048.08; parsed_body=397222.76. Banner checks are advisory; review against the source before treating this as a parser defect.,114sdoc4|banner_check_discrepancy|920|SENATOR JONI ERNST|2015|BANNER ORGANIZATION TOTALS|419048.08
warning,banner_check_missing,114sdoc4,GPO-CDOC-114sdoc4.pdf,923,SENATOR DIANNE FEINSTEIN,2013,BANNER NET PAYROLL,0.0,status=banner_missing; banner=0.0; parsed_body=0.0. Banner checks are advisory; review against the source before treating this as a parser defect.,114sdoc4|banner_check_missing|923|SENATOR DIANNE FEINSTEIN|2013|BANNER NET PAYROLL|0.0
warning,banner_check_discrepancy,114sdoc4,GPO-CDOC-114sdoc4.pdf,924,SENATOR DIANNE FEINSTEIN,2014,BANNER ORGANIZATION TOTALS,45645.41,status=fail; banner=45645.41; parsed_body=30442.7. Banner checks are advisory; review against the source before treating this as a parser defect.,114sdoc4|banner_check_discrepancy|924|SENATOR DIANNE FEINSTEIN|2014|BANNER ORGANIZATION TOTALS|45645.41
warning,banner_check_discrepancy,114sdoc4,GPO-CDOC-114sdoc4.pdf,926,SENATOR DIANNE FEINSTEIN,2015,BANNER ORGANIZATION TOTALS,2140068.03,status=fail; banner=2140068.03; parsed_body=2095933.12. Banner checks are advisory; review against the source before treating this as a parser defect.,114sdoc4|banner_check_discrepancy|926|SENATOR DIANNE FEINSTEIN|2015|BANNER ORGANIZATION TOTALS|2140068.03
warning,banner_check_missing,114sdoc4,GPO-CDOC-114sdoc4.pdf,934,SENATOR DEB FISCHER,2013,BANNER NET PAYROLL,0.0,status=banner_missing; banner=0.0; parsed_body=0.0. Banner checks are advisory; review against the source before treating this as a parser defect.,114sdoc4|banner_check_missing|934|SENATOR DEB FISCHER|2013|BANNER NET PAYROLL|0.0
warning,banner_check_discrepancy,114sdoc4,GPO-CDOC-114sdoc4.pdf,935,SENATOR DEB FISCHER,2014,BANNER ORGANIZATION TOTALS,32545.27,status=fail; banner=32545.27; parsed_body=16241.67. Banner checks are advisory; review against the source before treating this as a parser defect.,114sdoc4|banner_check_discrepancy|935|SENATOR DEB FISCHER|2014|BANNER ORGANIZATION TOTALS|32545.27
warning,banner_check_discrepancy,114sdoc4,GPO-CDOC-114sdoc4.pdf,937,SENATOR DEB FISCHER,2015,BANNER ORGANIZATION TOTALS,1346642.75,status=fail; banner=1346642.75; parsed_body=1316120.9. Banner checks are advisory; review against the source before treating this as a parser defect.,114sdoc4|banner_check_discrepancy|937|SENATOR DEB FISCHER|2015|BANNER ORGANIZATION TOTALS|1346642.75
warning,banner_check_missing,114sdoc4,GPO-CDOC-114sdoc4.pdf,947,SENATOR JEFF FLAKE,2013,BANNER NET PAYROLL,0.0,status=banner_missing; banner=0.0; parsed_body=0.0. Banner checks are advisory; review against the source before treating this as a parser defect.,114sdoc4|banner_check_missing|947|SENATOR JEFF FLAKE|2013|BANNER NET PAYROLL|0.0
warning,banner_check_discrepancy,114sdoc4,GPO-CDOC-114sdoc4.pdf,947,SENATOR JEFF FLAKE,2013,BANNER ORGANIZATION TOTALS,48.98,status=fail; banner=48.98; parsed_body=0.0. Banner checks are advisory; review against the source before treating this as a parser defect.,114sdoc4|banner_check_discrepancy|947|SENATOR JEFF FLAKE|2013|BANNER ORGANIZATION TOTALS|48.98
warning,banner_check_discrepancy,114sdoc4,GPO-CDOC-114sdoc4.pdf,948,SENATOR JEFF FLAKE,2014,BANNER ORGANIZATION TOTALS,71637.88,status=fail; banner=71637.88; parsed_body=27127.72. Banner checks are advisory; review against the source before treating this as a parser defect.,114sdoc4|banner_check_discrepancy|948|SENATOR JEFF FLAKE|2014|BANNER ORGANIZATION TOTALS|71637.88
warning,banner_check_discrepancy,114sdoc4,GPO-CDOC-114sdoc4.pdf,951,SENATOR JEFF FLAKE,2015,BANNER ORGANIZATION TOTALS,1304818.24,status=fail; banner=1304818.24; parsed_body=1282631.53. Banner checks are advisory; review against the source before treating this as a parser defect.,114sdoc4|banner_check_discrepancy|951|SENATOR JEFF FLAKE|2015|BANNER ORGANIZATION TOTALS|1304818.24
warning,banner_check_missing,114sdoc4,GPO-CDOC-114sdoc4.pdf,957,SENATOR AL FRANKEN,2013,BANNER NET PAYROLL,0.0,status=banner_missing; banner=0.0; parsed_body=0.0. Banner checks are advisory; review against the source before treating this as a parser defect.,114sdoc4|banner_check_missing|957|SENATOR AL FRANKEN|2013|BANNER NET PAYROLL|0.0
warning,banner_check_discrepancy,114sdoc4,GPO-CDOC-114sdoc4.pdf,958,SENATOR AL FRANKEN,2014,BANNER ORGANIZATION TOTALS,33575.6,status=fail; banner=33575.6; parsed_body=13609.63. Banner checks are advisory; review against the source before treating this as a parser defect.,114sdoc4|banner_check_discrepancy|958|SENATOR AL FRANKEN|2014|BANNER ORGANIZATION TOTALS|33575.6
warning,banner_check_discrepancy,114sdoc4,GPO-CDOC-114sdoc4.pdf,961,SENATOR AL FRANKEN,2015,BANNER ORGANIZATION TOTALS,1275934.15,status=fail; banner=1275934.15; parsed_body=1214766.64. Banner checks are advisory; review against the source before treating this as a parser defect.,114sdoc4|banner_check_discrepancy|961|SENATOR AL FRANKEN|2015|BANNER ORGANIZATION TOTALS|1275934.15
warning,banner_check_discrepancy,114sdoc4,GPO-CDOC-114sdoc4.pdf,970,SENATOR CORY GARDNER,2015,BANNER ORGANIZATION TOTALS,458256.54,status=fail; banner=458256.54; parsed_body=437392.68. Banner checks are advisory; review against the source before treating this as a parser defect.,114sdoc4|banner_check_discrepancy|970|SENATOR CORY GARDNER|2015|BANNER ORGANIZATION TOTALS|458256.54
warning,banner_check_missing,114sdoc4,GPO-CDOC-114sdoc4.pdf,973,SENATOR KIRSTEN GILLIBRAND,2013,BANNER NET PAYROLL,0.0,status=banner_missing; banner=0.0; parsed_body=0.0. Banner checks are advisory; review against the source before treating this as a parser defect.,114sdoc4|banner_check_missing|973|SENATOR KIRSTEN GILLIBRAND|2013|BANNER NET PAYROLL|0.0
warning,banner_check_discrepancy,114sdoc4,GPO-CDOC-114sdoc4.pdf,974,SENATOR KIRSTEN GILLIBRAND,2014,BANNER ORGANIZATION TOTALS,54077.2,status=fail; banner=54077.2; parsed_body=36588.19. Banner checks are advisory; review against the source before treating this as a parser defect.,114sdoc4|banner_check_discrepancy|974|SENATOR KIRSTEN GILLIBRAND|2014|BANNER ORGANIZATION TOTALS|54077.2
warning,banner_check_discrepancy,114sdoc4,GPO-CDOC-114sdoc4.pdf,978,SENATOR KIRSTEN GILLIBRAND,2015,BANNER ORGANIZATION TOTALS,1892747.73,status=fail; banner=1892747.73; parsed_body=1809372.16. Banner checks are advisory; review against the source before treating this as a parser defect.,114sdoc4|banner_check_discrepancy|978|SENATOR KIRSTEN GILLIBRAND|2015|BANNER ORGANIZATION TOTALS|1892747.73
warning,banner_check_missing,114sdoc4,GPO-CDOC-114sdoc4.pdf,996,SENATOR LINDSEY GRAHAM,2013,BANNER NET PAYROLL,0.0,status=banner_missing; banner=0.0; parsed_body=0.0. Banner checks are advisory; review against the source before treating this as a parser defect.,114sdoc4|banner_check_missing|996|SENATOR LINDSEY GRAHAM|2013|BANNER NET PAYROLL|0.0
warning,banner_check_missing,114sdoc4,GPO-CDOC-114sdoc4.pdf,997,SENATOR LINDSEY GRAHAM,2014,BANNER NET PAYROLL,0.0,status=banner_missing; banner=0.0; parsed_body=0.0. Banner checks are advisory; review against the source before treating this as a parser defect.,114sdoc4|banner_check_missing|997|SENATOR LINDSEY GRAHAM|2014|BANNER NET PAYROLL|0.0
warning,banner_check_discrepancy,114sdoc4,GPO-CDOC-114sdoc4.pdf,997,SENATOR LINDSEY GRAHAM,2014,BANNER ORGANIZATION TOTALS,33699.58,status=fail; banner=33699.58; parsed_body=21479.27. Banner checks are advisory; review against the source before treating this as a parser defect.,114sdoc4|banner_check_discrepancy|997|SENATOR LINDSEY GRAHAM|2014|BANNER ORGANIZATION TOTALS|33699.58
warning,banner_check_discrepancy,114sdoc4,GPO-CDOC-114sdoc4.pdf,999,SENATOR LINDSEY GRAHAM,2015,BANNER ORGANIZATION TOTALS,1421324.64,status=fail; banner=1421324.64; parsed_body=1401664.24. Banner checks are advisory; review against the source before treating this as a parser defect.,114sdoc4|banner_check_discrepancy|999|SENATOR LINDSEY GRAHAM|2015|BANNER ORGANIZATION TOTALS|1421324.64
warning,banner_check_missing,114sdoc4,GPO-CDOC-114sdoc4.pdf,1003,SENATOR CHARLES E. GRASSLEY,2013,BANNER NET PAYROLL,0.0,status=banner_missing; banner=0.0; parsed_body=0.0. Banner checks are advisory; review against the source before treating this as a parser defect.,114sdoc4|banner_check_missing|1003|SENATOR CHARLES E. GRASSLEY|2013|BANNER NET PAYROLL|0.0
warning,banner_check_discrepancy,114sdoc4,GPO-CDOC-114sdoc4.pdf,1004,SENATOR CHARLES E. GRASSLEY,2014,BANNER ORGANIZATION TOTALS,122310.37,status=fail; banner=122310.37; parsed_body=42152.18. Banner checks are advisory; review against the source before treating this as a parser defect.,114sdoc4|banner_check_discrepancy|1004|SENATOR CHARLES E. GRASSLEY|2014|BANNER ORGANIZATION TOTALS|122310.37
warning,banner_check_discrepancy,114sdoc4,GPO-CDOC-114sdoc4.pdf,1007,SENATOR CHARLES E. GRASSLEY,2015,BANNER ORGANIZATION TOTALS,1258725.53,status=fail; banner=1258725.53; parsed_body=1228693.61. Banner checks are advisory; review against the source before treating this as a parser defect.,114sdoc4|banner_check_discrepancy|1007|SENATOR CHARLES E. GRASSLEY|2015|BANNER ORGANIZATION TOTALS|1258725.53
warning,banner_check_missing,114sdoc4,GPO-CDOC-114sdoc4.pdf,1013,SENATOR KAY HAGAN,2013,BANNER NET PAYROLL,0.0,status=banner_missing; banner=0.0; parsed_body=0.0. Banner checks are advisory; review against the source before treating this as a parser defect.,114sdoc4|banner_check_missing|1013|SENATOR KAY HAGAN|2013|BANNER NET PAYROLL|0.0
warning,banner_check_discrepancy,114sdoc4,GPO-CDOC-114sdoc4.pdf,1014,SENATOR KAY HAGAN,2014,BANNER ORGANIZATION TOTALS,102852.25,status=fail; banner=102852.25; parsed_body=76020.37. Banner checks are advisory; review against the source before treating this as a parser defect.,114sdoc4|banner_check_discrepancy|1014|SENATOR KAY HAGAN|2014|BANNER ORGANIZATION TOTALS|102852.25
warning,banner_check_discrepancy,114sdoc4,GPO-CDOC-114sdoc4.pdf,1018,SENATOR KAY HAGAN,2015,BANNER ORGANIZATION TOTALS,1073977.03,status=fail; banner=1073977.03; parsed_body=1055861.86. Banner checks are advisory; review against the source before treating this as a parser defect.,114sdoc4|banner_check_discrepancy|1018|SENATOR KAY HAGAN|2015|BANNER ORGANIZATION TOTALS|1073977.03
warning,banner_check_missing,114sdoc4,GPO-CDOC-114sdoc4.pdf,1023,SENATOR TOM HARKIN,2013,BANNER NET PAYROLL,0.0,status=banner_missing; banner=0.0; parsed_body=0.0. Banner checks are advisory; review against the source before treating this as a parser defect.,114sdoc4|banner_check_missing|1023|SENATOR TOM HARKIN|2013|BANNER NET PAYROLL|0.0
warning,banner_check_discrepancy,114sdoc4,GPO-CDOC-114sdoc4.pdf,1023,SENATOR TOM HARKIN,2013,BANNER ORGANIZATION TOTALS,68.68,status=fail; banner=68.68; parsed_body=0.0. Banner checks are advisory; review against the source before treating this as a parser defect.,114sdoc4|banner_check_discrepancy|1023|SENATOR TOM HARKIN|2013|BANNER ORGANIZATION TOTALS|68.68
warning,banner_check_discrepancy,114sdoc4,GPO-CDOC-114sdoc4.pdf,1024,SENATOR TOM HARKIN,2014,BANNER ORGANIZATION TOTALS,22095.43,status=fail; banner=22095.43; parsed_body=8169.24. Banner checks are advisory; review against the source before treating this as a parser defect.,114sdoc4|banner_check_discrepancy|1024|SENATOR TOM HARKIN|2014|BANNER ORGANIZATION TOTALS|22095.43
warning,banner_check_discrepancy,114sdoc4,GPO-CDOC-114sdoc4.pdf,1026,SENATOR TOM HARKIN,2015,BANNER ORGANIZATION TOTALS,986477.14,status=fail; banner=986477.14; parsed_body=971557.8. Banner checks are advisory; review against the source before treating this as a parser defect.,114sdoc4|banner_check_discrepancy|1026|SENATOR TOM HARKIN|2015|BANNER ORGANIZATION TOTALS|986477.14
warning,banner_check_missing,114sdoc4,GPO-CDOC-114sdoc4.pdf,1031,SENATOR ORRIN G. HATCH,2013,BANNER NET PAYROLL,0.0,status=banner_missing; banner=0.0; parsed_body=0.0. Banner checks are advisory; review against the source before treating this as a parser defect.,114sdoc4|banner_check_missing|1031|SENATOR ORRIN G. HATCH|2013|BANNER NET PAYROLL|0.0
warning,banner_check_discrepancy,114sdoc4,GPO-CDOC-114sdoc4.pdf,1032,SENATOR ORRIN G. HATCH,2014,BANNER ORGANIZATION TOTALS,264035.03,status=fail; banner=264035.03; parsed_body=227885.15. Banner checks are advisory; review against the source before treating this as a parser defect.,114sdoc4|banner_check_discrepancy|1032|SENATOR ORRIN G. HATCH|2014|BANNER ORGANIZATION TOTALS|264035.03
warning,banner_check_discrepancy,114sdoc4,GPO-CDOC-114sdoc4.pdf,1035,SENATOR ORRIN G. HATCH,2015,BANNER ORGANIZATION TOTALS,1247446.9,status=fail; banner=1247446.9; parsed_body=1225658.16. Banner checks are advisory; review against the source before treating this as a parser defect.,114sdoc4|banner_check_discrepancy|1035|SENATOR ORRIN G. HATCH|2015|BANNER ORGANIZATION TOTALS|1247446.9
warning,banner_check_missing,114sdoc4,GPO-CDOC-114sdoc4.pdf,1041,SENATOR MARTIN HEINRICH,2013,BANNER NET PAYROLL,0.0,status=banner_missing; banner=0.0; parsed_body=0.0. Banner checks are advisory; review against the source before treating this as a parser defect.,114sdoc4|banner_check_missing|1041|SENATOR MARTIN HEINRICH|2013|BANNER NET PAYROLL|0.0
warning,banner_check_discrepancy,114sdoc4,GPO-CDOC-114sdoc4.pdf,1042,SENATOR MARTIN HEINRICH,2014,BANNER ORGANIZATION TOTALS,109781.21,status=fail; banner=109781.21; parsed_body=75662.99. Banner checks are advisory; review against the source before treating this as a parser defect.,114sdoc4|banner_check_discrepancy|1042|SENATOR MARTIN HEINRICH|2014|BANNER ORGANIZATION TOTALS|109781.21
warning,banner_check_discrepancy,114sdoc4,GPO-CDOC-114sdoc4.pdf,1045,SENATOR MARTIN HEINRICH,2015,BANNER ORGANIZATION TOTALS,1390982.52,status=fail; banner=1390982.52; parsed_body=1377549.39. Banner checks are advisory; review against the source before treating this as a parser defect.,114sdoc4|banner_check_discrepancy|1045|SENATOR MARTIN HEINRICH|2015|BANNER ORGANIZATION TOTALS|1390982.52
warning,banner_check_missing,114sdoc4,GPO-CDOC-114sdoc4.pdf,1058,SENATOR HEIDI HEITKAMP,2013,BANNER NET PAYROLL,0.0,status=banner_missing; banner=0.0; parsed_body=0.0. Banner checks are advisory; review against the source before treating this as a parser defect.,114sdoc4|banner_check_missing|1058|SENATOR HEIDI HEITKAMP|2013|BANNER NET PAYROLL|0.0
warning,banner_check_discrepancy,114sdoc4,GPO-CDOC-114sdoc4.pdf,1059,SENATOR HEIDI HEITKAMP,2014,BANNER ORGANIZATION TOTALS,71164.77,status=fail; banner=71164.77; parsed_body=54515.51. Banner checks are advisory; review against the source before treating this as a parser defect.,114sdoc4|banner_check_discrepancy|1059|SENATOR HEIDI HEITKAMP|2014|BANNER ORGANIZATION TOTALS|71164.77
warning,banner_check_discrepancy,114sdoc4,GPO-CDOC-114sdoc4.pdf,1062,SENATOR HEIDI HEITKAMP,2015,BANNER ORGANIZATION TOTALS,1311602.82,status=fail; banner=1311602.82; parsed_body=1288315.53. Banner checks are advisory; review against the source before treating this as a parser defect.,114sdoc4|banner_check_discrepancy|1062|SENATOR HEIDI HEITKAMP|2015|BANNER ORGANIZATION TOTALS|1311602.82
warning,banner_check_missing,114sdoc4,GPO-CDOC-114sdoc4.pdf,1071,SENATOR DEAN HELLER,2013,BANNER NET PAYROLL,0.0,status=banner_missing; banner=0.0; parsed_body=0.0. Banner checks are advisory; review against the source before treating this as a parser defect.,114sdoc4|banner_check_missing|1071|SENATOR DEAN HELLER|2013|BANNER NET PAYROLL|0.0
warning,banner_check_discrepancy,114sdoc4,GPO-CDOC-114sdoc4.pdf,1072,SENATOR DEAN HELLER,2014,BANNER ORGANIZATION TOTALS,134042.58,status=fail; banner=134042.58; parsed_body=39144.34. Banner checks are advisory; review against the source before treating this as a parser defect.,114sdoc4|banner_check_discrepancy|1072|SENATOR DEAN HELLER|2014|BANNER ORGANIZATION TOTALS|134042.58
warning,banner_check_discrepancy,114sdoc4,GPO-CDOC-114sdoc4.pdf,1075,SENATOR DEAN HELLER,2015,BANNER ORGANIZATION TOTALS,1188815.96,status=fail; banner=1188815.96; parsed_body=1139493.24. Banner checks are advisory; review against the source before treating this as a parser defect.,114sdoc4|banner_check_discrepancy|1075|SENATOR DEAN HELLER|2015|BANNER ORGANIZATION TOTALS|1188815.96
warning,banner_check_missing,114sdoc4,GPO-CDOC-114sdoc4.pdf,1081,SENATOR MAZIE HIRONO,2013,BANNER NET PAYROLL,0.0,status=banner_missing; banner=0.0; parsed_body=0.0. Banner checks are advisory; review against the source before treating this as a parser defect.,114sdoc4|banner_check_missing|1081|SENATOR MAZIE HIRONO|2013|BANNER NET PAYROLL|0.0
warning,banner_check_discrepancy,114sdoc4,GPO-CDOC-114sdoc4.pdf,1082,SENATOR MAZIE HIRONO,2014,BANNER ORGANIZATION TOTALS,171416.65,status=fail; banner=171416.65; parsed_body=71959.7. Banner checks are advisory; review against the source before treating this as a parser defect.,114sdoc4|banner_check_discrepancy|1082|SENATOR MAZIE HIRONO|2014|BANNER ORGANIZATION TOTALS|171416.65
warning,banner_check_discrepancy,114sdoc4,GPO-CDOC-114sdoc4.pdf,1085,SENATOR MAZIE HIRONO,2015,BANNER ORGANIZATION TOTALS,1026910.23,status=fail; banner=1026910.23; parsed_body=1044195.61. Banner checks are advisory; review against the source before treating this as a parser defect.,114sdoc4|banner_check_discrepancy|1085|SENATOR MAZIE HIRONO|2015|BANNER ORGANIZATION TOTALS|1026910.23
warning,banner_check_missing,114sdoc4,GPO-CDOC-114sdoc4.pdf,1089,SENATOR JOHN HOEVEN,2013,BANNER NET PAYROLL,0.0,status=banner_missing; banner=0.0; parsed_body=0.0. Banner checks are advisory; review against the source before treating this as a parser defect.,114sdoc4|banner_check_missing|1089|SENATOR JOHN HOEVEN|2013|BANNER NET PAYROLL|0.0
warning,banner_check_discrepancy,114sdoc4,GPO-CDOC-114sdoc4.pdf,1090,SENATOR JOHN HOEVEN,2014,BANNER ORGANIZATION TOTALS,79629.43,status=fail; banner=79629.43; parsed_body=70747.77. Banner checks are advisory; review against the source before treating this as a parser defect.,114sdoc4|banner_check_discrepancy|1090|SENATOR JOHN HOEVEN|2014|BANNER ORGANIZATION TOTALS|79629.43
warning,banner_check_discrepancy,114sdoc4,GPO-CDOC-114sdoc4.pdf,1093,SENATOR JOHN HOEVEN,2015,BANNER ORGANIZATION TOTALS,1149387.92,status=fail; banner=1149387.92; parsed_body=1132985.7. Banner checks are advisory; review against the source before treating this as a parser defect.,114sdoc4|banner_check_discrepancy|1093|SENATOR JOHN HOEVEN|2015|BANNER ORGANIZATION TOTALS|1149387.92
warning,banner_check_missing,114sdoc4,GPO-CDOC-114sdoc4.pdf,1099,SENATOR KAY BAILEY HUTCHISON,2013,BANNER NET PAYROLL,0.0,status=banner_missing; banner=0.0; parsed_body=0.0. Banner checks are advisory; review against the source before treating this as a parser defect.,114sdoc4|banner_check_missing|1099|SENATOR KAY BAILEY HUTCHISON|2013|BANNER NET PAYROLL|0.0
warning,banner_check_missing,114sdoc4,GPO-CDOC-114sdoc4.pdf,1100,SENATOR JAMES M. INHOFE,2013,BANNER NET PAYROLL,0.0,status=banner_missing; banner=0.0; parsed_body=0.0. Banner checks are advisory; review against the source before treating this as a parser defect.,114sdoc4|banner_check_missing|1100|SENATOR JAMES M. INHOFE|2013|BANNER NET PAYROLL|0.0
warning,banner_check_discrepancy,114sdoc4,GPO-CDOC-114sdoc4.pdf,1101,SENATOR JAMES M. INHOFE,2014,BANNER ORGANIZATION TOTALS,53387.08,status=fail; banner=53387.08; parsed_body=23208.54. Banner checks are advisory; review against the source before treating this as a parser defect.,114sdoc4|banner_check_discrepancy|1101|SENATOR JAMES M. INHOFE|2014|BANNER ORGANIZATION TOTALS|53387.08
warning,banner_check_discrepancy,114sdoc4,GPO-CDOC-114sdoc4.pdf,1105,SENATOR JAMES M. INHOFE,2015,BANNER ORGANIZATION TOTALS,1253964.47,status=fail; banner=1253964.47; parsed_body=1198667.18. Banner checks are advisory; review against the source before treating this as a parser defect.,114sdoc4|banner_check_discrepancy|1105|SENATOR JAMES M. INHOFE|2015|BANNER ORGANIZATION TOTALS|1253964.47
warning,banner_check_missing,114sdoc4,GPO-CDOC-114sdoc4.pdf,1115,SENATOR DANIEL K. INOUYE,2013,BANNER NET PAYROLL,0.0,status=banner_missing; banner=0.0; parsed_body=0.0. Banner checks are advisory; review against the source before treating this as a parser defect.,114sdoc4|banner_check_missing|1115|SENATOR DANIEL K. INOUYE|2013|BANNER NET PAYROLL|0.0
warning,banner_check_missing,114sdoc4,GPO-CDOC-114sdoc4.pdf,1116,SENATOR JOHNNY ISAKSON,2013,BANNER NET PAYROLL,0.0,status=banner_missing; banner=0.0; parsed_body=0.0. Banner checks are advisory; review against the source before treating this as a parser defect.,114sdoc4|banner_check_missing|1116|SENATOR JOHNNY ISAKSON|2013|BANNER NET PAYROLL|0.0
warning,banner_check_discrepancy,114sdoc4,GPO-CDOC-114sdoc4.pdf,1117,SENATOR JOHNNY ISAKSON,2014,BANNER ORGANIZATION TOTALS,43815.98,status=fail; banner=43815.98; parsed_body=26951.96. Banner checks are advisory; review against the source before treating this as a parser defect.,114sdoc4|banner_check_discrepancy|1117|SENATOR JOHNNY ISAKSON|2014|BANNER ORGANIZATION TOTALS|43815.98
warning,banner_check_discrepancy,114sdoc4,GPO-CDOC-114sdoc4.pdf,1125,SENATOR JOHNNY ISAKSON,2015,BANNER ORGANIZATION TOTALS,1324589.4,status=fail; banner=1324589.4; parsed_body=1330944.18. Banner checks are advisory; review against the source before treating this as a parser defect.,114sdoc4|banner_check_discrepancy|1125|SENATOR JOHNNY ISAKSON|2015|BANNER ORGANIZATION TOTALS|1324589.4
warning,banner_check_missing,114sdoc4,GPO-CDOC-114sdoc4.pdf,1145,SENATOR MIKE JOHANNS,2013,BANNER NET PAYROLL,0.0,status=banner_missing; banner=0.0; parsed_body=0.0. Banner checks are advisory; review against the source before treating this as a parser defect.,114sdoc4|banner_check_missing|1145|SENATOR MIKE JOHANNS|2013|BANNER NET PAYROLL|0.0
warning,banner_check_discrepancy,114sdoc4,GPO-CDOC-114sdoc4.pdf,1146,SENATOR MIKE JOHANNS,2014,BANNER ORGANIZATION TOTALS,19154.82,status=fail; banner=19154.82; parsed_body=12440.3. Banner checks are advisory; review against the source before treating this as a parser defect.,114sdoc4|banner_check_discrepancy|1146|SENATOR MIKE JOHANNS|2014|BANNER ORGANIZATION TOTALS|19154.82
warning,banner_check_discrepancy,114sdoc4,GPO-CDOC-114sdoc4.pdf,1148,SENATOR MIKE JOHANNS,2015,BANNER ORGANIZATION TOTALS,653086.02,status=fail; banner=653086.02; parsed_body=646191.14. Banner checks are advisory; review against the source before treating this as a parser defect.,114sdoc4|banner_check_discrepancy|1148|SENATOR MIKE JOHANNS|2015|BANNER ORGANIZATION TOTALS|653086.02
warning,banner_check_missing,114sdoc4,GPO-CDOC-114sdoc4.pdf,1152,SENATOR TIM JOHNSON,2013,BANNER NET PAYROLL,0.0,status=banner_missing; banner=0.0; parsed_body=0.0. Banner checks are advisory; review against the source before treating this as a parser defect.,114sdoc4|banner_check_missing|1152|SENATOR TIM JOHNSON|2013|BANNER NET PAYROLL|0.0
warning,banner_check_discrepancy,114sdoc4,GPO-CDOC-114sdoc4.pdf,1153,SENATOR TIM JOHNSON,2014,BANNER ORGANIZATION TOTALS,14976.91,status=fail; banner=14976.91; parsed_body=8239.13. Banner checks are advisory; review against the source before treating this as a parser defect.,114sdoc4|banner_check_discrepancy|1153|SENATOR TIM JOHNSON|2014|BANNER ORGANIZATION TOTALS|14976.91
warning,banner_check_discrepancy,114sdoc4,GPO-CDOC-114sdoc4.pdf,1155,SENATOR TIM JOHNSON,2015,BANNER ORGANIZATION TOTALS,953558.47,status=fail; banner=953558.47; parsed_body=944481.97. Banner checks are advisory; review against the source before treating this as a parser defect.,114sdoc4|banner_check_discrepancy|1155|SENATOR TIM JOHNSON|2015|BANNER ORGANIZATION TOTALS|953558.47
warning,banner_check_missing,114sdoc4,GPO-CDOC-114sdoc4.pdf,1158,SENATOR RON JOHNSON,2013,BANNER NET PAYROLL,0.0,status=banner_missing; banner=0.0; parsed_body=0.0. Banner checks are advisory; review against the source before treating this as a parser defect.,114sdoc4|banner_check_missing|1158|SENATOR RON JOHNSON|2013|BANNER NET PAYROLL|0.0
warning,banner_check_discrepancy,114sdoc4,GPO-CDOC-114sdoc4.pdf,1159,SENATOR RON JOHNSON,2014,BANNER ORGANIZATION TOTALS,98066.3,status=fail; banner=98066.3; parsed_body=33990.45. Banner checks are advisory; review against the source before treating this as a parser defect.,114sdoc4|banner_check_discrepancy|1159|SENATOR RON JOHNSON|2014|BANNER ORGANIZATION TOTALS|98066.3
warning,banner_check_discrepancy,114sdoc4,GPO-CDOC-114sdoc4.pdf,1165,SENATOR RON JOHNSON,2015,BANNER ORGANIZATION TOTALS,1202099.05,status=fail; banner=1202099.05; parsed_body=1175709.75. Banner checks are advisory; review against the source before treating this as a parser defect.,114sdoc4|banner_check_discrepancy|1165|SENATOR RON JOHNSON|2015|BANNER ORGANIZATION TOTALS|1202099.05
warning,banner_check_missing,114sdoc4,GPO-CDOC-114sdoc4.pdf,1176,SENATOR TIM KAINE,2013,BANNER NET PAYROLL,0.0,status=banner_missing; banner=0.0; parsed_body=0.0. Banner checks are advisory; review against the source before treating this as a parser defect.,114sdoc4|banner_check_missing|1176|SENATOR TIM KAINE|2013|BANNER NET PAYROLL|0.0
warning,banner_check_discrepancy,114sdoc4,GPO-CDOC-114sdoc4.pdf,1177,SENATOR TIM KAINE,2014,BANNER ORGANIZATION TOTALS,285273.84,status=fail; banner=285273.84; parsed_body=148043.73. Banner checks are advisory; review against the source before treating this as a parser defect.,114sdoc4|banner_check_discrepancy|1177|SENATOR TIM KAINE|2014|BANNER ORGANIZATION TOTALS|285273.84
warning,banner_check_discrepancy,114sdoc4,GPO-CDOC-114sdoc4.pdf,1186,SENATOR TIM KAINE,2015,BANNER ORGANIZATION TOTALS,1396562.0,status=fail; banner=1396562.0; parsed_body=1364268.24. Banner checks are advisory; review against the source before treating this as a parser defect.,114sdoc4|banner_check_discrepancy|1186|SENATOR TIM KAINE|2015|BANNER ORGANIZATION TOTALS|1396562.0
warning,banner_check_missing,114sdoc4,GPO-CDOC-114sdoc4.pdf,1196,SENATOR JOHN F. KERRY,2013,BANNER NET PAYROLL,0.0,status=banner_missing; banner=0.0; parsed_body=0.0. Banner checks are advisory; review against the source before treating this as a parser defect.,114sdoc4|banner_check_missing|1196|SENATOR JOHN F. KERRY|2013|BANNER NET PAYROLL|0.0
warning,banner_check_missing,114sdoc4,GPO-CDOC-114sdoc4.pdf,1197,SENATOR ANGUS KING,2013,BANNER NET PAYROLL,0.0,status=banner_missing; banner=0.0; parsed_body=0.0. Banner checks are advisory; review against the source before treating this as a parser defect.,114sdoc4|banner_check_missing|1197|SENATOR ANGUS KING|2013|BANNER NET PAYROLL|0.0
warning,banner_check_discrepancy,114sdoc4,GPO-CDOC-114sdoc4.pdf,1197,SENATOR ANGUS KING,2013,BANNER ORGANIZATION TOTALS,985.38,status=fail; banner=985.38; parsed_body=0.0. Banner checks are advisory; review against the source before treating this as a parser defect.,114sdoc4|banner_check_discrepancy|1197|SENATOR ANGUS KING|2013|BANNER ORGANIZATION TOTALS|985.38
warning,banner_check_discrepancy,114sdoc4,GPO-CDOC-114sdoc4.pdf,1198,SENATOR ANGUS KING,2014,BANNER ORGANIZATION TOTALS,37687.54,status=fail; banner=37687.54; parsed_body=14536.65. Banner checks are advisory; review against the source before treating this as a parser defect.,114sdoc4|banner_check_discrepancy|1198|SENATOR ANGUS KING|2014|BANNER ORGANIZATION TOTALS|37687.54
warning,banner_check_discrepancy,114sdoc4,GPO-CDOC-114sdoc4.pdf,1201,SENATOR ANGUS KING,2015,BANNER ORGANIZATION TOTALS,1484818.44,status=fail; banner=1484818.44; parsed_body=1455262.48. Banner checks are advisory; review against the source before treating this as a parser defect.,114sdoc4|banner_check_discrepancy|1201|SENATOR ANGUS KING|2015|BANNER ORGANIZATION TOTALS|1484818.44
warning,banner_check_missing,114sdoc4,GPO-CDOC-114sdoc4.pdf,1215,SENATOR MARK KIRK,2013,BANNER NET PAYROLL,0.0,status=banner_missing; banner=0.0; parsed_body=0.0. Banner checks are advisory; review against the source before treating this as a parser defect.,114sdoc4|banner_check_missing|1215|SENATOR MARK KIRK|2013|BANNER NET PAYROLL|0.0
warning,banner_check_discrepancy,114sdoc4,GPO-CDOC-114sdoc4.pdf,1216,SENATOR MARK KIRK,2014,BANNER ORGANIZATION TOTALS,29060.34,status=fail; banner=29060.34; parsed_body=16920.74. Banner checks are advisory; review against the source before treating this as a parser defect.,114sdoc4|banner_check_discrepancy|1216|SENATOR MARK KIRK|2014|BANNER ORGANIZATION TOTALS|29060.34
warning,banner_check_discrepancy,114sdoc4,GPO-CDOC-114sdoc4.pdf,1219,SENATOR MARK KIRK,2015,BANNER ORGANIZATION TOTALS,1595666.42,status=fail; banner=1595666.42; parsed_body=1546911.32. Banner checks are advisory; review against the source before treating this as a parser defect.,114sdoc4|banner_check_discrepancy|1219|SENATOR MARK KIRK|2015|BANNER ORGANIZATION TOTALS|1595666.42
warning,banner_check_missing,114sdoc4,GPO-CDOC-114sdoc4.pdf,1229,SENATOR AMY KLOBUCHAR,2013,BANNER NET PAYROLL,0.0,status=banner_missing; banner=0.0; parsed_body=0.0. Banner checks are advisory; review against the source before treating this as a parser defect.,114sdoc4|banner_check_missing|1229|SENATOR AMY KLOBUCHAR|2013|BANNER NET PAYROLL|0.0
warning,banner_check_discrepancy,114sdoc4,GPO-CDOC-114sdoc4.pdf,1230,SENATOR AMY KLOBUCHAR,2014,BANNER ORGANIZATION TOTALS,29919.36,status=fail; banner=29919.36; parsed_body=15835.05. Banner checks are advisory; review against the source before treating this as a parser defect.,114sdoc4|banner_check_discrepancy|1230|SENATOR AMY KLOBUCHAR|2014|BANNER ORGANIZATION TOTALS|29919.36
warning,banner_check_discrepancy,114sdoc4,GPO-CDOC-114sdoc4.pdf,1234,SENATOR AMY KLOBUCHAR,2015,BANNER ORGANIZATION TOTALS,1332438.22,status=fail; banner=1332438.22; parsed_body=1299908.77. Banner checks are advisory; review against the source before treating this as a parser defect.,114sdoc4|banner_check_discrepancy|1234|SENATOR AMY KLOBUCHAR|2015|BANNER ORGANIZATION TOTALS|1332438.22
warning,banner_check_missing,114sdoc4,GPO-CDOC-114sdoc4.pdf,1248,SENATOR HERBERT H. KOHL,2013,BANNER NET PAYROLL,0.0,status=banner_missing; banner=0.0; parsed_body=0.0. Banner checks are advisory; review against the source before treating this as a parser defect.,114sdoc4|banner_check_missing|1248|SENATOR HERBERT H. KOHL|2013|BANNER NET PAYROLL|0.0
warning,banner_check_missing,114sdoc4,GPO-CDOC-114sdoc4.pdf,1249,SENATOR JON KYL,2013,BANNER NET PAYROLL,0.0,status=banner_missing; banner=0.0; parsed_body=0.0. Banner checks are advisory; review against the source before treating this as a parser defect.,114sdoc4|banner_check_missing|1249|SENATOR JON KYL|2013|BANNER NET PAYROLL|0.0
warning,banner_check_missing,114sdoc4,GPO-CDOC-114sdoc4.pdf,1250,SENATOR MARY L. LANDRIEU,2013,BANNER NET PAYROLL,0.0,status=banner_missing; banner=0.0; parsed_body=0.0. Banner checks are advisory; review against the source before treating this as a parser defect.,114sdoc4|banner_check_missing|1250|SENATOR MARY L. LANDRIEU|2013|BANNER NET PAYROLL|0.0
warning,banner_check_discrepancy,114sdoc4,GPO-CDOC-114sdoc4.pdf,1252,SENATOR MARY L. LANDRIEU,2014,BANNER ORGANIZATION TOTALS,72402.69,status=fail; banner=72402.69; parsed_body=49451.39. Banner checks are advisory; review against the source before treating this as a parser defect.,114sdoc4|banner_check_discrepancy|1252|SENATOR MARY L. LANDRIEU|2014|BANNER ORGANIZATION TOTALS|72402.69
warning,banner_check_discrepancy,114sdoc4,GPO-CDOC-114sdoc4.pdf,1256,SENATOR MARY L. LANDRIEU,2015,BANNER ORGANIZATION TOTALS,809273.28,status=fail; banner=809273.28; parsed_body=786675.4. Banner checks are advisory; review against the source before treating this as a parser defect.,114sdoc4|banner_check_discrepancy|1256|SENATOR MARY L. LANDRIEU|2015|BANNER ORGANIZATION TOTALS|809273.28
warning,banner_check_discrepancy,114sdoc4,GPO-CDOC-114sdoc4.pdf,1261,SENATOR JAMES LANKFORD,2015,BANNER ORGANIZATION TOTALS,545078.91,status=fail; banner=545078.91; parsed_body=527650.28. Banner checks are advisory; review against the source before treating this as a parser defect.,114sdoc4|banner_check_discrepancy|1261|SENATOR JAMES LANKFORD|2015|BANNER ORGANIZATION TOTALS|545078.91
warning,banner_check_missing,114sdoc4,GPO-CDOC-114sdoc4.pdf,1265,SENATOR FRANK R. LAUTENBERG,2013,BANNER NET PAYROLL,0.0,status=banner_missing; banner=0.0; parsed_body=0.0. Banner checks are advisory; review against the source before treating this as a parser defect.,114sdoc4|banner_check_missing|1265|SENATOR FRANK R. LAUTENBERG|2013|BANNER NET PAYROLL|0.0
warning,banner_check_missing,114sdoc4,GPO-CDOC-114sdoc4.pdf,1266,SENATOR PATRICK J. LEAHY,2013,BANNER NET PAYROLL,0.0,status=banner_missing; banner=0.0; parsed_body=0.0. Banner checks are advisory; review against the source before treating this as a parser defect.,114sdoc4|banner_check_missing|1266|SENATOR PATRICK J. LEAHY|2013|BANNER NET PAYROLL|0.0
warning,banner_check_discrepancy,114sdoc4,GPO-CDOC-114sdoc4.pdf,1267,SENATOR PATRICK J. LEAHY,2014,BANNER ORGANIZATION TOTALS,64639.64,status=fail; banner=64639.64; parsed_body=37889.38. Banner checks are advisory; review against the source before treating this as a parser defect.,114sdoc4|banner_check_discrepancy|1267|SENATOR PATRICK J. LEAHY|2014|BANNER ORGANIZATION TOTALS|64639.64
warning,banner_check_discrepancy,114sdoc4,GPO-CDOC-114sdoc4.pdf,1273,SENATOR PATRICK J. LEAHY,2015,BANNER ORGANIZATION TOTALS,1218008.43,status=fail; banner=1218008.43; parsed_body=1194636.21. Banner checks are advisory; review against the source before treating this as a parser defect.,114sdoc4|banner_check_discrepancy|1273|SENATOR PATRICK J. LEAHY|2015|BANNER ORGANIZATION TOTALS|1218008.43
warning,banner_check_missing,114sdoc4,GPO-CDOC-114sdoc4.pdf,1280,SENATOR MIKE LEE,2013,BANNER NET PAYROLL,0.0,status=banner_missing; banner=0.0; parsed_body=0.0. Banner checks are advisory; review against the source before treating this as a parser defect.,114sdoc4|banner_check_missing|1280|SENATOR MIKE LEE|2013|BANNER NET PAYROLL|0.0
warning,banner_check_discrepancy,114sdoc4,GPO-CDOC-114sdoc4.pdf,1280,SENATOR MIKE LEE,2013,BANNER ORGANIZATION TOTALS,15310.0,status=fail; banner=15310.0; parsed_body=0.0. Banner checks are advisory; review against the source before treating this as a parser defect.,114sdoc4|banner_check_discrepancy|1280|SENATOR MIKE LEE|2013|BANNER ORGANIZATION TOTALS|15310.0
warning,banner_check_discrepancy,114sdoc4,GPO-CDOC-114sdoc4.pdf,1281,SENATOR MIKE LEE,2014,BANNER ORGANIZATION TOTALS,159399.38,status=fail; banner=159399.38; parsed_body=46789.48. Banner checks are advisory; review against the source before treating this as a parser defect.,114sdoc4|banner_check_discrepancy|1281|SENATOR MIKE LEE|2014|BANNER ORGANIZATION TOTALS|159399.38
warning,banner_check_discrepancy,114sdoc4,GPO-CDOC-114sdoc4.pdf,1283,SENATOR MIKE LEE,2015,BANNER ORGANIZATION TOTALS,1274399.19,status=fail; banner=1274399.19; parsed_body=1252444.46. Banner checks are advisory; review against the source before treating this as a parser defect.,114sdoc4|banner_check_discrepancy|1283|SENATOR MIKE LEE|2015|BANNER ORGANIZATION TOTALS|1274399.19
warning,banner_check_missing,114sdoc4,GPO-CDOC-114sdoc4.pdf,1289,SENATOR CARL LEVIN,2013,BANNER NET PAYROLL,0.0,status=banner_missing; banner=0.0; parsed_body=0.0. Banner checks are advisory; review against the source before treating this as a parser defect.,114sdoc4|banner_check_missing|1289|SENATOR CARL LEVIN|2013|BANNER NET PAYROLL|0.0
warning,banner_check_discrepancy,114sdoc4,GPO-CDOC-114sdoc4.pdf,1290,SENATOR CARL LEVIN,2014,BANNER ORGANIZATION TOTALS,45235.43,status=fail; banner=45235.43; parsed_body=31224.71. Banner checks are advisory; review against the source before treating this as a parser defect.,114sdoc4|banner_check_discrepancy|1290|SENATOR CARL LEVIN|2014|BANNER ORGANIZATION TOTALS|45235.43
warning,banner_check_discrepancy,114sdoc4,GPO-CDOC-114sdoc4.pdf,1292,SENATOR CARL LEVIN,2015,BANNER ORGANIZATION TOTALS,1110622.85,status=fail; banner=1110622.85; parsed_body=1101491.6. Banner checks are advisory; review against the source before treating this as a parser defect.,114sdoc4|banner_check_discrepancy|1292|SENATOR CARL LEVIN|2015|BANNER ORGANIZATION TOTALS|1110622.85
warning,banner_check_missing,114sdoc4,GPO-CDOC-114sdoc4.pdf,1296,SENATOR JOSEPH I. LIEBERMAN,2013,BANNER NET PAYROLL,0.0,status=banner_missing; banner=0.0; parsed_body=0.0. Banner checks are advisory; review against the source before treating this as a parser defect.,114sdoc4|banner_check_missing|1296|SENATOR JOSEPH I. LIEBERMAN|2013|BANNER NET PAYROLL|0.0
warning,banner_check_missing,114sdoc4,GPO-CDOC-114sdoc4.pdf,1297,SENATOR RICHARD G. LUGAR,2013,BANNER NET PAYROLL,0.0,status=banner_missing; banner=0.0; parsed_body=0.0. Banner checks are advisory; review against the source before treating this as a parser defect.,114sdoc4|banner_check_missing|1297|SENATOR RICHARD G. LUGAR|2013|BANNER NET PAYROLL|0.0
warning,banner_check_missing,114sdoc4,GPO-CDOC-114sdoc4.pdf,1298,SENATOR JOE MANCHIN,2013,BANNER NET PAYROLL,0.0,status=banner_missing; banner=0.0; parsed_body=0.0. Banner checks are advisory; review against the source before treating this as a parser defect.,114sdoc4|banner_check_missing|1298|SENATOR JOE MANCHIN|2013|BANNER NET PAYROLL|0.0
warning,banner_check_discrepancy,114sdoc4,GPO-CDOC-114sdoc4.pdf,1299,SENATOR JOE MANCHIN,2014,BANNER ORGANIZATION TOTALS,51079.82,status=fail; banner=51079.82; parsed_body=12709.44. Banner checks are advisory; review against the source before treating this as a parser defect.,114sdoc4|banner_check_discrepancy|1299|SENATOR JOE MANCHIN|2014|BANNER ORGANIZATION TOTALS|51079.82
warning,banner_check_discrepancy,114sdoc4,GPO-CDOC-114sdoc4.pdf,1303,SENATOR JOE MANCHIN,2015,BANNER ORGANIZATION TOTALS,1264174.79,status=fail; banner=1264174.79; parsed_body=1219238.47. Banner checks are advisory; review against the source before treating this as a parser defect.,114sdoc4|banner_check_discrepancy|1303|SENATOR JOE MANCHIN|2015|BANNER ORGANIZATION TOTALS|1264174.79
warning,banner_check_missing,114sdoc4,GPO-CDOC-114sdoc4.pdf,1316,SENATOR EDWARD MARKEY,2013,BANNER NET PAYROLL,0.0,status=banner_missing; banner=0.0; parsed_body=0.0. Banner checks are advisory; review against the source before treating this as a parser defect.,114sdoc4|banner_check_missing|1316|SENATOR EDWARD MARKEY|2013|BANNER NET PAYROLL|0.0
warning,banner_check_discrepancy,114sdoc4,GPO-CDOC-114sdoc4.pdf,1317,SENATOR EDWARD MARKEY,2014,BANNER ORGANIZATION TOTALS,24524.79,status=fail; banner=24524.79; parsed_body=7665.38. Banner checks are advisory; review against the source before treating this as a parser defect.,114sdoc4|banner_check_discrepancy|1317|SENATOR EDWARD MARKEY|2014|BANNER ORGANIZATION TOTALS|24524.79
warning,banner_check_discrepancy,114sdoc4,GPO-CDOC-114sdoc4.pdf,1318,SENATOR EDWARD MARKEY,2015,BANNER ORGANIZATION TOTALS,1290686.82,status=fail; banner=1290686.82; parsed_body=1239790.81. Banner checks are advisory; review against the source before treating this as a parser defect.,114sdoc4|banner_check_discrepancy|1318|SENATOR EDWARD MARKEY|2015|BANNER ORGANIZATION TOTALS|1290686.82
warning,banner_check_missing,114sdoc4,GPO-CDOC-114sdoc4.pdf,1321,SENATOR JOHN MCCAIN,2013,BANNER NET PAYROLL,0.0,status=banner_missing; banner=0.0; parsed_body=0.0. Banner checks are advisory; review against the source before treating this as a parser defect.,114sdoc4|banner_check_missing|1321|SENATOR JOHN MCCAIN|2013|BANNER NET PAYROLL|0.0
warning,banner_check_discrepancy,114sdoc4,GPO-CDOC-114sdoc4.pdf,1321,SENATOR JOHN MCCAIN,2013,BANNER ORGANIZATION TOTALS,82.57,status=fail; banner=82.57; parsed_body=0.0. Banner checks are advisory; review against the source before treating this as a parser defect.,114sdoc4|banner_check_discrepancy|1321|SENATOR JOHN MCCAIN|2013|BANNER ORGANIZATION TOTALS|82.57
warning,banner_check_discrepancy,114sdoc4,GPO-CDOC-114sdoc4.pdf,1322,SENATOR JOHN MCCAIN,2014,BANNER ORGANIZATION TOTALS,28354.01,status=fail; banner=28354.01; parsed_body=10068.7. Banner checks are advisory; review against the source before treating this as a parser defect.,114sdoc4|banner_check_discrepancy|1322|SENATOR JOHN MCCAIN|2014|BANNER ORGANIZATION TOTALS|28354.01
warning,banner_check_discrepancy,114sdoc4,GPO-CDOC-114sdoc4.pdf,1324,SENATOR JOHN MCCAIN,2015,BANNER ORGANIZATION TOTALS,1300169.71,status=fail; banner=1300169.71; parsed_body=1265352.65. Banner checks are advisory; review against the source before treating this as a parser defect.,114sdoc4|banner_check_discrepancy|1324|SENATOR JOHN MCCAIN|2015|BANNER ORGANIZATION TOTALS|1300169.71
warning,banner_check_missing,114sdoc4,GPO-CDOC-114sdoc4.pdf,1329,SENATOR CLAIRE MCCASKILL,2013,BANNER NET PAYROLL,0.0,status=banner_missing; banner=0.0; parsed_body=0.0. Banner checks are advisory; review against the source before treating this as a parser defect.,114sdoc4|banner_check_missing|1329|SENATOR CLAIRE MCCASKILL|2013|BANNER NET PAYROLL|0.0
warning,banner_check_discrepancy,114sdoc4,GPO-CDOC-114sdoc4.pdf,1330,SENATOR CLAIRE MCCASKILL,2014,BANNER ORGANIZATION TOTALS,21199.17,status=fail; banner=21199.17; parsed_body=13787.62. Banner checks are advisory; review against the source before treating this as a parser defect.,114sdoc4|banner_check_discrepancy|1330|SENATOR CLAIRE MCCASKILL|2014|BANNER ORGANIZATION TOTALS|21199.17
warning,banner_check_discrepancy,114sdoc4,GPO-CDOC-114sdoc4.pdf,1333,SENATOR CLAIRE MCCASKILL,2015,BANNER ORGANIZATION TOTALS,1387687.05,status=fail; banner=1387687.05; parsed_body=1354841.34. Banner checks are advisory; review against the source before treating this as a parser defect.,114sdoc4|banner_check_discrepancy|1333|SENATOR CLAIRE MCCASKILL|2015|BANNER ORGANIZATION TOTALS|1387687.05
warning,banner_check_missing,114sdoc4,GPO-CDOC-114sdoc4.pdf,1343,"SENATOR A. MITCHELL MCCONNELL, JR.",2013,BANNER NET PAYROLL,0.0,status=banner_missing; banner=0.0; parsed_body=0.0. Banner checks are advisory; review against the source before treating this as a parser defect.,"114sdoc4|banner_check_missing|1343|SENATOR A. MITCHELL MCCONNELL, JR.|2013|BANNER NET PAYROLL|0.0"
warning,banner_check_discrepancy,114sdoc4,GPO-CDOC-114sdoc4.pdf,1344,"SENATOR A. MITCHELL MCCONNELL, JR.",2014,BANNER ORGANIZATION TOTALS,31067.54,status=fail; banner=31067.54; parsed_body=9603.39. Banner checks are advisory; review against the source before treating this as a parser defect.,"114sdoc4|banner_check_discrepancy|1344|SENATOR A. MITCHELL MCCONNELL, JR.|2014|BANNER ORGANIZATION TOTALS|31067.54"
warning,banner_check_discrepancy,114sdoc4,GPO-CDOC-114sdoc4.pdf,1346,"SENATOR A. MITCHELL MCCONNELL, JR.",2015,BANNER ORGANIZATION TOTALS,1334095.89,status=fail; banner=1334095.89; parsed_body=1287395.41. Banner checks are advisory; review against the source before treating this as a parser defect.,"114sdoc4|banner_check_discrepancy|1346|SENATOR A. MITCHELL MCCONNELL, JR.|2015|BANNER ORGANIZATION TOTALS|1334095.89"
warning,banner_check_missing,114sdoc4,GPO-CDOC-114sdoc4.pdf,1352,SENATOR ROBERT MENENDEZ,2013,BANNER NET PAYROLL,0.0,status=banner_missing; banner=0.0; parsed_body=0.0. Banner checks are advisory; review against the source before treating this as a parser defect.,114sdoc4|banner_check_missing|1352|SENATOR ROBERT MENENDEZ|2013|BANNER NET PAYROLL|0.0
warning,banner_check_discrepancy,114sdoc4,GPO-CDOC-114sdoc4.pdf,1353,SENATOR ROBERT MENENDEZ,2014,BANNER ORGANIZATION TOTALS,74410.51,status=fail; banner=74410.51; parsed_body=37524.63. Banner checks are advisory; review against the source before treating this as a parser defect.,114sdoc4|banner_check_discrepancy|1353|SENATOR ROBERT MENENDEZ|2014|BANNER ORGANIZATION TOTALS|74410.51
warning,banner_check_discrepancy,114sdoc4,GPO-CDOC-114sdoc4.pdf,1356,SENATOR ROBERT MENENDEZ,2015,BANNER ORGANIZATION TOTALS,1430064.61,status=fail; banner=1430064.61; parsed_body=1379625.54. Banner checks are advisory; review against the source before treating this as a parser defect.,114sdoc4|banner_check_discrepancy|1356|SENATOR ROBERT MENENDEZ|2015|BANNER ORGANIZATION TOTALS|1430064.61
warning,banner_check_missing,114sdoc4,GPO-CDOC-114sdoc4.pdf,1362,SENATOR JEFF MERKLEY,2013,BANNER NET PAYROLL,0.0,status=banner_missing; banner=0.0; parsed_body=0.0. Banner checks are advisory; review against the source before treating this as a parser defect.,114sdoc4|banner_check_missing|1362|SENATOR JEFF MERKLEY|2013|BANNER NET PAYROLL|0.0
warning,banner_check_discrepancy,114sdoc4,GPO-CDOC-114sdoc4.pdf,1363,SENATOR JEFF MERKLEY,2014,BANNER ORGANIZATION TOTALS,129248.75,status=fail; banner=129248.75; parsed_body=101597.2. Banner checks are advisory; review against the source before treating this as a parser defect.,114sdoc4|banner_check_discrepancy|1363|SENATOR JEFF MERKLEY|2014|BANNER ORGANIZATION TOTALS|129248.75
warning,banner_check_discrepancy,114sdoc4,GPO-CDOC-114sdoc4.pdf,1366,SENATOR JEFF MERKLEY,2015,BANNER ORGANIZATION TOTALS,1291179.72,status=fail; banner=1291179.72; parsed_body=1261481.51. Banner checks are advisory; review against the source before treating this as a parser defect.,114sdoc4|banner_check_discrepancy|1366|SENATOR JEFF MERKLEY|2015|BANNER ORGANIZATION TOTALS|1291179.72
warning,banner_check_missing,114sdoc4,GPO-CDOC-114sdoc4.pdf,1373,SENATOR BARBARA A. MIKULSKI,2013,BANNER NET PAYROLL,0.0,status=banner_missing; banner=0.0; parsed_body=0.0. Banner checks are advisory; review against the source before treating this as a parser defect.,114sdoc4|banner_check_missing|1373|SENATOR BARBARA A. MIKULSKI|2013|BANNER NET PAYROLL|0.0
warning,banner_check_discrepancy,114sdoc4,GPO-CDOC-114sdoc4.pdf,1374,SENATOR BARBARA A. MIKULSKI,2014,BANNER ORGANIZATION TOTALS,48587.31,status=fail; banner=48587.31; parsed_body=30081.24. Banner checks are advisory; review against the source before treating this as a parser defect.,114sdoc4|banner_check_discrepancy|1374|SENATOR BARBARA A. MIKULSKI|2014|BANNER ORGANIZATION TOTALS|48587.31
warning,banner_check_discrepancy,114sdoc4,GPO-CDOC-114sdoc4.pdf,1378,SENATOR BARBARA A. MIKULSKI,2015,BANNER ORGANIZATION TOTALS,1220946.16,status=fail; banner=1220946.16; parsed_body=1177187.36. Banner checks are advisory; review against the source before treating this as a parser defect.,114sdoc4|banner_check_discrepancy|1378|SENATOR BARBARA A. MIKULSKI|2015|BANNER ORGANIZATION TOTALS|1220946.16
warning,banner_check_missing,114sdoc4,GPO-CDOC-114sdoc4.pdf,1388,SENATOR JERRY MORAN,2013,BANNER NET PAYROLL,0.0,status=banner_missing; banner=0.0; parsed_body=0.0. Banner checks are advisory; review against the source before treating this as a parser defect.,114sdoc4|banner_check_missing|1388|SENATOR JERRY MORAN|2013|BANNER NET PAYROLL|0.0
warning,banner_check_discrepancy,114sdoc4,GPO-CDOC-114sdoc4.pdf,1389,SENATOR JERRY MORAN,2014,BANNER ORGANIZATION TOTALS,40807.95,status=fail; banner=40807.95; parsed_body=27116.91. Banner checks are advisory; review against the source before treating this as a parser defect.,114sdoc4|banner_check_discrepancy|1389|SENATOR JERRY MORAN|2014|BANNER ORGANIZATION TOTALS|40807.95
warning,banner_check_discrepancy,114sdoc4,GPO-CDOC-114sdoc4.pdf,1392,SENATOR JERRY MORAN,2015,BANNER ORGANIZATION TOTALS,1373133.34,status=fail; banner=1373133.34; parsed_body=1347174.69. Banner checks are advisory; review against the source before treating this as a parser defect.,114sdoc4|banner_check_discrepancy|1392|SENATOR JERRY MORAN|2015|BANNER ORGANIZATION TOTALS|1373133.34
warning,banner_check_missing,114sdoc4,GPO-CDOC-114sdoc4.pdf,1404,SENATOR LISA MURKOWSKI,2013,BANNER NET PAYROLL,0.0,status=banner_missing; banner=0.0; parsed_body=0.0. Banner checks are advisory; review against the source before treating this as a parser defect.,114sdoc4|banner_check_missing|1404|SENATOR LISA MURKOWSKI|2013|BANNER NET PAYROLL|0.0
warning,banner_check_discrepancy,114sdoc4,GPO-CDOC-114sdoc4.pdf,1405,SENATOR LISA MURKOWSKI,2014,BANNER ORGANIZATION TOTALS,82225.26,status=fail; banner=82225.26; parsed_body=51032.84. Banner checks are advisory; review against the source before treating this as a parser defect.,114sdoc4|banner_check_discrepancy|1405|SENATOR LISA MURKOWSKI|2014|BANNER ORGANIZATION TOTALS|82225.26
warning,banner_check_discrepancy,114sdoc4,GPO-CDOC-114sdoc4.pdf,1408,SENATOR LISA MURKOWSKI,2015,BANNER ORGANIZATION TOTALS,1256556.53,status=fail; banner=1256556.53; parsed_body=1312773.68. Banner checks are advisory; review against the source before treating this as a parser defect.,114sdoc4|banner_check_discrepancy|1408|SENATOR LISA MURKOWSKI|2015|BANNER ORGANIZATION TOTALS|1256556.53
warning,banner_check_missing,114sdoc4,GPO-CDOC-114sdoc4.pdf,1414,SENATOR CHRIS MURPHY,2013,BANNER NET PAYROLL,0.0,status=banner_missing; banner=0.0; parsed_body=0.0. Banner checks are advisory; review against the source before treating this as a parser defect.,114sdoc4|banner_check_missing|1414|SENATOR CHRIS MURPHY|2013|BANNER NET PAYROLL|0.0
warning,banner_check_discrepancy,114sdoc4,GPO-CDOC-114sdoc4.pdf,1416,SENATOR CHRIS MURPHY,2014,BANNER ORGANIZATION TOTALS,63695.38,status=fail; banner=63695.38; parsed_body=45764.06. Banner checks are advisory; review against the source before treating this as a parser defect.,114sdoc4|banner_check_discrepancy|1416|SENATOR CHRIS MURPHY|2014|BANNER ORGANIZATION TOTALS|63695.38
warning,banner_check_discrepancy,114sdoc4,GPO-CDOC-114sdoc4.pdf,1421,SENATOR CHRIS MURPHY,2015,BANNER ORGANIZATION TOTALS,1210793.39,status=fail; banner=1210793.39; parsed_body=1174026.58. Banner checks are advisory; review against the source before treating this as a parser defect.,114sdoc4|banner_check_discrepancy|1421|SENATOR CHRIS MURPHY|2015|BANNER ORGANIZATION TOTALS|1210793.39
warning,banner_check_missing,114sdoc4,GPO-CDOC-114sdoc4.pdf,1429,SENATOR PATTY MURRAY,2013,BANNER NET PAYROLL,0.0,status=banner_missing; banner=0.0; parsed_body=0.0. Banner checks are advisory; review against the source before treating this as a parser defect.,114sdoc4|banner_check_missing|1429|SENATOR PATTY MURRAY|2013|BANNER NET PAYROLL|0.0
warning,banner_check_discrepancy,114sdoc4,GPO-CDOC-114sdoc4.pdf,1430,SENATOR PATTY MURRAY,2014,BANNER ORGANIZATION TOTALS,39691.56,status=fail; banner=39691.56; parsed_body=26020.54. Banner checks are advisory; review against the source before treating this as a parser defect.,114sdoc4|banner_check_discrepancy|1430|SENATOR PATTY MURRAY|2014|BANNER ORGANIZATION TOTALS|39691.56
warning,banner_check_discrepancy,114sdoc4,GPO-CDOC-114sdoc4.pdf,1434,SENATOR PATTY MURRAY,2015,BANNER ORGANIZATION TOTALS,1267254.04,status=fail; banner=1267254.04; parsed_body=1228033.17. Banner checks are advisory; review against the source before treating this as a parser defect.,114sdoc4|banner_check_discrepancy|1434|SENATOR PATTY MURRAY|2015|BANNER ORGANIZATION TOTALS|1267254.04
warning,banner_check_missing,114sdoc4,GPO-CDOC-114sdoc4.pdf,1445,SENATOR BEN NELSON,2013,BANNER NET PAYROLL,0.0,status=banner_missing; banner=0.0; parsed_body=0.0. Banner checks are advisory; review against the source before treating this as a parser defect.,114sdoc4|banner_check_missing|1445|SENATOR BEN NELSON|2013|BANNER NET PAYROLL|0.0
warning,banner_check_missing,114sdoc4,GPO-CDOC-114sdoc4.pdf,1446,SENATOR BILL NELSON,2013,BANNER NET PAYROLL,0.0,status=banner_missing; banner=0.0; parsed_body=0.0. Banner checks are advisory; review against the source before treating this as a parser defect.,114sdoc4|banner_check_missing|1446|SENATOR BILL NELSON|2013|BANNER NET PAYROLL|0.0
warning,banner_check_discrepancy,114sdoc4,GPO-CDOC-114sdoc4.pdf,1447,SENATOR BILL NELSON,2014,BANNER ORGANIZATION TOTALS,145264.35,status=fail; banner=145264.35; parsed_body=99301.22. Banner checks are advisory; review against the source before treating this as a parser defect.,114sdoc4|banner_check_discrepancy|1447|SENATOR BILL NELSON|2014|BANNER ORGANIZATION TOTALS|145264.35
warning,banner_check_discrepancy,114sdoc4,GPO-CDOC-114sdoc4.pdf,1451,SENATOR BILL NELSON,2015,BANNER ORGANIZATION TOTALS,1951121.04,status=fail; banner=1951121.04; parsed_body=1894494.07. Banner checks are advisory; review against the source before treating this as a parser defect.,114sdoc4|banner_check_discrepancy|1451|SENATOR BILL NELSON|2015|BANNER ORGANIZATION TOTALS|1951121.04
warning,banner_check_missing,114sdoc4,GPO-CDOC-114sdoc4.pdf,1462,SENATOR RAND PAUL,2013,BANNER NET PAYROLL,0.0,status=banner_missing; banner=0.0; parsed_body=0.0. Banner checks are advisory; review against the source before treating this as a parser defect.,114sdoc4|banner_check_missing|1462|SENATOR RAND PAUL|2013|BANNER NET PAYROLL|0.0
warning,banner_check_missing,114sdoc4,GPO-CDOC-114sdoc4.pdf,1463,SENATOR RAND PAUL,2014,BANNER NET PAYROLL,0.0,status=banner_missing; banner=0.0; parsed_body=0.0. Banner checks are advisory; review against the source before treating this as a parser defect.,114sdoc4|banner_check_missing|1463|SENATOR RAND PAUL|2014|BANNER NET PAYROLL|0.0
warning,banner_check_discrepancy,114sdoc4,GPO-CDOC-114sdoc4.pdf,1463,SENATOR RAND PAUL,2014,BANNER ORGANIZATION TOTALS,51463.26,status=fail; banner=51463.26; parsed_body=21969.18. Banner checks are advisory; review against the source before treating this as a parser defect.,114sdoc4|banner_check_discrepancy|1463|SENATOR RAND PAUL|2014|BANNER ORGANIZATION TOTALS|51463.26
warning,banner_check_discrepancy,114sdoc4,GPO-CDOC-114sdoc4.pdf,1469,SENATOR RAND PAUL,2015,BANNER ORGANIZATION TOTALS,1216780.81,status=fail; banner=1216780.81; parsed_body=1178666.94. Banner checks are advisory; review against the source before treating this as a parser defect.,114sdoc4|banner_check_discrepancy|1469|SENATOR RAND PAUL|2015|BANNER ORGANIZATION TOTALS|1216780.81
warning,banner_check_discrepancy,114sdoc4,GPO-CDOC-114sdoc4.pdf,1483,SENATOR DAVID PERDUE,2015,BANNER ORGANIZATION TOTALS,492095.59,status=fail; banner=492095.59; parsed_body=475086.89. Banner checks are advisory; review against the source before treating this as a parser defect.,114sdoc4|banner_check_discrepancy|1483|SENATOR DAVID PERDUE|2015|BANNER ORGANIZATION TOTALS|492095.59
warning,banner_check_discrepancy,114sdoc4,GPO-CDOC-114sdoc4.pdf,1486,SENATOR GARY PETERS,2015,BANNER ORGANIZATION TOTALS,449035.34,status=fail; banner=449035.34; parsed_body=433560.28. Banner checks are advisory; review against the source before treating this as a parser defect.,114sdoc4|banner_check_discrepancy|1486|SENATOR GARY PETERS|2015|BANNER ORGANIZATION TOTALS|449035.34
warning,banner_check_missing,114sdoc4,GPO-CDOC-114sdoc4.pdf,1489,SENATOR ROB PORTMAN,2013,BANNER NET PAYROLL,0.0,status=banner_missing; banner=0.0; parsed_body=0.0. Banner checks are advisory; review against the source before treating this as a parser defect.,114sdoc4|banner_check_missing|1489|SENATOR ROB PORTMAN|2013|BANNER NET PAYROLL|0.0
warning,banner_check_discrepancy,114sdoc4,GPO-CDOC-114sdoc4.pdf,1489,SENATOR ROB PORTMAN,2013,BANNER ORGANIZATION TOTALS,487.25,status=fail; banner=487.25; parsed_body=0.0. Banner checks are advisory; review against the source before treating this as a parser defect.,114sdoc4|banner_check_discrepancy|1489|SENATOR ROB PORTMAN|2013|BANNER ORGANIZATION TOTALS|487.25
warning,banner_check_discrepancy,114sdoc4,GPO-CDOC-114sdoc4.pdf,1490,SENATOR ROB PORTMAN,2014,BANNER ORGANIZATION TOTALS,45450.66,status=fail; banner=45450.66; parsed_body=28652.19. Banner checks are advisory; review against the source before treating this as a parser defect.,114sdoc4|banner_check_discrepancy|1490|SENATOR ROB PORTMAN|2014|BANNER ORGANIZATION TOTALS|45450.66
warning,banner_check_discrepancy,114sdoc4,GPO-CDOC-114sdoc4.pdf,1495,SENATOR ROB PORTMAN,2015,BANNER ORGANIZATION TOTALS,1580885.5,status=fail; banner=1580885.5; parsed_body=1508838.3. Banner checks are advisory; review against the source before treating this as a parser defect.,114sdoc4|banner_check_discrepancy|1495|SENATOR ROB PORTMAN|2015|BANNER ORGANIZATION TOTALS|1580885.5
warning,banner_check_missing,114sdoc4,GPO-CDOC-114sdoc4.pdf,1504,SENATOR MARK PRYOR,2013,BANNER NET PAYROLL,0.0,status=banner_missing; banner=0.0; parsed_body=0.0. Banner checks are advisory; review against the source before treating this as a parser defect.,114sdoc4|banner_check_missing|1504|SENATOR MARK PRYOR|2013|BANNER NET PAYROLL|0.0
warning,banner_check_discrepancy,114sdoc4,GPO-CDOC-114sdoc4.pdf,1505,SENATOR MARK PRYOR,2014,BANNER ORGANIZATION TOTALS,23800.33,status=fail; banner=23800.33; parsed_body=8271.31. Banner checks are advisory; review against the source before treating this as a parser defect.,114sdoc4|banner_check_discrepancy|1505|SENATOR MARK PRYOR|2014|BANNER ORGANIZATION TOTALS|23800.33
warning,banner_check_discrepancy,114sdoc4,GPO-CDOC-114sdoc4.pdf,1507,SENATOR MARK PRYOR,2015,BANNER ORGANIZATION TOTALS,940709.37,status=fail; banner=940709.37; parsed_body=929783.16. Banner checks are advisory; review against the source before treating this as a parser defect.,114sdoc4|banner_check_discrepancy|1507|SENATOR MARK PRYOR|2015|BANNER ORGANIZATION TOTALS|940709.37
warning,banner_check_missing,114sdoc4,GPO-CDOC-114sdoc4.pdf,1510,SENATOR JOHN F. REED,2013,BANNER NET PAYROLL,0.0,status=banner_missing; banner=0.0; parsed_body=0.0. Banner checks are advisory; review against the source before treating this as a parser defect.,114sdoc4|banner_check_missing|1510|SENATOR JOHN F. REED|2013|BANNER NET PAYROLL|0.0
warning,banner_check_discrepancy,114sdoc4,GPO-CDOC-114sdoc4.pdf,1511,SENATOR JOHN F. REED,2014,BANNER ORGANIZATION TOTALS,56942.23,status=fail; banner=56942.23; parsed_body=23981.96. Banner checks are advisory; review against the source before treating this as a parser defect.,114sdoc4|banner_check_discrepancy|1511|SENATOR JOHN F. REED|2014|BANNER ORGANIZATION TOTALS|56942.23
warning,banner_check_discrepancy,114sdoc4,GPO-CDOC-114sdoc4.pdf,1513,SENATOR JOHN F. REED,2015,BANNER ORGANIZATION TOTALS,1279752.96,status=fail; banner=1279752.96; parsed_body=1259218.61. Banner checks are advisory; review against the source before treating this as a parser defect.,114sdoc4|banner_check_discrepancy|1513|SENATOR JOHN F. REED|2015|BANNER ORGANIZATION TOTALS|1279752.96
warning,banner_check_missing,114sdoc4,GPO-CDOC-114sdoc4.pdf,1517,SENATOR HARRY REID,2013,BANNER NET PAYROLL,0.0,status=banner_missing; banner=0.0; parsed_body=0.0. Banner checks are advisory; review against the source before treating this as a parser defect.,114sdoc4|banner_check_missing|1517|SENATOR HARRY REID|2013|BANNER NET PAYROLL|0.0
warning,banner_check_discrepancy,114sdoc4,GPO-CDOC-114sdoc4.pdf,1517,SENATOR HARRY REID,2013,BANNER ORGANIZATION TOTALS,800.31,status=fail; banner=800.31; parsed_body=0.0. Banner checks are advisory; review against the source before treating this as a parser defect.,114sdoc4|banner_check_discrepancy|1517|SENATOR HARRY REID|2013|BANNER ORGANIZATION TOTALS|800.31
warning,banner_check_discrepancy,114sdoc4,GPO-CDOC-114sdoc4.pdf,1518,SENATOR HARRY REID,2014,BANNER ORGANIZATION TOTALS,88917.63,status=fail; banner=88917.63; parsed_body=57045.27. Banner checks are advisory; review against the source before treating this as a parser defect.,114sdoc4|banner_check_discrepancy|1518|SENATOR HARRY REID|2014|BANNER ORGANIZATION TOTALS|88917.63
warning,banner_check_discrepancy,114sdoc4,GPO-CDOC-114sdoc4.pdf,1522,SENATOR HARRY REID,2015,BANNER ORGANIZATION TOTALS,1394588.08,status=fail; banner=1394588.08; parsed_body=1296790.25. Banner checks are advisory; review against the source before treating this as a parser defect.,114sdoc4|banner_check_discrepancy|1522|SENATOR HARRY REID|2015|BANNER ORGANIZATION TOTALS|1394588.08
warning,banner_check_missing,114sdoc4,GPO-CDOC-114sdoc4.pdf,1528,SENATOR JAMES E. RISCH,2013,BANNER NET PAYROLL,0.0,status=banner_missing; banner=0.0; parsed_body=0.0. Banner checks are advisory; review against the source before treating this as a parser defect.,114sdoc4|banner_check_missing|1528|SENATOR JAMES E. RISCH|2013|BANNER NET PAYROLL|0.0
warning,banner_check_discrepancy,114sdoc4,GPO-CDOC-114sdoc4.pdf,1529,SENATOR JAMES E. RISCH,2014,BANNER ORGANIZATION TOTALS,79987.6,status=fail; banner=79987.6; parsed_body=64141.52. Banner checks are advisory; review against the source before treating this as a parser defect.,114sdoc4|banner_check_discrepancy|1529|SENATOR JAMES E. RISCH|2014|BANNER ORGANIZATION TOTALS|79987.6
warning,banner_check_discrepancy,114sdoc4,GPO-CDOC-114sdoc4.pdf,1531,SENATOR JAMES E. RISCH,2015,BANNER ORGANIZATION TOTALS,1220908.77,status=fail; banner=1220908.77; parsed_body=1177371.25. Banner checks are advisory; review against the source before treating this as a parser defect.,114sdoc4|banner_check_discrepancy|1531|SENATOR JAMES E. RISCH|2015|BANNER ORGANIZATION TOTALS|1220908.77
warning,banner_check_missing,114sdoc4,GPO-CDOC-114sdoc4.pdf,1539,SENATOR PAT ROBERTS,2013,BANNER NET PAYROLL,0.0,status=banner_missing; banner=0.0; parsed_body=0.0. Banner checks are advisory; review against the source before treating this as a parser defect.,114sdoc4|banner_check_missing|1539|SENATOR PAT ROBERTS|2013|BANNER NET PAYROLL|0.0
warning,banner_check_discrepancy,114sdoc4,GPO-CDOC-114sdoc4.pdf,1540,SENATOR PAT ROBERTS,2014,BANNER ORGANIZATION TOTALS,23922.07,status=fail; banner=23922.07; parsed_body=3794.46. Banner checks are advisory; review against the source before treating this as a parser defect.,114sdoc4|banner_check_discrepancy|1540|SENATOR PAT ROBERTS|2014|BANNER ORGANIZATION TOTALS|23922.07
warning,banner_check_discrepancy,114sdoc4,GPO-CDOC-114sdoc4.pdf,1542,SENATOR PAT ROBERTS,2015,BANNER ORGANIZATION TOTALS,1385040.52,status=fail; banner=1385040.52; parsed_body=1310459.48. Banner checks are advisory; review against the source before treating this as a parser defect.,114sdoc4|banner_check_discrepancy|1542|SENATOR PAT ROBERTS|2015|BANNER ORGANIZATION TOTALS|1385040.52
warning,banner_check_missing,114sdoc4,GPO-CDOC-114sdoc4.pdf,1548,"SENATOR JOHN D. ROCKEFELLER, IV",2013,BANNER NET PAYROLL,0.0,status=banner_missing; banner=0.0; parsed_body=0.0. Banner checks are advisory; review against the source before treating this as a parser defect.,"114sdoc4|banner_check_missing|1548|SENATOR JOHN D. ROCKEFELLER, IV|2013|BANNER NET PAYROLL|0.0"
warning,banner_check_discrepancy,114sdoc4,GPO-CDOC-114sdoc4.pdf,1549,"SENATOR JOHN D. ROCKEFELLER, IV",2014,BANNER ORGANIZATION TOTALS,19923.48,status=fail; banner=19923.48; parsed_body=14987.01. Banner checks are advisory; review against the source before treating this as a parser defect.,"114sdoc4|banner_check_discrepancy|1549|SENATOR JOHN D. ROCKEFELLER, IV|2014|BANNER ORGANIZATION TOTALS|19923.48"
warning,banner_check_discrepancy,114sdoc4,GPO-CDOC-114sdoc4.pdf,1551,"SENATOR JOHN D. ROCKEFELLER, IV",2015,BANNER ORGANIZATION TOTALS,816751.17,status=fail; banner=816751.17; parsed_body=805839.13. Banner checks are advisory; review against the source before treating this as a parser defect.,"114sdoc4|banner_check_discrepancy|1551|SENATOR JOHN D. ROCKEFELLER, IV|2015|BANNER ORGANIZATION TOTALS|816751.17"
warning,banner_check_discrepancy,114sdoc4,GPO-CDOC-114sdoc4.pdf,1555,SENATOR MIKE ROUNDS,2015,BANNER ORGANIZATION TOTALS,520844.95,status=fail; banner=520844.95; parsed_body=489261.43. Banner checks are advisory; review against the source before treating this as a parser defect.,114sdoc4|banner_check_discrepancy|1555|SENATOR MIKE ROUNDS|2015|BANNER ORGANIZATION TOTALS|520844.95
warning,banner_check_missing,114sdoc4,GPO-CDOC-114sdoc4.pdf,1560,SENATOR MARCO RUBIO,2013,BANNER NET PAYROLL,0.0,status=banner_missing; banner=0.0; parsed_body=0.0. Banner checks are advisory; review against the source before treating this as a parser defect.,114sdoc4|banner_check_missing|1560|SENATOR MARCO RUBIO|2013|BANNER NET PAYROLL|0.0
warning,banner_check_discrepancy,114sdoc4,GPO-CDOC-114sdoc4.pdf,1561,SENATOR MARCO RUBIO,2014,BANNER ORGANIZATION TOTALS,38266.67,status=fail; banner=38266.67; parsed_body=19161.75. Banner checks are advisory; review against the source before treating this as a parser defect.,114sdoc4|banner_check_discrepancy|1561|SENATOR MARCO RUBIO|2014|BANNER ORGANIZATION TOTALS|38266.67
warning,banner_check_discrepancy,114sdoc4,GPO-CDOC-114sdoc4.pdf,1565,SENATOR MARCO RUBIO,2015,BANNER ORGANIZATION TOTALS,1913247.5,status=fail; banner=1913247.5; parsed_body=1885133.39. Banner checks are advisory; review against the source before treating this as a parser defect.,114sdoc4|banner_check_discrepancy|1565|SENATOR MARCO RUBIO|2015|BANNER ORGANIZATION TOTALS|1913247.5
warning,banner_check_missing,114sdoc4,GPO-CDOC-114sdoc4.pdf,1575,SENATOR BERNARD SANDERS,2013,BANNER NET PAYROLL,0.0,status=banner_missing; banner=0.0; parsed_body=0.0. Banner checks are advisory; review against the source before treating this as a parser defect.,114sdoc4|banner_check_missing|1575|SENATOR BERNARD SANDERS|2013|BANNER NET PAYROLL|0.0
warning,banner_check_discrepancy,114sdoc4,GPO-CDOC-114sdoc4.pdf,1576,SENATOR BERNARD SANDERS,2014,BANNER ORGANIZATION TOTALS,60990.85,status=fail; banner=60990.85; parsed_body=13100.14. Banner checks are advisory; review against the source before treating this as a parser defect.,114sdoc4|banner_check_discrepancy|1576|SENATOR BERNARD SANDERS|2014|BANNER ORGANIZATION TOTALS|60990.85
warning,banner_check_discrepancy,114sdoc4,GPO-CDOC-114sdoc4.pdf,1581,SENATOR BERNARD SANDERS,2015,BANNER ORGANIZATION TOTALS,1188703.15,status=fail; banner=1188703.15; parsed_body=1160677.28. Banner checks are advisory; review against the source before treating this as a parser defect.,114sdoc4|banner_check_discrepancy|1581|SENATOR BERNARD SANDERS|2015|BANNER ORGANIZATION TOTALS|1188703.15
warning,banner_check_discrepancy,114sdoc4,GPO-CDOC-114sdoc4.pdf,1591,SENATOR BEN SASSE,2015,BANNER ORGANIZATION TOTALS,423426.77,status=fail; banner=423426.77; parsed_body=408222.64. Banner checks are advisory; review against the source before treating this as a parser defect.,114sdoc4|banner_check_discrepancy|1591|SENATOR BEN SASSE|2015|BANNER ORGANIZATION TOTALS|423426.77
warning,banner_check_missing,114sdoc4,GPO-CDOC-114sdoc4.pdf,1595,SENATOR BRIAN SCHATZ,2013,BANNER NET PAYROLL,0.0,status=banner_missing; banner=0.0; parsed_body=0.0. Banner checks are advisory; review against the source before treating this as a parser defect.,114sdoc4|banner_check_missing|1595|SENATOR BRIAN SCHATZ|2013|BANNER NET PAYROLL|0.0
warning,banner_check_discrepancy,114sdoc4,GPO-CDOC-114sdoc4.pdf,1596,SENATOR BRIAN SCHATZ,2014,BANNER ORGANIZATION TOTALS,84296.41,status=fail; banner=84296.41; parsed_body=25910.97. Banner checks are advisory; review against the source before treating this as a parser defect.,114sdoc4|banner_check_discrepancy|1596|SENATOR BRIAN SCHATZ|2014|BANNER ORGANIZATION TOTALS|84296.41
warning,banner_check_discrepancy,114sdoc4,GPO-CDOC-114sdoc4.pdf,1598,SENATOR BRIAN SCHATZ,2015,BANNER ORGANIZATION TOTALS,1489609.83,status=fail; banner=1489609.83; parsed_body=1384967.84. Banner checks are advisory; review against the source before treating this as a parser defect.,114sdoc4|banner_check_discrepancy|1598|SENATOR BRIAN SCHATZ|2015|BANNER ORGANIZATION TOTALS|1489609.83
warning,banner_check_missing,114sdoc4,GPO-CDOC-114sdoc4.pdf,1603,SENATOR CHARLES E. SCHUMER,2013,BANNER NET PAYROLL,0.0,status=banner_missing; banner=0.0; parsed_body=0.0. Banner checks are advisory; review against the source before treating this as a parser defect.,114sdoc4|banner_check_missing|1603|SENATOR CHARLES E. SCHUMER|2013|BANNER NET PAYROLL|0.0
warning,banner_check_discrepancy,114sdoc4,GPO-CDOC-114sdoc4.pdf,1603,SENATOR CHARLES E. SCHUMER,2013,BANNER ORGANIZATION TOTALS,782.0,status=fail; banner=782.0; parsed_body=0.0. Banner checks are advisory; review against the source before treating this as a parser defect.,114sdoc4|banner_check_discrepancy|1603|SENATOR CHARLES E. SCHUMER|2013|BANNER ORGANIZATION TOTALS|782.0
warning,banner_check_discrepancy,114sdoc4,GPO-CDOC-114sdoc4.pdf,1604,SENATOR CHARLES E. SCHUMER,2014,BANNER ORGANIZATION TOTALS,101439.24,status=fail; banner=101439.24; parsed_body=52148.14. Banner checks are advisory; review against the source before treating this as a parser defect.,114sdoc4|banner_check_discrepancy|1604|SENATOR CHARLES E. SCHUMER|2014|BANNER ORGANIZATION TOTALS|101439.24
warning,banner_check_discrepancy,114sdoc4,GPO-CDOC-114sdoc4.pdf,1607,SENATOR CHARLES E. SCHUMER,2015,BANNER ORGANIZATION TOTALS,1843933.41,status=fail; banner=1843933.41; parsed_body=1754198.48. Banner checks are advisory; review against the source before treating this as a parser defect.,114sdoc4|banner_check_discrepancy|1607|SENATOR CHARLES E. SCHUMER|2015|BANNER ORGANIZATION TOTALS|1843933.41
warning,banner_check_missing,114sdoc4,GPO-CDOC-114sdoc4.pdf,1621,SENATOR TIM SCOTT,2013,BANNER NET PAYROLL,0.0,status=banner_missing; banner=0.0; parsed_body=0.0. Banner checks are advisory; review against the source before treating this as a parser defect.,114sdoc4|banner_check_missing|1621|SENATOR TIM SCOTT|2013|BANNER NET PAYROLL|0.0
warning,banner_check_discrepancy,114sdoc4,GPO-CDOC-114sdoc4.pdf,1622,SENATOR TIM SCOTT,2014,BANNER ORGANIZATION TOTALS,30918.93,status=fail; banner=30918.93; parsed_body=7409.6. Banner checks are advisory; review against the source before treating this as a parser defect.,114sdoc4|banner_check_discrepancy|1622|SENATOR TIM SCOTT|2014|BANNER ORGANIZATION TOTALS|30918.93
warning,banner_check_discrepancy,114sdoc4,GPO-CDOC-114sdoc4.pdf,1624,SENATOR TIM SCOTT,2015,BANNER ORGANIZATION TOTALS,1215374.25,status=fail; banner=1215374.25; parsed_body=1196298.61. Banner checks are advisory; review against the source before treating this as a parser defect.,114sdoc4|banner_check_discrepancy|1624|SENATOR TIM SCOTT|2015|BANNER ORGANIZATION TOTALS|1215374.25
warning,banner_check_missing,114sdoc4,GPO-CDOC-114sdoc4.pdf,1631,"SENATOR JEFFERSON B. SESSIONS, III",2013,BANNER NET PAYROLL,0.0,status=banner_missing; banner=0.0; parsed_body=0.0. Banner checks are advisory; review against the source before treating this as a parser defect.,"114sdoc4|banner_check_missing|1631|SENATOR JEFFERSON B. SESSIONS, III|2013|BANNER NET PAYROLL|0.0"
warning,banner_check_discrepancy,114sdoc4,GPO-CDOC-114sdoc4.pdf,1632,"SENATOR JEFFERSON B. SESSIONS, III",2014,BANNER ORGANIZATION TOTALS,21893.05,status=fail; banner=21893.05; parsed_body=5869.82. Banner checks are advisory; review against the source before treating this as a parser defect.,"114sdoc4|banner_check_discrepancy|1632|SENATOR JEFFERSON B. SESSIONS, III|2014|BANNER ORGANIZATION TOTALS|21893.05"
warning,banner_check_discrepancy,114sdoc4,GPO-CDOC-114sdoc4.pdf,1634,"SENATOR JEFFERSON B. SESSIONS, III",2015,BANNER ORGANIZATION TOTALS,1168069.45,status=fail; banner=1168069.45; parsed_body=1129075.98. Banner checks are advisory; review against the source before treating this as a parser defect.,"114sdoc4|banner_check_discrepancy|1634|SENATOR JEFFERSON B. SESSIONS, III|2015|BANNER ORGANIZATION TOTALS|1168069.45"
warning,banner_check_missing,114sdoc4,GPO-CDOC-114sdoc4.pdf,1640,SENATOR JEANNE SHAHEEN,2013,BANNER NET PAYROLL,0.0,status=banner_missing; banner=0.0; parsed_body=0.0. Banner checks are advisory; review against the source before treating this as a parser defect.,114sdoc4|banner_check_missing|1640|SENATOR JEANNE SHAHEEN|2013|BANNER NET PAYROLL|0.0
warning,banner_check_discrepancy,114sdoc4,GPO-CDOC-114sdoc4.pdf,1641,SENATOR JEANNE SHAHEEN,2014,BANNER ORGANIZATION TOTALS,9683.89,status=fail; banner=9683.89; parsed_body=2772.62. Banner checks are advisory; review against the source before treating this as a parser defect.,114sdoc4|banner_check_discrepancy|1641|SENATOR JEANNE SHAHEEN|2014|BANNER ORGANIZATION TOTALS|9683.89
warning,banner_check_discrepancy,114sdoc4,GPO-CDOC-114sdoc4.pdf,1644,SENATOR JEANNE SHAHEEN,2015,BANNER ORGANIZATION TOTALS,1356852.56,status=fail; banner=1356852.56; parsed_body=1349822.41. Banner checks are advisory; review against the source before treating this as a parser defect.,114sdoc4|banner_check_discrepancy|1644|SENATOR JEANNE SHAHEEN|2015|BANNER ORGANIZATION TOTALS|1356852.56
warning,banner_check_missing,114sdoc4,GPO-CDOC-114sdoc4.pdf,1651,SENATOR RICHARD C. SHELBY,2013,BANNER NET PAYROLL,0.0,status=banner_missing; banner=0.0; parsed_body=0.0. Banner checks are advisory; review against the source before treating this as a parser defect.,114sdoc4|banner_check_missing|1651|SENATOR RICHARD C. SHELBY|2013|BANNER NET PAYROLL|0.0
warning,banner_check_discrepancy,114sdoc4,GPO-CDOC-114sdoc4.pdf,1652,SENATOR RICHARD C. SHELBY,2014,BANNER ORGANIZATION TOTALS,7914.08,status=fail; banner=7914.08; parsed_body=870.75. Banner checks are advisory; review against the source before treating this as a parser defect.,114sdoc4|banner_check_discrepancy|1652|SENATOR RICHARD C. SHELBY|2014|BANNER ORGANIZATION TOTALS|7914.08
warning,banner_check_discrepancy,114sdoc4,GPO-CDOC-114sdoc4.pdf,1653,SENATOR RICHARD C. SHELBY,2015,BANNER ORGANIZATION TOTALS,836201.42,status=fail; banner=836201.42; parsed_body=817558.66. Banner checks are advisory; review against the source before treating this as a parser defect.,114sdoc4|banner_check_discrepancy|1653|SENATOR RICHARD C. SHELBY|2015|BANNER ORGANIZATION TOTALS|836201.42
warning,banner_check_missing,114sdoc4,GPO-CDOC-114sdoc4.pdf,1656,SENATOR OLYMPIA J. SNOWE,2013,BANNER NET PAYROLL,0.0,status=banner_missing; banner=0.0; parsed_body=0.0. Banner checks are advisory; review against the source before treating this as a parser defect.,114sdoc4|banner_check_missing|1656|SENATOR OLYMPIA J. SNOWE|2013|BANNER NET PAYROLL|0.0
warning,banner_check_missing,114sdoc4,GPO-CDOC-114sdoc4.pdf,1657,SENATOR DEBBIE A. STABENOW,2013,BANNER NET PAYROLL,0.0,status=banner_missing; banner=0.0; parsed_body=0.0. Banner checks are advisory; review against the source before treating this as a parser defect.,114sdoc4|banner_check_missing|1657|SENATOR DEBBIE A. STABENOW|2013|BANNER NET PAYROLL|0.0
warning,banner_check_discrepancy,114sdoc4,GPO-CDOC-114sdoc4.pdf,1658,SENATOR DEBBIE A. STABENOW,2014,BANNER ORGANIZATION TOTALS,85831.26,status=fail; banner=85831.26; parsed_body=62176.84. Banner checks are advisory; review against the source before treating this as a parser defect.,114sdoc4|banner_check_discrepancy|1658|SENATOR DEBBIE A. STABENOW|2014|BANNER ORGANIZATION TOTALS|85831.26
warning,banner_check_discrepancy,114sdoc4,GPO-CDOC-114sdoc4.pdf,1661,SENATOR DEBBIE A. STABENOW,2015,BANNER ORGANIZATION TOTALS,1634621.09,status=fail; banner=1634621.09; parsed_body=1603395.67. Banner checks are advisory; review against the source before treating this as a parser defect.,114sdoc4|banner_check_discrepancy|1661|SENATOR DEBBIE A. STABENOW|2015|BANNER ORGANIZATION TOTALS|1634621.09
warning,banner_check_discrepancy,114sdoc4,GPO-CDOC-114sdoc4.pdf,1669,SENATOR DAN SULLIVAN,2015,BANNER ORGANIZATION TOTALS,356653.86,status=fail; banner=356653.86; parsed_body=366925.65. Banner checks are advisory; review against the source before treating this as a parser defect.,114sdoc4|banner_check_discrepancy|1669|SENATOR DAN SULLIVAN|2015|BANNER ORGANIZATION TOTALS|356653.86
warning,banner_check_missing,114sdoc4,GPO-CDOC-114sdoc4.pdf,1672,SENATOR JON TESTER,2013,BANNER NET PAYROLL,0.0,status=banner_missing; banner=0.0; parsed_body=0.0. Banner checks are advisory; review against the source before treating this as a parser defect.,114sdoc4|banner_check_missing|1672|SENATOR JON TESTER|2013|BANNER NET PAYROLL|0.0
warning,banner_check_discrepancy,114sdoc4,GPO-CDOC-114sdoc4.pdf,1673,SENATOR JON TESTER,2014,BANNER ORGANIZATION TOTALS,77277.17,status=fail; banner=77277.17; parsed_body=68020.74. Banner checks are advisory; review against the source before treating this as a parser defect.,114sdoc4|banner_check_discrepancy|1673|SENATOR JON TESTER|2014|BANNER ORGANIZATION TOTALS|77277.17
warning,banner_check_discrepancy,114sdoc4,GPO-CDOC-114sdoc4.pdf,1676,SENATOR JON TESTER,2015,BANNER ORGANIZATION TOTALS,1172887.57,status=fail; banner=1172887.57; parsed_body=1143546.77. Banner checks are advisory; review against the source before treating this as a parser defect.,114sdoc4|banner_check_discrepancy|1676|SENATOR JON TESTER|2015|BANNER ORGANIZATION TOTALS|1172887.57
warning,banner_check_missing,114sdoc4,GPO-CDOC-114sdoc4.pdf,1688,SENATOR JOHN R. THUNE,2013,BANNER NET PAYROLL,0.0,status=banner_missing; banner=0.0; parsed_body=0.0. Banner checks are advisory; review against the source before treating this as a parser defect.,114sdoc4|banner_check_missing|1688|SENATOR JOHN R. THUNE|2013|BANNER NET PAYROLL|0.0
warning,banner_check_discrepancy,114sdoc4,GPO-CDOC-114sdoc4.pdf,1689,SENATOR JOHN R. THUNE,2014,BANNER ORGANIZATION TOTALS,60971.12,status=fail; banner=60971.12; parsed_body=34579.49. Banner checks are advisory; review against the source before treating this as a parser defect.,114sdoc4|banner_check_discrepancy|1689|SENATOR JOHN R. THUNE|2014|BANNER ORGANIZATION TOTALS|60971.12
warning,banner_check_discrepancy,114sdoc4,GPO-CDOC-114sdoc4.pdf,1692,SENATOR JOHN R. THUNE,2015,BANNER ORGANIZATION TOTALS,1297623.84,status=fail; banner=1297623.84; parsed_body=1262283.43. Banner checks are advisory; review against the source before treating this as a parser defect.,114sdoc4|banner_check_discrepancy|1692|SENATOR JOHN R. THUNE|2015|BANNER ORGANIZATION TOTALS|1297623.84
warning,banner_check_discrepancy,114sdoc4,GPO-CDOC-114sdoc4.pdf,1698,SENATOR THOM TILLIS,2015,BANNER ORGANIZATION TOTALS,499924.63,status=fail; banner=499924.63; parsed_body=483707.62. Banner checks are advisory; review against the source before treating this as a parser defect.,114sdoc4|banner_check_discrepancy|1698|SENATOR THOM TILLIS|2015|BANNER ORGANIZATION TOTALS|499924.63
warning,banner_check_missing,114sdoc4,GPO-CDOC-114sdoc4.pdf,1703,SENATOR PATRICK J.TOOMEY,2013,BANNER NET PAYROLL,0.0,status=banner_missing; banner=0.0; parsed_body=0.0. Banner checks are advisory; review against the source before treating this as a parser defect.,114sdoc4|banner_check_missing|1703|SENATOR PATRICK J.TOOMEY|2013|BANNER NET PAYROLL|0.0
warning,banner_check_discrepancy,114sdoc4,GPO-CDOC-114sdoc4.pdf,1704,SENATOR PATRICK J.TOOMEY,2014,BANNER ORGANIZATION TOTALS,246131.84,status=fail; banner=246131.84; parsed_body=25254.9. Banner checks are advisory; review against the source before treating this as a parser defect.,114sdoc4|banner_check_discrepancy|1704|SENATOR PATRICK J.TOOMEY|2014|BANNER ORGANIZATION TOTALS|246131.84
warning,banner_check_discrepancy,114sdoc4,GPO-CDOC-114sdoc4.pdf,1710,SENATOR PATRICK J.TOOMEY,2015,BANNER ORGANIZATION TOTALS,1611916.27,status=fail; banner=1611916.27; parsed_body=1525652.0. Banner checks are advisory; review against the source before treating this as a parser defect.,114sdoc4|banner_check_discrepancy|1710|SENATOR PATRICK J.TOOMEY|2015|BANNER ORGANIZATION TOTALS|1611916.27
warning,banner_check_missing,114sdoc4,GPO-CDOC-114sdoc4.pdf,1725,SENATOR MARK UDALL (CO),2013,BANNER NET PAYROLL,0.0,status=banner_missing; banner=0.0; parsed_body=0.0. Banner checks are advisory; review against the source before treating this as a parser defect.,114sdoc4|banner_check_missing|1725|SENATOR MARK UDALL (CO)|2013|BANNER NET PAYROLL|0.0
warning,banner_check_discrepancy,114sdoc4,GPO-CDOC-114sdoc4.pdf,1726,SENATOR MARK UDALL (CO),2014,BANNER ORGANIZATION TOTALS,16987.12,status=fail; banner=16987.12; parsed_body=13126.49. Banner checks are advisory; review against the source before treating this as a parser defect.,114sdoc4|banner_check_discrepancy|1726|SENATOR MARK UDALL (CO)|2014|BANNER ORGANIZATION TOTALS|16987.12
warning,banner_check_discrepancy,114sdoc4,GPO-CDOC-114sdoc4.pdf,1729,SENATOR MARK UDALL (CO),2015,BANNER ORGANIZATION TOTALS,993966.74,status=fail; banner=993966.74; parsed_body=981349.18. Banner checks are advisory; review against the source before treating this as a parser defect.,114sdoc4|banner_check_discrepancy|1729|SENATOR MARK UDALL (CO)|2015|BANNER ORGANIZATION TOTALS|993966.74
warning,banner_check_missing,114sdoc4,GPO-CDOC-114sdoc4.pdf,1733,SENATOR TOM UDALL (NM),2013,BANNER NET PAYROLL,0.0,status=banner_missing; banner=0.0; parsed_body=0.0. Banner checks are advisory; review against the source before treating this as a parser defect.,114sdoc4|banner_check_missing|1733|SENATOR TOM UDALL (NM)|2013|BANNER NET PAYROLL|0.0
warning,banner_check_discrepancy,114sdoc4,GPO-CDOC-114sdoc4.pdf,1734,SENATOR TOM UDALL (NM),2014,BANNER ORGANIZATION TOTALS,33607.22,status=fail; banner=33607.22; parsed_body=10724.73. Banner checks are advisory; review against the source before treating this as a parser defect.,114sdoc4|banner_check_discrepancy|1734|SENATOR TOM UDALL (NM)|2014|BANNER ORGANIZATION TOTALS|33607.22
warning,banner_check_discrepancy,114sdoc4,GPO-CDOC-114sdoc4.pdf,1737,SENATOR TOM UDALL (NM),2015,BANNER ORGANIZATION TOTALS,1351508.22,status=fail; banner=1351508.22; parsed_body=1307736.86. Banner checks are advisory; review against the source before treating this as a parser defect.,114sdoc4|banner_check_discrepancy|1737|SENATOR TOM UDALL (NM)|2015|BANNER ORGANIZATION TOTALS|1351508.22
warning,banner_check_missing,114sdoc4,GPO-CDOC-114sdoc4.pdf,1749,SENATOR DAVID VITTER,2013,BANNER NET PAYROLL,0.0,status=banner_missing; banner=0.0; parsed_body=0.0. Banner checks are advisory; review against the source before treating this as a parser defect.,114sdoc4|banner_check_missing|1749|SENATOR DAVID VITTER|2013|BANNER NET PAYROLL|0.0
warning,banner_check_discrepancy,114sdoc4,GPO-CDOC-114sdoc4.pdf,1750,SENATOR DAVID VITTER,2014,BANNER ORGANIZATION TOTALS,116496.41,status=fail; banner=116496.41; parsed_body=11359.2. Banner checks are advisory; review against the source before treating this as a parser defect.,114sdoc4|banner_check_discrepancy|1750|SENATOR DAVID VITTER|2014|BANNER ORGANIZATION TOTALS|116496.41
warning,banner_check_discrepancy,114sdoc4,GPO-CDOC-114sdoc4.pdf,1754,SENATOR DAVID VITTER,2015,BANNER ORGANIZATION TOTALS,1336437.72,status=fail; banner=1336437.72; parsed_body=1101210.43. Banner checks are advisory; review against the source before treating this as a parser defect.,114sdoc4|banner_check_discrepancy|1754|SENATOR DAVID VITTER|2015|BANNER ORGANIZATION TOTALS|1336437.72
warning,banner_check_discrepancy,114sdoc4,GPO-CDOC-114sdoc4.pdf,1767,SENATOR JOHN WALSH,2014,BANNER ORGANIZATION TOTALS,37848.28,status=fail; banner=37848.28; parsed_body=26564.1. Banner checks are advisory; review against the source before treating this as a parser defect.,114sdoc4|banner_check_discrepancy|1767|SENATOR JOHN WALSH|2014|BANNER ORGANIZATION TOTALS|37848.28
warning,banner_check_discrepancy,114sdoc4,GPO-CDOC-114sdoc4.pdf,1770,SENATOR JOHN WALSH,2015,BANNER ORGANIZATION TOTALS,837082.95,status=fail; banner=837082.95; parsed_body=829886.63. Banner checks are advisory; review against the source before treating this as a parser defect.,114sdoc4|banner_check_discrepancy|1770|SENATOR JOHN WALSH|2015|BANNER ORGANIZATION TOTALS|837082.95
warning,banner_check_missing,114sdoc4,GPO-CDOC-114sdoc4.pdf,1774,SENATOR MARK WARNER,2013,BANNER NET PAYROLL,0.0,status=banner_missing; banner=0.0; parsed_body=0.0. Banner checks are advisory; review against the source before treating this as a parser defect.,114sdoc4|banner_check_missing|1774|SENATOR MARK WARNER|2013|BANNER NET PAYROLL|0.0
warning,banner_check_discrepancy,114sdoc4,GPO-CDOC-114sdoc4.pdf,1775,SENATOR MARK WARNER,2014,BANNER ORGANIZATION TOTALS,126016.86,status=fail; banner=126016.86; parsed_body=11629.96. Banner checks are advisory; review against the source before treating this as a parser defect.,114sdoc4|banner_check_discrepancy|1775|SENATOR MARK WARNER|2014|BANNER ORGANIZATION TOTALS|126016.86
warning,banner_check_discrepancy,114sdoc4,GPO-CDOC-114sdoc4.pdf,1779,SENATOR MARK WARNER,2015,BANNER ORGANIZATION TOTALS,1498643.5,status=fail; banner=1498643.5; parsed_body=1466408.64. Banner checks are advisory; review against the source before treating this as a parser defect.,114sdoc4|banner_check_discrepancy|1779|SENATOR MARK WARNER|2015|BANNER ORGANIZATION TOTALS|1498643.5
warning,banner_check_missing,114sdoc4,GPO-CDOC-114sdoc4.pdf,1791,SENATOR ELIZABETH WARREN,2013,BANNER NET PAYROLL,0.0,status=banner_missing; banner=0.0; parsed_body=0.0. Banner checks are advisory; review against the source before treating this as a parser defect.,114sdoc4|banner_check_missing|1791|SENATOR ELIZABETH WARREN|2013|BANNER NET PAYROLL|0.0
warning,banner_check_discrepancy,114sdoc4,GPO-CDOC-114sdoc4.pdf,1792,SENATOR ELIZABETH WARREN,2014,BANNER ORGANIZATION TOTALS,57387.49,status=fail; banner=57387.49; parsed_body=26898.18. Banner checks are advisory; review against the source before treating this as a parser defect.,114sdoc4|banner_check_discrepancy|1792|SENATOR ELIZABETH WARREN|2014|BANNER ORGANIZATION TOTALS|57387.49
warning,banner_check_discrepancy,114sdoc4,GPO-CDOC-114sdoc4.pdf,1795,SENATOR ELIZABETH WARREN,2015,BANNER ORGANIZATION TOTALS,1192779.4,status=fail; banner=1192779.4; parsed_body=1164899.43. Banner checks are advisory; review against the source before treating this as a parser defect.,114sdoc4|banner_check_discrepancy|1795|SENATOR ELIZABETH WARREN|2015|BANNER ORGANIZATION TOTALS|1192779.4
warning,banner_check_missing,114sdoc4,GPO-CDOC-114sdoc4.pdf,1800,SENATOR JIM WEBB,2013,BANNER NET PAYROLL,0.0,status=banner_missing; banner=0.0; parsed_body=0.0. Banner checks are advisory; review against the source before treating this as a parser defect.,114sdoc4|banner_check_missing|1800|SENATOR JIM WEBB|2013|BANNER NET PAYROLL|0.0
warning,banner_check_missing,114sdoc4,GPO-CDOC-114sdoc4.pdf,1801,SENATOR SHELDON WHITEHOUSE,2013,BANNER NET PAYROLL,0.0,status=banner_missing; banner=0.0; parsed_body=0.0. Banner checks are advisory; review against the source before treating this as a parser defect.,114sdoc4|banner_check_missing|1801|SENATOR SHELDON WHITEHOUSE|2013|BANNER NET PAYROLL|0.0
warning,banner_check_discrepancy,114sdoc4,GPO-CDOC-114sdoc4.pdf,1802,SENATOR SHELDON WHITEHOUSE,2014,BANNER ORGANIZATION TOTALS,51548.22,status=fail; banner=51548.22; parsed_body=28092.03. Banner checks are advisory; review against the source before treating this as a parser defect.,114sdoc4|banner_check_discrepancy|1802|SENATOR SHELDON WHITEHOUSE|2014|BANNER ORGANIZATION TOTALS|51548.22
warning,banner_check_discrepancy,114sdoc4,GPO-CDOC-114sdoc4.pdf,1808,SENATOR SHELDON WHITEHOUSE,2015,BANNER ORGANIZATION TOTALS,1340473.14,status=fail; banner=1340473.14; parsed_body=1308235.49. Banner checks are advisory; review against the source before treating this as a parser defect.,114sdoc4|banner_check_discrepancy|1808|SENATOR SHELDON WHITEHOUSE|2015|BANNER ORGANIZATION TOTALS|1340473.14
warning,banner_check_missing,114sdoc4,GPO-CDOC-114sdoc4.pdf,1817,SENATOR ROGER WICKER,2013,BANNER NET PAYROLL,0.0,status=banner_missing; banner=0.0; parsed_body=0.0. Banner checks are advisory; review against the source before treating this as a parser defect.,114sdoc4|banner_check_missing|1817|SENATOR ROGER WICKER|2013|BANNER NET PAYROLL|0.0
warning,banner_check_discrepancy,114sdoc4,GPO-CDOC-114sdoc4.pdf,1818,SENATOR ROGER WICKER,2014,BANNER ORGANIZATION TOTALS,18138.05,status=fail; banner=18138.05; parsed_body=6839.08. Banner checks are advisory; review against the source before treating this as a parser defect.,114sdoc4|banner_check_discrepancy|1818|SENATOR ROGER WICKER|2014|BANNER ORGANIZATION TOTALS|18138.05
warning,banner_check_discrepancy,114sdoc4,GPO-CDOC-114sdoc4.pdf,1821,SENATOR ROGER WICKER,2015,BANNER ORGANIZATION TOTALS,1327755.47,status=fail; banner=1327755.47; parsed_body=1308587.7. Banner checks are advisory; review against the source before treating this as a parser defect.,114sdoc4|banner_check_discrepancy|1821|SENATOR ROGER WICKER|2015|BANNER ORGANIZATION TOTALS|1327755.47
warning,banner_check_missing,114sdoc4,GPO-CDOC-114sdoc4.pdf,1831,SENATOR RON WYDEN,2013,BANNER NET PAYROLL,0.0,status=banner_missing; banner=0.0; parsed_body=0.0. Banner checks are advisory; review against the source before treating this as a parser defect.,114sdoc4|banner_check_missing|1831|SENATOR RON WYDEN|2013|BANNER NET PAYROLL|0.0
warning,banner_check_discrepancy,114sdoc4,GPO-CDOC-114sdoc4.pdf,1832,SENATOR RON WYDEN,2014,BANNER ORGANIZATION TOTALS,43644.45,status=fail; banner=43644.45; parsed_body=19009.41. Banner checks are advisory; review against the source before treating this as a parser defect.,114sdoc4|banner_check_discrepancy|1832|SENATOR RON WYDEN|2014|BANNER ORGANIZATION TOTALS|43644.45
warning,banner_check_discrepancy,114sdoc4,GPO-CDOC-114sdoc4.pdf,1834,SENATOR RON WYDEN,2015,BANNER ORGANIZATION TOTALS,1359918.02,status=fail; banner=1359918.02; parsed_body=1324023.66. Banner checks are advisory; review against the source before treating this as a parser defect.,114sdoc4|banner_check_discrepancy|1834|SENATOR RON WYDEN|2015|BANNER ORGANIZATION TOTALS|1359918.02
warning,banner_check_missing,114sdoc4,GPO-CDOC-114sdoc4.pdf,1844,STATIONERY,,BANNER NET PAYROLL,0.0,status=banner_missing; banner=0.0; parsed_body=0.0. Banner checks are advisory; review against the source before treating this as a parser defect.,114sdoc4|banner_check_missing|1844|STATIONERY||BANNER NET PAYROLL|0.0
warning,banner_check_discrepancy,114sdoc4,GPO-CDOC-114sdoc4.pdf,1844,STATIONERY,,BANNER ORGANIZATION TOTALS,428537.32,status=fail; banner=428537.32; parsed_body=0.0. Banner checks are advisory; review against the source before treating this as a parser defect.,114sdoc4|banner_check_discrepancy|1844|STATIONERY||BANNER ORGANIZATION TOTALS|428537.32
warning,banner_check_missing,114sdoc4,GPO-CDOC-114sdoc4.pdf,1845,LEGAL COUNSEL,2013,BANNER NET PAYROLL,0.0,status=banner_missing; banner=0.0; parsed_body=0.0. Banner checks are advisory; review against the source before treating this as a parser defect.,114sdoc4|banner_check_missing|1845|LEGAL COUNSEL|2013|BANNER NET PAYROLL|0.0
warning,banner_check_discrepancy,114sdoc4,GPO-CDOC-114sdoc4.pdf,1846,LEGAL COUNSEL,2014,BANNER ORGANIZATION TOTALS,2305.08,status=fail; banner=2305.08; parsed_body=70.0. Banner checks are advisory; review against the source before treating this as a parser defect.,114sdoc4|banner_check_discrepancy|1846|LEGAL COUNSEL|2014|BANNER ORGANIZATION TOTALS|2305.08
warning,banner_check_discrepancy,114sdoc4,GPO-CDOC-114sdoc4.pdf,1847,LEGAL COUNSEL,2015,BANNER ORGANIZATION TOTALS,462299.33,status=fail; banner=462299.33; parsed_body=424535.92. Banner checks are advisory; review against the source before treating this as a parser defect.,114sdoc4|banner_check_discrepancy|1847|LEGAL COUNSEL|2015|BANNER ORGANIZATION TOTALS|462299.33
warning,banner_check_missing,114sdoc4,GPO-CDOC-114sdoc4.pdf,1848,SECRETARY FOR THE MAJORITY (D),2013,BANNER NET PAYROLL,0.0,status=banner_missing; banner=0.0; parsed_body=0.0. Banner checks are advisory; review against the source before treating this as a parser defect.,114sdoc4|banner_check_missing|1848|SECRETARY FOR THE MAJORITY (D)|2013|BANNER NET PAYROLL|0.0
warning,banner_check_missing,114sdoc4,GPO-CDOC-114sdoc4.pdf,1849,SECRETARY FOR THE MAJORITY (D),2014,BANNER NET PAYROLL,0.0,status=banner_missing; banner=0.0; parsed_body=0.0. Banner checks are advisory; review against the source before treating this as a parser defect.,114sdoc4|banner_check_missing|1849|SECRETARY FOR THE MAJORITY (D)|2014|BANNER NET PAYROLL|0.0
warning,banner_check_discrepancy,114sdoc4,GPO-CDOC-114sdoc4.pdf,1850,SECRETARY FOR THE MINORITY (D),2015,BANNER ORGANIZATION TOTALS,1893.43,status=fail; banner=1893.43; parsed_body=1523.0. Banner checks are advisory; review against the source before treating this as a parser defect.,114sdoc4|banner_check_discrepancy|1850|SECRETARY FOR THE MINORITY (D)|2015|BANNER ORGANIZATION TOTALS|1893.43
warning,banner_check_missing,114sdoc4,GPO-CDOC-114sdoc4.pdf,1851,SECRETARY FOR THE MINORITY (R),2013,BANNER NET PAYROLL,0.0,status=banner_missing; banner=0.0; parsed_body=0.0. Banner checks are advisory; review against the source before treating this as a parser defect.,114sdoc4|banner_check_missing|1851|SECRETARY FOR THE MINORITY (R)|2013|BANNER NET PAYROLL|0.0
warning,banner_check_missing,114sdoc4,GPO-CDOC-114sdoc4.pdf,1852,SECRETARY FOR THE MINORITY (R),2014,BANNER NET PAYROLL,0.0,status=banner_missing; banner=0.0; parsed_body=0.0. Banner checks are advisory; review against the source before treating this as a parser defect.,114sdoc4|banner_check_missing|1852|SECRETARY FOR THE MINORITY (R)|2014|BANNER NET PAYROLL|0.0
warning,banner_check_discrepancy,114sdoc4,GPO-CDOC-114sdoc4.pdf,1852,SECRETARY FOR THE MINORITY (R),2014,BANNER ORGANIZATION TOTALS,42.0,status=fail; banner=42.0; parsed_body=0.0. Banner checks are advisory; review against the source before treating this as a parser defect.,114sdoc4|banner_check_discrepancy|1852|SECRETARY FOR THE MINORITY (R)|2014|BANNER ORGANIZATION TOTALS|42.0
warning,banner_check_discrepancy,114sdoc4,GPO-CDOC-114sdoc4.pdf,1853,SECRETARY FOR THE MAJORITY (R),2015,BANNER ORGANIZATION TOTALS,4580.69,status=fail; banner=4580.69; parsed_body=874.94. Banner checks are advisory; review against the source before treating this as a parser defect.,114sdoc4|banner_check_discrepancy|1853|SECRETARY FOR THE MAJORITY (R)|2015|BANNER ORGANIZATION TOTALS|4580.69
warning,banner_check_discrepancy,114sdoc4,GPO-CDOC-114sdoc4.pdf,1855,SERGEANT AT ARMS AND DOORKEEPER OF THE SENATE,2014,BANNER ORGANIZATION TOTALS,637.49,status=fail; banner=637.49; parsed_body=0.0. Banner checks are advisory; review against the source before treating this as a parser defect.,114sdoc4|banner_check_discrepancy|1855|SERGEANT AT ARMS AND DOORKEEPER OF THE SENATE|2014|BANNER ORGANIZATION TOTALS|637.49
warning,banner_check_discrepancy,114sdoc4,GPO-CDOC-114sdoc4.pdf,1856,SERGEANT AT ARMS AND DOORKEEPER OF THE SENATE,2015,BANNER ORGANIZATION TOTALS,1929.76,status=fail; banner=1929.76; parsed_body=0.0. Banner checks are advisory; review against the source before treating this as a parser defect.,114sdoc4|banner_check_discrepancy|1856|SERGEANT AT ARMS AND DOORKEEPER OF THE SENATE|2015|BANNER ORGANIZATION TOTALS|1929.76
warning,banner_check_discrepancy,114sdoc4,GPO-CDOC-114sdoc4.pdf,1858,SECRETARY OF THE SENATE,2014,BANNER ORGANIZATION TOTALS,466.54,status=fail; banner=466.54; parsed_body=0.0. Banner checks are advisory; review against the source before treating this as a parser defect.,114sdoc4|banner_check_discrepancy|1858|SECRETARY OF THE SENATE|2014|BANNER ORGANIZATION TOTALS|466.54
warning,banner_check_discrepancy,114sdoc4,GPO-CDOC-114sdoc4.pdf,1859,SECRETARY OF THE SENATE,2015,BANNER ORGANIZATION TOTALS,10671.0,status=fail; banner=10671.0; parsed_body=0.0. Banner checks are advisory; review against the source before treating this as a parser defect.,114sdoc4|banner_check_discrepancy|1859|SECRETARY OF THE SENATE|2015|BANNER ORGANIZATION TOTALS|10671.0
warning,banner_check_missing,114sdoc4,GPO-CDOC-114sdoc4.pdf,1860,JOINT ECONOMIC COMMITTEE,2013,BANNER NET PAYROLL,0.0,status=banner_missing; banner=0.0; parsed_body=0.0. Banner checks are advisory; review against the source before treating this as a parser defect.,114sdoc4|banner_check_missing|1860|JOINT ECONOMIC COMMITTEE|2013|BANNER NET PAYROLL|0.0
warning,banner_check_discrepancy,114sdoc4,GPO-CDOC-114sdoc4.pdf,1861,JOINT ECONOMIC COMMITTEE,2014,BANNER ORGANIZATION TOTALS,30704.59,status=fail; banner=30704.59; parsed_body=7605.84. Banner checks are advisory; review against the source before treating this as a parser defect.,114sdoc4|banner_check_discrepancy|1861|JOINT ECONOMIC COMMITTEE|2014|BANNER ORGANIZATION TOTALS|30704.59
warning,banner_check_discrepancy,114sdoc4,GPO-CDOC-114sdoc4.pdf,1862,JOINT ECONOMIC COMMITTEE,2015,BANNER ORGANIZATION TOTALS,1726643.5,status=fail; banner=1726643.5; parsed_body=1709927.14. Banner checks are advisory; review against the source before treating this as a parser defect.,114sdoc4|banner_check_discrepancy|1862|JOINT ECONOMIC COMMITTEE|2015|BANNER ORGANIZATION TOTALS|1726643.5
warning,banner_check_missing,114sdoc4,GPO-CDOC-114sdoc4.pdf,1865,LEGISLATIVE COUNSEL,2013,BANNER NET PAYROLL,0.0,status=banner_missing; banner=0.0; parsed_body=0.0. Banner checks are advisory; review against the source before treating this as a parser defect.,114sdoc4|banner_check_missing|1865|LEGISLATIVE COUNSEL|2013|BANNER NET PAYROLL|0.0
warning,banner_check_discrepancy,114sdoc4,GPO-CDOC-114sdoc4.pdf,1866,LEGISLATIVE COUNSEL,2014,BANNER ORGANIZATION TOTALS,40746.55,status=fail; banner=40746.55; parsed_body=2995.92. Banner checks are advisory; review against the source before treating this as a parser defect.,114sdoc4|banner_check_discrepancy|1866|LEGISLATIVE COUNSEL|2014|BANNER ORGANIZATION TOTALS|40746.55
warning,banner_check_discrepancy,114sdoc4,GPO-CDOC-114sdoc4.pdf,1867,LEGISLATIVE COUNSEL,2015,BANNER ORGANIZATION TOTALS,2508694.92,status=fail; banner=2508694.92; parsed_body=2509636.53. Banner checks are advisory; review against the source before treating this as a parser defect.,114sdoc4|banner_check_discrepancy|1867|LEGISLATIVE COUNSEL|2015|BANNER ORGANIZATION TOTALS|2508694.92
warning,banner_check_missing,114sdoc4,GPO-CDOC-114sdoc4.pdf,1869,JOINT COMMITTEES ON INAUGURAL CEREMONIES,,BANNER NET PAYROLL,0.0,status=banner_missing; banner=0.0; parsed_body=0.0. Banner checks are advisory; review against the source before treating this as a parser defect.,114sdoc4|banner_check_missing|1869|JOINT COMMITTEES ON INAUGURAL CEREMONIES||BANNER NET PAYROLL|0.0
warning,banner_check_discrepancy,114sdoc4,GPO-CDOC-114sdoc4.pdf,1869,JOINT COMMITTEES ON INAUGURAL CEREMONIES,,BANNER ORGANIZATION TOTALS,22056.0,status=fail; banner=22056.0; parsed_body=0.0. Banner checks are advisory; review against the source before treating this as a parser defect.,114sdoc4|banner_check_discrepancy|1869|JOINT COMMITTEES ON INAUGURAL CEREMONIES||BANNER ORGANIZATION TOTALS|22056.0
warning,banner_check_missing,114sdoc4,GPO-CDOC-114sdoc4.pdf,1870,OFFICE OF CONGRESSIONAL ACCESSIBILITY SERVICES,2013,BANNER NET PAYROLL,0.0,status=banner_missing; banner=0.0; parsed_body=0.0. Banner checks are advisory; review against the source before treating this as a parser defect.,114sdoc4|banner_check_missing|1870|OFFICE OF CONGRESSIONAL ACCESSIBILITY SERVICES|2013|BANNER NET PAYROLL|0.0
warning,banner_check_discrepancy,114sdoc4,GPO-CDOC-114sdoc4.pdf,1871,OFFICE OF CONGRESSIONAL ACCESSIBILITY SERVICES,2014,BANNER NET PAYROLL,3340.0,status=fail; banner=3340.0; parsed_body=749.15. Banner checks are advisory; review against the source before treating this as a parser defect.,114sdoc4|banner_check_discrepancy|1871|OFFICE OF CONGRESSIONAL ACCESSIBILITY SERVICES|2014|BANNER NET PAYROLL|3340.0
warning,banner_check_discrepancy,114sdoc4,GPO-CDOC-114sdoc4.pdf,1871,OFFICE OF CONGRESSIONAL ACCESSIBILITY SERVICES,2014,BANNER ORGANIZATION TOTALS,17085.83,status=fail; banner=17085.83; parsed_body=16806.89. Banner checks are advisory; review against the source before treating this as a parser defect.,114sdoc4|banner_check_discrepancy|1871|OFFICE OF CONGRESSIONAL ACCESSIBILITY SERVICES|2014|BANNER ORGANIZATION TOTALS|17085.83
warning,banner_check_discrepancy,114sdoc4,GPO-CDOC-114sdoc4.pdf,1872,OFFICE OF CONGRESSIONAL ACCESSIBILITY SERVICES,2015,BANNER ORGANIZATION TOTALS,363065.47,status=fail; banner=363065.47; parsed_body=362982.84. Banner checks are advisory; review against the source before treating this as a parser defect.,114sdoc4|banner_check_discrepancy|1872|OFFICE OF CONGRESSIONAL ACCESSIBILITY SERVICES|2015|BANNER ORGANIZATION TOTALS|363065.47
warning,banner_check_discrepancy,114sdoc4,GPO-CDOC-114sdoc4.pdf,1876,HEALTH & PROMOTION,,BANNER ORGANIZATION TOTALS,2796.0,status=fail; banner=2796.0; parsed_body=11352.0. Banner checks are advisory; review against the source before treating this as a parser defect.,114sdoc4|banner_check_discrepancy|1876|HEALTH & PROMOTION||BANNER ORGANIZATION TOTALS|2796.0
warning,banner_check_discrepancy,114sdoc4,GPO-CDOC-114sdoc4.pdf,1877,PUBLIC RECORDS,,BANNER ORGANIZATION TOTALS,4652.2,status=fail; banner=4652.2; parsed_body=0.0. Banner checks are advisory; review against the source before treating this as a parser defect.,114sdoc4|banner_check_discrepancy|1877|PUBLIC RECORDS||BANNER ORGANIZATION TOTALS|4652.2
warning,banner_check_discrepancy,114sdoc4,GPO-CDOC-114sdoc4.pdf,1878,GIFT SHOP,,BANNER ORGANIZATION TOTALS,248922.12,status=fail; banner=248922.12; parsed_body=300.0. Banner checks are advisory; review against the source before treating this as a parser defect.,114sdoc4|banner_check_discrepancy|1878|GIFT SHOP||BANNER ORGANIZATION TOTALS|248922.12
warning,banner_check_missing,114sdoc4,GPO-CDOC-114sdoc4.pdf,1879,PHOTOGRAPHIC STUDIO,,BANNER NET PAYROLL,0.0,status=banner_missing; banner=0.0; parsed_body=0.0. Banner checks are advisory; review against the source before treating this as a parser defect.,114sdoc4|banner_check_missing|1879|PHOTOGRAPHIC STUDIO||BANNER NET PAYROLL|0.0
warning,banner_check_discrepancy,114sdoc4,GPO-CDOC-114sdoc4.pdf,1879,PHOTOGRAPHIC STUDIO,,BANNER ORGANIZATION TOTALS,168106.34,status=fail; banner=168106.34; parsed_body=213682.82. Banner checks are advisory; review against the source before treating this as a parser defect.,114sdoc4|banner_check_discrepancy|1879|PHOTOGRAPHIC STUDIO||BANNER ORGANIZATION TOTALS|168106.34
warning,banner_check_discrepancy,114sdoc4,GPO-CDOC-114sdoc4.pdf,1880,RECORDING STUDIO,,BANNER ORGANIZATION TOTALS,32698.81,status=fail; banner=32698.81; parsed_body=21296.34. Banner checks are advisory; review against the source before treating this as a parser defect.,114sdoc4|banner_check_discrepancy|1880|RECORDING STUDIO||BANNER ORGANIZATION TOTALS|32698.81
warning,banner_check_missing,114sdoc4,GPO-CDOC-114sdoc4.pdf,1881,DANIEL WEBSTER SENATE PAGE RESIDENCE,,BANNER NET PAYROLL,0.0,status=banner_missing; banner=0.0; parsed_body=0.0. Banner checks are advisory; review against the source before treating this as a parser defect.,114sdoc4|banner_check_missing|1881|DANIEL WEBSTER SENATE PAGE RESIDENCE||BANNER NET PAYROLL|0.0
warning,banner_check_discrepancy,114sdoc4,GPO-CDOC-114sdoc4.pdf,1881,DANIEL WEBSTER SENATE PAGE RESIDENCE,,BANNER ORGANIZATION TOTALS,32509.52,status=fail; banner=32509.52; parsed_body=16463.8. Banner checks are advisory; review against the source before treating this as a parser defect.,114sdoc4|banner_check_discrepancy|1881|DANIEL WEBSTER SENATE PAGE RESIDENCE||BANNER ORGANIZATION TOTALS|32509.52
warning,banner_check_discrepancy,114sdoc4,GPO-CDOC-114sdoc4.pdf,1883,SENATE HAIR CARE,,BANNER ORGANIZATION TOTALS,7819.19,status=fail; banner=7819.19; parsed_body=76550.84. Banner checks are advisory; review against the source before treating this as a parser defect.,114sdoc4|banner_check_discrepancy|1883|SENATE HAIR CARE||BANNER ORGANIZATION TOTALS|7819.19
warning,banner_check_missing,114sdoc4,GPO-CDOC-114sdoc4.pdf,1885,"AGRICULTURE, NUTRITION & FORESTRY AGRICULTURE, NUTR & FOR S.RES.81D(112TH) EXPENSES OF INQUIRIES AND INVESTIGATIONS",,BANNER NET PAYROLL,0.0,status=banner_missing; banner=0.0; parsed_body=0.0. Banner checks are advisory; review against the source before treating this as a parser defect.,"114sdoc4|banner_check_missing|1885|AGRICULTURE, NUTRITION & FORESTRY AGRICULTURE, NUTR & FOR S.RES.81D(112TH) EXPENSES OF INQUIRIES AND INVESTIGATIONS||BANNER NET PAYROLL|0.0"
warning,banner_check_missing,114sdoc4,GPO-CDOC-114sdoc4.pdf,1886,"AGRICULTURE, NUTRITION & FORESTRY AGRICULTURE, NUTR & FOR S.RES.64B(113TH) EXPENSES OF INQUIRIES AND INVESTIGATIONS",,BANNER NET PAYROLL,0.0,status=banner_missing; banner=0.0; parsed_body=0.0. Banner checks are advisory; review against the source before treating this as a parser defect.,"114sdoc4|banner_check_missing|1886|AGRICULTURE, NUTRITION & FORESTRY AGRICULTURE, NUTR & FOR S.RES.64B(113TH) EXPENSES OF INQUIRIES AND INVESTIGATIONS||BANNER NET PAYROLL|0.0"
warning,banner_check_discrepancy,114sdoc4,GPO-CDOC-114sdoc4.pdf,1887,"AGRICULTURE, NUTRITION & FORESTRY AGRICULTURE, NUTR & FOR S.RES.253B(113TH) EXPENSES OF INQUIRIES AND INVESTIGATIONS",,BANNER ORGANIZATION TOTALS,203968.29,status=fail; banner=203968.29; parsed_body=105584.47. Banner checks are advisory; review against the source before treating this as a parser defect.,"114sdoc4|banner_check_discrepancy|1887|AGRICULTURE, NUTRITION & FORESTRY AGRICULTURE, NUTR & FOR S.RES.253B(113TH) EXPENSES OF INQUIRIES AND INVESTIGATIONS||BANNER ORGANIZATION TOTALS|203968.29"
warning,banner_check_discrepancy,114sdoc4,GPO-CDOC-114sdoc4.pdf,1889,"AGRICULTURE, NUTRITION & FORESTRY AGRICULTURE, NUTR & FOR S.RES.253C(113TH) EXPENSES OF INQUIRIES AND INVESTIGATIONS",,BANNER ORGANIZATION TOTALS,1549826.51,status=fail; banner=1549826.51; parsed_body=43002.01. Banner checks are advisory; review against the source before treating this as a parser defect.,"114sdoc4|banner_check_discrepancy|1889|AGRICULTURE, NUTRITION & FORESTRY AGRICULTURE, NUTR & FOR S.RES.253C(113TH) EXPENSES OF INQUIRIES AND INVESTIGATIONS||BANNER ORGANIZATION TOTALS|1549826.51"
warning,banner_check_discrepancy,114sdoc4,GPO-CDOC-114sdoc4.pdf,1893,"AGRICULTURE, NUTRITION & FORESTRY AGRICULTURE, NUTR & FOR S.RES.73B(114TH) EXPENSES OF INQUIRIES AND INVESTIGATIONS",,BANNER ORGANIZATION TOTALS,306995.17,status=fail; banner=306995.17; parsed_body=1784984.06. Banner checks are advisory; review against the source before treating this as a parser defect.,"114sdoc4|banner_check_discrepancy|1893|AGRICULTURE, NUTRITION & FORESTRY AGRICULTURE, NUTR & FOR S.RES.73B(114TH) EXPENSES OF INQUIRIES AND INVESTIGATIONS||BANNER ORGANIZATION TOTALS|306995.17"
warning,banner_check_missing,114sdoc4,GPO-CDOC-114sdoc4.pdf,1895,ARMED SERVICES ARMED SERVICES - S.RES. 81D (112TH) EXPENSES OF INQUIRIES AND INVESTIGATIONS,,BANNER NET PAYROLL,0.0,status=banner_missing; banner=0.0; parsed_body=0.0. Banner checks are advisory; review against the source before treating this as a parser defect.,114sdoc4|banner_check_missing|1895|ARMED SERVICES ARMED SERVICES - S.RES. 81D (112TH) EXPENSES OF INQUIRIES AND INVESTIGATIONS||BANNER NET PAYROLL|0.0
warning,banner_check_missing,114sdoc4,GPO-CDOC-114sdoc4.pdf,1896,ARMED SERVICES ARMED SERVICES - S.RES. 64B (113TH) EXPENSES OF INQUIRIES AND INVESTIGATIONS,,BANNER NET PAYROLL,0.0,status=banner_missing; banner=0.0; parsed_body=0.0. Banner checks are advisory; review against the source before treating this as a parser defect.,114sdoc4|banner_check_missing|1896|ARMED SERVICES ARMED SERVICES - S.RES. 64B (113TH) EXPENSES OF INQUIRIES AND INVESTIGATIONS||BANNER NET PAYROLL|0.0
warning,banner_check_discrepancy,114sdoc4,GPO-CDOC-114sdoc4.pdf,1897,ARMED SERVICES ARMED SERVICES - S.RES. 253B (113TH) EXPENSES OF INQUIRIES AND INVESTIGATIONS,,BANNER ORGANIZATION TOTALS,60339.07,status=fail; banner=60339.07; parsed_body=50542.62. Banner checks are advisory; review against the source before treating this as a parser defect.,114sdoc4|banner_check_discrepancy|1897|ARMED SERVICES ARMED SERVICES - S.RES. 253B (113TH) EXPENSES OF INQUIRIES AND INVESTIGATIONS||BANNER ORGANIZATION TOTALS|60339.07
warning,banner_check_discrepancy,114sdoc4,GPO-CDOC-114sdoc4.pdf,1898,ARMED SERVICES ARMED SERVICES - S.RES. 253C (113TH) EXPENSES OF INQUIRIES AND INVESTIGATIONS,,BANNER ORGANIZATION TOTALS,2567436.91,status=fail; banner=2567436.91; parsed_body=21033.77. Banner checks are advisory; review against the source before treating this as a parser defect.,114sdoc4|banner_check_discrepancy|1898|ARMED SERVICES ARMED SERVICES - S.RES. 253C (113TH) EXPENSES OF INQUIRIES AND INVESTIGATIONS||BANNER ORGANIZATION TOTALS|2567436.91
warning,banner_check_discrepancy,114sdoc4,GPO-CDOC-114sdoc4.pdf,1900,ARMED SERVICES ARMED SERVICES - S.RES. 73B (114TH) EXPENSES OF INQUIRIES AND INVESTIGATIONS,,BANNER ORGANIZATION TOTALS,498272.92,status=fail; banner=498272.92; parsed_body=3011263.85. Banner checks are advisory; review against the source before treating this as a parser defect.,114sdoc4|banner_check_discrepancy|1900|ARMED SERVICES ARMED SERVICES - S.RES. 73B (114TH) EXPENSES OF INQUIRIES AND INVESTIGATIONS||BANNER ORGANIZATION TOTALS|498272.92
warning,banner_check_missing,114sdoc4,GPO-CDOC-114sdoc4.pdf,1902,"BANKING, HOUSING & URBAN AFFAIRS BANKING, HOUSING &URBDEV S.RES. 81D (112TH) EXPENSES OF INQUIRIES AND INVESTIGATIONS",,BANNER NET PAYROLL,0.0,status=banner_missing; banner=0.0; parsed_body=0.0. Banner checks are advisory; review against the source before treating this as a parser defect.,"114sdoc4|banner_check_missing|1902|BANKING, HOUSING & URBAN AFFAIRS BANKING, HOUSING &URBDEV S.RES. 81D (112TH) EXPENSES OF INQUIRIES AND INVESTIGATIONS||BANNER NET PAYROLL|0.0"
warning,banner_check_missing,114sdoc4,GPO-CDOC-114sdoc4.pdf,1903,"BANKING, HOUSING & URBAN AFFAIRS BANKING, HOUSING &URBDEV S.RES. 64B (113TH) EXPENSES OF INQUIRIES AND INVESTIGATIONS",,BANNER NET PAYROLL,0.0,status=banner_missing; banner=0.0; parsed_body=0.0. Banner checks are advisory; review against the source before treating this as a parser defect.,"114sdoc4|banner_check_missing|1903|BANKING, HOUSING & URBAN AFFAIRS BANKING, HOUSING &URBDEV S.RES. 64B (113TH) EXPENSES OF INQUIRIES AND INVESTIGATIONS||BANNER NET PAYROLL|0.0"
warning,banner_check_discrepancy,114sdoc4,GPO-CDOC-114sdoc4.pdf,1904,"BANKING, HOUSING & URBAN AFFAIRS BANKING, HOUSING &URBDEV S.RES. 253B (113TH) EXPENSES OF INQUIRIES AND INVESTIGATIONS",,BANNER NET PAYROLL,2633.62,status=fail; banner=2633.62; parsed_body=497.8. Banner checks are advisory; review against the source before treating this as a parser defect.,"114sdoc4|banner_check_discrepancy|1904|BANKING, HOUSING & URBAN AFFAIRS BANKING, HOUSING &URBDEV S.RES. 253B (113TH) EXPENSES OF INQUIRIES AND INVESTIGATIONS||BANNER NET PAYROLL|2633.62"
warning,banner_check_discrepancy,114sdoc4,GPO-CDOC-114sdoc4.pdf,1904,"BANKING, HOUSING & URBAN AFFAIRS BANKING, HOUSING &URBDEV S.RES. 253B (113TH) EXPENSES OF INQUIRIES AND INVESTIGATIONS",,BANNER ORGANIZATION TOTALS,49742.89,status=fail; banner=49742.89; parsed_body=16367.29. Banner checks are advisory; review against the source before treating this as a parser defect.,"114sdoc4|banner_check_discrepancy|1904|BANKING, HOUSING & URBAN AFFAIRS BANKING, HOUSING &URBDEV S.RES. 253B (113TH) EXPENSES OF INQUIRIES AND INVESTIGATIONS||BANNER ORGANIZATION TOTALS|49742.89"
warning,banner_check_discrepancy,114sdoc4,GPO-CDOC-114sdoc4.pdf,1906,"BANKING, HOUSING & URBAN AFFAIRS BANKING, HOUSING &URBDEV S.RES. 253C (113TH) EXPENSES OF INQUIRIES AND INVESTIGATIONS",,BANNER ORGANIZATION TOTALS,1644417.65,status=fail; banner=1644417.65; parsed_body=18467.58. Banner checks are advisory; review against the source before treating this as a parser defect.,"114sdoc4|banner_check_discrepancy|1906|BANKING, HOUSING & URBAN AFFAIRS BANKING, HOUSING &URBDEV S.RES. 253C (113TH) EXPENSES OF INQUIRIES AND INVESTIGATIONS||BANNER ORGANIZATION TOTALS|1644417.65"
warning,banner_check_discrepancy,114sdoc4,GPO-CDOC-114sdoc4.pdf,1908,"BANKING, HOUSING & URBAN AFFAIRS BANKING, HOUSING &URBDEV S.RES. 73B (114TH) EXPENSES OF INQUIRIES AND INVESTIGATIONS",,BANNER ORGANIZATION TOTALS,383301.93,status=fail; banner=383301.93; parsed_body=1945059.93. Banner checks are advisory; review against the source before treating this as a parser defect.,"114sdoc4|banner_check_discrepancy|1908|BANKING, HOUSING & URBAN AFFAIRS BANKING, HOUSING &URBDEV S.RES. 73B (114TH) EXPENSES OF INQUIRIES AND INVESTIGATIONS||BANNER ORGANIZATION TOTALS|383301.93"
warning,banner_check_missing,114sdoc4,GPO-CDOC-114sdoc4.pdf,1910,BUDGET BUDGET - S.RES. 81D (112TH) EXPENSES OF INQUIRIES AND INVESTIGATIONS,,BANNER NET PAYROLL,0.0,status=banner_missing; banner=0.0; parsed_body=0.0. Banner checks are advisory; review against the source before treating this as a parser defect.,114sdoc4|banner_check_missing|1910|BUDGET BUDGET - S.RES. 81D (112TH) EXPENSES OF INQUIRIES AND INVESTIGATIONS||BANNER NET PAYROLL|0.0
warning,banner_check_missing,114sdoc4,GPO-CDOC-114sdoc4.pdf,1911,BUDGET BUDGET - S.RES. 64B (113TH) EXPENSES OF INQUIRIES AND INVESTIGATIONS,,BANNER NET PAYROLL,0.0,status=banner_missing; banner=0.0; parsed_body=0.0. Banner checks are advisory; review against the source before treating this as a parser defect.,114sdoc4|banner_check_missing|1911|BUDGET BUDGET - S.RES. 64B (113TH) EXPENSES OF INQUIRIES AND INVESTIGATIONS||BANNER NET PAYROLL|0.0
warning,banner_check_discrepancy,114sdoc4,GPO-CDOC-114sdoc4.pdf,1912,BUDGET BUDGET - S.RES. 253B (113TH) EXPENSES OF INQUIRIES AND INVESTIGATIONS,,BANNER NET PAYROLL,17490.62,status=fail; banner=17490.62; parsed_body=2325.07. Banner checks are advisory; review against the source before treating this as a parser defect.,114sdoc4|banner_check_discrepancy|1912|BUDGET BUDGET - S.RES. 253B (113TH) EXPENSES OF INQUIRIES AND INVESTIGATIONS||BANNER NET PAYROLL|17490.62
warning,banner_check_discrepancy,114sdoc4,GPO-CDOC-114sdoc4.pdf,1912,BUDGET BUDGET - S.RES. 253B (113TH) EXPENSES OF INQUIRIES AND INVESTIGATIONS,,BANNER ORGANIZATION TOTALS,66073.69,status=fail; banner=66073.69; parsed_body=24825.99. Banner checks are advisory; review against the source before treating this as a parser defect.,114sdoc4|banner_check_discrepancy|1912|BUDGET BUDGET - S.RES. 253B (113TH) EXPENSES OF INQUIRIES AND INVESTIGATIONS||BANNER ORGANIZATION TOTALS|66073.69
warning,banner_check_discrepancy,114sdoc4,GPO-CDOC-114sdoc4.pdf,1914,BUDGET BUDGET - S.RES. 253C (113TH) EXPENSES OF INQUIRIES AND INVESTIGATIONS,,BANNER ORGANIZATION TOTALS,2014178.95,status=fail; banner=2014178.95; parsed_body=23714.02. Banner checks are advisory; review against the source before treating this as a parser defect.,114sdoc4|banner_check_discrepancy|1914|BUDGET BUDGET - S.RES. 253C (113TH) EXPENSES OF INQUIRIES AND INVESTIGATIONS||BANNER ORGANIZATION TOTALS|2014178.95
warning,banner_check_discrepancy,114sdoc4,GPO-CDOC-114sdoc4.pdf,1916,BUDGET BUDGET - S.RES. 73B (114TH) EXPENSES OF INQUIRIES AND INVESTIGATIONS,,BANNER ORGANIZATION TOTALS,399061.6,status=fail; banner=399061.6; parsed_body=2348413.56. Banner checks are advisory; review against the source before treating this as a parser defect.,114sdoc4|banner_check_discrepancy|1916|BUDGET BUDGET - S.RES. 73B (114TH) EXPENSES OF INQUIRIES AND INVESTIGATIONS||BANNER ORGANIZATION TOTALS|399061.6
warning,banner_check_missing,114sdoc4,GPO-CDOC-114sdoc4.pdf,1918,"COMMERCE, SCIENCE & TRANSPORTATION COMMERCE, SCI & TRANS S.RES. 81D (112TH) EXPENSES OF INQUIRIES AND INVESTIGATIONS",,BANNER NET PAYROLL,0.0,status=banner_missing; banner=0.0; parsed_body=0.0. Banner checks are advisory; review against the source before treating this as a parser defect.,"114sdoc4|banner_check_missing|1918|COMMERCE, SCIENCE & TRANSPORTATION COMMERCE, SCI & TRANS S.RES. 81D (112TH) EXPENSES OF INQUIRIES AND INVESTIGATIONS||BANNER NET PAYROLL|0.0"
warning,banner_check_missing,114sdoc4,GPO-CDOC-114sdoc4.pdf,1919,"COMMERCE, SCIENCE & TRANSPORTATION COMMERCE, SCI & TRANS S.RES. 64B (113TH) EXPENSES OF INQUIRIES AND INVESTIGATIONS",,BANNER NET PAYROLL,0.0,status=banner_missing; banner=0.0; parsed_body=0.0. Banner checks are advisory; review against the source before treating this as a parser defect.,"114sdoc4|banner_check_missing|1919|COMMERCE, SCIENCE & TRANSPORTATION COMMERCE, SCI & TRANS S.RES. 64B (113TH) EXPENSES OF INQUIRIES AND INVESTIGATIONS||BANNER NET PAYROLL|0.0"
warning,banner_check_discrepancy,114sdoc4,GPO-CDOC-114sdoc4.pdf,1920,"COMMERCE, SCIENCE & TRANSPORTATION COMMERCE, SCI & TRANS S.RES. 253B (113TH) EXPENSES OF INQUIRIES AND INVESTIGATIONS",,BANNER ORGANIZATION TOTALS,91526.04,status=fail; banner=91526.04; parsed_body=13625.72. Banner checks are advisory; review against the source before treating this as a parser defect.,"114sdoc4|banner_check_discrepancy|1920|COMMERCE, SCIENCE & TRANSPORTATION COMMERCE, SCI & TRANS S.RES. 253B (113TH) EXPENSES OF INQUIRIES AND INVESTIGATIONS||BANNER ORGANIZATION TOTALS|91526.04"
warning,banner_check_discrepancy,114sdoc4,GPO-CDOC-114sdoc4.pdf,1922,"COMMERCE, SCIENCE & TRANSPORTATION COMMERCE, SCI & TRANS S.RES. 253C (113TH) EXPENSES OF INQUIRIES AND INVESTIGATIONS",,BANNER ORGANIZATION TOTALS,2559074.31,status=fail; banner=2559074.31; parsed_body=24719.86. Banner checks are advisory; review against the source before treating this as a parser defect.,"114sdoc4|banner_check_discrepancy|1922|COMMERCE, SCIENCE & TRANSPORTATION COMMERCE, SCI & TRANS S.RES. 253C (113TH) EXPENSES OF INQUIRIES AND INVESTIGATIONS||BANNER ORGANIZATION TOTALS|2559074.31"
warning,banner_check_discrepancy,114sdoc4,GPO-CDOC-114sdoc4.pdf,1924,"COMMERCE, SCIENCE & TRANSPORTATION COMMERCE, SCI & TRANS S.RES. 73B (114TH) EXPENSES OF INQUIRIES AND INVESTIGATIONS",,BANNER ORGANIZATION TOTALS,521517.34,status=fail; banner=521517.34; parsed_body=2995995.38. Banner checks are advisory; review against the source before treating this as a parser defect.,"114sdoc4|banner_check_discrepancy|1924|COMMERCE, SCIENCE & TRANSPORTATION COMMERCE, SCI & TRANS S.RES. 73B (114TH) EXPENSES OF INQUIRIES AND INVESTIGATIONS||BANNER ORGANIZATION TOTALS|521517.34"
warning,banner_check_missing,114sdoc4,GPO-CDOC-114sdoc4.pdf,1926,ENERGY & NATURAL RESOURCES ENERGY & NATURAL S.RES. 81D (112TH) EXPENSES OF INQUIRIES AND INVESTIGATIONS,,BANNER NET PAYROLL,0.0,status=banner_missing; banner=0.0; parsed_body=0.0. Banner checks are advisory; review against the source before treating this as a parser defect.,114sdoc4|banner_check_missing|1926|ENERGY & NATURAL RESOURCES ENERGY & NATURAL S.RES. 81D (112TH) EXPENSES OF INQUIRIES AND INVESTIGATIONS||BANNER NET PAYROLL|0.0
warning,banner_check_missing,114sdoc4,GPO-CDOC-114sdoc4.pdf,1927,ENERGY & NATURAL RESOURCES ENERGY & NATURAL S.RES. 64B (113TH) EXPENSES OF INQUIRIES AND INVESTIGATIONS,,BANNER NET PAYROLL,0.0,status=banner_missing; banner=0.0; parsed_body=0.0. Banner checks are advisory; review against the source before treating this as a parser defect.,114sdoc4|banner_check_missing|1927|ENERGY & NATURAL RESOURCES ENERGY & NATURAL S.RES. 64B (113TH) EXPENSES OF INQUIRIES AND INVESTIGATIONS||BANNER NET PAYROLL|0.0
warning,banner_check_discrepancy,114sdoc4,GPO-CDOC-114sdoc4.pdf,1928,ENERGY & NATURAL RESOURCES ENERGY & NATURAL S.RES. 253B (113TH) EXPENSES OF INQUIRIES AND INVESTIGATIONS,,BANNER NET PAYROLL,14823.78,status=fail; banner=14823.78; parsed_body=1873.15. Banner checks are advisory; review against the source before treating this as a parser defect.,114sdoc4|banner_check_discrepancy|1928|ENERGY & NATURAL RESOURCES ENERGY & NATURAL S.RES. 253B (113TH) EXPENSES OF INQUIRIES AND INVESTIGATIONS||BANNER NET PAYROLL|14823.78
warning,banner_check_discrepancy,114sdoc4,GPO-CDOC-114sdoc4.pdf,1928,ENERGY & NATURAL RESOURCES ENERGY & NATURAL S.RES. 253B (113TH) EXPENSES OF INQUIRIES AND INVESTIGATIONS,,BANNER ORGANIZATION TOTALS,55632.18,status=fail; banner=55632.18; parsed_body=17301.93. Banner checks are advisory; review against the source before treating this as a parser defect.,114sdoc4|banner_check_discrepancy|1928|ENERGY & NATURAL RESOURCES ENERGY & NATURAL S.RES. 253B (113TH) EXPENSES OF INQUIRIES AND INVESTIGATIONS||BANNER ORGANIZATION TOTALS|55632.18
warning,banner_check_discrepancy,114sdoc4,GPO-CDOC-114sdoc4.pdf,1930,ENERGY & NATURAL RESOURCES ENERGY & NATURAL S.RES. 253C (113TH) EXPENSES OF INQUIRIES AND INVESTIGATIONS,,BANNER ORGANIZATION TOTALS,2050162.78,status=fail; banner=2050162.78; parsed_body=34167.82. Banner checks are advisory; review against the source before treating this as a parser defect.,114sdoc4|banner_check_discrepancy|1930|ENERGY & NATURAL RESOURCES ENERGY & NATURAL S.RES. 253C (113TH) EXPENSES OF INQUIRIES AND INVESTIGATIONS||BANNER ORGANIZATION TOTALS|2050162.78
warning,banner_check_discrepancy,114sdoc4,GPO-CDOC-114sdoc4.pdf,1934,ENERGY & NATURAL RESOURCES ENERGY & NATURAL S.RES. 73B (114TH) EXPENSES OF INQUIRIES AND INVESTIGATIONS,,BANNER ORGANIZATION TOTALS,341136.06,status=fail; banner=341136.06; parsed_body=2330522.14. Banner checks are advisory; review against the source before treating this as a parser defect.,114sdoc4|banner_check_discrepancy|1934|ENERGY & NATURAL RESOURCES ENERGY & NATURAL S.RES. 73B (114TH) EXPENSES OF INQUIRIES AND INVESTIGATIONS||BANNER ORGANIZATION TOTALS|341136.06
warning,banner_check_missing,114sdoc4,GPO-CDOC-114sdoc4.pdf,1936,ENVIRONMENT & PUBLIC WORKS ENVIRONMENT & PUB WORKS S.RES. 81D (112TH) EXPENSES OF INQUIRIES AND INVESTIGATIONS,,BANNER NET PAYROLL,0.0,status=banner_missing; banner=0.0; parsed_body=0.0. Banner checks are advisory; review against the source before treating this as a parser defect.,114sdoc4|banner_check_missing|1936|ENVIRONMENT & PUBLIC WORKS ENVIRONMENT & PUB WORKS S.RES. 81D (112TH) EXPENSES OF INQUIRIES AND INVESTIGATIONS||BANNER NET PAYROLL|0.0
warning,banner_check_missing,114sdoc4,GPO-CDOC-114sdoc4.pdf,1937,ENVIRONMENT & PUBLIC WORKS ENVIRONMENT & PUB WORKS S.RES. 64B (113TH) EXPENSES OF INQUIRIES AND INVESTIGATIONS,,BANNER NET PAYROLL,0.0,status=banner_missing; banner=0.0; parsed_body=0.0. Banner checks are advisory; review against the source before treating this as a parser defect.,114sdoc4|banner_check_missing|1937|ENVIRONMENT & PUBLIC WORKS ENVIRONMENT & PUB WORKS S.RES. 64B (113TH) EXPENSES OF INQUIRIES AND INVESTIGATIONS||BANNER NET PAYROLL|0.0
warning,banner_check_discrepancy,114sdoc4,GPO-CDOC-114sdoc4.pdf,1938,ENVIRONMENT & PUBLIC WORKS ENVIRONMENT & PUB WORKS S.RES. 253B (113TH) EXPENSES OF INQUIRIES AND INVESTIGATIONS,,BANNER NET PAYROLL,1493.11,status=fail; banner=1493.11; parsed_body=710.05. Banner checks are advisory; review against the source before treating this as a parser defect.,114sdoc4|banner_check_discrepancy|1938|ENVIRONMENT & PUBLIC WORKS ENVIRONMENT & PUB WORKS S.RES. 253B (113TH) EXPENSES OF INQUIRIES AND INVESTIGATIONS||BANNER NET PAYROLL|1493.11
warning,banner_check_discrepancy,114sdoc4,GPO-CDOC-114sdoc4.pdf,1938,ENVIRONMENT & PUBLIC WORKS ENVIRONMENT & PUB WORKS S.RES. 253B (113TH) EXPENSES OF INQUIRIES AND INVESTIGATIONS,,BANNER ORGANIZATION TOTALS,48412.0,status=fail; banner=48412.0; parsed_body=4617.16. Banner checks are advisory; review against the source before treating this as a parser defect.,114sdoc4|banner_check_discrepancy|1938|ENVIRONMENT & PUBLIC WORKS ENVIRONMENT & PUB WORKS S.RES. 253B (113TH) EXPENSES OF INQUIRIES AND INVESTIGATIONS||BANNER ORGANIZATION TOTALS|48412.0
warning,banner_check_discrepancy,114sdoc4,GPO-CDOC-114sdoc4.pdf,1940,ENVIRONMENT & PUBLIC WORKS ENVIRONMENT & PUB WORKS S.RES. 253C (113TH) EXPENSES OF INQUIRIES AND INVESTIGATIONS,,BANNER ORGANIZATION TOTALS,1824950.22,status=fail; banner=1824950.22; parsed_body=11999.29. Banner checks are advisory; review against the source before treating this as a parser defect.,114sdoc4|banner_check_discrepancy|1940|ENVIRONMENT & PUBLIC WORKS ENVIRONMENT & PUB WORKS S.RES. 253C (113TH) EXPENSES OF INQUIRIES AND INVESTIGATIONS||BANNER ORGANIZATION TOTALS|1824950.22
warning,banner_check_discrepancy,114sdoc4,GPO-CDOC-114sdoc4.pdf,1942,ENVIRONMENT & PUBLIC WORKS ENVIRONMENT & PUB WORKS S.RES. 73B (114TH) EXPENSES OF INQUIRIES AND INVESTIGATIONS,,BANNER ORGANIZATION TOTALS,369152.09,status=fail; banner=369152.09; parsed_body=2096290.71. Banner checks are advisory; review against the source before treating this as a parser defect.,114sdoc4|banner_check_discrepancy|1942|ENVIRONMENT & PUBLIC WORKS ENVIRONMENT & PUB WORKS S.RES. 73B (114TH) EXPENSES OF INQUIRIES AND INVESTIGATIONS||BANNER ORGANIZATION TOTALS|369152.09
warning,banner_check_missing,114sdoc4,GPO-CDOC-114sdoc4.pdf,1944,ETHICS COMMITTEE ON ETHICS - FY 2013 EXPENSES OF INQUIRIES AND INVESTIGATIONS,,BANNER NET PAYROLL,0.0,status=banner_missing; banner=0.0; parsed_body=0.0. Banner checks are advisory; review against the source before treating this as a parser defect.,114sdoc4|banner_check_missing|1944|ETHICS COMMITTEE ON ETHICS - FY 2013 EXPENSES OF INQUIRIES AND INVESTIGATIONS||BANNER NET PAYROLL|0.0
warning,banner_check_discrepancy,114sdoc4,GPO-CDOC-114sdoc4.pdf,1945,ETHICS COMMITTEE ON ETHICS - FY 2014 EXPENSES OF INQUIRIES AND INVESTIGATIONS,,BANNER ORGANIZATION TOTALS,23714.18,status=fail; banner=23714.18; parsed_body=4028.85. Banner checks are advisory; review against the source before treating this as a parser defect.,114sdoc4|banner_check_discrepancy|1945|ETHICS COMMITTEE ON ETHICS - FY 2014 EXPENSES OF INQUIRIES AND INVESTIGATIONS||BANNER ORGANIZATION TOTALS|23714.18
warning,banner_check_discrepancy,114sdoc4,GPO-CDOC-114sdoc4.pdf,1947,ETHICS COMMITTEE ON ETHICS - FY 2015 EXPENSES OF INQUIRIES AND INVESTIGATIONS,,BANNER ORGANIZATION TOTALS,914701.05,status=fail; banner=914701.05; parsed_body=828119.76. Banner checks are advisory; review against the source before treating this as a parser defect.,114sdoc4|banner_check_discrepancy|1947|ETHICS COMMITTEE ON ETHICS - FY 2015 EXPENSES OF INQUIRIES AND INVESTIGATIONS||BANNER ORGANIZATION TOTALS|914701.05
warning,banner_check_missing,114sdoc4,GPO-CDOC-114sdoc4.pdf,1949,FINANCE FINANCE - S.RES. 81D (112TH) EXPENSES OF INQUIRIES AND INVESTIGATIONS,,BANNER NET PAYROLL,0.0,status=banner_missing; banner=0.0; parsed_body=0.0. Banner checks are advisory; review against the source before treating this as a parser defect.,114sdoc4|banner_check_missing|1949|FINANCE FINANCE - S.RES. 81D (112TH) EXPENSES OF INQUIRIES AND INVESTIGATIONS||BANNER NET PAYROLL|0.0
warning,banner_check_missing,114sdoc4,GPO-CDOC-114sdoc4.pdf,1950,FINANCE FINANCE - S.RES. 64B (113TH) EXPENSES OF INQUIRIES AND INVESTIGATIONS,,BANNER NET PAYROLL,0.0,status=banner_missing; banner=0.0; parsed_body=0.0. Banner checks are advisory; review against the source before treating this as a parser defect.,114sdoc4|banner_check_missing|1950|FINANCE FINANCE - S.RES. 64B (113TH) EXPENSES OF INQUIRIES AND INVESTIGATIONS||BANNER NET PAYROLL|0.0
warning,banner_check_discrepancy,114sdoc4,GPO-CDOC-114sdoc4.pdf,1951,FINANCE FINANCE - S.RES. 253B (113TH) EXPENSES OF INQUIRIES AND INVESTIGATIONS,,BANNER ORGANIZATION TOTALS,55610.15,status=fail; banner=55610.15; parsed_body=28458.2. Banner checks are advisory; review against the source before treating this as a parser defect.,114sdoc4|banner_check_discrepancy|1951|FINANCE FINANCE - S.RES. 253B (113TH) EXPENSES OF INQUIRIES AND INVESTIGATIONS||BANNER ORGANIZATION TOTALS|55610.15
warning,banner_check_discrepancy,114sdoc4,GPO-CDOC-114sdoc4.pdf,1953,FINANCE FINANCE - S.RES. 253C (113TH) EXPENSES OF INQUIRIES AND INVESTIGATIONS,,BANNER ORGANIZATION TOTALS,3080856.54,status=fail; banner=3080856.54; parsed_body=52396.41. Banner checks are advisory; review against the source before treating this as a parser defect.,114sdoc4|banner_check_discrepancy|1953|FINANCE FINANCE - S.RES. 253C (113TH) EXPENSES OF INQUIRIES AND INVESTIGATIONS||BANNER ORGANIZATION TOTALS|3080856.54
warning,banner_check_discrepancy,114sdoc4,GPO-CDOC-114sdoc4.pdf,1958,FINANCE FINANCE - S.RES. 73B (114TH) EXPENSES OF INQUIRIES AND INVESTIGATIONS,,BANNER ORGANIZATION TOTALS,595610.33,status=fail; banner=595610.33; parsed_body=3571442.75. Banner checks are advisory; review against the source before treating this as a parser defect.,114sdoc4|banner_check_discrepancy|1958|FINANCE FINANCE - S.RES. 73B (114TH) EXPENSES OF INQUIRIES AND INVESTIGATIONS||BANNER ORGANIZATION TOTALS|595610.33
warning,banner_check_missing,114sdoc4,GPO-CDOC-114sdoc4.pdf,1961,FOREIGN RELATIONS FOREIGN RELATIONS - S.RES. 81D (112TH) EXPENSES OF INQUIRIES AND INVESTIGATIONS,,BANNER NET PAYROLL,0.0,status=banner_missing; banner=0.0; parsed_body=0.0. Banner checks are advisory; review against the source before treating this as a parser defect.,114sdoc4|banner_check_missing|1961|FOREIGN RELATIONS FOREIGN RELATIONS - S.RES. 81D (112TH) EXPENSES OF INQUIRIES AND INVESTIGATIONS||BANNER NET PAYROLL|0.0
warning,banner_check_missing,114sdoc4,GPO-CDOC-114sdoc4.pdf,1962,FOREIGN RELATIONS FOREIGN RELATIONS - S.RES. 64B (113TH) EXPENSES OF INQUIRIES AND INVESTIGATIONS,,BANNER NET PAYROLL,0.0,status=banner_missing; banner=0.0; parsed_body=0.0. Banner checks are advisory; review against the source before treating this as a parser defect.,114sdoc4|banner_check_missing|1962|FOREIGN RELATIONS FOREIGN RELATIONS - S.RES. 64B (113TH) EXPENSES OF INQUIRIES AND INVESTIGATIONS||BANNER NET PAYROLL|0.0
warning,banner_check_discrepancy,114sdoc4,GPO-CDOC-114sdoc4.pdf,1962,FOREIGN RELATIONS FOREIGN RELATIONS - S.RES. 64B (113TH) EXPENSES OF INQUIRIES AND INVESTIGATIONS,,BANNER ORGANIZATION TOTALS,1341.97,status=fail; banner=1341.97; parsed_body=0.0. Banner checks are advisory; review against the source before treating this as a parser defect.,114sdoc4|banner_check_discrepancy|1962|FOREIGN RELATIONS FOREIGN RELATIONS - S.RES. 64B (113TH) EXPENSES OF INQUIRIES AND INVESTIGATIONS||BANNER ORGANIZATION TOTALS|1341.97
warning,banner_check_discrepancy,114sdoc4,GPO-CDOC-114sdoc4.pdf,1963,FOREIGN RELATIONS FOREIGN RELATIONS - S.RES. 253B (113TH) EXPENSES OF INQUIRIES AND INVESTIGATIONS,,BANNER ORGANIZATION TOTALS,407233.09,status=fail; banner=407233.09; parsed_body=135836.46. Banner checks are advisory; review against the source before treating this as a parser defect.,114sdoc4|banner_check_discrepancy|1963|FOREIGN RELATIONS FOREIGN RELATIONS - S.RES. 253B (113TH) EXPENSES OF INQUIRIES AND INVESTIGATIONS||BANNER ORGANIZATION TOTALS|407233.09
warning,banner_check_discrepancy,114sdoc4,GPO-CDOC-114sdoc4.pdf,1966,FOREIGN RELATIONS FOREIGN RELATIONS - S.RES. 253C (113TH) EXPENSES OF INQUIRIES AND INVESTIGATIONS,,BANNER ORGANIZATION TOTALS,2466333.24,status=fail; banner=2466333.24; parsed_body=42592.26. Banner checks are advisory; review against the source before treating this as a parser defect.,114sdoc4|banner_check_discrepancy|1966|FOREIGN RELATIONS FOREIGN RELATIONS - S.RES. 253C (113TH) EXPENSES OF INQUIRIES AND INVESTIGATIONS||BANNER ORGANIZATION TOTALS|2466333.24
warning,banner_check_discrepancy,114sdoc4,GPO-CDOC-114sdoc4.pdf,1971,FOREIGN RELATIONS FOREIGN RELATIONS - S.RES. 73B (114TH) EXPENSES OF INQUIRIES AND INVESTIGATIONS,,BANNER ORGANIZATION TOTALS,532518.19,status=fail; banner=532518.19; parsed_body=2930306.66. Banner checks are advisory; review against the source before treating this as a parser defect.,114sdoc4|banner_check_discrepancy|1971|FOREIGN RELATIONS FOREIGN RELATIONS - S.RES. 73B (114TH) EXPENSES OF INQUIRIES AND INVESTIGATIONS||BANNER ORGANIZATION TOTALS|532518.19
warning,banner_check_missing,114sdoc4,GPO-CDOC-114sdoc4.pdf,1974,HOMELAND SECURITY & GOVERNMENTAL AFFAIRS HOMELAND SEC.& GOV AFF. S.RES. 81D (112TH) EXPENSES OF INQUIRIES AND INVESTIGATIONS,,BANNER NET PAYROLL,0.0,status=banner_missing; banner=0.0; parsed_body=0.0. Banner checks are advisory; review against the source before treating this as a parser defect.,114sdoc4|banner_check_missing|1974|HOMELAND SECURITY & GOVERNMENTAL AFFAIRS HOMELAND SEC.& GOV AFF. S.RES. 81D (112TH) EXPENSES OF INQUIRIES AND INVESTIGATIONS||BANNER NET PAYROLL|0.0
warning,banner_check_missing,114sdoc4,GPO-CDOC-114sdoc4.pdf,1975,HOMELAND SECURITY & GOVERNMENTAL AFFAIRS HOMELAND SEC.& GOV AFF. S.RES. 64B (113TH) EXPENSES OF INQUIRIES AND INVESTIGATIONS,,BANNER NET PAYROLL,0.0,status=banner_missing; banner=0.0; parsed_body=0.0. Banner checks are advisory; review against the source before treating this as a parser defect.,114sdoc4|banner_check_missing|1975|HOMELAND SECURITY & GOVERNMENTAL AFFAIRS HOMELAND SEC.& GOV AFF. S.RES. 64B (113TH) EXPENSES OF INQUIRIES AND INVESTIGATIONS||BANNER NET PAYROLL|0.0
warning,banner_check_discrepancy,114sdoc4,GPO-CDOC-114sdoc4.pdf,1976,HOMELAND SECURITY & GOVERNMENTAL AFFAIRS HOMELAND SEC.& GOV AFF. S.RES. 253B (113TH) EXPENSES OF INQUIRIES AND INVESTIGATIONS,,BANNER ORGANIZATION TOTALS,57864.31,status=fail; banner=57864.31; parsed_body=10097.12. Banner checks are advisory; review against the source before treating this as a parser defect.,114sdoc4|banner_check_discrepancy|1976|HOMELAND SECURITY & GOVERNMENTAL AFFAIRS HOMELAND SEC.& GOV AFF. S.RES. 253B (113TH) EXPENSES OF INQUIRIES AND INVESTIGATIONS||BANNER ORGANIZATION TOTALS|57864.31
warning,banner_check_discrepancy,114sdoc4,GPO-CDOC-114sdoc4.pdf,1978,HOMELAND SECURITY & GOVERNMENTAL AFFAIRS HOMELAND SEC.& GOV AFF. S.RES. 253C (113TH) EXPENSES OF INQUIRIES AND INVESTIGATIONS,,BANNER ORGANIZATION TOTALS,3245481.0,status=fail; banner=3245481.0; parsed_body=46123.27. Banner checks are advisory; review against the source before treating this as a parser defect.,114sdoc4|banner_check_discrepancy|1978|HOMELAND SECURITY & GOVERNMENTAL AFFAIRS HOMELAND SEC.& GOV AFF. S.RES. 253C (113TH) EXPENSES OF INQUIRIES AND INVESTIGATIONS||BANNER ORGANIZATION TOTALS|3245481.0
warning,banner_check_discrepancy,114sdoc4,GPO-CDOC-114sdoc4.pdf,1982,HOMELAND SECURITY & GOVERNMENTAL AFFAIRS HOMELAND SEC.& GOV AFF. S.RES. 73B (114TH) EXPENSES OF INQUIRIES AND INVESTIGATIONS,,BANNER ORGANIZATION TOTALS,587036.32,status=fail; banner=587036.32; parsed_body=3735623.3. Banner checks are advisory; review against the source before treating this as a parser defect.,114sdoc4|banner_check_discrepancy|1982|HOMELAND SECURITY & GOVERNMENTAL AFFAIRS HOMELAND SEC.& GOV AFF. S.RES. 73B (114TH) EXPENSES OF INQUIRIES AND INVESTIGATIONS||BANNER ORGANIZATION TOTALS|587036.32
warning,banner_check_missing,114sdoc4,GPO-CDOC-114sdoc4.pdf,1986,"HEALTH, EDUCATION, LABOR, AND PENSIONS HEALTH, EDU,LABOR&PENS S.RES. 81D (112TH) EXPENSES OF INQUIRIES AND INVESTIGATIONS",,BANNER NET PAYROLL,0.0,status=banner_missing; banner=0.0; parsed_body=0.0. Banner checks are advisory; review against the source before treating this as a parser defect.,"114sdoc4|banner_check_missing|1986|HEALTH, EDUCATION, LABOR, AND PENSIONS HEALTH, EDU,LABOR&PENS S.RES. 81D (112TH) EXPENSES OF INQUIRIES AND INVESTIGATIONS||BANNER NET PAYROLL|0.0"
warning,banner_check_missing,114sdoc4,GPO-CDOC-114sdoc4.pdf,1987,"HEALTH, EDUCATION, LABOR, AND PENSIONS HEALTH, EDU,LABOR&PENS S.RES. 64B (113TH) EXPENSES OF INQUIRIES AND INVESTIGATIONS",,BANNER NET PAYROLL,0.0,status=banner_missing; banner=0.0; parsed_body=0.0. Banner checks are advisory; review against the source before treating this as a parser defect.,"114sdoc4|banner_check_missing|1987|HEALTH, EDUCATION, LABOR, AND PENSIONS HEALTH, EDU,LABOR&PENS S.RES. 64B (113TH) EXPENSES OF INQUIRIES AND INVESTIGATIONS||BANNER NET PAYROLL|0.0"
warning,banner_check_discrepancy,114sdoc4,GPO-CDOC-114sdoc4.pdf,1988,"HEALTH, EDUCATION, LABOR, AND PENSIONS HEALTH, EDU,LABOR&PENS S.RES. 253B (113TH) EXPENSES OF INQUIRIES AND INVESTIGATIONS",,BANNER ORGANIZATION TOTALS,266028.95,status=fail; banner=266028.95; parsed_body=136217.05. Banner checks are advisory; review against the source before treating this as a parser defect.,"114sdoc4|banner_check_discrepancy|1988|HEALTH, EDUCATION, LABOR, AND PENSIONS HEALTH, EDU,LABOR&PENS S.RES. 253B (113TH) EXPENSES OF INQUIRIES AND INVESTIGATIONS||BANNER ORGANIZATION TOTALS|266028.95"
warning,banner_check_discrepancy,114sdoc4,GPO-CDOC-114sdoc4.pdf,1991,"HEALTH, EDUCATION, LABOR, AND PENSIONS HEALTH, EDU,LABOR&PENS S.RES. 253C (113TH) EXPENSES OF INQUIRIES AND INVESTIGATIONS",,BANNER ORGANIZATION TOTALS,3357909.2,status=fail; banner=3357909.2; parsed_body=54496.0. Banner checks are advisory; review against the source before treating this as a parser defect.,"114sdoc4|banner_check_discrepancy|1991|HEALTH, EDUCATION, LABOR, AND PENSIONS HEALTH, EDU,LABOR&PENS S.RES. 253C (113TH) EXPENSES OF INQUIRIES AND INVESTIGATIONS||BANNER ORGANIZATION TOTALS|3357909.2"
warning,banner_check_discrepancy,114sdoc4,GPO-CDOC-114sdoc4.pdf,1996,"HEALTH, EDUCATION, LABOR, AND PENSIONS HEALTH, EDU,LABOR&PENS S.RES. 73B (114TH) EXPENSES OF INQUIRIES AND INVESTIGATIONS",,BANNER ORGANIZATION TOTALS,642595.71,status=fail; banner=642595.71; parsed_body=3882226.83. Banner checks are advisory; review against the source before treating this as a parser defect.,"114sdoc4|banner_check_discrepancy|1996|HEALTH, EDUCATION, LABOR, AND PENSIONS HEALTH, EDU,LABOR&PENS S.RES. 73B (114TH) EXPENSES OF INQUIRIES AND INVESTIGATIONS||BANNER ORGANIZATION TOTALS|642595.71"
warning,banner_check_missing,114sdoc4,GPO-CDOC-114sdoc4.pdf,1999,INDIAN AFFAIRS INDIAN AFFAIRS - S.RES. 81D (112TH) EXPENSES OF INQUIRIES AND INVESTIGATIONS,,BANNER NET PAYROLL,0.0,status=banner_missing; banner=0.0; parsed_body=0.0. Banner checks are advisory; review against the source before treating this as a parser defect.,114sdoc4|banner_check_missing|1999|INDIAN AFFAIRS INDIAN AFFAIRS - S.RES. 81D (112TH) EXPENSES OF INQUIRIES AND INVESTIGATIONS||BANNER NET PAYROLL|0.0
warning,banner_check_missing,114sdoc4,GPO-CDOC-114sdoc4.pdf,2000,INDIAN AFFAIRS INDIAN AFFAIRS - S.RES. 64B (113TH) EXPENSES OF INQUIRIES AND INVESTIGATIONS,,BANNER NET PAYROLL,0.0,status=banner_missing; banner=0.0; parsed_body=0.0. Banner checks are advisory; review against the source before treating this as a parser defect.,114sdoc4|banner_check_missing|2000|INDIAN AFFAIRS INDIAN AFFAIRS - S.RES. 64B (113TH) EXPENSES OF INQUIRIES AND INVESTIGATIONS||BANNER NET PAYROLL|0.0
warning,banner_check_discrepancy,114sdoc4,GPO-CDOC-114sdoc4.pdf,2001,INDIAN AFFAIRS INDIAN AFFAIRS - S.RES. 253B (113TH) EXPENSES OF INQUIRIES AND INVESTIGATIONS,,BANNER NET PAYROLL,6694.47,status=fail; banner=6694.47; parsed_body=456.6. Banner checks are advisory; review against the source before treating this as a parser defect.,114sdoc4|banner_check_discrepancy|2001|INDIAN AFFAIRS INDIAN AFFAIRS - S.RES. 253B (113TH) EXPENSES OF INQUIRIES AND INVESTIGATIONS||BANNER NET PAYROLL|6694.47
warning,banner_check_discrepancy,114sdoc4,GPO-CDOC-114sdoc4.pdf,2001,INDIAN AFFAIRS INDIAN AFFAIRS - S.RES. 253B (113TH) EXPENSES OF INQUIRIES AND INVESTIGATIONS,,BANNER ORGANIZATION TOTALS,60219.17,status=fail; banner=60219.17; parsed_body=39183.56. Banner checks are advisory; review against the source before treating this as a parser defect.,114sdoc4|banner_check_discrepancy|2001|INDIAN AFFAIRS INDIAN AFFAIRS - S.RES. 253B (113TH) EXPENSES OF INQUIRIES AND INVESTIGATIONS||BANNER ORGANIZATION TOTALS|60219.17
warning,banner_check_discrepancy,114sdoc4,GPO-CDOC-114sdoc4.pdf,2003,INDIAN AFFAIRS INDIAN AFFAIRS - S.RES. 253C (113TH) EXPENSES OF INQUIRIES AND INVESTIGATIONS,,BANNER ORGANIZATION TOTALS,766914.08,status=fail; banner=766914.08; parsed_body=50291.92. Banner checks are advisory; review against the source before treating this as a parser defect.,114sdoc4|banner_check_discrepancy|2003|INDIAN AFFAIRS INDIAN AFFAIRS - S.RES. 253C (113TH) EXPENSES OF INQUIRIES AND INVESTIGATIONS||BANNER ORGANIZATION TOTALS|766914.08
warning,banner_check_discrepancy,114sdoc4,GPO-CDOC-114sdoc4.pdf,2007,INDIAN AFFAIRS INDIAN AFFAIRS - S.RES. 73B (114TH) EXPENSES OF INQUIRIES AND INVESTIGATIONS,,BANNER ORGANIZATION TOTALS,132783.91,status=fail; banner=132783.91; parsed_body=830081.78. Banner checks are advisory; review against the source before treating this as a parser defect.,114sdoc4|banner_check_discrepancy|2007|INDIAN AFFAIRS INDIAN AFFAIRS - S.RES. 73B (114TH) EXPENSES OF INQUIRIES AND INVESTIGATIONS||BANNER ORGANIZATION TOTALS|132783.91
warning,banner_check_missing,114sdoc4,GPO-CDOC-114sdoc4.pdf,2009,INTELLIGENCE SELECT COM ON INTEL - S.RES. 81D (112TH) EXPENSES OF INQUIRIES AND INVESTIGATIONS,,BANNER NET PAYROLL,0.0,status=banner_missing; banner=0.0; parsed_body=0.0. Banner checks are advisory; review against the source before treating this as a parser defect.,114sdoc4|banner_check_missing|2009|INTELLIGENCE SELECT COM ON INTEL - S.RES. 81D (112TH) EXPENSES OF INQUIRIES AND INVESTIGATIONS||BANNER NET PAYROLL|0.0
warning,banner_check_missing,114sdoc4,GPO-CDOC-114sdoc4.pdf,2010,INTELLIGENCE SELECT COM ON INTEL - S.RES. 64B (113TH) EXPENSES OF INQUIRIES AND INVESTIGATIONS,,BANNER NET PAYROLL,0.0,status=banner_missing; banner=0.0; parsed_body=0.0. Banner checks are advisory; review against the source before treating this as a parser defect.,114sdoc4|banner_check_missing|2010|INTELLIGENCE SELECT COM ON INTEL - S.RES. 64B (113TH) EXPENSES OF INQUIRIES AND INVESTIGATIONS||BANNER NET PAYROLL|0.0
warning,banner_check_discrepancy,114sdoc4,GPO-CDOC-114sdoc4.pdf,2011,INTELLIGENCE SELECT COM ON INTEL - S.RES. 253B (113TH) EXPENSES OF INQUIRIES AND INVESTIGATIONS,,BANNER ORGANIZATION TOTALS,29908.13,status=fail; banner=29908.13; parsed_body=13385.79. Banner checks are advisory; review against the source before treating this as a parser defect.,114sdoc4|banner_check_discrepancy|2011|INTELLIGENCE SELECT COM ON INTEL - S.RES. 253B (113TH) EXPENSES OF INQUIRIES AND INVESTIGATIONS||BANNER ORGANIZATION TOTALS|29908.13
warning,banner_check_discrepancy,114sdoc4,GPO-CDOC-114sdoc4.pdf,2013,INTELLIGENCE SELECT COM ON INTEL - S.RES. 253C (113TH) EXPENSES OF INQUIRIES AND INVESTIGATIONS,,BANNER ORGANIZATION TOTALS,2023060.67,status=fail; banner=2023060.67; parsed_body=9585.27. Banner checks are advisory; review against the source before treating this as a parser defect.,114sdoc4|banner_check_discrepancy|2013|INTELLIGENCE SELECT COM ON INTEL - S.RES. 253C (113TH) EXPENSES OF INQUIRIES AND INVESTIGATIONS||BANNER ORGANIZATION TOTALS|2023060.67
warning,banner_check_discrepancy,114sdoc4,GPO-CDOC-114sdoc4.pdf,2015,INTELLIGENCE SELECT COM ON INTEL - S.RES. 73B (114TH) EXPENSES OF INQUIRIES AND INVESTIGATIONS,,BANNER ORGANIZATION TOTALS,410077.97,status=fail; banner=410077.97; parsed_body=2336652.32. Banner checks are advisory; review against the source before treating this as a parser defect.,114sdoc4|banner_check_discrepancy|2015|INTELLIGENCE SELECT COM ON INTEL - S.RES. 73B (114TH) EXPENSES OF INQUIRIES AND INVESTIGATIONS||BANNER ORGANIZATION TOTALS|410077.97
warning,banner_check_discrepancy,114sdoc4,GPO-CDOC-114sdoc4.pdf,2017,INTELLIGENCE SELECT COM ON INTEL - P.L. 113-76 (10/13-9/14) EXPENSES OF INQUIRIES AND INVESTIGATIONS,,BANNER ORGANIZATION TOTALS,47056.77,status=fail; banner=47056.77; parsed_body=52890.1. Banner checks are advisory; review against the source before treating this as a parser defect.,114sdoc4|banner_check_discrepancy|2017|INTELLIGENCE SELECT COM ON INTEL - P.L. 113-76 (10/13-9/14) EXPENSES OF INQUIRIES AND INVESTIGATIONS||BANNER ORGANIZATION TOTALS|47056.77
warning,banner_check_discrepancy,114sdoc4,GPO-CDOC-114sdoc4.pdf,2018,INTELLIGENCE SEL COM ON INTEL-P.L. 113-76 (10/14-2/15) EXPENSES OF INQUIRIES AND INVESTIGATIONS,,BANNER ORGANIZATION TOTALS,197258.58,status=fail; banner=197258.58; parsed_body=47675.37. Banner checks are advisory; review against the source before treating this as a parser defect.,114sdoc4|banner_check_discrepancy|2018|INTELLIGENCE SEL COM ON INTEL-P.L. 113-76 (10/14-2/15) EXPENSES OF INQUIRIES AND INVESTIGATIONS||BANNER ORGANIZATION TOTALS|197258.58
warning,banner_check_discrepancy,114sdoc4,GPO-CDOC-114sdoc4.pdf,2019,INTELLIGENCE SEL COM ON INTEL-P.L. 113-76 (03-09/2015) EXPENSES OF INQUIRIES AND INVESTIGATIONS,,BANNER ORGANIZATION TOTALS,48664.57,status=fail; banner=48664.57; parsed_body=233247.78. Banner checks are advisory; review against the source before treating this as a parser defect.,114sdoc4|banner_check_discrepancy|2019|INTELLIGENCE SEL COM ON INTEL-P.L. 113-76 (03-09/2015) EXPENSES OF INQUIRIES AND INVESTIGATIONS||BANNER ORGANIZATION TOTALS|48664.57
warning,banner_check_missing,114sdoc4,GPO-CDOC-114sdoc4.pdf,2020,JUDICIARY JUDICIARY - S.RES. 81D (112TH) EXPENSES OF INQUIRIES AND INVESTIGATIONS,,BANNER NET PAYROLL,0.0,status=banner_missing; banner=0.0; parsed_body=0.0. Banner checks are advisory; review against the source before treating this as a parser defect.,114sdoc4|banner_check_missing|2020|JUDICIARY JUDICIARY - S.RES. 81D (112TH) EXPENSES OF INQUIRIES AND INVESTIGATIONS||BANNER NET PAYROLL|0.0
warning,banner_check_missing,114sdoc4,GPO-CDOC-114sdoc4.pdf,2021,JUDICIARY JUDICIARY - S.RES. 64B (113TH) EXPENSES OF INQUIRIES AND INVESTIGATIONS,,BANNER NET PAYROLL,0.0,status=banner_missing; banner=0.0; parsed_body=0.0. Banner checks are advisory; review against the source before treating this as a parser defect.,114sdoc4|banner_check_missing|2021|JUDICIARY JUDICIARY - S.RES. 64B (113TH) EXPENSES OF INQUIRIES AND INVESTIGATIONS||BANNER NET PAYROLL|0.0
warning,banner_check_discrepancy,114sdoc4,GPO-CDOC-114sdoc4.pdf,2022,JUDICIARY JUDICIARY - S.RES. 253B (113TH) EXPENSES OF INQUIRIES AND INVESTIGATIONS,,BANNER ORGANIZATION TOTALS,80680.81,status=fail; banner=80680.81; parsed_body=33228.84. Banner checks are advisory; review against the source before treating this as a parser defect.,114sdoc4|banner_check_discrepancy|2022|JUDICIARY JUDICIARY - S.RES. 253B (113TH) EXPENSES OF INQUIRIES AND INVESTIGATIONS||BANNER ORGANIZATION TOTALS|80680.81
warning,banner_check_discrepancy,114sdoc4,GPO-CDOC-114sdoc4.pdf,2024,JUDICIARY JUDICIARY - S.RES. 253C (113TH) EXPENSES OF INQUIRIES AND INVESTIGATIONS,,BANNER ORGANIZATION TOTALS,3563882.05,status=fail; banner=3563882.05; parsed_body=52631.63. Banner checks are advisory; review against the source before treating this as a parser defect.,114sdoc4|banner_check_discrepancy|2024|JUDICIARY JUDICIARY - S.RES. 253C (113TH) EXPENSES OF INQUIRIES AND INVESTIGATIONS||BANNER ORGANIZATION TOTALS|3563882.05
warning,banner_check_discrepancy,114sdoc4,GPO-CDOC-114sdoc4.pdf,2028,JUDICIARY JUDICIARY - S.RES. 73B (114TH) EXPENSES OF INQUIRIES AND INVESTIGATIONS,,BANNER ORGANIZATION TOTALS,684059.82,status=fail; banner=684059.82; parsed_body=4098765.37. Banner checks are advisory; review against the source before treating this as a parser defect.,114sdoc4|banner_check_discrepancy|2028|JUDICIARY JUDICIARY - S.RES. 73B (114TH) EXPENSES OF INQUIRIES AND INVESTIGATIONS||BANNER ORGANIZATION TOTALS|684059.82
warning,banner_check_missing,114sdoc4,GPO-CDOC-114sdoc4.pdf,2031,RULES & ADMINISTRATION RULES & ADMINISTRATION S.RES. 81D(112TH) EXPENSES OF INQUIRIES AND INVESTIGATIONS,,BANNER NET PAYROLL,0.0,status=banner_missing; banner=0.0; parsed_body=0.0. Banner checks are advisory; review against the source before treating this as a parser defect.,114sdoc4|banner_check_missing|2031|RULES & ADMINISTRATION RULES & ADMINISTRATION S.RES. 81D(112TH) EXPENSES OF INQUIRIES AND INVESTIGATIONS||BANNER NET PAYROLL|0.0
warning,banner_check_missing,114sdoc4,GPO-CDOC-114sdoc4.pdf,2032,RULES & ADMINISTRATION RULES & ADMINISTRATION S.RES. 64B(113TH) EXPENSES OF INQUIRIES AND INVESTIGATIONS,,BANNER NET PAYROLL,0.0,status=banner_missing; banner=0.0; parsed_body=0.0. Banner checks are advisory; review against the source before treating this as a parser defect.,114sdoc4|banner_check_missing|2032|RULES & ADMINISTRATION RULES & ADMINISTRATION S.RES. 64B(113TH) EXPENSES OF INQUIRIES AND INVESTIGATIONS||BANNER NET PAYROLL|0.0
warning,banner_check_discrepancy,114sdoc4,GPO-CDOC-114sdoc4.pdf,2033,RULES & ADMINISTRATION RULES & ADMINISTRATION S.RES. 253B(113TH) EXPENSES OF INQUIRIES AND INVESTIGATIONS,,BANNER ORGANIZATION TOTALS,11766.71,status=fail; banner=11766.71; parsed_body=1310.95. Banner checks are advisory; review against the source before treating this as a parser defect.,114sdoc4|banner_check_discrepancy|2033|RULES & ADMINISTRATION RULES & ADMINISTRATION S.RES. 253B(113TH) EXPENSES OF INQUIRIES AND INVESTIGATIONS||BANNER ORGANIZATION TOTALS|11766.71
warning,banner_check_discrepancy,114sdoc4,GPO-CDOC-114sdoc4.pdf,2034,RULES & ADMINISTRATION RULES & ADMINISTRATION S.RES. 253C(113TH) EXPENSES OF INQUIRIES AND INVESTIGATIONS,,BANNER ORGANIZATION TOTALS,866069.64,status=fail; banner=866069.64; parsed_body=10447.1. Banner checks are advisory; review against the source before treating this as a parser defect.,114sdoc4|banner_check_discrepancy|2034|RULES & ADMINISTRATION RULES & ADMINISTRATION S.RES. 253C(113TH) EXPENSES OF INQUIRIES AND INVESTIGATIONS||BANNER ORGANIZATION TOTALS|866069.64
warning,banner_check_discrepancy,114sdoc4,GPO-CDOC-114sdoc4.pdf,2035,RULES & ADMINISTRATION RULES & ADMINISTRATION S.RES. 73B(114TH) EXPENSES OF INQUIRIES AND INVESTIGATIONS,,BANNER ORGANIZATION TOTALS,162307.61,status=fail; banner=162307.61; parsed_body=1008694.29. Banner checks are advisory; review against the source before treating this as a parser defect.,114sdoc4|banner_check_discrepancy|2035|RULES & ADMINISTRATION RULES & ADMINISTRATION S.RES. 73B(114TH) EXPENSES OF INQUIRIES AND INVESTIGATIONS||BANNER ORGANIZATION TOTALS|162307.61
warning,banner_check_missing,114sdoc4,GPO-CDOC-114sdoc4.pdf,2037,SMALL BUSINESS AND ENTREPRENEURSHIP SMALL BUS & ENTREP.- S.RES. 81D (112TH) EXPENSES OF INQUIRIES AND INVESTIGATIONS,,BANNER NET PAYROLL,0.0,status=banner_missing; banner=0.0; parsed_body=0.0. Banner checks are advisory; review against the source before treating this as a parser defect.,114sdoc4|banner_check_missing|2037|SMALL BUSINESS AND ENTREPRENEURSHIP SMALL BUS & ENTREP.- S.RES. 81D (112TH) EXPENSES OF INQUIRIES AND INVESTIGATIONS||BANNER NET PAYROLL|0.0
warning,banner_check_missing,114sdoc4,GPO-CDOC-114sdoc4.pdf,2038,SMALL BUSINESS AND ENTREPRENEURSHIP SMALL BUS & ENTREP.- S.RES. 64B (113TH) EXPENSES OF INQUIRIES AND INVESTIGATIONS,,BANNER NET PAYROLL,2537.05,status=banner_missing; banner=2537.05; parsed_body=0.0. Banner checks are advisory; review against the source before treating this as a parser defect.,114sdoc4|banner_check_missing|2038|SMALL BUSINESS AND ENTREPRENEURSHIP SMALL BUS & ENTREP.- S.RES. 64B (113TH) EXPENSES OF INQUIRIES AND INVESTIGATIONS||BANNER NET PAYROLL|2537.05
warning,banner_check_discrepancy,114sdoc4,GPO-CDOC-114sdoc4.pdf,2039,SMALL BUSINESS AND ENTREPRENEURSHIP SMALL BUS & ENTREP.- S.RES. 253B (113TH) EXPENSES OF INQUIRIES AND INVESTIGATIONS,,BANNER NET PAYROLL,9775.52,status=fail; banner=9775.52; parsed_body=235.45. Banner checks are advisory; review against the source before treating this as a parser defect.,114sdoc4|banner_check_discrepancy|2039|SMALL BUSINESS AND ENTREPRENEURSHIP SMALL BUS & ENTREP.- S.RES. 253B (113TH) EXPENSES OF INQUIRIES AND INVESTIGATIONS||BANNER NET PAYROLL|9775.52
warning,banner_check_discrepancy,114sdoc4,GPO-CDOC-114sdoc4.pdf,2039,SMALL BUSINESS AND ENTREPRENEURSHIP SMALL BUS & ENTREP.- S.RES. 253B (113TH) EXPENSES OF INQUIRIES AND INVESTIGATIONS,,BANNER ORGANIZATION TOTALS,40395.99,status=fail; banner=40395.99; parsed_body=10094.97. Banner checks are advisory; review against the source before treating this as a parser defect.,114sdoc4|banner_check_discrepancy|2039|SMALL BUSINESS AND ENTREPRENEURSHIP SMALL BUS & ENTREP.- S.RES. 253B (113TH) EXPENSES OF INQUIRIES AND INVESTIGATIONS||BANNER ORGANIZATION TOTALS|40395.99
warning,banner_check_discrepancy,114sdoc4,GPO-CDOC-114sdoc4.pdf,2041,SMALL BUSINESS AND ENTREPRENEURSHIP SMALL BUS & ENTREP.- S.RES. 253C (113TH) EXPENSES OF INQUIRIES AND INVESTIGATIONS,,BANNER ORGANIZATION TOTALS,821576.61,status=fail; banner=821576.61; parsed_body=29160.85. Banner checks are advisory; review against the source before treating this as a parser defect.,114sdoc4|banner_check_discrepancy|2041|SMALL BUSINESS AND ENTREPRENEURSHIP SMALL BUS & ENTREP.- S.RES. 253C (113TH) EXPENSES OF INQUIRIES AND INVESTIGATIONS||BANNER ORGANIZATION TOTALS|821576.61
warning,banner_check_discrepancy,114sdoc4,GPO-CDOC-114sdoc4.pdf,2045,SMALL BUSINESS AND ENTREPRENEURSHIP SMALL BUS & ENTREP.- S.RES. 73B (114TH) EXPENSES OF INQUIRIES AND INVESTIGATIONS,,BANNER ORGANIZATION TOTALS,169826.13,status=fail; banner=169826.13; parsed_body=940249.35. Banner checks are advisory; review against the source before treating this as a parser defect.,114sdoc4|banner_check_discrepancy|2045|SMALL BUSINESS AND ENTREPRENEURSHIP SMALL BUS & ENTREP.- S.RES. 73B (114TH) EXPENSES OF INQUIRIES AND INVESTIGATIONS||BANNER ORGANIZATION TOTALS|169826.13
warning,banner_check_missing,114sdoc4,GPO-CDOC-114sdoc4.pdf,2047,SPECIAL COMMITTEE ON AGING SPECIAL COM ON AGING S.RES. 81D (112TH) EXPENSES OF INQUIRIES AND INVESTIGATIONS,,BANNER NET PAYROLL,0.0,status=banner_missing; banner=0.0; parsed_body=0.0. Banner checks are advisory; review against the source before treating this as a parser defect.,114sdoc4|banner_check_missing|2047|SPECIAL COMMITTEE ON AGING SPECIAL COM ON AGING S.RES. 81D (112TH) EXPENSES OF INQUIRIES AND INVESTIGATIONS||BANNER NET PAYROLL|0.0
warning,banner_check_missing,114sdoc4,GPO-CDOC-114sdoc4.pdf,2048,SPECIAL COMMITTEE ON AGING SPECIAL COM ON AGING S.RES. 64B (113TH) EXPENSES OF INQUIRIES AND INVESTIGATIONS,,BANNER NET PAYROLL,0.0,status=banner_missing; banner=0.0; parsed_body=0.0. Banner checks are advisory; review against the source before treating this as a parser defect.,114sdoc4|banner_check_missing|2048|SPECIAL COMMITTEE ON AGING SPECIAL COM ON AGING S.RES. 64B (113TH) EXPENSES OF INQUIRIES AND INVESTIGATIONS||BANNER NET PAYROLL|0.0
warning,banner_check_discrepancy,114sdoc4,GPO-CDOC-114sdoc4.pdf,2049,SPECIAL COMMITTEE ON AGING SPECIAL COM ON AGING S.RES. 253B (113TH) EXPENSES OF INQUIRIES AND INVESTIGATIONS,,BANNER ORGANIZATION TOTALS,147954.81,status=fail; banner=147954.81; parsed_body=62788.48. Banner checks are advisory; review against the source before treating this as a parser defect.,114sdoc4|banner_check_discrepancy|2049|SPECIAL COMMITTEE ON AGING SPECIAL COM ON AGING S.RES. 253B (113TH) EXPENSES OF INQUIRIES AND INVESTIGATIONS||BANNER ORGANIZATION TOTALS|147954.81
warning,banner_check_discrepancy,114sdoc4,GPO-CDOC-114sdoc4.pdf,2051,SPECIAL COMMITTEE ON AGING SPECIAL COM ON AGING S.RES. 253C (113TH) EXPENSES OF INQUIRIES AND INVESTIGATIONS,,BANNER ORGANIZATION TOTALS,801998.36,status=fail; banner=801998.36; parsed_body=7677.04. Banner checks are advisory; review against the source before treating this as a parser defect.,114sdoc4|banner_check_discrepancy|2051|SPECIAL COMMITTEE ON AGING SPECIAL COM ON AGING S.RES. 253C (113TH) EXPENSES OF INQUIRIES AND INVESTIGATIONS||BANNER ORGANIZATION TOTALS|801998.36
warning,banner_check_discrepancy,114sdoc4,GPO-CDOC-114sdoc4.pdf,2053,SPECIAL COMMITTEE ON AGING SPECIAL COM ON AGING S.RES. 73B (114TH) EXPENSES OF INQUIRIES AND INVESTIGATIONS,,BANNER ORGANIZATION TOTALS,132046.58,status=fail; banner=132046.58; parsed_body=910209.68. Banner checks are advisory; review against the source before treating this as a parser defect.,114sdoc4|banner_check_discrepancy|2053|SPECIAL COMMITTEE ON AGING SPECIAL COM ON AGING S.RES. 73B (114TH) EXPENSES OF INQUIRIES AND INVESTIGATIONS||BANNER ORGANIZATION TOTALS|132046.58
warning,banner_check_missing,114sdoc4,GPO-CDOC-114sdoc4.pdf,2055,VETERANS' AFFAIRS VETERANS' AFFAIRS - S.RES. 81D (112TH) EXPENSES OF INQUIRIES AND INVESTIGATIONS,,BANNER NET PAYROLL,0.0,status=banner_missing; banner=0.0; parsed_body=0.0. Banner checks are advisory; review against the source before treating this as a parser defect.,114sdoc4|banner_check_missing|2055|VETERANS' AFFAIRS VETERANS' AFFAIRS - S.RES. 81D (112TH) EXPENSES OF INQUIRIES AND INVESTIGATIONS||BANNER NET PAYROLL|0.0
warning,banner_check_missing,114sdoc4,GPO-CDOC-114sdoc4.pdf,2056,VETERANS' AFFAIRS VETERANS' AFFAIRS - S.RES. 64B (113TH) EXPENSES OF INQUIRIES AND INVESTIGATIONS,,BANNER NET PAYROLL,0.0,status=banner_missing; banner=0.0; parsed_body=0.0. Banner checks are advisory; review against the source before treating this as a parser defect.,114sdoc4|banner_check_missing|2056|VETERANS' AFFAIRS VETERANS' AFFAIRS - S.RES. 64B (113TH) EXPENSES OF INQUIRIES AND INVESTIGATIONS||BANNER NET PAYROLL|0.0
warning,banner_check_discrepancy,114sdoc4,GPO-CDOC-114sdoc4.pdf,2057,VETERANS' AFFAIRS VETERANS' AFFAIRS - S.RES. 253B (113TH) EXPENSES OF INQUIRIES AND INVESTIGATIONS,,BANNER NET PAYROLL,6217.48,status=fail; banner=6217.48; parsed_body=760.1. Banner checks are advisory; review against the source before treating this as a parser defect.,114sdoc4|banner_check_discrepancy|2057|VETERANS' AFFAIRS VETERANS' AFFAIRS - S.RES. 253B (113TH) EXPENSES OF INQUIRIES AND INVESTIGATIONS||BANNER NET PAYROLL|6217.48
warning,banner_check_discrepancy,114sdoc4,GPO-CDOC-114sdoc4.pdf,2057,VETERANS' AFFAIRS VETERANS' AFFAIRS - S.RES. 253B (113TH) EXPENSES OF INQUIRIES AND INVESTIGATIONS,,BANNER ORGANIZATION TOTALS,54997.6,status=fail; banner=54997.6; parsed_body=51428.42. Banner checks are advisory; review against the source before treating this as a parser defect.,114sdoc4|banner_check_discrepancy|2057|VETERANS' AFFAIRS VETERANS' AFFAIRS - S.RES. 253B (113TH) EXPENSES OF INQUIRIES AND INVESTIGATIONS||BANNER ORGANIZATION TOTALS|54997.6
warning,banner_check_discrepancy,114sdoc4,GPO-CDOC-114sdoc4.pdf,2059,VETERANS' AFFAIRS VETERANS' AFFAIRS - S.RES. 253C (113TH) EXPENSES OF INQUIRIES AND INVESTIGATIONS,,BANNER ORGANIZATION TOTALS,682389.78,status=fail; banner=682389.78; parsed_body=22965.8. Banner checks are advisory; review against the source before treating this as a parser defect.,114sdoc4|banner_check_discrepancy|2059|VETERANS' AFFAIRS VETERANS' AFFAIRS - S.RES. 253C (113TH) EXPENSES OF INQUIRIES AND INVESTIGATIONS||BANNER ORGANIZATION TOTALS|682389.78
warning,banner_check_discrepancy,114sdoc4,GPO-CDOC-114sdoc4.pdf,2061,VETERANS' AFFAIRS VETERANS' AFFAIRS - S.RES. 73B (114TH) EXPENSES OF INQUIRIES AND INVESTIGATIONS,,BANNER ORGANIZATION TOTALS,147830.95,status=fail; banner=147830.95; parsed_body=800215.26. Banner checks are advisory; review against the source before treating this as a parser defect.,114sdoc4|banner_check_discrepancy|2061|VETERANS' AFFAIRS VETERANS' AFFAIRS - S.RES. 73B (114TH) EXPENSES OF INQUIRIES AND INVESTIGATIONS||BANNER ORGANIZATION TOTALS|147830.95
warning,banner_check_missing,114sdoc4,GPO-CDOC-114sdoc4.pdf,2069,COMPENSATION OF MEMBERS,2015,BANNER NET PAYROLL,,status=banner_missing; banner=None; parsed_body=11419635.31. Banner checks are advisory; review against the source before treating this as a parser defect.,114sdoc4|banner_check_missing|2069|COMPENSATION OF MEMBERS|2015|BANNER NET PAYROLL|
warning,banner_check_missing,114sdoc4,GPO-CDOC-114sdoc4.pdf,2069,COMPENSATION OF MEMBERS,2015,BANNER ORGANIZATION TOTALS,,status=banner_missing; banner=None; parsed_body=11419635.31. Banner checks are advisory; review against the source before treating this as a parser defect.,114sdoc4|banner_check_missing|2069|COMPENSATION OF MEMBERS|2015|BANNER ORGANIZATION TOTALS|
warning,banner_check_missing,114sdoc4,GPO-CDOC-114sdoc4.pdf,2072,COMPENSATION OF MEMBERS,2014,BANNER ORGANIZATION TOTALS,,status=banner_missing; banner=None; parsed_body=0.0. Banner checks are advisory; review against the source before treating this as a parser defect.,114sdoc4|banner_check_missing|2072|COMPENSATION OF MEMBERS|2014|BANNER ORGANIZATION TOTALS|
warning,banner_check_missing,114sdoc4,GPO-CDOC-114sdoc4.pdf,2073,COMPENSATION OF MEMBERS,2013,BANNER ORGANIZATION TOTALS,,status=banner_missing; banner=None; parsed_body=0.0. Banner checks are advisory; review against the source before treating this as a parser defect.,114sdoc4|banner_check_missing|2073|COMPENSATION OF MEMBERS|2013|BANNER ORGANIZATION TOTALS|
error,audit_unparseable_amount,114sdoc4,GPO-CDOC-114sdoc4.pdf,358,SGT @ ARMS - CAPITOL DIVISION,,"GOLDBERG,JEFFREY N",RETURN,"WASHINGTON DC TO AUSTIN TX, SAN ANTONIO TX, HOUSTON TX, DALLAS TX AND","114sdoc4|audit_unparseable_amount|358|SGT @ ARMS - CAPITOL DIVISION||GOLDBERG,JEFFREY N|RETURN"
error,audit_unparseable_amount,114sdoc4,GPO-CDOC-114sdoc4.pdf,1191,SENATOR TIM KAINE,,"HYATT,HEATH L",AND RETURN,"WASHINGTON DC TO RICHMOND, WILLIAMSBURG, CHARLOTTESVILLE, RICHMOND","114sdoc4|audit_unparseable_amount|1191|SENATOR TIM KAINE||HYATT,HEATH L|AND RETURN"
error,audit_unparseable_amount,114sdoc4,GPO-CDOC-114sdoc4.pdf,1223,SENATOR MARK KIRK,,JP MORGAN CHASE BANK NA,CHICAGO,"12/1-11 SEN KIRK, A MCCURLEY, ; 12/2-5 M ABBOTT, 12/2-6 E CONKLIN, 12/2-7 D BOWE",114sdoc4|audit_unparseable_amount|1223|SENATOR MARK KIRK||JP MORGAN CHASE BANK NA|CHICAGO
error,unparsed_unclassified,114sdoc4,GPO-CDOC-114sdoc4.pdf,1894,"AGRICULTURE, NUTRITION & FORESTRY AGRICULTURE, NUTR & FOR S.RES.73B(114TH) EXPENSES OF INQUIRIES AND INVESTIGATIONS",,1.00,1893,,"114sdoc4|unparsed_unclassified|1894|AGRICULTURE, NUTRITION & FORESTRY AGRICULTURE, NUTR & FOR S.RES.73B(114TH) EXPENSES OF INQUIRIES AND INVESTIGATIONS||1.00|1893"
error,unparsed_unclassified,114sdoc4,GPO-CDOC-114sdoc4.pdf,1894,"AGRICULTURE, NUTRITION & FORESTRY AGRICULTURE, NUTR & FOR S.RES.73B(114TH) EXPENSES OF INQUIRIES AND INVESTIGATIONS",,3.00,1893,,"114sdoc4|unparsed_unclassified|1894|AGRICULTURE, NUTRITION & FORESTRY AGRICULTURE, NUTR & FOR S.RES.73B(114TH) EXPENSES OF INQUIRIES AND INVESTIGATIONS||3.00|1893"
error,unparsed_unclassified,114sdoc4,GPO-CDOC-114sdoc4.pdf,1901,ARMED SERVICES ARMED SERVICES - S.RES. 73B (114TH) EXPENSES OF INQUIRIES AND INVESTIGATIONS,,1.00,1900,,114sdoc4|unparsed_unclassified|1901|ARMED SERVICES ARMED SERVICES - S.RES. 73B (114TH) EXPENSES OF INQUIRIES AND INVESTIGATIONS||1.00|1900
error,unparsed_unclassified,114sdoc4,GPO-CDOC-114sdoc4.pdf,1909,"BANKING, HOUSING & URBAN AFFAIRS BANKING, HOUSING &URBDEV S.RES. 73B (114TH) EXPENSES OF INQUIRIES AND INVESTIGATIONS",,1.00,1908,,"114sdoc4|unparsed_unclassified|1909|BANKING, HOUSING & URBAN AFFAIRS BANKING, HOUSING &URBDEV S.RES. 73B (114TH) EXPENSES OF INQUIRIES AND INVESTIGATIONS||1.00|1908"
error,unparsed_unclassified,114sdoc4,GPO-CDOC-114sdoc4.pdf,1917,BUDGET BUDGET - S.RES. 73B (114TH) EXPENSES OF INQUIRIES AND INVESTIGATIONS,,1.00,1916,,114sdoc4|unparsed_unclassified|1917|BUDGET BUDGET - S.RES. 73B (114TH) EXPENSES OF INQUIRIES AND INVESTIGATIONS||1.00|1916
error,unparsed_unclassified,114sdoc4,GPO-CDOC-114sdoc4.pdf,1925,"COMMERCE, SCIENCE & TRANSPORTATION COMMERCE, SCI & TRANS S.RES. 73B (114TH) EXPENSES OF INQUIRIES AND INVESTIGATIONS",,1.00,1924,,"114sdoc4|unparsed_unclassified|1925|COMMERCE, SCIENCE & TRANSPORTATION COMMERCE, SCI & TRANS S.RES. 73B (114TH) EXPENSES OF INQUIRIES AND INVESTIGATIONS||1.00|1924"
error,unparsed_unclassified,114sdoc4,GPO-CDOC-114sdoc4.pdf,1935,ENERGY & NATURAL RESOURCES ENERGY & NATURAL S.RES. 73B (114TH) EXPENSES OF INQUIRIES AND INVESTIGATIONS,,1.00,1934,,114sdoc4|unparsed_unclassified|1935|ENERGY & NATURAL RESOURCES ENERGY & NATURAL S.RES. 73B (114TH) EXPENSES OF INQUIRIES AND INVESTIGATIONS||1.00|1934
error,unparsed_unclassified,114sdoc4,GPO-CDOC-114sdoc4.pdf,1943,ENVIRONMENT & PUBLIC WORKS ENVIRONMENT & PUB WORKS S.RES. 73B (114TH) EXPENSES OF INQUIRIES AND INVESTIGATIONS,,1.00,1942,,114sdoc4|unparsed_unclassified|1943|ENVIRONMENT & PUBLIC WORKS ENVIRONMENT & PUB WORKS S.RES. 73B (114TH) EXPENSES OF INQUIRIES AND INVESTIGATIONS||1.00|1942
error,unparsed_unclassified,114sdoc4,GPO-CDOC-114sdoc4.pdf,1947,ETHICS COMMITTEE ON ETHICS - FY 2015 EXPENSES OF INQUIRIES AND INVESTIGATIONS,,1.00,1947,,114sdoc4|unparsed_unclassified|1947|ETHICS COMMITTEE ON ETHICS - FY 2015 EXPENSES OF INQUIRIES AND INVESTIGATIONS||1.00|1947
error,unparsed_unclassified,114sdoc4,GPO-CDOC-114sdoc4.pdf,1960,FINANCE FINANCE - S.RES. 73B (114TH) EXPENSES OF INQUIRIES AND INVESTIGATIONS,,1.00,1958,,114sdoc4|unparsed_unclassified|1960|FINANCE FINANCE - S.RES. 73B (114TH) EXPENSES OF INQUIRIES AND INVESTIGATIONS||1.00|1958
error,unparsed_unclassified,114sdoc4,GPO-CDOC-114sdoc4.pdf,1972,FOREIGN RELATIONS FOREIGN RELATIONS - S.RES. 73B (114TH) EXPENSES OF INQUIRIES AND INVESTIGATIONS,,1.00,1971,,114sdoc4|unparsed_unclassified|1972|FOREIGN RELATIONS FOREIGN RELATIONS - S.RES. 73B (114TH) EXPENSES OF INQUIRIES AND INVESTIGATIONS||1.00|1971
error,unparsed_unclassified,114sdoc4,GPO-CDOC-114sdoc4.pdf,1985,HOMELAND SECURITY & GOVERNMENTAL AFFAIRS HOMELAND SEC.& GOV AFF. S.RES. 73B (114TH) EXPENSES OF INQUIRIES AND INVESTIGATIONS,,1.00,1982,,114sdoc4|unparsed_unclassified|1985|HOMELAND SECURITY & GOVERNMENTAL AFFAIRS HOMELAND SEC.& GOV AFF. S.RES. 73B (114TH) EXPENSES OF INQUIRIES AND INVESTIGATIONS||1.00|1982
error,unparsed_unclassified,114sdoc4,GPO-CDOC-114sdoc4.pdf,1998,"HEALTH, EDUCATION, LABOR, AND PENSIONS HEALTH, EDU,LABOR&PENS S.RES. 73B (114TH) EXPENSES OF INQUIRIES AND INVESTIGATIONS",,1.00,1996,,"114sdoc4|unparsed_unclassified|1998|HEALTH, EDUCATION, LABOR, AND PENSIONS HEALTH, EDU,LABOR&PENS S.RES. 73B (114TH) EXPENSES OF INQUIRIES AND INVESTIGATIONS||1.00|1996"
error,unparsed_unclassified,114sdoc4,GPO-CDOC-114sdoc4.pdf,2007,INDIAN AFFAIRS INDIAN AFFAIRS - S.RES. 73B (114TH) EXPENSES OF INQUIRIES AND INVESTIGATIONS,,1.00,2007,,114sdoc4|unparsed_unclassified|2007|INDIAN AFFAIRS INDIAN AFFAIRS - S.RES. 73B (114TH) EXPENSES OF INQUIRIES AND INVESTIGATIONS||1.00|2007
error,unparsed_unclassified,114sdoc4,GPO-CDOC-114sdoc4.pdf,2016,INTELLIGENCE SELECT COM ON INTEL - S.RES. 73B (114TH) EXPENSES OF INQUIRIES AND INVESTIGATIONS,,1.00,2015,,114sdoc4|unparsed_unclassified|2016|INTELLIGENCE SELECT COM ON INTEL - S.RES. 73B (114TH) EXPENSES OF INQUIRIES AND INVESTIGATIONS||1.00|2015
error,unparsed_unclassified,114sdoc4,GPO-CDOC-114sdoc4.pdf,2019,INTELLIGENCE SEL COM ON INTEL-P.L. 113-76 (03-09/2015) EXPENSES OF INQUIRIES AND INVESTIGATIONS,,1,2019,,114sdoc4|unparsed_unclassified|2019|INTELLIGENCE SEL COM ON INTEL-P.L. 113-76 (03-09/2015) EXPENSES OF INQUIRIES AND INVESTIGATIONS||1|2019
error,unparsed_unclassified,114sdoc4,GPO-CDOC-114sdoc4.pdf,2030,JUDICIARY JUDICIARY - S.RES. 73B (114TH) EXPENSES OF INQUIRIES AND INVESTIGATIONS,,1.00,2028,,114sdoc4|unparsed_unclassified|2030|JUDICIARY JUDICIARY - S.RES. 73B (114TH) EXPENSES OF INQUIRIES AND INVESTIGATIONS||1.00|2028
error,unparsed_unclassified,114sdoc4,GPO-CDOC-114sdoc4.pdf,2035,RULES & ADMINISTRATION RULES & ADMINISTRATION S.RES. 73B(114TH) EXPENSES OF INQUIRIES AND INVESTIGATIONS,,1.00,2035,,114sdoc4|unparsed_unclassified|2035|RULES & ADMINISTRATION RULES & ADMINISTRATION S.RES. 73B(114TH) EXPENSES OF INQUIRIES AND INVESTIGATIONS||1.00|2035
error,unparsed_unclassified,114sdoc4,GPO-CDOC-114sdoc4.pdf,2046,SMALL BUSINESS AND ENTREPRENEURSHIP SMALL BUS & ENTREP.- S.RES. 73B (114TH) EXPENSES OF INQUIRIES AND INVESTIGATIONS,,1.00,2045,,114sdoc4|unparsed_unclassified|2046|SMALL BUSINESS AND ENTREPRENEURSHIP SMALL BUS & ENTREP.- S.RES. 73B (114TH) EXPENSES OF INQUIRIES AND INVESTIGATIONS||1.00|2045
error,unparsed_unclassified,114sdoc4,GPO-CDOC-114sdoc4.pdf,2054,SPECIAL COMMITTEE ON AGING SPECIAL COM ON AGING S.RES. 73B (114TH) EXPENSES OF INQUIRIES AND INVESTIGATIONS,,1.00,2053,,114sdoc4|unparsed_unclassified|2054|SPECIAL COMMITTEE ON AGING SPECIAL COM ON AGING S.RES. 73B (114TH) EXPENSES OF INQUIRIES AND INVESTIGATIONS||1.00|2053
error,unparsed_unclassified,114sdoc4,GPO-CDOC-114sdoc4.pdf,2062,VETERANS' AFFAIRS VETERANS' AFFAIRS - S.RES. 73B (114TH) EXPENSES OF INQUIRIES AND INVESTIGATIONS,,1.00,2061,,114sdoc4|unparsed_unclassified|2062|VETERANS' AFFAIRS VETERANS' AFFAIRS - S.RES. 73B (114TH) EXPENSES OF INQUIRIES AND INVESTIGATIONS||1.00|2061
