source_doc,source_pdf,source_page,reference_page,classification,assigned_to_block,block_start_page,block_reference_start,office,funding_year,word_count,visual_row_count,reason
114sdoc4,GPO-CDOC-114sdoc4.pdf,10,10,other,False,,,,,0,0,non_data
114sdoc4,GPO-CDOC-114sdoc4.pdf,11,11,other,False,,,,,129,40,non_data
114sdoc4,GPO-CDOC-114sdoc4.pdf,12,12,other,False,,,,,215,42,non_data
114sdoc4,GPO-CDOC-114sdoc4.pdf,13,13,other,False,,,,,195,45,non_data
114sdoc4,GPO-CDOC-114sdoc4.pdf,14,14,other,False,,,,,144,42,non_data
114sdoc4,GPO-CDOC-114sdoc4.pdf,15,15,other,False,,,,,136,46,non_data
114sdoc4,GPO-CDOC-114sdoc4.pdf,16,16,other,False,,,,,44,15,non_data
114sdoc4,GPO-CDOC-114sdoc4.pdf,17,17,banner,True,17,17,CHAIRMAN MAJORITY CONFERENCE COMMITTEE (D),2013,55,27,block_start
114sdoc4,GPO-CDOC-114sdoc4.pdf,18,18,banner,True,18,18,CHAIRMAN MAJORITY CONFERENCE COMMITTEE (D),2014,55,27,block_start
114sdoc4,GPO-CDOC-114sdoc4.pdf,19,19,banner,True,19,19,CHAIRMAN MINORITY CONFERENCE COMMITTEE (D),2015,55,27,block_start
114sdoc4,GPO-CDOC-114sdoc4.pdf,20,20,banner,True,20,20,CHAIRMAN MAJORITY POLICY COMMITTEE (D),2013,55,27,block_start
114sdoc4,GPO-CDOC-114sdoc4.pdf,21,21,banner,True,21,21,CHAIRMAN MAJORITY POLICY COMMITTEE (D),2014,55,27,block_start
114sdoc4,GPO-CDOC-114sdoc4.pdf,22,22,banner,True,22,22,CHAIRMAN MINORITY POLICY COMMITTEE (D),2015,55,27,block_start
114sdoc4,GPO-CDOC-114sdoc4.pdf,23,23,banner,True,23,23,MAJORITY LEADER (D),2013,55,27,block_start
114sdoc4,GPO-CDOC-114sdoc4.pdf,24,24,banner,True,24,24,MAJORITY LEADER (D),2014,61,29,block_start
114sdoc4,GPO-CDOC-114sdoc4.pdf,25,25,banner,True,25,25,MINORITY LEADER (D),2015,55,27,block_start
114sdoc4,GPO-CDOC-114sdoc4.pdf,26,26,banner,True,26,26,MAJORITY WHIP (D),2013,56,28,block_start
114sdoc4,GPO-CDOC-114sdoc4.pdf,27,27,banner,True,27,27,MAJORITY WHIP (D),2014,56,28,block_start
114sdoc4,GPO-CDOC-114sdoc4.pdf,28,28,banner,True,28,28,MINORITY WHIP (D),2015,56,28,block_start
114sdoc4,GPO-CDOC-114sdoc4.pdf,29,29,banner,True,29,29,OFFICE OF THE VICE PRESIDENT (D) - BIDEN,2013,59,29,block_start
114sdoc4,GPO-CDOC-114sdoc4.pdf,30,30,banner,True,30,30,OFFICE OF THE VICE PRESIDENT (D) - BIDEN,2014,56,28,block_start
114sdoc4,GPO-CDOC-114sdoc4.pdf,31,31,banner,True,31,31,OFFICE OF THE VICE PRESIDENT (D) - BIDEN,2015,56,28,block_start
114sdoc4,GPO-CDOC-114sdoc4.pdf,32,32,banner,True,32,32,PRESIDENT PRO TEMPORE (D),2013,59,29,block_start
114sdoc4,GPO-CDOC-114sdoc4.pdf,33,33,banner,True,33,33,PRESIDENT PRO TEMPORE (D),2014,59,29,block_start
114sdoc4,GPO-CDOC-114sdoc4.pdf,34,34,banner,True,34,34,PRESIDENT PRO TEMPORE (D),2015,56,28,block_start
114sdoc4,GPO-CDOC-114sdoc4.pdf,35,35,banner,True,35,35,PRESIDENT PRO TEMPORE (R),2015,53,27,block_start
114sdoc4,GPO-CDOC-114sdoc4.pdf,36,36,banner,True,36,36,MINORITY LEADER (R),2013,62,30,block_start
114sdoc4,GPO-CDOC-114sdoc4.pdf,37,37,banner,True,37,37,MINORITY LEADER (R),2014,65,29,block_start
114sdoc4,GPO-CDOC-114sdoc4.pdf,38,38,banner,True,38,38,MAJORITY LEADER (R),2015,56,28,block_start
114sdoc4,GPO-CDOC-114sdoc4.pdf,39,39,banner,True,39,39,MINORITY WHIP (R),2013,56,28,block_start
114sdoc4,GPO-CDOC-114sdoc4.pdf,40,40,banner,True,40,40,MINORITY WHIP (R),2014,56,28,block_start
114sdoc4,GPO-CDOC-114sdoc4.pdf,41,41,banner,True,41,41,MAJORITY WHIP (R),2015,56,28,block_start
114sdoc4,GPO-CDOC-114sdoc4.pdf,42,42,banner,True,42,42,CHAIRMAN MINORITY CONFERENCE COMMITTEE (R),2013,56,28,block_start
114sdoc4,GPO-CDOC-114sdoc4.pdf,43,43,banner,True,43,43,CHAIRMAN MINORITY CONFERENCE COMMITTEE (R),2014,56,28,block_start
114sdoc4,GPO-CDOC-114sdoc4.pdf,44,44,banner,True,44,44,CHAIRMAN MAJORITY CONFERENCE COMMITTEE (R),2015,56,28,block_start
114sdoc4,GPO-CDOC-114sdoc4.pdf,45,45,banner,True,45,45,CHAIRMAN MINORITY POLICY COMMITTEE (R),2013,56,28,block_start
114sdoc4,GPO-CDOC-114sdoc4.pdf,46,46,banner,True,46,46,CHAIRMAN MINORITY POLICY COMMITTEE (R),2014,56,28,block_start
114sdoc4,GPO-CDOC-114sdoc4.pdf,47,47,banner,True,47,47,CHAIRMAN MAJORITY POLICY COMMITTEE (R),2015,56,28,block_start
114sdoc4,GPO-CDOC-114sdoc4.pdf,48,48,banner,True,48,48,MAJORITY LEADER (D),2013,51,25,block_start
114sdoc4,GPO-CDOC-114sdoc4.pdf,49,49,banner,True,49,49,MAJORITY LEADER (D),2014,51,25,block_start
114sdoc4,GPO-CDOC-114sdoc4.pdf,50,50,banner,True,50,50,MINORITY LEADER (D),2015,51,25,block_start
114sdoc4,GPO-CDOC-114sdoc4.pdf,51,51,banner,True,51,51,MINORITY LEADER (R),2013,51,25,block_start
114sdoc4,GPO-CDOC-114sdoc4.pdf,52,52,banner,True,52,52,MINORITY LEADER (R),2014,51,25,block_start
114sdoc4,GPO-CDOC-114sdoc4.pdf,53,53,banner,True,53,53,MAJORITY LEADER (R),2015,51,25,block_start
114sdoc4,GPO-CDOC-114sdoc4.pdf,54,54,banner,True,54,54,APPROPRIATIONS,2013,53,26,block_start
114sdoc4,GPO-CDOC-114sdoc4.pdf,55,55,banner,True,55,55,APPROPRIATIONS,2014,57,27,block_start
114sdoc4,GPO-CDOC-114sdoc4.pdf,56,56,banner,True,56,56,APPROPRIATIONS,2015,161,60,block_start
114sdoc4,GPO-CDOC-114sdoc4.pdf,57,57,data,True,56,56,APPROPRIATIONS,2015,201,70,block_data
114sdoc4,GPO-CDOC-114sdoc4.pdf,58,58,data,True,56,56,APPROPRIATIONS,2015,104,41,block_data
114sdoc4,GPO-CDOC-114sdoc4.pdf,59,59,banner,True,59,59,CHAPLAIN,2013,53,26,block_start
114sdoc4,GPO-CDOC-114sdoc4.pdf,60,60,banner,True,60,60,CHAPLAIN,2014,53,26,block_start
114sdoc4,GPO-CDOC-114sdoc4.pdf,61,61,banner,True,61,61,CHAPLAIN,2015,69,30,block_start
114sdoc4,GPO-CDOC-114sdoc4.pdf,62,62,banner,True,62,62,MAJORITY CONFERENCE COMMITTEE (D),2013,53,26,block_start
114sdoc4,GPO-CDOC-114sdoc4.pdf,63,63,banner,True,63,63,MAJORITY CONFERENCE COMMITTEE (D),2014,53,26,block_start
114sdoc4,GPO-CDOC-114sdoc4.pdf,64,64,banner,True,64,64,MINORITY CONFERENCE COMMITTEE (D),2015,143,55,block_start
114sdoc4,GPO-CDOC-114sdoc4.pdf,65,65,banner,True,65,65,MAJORITY POLICY COMMITTEE (D),2013,53,26,block_start
114sdoc4,GPO-CDOC-114sdoc4.pdf,66,66,banner,True,66,66,MAJORITY POLICY COMMITTEE (D),2014,57,27,block_start
114sdoc4,GPO-CDOC-114sdoc4.pdf,67,67,banner,True,67,67,MINORITY POLICY COMMITTEE (D),2015,123,48,block_start
114sdoc4,GPO-CDOC-114sdoc4.pdf,68,68,banner,True,68,68,MAJORITY LEADER (D),2013,53,26,block_start
114sdoc4,GPO-CDOC-114sdoc4.pdf,69,69,banner,True,69,69,MAJORITY LEADER (D),2014,53,26,block_start
114sdoc4,GPO-CDOC-114sdoc4.pdf,70,70,banner,True,70,70,MINORITY LEADER (D),2015,153,58,block_start
114sdoc4,GPO-CDOC-114sdoc4.pdf,71,71,banner,True,71,71,"SECRETARY, MAJORITY CONFERENCE COMM (D)",2013,53,26,block_start
114sdoc4,GPO-CDOC-114sdoc4.pdf,72,72,banner,True,72,72,"SECRETARY, MAJORITY CONFERENCE COMM (D)",2014,53,26,block_start
114sdoc4,GPO-CDOC-114sdoc4.pdf,73,73,banner,True,73,73,"SECRETARY, MINORITY CONFERENCE COMM (D)",2015,69,30,block_start
114sdoc4,GPO-CDOC-114sdoc4.pdf,74,74,banner,True,74,74,MAJORITY WHIP (D),2013,53,26,block_start
114sdoc4,GPO-CDOC-114sdoc4.pdf,75,75,banner,True,75,75,MAJORITY WHIP (D),2014,53,26,block_start
114sdoc4,GPO-CDOC-114sdoc4.pdf,76,76,banner,True,76,76,MINORITY WHIP (D),2015,117,46,block_start
114sdoc4,GPO-CDOC-114sdoc4.pdf,77,77,banner,True,77,77,OFFICE OF THE VICE PRESIDENT (D) - BIDEN,2013,53,26,block_start
114sdoc4,GPO-CDOC-114sdoc4.pdf,78,78,banner,True,78,78,OFFICE OF THE VICE PRESIDENT (D) - BIDEN,2014,53,26,block_start
114sdoc4,GPO-CDOC-114sdoc4.pdf,79,79,banner,True,79,79,OFFICE OF THE VICE PRESIDENT (D) - BIDEN,2015,156,59,block_start
114sdoc4,GPO-CDOC-114sdoc4.pdf,80,80,data,True,79,79,OFFICE OF THE VICE PRESIDENT (D) - BIDEN,2015,19,12,block_data
114sdoc4,GPO-CDOC-114sdoc4.pdf,81,81,banner,True,81,81,PRESIDENT PRO TEMPORE (D),2013,53,26,block_start
114sdoc4,GPO-CDOC-114sdoc4.pdf,82,82,banner,True,82,82,PRESIDENT PRO TEMPORE (D),2014,53,26,block_start
114sdoc4,GPO-CDOC-114sdoc4.pdf,83,83,banner,True,83,83,PRESIDENT PRO TEMPORE (D),2015,63,29,block_start
114sdoc4,GPO-CDOC-114sdoc4.pdf,84,84,banner,True,84,84,PRESIDENT PRO TEMPORE (R),2015,66,29,block_start
114sdoc4,GPO-CDOC-114sdoc4.pdf,85,85,banner,True,85,85,MINORITY LEADER (R),2013,53,26,block_start
114sdoc4,GPO-CDOC-114sdoc4.pdf,86,86,banner,True,86,86,MINORITY LEADER (R),2014,53,26,block_start
114sdoc4,GPO-CDOC-114sdoc4.pdf,87,87,banner,True,87,87,MAJORITY LEADER (R),2015,130,50,block_start
114sdoc4,GPO-CDOC-114sdoc4.pdf,88,88,banner,True,88,88,"SECRETARY, MINORITY CONFERENCE COMM (R)",2013,53,26,block_start
114sdoc4,GPO-CDOC-114sdoc4.pdf,89,89,banner,True,89,89,"SECRETARY, MINORITY CONFERENCE COMM (R)",2014,53,26,block_start
114sdoc4,GPO-CDOC-114sdoc4.pdf,90,90,banner,True,90,90,"SECRETARY, MAJORITY CONFERENCE COMM (R)",2015,78,33,block_start
114sdoc4,GPO-CDOC-114sdoc4.pdf,91,91,banner,True,91,91,MINORITY WHIP (R),2013,53,26,block_start
114sdoc4,GPO-CDOC-114sdoc4.pdf,92,92,banner,True,92,92,MINORITY WHIP (R),2014,53,26,block_start
114sdoc4,GPO-CDOC-114sdoc4.pdf,93,93,banner,True,93,93,MAJORITY WHIP (R),2015,78,33,block_start
114sdoc4,GPO-CDOC-114sdoc4.pdf,94,94,banner,True,94,94,MINORITY CONFERENCE COMMITTEE (R),2013,53,26,block_start
114sdoc4,GPO-CDOC-114sdoc4.pdf,95,95,banner,True,95,95,MINORITY CONFERENCE COMMITTEE (R),2014,53,26,block_start
114sdoc4,GPO-CDOC-114sdoc4.pdf,96,96,banner,True,96,96,MAJORITY CONFERENCE COMMITTEE (R),2015,114,45,block_start
114sdoc4,GPO-CDOC-114sdoc4.pdf,97,97,banner,True,97,97,MINORITY POLICY COMMITTEE (R),2013,53,26,block_start
114sdoc4,GPO-CDOC-114sdoc4.pdf,98,98,banner,True,98,98,MINORITY POLICY COMMITTEE (R),2014,53,26,block_start
114sdoc4,GPO-CDOC-114sdoc4.pdf,99,99,banner,True,99,99,MAJORITY POLICY COMMITTEE (R),2015,111,44,block_start
114sdoc4,GPO-CDOC-114sdoc4.pdf,100,100,banner,True,100,100,SECRETARY FOR THE MAJORITY (D),2013,53,26,block_start
114sdoc4,GPO-CDOC-114sdoc4.pdf,101,101,banner,True,101,101,SECRETARY FOR THE MAJORITY (D),2014,53,26,block_start
114sdoc4,GPO-CDOC-114sdoc4.pdf,102,102,banner,True,102,102,SECRETARY FOR THE MINORITY (D),2015,87,36,block_start
114sdoc4,GPO-CDOC-114sdoc4.pdf,103,103,banner,True,103,103,SECRETARY FOR THE MINORITY (R),2013,53,26,block_start
114sdoc4,GPO-CDOC-114sdoc4.pdf,104,104,banner,True,104,104,SECRETARY FOR THE MINORITY (R),2014,53,26,block_start
114sdoc4,GPO-CDOC-114sdoc4.pdf,105,105,banner,True,105,105,SECRETARY FOR THE MAJORITY (R),2015,84,35,block_start
114sdoc4,GPO-CDOC-114sdoc4.pdf,106,106,banner,True,106,106,SGT @ ARMS - CENTRAL OPERATIONS,2013,53,26,block_start
114sdoc4,GPO-CDOC-114sdoc4.pdf,107,107,banner,True,107,107,SGT @ ARMS - CAPITOL DIVISION,2013,53,26,block_start
114sdoc4,GPO-CDOC-114sdoc4.pdf,108,108,banner,True,108,108,SGT @ ARMS - IT SUPPORT SERVICES,2013,53,26,block_start
114sdoc4,GPO-CDOC-114sdoc4.pdf,109,109,banner,True,109,109,SGT @ ARMS - STAFF OFFICES,2013,53,26,block_start
114sdoc4,GPO-CDOC-114sdoc4.pdf,110,110,banner,True,110,110,SGT @ ARMS - TECHNOLOGY DEVELOPMENT SERVICES,2013,53,26,block_start
114sdoc4,GPO-CDOC-114sdoc4.pdf,111,111,banner,True,111,111,SGT @ ARMS - CENTRAL OPERATIONS,2014,57,27,block_start
114sdoc4,GPO-CDOC-114sdoc4.pdf,112,112,banner,True,112,112,SGT @ ARMS - CAPITOL DIVISION,2014,57,27,block_start
114sdoc4,GPO-CDOC-114sdoc4.pdf,113,113,banner,True,113,113,SGT @ ARMS - IT SUPPORT SERVICES,2014,57,27,block_start
114sdoc4,GPO-CDOC-114sdoc4.pdf,114,114,banner,True,114,114,SGT @ ARMS - STAFF OFFICES,2014,53,26,block_start
114sdoc4,GPO-CDOC-114sdoc4.pdf,115,115,banner,True,115,115,SGT @ ARMS - TECHNOLOGY DEVELOPMENT SERVICES,2014,57,27,block_start
114sdoc4,GPO-CDOC-114sdoc4.pdf,116,116,banner,True,116,116,SGT @ ARMS - CENTRAL OPERATIONS,2015,162,61,block_start
114sdoc4,GPO-CDOC-114sdoc4.pdf,117,117,data,True,116,116,SGT @ ARMS - CENTRAL OPERATIONS,2015,202,72,block_data
114sdoc4,GPO-CDOC-114sdoc4.pdf,118,118,data,True,116,116,SGT @ ARMS - CENTRAL OPERATIONS,2015,202,72,block_data
114sdoc4,GPO-CDOC-114sdoc4.pdf,119,119,data,True,116,116,SGT @ ARMS - CENTRAL OPERATIONS,2015,202,72,block_data
114sdoc4,GPO-CDOC-114sdoc4.pdf,120,120,data,True,116,116,SGT @ ARMS - CENTRAL OPERATIONS,2015,202,72,block_data
114sdoc4,GPO-CDOC-114sdoc4.pdf,121,121,data,True,116,116,SGT @ ARMS - CENTRAL OPERATIONS,2015,154,57,block_data
114sdoc4,GPO-CDOC-114sdoc4.pdf,122,122,banner,True,122,122,SGT @ ARMS - CAPITOL DIVISION,2015,162,61,block_start
114sdoc4,GPO-CDOC-114sdoc4.pdf,123,123,data,True,122,122,SGT @ ARMS - CAPITOL DIVISION,2015,202,72,block_data
114sdoc4,GPO-CDOC-114sdoc4.pdf,124,124,data,True,122,122,SGT @ ARMS - CAPITOL DIVISION,2015,202,72,block_data
114sdoc4,GPO-CDOC-114sdoc4.pdf,125,125,data,True,122,122,SGT @ ARMS - CAPITOL DIVISION,2015,202,72,block_data
114sdoc4,GPO-CDOC-114sdoc4.pdf,126,126,data,True,122,122,SGT @ ARMS - CAPITOL DIVISION,2015,57,26,block_data
114sdoc4,GPO-CDOC-114sdoc4.pdf,127,127,banner,True,127,127,SGT @ ARMS - IT SUPPORT SERVICES,2015,162,61,block_start
114sdoc4,GPO-CDOC-114sdoc4.pdf,128,128,data,True,127,127,SGT @ ARMS - IT SUPPORT SERVICES,2015,191,69,block_data
114sdoc4,GPO-CDOC-114sdoc4.pdf,129,129,data,True,127,127,SGT @ ARMS - IT SUPPORT SERVICES,2015,18,12,block_data
114sdoc4,GPO-CDOC-114sdoc4.pdf,130,130,banner,True,130,130,SGT @ ARMS - STAFF OFFICES,2015,162,61,block_start
114sdoc4,GPO-CDOC-114sdoc4.pdf,131,131,data,True,130,130,SGT @ ARMS - STAFF OFFICES,2015,182,66,block_data
114sdoc4,GPO-CDOC-114sdoc4.pdf,132,132,banner,True,132,132,SGT @ ARMS - TECHNOLOGY DEVELOPMENT SERVICES,2015,162,61,block_start
114sdoc4,GPO-CDOC-114sdoc4.pdf,133,133,data,True,132,132,SGT @ ARMS - TECHNOLOGY DEVELOPMENT SERVICES,2015,202,72,block_data
114sdoc4,GPO-CDOC-114sdoc4.pdf,134,134,data,True,132,132,SGT @ ARMS - TECHNOLOGY DEVELOPMENT SERVICES,2015,142,53,block_data
114sdoc4,GPO-CDOC-114sdoc4.pdf,135,135,banner,True,135,135,SECRETARY OF THE SENATE - ADMINISTRATIVE SERV.,2013,54,27,block_start
114sdoc4,GPO-CDOC-114sdoc4.pdf,136,136,banner,True,136,136,SECRETARY OF THE SENATE - EXECUTIVE OFFICE,2013,54,27,block_start
114sdoc4,GPO-CDOC-114sdoc4.pdf,137,137,banner,True,137,137,SECRETARY OF THE SENATE - LEGISLATIVE SERVICES,2013,54,27,block_start
114sdoc4,GPO-CDOC-114sdoc4.pdf,138,138,banner,True,138,138,SECRETARY OF THE SENATE - ADMINISTRATIVE SERV.,2014,54,27,block_start
114sdoc4,GPO-CDOC-114sdoc4.pdf,139,139,banner,True,139,139,SECRETARY OF THE SENATE - EXECUTIVE OFFICE,2014,54,27,block_start
114sdoc4,GPO-CDOC-114sdoc4.pdf,140,140,banner,True,140,140,SECRETARY OF THE SENATE - LEGISLATIVE SERVICES,2014,54,27,block_start
114sdoc4,GPO-CDOC-114sdoc4.pdf,141,141,banner,True,141,141,SECRETARY OF THE SENATE - ADMINISTRATIVE SERV.,2015,162,61,block_start
114sdoc4,GPO-CDOC-114sdoc4.pdf,142,142,data,True,141,141,SECRETARY OF THE SENATE - ADMINISTRATIVE SERV.,2015,202,72,block_data
114sdoc4,GPO-CDOC-114sdoc4.pdf,143,143,data,True,141,141,SECRETARY OF THE SENATE - ADMINISTRATIVE SERV.,2015,202,72,block_data
114sdoc4,GPO-CDOC-114sdoc4.pdf,144,144,data,True,141,141,SECRETARY OF THE SENATE - ADMINISTRATIVE SERV.,2015,25,15,block_data
114sdoc4,GPO-CDOC-114sdoc4.pdf,145,145,banner,True,145,145,SECRETARY OF THE SENATE - EXECUTIVE OFFICE,2015,156,59,block_start
114sdoc4,GPO-CDOC-114sdoc4.pdf,146,146,data,True,145,145,SECRETARY OF THE SENATE - EXECUTIVE OFFICE,2015,22,14,block_data
114sdoc4,GPO-CDOC-114sdoc4.pdf,147,147,banner,True,147,147,SECRETARY OF THE SENATE - LEGISLATIVE SERVICES,2015,162,61,block_start
114sdoc4,GPO-CDOC-114sdoc4.pdf,148,148,data,True,147,147,SECRETARY OF THE SENATE - LEGISLATIVE SERVICES,2015,55,25,block_data
114sdoc4,GPO-CDOC-114sdoc4.pdf,149,149,banner,True,149,149,"WORKERS COMPENSATION FUND (P.L. 113-76, DIV. I, SEC. 1. CA)",2014,59,29,block_start
114sdoc4,GPO-CDOC-114sdoc4.pdf,150,150,banner,True,150,150,APPROPRIATIONS,,119,41,block_start
114sdoc4,GPO-CDOC-114sdoc4.pdf,151,151,banner,True,151,151,APPROPRIATIONS,,164,50,block_start
114sdoc4,GPO-CDOC-114sdoc4.pdf,152,152,banner,True,152,152,APPROPRIATIONS,,90,34,block_start
114sdoc4,GPO-CDOC-114sdoc4.pdf,153,153,banner,True,153,153,APPROPRIATIONS,,111,37,block_start
114sdoc4,GPO-CDOC-114sdoc4.pdf,154,154,banner,True,154,154,CHAPLAIN,,72,31,block_start
114sdoc4,GPO-CDOC-114sdoc4.pdf,155,155,banner,True,155,155,CHAPLAIN,,100,38,block_start
114sdoc4,GPO-CDOC-114sdoc4.pdf,156,156,banner,True,156,156,CHAPLAIN,,153,51,block_start
114sdoc4,GPO-CDOC-114sdoc4.pdf,157,157,banner,True,157,157,CHAPLAIN,,97,35,block_start
114sdoc4,GPO-CDOC-114sdoc4.pdf,158,158,banner,True,158,158,MAJORITY CONFERENCE COMMITTEE (D),2013,57,28,block_start
114sdoc4,GPO-CDOC-114sdoc4.pdf,159,159,banner,True,159,159,MAJORITY CONFERENCE COMMITTEE (D),2014,184,48,block_start
114sdoc4,GPO-CDOC-114sdoc4.pdf,160,160,banner,True,160,160,MAJORITY CONFERENCE COMMITTEE (D),,78,32,block_start
114sdoc4,GPO-CDOC-114sdoc4.pdf,161,161,banner,True,161,161,MAJORITY CONFERENCE COMMITTEE (D),,72,31,block_start
114sdoc4,GPO-CDOC-114sdoc4.pdf,162,162,banner,True,162,162,MAJORITY CONFERENCE COMMITTEE (D),,112,41,block_start
114sdoc4,GPO-CDOC-114sdoc4.pdf,163,163,banner,True,163,163,MINORITY CONFERENCE COMMITTEE (D),,183,56,block_start
114sdoc4,GPO-CDOC-114sdoc4.pdf,164,164,data,True,163,163,MINORITY CONFERENCE COMMITTEE (D),,94,25,block_data
114sdoc4,GPO-CDOC-114sdoc4.pdf,165,165,banner,True,165,165,MAJORITY POLICY COMMITTEE (D),2013,60,29,block_start
114sdoc4,GPO-CDOC-114sdoc4.pdf,166,166,banner,True,166,166,MAJORITY POLICY COMMITTEE (D),2014,101,32,block_start
114sdoc4,GPO-CDOC-114sdoc4.pdf,167,167,banner,True,167,167,MAJORITY POLICY COMMITTEE (D),,72,31,block_start
114sdoc4,GPO-CDOC-114sdoc4.pdf,168,168,banner,True,168,168,MAJORITY POLICY COMMITTEE (D),,72,31,block_start
114sdoc4,GPO-CDOC-114sdoc4.pdf,169,169,banner,True,169,169,MAJORITY POLICY COMMITTEE (D),,85,35,block_start
114sdoc4,GPO-CDOC-114sdoc4.pdf,170,170,banner,True,170,170,MINORITY POLICY COMMITTEE (D),,140,45,block_start
114sdoc4,GPO-CDOC-114sdoc4.pdf,171,171,banner,True,171,171,MAJORITY LEADER (D),2013,57,28,block_start
114sdoc4,GPO-CDOC-114sdoc4.pdf,172,172,banner,True,172,172,MAJORITY LEADER (D),2014,132,42,block_start
114sdoc4,GPO-CDOC-114sdoc4.pdf,173,173,banner,True,173,173,MAJORITY WHIP (D),2014,63,29,block_start
114sdoc4,GPO-CDOC-114sdoc4.pdf,174,174,banner,True,174,174,MINORITY LEADER (R),2013,66,29,block_start
114sdoc4,GPO-CDOC-114sdoc4.pdf,175,175,banner,True,175,175,MINORITY LEADER (R),2014,86,34,block_start
114sdoc4,GPO-CDOC-114sdoc4.pdf,176,176,banner,True,176,176,MAJORITY LEADER (R),2015,137,46,block_start
114sdoc4,GPO-CDOC-114sdoc4.pdf,177,177,banner,True,177,177,"SECRETARY, MINORITY CONFERENCE COMM (R)",2013,54,27,block_start
114sdoc4,GPO-CDOC-114sdoc4.pdf,178,178,banner,True,178,178,MINORITY WHIP (R),2013,63,28,block_start
114sdoc4,GPO-CDOC-114sdoc4.pdf,179,179,banner,True,179,179,MINORITY WHIP (R),2014,81,32,block_start
114sdoc4,GPO-CDOC-114sdoc4.pdf,180,180,banner,True,180,180,MAJORITY WHIP (R),2015,97,36,block_start
114sdoc4,GPO-CDOC-114sdoc4.pdf,181,181,banner,True,181,181,MINORITY CONFERENCE COMMITTEE (R),,69,30,block_start
114sdoc4,GPO-CDOC-114sdoc4.pdf,182,182,banner,True,182,182,MINORITY CONFERENCE COMMITTEE (R),,72,31,block_start
114sdoc4,GPO-CDOC-114sdoc4.pdf,183,183,banner,True,183,183,MINORITY CONFERENCE COMMITTEE (R),,175,55,block_start
114sdoc4,GPO-CDOC-114sdoc4.pdf,184,184,data,True,183,183,MINORITY CONFERENCE COMMITTEE (R),,43,17,block_data
114sdoc4,GPO-CDOC-114sdoc4.pdf,185,185,banner,True,185,185,MAJORITY CONFERENCE COMMITTEE (R),,130,39,block_start
114sdoc4,GPO-CDOC-114sdoc4.pdf,186,186,banner,True,186,186,MINORITY POLICY COMMITTEE (R),,72,31,block_start
114sdoc4,GPO-CDOC-114sdoc4.pdf,187,187,banner,True,187,187,MINORITY POLICY COMMITTEE (R),,72,31,block_start
114sdoc4,GPO-CDOC-114sdoc4.pdf,188,188,banner,True,188,188,MINORITY POLICY COMMITTEE (R),,92,36,block_start
114sdoc4,GPO-CDOC-114sdoc4.pdf,189,189,banner,True,189,189,MAJORITY POLICY COMMITTEE (R),,117,43,block_start
114sdoc4,GPO-CDOC-114sdoc4.pdf,190,190,banner,True,190,190,SENATE CHILD CARE CENTER,,60,29,block_start
114sdoc4,GPO-CDOC-114sdoc4.pdf,191,191,banner,True,191,191,SENATE CHILD CARE CENTER,,227,58,block_start
114sdoc4,GPO-CDOC-114sdoc4.pdf,192,192,banner,True,192,192,SENATE CHILD CARE CENTER,,58,28,block_start
114sdoc4,GPO-CDOC-114sdoc4.pdf,193,193,banner,True,193,193,SENATE CHILD CARE CENTER,,58,28,block_start
114sdoc4,GPO-CDOC-114sdoc4.pdf,194,194,banner,True,194,194,CONSULTANTS,,54,27,block_start
114sdoc4,GPO-CDOC-114sdoc4.pdf,195,195,banner,True,195,195,CONSULTANTS,,54,27,block_start
114sdoc4,GPO-CDOC-114sdoc4.pdf,196,196,banner,True,196,196,CONSULTANTS,,54,27,block_start
114sdoc4,GPO-CDOC-114sdoc4.pdf,197,197,banner,True,197,197,CONSULTANTS,,151,59,block_start
114sdoc4,GPO-CDOC-114sdoc4.pdf,198,198,banner,True,198,198,EMPLOYEE COMPENSATION FUND,,54,27,block_start
114sdoc4,GPO-CDOC-114sdoc4.pdf,199,199,banner,True,199,199,EMPLOYEE COMPENSATION FUND,,54,27,block_start
114sdoc4,GPO-CDOC-114sdoc4.pdf,200,200,banner,True,200,200,EMPLOYEE COMPENSATION FUND,,54,27,block_start
114sdoc4,GPO-CDOC-114sdoc4.pdf,201,201,banner,True,201,201,EMPLOYEE COMPENSATION FUND,,52,27,block_start
114sdoc4,GPO-CDOC-114sdoc4.pdf,202,202,banner,True,202,202,FEDERAL EMPLOYEES COMPENSATION ACCOUNT,,58,28,block_start
114sdoc4,GPO-CDOC-114sdoc4.pdf,203,203,banner,True,203,203,FEDERAL EMPLOYEES COMPENSATION ACCOUNT,,58,28,block_start
114sdoc4,GPO-CDOC-114sdoc4.pdf,204,204,banner,True,204,204,FEDERAL EMPLOYEES COMPENSATION ACCOUNT,,52,27,block_start
114sdoc4,GPO-CDOC-114sdoc4.pdf,205,205,banner,True,205,205,FEDERAL EMPLOYEES COMPENSATION ACCOUNT,,52,27,block_start
114sdoc4,GPO-CDOC-114sdoc4.pdf,206,206,banner,True,206,206,FOREIGN TRAVEL - MEMBERS & EMPLOYEES,,54,27,block_start
114sdoc4,GPO-CDOC-114sdoc4.pdf,207,207,banner,True,207,207,FOREIGN TRAVEL - MEMBERS & EMPLOYEES,,74,34,block_start
114sdoc4,GPO-CDOC-114sdoc4.pdf,208,208,banner,True,208,208,FOREIGN TRAVEL - MEMBERS & EMPLOYEES,,84,38,block_start
114sdoc4,GPO-CDOC-114sdoc4.pdf,209,209,banner,True,209,209,FOREIGN TRAVEL - MEMBERS & EMPLOYEES,,81,35,block_start
114sdoc4,GPO-CDOC-114sdoc4.pdf,210,210,banner,True,210,210,POSTAGE,,54,27,block_start
114sdoc4,GPO-CDOC-114sdoc4.pdf,211,211,banner,True,211,211,POSTAGE,,54,27,block_start
114sdoc4,GPO-CDOC-114sdoc4.pdf,212,212,banner,True,212,212,POSTAGE,,54,27,block_start
114sdoc4,GPO-CDOC-114sdoc4.pdf,213,213,banner,True,213,213,POSTAGE,,54,27,block_start
114sdoc4,GPO-CDOC-114sdoc4.pdf,214,214,banner,True,214,214,MOBILE COMMUNICATIONS DEVICES,,57,28,block_start
114sdoc4,GPO-CDOC-114sdoc4.pdf,215,215,banner,True,215,215,MOBILE COMMUNICATIONS DEVICES,,57,28,block_start
114sdoc4,GPO-CDOC-114sdoc4.pdf,216,216,banner,True,216,216,MOBILE COMMUNICATIONS DEVICES,,57,28,block_start
114sdoc4,GPO-CDOC-114sdoc4.pdf,217,217,banner,True,217,217,MOBILE COMMUNICATIONS DEVICES,,66,30,block_start
114sdoc4,GPO-CDOC-114sdoc4.pdf,218,218,banner,True,218,218,RESERVE FOR CONTINGENCIES,,60,29,block_start
114sdoc4,GPO-CDOC-114sdoc4.pdf,219,219,banner,True,219,219,RESERVE FOR CONTINGENCIES,,64,31,block_start
114sdoc4,GPO-CDOC-114sdoc4.pdf,220,220,banner,True,220,220,RESERVE FOR CONTINGENCIES,,77,32,block_start
114sdoc4,GPO-CDOC-114sdoc4.pdf,221,221,banner,True,221,221,RESERVE FOR CONTINGENCIES,,98,33,block_start
114sdoc4,GPO-CDOC-114sdoc4.pdf,222,222,banner,True,222,222,RECEPTION OF FOREIGN DIGNITARIES,,54,27,block_start
114sdoc4,GPO-CDOC-114sdoc4.pdf,223,223,banner,True,223,223,RECEPTION OF FOREIGN DIGNITARIES,,98,33,block_start
114sdoc4,GPO-CDOC-114sdoc4.pdf,224,224,banner,True,224,224,RECEPTION OF FOREIGN DIGNITARIES,,51,26,block_start
114sdoc4,GPO-CDOC-114sdoc4.pdf,225,225,banner,True,225,225,RECEPTION OF FOREIGN DIGNITARIES,,52,27,block_start
114sdoc4,GPO-CDOC-114sdoc4.pdf,226,226,banner,True,226,226,RESOLUTION & REORGANIZATION RESERVE,,69,30,block_start
114sdoc4,GPO-CDOC-114sdoc4.pdf,227,227,banner,True,227,227,RESOLUTION & REORGANIZATION RESERVE,,72,31,block_start
114sdoc4,GPO-CDOC-114sdoc4.pdf,228,228,banner,True,228,228,RESOLUTION & REORGANIZATION RESERVE,,72,32,block_start
114sdoc4,GPO-CDOC-114sdoc4.pdf,229,229,banner,True,229,229,RESOLUTION & REORGANIZATION RESERVE,,154,58,block_start
114sdoc4,GPO-CDOC-114sdoc4.pdf,230,230,data,True,229,229,RESOLUTION & REORGANIZATION RESERVE,,202,72,block_data
114sdoc4,GPO-CDOC-114sdoc4.pdf,231,231,data,True,229,229,RESOLUTION & REORGANIZATION RESERVE,,200,72,block_data
114sdoc4,GPO-CDOC-114sdoc4.pdf,232,232,data,True,229,229,RESOLUTION & REORGANIZATION RESERVE,,202,72,block_data
114sdoc4,GPO-CDOC-114sdoc4.pdf,233,233,data,True,229,229,RESOLUTION & REORGANIZATION RESERVE,,202,72,block_data
114sdoc4,GPO-CDOC-114sdoc4.pdf,234,234,data,True,229,229,RESOLUTION & REORGANIZATION RESERVE,,200,72,block_data
114sdoc4,GPO-CDOC-114sdoc4.pdf,235,235,data,True,229,229,RESOLUTION & REORGANIZATION RESERVE,,160,56,block_data
114sdoc4,GPO-CDOC-114sdoc4.pdf,236,236,banner,True,236,236,JOINT SELECT COMMITTEE ON DEFICIT REDUCTION,,63,30,block_start
114sdoc4,GPO-CDOC-114sdoc4.pdf,237,237,banner,True,237,237,NATL SECURITY WORKING GRP-MAJ ADMIN CO-CHAIR (KERRY),,55,28,block_start
114sdoc4,GPO-CDOC-114sdoc4.pdf,238,238,banner,True,238,238,NATL SECURITY WORKING GRP-MAJ ADMIN CO-CHAIR (FEINSTEIN),,55,28,block_start
114sdoc4,GPO-CDOC-114sdoc4.pdf,239,239,banner,True,239,239,NATL SECURITY WORKING GRP-MAJ ADMIN CO-CHAIR (FEINSTEIN),,53,28,block_start
114sdoc4,GPO-CDOC-114sdoc4.pdf,240,240,banner,True,240,240,NATL SECURITY WORKING GRP-MIN ADMIN CO-CHAIR (FEINSTEIN),,53,28,block_start
114sdoc4,GPO-CDOC-114sdoc4.pdf,241,241,banner,True,241,241,NATL SECURITY WORKING GRP-MAJ CO-CHAIR (LEVIN),,54,27,block_start
114sdoc4,GPO-CDOC-114sdoc4.pdf,242,242,banner,True,242,242,NATL SECURITY WORKING GRP-MAJ CO-CHAIR (LEVIN),,54,27,block_start
114sdoc4,GPO-CDOC-114sdoc4.pdf,243,243,banner,True,243,243,NATL SECURITY WORKING GRP-MAJ CO-CHAIR (LEVIN),,52,27,block_start
114sdoc4,GPO-CDOC-114sdoc4.pdf,244,244,banner,True,244,244,NATL SECURITY WORKING GRP-MAJ CO-CHAIR (INOUYE),,53,28,block_start
114sdoc4,GPO-CDOC-114sdoc4.pdf,245,245,banner,True,245,245,NATL SECURITY WORKING GRP-MAJ CO-CHAIR (MIKULSKI),,55,28,block_start
114sdoc4,GPO-CDOC-114sdoc4.pdf,246,246,banner,True,246,246,NATL SECURITY WORKING GRP-MAJ CO-CHAIR (MIKULSKI),,53,28,block_start
114sdoc4,GPO-CDOC-114sdoc4.pdf,247,247,banner,True,247,247,NATL SECURITY WORKING GRP-MIN CO-CHAIR (MIKULSKI),,53,28,block_start
114sdoc4,GPO-CDOC-114sdoc4.pdf,248,248,banner,True,248,248,NATL SECURITY WORKING GRP-DEM CO-CHAIR (MENENDEZ),,53,28,block_start
114sdoc4,GPO-CDOC-114sdoc4.pdf,249,249,banner,True,249,249,NATL SECURITY WORKING GRP-DEM CO-CHAIR (MENENDEZ),,53,28,block_start
114sdoc4,GPO-CDOC-114sdoc4.pdf,250,250,banner,True,250,250,NATL SECURITY WORKING GRP-DEM CO-CHAIR (MENENDEZ),,53,28,block_start
114sdoc4,GPO-CDOC-114sdoc4.pdf,251,251,banner,True,251,251,NATL SECURITY WORKING GRP-DEM CO-CHAIR (MENENDEZ),,53,28,block_start
114sdoc4,GPO-CDOC-114sdoc4.pdf,252,252,banner,True,252,252,NATL SECURITY WORKING GRP-MAJ LEADER (REID),,54,27,block_start
114sdoc4,GPO-CDOC-114sdoc4.pdf,253,253,banner,True,253,253,NATL SECURITY WORKING GRP-MAJ LEADER (REID),,54,27,block_start
114sdoc4,GPO-CDOC-114sdoc4.pdf,254,254,banner,True,254,254,NATL SECURITY WORKING GRP-MAJ LEADER (REID),,54,27,block_start
114sdoc4,GPO-CDOC-114sdoc4.pdf,255,255,banner,True,255,255,NATL SECURITY WORKING GRP-MIN LEADER (REID),,52,27,block_start
114sdoc4,GPO-CDOC-114sdoc4.pdf,256,256,banner,True,256,256,NATL SECURITY WORKING GRP-MIN ADM. CO-CHAIR (KYL),,55,28,block_start
114sdoc4,GPO-CDOC-114sdoc4.pdf,257,257,banner,True,257,257,NATL SECURITY WORKING GRP-MIN ADMIN CO-CHAIR (RUBIO),,55,28,block_start
114sdoc4,GPO-CDOC-114sdoc4.pdf,258,258,banner,True,258,258,NATL SECURITY WORKING GRP-MIN ADMIN CO-CHAIR (RUBIO),,55,28,block_start
114sdoc4,GPO-CDOC-114sdoc4.pdf,259,259,banner,True,259,259,NATL SECURITY WORKING GRP-MAJ ADMIN CO-CHAIR (RUBIO),,53,28,block_start
114sdoc4,GPO-CDOC-114sdoc4.pdf,260,260,banner,True,260,260,NATL SECURITY WORKING GRP-MIN CO-CHAIR (L. GRAHAM),,55,28,block_start
114sdoc4,GPO-CDOC-114sdoc4.pdf,261,261,banner,True,261,261,NATL SECURITY WORKING GRP-MIN CO-CHAIR (L. GRAHAM),,55,28,block_start
114sdoc4,GPO-CDOC-114sdoc4.pdf,262,262,banner,True,262,262,NATL SECURITY WORKING GRP-MIN CO-CHAIR (L. GRAHAM),,55,28,block_start
114sdoc4,GPO-CDOC-114sdoc4.pdf,263,263,banner,True,263,263,NATL SECURITY WORKING GRP-MAJ CO-CHAIR (L. GRAHAM),,53,28,block_start
114sdoc4,GPO-CDOC-114sdoc4.pdf,264,264,banner,True,264,264,NATL SECURITY WORKING GRP-MIN CO-CHAIR (COCHRAN),,55,28,block_start
114sdoc4,GPO-CDOC-114sdoc4.pdf,265,265,banner,True,265,265,NATL SECURITY WORKING GRP-MIN CO-CHAIR (COCHRAN),,55,28,block_start
114sdoc4,GPO-CDOC-114sdoc4.pdf,266,266,banner,True,266,266,NATL SECURITY WORKING GRP-MIN CO-CHAIR (COCHRAN),,55,28,block_start
114sdoc4,GPO-CDOC-114sdoc4.pdf,267,267,banner,True,267,267,NATL SECURITY WORKING GRP-MAJ CO-CHAIR (COCHRAN),,53,28,block_start
114sdoc4,GPO-CDOC-114sdoc4.pdf,268,268,banner,True,268,268,NATL SECURITY WORKING GRP-MAJ CO-CHAIR (SESSIONS),,53,28,block_start
114sdoc4,GPO-CDOC-114sdoc4.pdf,269,269,banner,True,269,269,NATL SECURITY WORKING GRP-MIN LEADER (MCCONNELL),,53,28,block_start
114sdoc4,GPO-CDOC-114sdoc4.pdf,270,270,banner,True,270,270,NATL SECURITY WORKING GRP-MIN LEADER (MCCONNELL),,53,28,block_start
114sdoc4,GPO-CDOC-114sdoc4.pdf,271,271,banner,True,271,271,NATL SECURITY WORKING GRP-MIN LEADER (MCCONNELL),,53,28,block_start
114sdoc4,GPO-CDOC-114sdoc4.pdf,272,272,banner,True,272,272,NATL SECURITY WORKING GRP-MAJ LEADER (MCCONNELL),,53,28,block_start
114sdoc4,GPO-CDOC-114sdoc4.pdf,273,273,banner,True,273,273,STATIONERY,,54,27,block_start
114sdoc4,GPO-CDOC-114sdoc4.pdf,274,274,banner,True,274,274,STATIONERY,,54,27,block_start
114sdoc4,GPO-CDOC-114sdoc4.pdf,275,275,banner,True,275,275,STATIONERY,,54,27,block_start
114sdoc4,GPO-CDOC-114sdoc4.pdf,276,276,banner,True,276,276,STATIONERY,,54,27,block_start
114sdoc4,GPO-CDOC-114sdoc4.pdf,277,277,banner,True,277,277,MISC ITEMS - STUDENT LOANS,,54,27,block_start
114sdoc4,GPO-CDOC-114sdoc4.pdf,278,278,banner,True,278,278,MISC ITEMS - STUDENT LOANS,,54,27,block_start
114sdoc4,GPO-CDOC-114sdoc4.pdf,279,279,banner,True,279,279,MISC ITEMS - STUDENT LOANS,,58,28,block_start
114sdoc4,GPO-CDOC-114sdoc4.pdf,280,280,banner,True,280,280,MISC ITEMS - STUDENT LOANS,,58,28,block_start
114sdoc4,GPO-CDOC-114sdoc4.pdf,281,281,banner,True,281,281,EMERGENCY APPROPRIATION PUBLIC LAW 109-13,,52,27,block_start
114sdoc4,GPO-CDOC-114sdoc4.pdf,282,282,banner,True,282,282,SECRETARY OF THE SENATE - ADMINISTRATIVE SERV.,2013,88,38,block_start
114sdoc4,GPO-CDOC-114sdoc4.pdf,283,283,banner,True,283,283,SECRETARY OF THE SENATE - EXECUTIVE OFFICE,2013,88,34,block_start
114sdoc4,GPO-CDOC-114sdoc4.pdf,284,284,banner,True,284,284,SECRETARY OF THE SENATE - LEGISLATIVE SERVICES,2013,60,29,block_start
114sdoc4,GPO-CDOC-114sdoc4.pdf,285,285,banner,True,285,285,SECRETARY OF THE SENATE - ADMINISTRATIVE SERV.,2014,221,57,block_start
114sdoc4,GPO-CDOC-114sdoc4.pdf,286,286,data,True,285,285,SECRETARY OF THE SENATE - ADMINISTRATIVE SERV.,2014,66,21,block_data
114sdoc4,GPO-CDOC-114sdoc4.pdf,287,287,banner,True,287,287,SECRETARY OF THE SENATE - EXECUTIVE OFFICE,2014,254,57,block_start
114sdoc4,GPO-CDOC-114sdoc4.pdf,288,288,data,True,287,287,SECRETARY OF THE SENATE - EXECUTIVE OFFICE,2014,62,19,block_data
114sdoc4,GPO-CDOC-114sdoc4.pdf,289,289,banner,True,289,289,SECRETARY OF THE SENATE - LEGISLATIVE SERVICES,2014,114,38,block_start
114sdoc4,GPO-CDOC-114sdoc4.pdf,290,290,banner,True,290,290,SECRETARY OF THE SENATE - ADMINISTRATIVE SERV.,2015,165,56,block_start
114sdoc4,GPO-CDOC-114sdoc4.pdf,291,291,data,True,290,290,SECRETARY OF THE SENATE - ADMINISTRATIVE SERV.,2015,312,60,block_data
114sdoc4,GPO-CDOC-114sdoc4.pdf,292,292,banner,True,292,292,SECRETARY OF THE SENATE - EXECUTIVE OFFICE,2015,269,58,block_start
114sdoc4,GPO-CDOC-114sdoc4.pdf,293,293,data,True,292,292,SECRETARY OF THE SENATE - EXECUTIVE OFFICE,2015,160,33,block_data
114sdoc4,GPO-CDOC-114sdoc4.pdf,294,294,banner,True,294,294,SECRETARY OF THE SENATE - LEGISLATIVE SERVICES,2015,81,32,block_start
114sdoc4,GPO-CDOC-114sdoc4.pdf,295,295,banner,True,295,295,SECRETARY OF THE SENATE - ADMINISTRATIVE SERV.,,57,28,block_start
114sdoc4,GPO-CDOC-114sdoc4.pdf,296,296,banner,True,296,296,SECRETARY OF THE SENATE - ADMINISTRATIVE SERV.,,54,27,block_start
114sdoc4,GPO-CDOC-114sdoc4.pdf,297,297,banner,True,297,297,SECRETARY OF THE SENATE - ADMINISTRATIVE SERV.,,54,27,block_start
114sdoc4,GPO-CDOC-114sdoc4.pdf,298,298,banner,True,298,298,SECRETARY OF THE SENATE - ADMINISTRATIVE SERV.,,54,27,block_start
114sdoc4,GPO-CDOC-114sdoc4.pdf,299,299,banner,True,299,299,SECRETARY OF THE SENATE - ADMINISTRATIVE SERV.,,54,27,block_start
114sdoc4,GPO-CDOC-114sdoc4.pdf,300,300,banner,True,300,300,SECRETARY OF THE SENATE - (LIS PROJECT),,78,32,block_start
114sdoc4,GPO-CDOC-114sdoc4.pdf,301,301,banner,True,301,301,SEC - EMRGCY APPROPS FOR TERR RESPONSE,,72,31,block_start
114sdoc4,GPO-CDOC-114sdoc4.pdf,302,302,banner,True,302,302,SEC OF THE SENATE - SENATE COLLECTION,,148,42,block_start
114sdoc4,GPO-CDOC-114sdoc4.pdf,303,303,banner,True,303,303,SGT @ ARMS - CENTRAL OPERATIONS,,73,31,block_start
114sdoc4,GPO-CDOC-114sdoc4.pdf,304,304,banner,True,304,304,SGT @ ARMS - CAPITOL DIVISION,,73,31,block_start
114sdoc4,GPO-CDOC-114sdoc4.pdf,305,305,banner,True,305,305,SGT @ ARMS - IT SUPPORT SERVICES,,96,35,block_start
114sdoc4,GPO-CDOC-114sdoc4.pdf,306,306,banner,True,306,306,SGT @ ARMS - STAFF OFFICES,,76,34,block_start
114sdoc4,GPO-CDOC-114sdoc4.pdf,307,307,banner,True,307,307,SGT @ ARMS - TECHNOLOGY DEVELOPMENT SERVICES,,73,31,block_start
114sdoc4,GPO-CDOC-114sdoc4.pdf,308,308,banner,True,308,308,SGT @ ARMS - CENTRAL OPERATIONS,,73,31,block_start
114sdoc4,GPO-CDOC-114sdoc4.pdf,309,309,banner,True,309,309,SGT @ ARMS - CAPITOL DIVISION,,170,47,block_start
114sdoc4,GPO-CDOC-114sdoc4.pdf,310,310,banner,True,310,310,SGT @ ARMS - IT SUPPORT SERVICES,,255,57,block_start
114sdoc4,GPO-CDOC-114sdoc4.pdf,311,311,data,True,310,310,SGT @ ARMS - IT SUPPORT SERVICES,,195,38,block_data
114sdoc4,GPO-CDOC-114sdoc4.pdf,312,312,banner,True,312,312,SGT @ ARMS - STAFF OFFICES,,80,36,block_start
114sdoc4,GPO-CDOC-114sdoc4.pdf,313,313,banner,True,313,313,SGT @ ARMS - TECHNOLOGY DEVELOPMENT SERVICES,,86,33,block_start
114sdoc4,GPO-CDOC-114sdoc4.pdf,314,314,banner,True,314,314,SGT @ ARMS - TECHNOLOGY DEVELOPMENT SERVICES,2014,53,27,block_start
114sdoc4,GPO-CDOC-114sdoc4.pdf,315,315,banner,True,315,315,SGT @ ARMS - CENTRAL OPERATIONS,,231,55,block_start
114sdoc4,GPO-CDOC-114sdoc4.pdf,316,316,banner,True,316,316,SGT @ ARMS - CAPITOL DIVISION,,255,57,block_start
114sdoc4,GPO-CDOC-114sdoc4.pdf,317,317,data,True,316,316,SGT @ ARMS - CAPITOL DIVISION,,25,13,block_data
114sdoc4,GPO-CDOC-114sdoc4.pdf,318,318,banner,True,318,318,SGT @ ARMS - IT SUPPORT SERVICES,,255,57,block_start
114sdoc4,GPO-CDOC-114sdoc4.pdf,319,319,data,True,318,318,SGT @ ARMS - IT SUPPORT SERVICES,,438,71,block_data
114sdoc4,GPO-CDOC-114sdoc4.pdf,320,320,data,True,318,318,SGT @ ARMS - IT SUPPORT SERVICES,,445,72,block_data
114sdoc4,GPO-CDOC-114sdoc4.pdf,321,321,data,True,318,318,SGT @ ARMS - IT SUPPORT SERVICES,,445,72,block_data
114sdoc4,GPO-CDOC-114sdoc4.pdf,322,322,data,True,318,318,SGT @ ARMS - IT SUPPORT SERVICES,,445,72,block_data
114sdoc4,GPO-CDOC-114sdoc4.pdf,323,323,data,True,318,318,SGT @ ARMS - IT SUPPORT SERVICES,,269,49,block_data
114sdoc4,GPO-CDOC-114sdoc4.pdf,324,324,banner,True,324,324,SGT @ ARMS - STAFF OFFICES,,193,52,block_start
114sdoc4,GPO-CDOC-114sdoc4.pdf,325,325,banner,True,325,325,SGT @ ARMS - TECHNOLOGY DEVELOPMENT SERVICES,,116,38,block_start
114sdoc4,GPO-CDOC-114sdoc4.pdf,326,326,banner,True,326,326,SGT @ ARMS - CENTRAL OPERATIONS,,89,34,block_start
114sdoc4,GPO-CDOC-114sdoc4.pdf,327,327,banner,True,327,327,SGT @ ARMS - CAPITOL DIVISION,,257,57,block_start
114sdoc4,GPO-CDOC-114sdoc4.pdf,328,328,data,True,327,327,SGT @ ARMS - CAPITOL DIVISION,,74,20,block_data
114sdoc4,GPO-CDOC-114sdoc4.pdf,329,329,banner,True,329,329,SGT @ ARMS - IT SUPPORT SERVICES,,255,57,block_start
114sdoc4,GPO-CDOC-114sdoc4.pdf,330,330,data,True,329,329,SGT @ ARMS - IT SUPPORT SERVICES,,438,71,block_data
114sdoc4,GPO-CDOC-114sdoc4.pdf,331,331,data,True,329,329,SGT @ ARMS - IT SUPPORT SERVICES,,450,72,block_data
114sdoc4,GPO-CDOC-114sdoc4.pdf,332,332,data,True,329,329,SGT @ ARMS - IT SUPPORT SERVICES,,425,72,block_data
114sdoc4,GPO-CDOC-114sdoc4.pdf,333,333,data,True,329,329,SGT @ ARMS - IT SUPPORT SERVICES,,450,72,block_data
114sdoc4,GPO-CDOC-114sdoc4.pdf,334,334,data,True,329,329,SGT @ ARMS - IT SUPPORT SERVICES,,445,72,block_data
114sdoc4,GPO-CDOC-114sdoc4.pdf,335,335,data,True,329,329,SGT @ ARMS - IT SUPPORT SERVICES,,445,72,block_data
114sdoc4,GPO-CDOC-114sdoc4.pdf,336,336,data,True,329,329,SGT @ ARMS - IT SUPPORT SERVICES,,450,72,block_data
114sdoc4,GPO-CDOC-114sdoc4.pdf,337,337,data,True,329,329,SGT @ ARMS - IT SUPPORT SERVICES,,445,72,block_data
114sdoc4,GPO-CDOC-114sdoc4.pdf,338,338,data,True,329,329,SGT @ ARMS - IT SUPPORT SERVICES,,450,72,block_data
114sdoc4,GPO-CDOC-114sdoc4.pdf,339,339,data,True,329,329,SGT @ ARMS - IT SUPPORT SERVICES,,450,72,block_data
114sdoc4,GPO-CDOC-114sdoc4.pdf,340,340,data,True,329,329,SGT @ ARMS - IT SUPPORT SERVICES,,158,32,block_data
114sdoc4,GPO-CDOC-114sdoc4.pdf,341,341,banner,True,341,341,SGT @ ARMS - STAFF OFFICES,,100,37,block_start
114sdoc4,GPO-CDOC-114sdoc4.pdf,342,342,banner,True,342,342,SGT @ ARMS - TECHNOLOGY DEVELOPMENT SERVICES,,145,42,block_start
114sdoc4,GPO-CDOC-114sdoc4.pdf,343,343,banner,True,343,343,SGT @ ARMS - CENTRAL OPERATIONS,,112,38,block_start
114sdoc4,GPO-CDOC-114sdoc4.pdf,344,344,banner,True,344,344,SGT @ ARMS - CAPITOL DIVISION,,257,57,block_start
114sdoc4,GPO-CDOC-114sdoc4.pdf,345,345,data,True,344,344,SGT @ ARMS - CAPITOL DIVISION,,349,59,block_data
114sdoc4,GPO-CDOC-114sdoc4.pdf,346,346,banner,True,346,346,SGT @ ARMS - IT SUPPORT SERVICES,,244,56,block_start
114sdoc4,GPO-CDOC-114sdoc4.pdf,347,347,data,True,346,346,SGT @ ARMS - IT SUPPORT SERVICES,,450,72,block_data
114sdoc4,GPO-CDOC-114sdoc4.pdf,348,348,data,True,346,346,SGT @ ARMS - IT SUPPORT SERVICES,,450,72,block_data
114sdoc4,GPO-CDOC-114sdoc4.pdf,349,349,data,True,346,346,SGT @ ARMS - IT SUPPORT SERVICES,,155,33,block_data
114sdoc4,GPO-CDOC-114sdoc4.pdf,350,350,banner,True,350,350,SGT @ ARMS - STAFF OFFICES,,201,53,block_start
114sdoc4,GPO-CDOC-114sdoc4.pdf,351,351,banner,True,351,351,SGT @ ARMS - TECHNOLOGY DEVELOPMENT SERVICES,,254,57,block_start
114sdoc4,GPO-CDOC-114sdoc4.pdf,352,352,data,True,351,351,SGT @ ARMS - TECHNOLOGY DEVELOPMENT SERVICES,,55,18,block_data
114sdoc4,GPO-CDOC-114sdoc4.pdf,353,353,banner,True,353,353,SGT @ ARMS - CENTRAL OPERATIONS,,155,54,block_start
114sdoc4,GPO-CDOC-114sdoc4.pdf,354,354,data,True,353,353,SGT @ ARMS - CENTRAL OPERATIONS,,337,67,block_data
114sdoc4,GPO-CDOC-114sdoc4.pdf,355,355,data,True,353,353,SGT @ ARMS - CENTRAL OPERATIONS,,440,72,block_data
114sdoc4,GPO-CDOC-114sdoc4.pdf,356,356,data,True,353,353,SGT @ ARMS - CENTRAL OPERATIONS,,428,71,block_data
114sdoc4,GPO-CDOC-114sdoc4.pdf,357,357,data,True,353,353,SGT @ ARMS - CENTRAL OPERATIONS,,293,51,block_data
114sdoc4,GPO-CDOC-114sdoc4.pdf,358,358,banner,True,358,358,SGT @ ARMS - CAPITOL DIVISION,,162,55,block_start
114sdoc4,GPO-CDOC-114sdoc4.pdf,359,359,data,True,358,358,SGT @ ARMS - CAPITOL DIVISION,,391,69,block_data
114sdoc4,GPO-CDOC-114sdoc4.pdf,360,360,data,True,358,358,SGT @ ARMS - CAPITOL DIVISION,,445,72,block_data
114sdoc4,GPO-CDOC-114sdoc4.pdf,361,361,data,True,358,358,SGT @ ARMS - CAPITOL DIVISION,,267,48,block_data
114sdoc4,GPO-CDOC-114sdoc4.pdf,362,362,banner,True,362,362,SGT @ ARMS - IT SUPPORT SERVICES,,217,56,block_start
114sdoc4,GPO-CDOC-114sdoc4.pdf,363,363,data,True,362,362,SGT @ ARMS - IT SUPPORT SERVICES,,445,72,block_data
114sdoc4,GPO-CDOC-114sdoc4.pdf,364,364,data,True,362,362,SGT @ ARMS - IT SUPPORT SERVICES,,438,71,block_data
114sdoc4,GPO-CDOC-114sdoc4.pdf,365,365,data,True,362,362,SGT @ ARMS - IT SUPPORT SERVICES,,435,72,block_data
114sdoc4,GPO-CDOC-114sdoc4.pdf,366,366,data,True,362,362,SGT @ ARMS - IT SUPPORT SERVICES,,450,72,block_data
114sdoc4,GPO-CDOC-114sdoc4.pdf,367,367,data,True,362,362,SGT @ ARMS - IT SUPPORT SERVICES,,445,72,block_data
114sdoc4,GPO-CDOC-114sdoc4.pdf,368,368,data,True,362,362,SGT @ ARMS - IT SUPPORT SERVICES,,193,36,block_data
114sdoc4,GPO-CDOC-114sdoc4.pdf,369,369,banner,True,369,369,SGT @ ARMS - STAFF OFFICES,,148,58,block_start
114sdoc4,GPO-CDOC-114sdoc4.pdf,370,370,data,True,369,369,SGT @ ARMS - STAFF OFFICES,,353,67,block_data
114sdoc4,GPO-CDOC-114sdoc4.pdf,371,371,data,True,369,369,SGT @ ARMS - STAFF OFFICES,,187,37,block_data
114sdoc4,GPO-CDOC-114sdoc4.pdf,372,372,banner,True,372,372,SGT @ ARMS - TECHNOLOGY DEVELOPMENT SERVICES,,156,56,block_start
114sdoc4,GPO-CDOC-114sdoc4.pdf,373,373,data,True,372,372,SGT @ ARMS - TECHNOLOGY DEVELOPMENT SERVICES,,298,70,block_data
114sdoc4,GPO-CDOC-114sdoc4.pdf,374,374,data,True,372,372,SGT @ ARMS - TECHNOLOGY DEVELOPMENT SERVICES,,445,72,block_data
114sdoc4,GPO-CDOC-114sdoc4.pdf,375,375,data,True,372,372,SGT @ ARMS - TECHNOLOGY DEVELOPMENT SERVICES,,428,71,block_data
114sdoc4,GPO-CDOC-114sdoc4.pdf,376,376,data,True,372,372,SGT @ ARMS - TECHNOLOGY DEVELOPMENT SERVICES,,351,60,block_data
114sdoc4,GPO-CDOC-114sdoc4.pdf,377,377,banner,True,377,377,SGT @ ARMS - CENTRAL OPERATIONS,,172,56,block_start
114sdoc4,GPO-CDOC-114sdoc4.pdf,378,378,data,True,377,377,SGT @ ARMS - CENTRAL OPERATIONS,,450,72,block_data
114sdoc4,GPO-CDOC-114sdoc4.pdf,379,379,data,True,377,377,SGT @ ARMS - CENTRAL OPERATIONS,,445,72,block_data
114sdoc4,GPO-CDOC-114sdoc4.pdf,380,380,data,True,377,377,SGT @ ARMS - CENTRAL OPERATIONS,,438,71,block_data
114sdoc4,GPO-CDOC-114sdoc4.pdf,381,381,data,True,377,377,SGT @ ARMS - CENTRAL OPERATIONS,,207,38,block_data
114sdoc4,GPO-CDOC-114sdoc4.pdf,382,382,banner,True,382,382,SGT @ ARMS - CAPITOL DIVISION,,161,56,block_start
114sdoc4,GPO-CDOC-114sdoc4.pdf,383,383,data,True,382,382,SGT @ ARMS - CAPITOL DIVISION,,216,68,block_data
114sdoc4,GPO-CDOC-114sdoc4.pdf,384,384,data,True,382,382,SGT @ ARMS - CAPITOL DIVISION,,311,68,block_data
114sdoc4,GPO-CDOC-114sdoc4.pdf,385,385,data,True,382,382,SGT @ ARMS - CAPITOL DIVISION,,450,72,block_data
114sdoc4,GPO-CDOC-114sdoc4.pdf,386,386,data,True,382,382,SGT @ ARMS - CAPITOL DIVISION,,300,52,block_data
114sdoc4,GPO-CDOC-114sdoc4.pdf,387,387,banner,True,387,387,SGT @ ARMS - IT SUPPORT SERVICES,,153,55,block_start
114sdoc4,GPO-CDOC-114sdoc4.pdf,388,388,data,True,387,387,SGT @ ARMS - IT SUPPORT SERVICES,,417,71,block_data
114sdoc4,GPO-CDOC-114sdoc4.pdf,389,389,data,True,387,387,SGT @ ARMS - IT SUPPORT SERVICES,,430,72,block_data
114sdoc4,GPO-CDOC-114sdoc4.pdf,390,390,data,True,387,387,SGT @ ARMS - IT SUPPORT SERVICES,,436,71,block_data
114sdoc4,GPO-CDOC-114sdoc4.pdf,391,391,data,True,387,387,SGT @ ARMS - IT SUPPORT SERVICES,,440,72,block_data
114sdoc4,GPO-CDOC-114sdoc4.pdf,392,392,data,True,387,387,SGT @ ARMS - IT SUPPORT SERVICES,,445,72,block_data
114sdoc4,GPO-CDOC-114sdoc4.pdf,393,393,data,True,387,387,SGT @ ARMS - IT SUPPORT SERVICES,,450,72,block_data
114sdoc4,GPO-CDOC-114sdoc4.pdf,394,394,data,True,387,387,SGT @ ARMS - IT SUPPORT SERVICES,,450,72,block_data
114sdoc4,GPO-CDOC-114sdoc4.pdf,395,395,data,True,387,387,SGT @ ARMS - IT SUPPORT SERVICES,,450,72,block_data
114sdoc4,GPO-CDOC-114sdoc4.pdf,396,396,data,True,387,387,SGT @ ARMS - IT SUPPORT SERVICES,,249,44,block_data
114sdoc4,GPO-CDOC-114sdoc4.pdf,397,397,banner,True,397,397,SGT @ ARMS - STAFF OFFICES,,148,53,block_start
114sdoc4,GPO-CDOC-114sdoc4.pdf,398,398,data,True,397,397,SGT @ ARMS - STAFF OFFICES,,403,71,block_data
114sdoc4,GPO-CDOC-114sdoc4.pdf,399,399,data,True,397,397,SGT @ ARMS - STAFF OFFICES,,331,60,block_data
114sdoc4,GPO-CDOC-114sdoc4.pdf,400,400,banner,True,400,400,SGT @ ARMS - TECHNOLOGY DEVELOPMENT SERVICES,,160,55,block_start
114sdoc4,GPO-CDOC-114sdoc4.pdf,401,401,data,True,400,400,SGT @ ARMS - TECHNOLOGY DEVELOPMENT SERVICES,,255,70,block_data
114sdoc4,GPO-CDOC-114sdoc4.pdf,402,402,data,True,400,400,SGT @ ARMS - TECHNOLOGY DEVELOPMENT SERVICES,,445,72,block_data
114sdoc4,GPO-CDOC-114sdoc4.pdf,403,403,data,True,400,400,SGT @ ARMS - TECHNOLOGY DEVELOPMENT SERVICES,,425,72,block_data
114sdoc4,GPO-CDOC-114sdoc4.pdf,404,404,data,True,400,400,SGT @ ARMS - TECHNOLOGY DEVELOPMENT SERVICES,,428,71,block_data
114sdoc4,GPO-CDOC-114sdoc4.pdf,405,405,data,True,400,400,SGT @ ARMS - TECHNOLOGY DEVELOPMENT SERVICES,,307,53,block_data
114sdoc4,GPO-CDOC-114sdoc4.pdf,406,406,banner,True,406,406,SAA - EMERG SUPP NO YEAR FUNDS,,210,52,block_start
114sdoc4,GPO-CDOC-114sdoc4.pdf,407,407,banner,True,407,407,SAA - RECORD STUDIO NO YEAR FUNDS,,58,28,block_start
114sdoc4,GPO-CDOC-114sdoc4.pdf,408,408,banner,True,408,408,SMI PROJECT,,58,28,block_start
114sdoc4,GPO-CDOC-114sdoc4.pdf,409,409,banner,True,409,409,CAUCUS - INTERNATIONAL NARCOTICS CONTROL,2013,70,30,block_start
114sdoc4,GPO-CDOC-114sdoc4.pdf,410,410,banner,True,410,410,CAUCUS - INTERNATIONAL NARCOTICS CONTROL,2014,71,31,block_start
114sdoc4,GPO-CDOC-114sdoc4.pdf,411,411,banner,True,411,411,CAUCUS - INTERNATIONAL NARCOTICS CONTROL,2015,131,50,block_start
114sdoc4,GPO-CDOC-114sdoc4.pdf,412,412,banner,True,412,412,SENATOR DANIEL K. AKAKA,2013,70,30,block_start
114sdoc4,GPO-CDOC-114sdoc4.pdf,413,413,banner,True,413,413,SENATOR LAMAR ALEXANDER,2013,73,31,block_start
114sdoc4,GPO-CDOC-114sdoc4.pdf,414,414,banner,True,414,414,SENATOR LAMAR ALEXANDER,2014,171,56,block_start
114sdoc4,GPO-CDOC-114sdoc4.pdf,415,415,data,True,414,414,SENATOR LAMAR ALEXANDER,2014,248,69,block_data
114sdoc4,GPO-CDOC-114sdoc4.pdf,416,416,data,True,414,414,SENATOR LAMAR ALEXANDER,2014,246,70,block_data
114sdoc4,GPO-CDOC-114sdoc4.pdf,417,417,data,True,414,414,SENATOR LAMAR ALEXANDER,2014,284,68,block_data
114sdoc4,GPO-CDOC-114sdoc4.pdf,418,418,data,True,414,414,SENATOR LAMAR ALEXANDER,2014,18,12,block_data
114sdoc4,GPO-CDOC-114sdoc4.pdf,419,419,banner,True,419,419,SENATOR LAMAR ALEXANDER,2015,154,58,block_start
114sdoc4,GPO-CDOC-114sdoc4.pdf,420,420,data,True,419,419,SENATOR LAMAR ALEXANDER,2015,224,69,block_data
114sdoc4,GPO-CDOC-114sdoc4.pdf,421,421,data,True,419,419,SENATOR LAMAR ALEXANDER,2015,250,70,block_data
114sdoc4,GPO-CDOC-114sdoc4.pdf,422,422,data,True,419,419,SENATOR LAMAR ALEXANDER,2015,232,70,block_data
114sdoc4,GPO-CDOC-114sdoc4.pdf,423,423,data,True,419,419,SENATOR LAMAR ALEXANDER,2015,220,69,block_data
114sdoc4,GPO-CDOC-114sdoc4.pdf,424,424,data,True,419,419,SENATOR LAMAR ALEXANDER,2015,228,70,block_data
114sdoc4,GPO-CDOC-114sdoc4.pdf,425,425,data,True,419,419,SENATOR LAMAR ALEXANDER,2015,244,69,block_data
114sdoc4,GPO-CDOC-114sdoc4.pdf,426,426,data,True,419,419,SENATOR LAMAR ALEXANDER,2015,188,43,block_data
114sdoc4,GPO-CDOC-114sdoc4.pdf,427,427,banner,True,427,427,SENATOR KELLY AYOTTE,2013,73,31,block_start
114sdoc4,GPO-CDOC-114sdoc4.pdf,428,428,banner,True,428,428,SENATOR KELLY AYOTTE,2014,164,55,block_start
114sdoc4,GPO-CDOC-114sdoc4.pdf,429,429,data,True,428,428,SENATOR KELLY AYOTTE,2014,248,69,block_data
114sdoc4,GPO-CDOC-114sdoc4.pdf,430,430,data,True,428,428,SENATOR KELLY AYOTTE,2014,244,70,block_data
114sdoc4,GPO-CDOC-114sdoc4.pdf,431,431,data,True,428,428,SENATOR KELLY AYOTTE,2014,248,69,block_data
114sdoc4,GPO-CDOC-114sdoc4.pdf,432,432,data,True,428,428,SENATOR KELLY AYOTTE,2014,216,56,block_data
114sdoc4,GPO-CDOC-114sdoc4.pdf,433,433,banner,True,433,433,SENATOR KELLY AYOTTE,2015,151,57,block_start
114sdoc4,GPO-CDOC-114sdoc4.pdf,434,434,data,True,433,433,SENATOR KELLY AYOTTE,2015,200,69,block_data
114sdoc4,GPO-CDOC-114sdoc4.pdf,435,435,data,True,433,433,SENATOR KELLY AYOTTE,2015,248,69,block_data
114sdoc4,GPO-CDOC-114sdoc4.pdf,436,436,data,True,433,433,SENATOR KELLY AYOTTE,2015,248,69,block_data
114sdoc4,GPO-CDOC-114sdoc4.pdf,437,437,data,True,433,433,SENATOR KELLY AYOTTE,2015,249,70,block_data
114sdoc4,GPO-CDOC-114sdoc4.pdf,438,438,data,True,433,433,SENATOR KELLY AYOTTE,2015,235,68,block_data
114sdoc4,GPO-CDOC-114sdoc4.pdf,439,439,data,True,433,433,SENATOR KELLY AYOTTE,2015,248,69,block_data
114sdoc4,GPO-CDOC-114sdoc4.pdf,440,440,data,True,433,433,SENATOR KELLY AYOTTE,2015,248,69,block_data
114sdoc4,GPO-CDOC-114sdoc4.pdf,441,441,data,True,433,433,SENATOR KELLY AYOTTE,2015,250,71,block_data
114sdoc4,GPO-CDOC-114sdoc4.pdf,442,442,data,True,433,433,SENATOR KELLY AYOTTE,2015,246,70,block_data
114sdoc4,GPO-CDOC-114sdoc4.pdf,443,443,data,True,433,433,SENATOR KELLY AYOTTE,2015,242,69,block_data
114sdoc4,GPO-CDOC-114sdoc4.pdf,444,444,data,True,433,433,SENATOR KELLY AYOTTE,2015,242,69,block_data
114sdoc4,GPO-CDOC-114sdoc4.pdf,445,445,data,True,433,433,SENATOR KELLY AYOTTE,2015,249,70,block_data
114sdoc4,GPO-CDOC-114sdoc4.pdf,446,446,data,True,433,433,SENATOR KELLY AYOTTE,2015,247,71,block_data
114sdoc4,GPO-CDOC-114sdoc4.pdf,447,447,data,True,433,433,SENATOR KELLY AYOTTE,2015,250,70,block_data
114sdoc4,GPO-CDOC-114sdoc4.pdf,448,448,data,True,433,433,SENATOR KELLY AYOTTE,2015,248,69,block_data
114sdoc4,GPO-CDOC-114sdoc4.pdf,449,449,data,True,433,433,SENATOR KELLY AYOTTE,2015,232,69,block_data
114sdoc4,GPO-CDOC-114sdoc4.pdf,450,450,data,True,433,433,SENATOR KELLY AYOTTE,2015,249,70,block_data
114sdoc4,GPO-CDOC-114sdoc4.pdf,451,451,data,True,433,433,SENATOR KELLY AYOTTE,2015,220,46,block_data
114sdoc4,GPO-CDOC-114sdoc4.pdf,452,452,banner,True,452,452,SENATOR TAMMY BALDWIN,2013,98,37,block_start
114sdoc4,GPO-CDOC-114sdoc4.pdf,453,453,banner,True,453,453,SENATOR TAMMY BALDWIN,2014,158,56,block_start
114sdoc4,GPO-CDOC-114sdoc4.pdf,454,454,data,True,453,453,SENATOR TAMMY BALDWIN,2014,230,70,block_data
114sdoc4,GPO-CDOC-114sdoc4.pdf,455,455,data,True,453,453,SENATOR TAMMY BALDWIN,2014,231,70,block_data
114sdoc4,GPO-CDOC-114sdoc4.pdf,456,456,data,True,453,453,SENATOR TAMMY BALDWIN,2014,211,68,block_data
114sdoc4,GPO-CDOC-114sdoc4.pdf,457,457,data,True,453,453,SENATOR TAMMY BALDWIN,2014,262,69,block_data
114sdoc4,GPO-CDOC-114sdoc4.pdf,458,458,data,True,453,453,SENATOR TAMMY BALDWIN,2014,213,41,block_data
114sdoc4,GPO-CDOC-114sdoc4.pdf,459,459,banner,True,459,459,SENATOR TAMMY BALDWIN,2015,151,57,block_start
114sdoc4,GPO-CDOC-114sdoc4.pdf,460,460,data,True,459,459,SENATOR TAMMY BALDWIN,2015,213,69,block_data
114sdoc4,GPO-CDOC-114sdoc4.pdf,461,461,data,True,459,459,SENATOR TAMMY BALDWIN,2015,214,69,block_data
114sdoc4,GPO-CDOC-114sdoc4.pdf,462,462,data,True,459,459,SENATOR TAMMY BALDWIN,2015,235,70,block_data
114sdoc4,GPO-CDOC-114sdoc4.pdf,463,463,data,True,459,459,SENATOR TAMMY BALDWIN,2015,224,69,block_data
114sdoc4,GPO-CDOC-114sdoc4.pdf,464,464,data,True,459,459,SENATOR TAMMY BALDWIN,2015,224,69,block_data
114sdoc4,GPO-CDOC-114sdoc4.pdf,465,465,data,True,459,459,SENATOR TAMMY BALDWIN,2015,205,66,block_data
114sdoc4,GPO-CDOC-114sdoc4.pdf,466,466,data,True,459,459,SENATOR TAMMY BALDWIN,2015,222,67,block_data
114sdoc4,GPO-CDOC-114sdoc4.pdf,467,467,data,True,459,459,SENATOR TAMMY BALDWIN,2015,237,70,block_data
114sdoc4,GPO-CDOC-114sdoc4.pdf,468,468,data,True,459,459,SENATOR TAMMY BALDWIN,2015,159,43,block_data
114sdoc4,GPO-CDOC-114sdoc4.pdf,469,469,banner,True,469,469,SENATOR JOHN BARRASSO,2013,73,31,block_start
114sdoc4,GPO-CDOC-114sdoc4.pdf,470,470,banner,True,470,470,SENATOR JOHN BARRASSO,2014,161,55,block_start
114sdoc4,GPO-CDOC-114sdoc4.pdf,471,471,data,True,470,470,SENATOR JOHN BARRASSO,2014,234,70,block_data
114sdoc4,GPO-CDOC-114sdoc4.pdf,472,472,data,True,470,470,SENATOR JOHN BARRASSO,2014,85,30,block_data
114sdoc4,GPO-CDOC-114sdoc4.pdf,473,473,banner,True,473,473,SENATOR JOHN BARRASSO,2015,151,57,block_start
114sdoc4,GPO-CDOC-114sdoc4.pdf,474,474,data,True,473,473,SENATOR JOHN BARRASSO,2015,204,67,block_data
114sdoc4,GPO-CDOC-114sdoc4.pdf,475,475,data,True,473,473,SENATOR JOHN BARRASSO,2015,229,70,block_data
114sdoc4,GPO-CDOC-114sdoc4.pdf,476,476,data,True,473,473,SENATOR JOHN BARRASSO,2015,222,68,block_data
114sdoc4,GPO-CDOC-114sdoc4.pdf,477,477,data,True,473,473,SENATOR JOHN BARRASSO,2015,222,67,block_data
114sdoc4,GPO-CDOC-114sdoc4.pdf,478,478,data,True,473,473,SENATOR JOHN BARRASSO,2015,232,70,block_data
114sdoc4,GPO-CDOC-114sdoc4.pdf,479,479,data,True,473,473,SENATOR JOHN BARRASSO,2015,211,68,block_data
114sdoc4,GPO-CDOC-114sdoc4.pdf,480,480,data,True,473,473,SENATOR JOHN BARRASSO,2015,224,70,block_data
114sdoc4,GPO-CDOC-114sdoc4.pdf,481,481,data,True,473,473,SENATOR JOHN BARRASSO,2015,227,46,block_data
114sdoc4,GPO-CDOC-114sdoc4.pdf,482,482,banner,True,482,482,SENATOR MAX BAUCUS,2013,73,31,block_start
114sdoc4,GPO-CDOC-114sdoc4.pdf,483,483,banner,True,483,483,SENATOR MAX BAUCUS,2014,70,30,block_start
114sdoc4,GPO-CDOC-114sdoc4.pdf,484,484,banner,True,484,484,SENATOR MARK BEGICH,2013,70,30,block_start
114sdoc4,GPO-CDOC-114sdoc4.pdf,485,485,banner,True,485,485,SENATOR MARK BEGICH,2014,164,55,block_start
114sdoc4,GPO-CDOC-114sdoc4.pdf,486,486,data,True,485,485,SENATOR MARK BEGICH,2014,166,50,block_data
114sdoc4,GPO-CDOC-114sdoc4.pdf,487,487,banner,True,487,487,SENATOR MARK BEGICH,2015,151,57,block_start
114sdoc4,GPO-CDOC-114sdoc4.pdf,488,488,data,True,487,487,SENATOR MARK BEGICH,2015,215,68,block_data
114sdoc4,GPO-CDOC-114sdoc4.pdf,489,489,data,True,487,487,SENATOR MARK BEGICH,2015,85,26,block_data
114sdoc4,GPO-CDOC-114sdoc4.pdf,490,490,banner,True,490,490,SENATOR MICHAEL BENNET,2013,73,31,block_start
114sdoc4,GPO-CDOC-114sdoc4.pdf,491,491,banner,True,491,491,SENATOR MICHAEL BENNET,2014,161,57,block_start
114sdoc4,GPO-CDOC-114sdoc4.pdf,492,492,data,True,491,491,SENATOR MICHAEL BENNET,2014,225,69,block_data
114sdoc4,GPO-CDOC-114sdoc4.pdf,493,493,data,True,491,491,SENATOR MICHAEL BENNET,2014,163,42,block_data
114sdoc4,GPO-CDOC-114sdoc4.pdf,494,494,banner,True,494,494,SENATOR MICHAEL BENNET,2015,151,57,block_start
114sdoc4,GPO-CDOC-114sdoc4.pdf,495,495,data,True,494,494,SENATOR MICHAEL BENNET,2015,219,69,block_data
114sdoc4,GPO-CDOC-114sdoc4.pdf,496,496,data,True,494,494,SENATOR MICHAEL BENNET,2015,247,70,block_data
114sdoc4,GPO-CDOC-114sdoc4.pdf,497,497,data,True,494,494,SENATOR MICHAEL BENNET,2015,221,66,block_data
114sdoc4,GPO-CDOC-114sdoc4.pdf,498,498,data,True,494,494,SENATOR MICHAEL BENNET,2015,235,68,block_data
114sdoc4,GPO-CDOC-114sdoc4.pdf,499,499,data,True,494,494,SENATOR MICHAEL BENNET,2015,215,69,block_data
114sdoc4,GPO-CDOC-114sdoc4.pdf,500,500,data,True,494,494,SENATOR MICHAEL BENNET,2015,224,69,block_data
114sdoc4,GPO-CDOC-114sdoc4.pdf,501,501,data,True,494,494,SENATOR MICHAEL BENNET,2015,244,69,block_data
114sdoc4,GPO-CDOC-114sdoc4.pdf,502,502,data,True,494,494,SENATOR MICHAEL BENNET,2015,77,24,block_data
114sdoc4,GPO-CDOC-114sdoc4.pdf,503,503,banner,True,503,503,SENATOR JEFF BINGAMAN,2013,70,30,block_start
114sdoc4,GPO-CDOC-114sdoc4.pdf,504,504,banner,True,504,504,SENATOR RICHARD BLUMENTHAL,2013,146,56,block_start
114sdoc4,GPO-CDOC-114sdoc4.pdf,505,505,data,True,504,504,SENATOR RICHARD BLUMENTHAL,2013,18,12,block_data
114sdoc4,GPO-CDOC-114sdoc4.pdf,506,506,banner,True,506,506,SENATOR RICHARD BLUMENTHAL,2014,151,56,block_start
114sdoc4,GPO-CDOC-114sdoc4.pdf,507,507,data,True,506,506,SENATOR RICHARD BLUMENTHAL,2014,213,69,block_data
114sdoc4,GPO-CDOC-114sdoc4.pdf,508,508,data,True,506,506,SENATOR RICHARD BLUMENTHAL,2014,169,39,block_data
114sdoc4,GPO-CDOC-114sdoc4.pdf,509,509,banner,True,509,509,SENATOR RICHARD BLUMENTHAL,2015,151,57,block_start
114sdoc4,GPO-CDOC-114sdoc4.pdf,510,510,data,True,509,509,SENATOR RICHARD BLUMENTHAL,2015,219,69,block_data
114sdoc4,GPO-CDOC-114sdoc4.pdf,511,511,data,True,509,509,SENATOR RICHARD BLUMENTHAL,2015,225,68,block_data
114sdoc4,GPO-CDOC-114sdoc4.pdf,512,512,data,True,509,509,SENATOR RICHARD BLUMENTHAL,2015,212,69,block_data
114sdoc4,GPO-CDOC-114sdoc4.pdf,513,513,data,True,509,509,SENATOR RICHARD BLUMENTHAL,2015,228,70,block_data
114sdoc4,GPO-CDOC-114sdoc4.pdf,514,514,data,True,509,509,SENATOR RICHARD BLUMENTHAL,2015,203,68,block_data
114sdoc4,GPO-CDOC-114sdoc4.pdf,515,515,data,True,509,509,SENATOR RICHARD BLUMENTHAL,2015,259,65,block_data
114sdoc4,GPO-CDOC-114sdoc4.pdf,516,516,data,True,509,509,SENATOR RICHARD BLUMENTHAL,2015,18,12,block_data
114sdoc4,GPO-CDOC-114sdoc4.pdf,517,517,banner,True,517,517,SENATOR ROY BLUNT,2013,83,34,block_start
114sdoc4,GPO-CDOC-114sdoc4.pdf,518,518,banner,True,518,518,SENATOR ROY BLUNT,2014,166,56,block_start
114sdoc4,GPO-CDOC-114sdoc4.pdf,519,519,data,True,518,518,SENATOR ROY BLUNT,2014,239,70,block_data
114sdoc4,GPO-CDOC-114sdoc4.pdf,520,520,data,True,518,518,SENATOR ROY BLUNT,2014,231,66,block_data
114sdoc4,GPO-CDOC-114sdoc4.pdf,521,521,data,True,518,518,SENATOR ROY BLUNT,2014,245,70,block_data
114sdoc4,GPO-CDOC-114sdoc4.pdf,522,522,data,True,518,518,SENATOR ROY BLUNT,2014,247,71,block_data
114sdoc4,GPO-CDOC-114sdoc4.pdf,523,523,data,True,518,518,SENATOR ROY BLUNT,2014,238,71,block_data
114sdoc4,GPO-CDOC-114sdoc4.pdf,524,524,data,True,518,518,SENATOR ROY BLUNT,2014,243,69,block_data
114sdoc4,GPO-CDOC-114sdoc4.pdf,525,525,data,True,518,518,SENATOR ROY BLUNT,2014,245,70,block_data
114sdoc4,GPO-CDOC-114sdoc4.pdf,526,526,data,True,518,518,SENATOR ROY BLUNT,2014,133,38,block_data
114sdoc4,GPO-CDOC-114sdoc4.pdf,527,527,banner,True,527,527,SENATOR ROY BLUNT,2015,151,57,block_start
114sdoc4,GPO-CDOC-114sdoc4.pdf,528,528,data,True,527,527,SENATOR ROY BLUNT,2015,216,69,block_data
114sdoc4,GPO-CDOC-114sdoc4.pdf,529,529,data,True,527,527,SENATOR ROY BLUNT,2015,240,70,block_data
114sdoc4,GPO-CDOC-114sdoc4.pdf,530,530,data,True,527,527,SENATOR ROY BLUNT,2015,243,70,block_data
114sdoc4,GPO-CDOC-114sdoc4.pdf,531,531,data,True,527,527,SENATOR ROY BLUNT,2015,249,70,block_data
114sdoc4,GPO-CDOC-114sdoc4.pdf,532,532,data,True,527,527,SENATOR ROY BLUNT,2015,243,70,block_data
114sdoc4,GPO-CDOC-114sdoc4.pdf,533,533,data,True,527,527,SENATOR ROY BLUNT,2015,234,68,block_data
114sdoc4,GPO-CDOC-114sdoc4.pdf,534,534,data,True,527,527,SENATOR ROY BLUNT,2015,244,69,block_data
114sdoc4,GPO-CDOC-114sdoc4.pdf,535,535,data,True,527,527,SENATOR ROY BLUNT,2015,248,69,block_data
114sdoc4,GPO-CDOC-114sdoc4.pdf,536,536,data,True,527,527,SENATOR ROY BLUNT,2015,243,70,block_data
114sdoc4,GPO-CDOC-114sdoc4.pdf,537,537,data,True,527,527,SENATOR ROY BLUNT,2015,249,70,block_data
114sdoc4,GPO-CDOC-114sdoc4.pdf,538,538,data,True,527,527,SENATOR ROY BLUNT,2015,245,70,block_data
114sdoc4,GPO-CDOC-114sdoc4.pdf,539,539,data,True,527,527,SENATOR ROY BLUNT,2015,241,70,block_data
114sdoc4,GPO-CDOC-114sdoc4.pdf,540,540,data,True,527,527,SENATOR ROY BLUNT,2015,248,69,block_data
114sdoc4,GPO-CDOC-114sdoc4.pdf,541,541,data,True,527,527,SENATOR ROY BLUNT,2015,243,69,block_data
114sdoc4,GPO-CDOC-114sdoc4.pdf,542,542,data,True,527,527,SENATOR ROY BLUNT,2015,247,70,block_data
114sdoc4,GPO-CDOC-114sdoc4.pdf,543,543,data,True,527,527,SENATOR ROY BLUNT,2015,236,70,block_data
114sdoc4,GPO-CDOC-114sdoc4.pdf,544,544,data,True,527,527,SENATOR ROY BLUNT,2015,243,69,block_data
114sdoc4,GPO-CDOC-114sdoc4.pdf,545,545,data,True,527,527,SENATOR ROY BLUNT,2015,243,69,block_data
114sdoc4,GPO-CDOC-114sdoc4.pdf,546,546,data,True,527,527,SENATOR ROY BLUNT,2015,171,43,block_data
114sdoc4,GPO-CDOC-114sdoc4.pdf,547,547,banner,True,547,547,SENATOR CORY BOOKER,2014,166,56,block_start
114sdoc4,GPO-CDOC-114sdoc4.pdf,548,548,data,True,547,547,SENATOR CORY BOOKER,2014,248,69,block_data
114sdoc4,GPO-CDOC-114sdoc4.pdf,549,549,data,True,547,547,SENATOR CORY BOOKER,2014,226,56,block_data
114sdoc4,GPO-CDOC-114sdoc4.pdf,550,550,banner,True,550,550,SENATOR CORY BOOKER,2015,154,58,block_start
114sdoc4,GPO-CDOC-114sdoc4.pdf,551,551,data,True,550,550,SENATOR CORY BOOKER,2015,215,68,block_data
114sdoc4,GPO-CDOC-114sdoc4.pdf,552,552,data,True,550,550,SENATOR CORY BOOKER,2015,246,70,block_data
114sdoc4,GPO-CDOC-114sdoc4.pdf,553,553,data,True,550,550,SENATOR CORY BOOKER,2015,239,70,block_data
114sdoc4,GPO-CDOC-114sdoc4.pdf,554,554,data,True,550,550,SENATOR CORY BOOKER,2015,246,70,block_data
114sdoc4,GPO-CDOC-114sdoc4.pdf,555,555,data,True,550,550,SENATOR CORY BOOKER,2015,245,70,block_data
114sdoc4,GPO-CDOC-114sdoc4.pdf,556,556,data,True,550,550,SENATOR CORY BOOKER,2015,164,50,block_data
114sdoc4,GPO-CDOC-114sdoc4.pdf,557,557,banner,True,557,557,SENATOR JOHN BOOZMAN,2013,70,30,block_start
114sdoc4,GPO-CDOC-114sdoc4.pdf,558,558,banner,True,558,558,SENATOR JOHN BOOZMAN,2014,161,57,block_start
114sdoc4,GPO-CDOC-114sdoc4.pdf,559,559,data,True,558,558,SENATOR JOHN BOOZMAN,2014,234,71,block_data
114sdoc4,GPO-CDOC-114sdoc4.pdf,560,560,data,True,558,558,SENATOR JOHN BOOZMAN,2014,206,68,block_data
114sdoc4,GPO-CDOC-114sdoc4.pdf,561,561,data,True,558,558,SENATOR JOHN BOOZMAN,2014,170,41,block_data
114sdoc4,GPO-CDOC-114sdoc4.pdf,562,562,banner,True,562,562,SENATOR JOHN BOOZMAN,2015,151,57,block_start
114sdoc4,GPO-CDOC-114sdoc4.pdf,563,563,data,True,562,562,SENATOR JOHN BOOZMAN,2015,223,65,block_data
114sdoc4,GPO-CDOC-114sdoc4.pdf,564,564,data,True,562,562,SENATOR JOHN BOOZMAN,2015,226,69,block_data
114sdoc4,GPO-CDOC-114sdoc4.pdf,565,565,data,True,562,562,SENATOR JOHN BOOZMAN,2015,238,71,block_data
114sdoc4,GPO-CDOC-114sdoc4.pdf,566,566,data,True,562,562,SENATOR JOHN BOOZMAN,2015,217,69,block_data
114sdoc4,GPO-CDOC-114sdoc4.pdf,567,567,data,True,562,562,SENATOR JOHN BOOZMAN,2015,228,70,block_data
114sdoc4,GPO-CDOC-114sdoc4.pdf,568,568,data,True,562,562,SENATOR JOHN BOOZMAN,2015,232,69,block_data
114sdoc4,GPO-CDOC-114sdoc4.pdf,569,569,data,True,562,562,SENATOR JOHN BOOZMAN,2015,234,70,block_data
114sdoc4,GPO-CDOC-114sdoc4.pdf,570,570,data,True,562,562,SENATOR JOHN BOOZMAN,2015,223,70,block_data
114sdoc4,GPO-CDOC-114sdoc4.pdf,571,571,data,True,562,562,SENATOR JOHN BOOZMAN,2015,224,70,block_data
114sdoc4,GPO-CDOC-114sdoc4.pdf,572,572,data,True,562,562,SENATOR JOHN BOOZMAN,2015,240,71,block_data
114sdoc4,GPO-CDOC-114sdoc4.pdf,573,573,data,True,562,562,SENATOR JOHN BOOZMAN,2015,215,68,block_data
114sdoc4,GPO-CDOC-114sdoc4.pdf,574,574,data,True,562,562,SENATOR JOHN BOOZMAN,2015,234,70,block_data
114sdoc4,GPO-CDOC-114sdoc4.pdf,575,575,data,True,562,562,SENATOR JOHN BOOZMAN,2015,234,70,block_data
114sdoc4,GPO-CDOC-114sdoc4.pdf,576,576,data,True,562,562,SENATOR JOHN BOOZMAN,2015,234,70,block_data
114sdoc4,GPO-CDOC-114sdoc4.pdf,577,577,data,True,562,562,SENATOR JOHN BOOZMAN,2015,230,69,block_data
114sdoc4,GPO-CDOC-114sdoc4.pdf,578,578,data,True,562,562,SENATOR JOHN BOOZMAN,2015,224,69,block_data
114sdoc4,GPO-CDOC-114sdoc4.pdf,579,579,data,True,562,562,SENATOR JOHN BOOZMAN,2015,345,69,block_data
114sdoc4,GPO-CDOC-114sdoc4.pdf,580,580,data,True,562,562,SENATOR JOHN BOOZMAN,2015,33,17,block_data
114sdoc4,GPO-CDOC-114sdoc4.pdf,581,581,banner,True,581,581,SENATOR BARBARA BOXER,2013,73,31,block_start
114sdoc4,GPO-CDOC-114sdoc4.pdf,582,582,banner,True,582,582,SENATOR BARBARA BOXER,2014,141,54,block_start
114sdoc4,GPO-CDOC-114sdoc4.pdf,583,583,data,True,582,582,SENATOR BARBARA BOXER,2014,209,68,block_data
114sdoc4,GPO-CDOC-114sdoc4.pdf,584,584,data,True,582,582,SENATOR BARBARA BOXER,2014,219,68,block_data
114sdoc4,GPO-CDOC-114sdoc4.pdf,585,585,data,True,582,582,SENATOR BARBARA BOXER,2014,47,19,block_data
114sdoc4,GPO-CDOC-114sdoc4.pdf,586,586,banner,True,586,586,SENATOR BARBARA BOXER,2015,151,57,block_start
114sdoc4,GPO-CDOC-114sdoc4.pdf,587,587,data,True,586,586,SENATOR BARBARA BOXER,2015,195,67,block_data
114sdoc4,GPO-CDOC-114sdoc4.pdf,588,588,data,True,586,586,SENATOR BARBARA BOXER,2015,195,67,block_data
114sdoc4,GPO-CDOC-114sdoc4.pdf,589,589,data,True,586,586,SENATOR BARBARA BOXER,2015,208,68,block_data
114sdoc4,GPO-CDOC-114sdoc4.pdf,590,590,data,True,586,586,SENATOR BARBARA BOXER,2015,214,70,block_data
114sdoc4,GPO-CDOC-114sdoc4.pdf,591,591,data,True,586,586,SENATOR BARBARA BOXER,2015,216,68,block_data
114sdoc4,GPO-CDOC-114sdoc4.pdf,592,592,data,True,586,586,SENATOR BARBARA BOXER,2015,203,67,block_data
114sdoc4,GPO-CDOC-114sdoc4.pdf,593,593,data,True,586,586,SENATOR BARBARA BOXER,2015,209,68,block_data
114sdoc4,GPO-CDOC-114sdoc4.pdf,594,594,data,True,586,586,SENATOR BARBARA BOXER,2015,201,68,block_data
114sdoc4,GPO-CDOC-114sdoc4.pdf,595,595,data,True,586,586,SENATOR BARBARA BOXER,2015,206,69,block_data
114sdoc4,GPO-CDOC-114sdoc4.pdf,596,596,data,True,586,586,SENATOR BARBARA BOXER,2015,204,55,block_data
114sdoc4,GPO-CDOC-114sdoc4.pdf,597,597,banner,True,597,597,SENATOR SCOTT P. BROWN,2013,70,30,block_start
114sdoc4,GPO-CDOC-114sdoc4.pdf,598,598,banner,True,598,598,SENATOR SHERROD BROWN,2013,73,31,block_start
114sdoc4,GPO-CDOC-114sdoc4.pdf,599,599,banner,True,599,599,SENATOR SHERROD BROWN,2014,171,56,block_start
114sdoc4,GPO-CDOC-114sdoc4.pdf,600,600,data,True,599,599,SENATOR SHERROD BROWN,2014,228,69,block_data
114sdoc4,GPO-CDOC-114sdoc4.pdf,601,601,data,True,599,599,SENATOR SHERROD BROWN,2014,222,69,block_data
114sdoc4,GPO-CDOC-114sdoc4.pdf,602,602,data,True,599,599,SENATOR SHERROD BROWN,2014,236,68,block_data
114sdoc4,GPO-CDOC-114sdoc4.pdf,603,603,data,True,599,599,SENATOR SHERROD BROWN,2014,230,69,block_data
114sdoc4,GPO-CDOC-114sdoc4.pdf,604,604,data,True,599,599,SENATOR SHERROD BROWN,2014,248,66,block_data
114sdoc4,GPO-CDOC-114sdoc4.pdf,605,605,banner,True,605,605,SENATOR SHERROD BROWN,2015,151,57,block_start
114sdoc4,GPO-CDOC-114sdoc4.pdf,606,606,data,True,605,605,SENATOR SHERROD BROWN,2015,206,67,block_data
114sdoc4,GPO-CDOC-114sdoc4.pdf,607,607,data,True,605,605,SENATOR SHERROD BROWN,2015,233,69,block_data
114sdoc4,GPO-CDOC-114sdoc4.pdf,608,608,data,True,605,605,SENATOR SHERROD BROWN,2015,244,70,block_data
114sdoc4,GPO-CDOC-114sdoc4.pdf,609,609,data,True,605,605,SENATOR SHERROD BROWN,2015,236,71,block_data
114sdoc4,GPO-CDOC-114sdoc4.pdf,610,610,data,True,605,605,SENATOR SHERROD BROWN,2015,240,69,block_data
114sdoc4,GPO-CDOC-114sdoc4.pdf,611,611,data,True,605,605,SENATOR SHERROD BROWN,2015,224,69,block_data
114sdoc4,GPO-CDOC-114sdoc4.pdf,612,612,data,True,605,605,SENATOR SHERROD BROWN,2015,225,69,block_data
114sdoc4,GPO-CDOC-114sdoc4.pdf,613,613,data,True,605,605,SENATOR SHERROD BROWN,2015,241,69,block_data
114sdoc4,GPO-CDOC-114sdoc4.pdf,614,614,data,True,605,605,SENATOR SHERROD BROWN,2015,244,70,block_data
114sdoc4,GPO-CDOC-114sdoc4.pdf,615,615,data,True,605,605,SENATOR SHERROD BROWN,2015,248,69,block_data
114sdoc4,GPO-CDOC-114sdoc4.pdf,616,616,data,True,605,605,SENATOR SHERROD BROWN,2015,248,69,block_data
114sdoc4,GPO-CDOC-114sdoc4.pdf,617,617,data,True,605,605,SENATOR SHERROD BROWN,2015,246,70,block_data
114sdoc4,GPO-CDOC-114sdoc4.pdf,618,618,data,True,605,605,SENATOR SHERROD BROWN,2015,230,70,block_data
114sdoc4,GPO-CDOC-114sdoc4.pdf,619,619,data,True,605,605,SENATOR SHERROD BROWN,2015,235,71,block_data
114sdoc4,GPO-CDOC-114sdoc4.pdf,620,620,data,True,605,605,SENATOR SHERROD BROWN,2015,240,70,block_data
114sdoc4,GPO-CDOC-114sdoc4.pdf,621,621,data,True,605,605,SENATOR SHERROD BROWN,2015,232,70,block_data
114sdoc4,GPO-CDOC-114sdoc4.pdf,622,622,data,True,605,605,SENATOR SHERROD BROWN,2015,216,53,block_data
114sdoc4,GPO-CDOC-114sdoc4.pdf,623,623,banner,True,623,623,SENATOR RICHARD BURR,2013,73,31,block_start
114sdoc4,GPO-CDOC-114sdoc4.pdf,624,624,banner,True,624,624,SENATOR RICHARD BURR,2014,132,54,block_start
114sdoc4,GPO-CDOC-114sdoc4.pdf,625,625,data,True,624,624,SENATOR RICHARD BURR,2014,200,68,block_data
114sdoc4,GPO-CDOC-114sdoc4.pdf,626,626,data,True,624,624,SENATOR RICHARD BURR,2014,200,69,block_data
114sdoc4,GPO-CDOC-114sdoc4.pdf,627,627,data,True,624,624,SENATOR RICHARD BURR,2014,22,14,block_data
114sdoc4,GPO-CDOC-114sdoc4.pdf,628,628,banner,True,628,628,SENATOR RICHARD BURR,2015,149,57,block_start
114sdoc4,GPO-CDOC-114sdoc4.pdf,629,629,data,True,628,628,SENATOR RICHARD BURR,2015,194,70,block_data
114sdoc4,GPO-CDOC-114sdoc4.pdf,630,630,data,True,628,628,SENATOR RICHARD BURR,2015,193,67,block_data
114sdoc4,GPO-CDOC-114sdoc4.pdf,631,631,data,True,628,628,SENATOR RICHARD BURR,2015,189,67,block_data
114sdoc4,GPO-CDOC-114sdoc4.pdf,632,632,data,True,628,628,SENATOR RICHARD BURR,2015,201,68,block_data
114sdoc4,GPO-CDOC-114sdoc4.pdf,633,633,data,True,628,628,SENATOR RICHARD BURR,2015,178,66,block_data
114sdoc4,GPO-CDOC-114sdoc4.pdf,634,634,data,True,628,628,SENATOR RICHARD BURR,2015,193,67,block_data
114sdoc4,GPO-CDOC-114sdoc4.pdf,635,635,data,True,628,628,SENATOR RICHARD BURR,2015,114,34,block_data
114sdoc4,GPO-CDOC-114sdoc4.pdf,636,636,banner,True,636,636,SENATOR MARIA CANTWELL,2013,73,31,block_start
114sdoc4,GPO-CDOC-114sdoc4.pdf,637,637,banner,True,637,637,SENATOR MARIA CANTWELL,2014,167,56,block_start
114sdoc4,GPO-CDOC-114sdoc4.pdf,638,638,data,True,637,637,SENATOR MARIA CANTWELL,2014,228,69,block_data
114sdoc4,GPO-CDOC-114sdoc4.pdf,639,639,data,True,637,637,SENATOR MARIA CANTWELL,2014,234,70,block_data
114sdoc4,GPO-CDOC-114sdoc4.pdf,640,640,data,True,637,637,SENATOR MARIA CANTWELL,2014,227,69,block_data
114sdoc4,GPO-CDOC-114sdoc4.pdf,641,641,data,True,637,637,SENATOR MARIA CANTWELL,2014,262,68,block_data
114sdoc4,GPO-CDOC-114sdoc4.pdf,642,642,banner,True,642,642,SENATOR MARIA CANTWELL,2015,151,57,block_start
114sdoc4,GPO-CDOC-114sdoc4.pdf,643,643,data,True,642,642,SENATOR MARIA CANTWELL,2015,212,69,block_data
114sdoc4,GPO-CDOC-114sdoc4.pdf,644,644,data,True,642,642,SENATOR MARIA CANTWELL,2015,240,71,block_data
114sdoc4,GPO-CDOC-114sdoc4.pdf,645,645,data,True,642,642,SENATOR MARIA CANTWELL,2015,244,71,block_data
114sdoc4,GPO-CDOC-114sdoc4.pdf,646,646,data,True,642,642,SENATOR MARIA CANTWELL,2015,238,70,block_data
114sdoc4,GPO-CDOC-114sdoc4.pdf,647,647,data,True,642,642,SENATOR MARIA CANTWELL,2015,246,70,block_data
114sdoc4,GPO-CDOC-114sdoc4.pdf,648,648,data,True,642,642,SENATOR MARIA CANTWELL,2015,244,71,block_data
114sdoc4,GPO-CDOC-114sdoc4.pdf,649,649,data,True,642,642,SENATOR MARIA CANTWELL,2015,236,71,block_data
114sdoc4,GPO-CDOC-114sdoc4.pdf,650,650,data,True,642,642,SENATOR MARIA CANTWELL,2015,244,70,block_data
114sdoc4,GPO-CDOC-114sdoc4.pdf,651,651,data,True,642,642,SENATOR MARIA CANTWELL,2015,240,69,block_data
114sdoc4,GPO-CDOC-114sdoc4.pdf,652,652,data,True,642,642,SENATOR MARIA CANTWELL,2015,231,70,block_data
114sdoc4,GPO-CDOC-114sdoc4.pdf,653,653,data,True,642,642,SENATOR MARIA CANTWELL,2015,258,69,block_data
114sdoc4,GPO-CDOC-114sdoc4.pdf,654,654,data,True,642,642,SENATOR MARIA CANTWELL,2015,51,21,block_data
114sdoc4,GPO-CDOC-114sdoc4.pdf,655,655,banner,True,655,655,SENATOR SHELLEY MOORE CAPITO,2015,151,57,block_start
114sdoc4,GPO-CDOC-114sdoc4.pdf,656,656,data,True,655,655,SENATOR SHELLEY MOORE CAPITO,2015,233,64,block_data
114sdoc4,GPO-CDOC-114sdoc4.pdf,657,657,data,True,655,655,SENATOR SHELLEY MOORE CAPITO,2015,229,69,block_data
114sdoc4,GPO-CDOC-114sdoc4.pdf,658,658,data,True,655,655,SENATOR SHELLEY MOORE CAPITO,2015,91,31,block_data
114sdoc4,GPO-CDOC-114sdoc4.pdf,659,659,banner,True,659,659,SENATOR BENJAMIN L CARDIN,2013,73,31,block_start
114sdoc4,GPO-CDOC-114sdoc4.pdf,660,660,banner,True,660,660,SENATOR BENJAMIN L CARDIN,2014,144,54,block_start
114sdoc4,GPO-CDOC-114sdoc4.pdf,661,661,data,True,660,660,SENATOR BENJAMIN L CARDIN,2014,217,67,block_data
114sdoc4,GPO-CDOC-114sdoc4.pdf,662,662,data,True,660,660,SENATOR BENJAMIN L CARDIN,2014,43,17,block_data
114sdoc4,GPO-CDOC-114sdoc4.pdf,663,663,banner,True,663,663,SENATOR BENJAMIN L CARDIN,2015,151,57,block_start
114sdoc4,GPO-CDOC-114sdoc4.pdf,664,664,data,True,663,663,SENATOR BENJAMIN L CARDIN,2015,190,66,block_data
114sdoc4,GPO-CDOC-114sdoc4.pdf,665,665,data,True,663,663,SENATOR BENJAMIN L CARDIN,2015,198,69,block_data
114sdoc4,GPO-CDOC-114sdoc4.pdf,666,666,data,True,663,663,SENATOR BENJAMIN L CARDIN,2015,211,68,block_data
114sdoc4,GPO-CDOC-114sdoc4.pdf,667,667,data,True,663,663,SENATOR BENJAMIN L CARDIN,2015,61,21,block_data
114sdoc4,GPO-CDOC-114sdoc4.pdf,668,668,banner,True,668,668,SENATOR THOMAS R. CARPER,2013,73,31,block_start
114sdoc4,GPO-CDOC-114sdoc4.pdf,669,669,banner,True,669,669,SENATOR THOMAS R. CARPER,2014,165,56,block_start
114sdoc4,GPO-CDOC-114sdoc4.pdf,670,670,data,True,669,669,SENATOR THOMAS R. CARPER,2014,239,71,block_data
114sdoc4,GPO-CDOC-114sdoc4.pdf,671,671,data,True,669,669,SENATOR THOMAS R. CARPER,2014,258,69,block_data
114sdoc4,GPO-CDOC-114sdoc4.pdf,672,672,data,True,669,669,SENATOR THOMAS R. CARPER,2014,73,22,block_data
114sdoc4,GPO-CDOC-114sdoc4.pdf,673,673,banner,True,673,673,SENATOR THOMAS R. CARPER,2015,151,57,block_start
114sdoc4,GPO-CDOC-114sdoc4.pdf,674,674,data,True,673,673,SENATOR THOMAS R. CARPER,2015,221,67,block_data
114sdoc4,GPO-CDOC-114sdoc4.pdf,675,675,data,True,673,673,SENATOR THOMAS R. CARPER,2015,234,70,block_data
114sdoc4,GPO-CDOC-114sdoc4.pdf,676,676,data,True,673,673,SENATOR THOMAS R. CARPER,2015,245,70,block_data
114sdoc4,GPO-CDOC-114sdoc4.pdf,677,677,data,True,673,673,SENATOR THOMAS R. CARPER,2015,237,70,block_data
114sdoc4,GPO-CDOC-114sdoc4.pdf,678,678,data,True,673,673,SENATOR THOMAS R. CARPER,2015,230,69,block_data
114sdoc4,GPO-CDOC-114sdoc4.pdf,679,679,data,True,673,673,SENATOR THOMAS R. CARPER,2015,244,71,block_data
114sdoc4,GPO-CDOC-114sdoc4.pdf,680,680,data,True,673,673,SENATOR THOMAS R. CARPER,2015,236,70,block_data
114sdoc4,GPO-CDOC-114sdoc4.pdf,681,681,data,True,673,673,SENATOR THOMAS R. CARPER,2015,144,42,block_data
114sdoc4,GPO-CDOC-114sdoc4.pdf,682,682,banner,True,682,682,"SENATOR ROBERT CASEY, JR.",2013,73,31,block_start
114sdoc4,GPO-CDOC-114sdoc4.pdf,683,683,banner,True,683,683,"SENATOR ROBERT CASEY, JR.",2014,169,55,block_start
114sdoc4,GPO-CDOC-114sdoc4.pdf,684,684,data,True,683,683,"SENATOR ROBERT CASEY, JR.",2014,232,69,block_data
114sdoc4,GPO-CDOC-114sdoc4.pdf,685,685,data,True,683,683,"SENATOR ROBERT CASEY, JR.",2014,230,69,block_data
114sdoc4,GPO-CDOC-114sdoc4.pdf,686,686,data,True,683,683,"SENATOR ROBERT CASEY, JR.",2014,232,70,block_data
114sdoc4,GPO-CDOC-114sdoc4.pdf,687,687,data,True,683,683,"SENATOR ROBERT CASEY, JR.",2014,243,69,block_data
114sdoc4,GPO-CDOC-114sdoc4.pdf,688,688,data,True,683,683,"SENATOR ROBERT CASEY, JR.",2014,232,67,block_data
114sdoc4,GPO-CDOC-114sdoc4.pdf,689,689,data,True,683,683,"SENATOR ROBERT CASEY, JR.",2014,176,47,block_data
114sdoc4,GPO-CDOC-114sdoc4.pdf,690,690,banner,True,690,690,"SENATOR ROBERT CASEY, JR.",2015,154,58,block_start
114sdoc4,GPO-CDOC-114sdoc4.pdf,691,691,data,True,690,690,"SENATOR ROBERT CASEY, JR.",2015,216,68,block_data
114sdoc4,GPO-CDOC-114sdoc4.pdf,692,692,data,True,690,690,"SENATOR ROBERT CASEY, JR.",2015,227,69,block_data
114sdoc4,GPO-CDOC-114sdoc4.pdf,693,693,data,True,690,690,"SENATOR ROBERT CASEY, JR.",2015,244,69,block_data
114sdoc4,GPO-CDOC-114sdoc4.pdf,694,694,data,True,690,690,"SENATOR ROBERT CASEY, JR.",2015,233,69,block_data
114sdoc4,GPO-CDOC-114sdoc4.pdf,695,695,data,True,690,690,"SENATOR ROBERT CASEY, JR.",2015,247,71,block_data
114sdoc4,GPO-CDOC-114sdoc4.pdf,696,696,data,True,690,690,"SENATOR ROBERT CASEY, JR.",2015,244,69,block_data
114sdoc4,GPO-CDOC-114sdoc4.pdf,697,697,data,True,690,690,"SENATOR ROBERT CASEY, JR.",2015,241,70,block_data
114sdoc4,GPO-CDOC-114sdoc4.pdf,698,698,data,True,690,690,"SENATOR ROBERT CASEY, JR.",2015,221,69,block_data
114sdoc4,GPO-CDOC-114sdoc4.pdf,699,699,data,True,690,690,"SENATOR ROBERT CASEY, JR.",2015,201,55,block_data
114sdoc4,GPO-CDOC-114sdoc4.pdf,700,700,banner,True,700,700,SENATOR BILL CASSIDY,2015,151,57,block_start
114sdoc4,GPO-CDOC-114sdoc4.pdf,701,701,data,True,700,700,SENATOR BILL CASSIDY,2015,228,65,block_data
114sdoc4,GPO-CDOC-114sdoc4.pdf,702,702,data,True,700,700,SENATOR BILL CASSIDY,2015,237,69,block_data
114sdoc4,GPO-CDOC-114sdoc4.pdf,703,703,data,True,700,700,SENATOR BILL CASSIDY,2015,143,44,block_data
114sdoc4,GPO-CDOC-114sdoc4.pdf,704,704,banner,True,704,704,SENATOR SAXBY CHAMBLISS,2013,70,30,block_start
114sdoc4,GPO-CDOC-114sdoc4.pdf,705,705,banner,True,705,705,SENATOR SAXBY CHAMBLISS,2014,155,56,block_start
114sdoc4,GPO-CDOC-114sdoc4.pdf,706,706,data,True,705,705,SENATOR SAXBY CHAMBLISS,2014,246,70,block_data
114sdoc4,GPO-CDOC-114sdoc4.pdf,707,707,data,True,705,705,SENATOR SAXBY CHAMBLISS,2014,240,69,block_data
114sdoc4,GPO-CDOC-114sdoc4.pdf,708,708,data,True,705,705,SENATOR SAXBY CHAMBLISS,2014,244,69,block_data
114sdoc4,GPO-CDOC-114sdoc4.pdf,709,709,data,True,705,705,SENATOR SAXBY CHAMBLISS,2014,95,31,block_data
114sdoc4,GPO-CDOC-114sdoc4.pdf,710,710,banner,True,710,710,SENATOR SAXBY CHAMBLISS,2015,151,57,block_start
114sdoc4,GPO-CDOC-114sdoc4.pdf,711,711,data,True,710,710,SENATOR SAXBY CHAMBLISS,2015,216,64,block_data
114sdoc4,GPO-CDOC-114sdoc4.pdf,712,712,data,True,710,710,SENATOR SAXBY CHAMBLISS,2015,244,71,block_data
114sdoc4,GPO-CDOC-114sdoc4.pdf,713,713,data,True,710,710,SENATOR SAXBY CHAMBLISS,2015,240,69,block_data
114sdoc4,GPO-CDOC-114sdoc4.pdf,714,714,data,True,710,710,SENATOR SAXBY CHAMBLISS,2015,225,70,block_data
114sdoc4,GPO-CDOC-114sdoc4.pdf,715,715,data,True,710,710,SENATOR SAXBY CHAMBLISS,2015,246,71,block_data
114sdoc4,GPO-CDOC-114sdoc4.pdf,716,716,data,True,710,710,SENATOR SAXBY CHAMBLISS,2015,231,69,block_data
114sdoc4,GPO-CDOC-114sdoc4.pdf,717,717,data,True,710,710,SENATOR SAXBY CHAMBLISS,2015,236,70,block_data
114sdoc4,GPO-CDOC-114sdoc4.pdf,718,718,data,True,710,710,SENATOR SAXBY CHAMBLISS,2015,245,69,block_data
114sdoc4,GPO-CDOC-114sdoc4.pdf,719,719,banner,True,719,719,SENATOR JEFFREY CHIESA,2013,67,29,block_start
114sdoc4,GPO-CDOC-114sdoc4.pdf,720,720,banner,True,720,720,SENATOR JEFFREY CHIESA,2014,67,29,block_start
114sdoc4,GPO-CDOC-114sdoc4.pdf,721,721,banner,True,721,721,SENATOR DANIEL R. COATS,2013,73,31,block_start
114sdoc4,GPO-CDOC-114sdoc4.pdf,722,722,banner,True,722,722,SENATOR DANIEL R. COATS,2014,159,56,block_start
114sdoc4,GPO-CDOC-114sdoc4.pdf,723,723,data,True,722,722,SENATOR DANIEL R. COATS,2014,229,70,block_data
114sdoc4,GPO-CDOC-114sdoc4.pdf,724,724,data,True,722,722,SENATOR DANIEL R. COATS,2014,232,70,block_data
114sdoc4,GPO-CDOC-114sdoc4.pdf,725,725,data,True,722,722,SENATOR DANIEL R. COATS,2014,97,35,block_data
114sdoc4,GPO-CDOC-114sdoc4.pdf,726,726,banner,True,726,726,SENATOR DANIEL R. COATS,2015,151,57,block_start
114sdoc4,GPO-CDOC-114sdoc4.pdf,727,727,data,True,726,726,SENATOR DANIEL R. COATS,2015,204,68,block_data
114sdoc4,GPO-CDOC-114sdoc4.pdf,728,728,data,True,726,726,SENATOR DANIEL R. COATS,2015,216,66,block_data
114sdoc4,GPO-CDOC-114sdoc4.pdf,729,729,data,True,726,726,SENATOR DANIEL R. COATS,2015,227,70,block_data
114sdoc4,GPO-CDOC-114sdoc4.pdf,730,730,data,True,726,726,SENATOR DANIEL R. COATS,2015,220,68,block_data
114sdoc4,GPO-CDOC-114sdoc4.pdf,731,731,data,True,726,726,SENATOR DANIEL R. COATS,2015,232,70,block_data
114sdoc4,GPO-CDOC-114sdoc4.pdf,732,732,data,True,726,726,SENATOR DANIEL R. COATS,2015,238,70,block_data
114sdoc4,GPO-CDOC-114sdoc4.pdf,733,733,data,True,726,726,SENATOR DANIEL R. COATS,2015,232,71,block_data
114sdoc4,GPO-CDOC-114sdoc4.pdf,734,734,data,True,726,726,SENATOR DANIEL R. COATS,2015,230,69,block_data
114sdoc4,GPO-CDOC-114sdoc4.pdf,735,735,data,True,726,726,SENATOR DANIEL R. COATS,2015,225,70,block_data
114sdoc4,GPO-CDOC-114sdoc4.pdf,736,736,data,True,726,726,SENATOR DANIEL R. COATS,2015,240,70,block_data
114sdoc4,GPO-CDOC-114sdoc4.pdf,737,737,data,True,726,726,SENATOR DANIEL R. COATS,2015,219,68,block_data
114sdoc4,GPO-CDOC-114sdoc4.pdf,738,738,data,True,726,726,SENATOR DANIEL R. COATS,2015,224,68,block_data
114sdoc4,GPO-CDOC-114sdoc4.pdf,739,739,data,True,726,726,SENATOR DANIEL R. COATS,2015,227,70,block_data
114sdoc4,GPO-CDOC-114sdoc4.pdf,740,740,data,True,726,726,SENATOR DANIEL R. COATS,2015,235,70,block_data
114sdoc4,GPO-CDOC-114sdoc4.pdf,741,741,data,True,726,726,SENATOR DANIEL R. COATS,2015,244,71,block_data
114sdoc4,GPO-CDOC-114sdoc4.pdf,742,742,data,True,726,726,SENATOR DANIEL R. COATS,2015,203,57,block_data
114sdoc4,GPO-CDOC-114sdoc4.pdf,743,743,banner,True,743,743,SENATOR TOM COBURN,2013,73,31,block_start
114sdoc4,GPO-CDOC-114sdoc4.pdf,744,744,banner,True,744,744,SENATOR TOM COBURN,2014,161,55,block_start
114sdoc4,GPO-CDOC-114sdoc4.pdf,745,745,data,True,744,744,SENATOR TOM COBURN,2014,157,44,block_data
114sdoc4,GPO-CDOC-114sdoc4.pdf,746,746,banner,True,746,746,SENATOR TOM COBURN,2015,151,57,block_start
114sdoc4,GPO-CDOC-114sdoc4.pdf,747,747,data,True,746,746,SENATOR TOM COBURN,2015,227,64,block_data
114sdoc4,GPO-CDOC-114sdoc4.pdf,748,748,data,True,746,746,SENATOR TOM COBURN,2015,182,52,block_data
114sdoc4,GPO-CDOC-114sdoc4.pdf,749,749,banner,True,749,749,SENATOR THAD COCHRAN,2013,70,30,block_start
114sdoc4,GPO-CDOC-114sdoc4.pdf,750,750,banner,True,750,750,SENATOR THAD COCHRAN,2014,169,55,block_start
114sdoc4,GPO-CDOC-114sdoc4.pdf,751,751,data,True,750,750,SENATOR THAD COCHRAN,2014,244,69,block_data
114sdoc4,GPO-CDOC-114sdoc4.pdf,752,752,data,True,750,750,SENATOR THAD COCHRAN,2014,70,24,block_data
114sdoc4,GPO-CDOC-114sdoc4.pdf,753,753,banner,True,753,753,SENATOR THAD COCHRAN,2015,154,58,block_start
114sdoc4,GPO-CDOC-114sdoc4.pdf,754,754,data,True,753,753,SENATOR THAD COCHRAN,2015,230,69,block_data
114sdoc4,GPO-CDOC-114sdoc4.pdf,755,755,data,True,753,753,SENATOR THAD COCHRAN,2015,242,69,block_data
114sdoc4,GPO-CDOC-114sdoc4.pdf,756,756,data,True,753,753,SENATOR THAD COCHRAN,2015,242,70,block_data
114sdoc4,GPO-CDOC-114sdoc4.pdf,757,757,data,True,753,753,SENATOR THAD COCHRAN,2015,235,70,block_data
114sdoc4,GPO-CDOC-114sdoc4.pdf,758,758,data,True,753,753,SENATOR THAD COCHRAN,2015,247,70,block_data
114sdoc4,GPO-CDOC-114sdoc4.pdf,759,759,data,True,753,753,SENATOR THAD COCHRAN,2015,238,67,block_data
114sdoc4,GPO-CDOC-114sdoc4.pdf,760,760,banner,True,760,760,SENATOR SUSAN M. COLLINS,2013,73,31,block_start
114sdoc4,GPO-CDOC-114sdoc4.pdf,761,761,banner,True,761,761,SENATOR SUSAN M. COLLINS,2014,169,55,block_start
114sdoc4,GPO-CDOC-114sdoc4.pdf,762,762,data,True,761,761,SENATOR SUSAN M. COLLINS,2014,248,69,block_data
114sdoc4,GPO-CDOC-114sdoc4.pdf,763,763,data,True,761,761,SENATOR SUSAN M. COLLINS,2014,250,70,block_data
114sdoc4,GPO-CDOC-114sdoc4.pdf,764,764,data,True,761,761,SENATOR SUSAN M. COLLINS,2014,248,69,block_data
114sdoc4,GPO-CDOC-114sdoc4.pdf,765,765,data,True,761,761,SENATOR SUSAN M. COLLINS,2014,248,69,block_data
114sdoc4,GPO-CDOC-114sdoc4.pdf,766,766,data,True,761,761,SENATOR SUSAN M. COLLINS,2014,353,67,block_data
114sdoc4,GPO-CDOC-114sdoc4.pdf,767,767,data,True,761,761,SENATOR SUSAN M. COLLINS,2014,45,18,block_data
114sdoc4,GPO-CDOC-114sdoc4.pdf,768,768,banner,True,768,768,SENATOR SUSAN M. COLLINS,2015,151,57,block_start
114sdoc4,GPO-CDOC-114sdoc4.pdf,769,769,data,True,768,768,SENATOR SUSAN M. COLLINS,2015,203,69,block_data
114sdoc4,GPO-CDOC-114sdoc4.pdf,770,770,data,True,768,768,SENATOR SUSAN M. COLLINS,2015,248,69,block_data
114sdoc4,GPO-CDOC-114sdoc4.pdf,771,771,data,True,768,768,SENATOR SUSAN M. COLLINS,2015,247,71,block_data
114sdoc4,GPO-CDOC-114sdoc4.pdf,772,772,data,True,768,768,SENATOR SUSAN M. COLLINS,2015,236,71,block_data
114sdoc4,GPO-CDOC-114sdoc4.pdf,773,773,data,True,768,768,SENATOR SUSAN M. COLLINS,2015,246,70,block_data
114sdoc4,GPO-CDOC-114sdoc4.pdf,774,774,data,True,768,768,SENATOR SUSAN M. COLLINS,2015,250,70,block_data
114sdoc4,GPO-CDOC-114sdoc4.pdf,775,775,data,True,768,768,SENATOR SUSAN M. COLLINS,2015,214,68,block_data
114sdoc4,GPO-CDOC-114sdoc4.pdf,776,776,data,True,768,768,SENATOR SUSAN M. COLLINS,2015,239,70,block_data
114sdoc4,GPO-CDOC-114sdoc4.pdf,777,777,data,True,768,768,SENATOR SUSAN M. COLLINS,2015,232,69,block_data
114sdoc4,GPO-CDOC-114sdoc4.pdf,778,778,data,True,768,768,SENATOR SUSAN M. COLLINS,2015,218,70,block_data
114sdoc4,GPO-CDOC-114sdoc4.pdf,779,779,data,True,768,768,SENATOR SUSAN M. COLLINS,2015,236,71,block_data
114sdoc4,GPO-CDOC-114sdoc4.pdf,780,780,data,True,768,768,SENATOR SUSAN M. COLLINS,2015,273,70,block_data
114sdoc4,GPO-CDOC-114sdoc4.pdf,781,781,data,True,768,768,SENATOR SUSAN M. COLLINS,2015,401,70,block_data
114sdoc4,GPO-CDOC-114sdoc4.pdf,782,782,data,True,768,768,SENATOR SUSAN M. COLLINS,2015,18,12,block_data
114sdoc4,GPO-CDOC-114sdoc4.pdf,783,783,banner,True,783,783,SENATOR KENT CONRAD,2013,70,30,block_start
114sdoc4,GPO-CDOC-114sdoc4.pdf,784,784,banner,True,784,784,SENATOR CHRISTOPHER A. COONS,2013,73,31,block_start
114sdoc4,GPO-CDOC-114sdoc4.pdf,785,785,banner,True,785,785,SENATOR CHRISTOPHER A. COONS,2014,156,56,block_start
114sdoc4,GPO-CDOC-114sdoc4.pdf,786,786,data,True,785,785,SENATOR CHRISTOPHER A. COONS,2014,237,70,block_data
114sdoc4,GPO-CDOC-114sdoc4.pdf,787,787,data,True,785,785,SENATOR CHRISTOPHER A. COONS,2014,54,20,block_data
114sdoc4,GPO-CDOC-114sdoc4.pdf,788,788,banner,True,788,788,SENATOR CHRISTOPHER A. COONS,2015,151,57,block_start
114sdoc4,GPO-CDOC-114sdoc4.pdf,789,789,data,True,788,788,SENATOR CHRISTOPHER A. COONS,2015,221,69,block_data
114sdoc4,GPO-CDOC-114sdoc4.pdf,790,790,data,True,788,788,SENATOR CHRISTOPHER A. COONS,2015,227,68,block_data
114sdoc4,GPO-CDOC-114sdoc4.pdf,791,791,data,True,788,788,SENATOR CHRISTOPHER A. COONS,2015,229,67,block_data
114sdoc4,GPO-CDOC-114sdoc4.pdf,792,792,data,True,788,788,SENATOR CHRISTOPHER A. COONS,2015,236,70,block_data
114sdoc4,GPO-CDOC-114sdoc4.pdf,793,793,data,True,788,788,SENATOR CHRISTOPHER A. COONS,2015,228,68,block_data
114sdoc4,GPO-CDOC-114sdoc4.pdf,794,794,data,True,788,788,SENATOR CHRISTOPHER A. COONS,2015,211,57,block_data
114sdoc4,GPO-CDOC-114sdoc4.pdf,795,795,banner,True,795,795,SENATOR BOB CORKER,2013,73,31,block_start
114sdoc4,GPO-CDOC-114sdoc4.pdf,796,796,banner,True,796,796,SENATOR BOB CORKER,2014,165,55,block_start
114sdoc4,GPO-CDOC-114sdoc4.pdf,797,797,data,True,796,796,SENATOR BOB CORKER,2014,229,70,block_data
114sdoc4,GPO-CDOC-114sdoc4.pdf,798,798,data,True,796,796,SENATOR BOB CORKER,2014,240,71,block_data
114sdoc4,GPO-CDOC-114sdoc4.pdf,799,799,data,True,796,796,SENATOR BOB CORKER,2014,250,70,block_data
114sdoc4,GPO-CDOC-114sdoc4.pdf,800,800,data,True,796,796,SENATOR BOB CORKER,2014,178,41,block_data
114sdoc4,GPO-CDOC-114sdoc4.pdf,801,801,banner,True,801,801,SENATOR BOB CORKER,2015,151,57,block_start
114sdoc4,GPO-CDOC-114sdoc4.pdf,802,802,data,True,801,801,SENATOR BOB CORKER,2015,213,69,block_data
114sdoc4,GPO-CDOC-114sdoc4.pdf,803,803,data,True,801,801,SENATOR BOB CORKER,2015,224,69,block_data
114sdoc4,GPO-CDOC-114sdoc4.pdf,804,804,data,True,801,801,SENATOR BOB CORKER,2015,242,70,block_data
114sdoc4,GPO-CDOC-114sdoc4.pdf,805,805,data,True,801,801,SENATOR BOB CORKER,2015,236,70,block_data
114sdoc4,GPO-CDOC-114sdoc4.pdf,806,806,data,True,801,801,SENATOR BOB CORKER,2015,243,71,block_data
114sdoc4,GPO-CDOC-114sdoc4.pdf,807,807,data,True,801,801,SENATOR BOB CORKER,2015,238,71,block_data
114sdoc4,GPO-CDOC-114sdoc4.pdf,808,808,data,True,801,801,SENATOR BOB CORKER,2015,232,68,block_data
114sdoc4,GPO-CDOC-114sdoc4.pdf,809,809,data,True,801,801,SENATOR BOB CORKER,2015,240,70,block_data
114sdoc4,GPO-CDOC-114sdoc4.pdf,810,810,data,True,801,801,SENATOR BOB CORKER,2015,235,71,block_data
114sdoc4,GPO-CDOC-114sdoc4.pdf,811,811,data,True,801,801,SENATOR BOB CORKER,2015,242,70,block_data
114sdoc4,GPO-CDOC-114sdoc4.pdf,812,812,data,True,801,801,SENATOR BOB CORKER,2015,236,71,block_data
114sdoc4,GPO-CDOC-114sdoc4.pdf,813,813,data,True,801,801,SENATOR BOB CORKER,2015,226,70,block_data
114sdoc4,GPO-CDOC-114sdoc4.pdf,814,814,data,True,801,801,SENATOR BOB CORKER,2015,232,71,block_data
114sdoc4,GPO-CDOC-114sdoc4.pdf,815,815,data,True,801,801,SENATOR BOB CORKER,2015,232,70,block_data
114sdoc4,GPO-CDOC-114sdoc4.pdf,816,816,data,True,801,801,SENATOR BOB CORKER,2015,244,70,block_data
114sdoc4,GPO-CDOC-114sdoc4.pdf,817,817,data,True,801,801,SENATOR BOB CORKER,2015,290,70,block_data
114sdoc4,GPO-CDOC-114sdoc4.pdf,818,818,data,True,801,801,SENATOR BOB CORKER,2015,33,17,block_data
114sdoc4,GPO-CDOC-114sdoc4.pdf,819,819,banner,True,819,819,SENATOR JOHN CORNYN,2013,73,31,block_start
114sdoc4,GPO-CDOC-114sdoc4.pdf,820,820,banner,True,820,820,SENATOR JOHN CORNYN,2014,155,56,block_start
114sdoc4,GPO-CDOC-114sdoc4.pdf,821,821,data,True,820,820,SENATOR JOHN CORNYN,2014,242,69,block_data
114sdoc4,GPO-CDOC-114sdoc4.pdf,822,822,data,True,820,820,SENATOR JOHN CORNYN,2014,38,17,block_data
114sdoc4,GPO-CDOC-114sdoc4.pdf,823,823,banner,True,823,823,SENATOR JOHN CORNYN,2015,154,58,block_start
114sdoc4,GPO-CDOC-114sdoc4.pdf,824,824,data,True,823,823,SENATOR JOHN CORNYN,2015,213,69,block_data
114sdoc4,GPO-CDOC-114sdoc4.pdf,825,825,data,True,823,823,SENATOR JOHN CORNYN,2015,239,71,block_data
114sdoc4,GPO-CDOC-114sdoc4.pdf,826,826,data,True,823,823,SENATOR JOHN CORNYN,2015,234,70,block_data
114sdoc4,GPO-CDOC-114sdoc4.pdf,827,827,data,True,823,823,SENATOR JOHN CORNYN,2015,232,71,block_data
114sdoc4,GPO-CDOC-114sdoc4.pdf,828,828,data,True,823,823,SENATOR JOHN CORNYN,2015,228,70,block_data
114sdoc4,GPO-CDOC-114sdoc4.pdf,829,829,data,True,823,823,SENATOR JOHN CORNYN,2015,218,69,block_data
114sdoc4,GPO-CDOC-114sdoc4.pdf,830,830,data,True,823,823,SENATOR JOHN CORNYN,2015,185,54,block_data
114sdoc4,GPO-CDOC-114sdoc4.pdf,831,831,banner,True,831,831,SENATOR TOM COTTON,2015,151,57,block_start
114sdoc4,GPO-CDOC-114sdoc4.pdf,832,832,data,True,831,831,SENATOR TOM COTTON,2015,234,64,block_data
114sdoc4,GPO-CDOC-114sdoc4.pdf,833,833,data,True,831,831,SENATOR TOM COTTON,2015,231,70,block_data
114sdoc4,GPO-CDOC-114sdoc4.pdf,834,834,data,True,831,831,SENATOR TOM COTTON,2015,227,59,block_data
114sdoc4,GPO-CDOC-114sdoc4.pdf,835,835,banner,True,835,835,SENATOR WILLIAM COWAN,2013,67,29,block_start
114sdoc4,GPO-CDOC-114sdoc4.pdf,836,836,banner,True,836,836,SENATOR MICHAEL D. CRAPO,2013,70,30,block_start
114sdoc4,GPO-CDOC-114sdoc4.pdf,837,837,banner,True,837,837,SENATOR MICHAEL D. CRAPO,2014,163,55,block_start
114sdoc4,GPO-CDOC-114sdoc4.pdf,838,838,data,True,837,837,SENATOR MICHAEL D. CRAPO,2014,231,69,block_data
114sdoc4,GPO-CDOC-114sdoc4.pdf,839,839,data,True,837,837,SENATOR MICHAEL D. CRAPO,2014,277,52,block_data
114sdoc4,GPO-CDOC-114sdoc4.pdf,840,840,banner,True,840,840,SENATOR MICHAEL D. CRAPO,2015,151,57,block_start
114sdoc4,GPO-CDOC-114sdoc4.pdf,841,841,data,True,840,840,SENATOR MICHAEL D. CRAPO,2015,188,68,block_data
114sdoc4,GPO-CDOC-114sdoc4.pdf,842,842,data,True,840,840,SENATOR MICHAEL D. CRAPO,2015,221,70,block_data
114sdoc4,GPO-CDOC-114sdoc4.pdf,843,843,data,True,840,840,SENATOR MICHAEL D. CRAPO,2015,213,68,block_data
114sdoc4,GPO-CDOC-114sdoc4.pdf,844,844,data,True,840,840,SENATOR MICHAEL D. CRAPO,2015,219,68,block_data
114sdoc4,GPO-CDOC-114sdoc4.pdf,845,845,data,True,840,840,SENATOR MICHAEL D. CRAPO,2015,208,68,block_data
114sdoc4,GPO-CDOC-114sdoc4.pdf,846,846,data,True,840,840,SENATOR MICHAEL D. CRAPO,2015,220,69,block_data
114sdoc4,GPO-CDOC-114sdoc4.pdf,847,847,data,True,840,840,SENATOR MICHAEL D. CRAPO,2015,274,70,block_data
114sdoc4,GPO-CDOC-114sdoc4.pdf,848,848,data,True,840,840,SENATOR MICHAEL D. CRAPO,2015,75,23,block_data
114sdoc4,GPO-CDOC-114sdoc4.pdf,849,849,banner,True,849,849,SENATOR TED CRUZ,2013,73,31,block_start
114sdoc4,GPO-CDOC-114sdoc4.pdf,850,850,banner,True,850,850,SENATOR TED CRUZ,2014,150,54,block_start
114sdoc4,GPO-CDOC-114sdoc4.pdf,851,851,data,True,850,850,SENATOR TED CRUZ,2014,192,67,block_data
114sdoc4,GPO-CDOC-114sdoc4.pdf,852,852,data,True,850,850,SENATOR TED CRUZ,2014,215,68,block_data
114sdoc4,GPO-CDOC-114sdoc4.pdf,853,853,data,True,850,850,SENATOR TED CRUZ,2014,219,67,block_data
114sdoc4,GPO-CDOC-114sdoc4.pdf,854,854,data,True,850,850,SENATOR TED CRUZ,2014,210,49,block_data
114sdoc4,GPO-CDOC-114sdoc4.pdf,855,855,banner,True,855,855,SENATOR TED CRUZ,2015,154,58,block_start
114sdoc4,GPO-CDOC-114sdoc4.pdf,856,856,data,True,855,855,SENATOR TED CRUZ,2015,207,69,block_data
114sdoc4,GPO-CDOC-114sdoc4.pdf,857,857,data,True,855,855,SENATOR TED CRUZ,2015,225,67,block_data
114sdoc4,GPO-CDOC-114sdoc4.pdf,858,858,data,True,855,855,SENATOR TED CRUZ,2015,221,68,block_data
114sdoc4,GPO-CDOC-114sdoc4.pdf,859,859,data,True,855,855,SENATOR TED CRUZ,2015,239,70,block_data
114sdoc4,GPO-CDOC-114sdoc4.pdf,860,860,data,True,855,855,SENATOR TED CRUZ,2015,214,68,block_data
114sdoc4,GPO-CDOC-114sdoc4.pdf,861,861,data,True,855,855,SENATOR TED CRUZ,2015,228,69,block_data
114sdoc4,GPO-CDOC-114sdoc4.pdf,862,862,data,True,855,855,SENATOR TED CRUZ,2015,244,68,block_data
114sdoc4,GPO-CDOC-114sdoc4.pdf,863,863,data,True,855,855,SENATOR TED CRUZ,2015,18,12,block_data
114sdoc4,GPO-CDOC-114sdoc4.pdf,864,864,banner,True,864,864,SENATOR STEVE DAINES,2015,151,57,block_start
114sdoc4,GPO-CDOC-114sdoc4.pdf,865,865,data,True,864,864,SENATOR STEVE DAINES,2015,224,70,block_data
114sdoc4,GPO-CDOC-114sdoc4.pdf,866,866,data,True,864,864,SENATOR STEVE DAINES,2015,220,68,block_data
114sdoc4,GPO-CDOC-114sdoc4.pdf,867,867,data,True,864,864,SENATOR STEVE DAINES,2015,225,68,block_data
114sdoc4,GPO-CDOC-114sdoc4.pdf,868,868,data,True,864,864,SENATOR STEVE DAINES,2015,225,69,block_data
114sdoc4,GPO-CDOC-114sdoc4.pdf,869,869,data,True,864,864,SENATOR STEVE DAINES,2015,218,70,block_data
114sdoc4,GPO-CDOC-114sdoc4.pdf,870,870,data,True,864,864,SENATOR STEVE DAINES,2015,119,30,block_data
114sdoc4,GPO-CDOC-114sdoc4.pdf,871,871,banner,True,871,871,SENATOR JIM DEMINT,2013,73,31,block_start
114sdoc4,GPO-CDOC-114sdoc4.pdf,872,872,banner,True,872,872,SENATOR JOE DONNELLY,2013,70,30,block_start
114sdoc4,GPO-CDOC-114sdoc4.pdf,873,873,banner,True,873,873,SENATOR JOE DONNELLY,2014,161,55,block_start
114sdoc4,GPO-CDOC-114sdoc4.pdf,874,874,data,True,873,873,SENATOR JOE DONNELLY,2014,234,69,block_data
114sdoc4,GPO-CDOC-114sdoc4.pdf,875,875,data,True,873,873,SENATOR JOE DONNELLY,2014,221,65,block_data
114sdoc4,GPO-CDOC-114sdoc4.pdf,876,876,data,True,873,873,SENATOR JOE DONNELLY,2014,18,12,block_data
114sdoc4,GPO-CDOC-114sdoc4.pdf,877,877,banner,True,877,877,SENATOR JOE DONNELLY,2015,151,57,block_start
114sdoc4,GPO-CDOC-114sdoc4.pdf,878,878,data,True,877,877,SENATOR JOE DONNELLY,2015,209,69,block_data
114sdoc4,GPO-CDOC-114sdoc4.pdf,879,879,data,True,877,877,SENATOR JOE DONNELLY,2015,239,70,block_data
114sdoc4,GPO-CDOC-114sdoc4.pdf,880,880,data,True,877,877,SENATOR JOE DONNELLY,2015,222,67,block_data
114sdoc4,GPO-CDOC-114sdoc4.pdf,881,881,data,True,877,877,SENATOR JOE DONNELLY,2015,220,70,block_data
114sdoc4,GPO-CDOC-114sdoc4.pdf,882,882,data,True,877,877,SENATOR JOE DONNELLY,2015,233,71,block_data
114sdoc4,GPO-CDOC-114sdoc4.pdf,883,883,data,True,877,877,SENATOR JOE DONNELLY,2015,231,71,block_data
114sdoc4,GPO-CDOC-114sdoc4.pdf,884,884,data,True,877,877,SENATOR JOE DONNELLY,2015,231,68,block_data
114sdoc4,GPO-CDOC-114sdoc4.pdf,885,885,data,True,877,877,SENATOR JOE DONNELLY,2015,218,69,block_data
114sdoc4,GPO-CDOC-114sdoc4.pdf,886,886,data,True,877,877,SENATOR JOE DONNELLY,2015,235,68,block_data
114sdoc4,GPO-CDOC-114sdoc4.pdf,887,887,data,True,877,877,SENATOR JOE DONNELLY,2015,227,70,block_data
114sdoc4,GPO-CDOC-114sdoc4.pdf,888,888,data,True,877,877,SENATOR JOE DONNELLY,2015,233,70,block_data
114sdoc4,GPO-CDOC-114sdoc4.pdf,889,889,data,True,877,877,SENATOR JOE DONNELLY,2015,234,69,block_data
114sdoc4,GPO-CDOC-114sdoc4.pdf,890,890,data,True,877,877,SENATOR JOE DONNELLY,2015,240,71,block_data
114sdoc4,GPO-CDOC-114sdoc4.pdf,891,891,data,True,877,877,SENATOR JOE DONNELLY,2015,216,69,block_data
114sdoc4,GPO-CDOC-114sdoc4.pdf,892,892,data,True,877,877,SENATOR JOE DONNELLY,2015,227,70,block_data
114sdoc4,GPO-CDOC-114sdoc4.pdf,893,893,data,True,877,877,SENATOR JOE DONNELLY,2015,227,68,block_data
114sdoc4,GPO-CDOC-114sdoc4.pdf,894,894,data,True,877,877,SENATOR JOE DONNELLY,2015,265,70,block_data
114sdoc4,GPO-CDOC-114sdoc4.pdf,895,895,data,True,877,877,SENATOR JOE DONNELLY,2015,154,35,block_data
114sdoc4,GPO-CDOC-114sdoc4.pdf,896,896,banner,True,896,896,SENATOR RICHARD J. DURBIN,2013,73,31,block_start
114sdoc4,GPO-CDOC-114sdoc4.pdf,897,897,banner,True,897,897,SENATOR RICHARD J. DURBIN,2014,170,56,block_start
114sdoc4,GPO-CDOC-114sdoc4.pdf,898,898,data,True,897,897,SENATOR RICHARD J. DURBIN,2014,229,69,block_data
114sdoc4,GPO-CDOC-114sdoc4.pdf,899,899,data,True,897,897,SENATOR RICHARD J. DURBIN,2014,230,70,block_data
114sdoc4,GPO-CDOC-114sdoc4.pdf,900,900,data,True,897,897,SENATOR RICHARD J. DURBIN,2014,232,69,block_data
114sdoc4,GPO-CDOC-114sdoc4.pdf,901,901,data,True,897,897,SENATOR RICHARD J. DURBIN,2014,194,46,block_data
114sdoc4,GPO-CDOC-114sdoc4.pdf,902,902,banner,True,902,902,SENATOR RICHARD J. DURBIN,2015,154,58,block_start
114sdoc4,GPO-CDOC-114sdoc4.pdf,903,903,data,True,902,902,SENATOR RICHARD J. DURBIN,2015,216,68,block_data
114sdoc4,GPO-CDOC-114sdoc4.pdf,904,904,data,True,902,902,SENATOR RICHARD J. DURBIN,2015,242,70,block_data
114sdoc4,GPO-CDOC-114sdoc4.pdf,905,905,data,True,902,902,SENATOR RICHARD J. DURBIN,2015,222,69,block_data
114sdoc4,GPO-CDOC-114sdoc4.pdf,906,906,data,True,902,902,SENATOR RICHARD J. DURBIN,2015,228,69,block_data
114sdoc4,GPO-CDOC-114sdoc4.pdf,907,907,data,True,902,902,SENATOR RICHARD J. DURBIN,2015,198,66,block_data
114sdoc4,GPO-CDOC-114sdoc4.pdf,908,908,data,True,902,902,SENATOR RICHARD J. DURBIN,2015,223,66,block_data
114sdoc4,GPO-CDOC-114sdoc4.pdf,909,909,data,True,902,902,SENATOR RICHARD J. DURBIN,2015,246,52,block_data
114sdoc4,GPO-CDOC-114sdoc4.pdf,910,910,banner,True,910,910,SENATOR MICHAEL B. ENZI,2013,70,30,block_start
114sdoc4,GPO-CDOC-114sdoc4.pdf,911,911,banner,True,911,911,SENATOR MICHAEL B. ENZI,2014,170,57,block_start
114sdoc4,GPO-CDOC-114sdoc4.pdf,912,912,data,True,911,911,SENATOR MICHAEL B. ENZI,2014,98,34,block_data
114sdoc4,GPO-CDOC-114sdoc4.pdf,913,913,banner,True,913,913,SENATOR MICHAEL B. ENZI,2015,151,57,block_start
114sdoc4,GPO-CDOC-114sdoc4.pdf,914,914,data,True,913,913,SENATOR MICHAEL B. ENZI,2015,227,69,block_data
114sdoc4,GPO-CDOC-114sdoc4.pdf,915,915,data,True,913,913,SENATOR MICHAEL B. ENZI,2015,235,70,block_data
114sdoc4,GPO-CDOC-114sdoc4.pdf,916,916,data,True,913,913,SENATOR MICHAEL B. ENZI,2015,223,69,block_data
114sdoc4,GPO-CDOC-114sdoc4.pdf,917,917,data,True,913,913,SENATOR MICHAEL B. ENZI,2015,222,68,block_data
114sdoc4,GPO-CDOC-114sdoc4.pdf,918,918,data,True,913,913,SENATOR MICHAEL B. ENZI,2015,217,69,block_data
114sdoc4,GPO-CDOC-114sdoc4.pdf,919,919,data,True,913,913,SENATOR MICHAEL B. ENZI,2015,156,36,block_data
114sdoc4,GPO-CDOC-114sdoc4.pdf,920,920,banner,True,920,920,SENATOR JONI ERNST,2015,148,56,block_start
114sdoc4,GPO-CDOC-114sdoc4.pdf,921,921,data,True,920,920,SENATOR JONI ERNST,2015,204,67,block_data
114sdoc4,GPO-CDOC-114sdoc4.pdf,922,922,data,True,920,920,SENATOR JONI ERNST,2015,78,26,block_data
114sdoc4,GPO-CDOC-114sdoc4.pdf,923,923,banner,True,923,923,SENATOR DIANNE FEINSTEIN,2013,73,31,block_start
114sdoc4,GPO-CDOC-114sdoc4.pdf,924,924,banner,True,924,924,SENATOR DIANNE FEINSTEIN,2014,161,55,block_start
114sdoc4,GPO-CDOC-114sdoc4.pdf,925,925,data,True,924,924,SENATOR DIANNE FEINSTEIN,2014,202,51,block_data
114sdoc4,GPO-CDOC-114sdoc4.pdf,926,926,banner,True,926,926,SENATOR DIANNE FEINSTEIN,2015,151,57,block_start
114sdoc4,GPO-CDOC-114sdoc4.pdf,927,927,data,True,926,926,SENATOR DIANNE FEINSTEIN,2015,206,69,block_data
114sdoc4,GPO-CDOC-114sdoc4.pdf,928,928,data,True,926,926,SENATOR DIANNE FEINSTEIN,2015,229,69,block_data
114sdoc4,GPO-CDOC-114sdoc4.pdf,929,929,data,True,926,926,SENATOR DIANNE FEINSTEIN,2015,244,71,block_data
114sdoc4,GPO-CDOC-114sdoc4.pdf,930,930,data,True,926,926,SENATOR DIANNE FEINSTEIN,2015,242,70,block_data
114sdoc4,GPO-CDOC-114sdoc4.pdf,931,931,data,True,926,926,SENATOR DIANNE FEINSTEIN,2015,234,69,block_data
114sdoc4,GPO-CDOC-114sdoc4.pdf,932,932,data,True,926,926,SENATOR DIANNE FEINSTEIN,2015,235,71,block_data
114sdoc4,GPO-CDOC-114sdoc4.pdf,933,933,data,True,926,926,SENATOR DIANNE FEINSTEIN,2015,159,41,block_data
114sdoc4,GPO-CDOC-114sdoc4.pdf,934,934,banner,True,934,934,SENATOR DEB FISCHER,2013,73,31,block_start
114sdoc4,GPO-CDOC-114sdoc4.pdf,935,935,banner,True,935,935,SENATOR DEB FISCHER,2014,163,57,block_start
114sdoc4,GPO-CDOC-114sdoc4.pdf,936,936,data,True,935,935,SENATOR DEB FISCHER,2014,244,65,block_data
114sdoc4,GPO-CDOC-114sdoc4.pdf,937,937,banner,True,937,937,SENATOR DEB FISCHER,2015,151,57,block_start
114sdoc4,GPO-CDOC-114sdoc4.pdf,938,938,data,True,937,937,SENATOR DEB FISCHER,2015,206,68,block_data
114sdoc4,GPO-CDOC-114sdoc4.pdf,939,939,data,True,937,937,SENATOR DEB FISCHER,2015,215,68,block_data
114sdoc4,GPO-CDOC-114sdoc4.pdf,940,940,data,True,937,937,SENATOR DEB FISCHER,2015,218,69,block_data
114sdoc4,GPO-CDOC-114sdoc4.pdf,941,941,data,True,937,937,SENATOR DEB FISCHER,2015,236,69,block_data
114sdoc4,GPO-CDOC-114sdoc4.pdf,942,942,data,True,937,937,SENATOR DEB FISCHER,2015,220,68,block_data
114sdoc4,GPO-CDOC-114sdoc4.pdf,943,943,data,True,937,937,SENATOR DEB FISCHER,2015,223,70,block_data
114sdoc4,GPO-CDOC-114sdoc4.pdf,944,944,data,True,937,937,SENATOR DEB FISCHER,2015,223,70,block_data
114sdoc4,GPO-CDOC-114sdoc4.pdf,945,945,data,True,937,937,SENATOR DEB FISCHER,2015,260,69,block_data
114sdoc4,GPO-CDOC-114sdoc4.pdf,946,946,data,True,937,937,SENATOR DEB FISCHER,2015,98,27,block_data
114sdoc4,GPO-CDOC-114sdoc4.pdf,947,947,banner,True,947,947,SENATOR JEFF FLAKE,2013,73,31,block_start
114sdoc4,GPO-CDOC-114sdoc4.pdf,948,948,banner,True,948,948,SENATOR JEFF FLAKE,2014,162,56,block_start
114sdoc4,GPO-CDOC-114sdoc4.pdf,949,949,data,True,948,948,SENATOR JEFF FLAKE,2014,268,70,block_data
114sdoc4,GPO-CDOC-114sdoc4.pdf,950,950,data,True,948,948,SENATOR JEFF FLAKE,2014,78,22,block_data
114sdoc4,GPO-CDOC-114sdoc4.pdf,951,951,banner,True,951,951,SENATOR JEFF FLAKE,2015,151,57,block_start
114sdoc4,GPO-CDOC-114sdoc4.pdf,952,952,data,True,951,951,SENATOR JEFF FLAKE,2015,213,69,block_data
114sdoc4,GPO-CDOC-114sdoc4.pdf,953,953,data,True,951,951,SENATOR JEFF FLAKE,2015,234,70,block_data
114sdoc4,GPO-CDOC-114sdoc4.pdf,954,954,data,True,951,951,SENATOR JEFF FLAKE,2015,224,70,block_data
114sdoc4,GPO-CDOC-114sdoc4.pdf,955,955,data,True,951,951,SENATOR JEFF FLAKE,2015,295,71,block_data
114sdoc4,GPO-CDOC-114sdoc4.pdf,956,956,data,True,951,951,SENATOR JEFF FLAKE,2015,196,38,block_data
114sdoc4,GPO-CDOC-114sdoc4.pdf,957,957,banner,True,957,957,SENATOR AL FRANKEN,2013,70,30,block_start
114sdoc4,GPO-CDOC-114sdoc4.pdf,958,958,banner,True,958,958,SENATOR AL FRANKEN,2014,171,57,block_start
114sdoc4,GPO-CDOC-114sdoc4.pdf,959,959,data,True,958,958,SENATOR AL FRANKEN,2014,244,69,block_data
114sdoc4,GPO-CDOC-114sdoc4.pdf,960,960,data,True,958,958,SENATOR AL FRANKEN,2014,198,56,block_data
114sdoc4,GPO-CDOC-114sdoc4.pdf,961,961,banner,True,961,961,SENATOR AL FRANKEN,2015,151,57,block_start
114sdoc4,GPO-CDOC-114sdoc4.pdf,962,962,data,True,961,961,SENATOR AL FRANKEN,2015,222,68,block_data
114sdoc4,GPO-CDOC-114sdoc4.pdf,963,963,data,True,961,961,SENATOR AL FRANKEN,2015,250,70,block_data
114sdoc4,GPO-CDOC-114sdoc4.pdf,964,964,data,True,961,961,SENATOR AL FRANKEN,2015,244,69,block_data
114sdoc4,GPO-CDOC-114sdoc4.pdf,965,965,data,True,961,961,SENATOR AL FRANKEN,2015,244,69,block_data
114sdoc4,GPO-CDOC-114sdoc4.pdf,966,966,data,True,961,961,SENATOR AL FRANKEN,2015,238,70,block_data
114sdoc4,GPO-CDOC-114sdoc4.pdf,967,967,data,True,961,961,SENATOR AL FRANKEN,2015,240,69,block_data
114sdoc4,GPO-CDOC-114sdoc4.pdf,968,968,data,True,961,961,SENATOR AL FRANKEN,2015,259,69,block_data
114sdoc4,GPO-CDOC-114sdoc4.pdf,969,969,data,True,961,961,SENATOR AL FRANKEN,2015,31,16,block_data
114sdoc4,GPO-CDOC-114sdoc4.pdf,970,970,banner,True,970,970,SENATOR CORY GARDNER,2015,151,57,block_start
114sdoc4,GPO-CDOC-114sdoc4.pdf,971,971,data,True,970,970,SENATOR CORY GARDNER,2015,225,65,block_data
114sdoc4,GPO-CDOC-114sdoc4.pdf,972,972,data,True,970,970,SENATOR CORY GARDNER,2015,67,25,block_data
114sdoc4,GPO-CDOC-114sdoc4.pdf,973,973,banner,True,973,973,SENATOR KIRSTEN GILLIBRAND,2013,73,31,block_start
114sdoc4,GPO-CDOC-114sdoc4.pdf,974,974,banner,True,974,974,SENATOR KIRSTEN GILLIBRAND,2014,167,56,block_start
114sdoc4,GPO-CDOC-114sdoc4.pdf,975,975,data,True,974,974,SENATOR KIRSTEN GILLIBRAND,2014,230,70,block_data
114sdoc4,GPO-CDOC-114sdoc4.pdf,976,976,data,True,974,974,SENATOR KIRSTEN GILLIBRAND,2014,232,70,block_data
114sdoc4,GPO-CDOC-114sdoc4.pdf,977,977,data,True,974,974,SENATOR KIRSTEN GILLIBRAND,2014,136,31,block_data
114sdoc4,GPO-CDOC-114sdoc4.pdf,978,978,banner,True,978,978,SENATOR KIRSTEN GILLIBRAND,2015,151,57,block_start
114sdoc4,GPO-CDOC-114sdoc4.pdf,979,979,data,True,978,978,SENATOR KIRSTEN GILLIBRAND,2015,201,67,block_data
114sdoc4,GPO-CDOC-114sdoc4.pdf,980,980,data,True,978,978,SENATOR KIRSTEN GILLIBRAND,2015,230,68,block_data
114sdoc4,GPO-CDOC-114sdoc4.pdf,981,981,data,True,978,978,SENATOR KIRSTEN GILLIBRAND,2015,228,68,block_data
114sdoc4,GPO-CDOC-114sdoc4.pdf,982,982,data,True,978,978,SENATOR KIRSTEN GILLIBRAND,2015,216,67,block_data
114sdoc4,GPO-CDOC-114sdoc4.pdf,983,983,data,True,978,978,SENATOR KIRSTEN GILLIBRAND,2015,230,69,block_data
114sdoc4,GPO-CDOC-114sdoc4.pdf,984,984,data,True,978,978,SENATOR KIRSTEN GILLIBRAND,2015,233,69,block_data
114sdoc4,GPO-CDOC-114sdoc4.pdf,985,985,data,True,978,978,SENATOR KIRSTEN GILLIBRAND,2015,227,69,block_data
114sdoc4,GPO-CDOC-114sdoc4.pdf,986,986,data,True,978,978,SENATOR KIRSTEN GILLIBRAND,2015,229,70,block_data
114sdoc4,GPO-CDOC-114sdoc4.pdf,987,987,data,True,978,978,SENATOR KIRSTEN GILLIBRAND,2015,234,70,block_data
114sdoc4,GPO-CDOC-114sdoc4.pdf,988,988,data,True,978,978,SENATOR KIRSTEN GILLIBRAND,2015,228,69,block_data
114sdoc4,GPO-CDOC-114sdoc4.pdf,989,989,data,True,978,978,SENATOR KIRSTEN GILLIBRAND,2015,242,70,block_data
114sdoc4,GPO-CDOC-114sdoc4.pdf,990,990,data,True,978,978,SENATOR KIRSTEN GILLIBRAND,2015,241,71,block_data
114sdoc4,GPO-CDOC-114sdoc4.pdf,991,991,data,True,978,978,SENATOR KIRSTEN GILLIBRAND,2015,229,69,block_data
114sdoc4,GPO-CDOC-114sdoc4.pdf,992,992,data,True,978,978,SENATOR KIRSTEN GILLIBRAND,2015,233,70,block_data
114sdoc4,GPO-CDOC-114sdoc4.pdf,993,993,data,True,978,978,SENATOR KIRSTEN GILLIBRAND,2015,326,69,block_data
114sdoc4,GPO-CDOC-114sdoc4.pdf,994,994,data,True,978,978,SENATOR KIRSTEN GILLIBRAND,2015,450,72,block_data
114sdoc4,GPO-CDOC-114sdoc4.pdf,995,995,data,True,978,978,SENATOR KIRSTEN GILLIBRAND,2015,61,21,block_data
114sdoc4,GPO-CDOC-114sdoc4.pdf,996,996,banner,True,996,996,SENATOR LINDSEY GRAHAM,2013,73,31,block_start
114sdoc4,GPO-CDOC-114sdoc4.pdf,997,997,banner,True,997,997,SENATOR LINDSEY GRAHAM,2014,164,55,block_start
114sdoc4,GPO-CDOC-114sdoc4.pdf,998,998,data,True,997,997,SENATOR LINDSEY GRAHAM,2014,71,21,block_data
114sdoc4,GPO-CDOC-114sdoc4.pdf,999,999,banner,True,999,999,SENATOR LINDSEY GRAHAM,2015,151,57,block_start
114sdoc4,GPO-CDOC-114sdoc4.pdf,1000,1000,data,True,999,999,SENATOR LINDSEY GRAHAM,2015,223,68,block_data
114sdoc4,GPO-CDOC-114sdoc4.pdf,1001,1001,data,True,999,999,SENATOR LINDSEY GRAHAM,2015,276,70,block_data
114sdoc4,GPO-CDOC-114sdoc4.pdf,1002,1002,data,True,999,999,SENATOR LINDSEY GRAHAM,2015,73,22,block_data
114sdoc4,GPO-CDOC-114sdoc4.pdf,1003,1003,banner,True,1003,1003,SENATOR CHARLES E. GRASSLEY,2013,70,30,block_start
114sdoc4,GPO-CDOC-114sdoc4.pdf,1004,1004,banner,True,1004,1004,SENATOR CHARLES E. GRASSLEY,2014,166,56,block_start
114sdoc4,GPO-CDOC-114sdoc4.pdf,1005,1005,data,True,1004,1004,SENATOR CHARLES E. GRASSLEY,2014,217,70,block_data
114sdoc4,GPO-CDOC-114sdoc4.pdf,1006,1006,data,True,1004,1004,SENATOR CHARLES E. GRASSLEY,2014,246,66,block_data
114sdoc4,GPO-CDOC-114sdoc4.pdf,1007,1007,banner,True,1007,1007,SENATOR CHARLES E. GRASSLEY,2015,151,57,block_start
114sdoc4,GPO-CDOC-114sdoc4.pdf,1008,1008,data,True,1007,1007,SENATOR CHARLES E. GRASSLEY,2015,225,70,block_data
114sdoc4,GPO-CDOC-114sdoc4.pdf,1009,1009,data,True,1007,1007,SENATOR CHARLES E. GRASSLEY,2015,229,69,block_data
114sdoc4,GPO-CDOC-114sdoc4.pdf,1010,1010,data,True,1007,1007,SENATOR CHARLES E. GRASSLEY,2015,221,71,block_data
114sdoc4,GPO-CDOC-114sdoc4.pdf,1011,1011,data,True,1007,1007,SENATOR CHARLES E. GRASSLEY,2015,221,67,block_data
114sdoc4,GPO-CDOC-114sdoc4.pdf,1012,1012,data,True,1007,1007,SENATOR CHARLES E. GRASSLEY,2015,180,44,block_data
114sdoc4,GPO-CDOC-114sdoc4.pdf,1013,1013,banner,True,1013,1013,SENATOR KAY HAGAN,2013,70,30,block_start
114sdoc4,GPO-CDOC-114sdoc4.pdf,1014,1014,banner,True,1014,1014,SENATOR KAY HAGAN,2014,169,55,block_start
114sdoc4,GPO-CDOC-114sdoc4.pdf,1015,1015,data,True,1014,1014,SENATOR KAY HAGAN,2014,246,70,block_data
114sdoc4,GPO-CDOC-114sdoc4.pdf,1016,1016,data,True,1014,1014,SENATOR KAY HAGAN,2014,269,66,block_data
114sdoc4,GPO-CDOC-114sdoc4.pdf,1017,1017,data,True,1014,1014,SENATOR KAY HAGAN,2014,95,26,block_data
114sdoc4,GPO-CDOC-114sdoc4.pdf,1018,1018,banner,True,1018,1018,SENATOR KAY HAGAN,2015,152,58,block_start
114sdoc4,GPO-CDOC-114sdoc4.pdf,1019,1019,data,True,1018,1018,SENATOR KAY HAGAN,2015,227,65,block_data
114sdoc4,GPO-CDOC-114sdoc4.pdf,1020,1020,data,True,1018,1018,SENATOR KAY HAGAN,2015,245,66,block_data
114sdoc4,GPO-CDOC-114sdoc4.pdf,1021,1021,data,True,1018,1018,SENATOR KAY HAGAN,2015,201,69,block_data
114sdoc4,GPO-CDOC-114sdoc4.pdf,1022,1022,data,True,1018,1018,SENATOR KAY HAGAN,2015,115,34,block_data
114sdoc4,GPO-CDOC-114sdoc4.pdf,1023,1023,banner,True,1023,1023,SENATOR TOM HARKIN,2013,71,31,block_start
114sdoc4,GPO-CDOC-114sdoc4.pdf,1024,1024,banner,True,1024,1024,SENATOR TOM HARKIN,2014,165,56,block_start
114sdoc4,GPO-CDOC-114sdoc4.pdf,1025,1025,data,True,1024,1024,SENATOR TOM HARKIN,2014,199,56,block_data
114sdoc4,GPO-CDOC-114sdoc4.pdf,1026,1026,banner,True,1026,1026,SENATOR TOM HARKIN,2015,152,58,block_start
114sdoc4,GPO-CDOC-114sdoc4.pdf,1027,1027,data,True,1026,1026,SENATOR TOM HARKIN,2015,215,68,block_data
114sdoc4,GPO-CDOC-114sdoc4.pdf,1028,1028,data,True,1026,1026,SENATOR TOM HARKIN,2015,214,64,block_data
114sdoc4,GPO-CDOC-114sdoc4.pdf,1029,1029,data,True,1026,1026,SENATOR TOM HARKIN,2015,352,69,block_data
114sdoc4,GPO-CDOC-114sdoc4.pdf,1030,1030,data,True,1026,1026,SENATOR TOM HARKIN,2015,23,15,block_data
114sdoc4,GPO-CDOC-114sdoc4.pdf,1031,1031,banner,True,1031,1031,SENATOR ORRIN G. HATCH,2013,71,31,block_start
114sdoc4,GPO-CDOC-114sdoc4.pdf,1032,1032,banner,True,1032,1032,SENATOR ORRIN G. HATCH,2014,159,57,block_start
114sdoc4,GPO-CDOC-114sdoc4.pdf,1033,1033,data,True,1032,1032,SENATOR ORRIN G. HATCH,2014,227,66,block_data
114sdoc4,GPO-CDOC-114sdoc4.pdf,1034,1034,data,True,1032,1032,SENATOR ORRIN G. HATCH,2014,200,39,block_data
114sdoc4,GPO-CDOC-114sdoc4.pdf,1035,1035,banner,True,1035,1035,SENATOR ORRIN G. HATCH,2015,152,58,block_start
114sdoc4,GPO-CDOC-114sdoc4.pdf,1036,1036,data,True,1035,1035,SENATOR ORRIN G. HATCH,2015,202,66,block_data
114sdoc4,GPO-CDOC-114sdoc4.pdf,1037,1037,data,True,1035,1035,SENATOR ORRIN G. HATCH,2015,236,69,block_data
114sdoc4,GPO-CDOC-114sdoc4.pdf,1038,1038,data,True,1035,1035,SENATOR ORRIN G. HATCH,2015,231,67,block_data
114sdoc4,GPO-CDOC-114sdoc4.pdf,1039,1039,data,True,1035,1035,SENATOR ORRIN G. HATCH,2015,219,69,block_data
114sdoc4,GPO-CDOC-114sdoc4.pdf,1040,1040,data,True,1035,1035,SENATOR ORRIN G. HATCH,2015,140,37,block_data
114sdoc4,GPO-CDOC-114sdoc4.pdf,1041,1041,banner,True,1041,1041,SENATOR MARTIN HEINRICH,2013,83,34,block_start
114sdoc4,GPO-CDOC-114sdoc4.pdf,1042,1042,banner,True,1042,1042,SENATOR MARTIN HEINRICH,2014,170,56,block_start
114sdoc4,GPO-CDOC-114sdoc4.pdf,1043,1043,data,True,1042,1042,SENATOR MARTIN HEINRICH,2014,278,66,block_data
114sdoc4,GPO-CDOC-114sdoc4.pdf,1044,1044,data,True,1042,1042,SENATOR MARTIN HEINRICH,2014,72,22,block_data
114sdoc4,GPO-CDOC-114sdoc4.pdf,1045,1045,banner,True,1045,1045,SENATOR MARTIN HEINRICH,2015,152,58,block_start
114sdoc4,GPO-CDOC-114sdoc4.pdf,1046,1046,data,True,1045,1045,SENATOR MARTIN HEINRICH,2015,224,64,block_data
114sdoc4,GPO-CDOC-114sdoc4.pdf,1047,1047,data,True,1045,1045,SENATOR MARTIN HEINRICH,2015,242,66,block_data
114sdoc4,GPO-CDOC-114sdoc4.pdf,1048,1048,data,True,1045,1045,SENATOR MARTIN HEINRICH,2015,244,66,block_data
114sdoc4,GPO-CDOC-114sdoc4.pdf,1049,1049,data,True,1045,1045,SENATOR MARTIN HEINRICH,2015,251,67,block_data
114sdoc4,GPO-CDOC-114sdoc4.pdf,1050,1050,data,True,1045,1045,SENATOR MARTIN HEINRICH,2015,238,66,block_data
114sdoc4,GPO-CDOC-114sdoc4.pdf,1051,1051,data,True,1045,1045,SENATOR MARTIN HEINRICH,2015,250,67,block_data
114sdoc4,GPO-CDOC-114sdoc4.pdf,1052,1052,data,True,1045,1045,SENATOR MARTIN HEINRICH,2015,220,68,block_data
114sdoc4,GPO-CDOC-114sdoc4.pdf,1053,1053,data,True,1045,1045,SENATOR MARTIN HEINRICH,2015,197,71,block_data
114sdoc4,GPO-CDOC-114sdoc4.pdf,1054,1054,data,True,1045,1045,SENATOR MARTIN HEINRICH,2015,212,70,block_data
114sdoc4,GPO-CDOC-114sdoc4.pdf,1055,1055,data,True,1045,1045,SENATOR MARTIN HEINRICH,2015,244,66,block_data
114sdoc4,GPO-CDOC-114sdoc4.pdf,1056,1056,data,True,1045,1045,SENATOR MARTIN HEINRICH,2015,271,67,block_data
114sdoc4,GPO-CDOC-114sdoc4.pdf,1057,1057,data,True,1045,1045,SENATOR MARTIN HEINRICH,2015,62,22,block_data
114sdoc4,GPO-CDOC-114sdoc4.pdf,1058,1058,banner,True,1058,1058,SENATOR HEIDI HEITKAMP,2013,74,32,block_start
114sdoc4,GPO-CDOC-114sdoc4.pdf,1059,1059,banner,True,1059,1059,SENATOR HEIDI HEITKAMP,2014,160,55,block_start
114sdoc4,GPO-CDOC-114sdoc4.pdf,1060,1060,data,True,1059,1059,SENATOR HEIDI HEITKAMP,2014,227,69,block_data
114sdoc4,GPO-CDOC-114sdoc4.pdf,1061,1061,data,True,1059,1059,SENATOR HEIDI HEITKAMP,2014,137,32,block_data
114sdoc4,GPO-CDOC-114sdoc4.pdf,1062,1062,banner,True,1062,1062,SENATOR HEIDI HEITKAMP,2015,155,59,block_start
114sdoc4,GPO-CDOC-114sdoc4.pdf,1063,1063,data,True,1062,1062,SENATOR HEIDI HEITKAMP,2015,196,65,block_data
114sdoc4,GPO-CDOC-114sdoc4.pdf,1064,1064,data,True,1062,1062,SENATOR HEIDI HEITKAMP,2015,225,67,block_data
114sdoc4,GPO-CDOC-114sdoc4.pdf,1065,1065,data,True,1062,1062,SENATOR HEIDI HEITKAMP,2015,230,67,block_data
114sdoc4,GPO-CDOC-114sdoc4.pdf,1066,1066,data,True,1062,1062,SENATOR HEIDI HEITKAMP,2015,237,67,block_data
114sdoc4,GPO-CDOC-114sdoc4.pdf,1067,1067,data,True,1062,1062,SENATOR HEIDI HEITKAMP,2015,229,65,block_data
114sdoc4,GPO-CDOC-114sdoc4.pdf,1068,1068,data,True,1062,1062,SENATOR HEIDI HEITKAMP,2015,223,67,block_data
114sdoc4,GPO-CDOC-114sdoc4.pdf,1069,1069,data,True,1062,1062,SENATOR HEIDI HEITKAMP,2015,227,67,block_data
114sdoc4,GPO-CDOC-114sdoc4.pdf,1070,1070,data,True,1062,1062,SENATOR HEIDI HEITKAMP,2015,154,38,block_data
114sdoc4,GPO-CDOC-114sdoc4.pdf,1071,1071,banner,True,1071,1071,SENATOR DEAN HELLER,2013,71,31,block_start
114sdoc4,GPO-CDOC-114sdoc4.pdf,1072,1072,banner,True,1072,1072,SENATOR DEAN HELLER,2014,164,58,block_start
114sdoc4,GPO-CDOC-114sdoc4.pdf,1073,1073,data,True,1072,1072,SENATOR DEAN HELLER,2014,203,71,block_data
114sdoc4,GPO-CDOC-114sdoc4.pdf,1074,1074,data,True,1072,1072,SENATOR DEAN HELLER,2014,121,33,block_data
114sdoc4,GPO-CDOC-114sdoc4.pdf,1075,1075,banner,True,1075,1075,SENATOR DEAN HELLER,2015,152,58,block_start
114sdoc4,GPO-CDOC-114sdoc4.pdf,1076,1076,data,True,1075,1075,SENATOR DEAN HELLER,2015,204,65,block_data
114sdoc4,GPO-CDOC-114sdoc4.pdf,1077,1077,data,True,1075,1075,SENATOR DEAN HELLER,2015,203,70,block_data
114sdoc4,GPO-CDOC-114sdoc4.pdf,1078,1078,data,True,1075,1075,SENATOR DEAN HELLER,2015,221,67,block_data
114sdoc4,GPO-CDOC-114sdoc4.pdf,1079,1079,data,True,1075,1075,SENATOR DEAN HELLER,2015,210,71,block_data
114sdoc4,GPO-CDOC-114sdoc4.pdf,1080,1080,data,True,1075,1075,SENATOR DEAN HELLER,2015,143,45,block_data
114sdoc4,GPO-CDOC-114sdoc4.pdf,1081,1081,banner,True,1081,1081,SENATOR MAZIE HIRONO,2013,74,32,block_start
114sdoc4,GPO-CDOC-114sdoc4.pdf,1082,1082,banner,True,1082,1082,SENATOR MAZIE HIRONO,2014,167,56,block_start
114sdoc4,GPO-CDOC-114sdoc4.pdf,1083,1083,data,True,1082,1082,SENATOR MAZIE HIRONO,2014,235,67,block_data
114sdoc4,GPO-CDOC-114sdoc4.pdf,1084,1084,data,True,1082,1082,SENATOR MAZIE HIRONO,2014,216,40,block_data
114sdoc4,GPO-CDOC-114sdoc4.pdf,1085,1085,banner,True,1085,1085,SENATOR MAZIE HIRONO,2015,150,58,block_start
114sdoc4,GPO-CDOC-114sdoc4.pdf,1086,1086,data,True,1085,1085,SENATOR MAZIE HIRONO,2015,228,67,block_data
114sdoc4,GPO-CDOC-114sdoc4.pdf,1087,1087,data,True,1085,1085,SENATOR MAZIE HIRONO,2015,231,68,block_data
114sdoc4,GPO-CDOC-114sdoc4.pdf,1088,1088,data,True,1085,1085,SENATOR MAZIE HIRONO,2015,241,46,block_data
114sdoc4,GPO-CDOC-114sdoc4.pdf,1089,1089,banner,True,1089,1089,SENATOR JOHN HOEVEN,2013,71,31,block_start
114sdoc4,GPO-CDOC-114sdoc4.pdf,1090,1090,banner,True,1090,1090,SENATOR JOHN HOEVEN,2014,163,57,block_start
114sdoc4,GPO-CDOC-114sdoc4.pdf,1091,1091,data,True,1090,1090,SENATOR JOHN HOEVEN,2014,247,68,block_data
114sdoc4,GPO-CDOC-114sdoc4.pdf,1092,1092,data,True,1090,1090,SENATOR JOHN HOEVEN,2014,147,35,block_data
114sdoc4,GPO-CDOC-114sdoc4.pdf,1093,1093,banner,True,1093,1093,SENATOR JOHN HOEVEN,2015,152,58,block_start
114sdoc4,GPO-CDOC-114sdoc4.pdf,1094,1094,data,True,1093,1093,SENATOR JOHN HOEVEN,2015,221,68,block_data
114sdoc4,GPO-CDOC-114sdoc4.pdf,1095,1095,data,True,1093,1093,SENATOR JOHN HOEVEN,2015,230,67,block_data
114sdoc4,GPO-CDOC-114sdoc4.pdf,1096,1096,data,True,1093,1093,SENATOR JOHN HOEVEN,2015,230,65,block_data
114sdoc4,GPO-CDOC-114sdoc4.pdf,1097,1097,data,True,1093,1093,SENATOR JOHN HOEVEN,2015,239,64,block_data
114sdoc4,GPO-CDOC-114sdoc4.pdf,1098,1098,data,True,1093,1093,SENATOR JOHN HOEVEN,2015,19,13,block_data
114sdoc4,GPO-CDOC-114sdoc4.pdf,1099,1099,banner,True,1099,1099,SENATOR KAY BAILEY HUTCHISON,2013,71,31,block_start
114sdoc4,GPO-CDOC-114sdoc4.pdf,1100,1100,banner,True,1100,1100,SENATOR JAMES M. INHOFE,2013,71,31,block_start
114sdoc4,GPO-CDOC-114sdoc4.pdf,1101,1101,banner,True,1101,1101,SENATOR JAMES M. INHOFE,2014,165,56,block_start
114sdoc4,GPO-CDOC-114sdoc4.pdf,1102,1102,data,True,1101,1101,SENATOR JAMES M. INHOFE,2014,246,66,block_data
114sdoc4,GPO-CDOC-114sdoc4.pdf,1103,1103,data,True,1101,1101,SENATOR JAMES M. INHOFE,2014,243,67,block_data
114sdoc4,GPO-CDOC-114sdoc4.pdf,1104,1104,data,True,1101,1101,SENATOR JAMES M. INHOFE,2014,128,39,block_data
114sdoc4,GPO-CDOC-114sdoc4.pdf,1105,1105,banner,True,1105,1105,SENATOR JAMES M. INHOFE,2015,152,58,block_start
114sdoc4,GPO-CDOC-114sdoc4.pdf,1106,1106,data,True,1105,1105,SENATOR JAMES M. INHOFE,2015,226,66,block_data
114sdoc4,GPO-CDOC-114sdoc4.pdf,1107,1107,data,True,1105,1105,SENATOR JAMES M. INHOFE,2015,247,68,block_data
114sdoc4,GPO-CDOC-114sdoc4.pdf,1108,1108,data,True,1105,1105,SENATOR JAMES M. INHOFE,2015,241,67,block_data
114sdoc4,GPO-CDOC-114sdoc4.pdf,1109,1109,data,True,1105,1105,SENATOR JAMES M. INHOFE,2015,244,66,block_data
114sdoc4,GPO-CDOC-114sdoc4.pdf,1110,1110,data,True,1105,1105,SENATOR JAMES M. INHOFE,2015,224,65,block_data
114sdoc4,GPO-CDOC-114sdoc4.pdf,1111,1111,data,True,1105,1105,SENATOR JAMES M. INHOFE,2015,232,67,block_data
114sdoc4,GPO-CDOC-114sdoc4.pdf,1112,1112,data,True,1105,1105,SENATOR JAMES M. INHOFE,2015,225,67,block_data
114sdoc4,GPO-CDOC-114sdoc4.pdf,1113,1113,data,True,1105,1105,SENATOR JAMES M. INHOFE,2015,217,66,block_data
114sdoc4,GPO-CDOC-114sdoc4.pdf,1114,1114,data,True,1105,1105,SENATOR JAMES M. INHOFE,2015,178,45,block_data
114sdoc4,GPO-CDOC-114sdoc4.pdf,1115,1115,banner,True,1115,1115,SENATOR DANIEL K. INOUYE,2013,71,31,block_start
114sdoc4,GPO-CDOC-114sdoc4.pdf,1116,1116,banner,True,1116,1116,SENATOR JOHNNY ISAKSON,2013,84,35,block_start
114sdoc4,GPO-CDOC-114sdoc4.pdf,1117,1117,banner,True,1117,1117,SENATOR JOHNNY ISAKSON,2014,154,56,block_start
114sdoc4,GPO-CDOC-114sdoc4.pdf,1118,1118,data,True,1117,1117,SENATOR JOHNNY ISAKSON,2014,251,67,block_data
114sdoc4,GPO-CDOC-114sdoc4.pdf,1119,1119,data,True,1117,1117,SENATOR JOHNNY ISAKSON,2014,249,66,block_data
114sdoc4,GPO-CDOC-114sdoc4.pdf,1120,1120,data,True,1117,1117,SENATOR JOHNNY ISAKSON,2014,251,67,block_data
114sdoc4,GPO-CDOC-114sdoc4.pdf,1121,1121,data,True,1117,1117,SENATOR JOHNNY ISAKSON,2014,246,66,block_data
114sdoc4,GPO-CDOC-114sdoc4.pdf,1122,1122,data,True,1117,1117,SENATOR JOHNNY ISAKSON,2014,241,66,block_data
114sdoc4,GPO-CDOC-114sdoc4.pdf,1123,1123,data,True,1117,1117,SENATOR JOHNNY ISAKSON,2014,241,66,block_data
114sdoc4,GPO-CDOC-114sdoc4.pdf,1124,1124,data,True,1117,1117,SENATOR JOHNNY ISAKSON,2014,114,31,block_data
114sdoc4,GPO-CDOC-114sdoc4.pdf,1125,1125,banner,True,1125,1125,SENATOR JOHNNY ISAKSON,2015,155,59,block_start
114sdoc4,GPO-CDOC-114sdoc4.pdf,1126,1126,data,True,1125,1125,SENATOR JOHNNY ISAKSON,2015,219,65,block_data
114sdoc4,GPO-CDOC-114sdoc4.pdf,1127,1127,data,True,1125,1125,SENATOR JOHNNY ISAKSON,2015,223,68,block_data
114sdoc4,GPO-CDOC-114sdoc4.pdf,1128,1128,data,True,1125,1125,SENATOR JOHNNY ISAKSON,2015,214,66,block_data
114sdoc4,GPO-CDOC-114sdoc4.pdf,1129,1129,data,True,1125,1125,SENATOR JOHNNY ISAKSON,2015,245,67,block_data
114sdoc4,GPO-CDOC-114sdoc4.pdf,1130,1130,data,True,1125,1125,SENATOR JOHNNY ISAKSON,2015,247,68,block_data
114sdoc4,GPO-CDOC-114sdoc4.pdf,1131,1131,data,True,1125,1125,SENATOR JOHNNY ISAKSON,2015,241,66,block_data
114sdoc4,GPO-CDOC-114sdoc4.pdf,1132,1132,data,True,1125,1125,SENATOR JOHNNY ISAKSON,2015,251,68,block_data
114sdoc4,GPO-CDOC-114sdoc4.pdf,1133,1133,data,True,1125,1125,SENATOR JOHNNY ISAKSON,2015,245,67,block_data
114sdoc4,GPO-CDOC-114sdoc4.pdf,1134,1134,data,True,1125,1125,SENATOR JOHNNY ISAKSON,2015,241,66,block_data
114sdoc4,GPO-CDOC-114sdoc4.pdf,1135,1135,data,True,1125,1125,SENATOR JOHNNY ISAKSON,2015,243,67,block_data
114sdoc4,GPO-CDOC-114sdoc4.pdf,1136,1136,data,True,1125,1125,SENATOR JOHNNY ISAKSON,2015,245,67,block_data
114sdoc4,GPO-CDOC-114sdoc4.pdf,1137,1137,data,True,1125,1125,SENATOR JOHNNY ISAKSON,2015,249,66,block_data
114sdoc4,GPO-CDOC-114sdoc4.pdf,1138,1138,data,True,1125,1125,SENATOR JOHNNY ISAKSON,2015,245,67,block_data
114sdoc4,GPO-CDOC-114sdoc4.pdf,1139,1139,data,True,1125,1125,SENATOR JOHNNY ISAKSON,2015,243,66,block_data
114sdoc4,GPO-CDOC-114sdoc4.pdf,1140,1140,data,True,1125,1125,SENATOR JOHNNY ISAKSON,2015,239,67,block_data
114sdoc4,GPO-CDOC-114sdoc4.pdf,1141,1141,data,True,1125,1125,SENATOR JOHNNY ISAKSON,2015,246,67,block_data
114sdoc4,GPO-CDOC-114sdoc4.pdf,1142,1142,data,True,1125,1125,SENATOR JOHNNY ISAKSON,2015,243,66,block_data
114sdoc4,GPO-CDOC-114sdoc4.pdf,1143,1143,data,True,1125,1125,SENATOR JOHNNY ISAKSON,2015,249,68,block_data
114sdoc4,GPO-CDOC-114sdoc4.pdf,1144,1144,data,True,1125,1125,SENATOR JOHNNY ISAKSON,2015,74,23,block_data
114sdoc4,GPO-CDOC-114sdoc4.pdf,1145,1145,banner,True,1145,1145,SENATOR MIKE JOHANNS,2013,71,31,block_start
114sdoc4,GPO-CDOC-114sdoc4.pdf,1146,1146,banner,True,1146,1146,SENATOR MIKE JOHANNS,2014,169,58,block_start
114sdoc4,GPO-CDOC-114sdoc4.pdf,1147,1147,data,True,1146,1146,SENATOR MIKE JOHANNS,2014,155,49,block_data
114sdoc4,GPO-CDOC-114sdoc4.pdf,1148,1148,banner,True,1148,1148,SENATOR MIKE JOHANNS,2015,152,58,block_start
114sdoc4,GPO-CDOC-114sdoc4.pdf,1149,1149,data,True,1148,1148,SENATOR MIKE JOHANNS,2015,213,66,block_data
114sdoc4,GPO-CDOC-114sdoc4.pdf,1150,1150,data,True,1148,1148,SENATOR MIKE JOHANNS,2015,222,68,block_data
114sdoc4,GPO-CDOC-114sdoc4.pdf,1151,1151,data,True,1148,1148,SENATOR MIKE JOHANNS,2015,71,24,block_data
114sdoc4,GPO-CDOC-114sdoc4.pdf,1152,1152,banner,True,1152,1152,SENATOR TIM JOHNSON,2013,71,31,block_start
114sdoc4,GPO-CDOC-114sdoc4.pdf,1153,1153,banner,True,1153,1153,SENATOR TIM JOHNSON,2014,163,57,block_start
114sdoc4,GPO-CDOC-114sdoc4.pdf,1154,1154,data,True,1153,1153,SENATOR TIM JOHNSON,2014,53,20,block_data
114sdoc4,GPO-CDOC-114sdoc4.pdf,1155,1155,banner,True,1155,1155,SENATOR TIM JOHNSON,2015,152,58,block_start
114sdoc4,GPO-CDOC-114sdoc4.pdf,1156,1156,data,True,1155,1155,SENATOR TIM JOHNSON,2015,219,70,block_data
114sdoc4,GPO-CDOC-114sdoc4.pdf,1157,1157,data,True,1155,1155,SENATOR TIM JOHNSON,2015,119,40,block_data
114sdoc4,GPO-CDOC-114sdoc4.pdf,1158,1158,banner,True,1158,1158,SENATOR RON JOHNSON,2013,74,32,block_start
114sdoc4,GPO-CDOC-114sdoc4.pdf,1159,1159,banner,True,1159,1159,SENATOR RON JOHNSON,2014,154,56,block_start
114sdoc4,GPO-CDOC-114sdoc4.pdf,1160,1160,data,True,1159,1159,SENATOR RON JOHNSON,2014,202,68,block_data
114sdoc4,GPO-CDOC-114sdoc4.pdf,1161,1161,data,True,1159,1159,SENATOR RON JOHNSON,2014,215,67,block_data
114sdoc4,GPO-CDOC-114sdoc4.pdf,1162,1162,data,True,1159,1159,SENATOR RON JOHNSON,2014,215,70,block_data
114sdoc4,GPO-CDOC-114sdoc4.pdf,1163,1163,data,True,1159,1159,SENATOR RON JOHNSON,2014,211,68,block_data
114sdoc4,GPO-CDOC-114sdoc4.pdf,1164,1164,data,True,1159,1159,SENATOR RON JOHNSON,2014,98,33,block_data
114sdoc4,GPO-CDOC-114sdoc4.pdf,1165,1165,banner,True,1165,1165,SENATOR RON JOHNSON,2015,152,58,block_start
114sdoc4,GPO-CDOC-114sdoc4.pdf,1166,1166,data,True,1165,1165,SENATOR RON JOHNSON,2015,205,65,block_data
114sdoc4,GPO-CDOC-114sdoc4.pdf,1167,1167,data,True,1165,1165,SENATOR RON JOHNSON,2015,214,68,block_data
114sdoc4,GPO-CDOC-114sdoc4.pdf,1168,1168,data,True,1165,1165,SENATOR RON JOHNSON,2015,213,70,block_data
114sdoc4,GPO-CDOC-114sdoc4.pdf,1169,1169,data,True,1165,1165,SENATOR RON JOHNSON,2015,223,65,block_data
114sdoc4,GPO-CDOC-114sdoc4.pdf,1170,1170,data,True,1165,1165,SENATOR RON JOHNSON,2015,192,72,block_data
114sdoc4,GPO-CDOC-114sdoc4.pdf,1171,1171,data,True,1165,1165,SENATOR RON JOHNSON,2015,201,70,block_data
114sdoc4,GPO-CDOC-114sdoc4.pdf,1172,1172,data,True,1165,1165,SENATOR RON JOHNSON,2015,224,69,block_data
114sdoc4,GPO-CDOC-114sdoc4.pdf,1173,1173,data,True,1165,1165,SENATOR RON JOHNSON,2015,208,68,block_data
114sdoc4,GPO-CDOC-114sdoc4.pdf,1174,1174,data,True,1165,1165,SENATOR RON JOHNSON,2015,253,68,block_data
114sdoc4,GPO-CDOC-114sdoc4.pdf,1175,1175,data,True,1165,1165,SENATOR RON JOHNSON,2015,67,22,block_data
114sdoc4,GPO-CDOC-114sdoc4.pdf,1176,1176,banner,True,1176,1176,SENATOR TIM KAINE,2013,80,33,block_start
114sdoc4,GPO-CDOC-114sdoc4.pdf,1177,1177,banner,True,1177,1177,SENATOR TIM KAINE,2014,170,56,block_start
114sdoc4,GPO-CDOC-114sdoc4.pdf,1178,1178,data,True,1177,1177,SENATOR TIM KAINE,2014,240,68,block_data
114sdoc4,GPO-CDOC-114sdoc4.pdf,1179,1179,data,True,1177,1177,SENATOR TIM KAINE,2014,241,66,block_data
114sdoc4,GPO-CDOC-114sdoc4.pdf,1180,1180,data,True,1177,1177,SENATOR TIM KAINE,2014,243,65,block_data
114sdoc4,GPO-CDOC-114sdoc4.pdf,1181,1181,data,True,1177,1177,SENATOR TIM KAINE,2014,215,65,block_data
114sdoc4,GPO-CDOC-114sdoc4.pdf,1182,1182,data,True,1177,1177,SENATOR TIM KAINE,2014,242,69,block_data
114sdoc4,GPO-CDOC-114sdoc4.pdf,1183,1183,data,True,1177,1177,SENATOR TIM KAINE,2014,239,67,block_data
114sdoc4,GPO-CDOC-114sdoc4.pdf,1184,1184,data,True,1177,1177,SENATOR TIM KAINE,2014,267,66,block_data
114sdoc4,GPO-CDOC-114sdoc4.pdf,1185,1185,data,True,1177,1177,SENATOR TIM KAINE,2014,121,29,block_data
114sdoc4,GPO-CDOC-114sdoc4.pdf,1186,1186,banner,True,1186,1186,SENATOR TIM KAINE,2015,152,58,block_start
114sdoc4,GPO-CDOC-114sdoc4.pdf,1187,1187,data,True,1186,1186,SENATOR TIM KAINE,2015,194,66,block_data
114sdoc4,GPO-CDOC-114sdoc4.pdf,1188,1188,data,True,1186,1186,SENATOR TIM KAINE,2015,231,66,block_data
114sdoc4,GPO-CDOC-114sdoc4.pdf,1189,1189,data,True,1186,1186,SENATOR TIM KAINE,2015,232,67,block_data
114sdoc4,GPO-CDOC-114sdoc4.pdf,1190,1190,data,True,1186,1186,SENATOR TIM KAINE,2015,235,66,block_data
114sdoc4,GPO-CDOC-114sdoc4.pdf,1191,1191,data,True,1186,1186,SENATOR TIM KAINE,2015,228,68,block_data
114sdoc4,GPO-CDOC-114sdoc4.pdf,1192,1192,data,True,1186,1186,SENATOR TIM KAINE,2015,227,65,block_data
114sdoc4,GPO-CDOC-114sdoc4.pdf,1193,1193,data,True,1186,1186,SENATOR TIM KAINE,2015,226,68,block_data
114sdoc4,GPO-CDOC-114sdoc4.pdf,1194,1194,data,True,1186,1186,SENATOR TIM KAINE,2015,243,67,block_data
114sdoc4,GPO-CDOC-114sdoc4.pdf,1195,1195,data,True,1186,1186,SENATOR TIM KAINE,2015,199,54,block_data
114sdoc4,GPO-CDOC-114sdoc4.pdf,1196,1196,banner,True,1196,1196,SENATOR JOHN F. KERRY,2013,71,31,block_start
114sdoc4,GPO-CDOC-114sdoc4.pdf,1197,1197,banner,True,1197,1197,SENATOR ANGUS KING,2013,74,32,block_start
114sdoc4,GPO-CDOC-114sdoc4.pdf,1198,1198,banner,True,1198,1198,SENATOR ANGUS KING,2014,143,54,block_start
114sdoc4,GPO-CDOC-114sdoc4.pdf,1199,1199,data,True,1198,1198,SENATOR ANGUS KING,2014,202,71,block_data
114sdoc4,GPO-CDOC-114sdoc4.pdf,1200,1200,data,True,1198,1198,SENATOR ANGUS KING,2014,225,63,block_data
114sdoc4,GPO-CDOC-114sdoc4.pdf,1201,1201,banner,True,1201,1201,SENATOR ANGUS KING,2015,152,58,block_start
114sdoc4,GPO-CDOC-114sdoc4.pdf,1202,1202,data,True,1201,1201,SENATOR ANGUS KING,2015,215,69,block_data
114sdoc4,GPO-CDOC-114sdoc4.pdf,1203,1203,data,True,1201,1201,SENATOR ANGUS KING,2015,222,69,block_data
114sdoc4,GPO-CDOC-114sdoc4.pdf,1204,1204,data,True,1201,1201,SENATOR ANGUS KING,2015,209,73,block_data
114sdoc4,GPO-CDOC-114sdoc4.pdf,1205,1205,data,True,1201,1201,SENATOR ANGUS KING,2015,211,68,block_data
114sdoc4,GPO-CDOC-114sdoc4.pdf,1206,1206,data,True,1201,1201,SENATOR ANGUS KING,2015,221,70,block_data
114sdoc4,GPO-CDOC-114sdoc4.pdf,1207,1207,data,True,1201,1201,SENATOR ANGUS KING,2015,211,67,block_data
114sdoc4,GPO-CDOC-114sdoc4.pdf,1208,1208,data,True,1201,1201,SENATOR ANGUS KING,2015,216,71,block_data
114sdoc4,GPO-CDOC-114sdoc4.pdf,1209,1209,data,True,1201,1201,SENATOR ANGUS KING,2015,219,68,block_data
114sdoc4,GPO-CDOC-114sdoc4.pdf,1210,1210,data,True,1201,1201,SENATOR ANGUS KING,2015,231,68,block_data
114sdoc4,GPO-CDOC-114sdoc4.pdf,1211,1211,data,True,1201,1201,SENATOR ANGUS KING,2015,215,72,block_data
114sdoc4,GPO-CDOC-114sdoc4.pdf,1212,1212,data,True,1201,1201,SENATOR ANGUS KING,2015,230,69,block_data
114sdoc4,GPO-CDOC-114sdoc4.pdf,1213,1213,data,True,1201,1201,SENATOR ANGUS KING,2015,273,71,block_data
114sdoc4,GPO-CDOC-114sdoc4.pdf,1214,1214,data,True,1201,1201,SENATOR ANGUS KING,2015,48,20,block_data
114sdoc4,GPO-CDOC-114sdoc4.pdf,1215,1215,banner,True,1215,1215,SENATOR MARK KIRK,2013,74,32,block_start
114sdoc4,GPO-CDOC-114sdoc4.pdf,1216,1216,banner,True,1216,1216,SENATOR MARK KIRK,2014,164,57,block_start
114sdoc4,GPO-CDOC-114sdoc4.pdf,1217,1217,data,True,1216,1216,SENATOR MARK KIRK,2014,219,68,block_data
114sdoc4,GPO-CDOC-114sdoc4.pdf,1218,1218,data,True,1216,1216,SENATOR MARK KIRK,2014,164,45,block_data
114sdoc4,GPO-CDOC-114sdoc4.pdf,1219,1219,banner,True,1219,1219,SENATOR MARK KIRK,2015,152,58,block_start
114sdoc4,GPO-CDOC-114sdoc4.pdf,1220,1220,data,True,1219,1219,SENATOR MARK KIRK,2015,214,68,block_data
114sdoc4,GPO-CDOC-114sdoc4.pdf,1221,1221,data,True,1219,1219,SENATOR MARK KIRK,2015,232,68,block_data
114sdoc4,GPO-CDOC-114sdoc4.pdf,1222,1222,data,True,1219,1219,SENATOR MARK KIRK,2015,231,67,block_data
114sdoc4,GPO-CDOC-114sdoc4.pdf,1223,1223,data,True,1219,1219,SENATOR MARK KIRK,2015,223,70,block_data
114sdoc4,GPO-CDOC-114sdoc4.pdf,1224,1224,data,True,1219,1219,SENATOR MARK KIRK,2015,217,69,block_data
114sdoc4,GPO-CDOC-114sdoc4.pdf,1225,1225,data,True,1219,1219,SENATOR MARK KIRK,2015,228,68,block_data
114sdoc4,GPO-CDOC-114sdoc4.pdf,1226,1226,data,True,1219,1219,SENATOR MARK KIRK,2015,222,66,block_data
114sdoc4,GPO-CDOC-114sdoc4.pdf,1227,1227,data,True,1219,1219,SENATOR MARK KIRK,2015,247,67,block_data
114sdoc4,GPO-CDOC-114sdoc4.pdf,1228,1228,data,True,1219,1219,SENATOR MARK KIRK,2015,83,25,block_data
114sdoc4,GPO-CDOC-114sdoc4.pdf,1229,1229,banner,True,1229,1229,SENATOR AMY KLOBUCHAR,2013,83,34,block_start
114sdoc4,GPO-CDOC-114sdoc4.pdf,1230,1230,banner,True,1230,1230,SENATOR AMY KLOBUCHAR,2014,171,56,block_start
114sdoc4,GPO-CDOC-114sdoc4.pdf,1231,1231,data,True,1230,1230,SENATOR AMY KLOBUCHAR,2014,244,67,block_data
114sdoc4,GPO-CDOC-114sdoc4.pdf,1232,1232,data,True,1230,1230,SENATOR AMY KLOBUCHAR,2014,235,64,block_data
114sdoc4,GPO-CDOC-114sdoc4.pdf,1233,1233,data,True,1230,1230,SENATOR AMY KLOBUCHAR,2014,123,37,block_data
114sdoc4,GPO-CDOC-114sdoc4.pdf,1234,1234,banner,True,1234,1234,SENATOR AMY KLOBUCHAR,2015,155,59,block_start
114sdoc4,GPO-CDOC-114sdoc4.pdf,1235,1235,data,True,1234,1234,SENATOR AMY KLOBUCHAR,2015,226,67,block_data
114sdoc4,GPO-CDOC-114sdoc4.pdf,1236,1236,data,True,1234,1234,SENATOR AMY KLOBUCHAR,2015,244,68,block_data
114sdoc4,GPO-CDOC-114sdoc4.pdf,1237,1237,data,True,1234,1234,SENATOR AMY KLOBUCHAR,2015,231,66,block_data
114sdoc4,GPO-CDOC-114sdoc4.pdf,1238,1238,data,True,1234,1234,SENATOR AMY KLOBUCHAR,2015,245,67,block_data
114sdoc4,GPO-CDOC-114sdoc4.pdf,1239,1239,data,True,1234,1234,SENATOR AMY KLOBUCHAR,2015,246,66,block_data
114sdoc4,GPO-CDOC-114sdoc4.pdf,1240,1240,data,True,1234,1234,SENATOR AMY KLOBUCHAR,2015,245,66,block_data
114sdoc4,GPO-CDOC-114sdoc4.pdf,1241,1241,data,True,1234,1234,SENATOR AMY KLOBUCHAR,2015,248,67,block_data
114sdoc4,GPO-CDOC-114sdoc4.pdf,1242,1242,data,True,1234,1234,SENATOR AMY KLOBUCHAR,2015,231,66,block_data
114sdoc4,GPO-CDOC-114sdoc4.pdf,1243,1243,data,True,1234,1234,SENATOR AMY KLOBUCHAR,2015,245,66,block_data
114sdoc4,GPO-CDOC-114sdoc4.pdf,1244,1244,data,True,1234,1234,SENATOR AMY KLOBUCHAR,2015,244,68,block_data
114sdoc4,GPO-CDOC-114sdoc4.pdf,1245,1245,data,True,1234,1234,SENATOR AMY KLOBUCHAR,2015,241,65,block_data
114sdoc4,GPO-CDOC-114sdoc4.pdf,1246,1246,data,True,1234,1234,SENATOR AMY KLOBUCHAR,2015,246,67,block_data
114sdoc4,GPO-CDOC-114sdoc4.pdf,1247,1247,data,True,1234,1234,SENATOR AMY KLOBUCHAR,2015,184,49,block_data
114sdoc4,GPO-CDOC-114sdoc4.pdf,1248,1248,banner,True,1248,1248,SENATOR HERBERT H. KOHL,2013,74,32,block_start
114sdoc4,GPO-CDOC-114sdoc4.pdf,1249,1249,banner,True,1249,1249,SENATOR JON KYL,2013,71,31,block_start
114sdoc4,GPO-CDOC-114sdoc4.pdf,1250,1250,banner,True,1250,1250,SENATOR MARY L. LANDRIEU,2013,164,57,block_start
114sdoc4,GPO-CDOC-114sdoc4.pdf,1251,1251,data,True,1250,1250,SENATOR MARY L. LANDRIEU,2013,126,39,block_data
114sdoc4,GPO-CDOC-114sdoc4.pdf,1252,1252,banner,True,1252,1252,SENATOR MARY L. LANDRIEU,2014,167,57,block_start
114sdoc4,GPO-CDOC-114sdoc4.pdf,1253,1253,data,True,1252,1252,SENATOR MARY L. LANDRIEU,2014,245,67,block_data
114sdoc4,GPO-CDOC-114sdoc4.pdf,1254,1254,data,True,1252,1252,SENATOR MARY L. LANDRIEU,2014,232,65,block_data
114sdoc4,GPO-CDOC-114sdoc4.pdf,1255,1255,data,True,1252,1252,SENATOR MARY L. LANDRIEU,2014,162,45,block_data
114sdoc4,GPO-CDOC-114sdoc4.pdf,1256,1256,banner,True,1256,1256,SENATOR MARY L. LANDRIEU,2015,152,58,block_start
114sdoc4,GPO-CDOC-114sdoc4.pdf,1257,1257,data,True,1256,1256,SENATOR MARY L. LANDRIEU,2015,235,68,block_data
114sdoc4,GPO-CDOC-114sdoc4.pdf,1258,1258,data,True,1256,1256,SENATOR MARY L. LANDRIEU,2015,250,66,block_data
114sdoc4,GPO-CDOC-114sdoc4.pdf,1259,1259,data,True,1256,1256,SENATOR MARY L. LANDRIEU,2015,257,67,block_data
114sdoc4,GPO-CDOC-114sdoc4.pdf,1260,1260,data,True,1256,1256,SENATOR MARY L. LANDRIEU,2015,132,32,block_data
114sdoc4,GPO-CDOC-114sdoc4.pdf,1261,1261,banner,True,1261,1261,SENATOR JAMES LANKFORD,2015,152,58,block_start
114sdoc4,GPO-CDOC-114sdoc4.pdf,1262,1262,data,True,1261,1261,SENATOR JAMES LANKFORD,2015,193,65,block_data
114sdoc4,GPO-CDOC-114sdoc4.pdf,1263,1263,data,True,1261,1261,SENATOR JAMES LANKFORD,2015,211,71,block_data
114sdoc4,GPO-CDOC-114sdoc4.pdf,1264,1264,data,True,1261,1261,SENATOR JAMES LANKFORD,2015,133,43,block_data
114sdoc4,GPO-CDOC-114sdoc4.pdf,1265,1265,banner,True,1265,1265,SENATOR FRANK R. LAUTENBERG,2013,71,31,block_start
114sdoc4,GPO-CDOC-114sdoc4.pdf,1266,1266,banner,True,1266,1266,SENATOR PATRICK J. LEAHY,2013,71,31,block_start
114sdoc4,GPO-CDOC-114sdoc4.pdf,1267,1267,banner,True,1267,1267,SENATOR PATRICK J. LEAHY,2014,164,57,block_start
114sdoc4,GPO-CDOC-114sdoc4.pdf,1268,1268,data,True,1267,1267,SENATOR PATRICK J. LEAHY,2014,248,68,block_data
114sdoc4,GPO-CDOC-114sdoc4.pdf,1269,1269,data,True,1267,1267,SENATOR PATRICK J. LEAHY,2014,243,67,block_data
114sdoc4,GPO-CDOC-114sdoc4.pdf,1270,1270,data,True,1267,1267,SENATOR PATRICK J. LEAHY,2014,233,69,block_data
114sdoc4,GPO-CDOC-114sdoc4.pdf,1271,1271,data,True,1267,1267,SENATOR PATRICK J. LEAHY,2014,229,66,block_data
114sdoc4,GPO-CDOC-114sdoc4.pdf,1272,1272,data,True,1267,1267,SENATOR PATRICK J. LEAHY,2014,138,37,block_data
114sdoc4,GPO-CDOC-114sdoc4.pdf,1273,1273,banner,True,1273,1273,SENATOR PATRICK J. LEAHY,2015,152,58,block_start
114sdoc4,GPO-CDOC-114sdoc4.pdf,1274,1274,data,True,1273,1273,SENATOR PATRICK J. LEAHY,2015,225,66,block_data
114sdoc4,GPO-CDOC-114sdoc4.pdf,1275,1275,data,True,1273,1273,SENATOR PATRICK J. LEAHY,2015,225,69,block_data
114sdoc4,GPO-CDOC-114sdoc4.pdf,1276,1276,data,True,1273,1273,SENATOR PATRICK J. LEAHY,2015,245,68,block_data
114sdoc4,GPO-CDOC-114sdoc4.pdf,1277,1277,data,True,1273,1273,SENATOR PATRICK J. LEAHY,2015,238,67,block_data
114sdoc4,GPO-CDOC-114sdoc4.pdf,1278,1278,data,True,1273,1273,SENATOR PATRICK J. LEAHY,2015,231,66,block_data
114sdoc4,GPO-CDOC-114sdoc4.pdf,1279,1279,data,True,1273,1273,SENATOR PATRICK J. LEAHY,2015,276,67,block_data
114sdoc4,GPO-CDOC-114sdoc4.pdf,1280,1280,banner,True,1280,1280,SENATOR MIKE LEE,2013,74,33,block_start
114sdoc4,GPO-CDOC-114sdoc4.pdf,1281,1281,banner,True,1281,1281,SENATOR MIKE LEE,2014,156,58,block_start
114sdoc4,GPO-CDOC-114sdoc4.pdf,1282,1282,data,True,1281,1281,SENATOR MIKE LEE,2014,242,61,block_data
114sdoc4,GPO-CDOC-114sdoc4.pdf,1283,1283,banner,True,1283,1283,SENATOR MIKE LEE,2015,152,58,block_start
114sdoc4,GPO-CDOC-114sdoc4.pdf,1284,1284,data,True,1283,1283,SENATOR MIKE LEE,2015,203,67,block_data
114sdoc4,GPO-CDOC-114sdoc4.pdf,1285,1285,data,True,1283,1283,SENATOR MIKE LEE,2015,208,69,block_data
114sdoc4,GPO-CDOC-114sdoc4.pdf,1286,1286,data,True,1283,1283,SENATOR MIKE LEE,2015,202,72,block_data
114sdoc4,GPO-CDOC-114sdoc4.pdf,1287,1287,data,True,1283,1283,SENATOR MIKE LEE,2015,267,66,block_data
114sdoc4,GPO-CDOC-114sdoc4.pdf,1288,1288,data,True,1283,1283,SENATOR MIKE LEE,2015,27,17,block_data
114sdoc4,GPO-CDOC-114sdoc4.pdf,1289,1289,banner,True,1289,1289,SENATOR CARL LEVIN,2013,74,32,block_start
114sdoc4,GPO-CDOC-114sdoc4.pdf,1290,1290,banner,True,1290,1290,SENATOR CARL LEVIN,2014,169,58,block_start
114sdoc4,GPO-CDOC-114sdoc4.pdf,1291,1291,data,True,1290,1290,SENATOR CARL LEVIN,2014,226,65,block_data
114sdoc4,GPO-CDOC-114sdoc4.pdf,1292,1292,banner,True,1292,1292,SENATOR CARL LEVIN,2015,150,58,block_start
114sdoc4,GPO-CDOC-114sdoc4.pdf,1293,1293,data,True,1292,1292,SENATOR CARL LEVIN,2015,216,66,block_data
114sdoc4,GPO-CDOC-114sdoc4.pdf,1294,1294,data,True,1292,1292,SENATOR CARL LEVIN,2015,230,66,block_data
114sdoc4,GPO-CDOC-114sdoc4.pdf,1295,1295,data,True,1292,1292,SENATOR CARL LEVIN,2015,145,41,block_data
114sdoc4,GPO-CDOC-114sdoc4.pdf,1296,1296,banner,True,1296,1296,SENATOR JOSEPH I. LIEBERMAN,2013,71,31,block_start
114sdoc4,GPO-CDOC-114sdoc4.pdf,1297,1297,banner,True,1297,1297,SENATOR RICHARD G. LUGAR,2013,71,31,block_start
114sdoc4,GPO-CDOC-114sdoc4.pdf,1298,1298,banner,True,1298,1298,SENATOR JOE MANCHIN,2013,74,32,block_start
114sdoc4,GPO-CDOC-114sdoc4.pdf,1299,1299,banner,True,1299,1299,SENATOR JOE MANCHIN,2014,166,56,block_start
114sdoc4,GPO-CDOC-114sdoc4.pdf,1300,1300,data,True,1299,1299,SENATOR JOE MANCHIN,2014,251,67,block_data
114sdoc4,GPO-CDOC-114sdoc4.pdf,1301,1301,data,True,1299,1299,SENATOR JOE MANCHIN,2014,248,68,block_data
114sdoc4,GPO-CDOC-114sdoc4.pdf,1302,1302,data,True,1299,1299,SENATOR JOE MANCHIN,2014,242,65,block_data
114sdoc4,GPO-CDOC-114sdoc4.pdf,1303,1303,banner,True,1303,1303,SENATOR JOE MANCHIN,2015,152,58,block_start
114sdoc4,GPO-CDOC-114sdoc4.pdf,1304,1304,data,True,1303,1303,SENATOR JOE MANCHIN,2015,220,67,block_data
114sdoc4,GPO-CDOC-114sdoc4.pdf,1305,1305,data,True,1303,1303,SENATOR JOE MANCHIN,2015,238,66,block_data
114sdoc4,GPO-CDOC-114sdoc4.pdf,1306,1306,data,True,1303,1303,SENATOR JOE MANCHIN,2015,242,65,block_data
114sdoc4,GPO-CDOC-114sdoc4.pdf,1307,1307,data,True,1303,1303,SENATOR JOE MANCHIN,2015,241,66,block_data
114sdoc4,GPO-CDOC-114sdoc4.pdf,1308,1308,data,True,1303,1303,SENATOR JOE MANCHIN,2015,249,66,block_data
114sdoc4,GPO-CDOC-114sdoc4.pdf,1309,1309,data,True,1303,1303,SENATOR JOE MANCHIN,2015,247,67,block_data
114sdoc4,GPO-CDOC-114sdoc4.pdf,1310,1310,data,True,1303,1303,SENATOR JOE MANCHIN,2015,243,67,block_data
114sdoc4,GPO-CDOC-114sdoc4.pdf,1311,1311,data,True,1303,1303,SENATOR JOE MANCHIN,2015,243,65,block_data
114sdoc4,GPO-CDOC-114sdoc4.pdf,1312,1312,data,True,1303,1303,SENATOR JOE MANCHIN,2015,241,66,block_data
114sdoc4,GPO-CDOC-114sdoc4.pdf,1313,1313,data,True,1303,1303,SENATOR JOE MANCHIN,2015,245,66,block_data
114sdoc4,GPO-CDOC-114sdoc4.pdf,1314,1314,data,True,1303,1303,SENATOR JOE MANCHIN,2015,245,67,block_data
114sdoc4,GPO-CDOC-114sdoc4.pdf,1315,1315,data,True,1303,1303,SENATOR JOE MANCHIN,2015,137,35,block_data
114sdoc4,GPO-CDOC-114sdoc4.pdf,1316,1316,banner,True,1316,1316,SENATOR EDWARD MARKEY,2013,68,30,block_start
114sdoc4,GPO-CDOC-114sdoc4.pdf,1317,1317,banner,True,1317,1317,SENATOR EDWARD MARKEY,2014,159,53,block_start
114sdoc4,GPO-CDOC-114sdoc4.pdf,1318,1318,banner,True,1318,1318,SENATOR EDWARD MARKEY,2015,148,58,block_start
114sdoc4,GPO-CDOC-114sdoc4.pdf,1319,1319,data,True,1318,1318,SENATOR EDWARD MARKEY,2015,233,66,block_data
114sdoc4,GPO-CDOC-114sdoc4.pdf,1320,1320,data,True,1318,1318,SENATOR EDWARD MARKEY,2015,25,16,block_data
114sdoc4,GPO-CDOC-114sdoc4.pdf,1321,1321,banner,True,1321,1321,SENATOR JOHN MCCAIN,2013,74,32,block_start
114sdoc4,GPO-CDOC-114sdoc4.pdf,1322,1322,banner,True,1322,1322,SENATOR JOHN MCCAIN,2014,172,57,block_start
114sdoc4,GPO-CDOC-114sdoc4.pdf,1323,1323,data,True,1322,1322,SENATOR JOHN MCCAIN,2014,81,28,block_data
114sdoc4,GPO-CDOC-114sdoc4.pdf,1324,1324,banner,True,1324,1324,SENATOR JOHN MCCAIN,2015,152,58,block_start
114sdoc4,GPO-CDOC-114sdoc4.pdf,1325,1325,data,True,1324,1324,SENATOR JOHN MCCAIN,2015,207,65,block_data
114sdoc4,GPO-CDOC-114sdoc4.pdf,1326,1326,data,True,1324,1324,SENATOR JOHN MCCAIN,2015,239,66,block_data
114sdoc4,GPO-CDOC-114sdoc4.pdf,1327,1327,data,True,1324,1324,SENATOR JOHN MCCAIN,2015,239,68,block_data
114sdoc4,GPO-CDOC-114sdoc4.pdf,1328,1328,data,True,1324,1324,SENATOR JOHN MCCAIN,2015,127,32,block_data
114sdoc4,GPO-CDOC-114sdoc4.pdf,1329,1329,banner,True,1329,1329,SENATOR CLAIRE MCCASKILL,2013,74,32,block_start
114sdoc4,GPO-CDOC-114sdoc4.pdf,1330,1330,banner,True,1330,1330,SENATOR CLAIRE MCCASKILL,2014,164,56,block_start
114sdoc4,GPO-CDOC-114sdoc4.pdf,1331,1331,data,True,1330,1330,SENATOR CLAIRE MCCASKILL,2014,227,66,block_data
114sdoc4,GPO-CDOC-114sdoc4.pdf,1332,1332,data,True,1330,1330,SENATOR CLAIRE MCCASKILL,2014,214,62,block_data
114sdoc4,GPO-CDOC-114sdoc4.pdf,1333,1333,banner,True,1333,1333,SENATOR CLAIRE MCCASKILL,2015,152,58,block_start
114sdoc4,GPO-CDOC-114sdoc4.pdf,1334,1334,data,True,1333,1333,SENATOR CLAIRE MCCASKILL,2015,227,66,block_data
114sdoc4,GPO-CDOC-114sdoc4.pdf,1335,1335,data,True,1333,1333,SENATOR CLAIRE MCCASKILL,2015,231,66,block_data
114sdoc4,GPO-CDOC-114sdoc4.pdf,1336,1336,data,True,1333,1333,SENATOR CLAIRE MCCASKILL,2015,245,66,block_data
114sdoc4,GPO-CDOC-114sdoc4.pdf,1337,1337,data,True,1333,1333,SENATOR CLAIRE MCCASKILL,2015,232,67,block_data
114sdoc4,GPO-CDOC-114sdoc4.pdf,1338,1338,data,True,1333,1333,SENATOR CLAIRE MCCASKILL,2015,251,67,block_data
114sdoc4,GPO-CDOC-114sdoc4.pdf,1339,1339,data,True,1333,1333,SENATOR CLAIRE MCCASKILL,2015,250,67,block_data
114sdoc4,GPO-CDOC-114sdoc4.pdf,1340,1340,data,True,1333,1333,SENATOR CLAIRE MCCASKILL,2015,243,65,block_data
114sdoc4,GPO-CDOC-114sdoc4.pdf,1341,1341,data,True,1333,1333,SENATOR CLAIRE MCCASKILL,2015,271,66,block_data
114sdoc4,GPO-CDOC-114sdoc4.pdf,1342,1342,data,True,1333,1333,SENATOR CLAIRE MCCASKILL,2015,27,17,block_data
114sdoc4,GPO-CDOC-114sdoc4.pdf,1343,1343,banner,True,1343,1343,"SENATOR A. MITCHELL MCCONNELL, JR.",2013,71,31,block_start
114sdoc4,GPO-CDOC-114sdoc4.pdf,1344,1344,banner,True,1344,1344,"SENATOR A. MITCHELL MCCONNELL, JR.",2014,140,58,block_start
114sdoc4,GPO-CDOC-114sdoc4.pdf,1345,1345,data,True,1344,1344,"SENATOR A. MITCHELL MCCONNELL, JR.",2014,218,66,block_data
114sdoc4,GPO-CDOC-114sdoc4.pdf,1346,1346,banner,True,1346,1346,"SENATOR A. MITCHELL MCCONNELL, JR.",2015,155,59,block_start
114sdoc4,GPO-CDOC-114sdoc4.pdf,1347,1347,data,True,1346,1346,"SENATOR A. MITCHELL MCCONNELL, JR.",2015,200,68,block_data
114sdoc4,GPO-CDOC-114sdoc4.pdf,1348,1348,data,True,1346,1346,"SENATOR A. MITCHELL MCCONNELL, JR.",2015,190,71,block_data
114sdoc4,GPO-CDOC-114sdoc4.pdf,1349,1349,data,True,1346,1346,"SENATOR A. MITCHELL MCCONNELL, JR.",2015,209,69,block_data
114sdoc4,GPO-CDOC-114sdoc4.pdf,1350,1350,data,True,1346,1346,"SENATOR A. MITCHELL MCCONNELL, JR.",2015,203,72,block_data
114sdoc4,GPO-CDOC-114sdoc4.pdf,1351,1351,data,True,1346,1346,"SENATOR A. MITCHELL MCCONNELL, JR.",2015,178,50,block_data
114sdoc4,GPO-CDOC-114sdoc4.pdf,1352,1352,banner,True,1352,1352,SENATOR ROBERT MENENDEZ,2013,74,32,block_start
114sdoc4,GPO-CDOC-114sdoc4.pdf,1353,1353,banner,True,1353,1353,SENATOR ROBERT MENENDEZ,2014,153,56,block_start
114sdoc4,GPO-CDOC-114sdoc4.pdf,1354,1354,data,True,1353,1353,SENATOR ROBERT MENENDEZ,2014,222,72,block_data
114sdoc4,GPO-CDOC-114sdoc4.pdf,1355,1355,data,True,1353,1353,SENATOR ROBERT MENENDEZ,2014,214,56,block_data
114sdoc4,GPO-CDOC-114sdoc4.pdf,1356,1356,banner,True,1356,1356,SENATOR ROBERT MENENDEZ,2015,152,58,block_start
114sdoc4,GPO-CDOC-114sdoc4.pdf,1357,1357,data,True,1356,1356,SENATOR ROBERT MENENDEZ,2015,210,65,block_data
114sdoc4,GPO-CDOC-114sdoc4.pdf,1358,1358,data,True,1356,1356,SENATOR ROBERT MENENDEZ,2015,229,66,block_data
114sdoc4,GPO-CDOC-114sdoc4.pdf,1359,1359,data,True,1356,1356,SENATOR ROBERT MENENDEZ,2015,216,67,block_data
114sdoc4,GPO-CDOC-114sdoc4.pdf,1360,1360,data,True,1356,1356,SENATOR ROBERT MENENDEZ,2015,208,72,block_data
114sdoc4,GPO-CDOC-114sdoc4.pdf,1361,1361,data,True,1356,1356,SENATOR ROBERT MENENDEZ,2015,161,39,block_data
114sdoc4,GPO-CDOC-114sdoc4.pdf,1362,1362,banner,True,1362,1362,SENATOR JEFF MERKLEY,2013,71,31,block_start
114sdoc4,GPO-CDOC-114sdoc4.pdf,1363,1363,banner,True,1363,1363,SENATOR JEFF MERKLEY,2014,160,56,block_start
114sdoc4,GPO-CDOC-114sdoc4.pdf,1364,1364,data,True,1363,1363,SENATOR JEFF MERKLEY,2014,309,70,block_data
114sdoc4,GPO-CDOC-114sdoc4.pdf,1365,1365,data,True,1363,1363,SENATOR JEFF MERKLEY,2014,156,34,block_data
114sdoc4,GPO-CDOC-114sdoc4.pdf,1366,1366,banner,True,1366,1366,SENATOR JEFF MERKLEY,2015,152,58,block_start
114sdoc4,GPO-CDOC-114sdoc4.pdf,1367,1367,data,True,1366,1366,SENATOR JEFF MERKLEY,2015,214,66,block_data
114sdoc4,GPO-CDOC-114sdoc4.pdf,1368,1368,data,True,1366,1366,SENATOR JEFF MERKLEY,2015,232,68,block_data
114sdoc4,GPO-CDOC-114sdoc4.pdf,1369,1369,data,True,1366,1366,SENATOR JEFF MERKLEY,2015,238,67,block_data
114sdoc4,GPO-CDOC-114sdoc4.pdf,1370,1370,data,True,1366,1366,SENATOR JEFF MERKLEY,2015,231,68,block_data
114sdoc4,GPO-CDOC-114sdoc4.pdf,1371,1371,data,True,1366,1366,SENATOR JEFF MERKLEY,2015,221,68,block_data
114sdoc4,GPO-CDOC-114sdoc4.pdf,1372,1372,data,True,1366,1366,SENATOR JEFF MERKLEY,2015,123,33,block_data
114sdoc4,GPO-CDOC-114sdoc4.pdf,1373,1373,banner,True,1373,1373,SENATOR BARBARA A. MIKULSKI,2013,103,42,block_start
114sdoc4,GPO-CDOC-114sdoc4.pdf,1374,1374,banner,True,1374,1374,SENATOR BARBARA A. MIKULSKI,2014,160,58,block_start
114sdoc4,GPO-CDOC-114sdoc4.pdf,1375,1375,data,True,1374,1374,SENATOR BARBARA A. MIKULSKI,2014,227,72,block_data
114sdoc4,GPO-CDOC-114sdoc4.pdf,1376,1376,data,True,1374,1374,SENATOR BARBARA A. MIKULSKI,2014,227,68,block_data
114sdoc4,GPO-CDOC-114sdoc4.pdf,1377,1377,data,True,1374,1374,SENATOR BARBARA A. MIKULSKI,2014,232,66,block_data
114sdoc4,GPO-CDOC-114sdoc4.pdf,1378,1378,banner,True,1378,1378,SENATOR BARBARA A. MIKULSKI,2015,152,58,block_start
114sdoc4,GPO-CDOC-114sdoc4.pdf,1379,1379,data,True,1378,1378,SENATOR BARBARA A. MIKULSKI,2015,220,66,block_data
114sdoc4,GPO-CDOC-114sdoc4.pdf,1380,1380,data,True,1378,1378,SENATOR BARBARA A. MIKULSKI,2015,233,68,block_data
114sdoc4,GPO-CDOC-114sdoc4.pdf,1381,1381,data,True,1378,1378,SENATOR BARBARA A. MIKULSKI,2015,220,64,block_data
114sdoc4,GPO-CDOC-114sdoc4.pdf,1382,1382,data,True,1378,1378,SENATOR BARBARA A. MIKULSKI,2015,216,71,block_data
114sdoc4,GPO-CDOC-114sdoc4.pdf,1383,1383,data,True,1378,1378,SENATOR BARBARA A. MIKULSKI,2015,222,68,block_data
114sdoc4,GPO-CDOC-114sdoc4.pdf,1384,1384,data,True,1378,1378,SENATOR BARBARA A. MIKULSKI,2015,218,73,block_data
114sdoc4,GPO-CDOC-114sdoc4.pdf,1385,1385,data,True,1378,1378,SENATOR BARBARA A. MIKULSKI,2015,217,68,block_data
114sdoc4,GPO-CDOC-114sdoc4.pdf,1386,1386,data,True,1378,1378,SENATOR BARBARA A. MIKULSKI,2015,228,69,block_data
114sdoc4,GPO-CDOC-114sdoc4.pdf,1387,1387,data,True,1378,1378,SENATOR BARBARA A. MIKULSKI,2015,115,31,block_data
114sdoc4,GPO-CDOC-114sdoc4.pdf,1388,1388,banner,True,1388,1388,SENATOR JERRY MORAN,2013,71,31,block_start
114sdoc4,GPO-CDOC-114sdoc4.pdf,1389,1389,banner,True,1389,1389,SENATOR JERRY MORAN,2014,154,56,block_start
114sdoc4,GPO-CDOC-114sdoc4.pdf,1390,1390,data,True,1389,1389,SENATOR JERRY MORAN,2014,210,67,block_data
114sdoc4,GPO-CDOC-114sdoc4.pdf,1391,1391,data,True,1389,1389,SENATOR JERRY MORAN,2014,201,61,block_data
114sdoc4,GPO-CDOC-114sdoc4.pdf,1392,1392,banner,True,1392,1392,SENATOR JERRY MORAN,2015,152,58,block_start
114sdoc4,GPO-CDOC-114sdoc4.pdf,1393,1393,data,True,1392,1392,SENATOR JERRY MORAN,2015,208,67,block_data
114sdoc4,GPO-CDOC-114sdoc4.pdf,1394,1394,data,True,1392,1392,SENATOR JERRY MORAN,2015,203,68,block_data
114sdoc4,GPO-CDOC-114sdoc4.pdf,1395,1395,data,True,1392,1392,SENATOR JERRY MORAN,2015,194,71,block_data
114sdoc4,GPO-CDOC-114sdoc4.pdf,1396,1396,data,True,1392,1392,SENATOR JERRY MORAN,2015,210,65,block_data
114sdoc4,GPO-CDOC-114sdoc4.pdf,1397,1397,data,True,1392,1392,SENATOR JERRY MORAN,2015,210,69,block_data
114sdoc4,GPO-CDOC-114sdoc4.pdf,1398,1398,data,True,1392,1392,SENATOR JERRY MORAN,2015,227,69,block_data
114sdoc4,GPO-CDOC-114sdoc4.pdf,1399,1399,data,True,1392,1392,SENATOR JERRY MORAN,2015,204,72,block_data
114sdoc4,GPO-CDOC-114sdoc4.pdf,1400,1400,data,True,1392,1392,SENATOR JERRY MORAN,2015,206,70,block_data
114sdoc4,GPO-CDOC-114sdoc4.pdf,1401,1401,data,True,1392,1392,SENATOR JERRY MORAN,2015,204,70,block_data
114sdoc4,GPO-CDOC-114sdoc4.pdf,1402,1402,data,True,1392,1392,SENATOR JERRY MORAN,2015,275,69,block_data
114sdoc4,GPO-CDOC-114sdoc4.pdf,1403,1403,data,True,1392,1392,SENATOR JERRY MORAN,2015,181,39,block_data
114sdoc4,GPO-CDOC-114sdoc4.pdf,1404,1404,banner,True,1404,1404,SENATOR LISA MURKOWSKI,2013,74,32,block_start
114sdoc4,GPO-CDOC-114sdoc4.pdf,1405,1405,banner,True,1405,1405,SENATOR LISA MURKOWSKI,2014,95,39,block_start
114sdoc4,GPO-CDOC-114sdoc4.pdf,1406,1406,data,True,1405,1405,SENATOR LISA MURKOWSKI,2014,166,69,block_data
114sdoc4,GPO-CDOC-114sdoc4.pdf,1407,1407,data,True,1405,1405,SENATOR LISA MURKOWSKI,2014,139,38,block_data
114sdoc4,GPO-CDOC-114sdoc4.pdf,1408,1408,banner,True,1408,1408,SENATOR LISA MURKOWSKI,2015,152,58,block_start
114sdoc4,GPO-CDOC-114sdoc4.pdf,1409,1409,data,True,1408,1408,SENATOR LISA MURKOWSKI,2015,198,66,block_data
114sdoc4,GPO-CDOC-114sdoc4.pdf,1410,1410,data,True,1408,1408,SENATOR LISA MURKOWSKI,2015,207,71,block_data
114sdoc4,GPO-CDOC-114sdoc4.pdf,1411,1411,data,True,1408,1408,SENATOR LISA MURKOWSKI,2015,210,69,block_data
114sdoc4,GPO-CDOC-114sdoc4.pdf,1412,1412,data,True,1408,1408,SENATOR LISA MURKOWSKI,2015,227,69,block_data
114sdoc4,GPO-CDOC-114sdoc4.pdf,1413,1413,data,True,1408,1408,SENATOR LISA MURKOWSKI,2015,125,31,block_data
114sdoc4,GPO-CDOC-114sdoc4.pdf,1414,1414,banner,True,1414,1414,SENATOR CHRIS MURPHY,2013,170,57,block_start
114sdoc4,GPO-CDOC-114sdoc4.pdf,1415,1415,data,True,1414,1414,SENATOR CHRIS MURPHY,2013,235,63,block_data
114sdoc4,GPO-CDOC-114sdoc4.pdf,1416,1416,banner,True,1416,1416,SENATOR CHRIS MURPHY,2014,148,55,block_start
114sdoc4,GPO-CDOC-114sdoc4.pdf,1417,1417,data,True,1416,1416,SENATOR CHRIS MURPHY,2014,224,67,block_data
114sdoc4,GPO-CDOC-114sdoc4.pdf,1418,1418,data,True,1416,1416,SENATOR CHRIS MURPHY,2014,247,67,block_data
114sdoc4,GPO-CDOC-114sdoc4.pdf,1419,1419,data,True,1416,1416,SENATOR CHRIS MURPHY,2014,244,65,block_data
114sdoc4,GPO-CDOC-114sdoc4.pdf,1420,1420,data,True,1416,1416,SENATOR CHRIS MURPHY,2014,102,31,block_data
114sdoc4,GPO-CDOC-114sdoc4.pdf,1421,1421,banner,True,1421,1421,SENATOR CHRIS MURPHY,2015,152,58,block_start
114sdoc4,GPO-CDOC-114sdoc4.pdf,1422,1422,data,True,1421,1421,SENATOR CHRIS MURPHY,2015,213,67,block_data
114sdoc4,GPO-CDOC-114sdoc4.pdf,1423,1423,data,True,1421,1421,SENATOR CHRIS MURPHY,2015,216,69,block_data
114sdoc4,GPO-CDOC-114sdoc4.pdf,1424,1424,data,True,1421,1421,SENATOR CHRIS MURPHY,2015,219,69,block_data
114sdoc4,GPO-CDOC-114sdoc4.pdf,1425,1425,data,True,1421,1421,SENATOR CHRIS MURPHY,2015,231,66,block_data
114sdoc4,GPO-CDOC-114sdoc4.pdf,1426,1426,data,True,1421,1421,SENATOR CHRIS MURPHY,2015,225,66,block_data
114sdoc4,GPO-CDOC-114sdoc4.pdf,1427,1427,data,True,1421,1421,SENATOR CHRIS MURPHY,2015,213,69,block_data
114sdoc4,GPO-CDOC-114sdoc4.pdf,1428,1428,data,True,1421,1421,SENATOR CHRIS MURPHY,2015,227,53,block_data
114sdoc4,GPO-CDOC-114sdoc4.pdf,1429,1429,banner,True,1429,1429,SENATOR PATTY MURRAY,2013,71,31,block_start
114sdoc4,GPO-CDOC-114sdoc4.pdf,1430,1430,banner,True,1430,1430,SENATOR PATTY MURRAY,2014,161,56,block_start
114sdoc4,GPO-CDOC-114sdoc4.pdf,1431,1431,data,True,1430,1430,SENATOR PATTY MURRAY,2014,218,67,block_data
114sdoc4,GPO-CDOC-114sdoc4.pdf,1432,1432,data,True,1430,1430,SENATOR PATTY MURRAY,2014,241,66,block_data
114sdoc4,GPO-CDOC-114sdoc4.pdf,1433,1433,data,True,1430,1430,SENATOR PATTY MURRAY,2014,53,20,block_data
114sdoc4,GPO-CDOC-114sdoc4.pdf,1434,1434,banner,True,1434,1434,SENATOR PATTY MURRAY,2015,150,58,block_start
114sdoc4,GPO-CDOC-114sdoc4.pdf,1435,1435,data,True,1434,1434,SENATOR PATTY MURRAY,2015,210,68,block_data
114sdoc4,GPO-CDOC-114sdoc4.pdf,1436,1436,data,True,1434,1434,SENATOR PATTY MURRAY,2015,222,65,block_data
114sdoc4,GPO-CDOC-114sdoc4.pdf,1437,1437,data,True,1434,1434,SENATOR PATTY MURRAY,2015,225,68,block_data
114sdoc4,GPO-CDOC-114sdoc4.pdf,1438,1438,data,True,1434,1434,SENATOR PATTY MURRAY,2015,235,67,block_data
114sdoc4,GPO-CDOC-114sdoc4.pdf,1439,1439,data,True,1434,1434,SENATOR PATTY MURRAY,2015,229,66,block_data
114sdoc4,GPO-CDOC-114sdoc4.pdf,1440,1440,data,True,1434,1434,SENATOR PATTY MURRAY,2015,231,66,block_data
114sdoc4,GPO-CDOC-114sdoc4.pdf,1441,1441,data,True,1434,1434,SENATOR PATTY MURRAY,2015,241,67,block_data
114sdoc4,GPO-CDOC-114sdoc4.pdf,1442,1442,data,True,1434,1434,SENATOR PATTY MURRAY,2015,223,64,block_data
114sdoc4,GPO-CDOC-114sdoc4.pdf,1443,1443,data,True,1434,1434,SENATOR PATTY MURRAY,2015,231,66,block_data
114sdoc4,GPO-CDOC-114sdoc4.pdf,1444,1444,data,True,1434,1434,SENATOR PATTY MURRAY,2015,234,65,block_data
114sdoc4,GPO-CDOC-114sdoc4.pdf,1445,1445,banner,True,1445,1445,SENATOR BEN NELSON,2013,68,30,block_start
114sdoc4,GPO-CDOC-114sdoc4.pdf,1446,1446,banner,True,1446,1446,SENATOR BILL NELSON,2013,117,42,block_start
114sdoc4,GPO-CDOC-114sdoc4.pdf,1447,1447,banner,True,1447,1447,SENATOR BILL NELSON,2014,157,56,block_start
114sdoc4,GPO-CDOC-114sdoc4.pdf,1448,1448,data,True,1447,1447,SENATOR BILL NELSON,2014,242,67,block_data
114sdoc4,GPO-CDOC-114sdoc4.pdf,1449,1449,data,True,1447,1447,SENATOR BILL NELSON,2014,256,70,block_data
114sdoc4,GPO-CDOC-114sdoc4.pdf,1450,1450,data,True,1447,1447,SENATOR BILL NELSON,2014,240,43,block_data
114sdoc4,GPO-CDOC-114sdoc4.pdf,1451,1451,banner,True,1451,1451,SENATOR BILL NELSON,2015,150,58,block_start
114sdoc4,GPO-CDOC-114sdoc4.pdf,1452,1452,data,True,1451,1451,SENATOR BILL NELSON,2015,201,69,block_data
114sdoc4,GPO-CDOC-114sdoc4.pdf,1453,1453,data,True,1451,1451,SENATOR BILL NELSON,2015,241,67,block_data
114sdoc4,GPO-CDOC-114sdoc4.pdf,1454,1454,data,True,1451,1451,SENATOR BILL NELSON,2015,241,65,block_data
114sdoc4,GPO-CDOC-114sdoc4.pdf,1455,1455,data,True,1451,1451,SENATOR BILL NELSON,2015,222,68,block_data
114sdoc4,GPO-CDOC-114sdoc4.pdf,1456,1456,data,True,1451,1451,SENATOR BILL NELSON,2015,227,66,block_data
114sdoc4,GPO-CDOC-114sdoc4.pdf,1457,1457,data,True,1451,1451,SENATOR BILL NELSON,2015,219,64,block_data
114sdoc4,GPO-CDOC-114sdoc4.pdf,1458,1458,data,True,1451,1451,SENATOR BILL NELSON,2015,232,68,block_data
114sdoc4,GPO-CDOC-114sdoc4.pdf,1459,1459,data,True,1451,1451,SENATOR BILL NELSON,2015,222,64,block_data
114sdoc4,GPO-CDOC-114sdoc4.pdf,1460,1460,data,True,1451,1451,SENATOR BILL NELSON,2015,241,67,block_data
114sdoc4,GPO-CDOC-114sdoc4.pdf,1461,1461,data,True,1451,1451,SENATOR BILL NELSON,2015,187,46,block_data
114sdoc4,GPO-CDOC-114sdoc4.pdf,1462,1462,banner,True,1462,1462,SENATOR RAND PAUL,2013,89,36,block_start
114sdoc4,GPO-CDOC-114sdoc4.pdf,1463,1463,banner,True,1463,1463,SENATOR RAND PAUL,2014,177,58,block_start
114sdoc4,GPO-CDOC-114sdoc4.pdf,1464,1464,data,True,1463,1463,SENATOR RAND PAUL,2014,219,67,block_data
114sdoc4,GPO-CDOC-114sdoc4.pdf,1465,1465,data,True,1463,1463,SENATOR RAND PAUL,2014,239,66,block_data
114sdoc4,GPO-CDOC-114sdoc4.pdf,1466,1466,data,True,1463,1463,SENATOR RAND PAUL,2014,245,67,block_data
114sdoc4,GPO-CDOC-114sdoc4.pdf,1467,1467,data,True,1463,1463,SENATOR RAND PAUL,2014,259,67,block_data
114sdoc4,GPO-CDOC-114sdoc4.pdf,1468,1468,data,True,1463,1463,SENATOR RAND PAUL,2014,26,14,block_data
114sdoc4,GPO-CDOC-114sdoc4.pdf,1469,1469,banner,True,1469,1469,SENATOR RAND PAUL,2015,152,58,block_start
114sdoc4,GPO-CDOC-114sdoc4.pdf,1470,1470,data,True,1469,1469,SENATOR RAND PAUL,2015,215,67,block_data
114sdoc4,GPO-CDOC-114sdoc4.pdf,1471,1471,data,True,1469,1469,SENATOR RAND PAUL,2015,224,68,block_data
114sdoc4,GPO-CDOC-114sdoc4.pdf,1472,1472,data,True,1469,1469,SENATOR RAND PAUL,2015,238,67,block_data
114sdoc4,GPO-CDOC-114sdoc4.pdf,1473,1473,data,True,1469,1469,SENATOR RAND PAUL,2015,237,68,block_data
114sdoc4,GPO-CDOC-114sdoc4.pdf,1474,1474,data,True,1469,1469,SENATOR RAND PAUL,2015,237,66,block_data
114sdoc4,GPO-CDOC-114sdoc4.pdf,1475,1475,data,True,1469,1469,SENATOR RAND PAUL,2015,235,68,block_data
114sdoc4,GPO-CDOC-114sdoc4.pdf,1476,1476,data,True,1469,1469,SENATOR RAND PAUL,2015,234,66,block_data
114sdoc4,GPO-CDOC-114sdoc4.pdf,1477,1477,data,True,1469,1469,SENATOR RAND PAUL,2015,227,66,block_data
114sdoc4,GPO-CDOC-114sdoc4.pdf,1478,1478,data,True,1469,1469,SENATOR RAND PAUL,2015,233,66,block_data
114sdoc4,GPO-CDOC-114sdoc4.pdf,1479,1479,data,True,1469,1469,SENATOR RAND PAUL,2015,233,67,block_data
114sdoc4,GPO-CDOC-114sdoc4.pdf,1480,1480,data,True,1469,1469,SENATOR RAND PAUL,2015,215,65,block_data
114sdoc4,GPO-CDOC-114sdoc4.pdf,1481,1481,data,True,1469,1469,SENATOR RAND PAUL,2015,224,69,block_data
114sdoc4,GPO-CDOC-114sdoc4.pdf,1482,1482,data,True,1469,1469,SENATOR RAND PAUL,2015,154,39,block_data
114sdoc4,GPO-CDOC-114sdoc4.pdf,1483,1483,banner,True,1483,1483,SENATOR DAVID PERDUE,2015,152,58,block_start
114sdoc4,GPO-CDOC-114sdoc4.pdf,1484,1484,data,True,1483,1483,SENATOR DAVID PERDUE,2015,215,69,block_data
114sdoc4,GPO-CDOC-114sdoc4.pdf,1485,1485,data,True,1483,1483,SENATOR DAVID PERDUE,2015,224,59,block_data
114sdoc4,GPO-CDOC-114sdoc4.pdf,1486,1486,banner,True,1486,1486,SENATOR GARY PETERS,2015,155,59,block_start
114sdoc4,GPO-CDOC-114sdoc4.pdf,1487,1487,data,True,1486,1486,SENATOR GARY PETERS,2015,229,69,block_data
114sdoc4,GPO-CDOC-114sdoc4.pdf,1488,1488,data,True,1486,1486,SENATOR GARY PETERS,2015,72,27,block_data
114sdoc4,GPO-CDOC-114sdoc4.pdf,1489,1489,banner,True,1489,1489,SENATOR ROB PORTMAN,2013,74,32,block_start
114sdoc4,GPO-CDOC-114sdoc4.pdf,1490,1490,banner,True,1490,1490,SENATOR ROB PORTMAN,2014,145,57,block_start
114sdoc4,GPO-CDOC-114sdoc4.pdf,1491,1491,data,True,1490,1490,SENATOR ROB PORTMAN,2014,213,68,block_data
114sdoc4,GPO-CDOC-114sdoc4.pdf,1492,1492,data,True,1490,1490,SENATOR ROB PORTMAN,2014,196,70,block_data
114sdoc4,GPO-CDOC-114sdoc4.pdf,1493,1493,data,True,1490,1490,SENATOR ROB PORTMAN,2014,186,69,block_data
114sdoc4,GPO-CDOC-114sdoc4.pdf,1494,1494,data,True,1490,1490,SENATOR ROB PORTMAN,2014,142,45,block_data
114sdoc4,GPO-CDOC-114sdoc4.pdf,1495,1495,banner,True,1495,1495,SENATOR ROB PORTMAN,2015,155,59,block_start
114sdoc4,GPO-CDOC-114sdoc4.pdf,1496,1496,data,True,1495,1495,SENATOR ROB PORTMAN,2015,195,68,block_data
114sdoc4,GPO-CDOC-114sdoc4.pdf,1497,1497,data,True,1495,1495,SENATOR ROB PORTMAN,2015,205,71,block_data
114sdoc4,GPO-CDOC-114sdoc4.pdf,1498,1498,data,True,1495,1495,SENATOR ROB PORTMAN,2015,205,69,block_data
114sdoc4,GPO-CDOC-114sdoc4.pdf,1499,1499,data,True,1495,1495,SENATOR ROB PORTMAN,2015,200,71,block_data
114sdoc4,GPO-CDOC-114sdoc4.pdf,1500,1500,data,True,1495,1495,SENATOR ROB PORTMAN,2015,212,64,block_data
114sdoc4,GPO-CDOC-114sdoc4.pdf,1501,1501,data,True,1495,1495,SENATOR ROB PORTMAN,2015,194,71,block_data
114sdoc4,GPO-CDOC-114sdoc4.pdf,1502,1502,data,True,1495,1495,SENATOR ROB PORTMAN,2015,250,70,block_data
114sdoc4,GPO-CDOC-114sdoc4.pdf,1503,1503,data,True,1495,1495,SENATOR ROB PORTMAN,2015,46,19,block_data
114sdoc4,GPO-CDOC-114sdoc4.pdf,1504,1504,banner,True,1504,1504,SENATOR MARK PRYOR,2013,80,33,block_start
114sdoc4,GPO-CDOC-114sdoc4.pdf,1505,1505,banner,True,1505,1505,SENATOR MARK PRYOR,2014,172,57,block_start
114sdoc4,GPO-CDOC-114sdoc4.pdf,1506,1506,data,True,1505,1505,SENATOR MARK PRYOR,2014,141,45,block_data
114sdoc4,GPO-CDOC-114sdoc4.pdf,1507,1507,banner,True,1507,1507,SENATOR MARK PRYOR,2015,152,58,block_start
114sdoc4,GPO-CDOC-114sdoc4.pdf,1508,1508,data,True,1507,1507,SENATOR MARK PRYOR,2015,209,67,block_data
114sdoc4,GPO-CDOC-114sdoc4.pdf,1509,1509,data,True,1507,1507,SENATOR MARK PRYOR,2015,200,66,block_data
114sdoc4,GPO-CDOC-114sdoc4.pdf,1510,1510,banner,True,1510,1510,SENATOR JOHN F. REED,2013,74,32,block_start
114sdoc4,GPO-CDOC-114sdoc4.pdf,1511,1511,banner,True,1511,1511,SENATOR JOHN F. REED,2014,170,56,block_start
114sdoc4,GPO-CDOC-114sdoc4.pdf,1512,1512,data,True,1511,1511,SENATOR JOHN F. REED,2014,127,37,block_data
114sdoc4,GPO-CDOC-114sdoc4.pdf,1513,1513,banner,True,1513,1513,SENATOR JOHN F. REED,2015,152,58,block_start
114sdoc4,GPO-CDOC-114sdoc4.pdf,1514,1514,data,True,1513,1513,SENATOR JOHN F. REED,2015,243,70,block_data
114sdoc4,GPO-CDOC-114sdoc4.pdf,1515,1515,data,True,1513,1513,SENATOR JOHN F. REED,2015,239,67,block_data
114sdoc4,GPO-CDOC-114sdoc4.pdf,1516,1516,data,True,1513,1513,SENATOR JOHN F. REED,2015,141,41,block_data
114sdoc4,GPO-CDOC-114sdoc4.pdf,1517,1517,banner,True,1517,1517,SENATOR HARRY REID,2013,74,32,block_start
114sdoc4,GPO-CDOC-114sdoc4.pdf,1518,1518,banner,True,1518,1518,SENATOR HARRY REID,2014,162,56,block_start
114sdoc4,GPO-CDOC-114sdoc4.pdf,1519,1519,data,True,1518,1518,SENATOR HARRY REID,2014,221,67,block_data
114sdoc4,GPO-CDOC-114sdoc4.pdf,1520,1520,data,True,1518,1518,SENATOR HARRY REID,2014,244,67,block_data
114sdoc4,GPO-CDOC-114sdoc4.pdf,1521,1521,data,True,1518,1518,SENATOR HARRY REID,2014,171,39,block_data
114sdoc4,GPO-CDOC-114sdoc4.pdf,1522,1522,banner,True,1522,1522,SENATOR HARRY REID,2015,152,58,block_start
114sdoc4,GPO-CDOC-114sdoc4.pdf,1523,1523,data,True,1522,1522,SENATOR HARRY REID,2015,202,70,block_data
114sdoc4,GPO-CDOC-114sdoc4.pdf,1524,1524,data,True,1522,1522,SENATOR HARRY REID,2015,215,67,block_data
114sdoc4,GPO-CDOC-114sdoc4.pdf,1525,1525,data,True,1522,1522,SENATOR HARRY REID,2015,218,64,block_data
114sdoc4,GPO-CDOC-114sdoc4.pdf,1526,1526,data,True,1522,1522,SENATOR HARRY REID,2015,220,68,block_data
114sdoc4,GPO-CDOC-114sdoc4.pdf,1527,1527,data,True,1522,1522,SENATOR HARRY REID,2015,321,61,block_data
114sdoc4,GPO-CDOC-114sdoc4.pdf,1528,1528,banner,True,1528,1528,SENATOR JAMES E. RISCH,2013,71,31,block_start
114sdoc4,GPO-CDOC-114sdoc4.pdf,1529,1529,banner,True,1529,1529,SENATOR JAMES E. RISCH,2014,168,57,block_start
114sdoc4,GPO-CDOC-114sdoc4.pdf,1530,1530,data,True,1529,1529,SENATOR JAMES E. RISCH,2014,206,50,block_data
114sdoc4,GPO-CDOC-114sdoc4.pdf,1531,1531,banner,True,1531,1531,SENATOR JAMES E. RISCH,2015,152,58,block_start
114sdoc4,GPO-CDOC-114sdoc4.pdf,1532,1532,data,True,1531,1531,SENATOR JAMES E. RISCH,2015,223,66,block_data
114sdoc4,GPO-CDOC-114sdoc4.pdf,1533,1533,data,True,1531,1531,SENATOR JAMES E. RISCH,2015,226,67,block_data
114sdoc4,GPO-CDOC-114sdoc4.pdf,1534,1534,data,True,1531,1531,SENATOR JAMES E. RISCH,2015,207,66,block_data
114sdoc4,GPO-CDOC-114sdoc4.pdf,1535,1535,data,True,1531,1531,SENATOR JAMES E. RISCH,2015,227,66,block_data
114sdoc4,GPO-CDOC-114sdoc4.pdf,1536,1536,data,True,1531,1531,SENATOR JAMES E. RISCH,2015,217,68,block_data
114sdoc4,GPO-CDOC-114sdoc4.pdf,1537,1537,data,True,1531,1531,SENATOR JAMES E. RISCH,2015,234,66,block_data
114sdoc4,GPO-CDOC-114sdoc4.pdf,1538,1538,data,True,1531,1531,SENATOR JAMES E. RISCH,2015,111,29,block_data
114sdoc4,GPO-CDOC-114sdoc4.pdf,1539,1539,banner,True,1539,1539,SENATOR PAT ROBERTS,2013,71,31,block_start
114sdoc4,GPO-CDOC-114sdoc4.pdf,1540,1540,banner,True,1540,1540,SENATOR PAT ROBERTS,2014,172,58,block_start
114sdoc4,GPO-CDOC-114sdoc4.pdf,1541,1541,data,True,1540,1540,SENATOR PAT ROBERTS,2014,71,26,block_data
114sdoc4,GPO-CDOC-114sdoc4.pdf,1542,1542,banner,True,1542,1542,SENATOR PAT ROBERTS,2015,152,58,block_start
114sdoc4,GPO-CDOC-114sdoc4.pdf,1543,1543,data,True,1542,1542,SENATOR PAT ROBERTS,2015,227,67,block_data
114sdoc4,GPO-CDOC-114sdoc4.pdf,1544,1544,data,True,1542,1542,SENATOR PAT ROBERTS,2015,225,67,block_data
114sdoc4,GPO-CDOC-114sdoc4.pdf,1545,1545,data,True,1542,1542,SENATOR PAT ROBERTS,2015,225,68,block_data
114sdoc4,GPO-CDOC-114sdoc4.pdf,1546,1546,data,True,1542,1542,SENATOR PAT ROBERTS,2015,228,69,block_data
114sdoc4,GPO-CDOC-114sdoc4.pdf,1547,1547,data,True,1542,1542,SENATOR PAT ROBERTS,2015,228,57,block_data
114sdoc4,GPO-CDOC-114sdoc4.pdf,1548,1548,banner,True,1548,1548,"SENATOR JOHN D. ROCKEFELLER, IV",2013,71,31,block_start
114sdoc4,GPO-CDOC-114sdoc4.pdf,1549,1549,banner,True,1549,1549,"SENATOR JOHN D. ROCKEFELLER, IV",2014,154,56,block_start
114sdoc4,GPO-CDOC-114sdoc4.pdf,1550,1550,data,True,1549,1549,"SENATOR JOHN D. ROCKEFELLER, IV",2014,174,54,block_data
114sdoc4,GPO-CDOC-114sdoc4.pdf,1551,1551,banner,True,1551,1551,"SENATOR JOHN D. ROCKEFELLER, IV",2015,155,59,block_start
114sdoc4,GPO-CDOC-114sdoc4.pdf,1552,1552,data,True,1551,1551,"SENATOR JOHN D. ROCKEFELLER, IV",2015,218,68,block_data
114sdoc4,GPO-CDOC-114sdoc4.pdf,1553,1553,data,True,1551,1551,"SENATOR JOHN D. ROCKEFELLER, IV",2015,221,68,block_data
114sdoc4,GPO-CDOC-114sdoc4.pdf,1554,1554,data,True,1551,1551,"SENATOR JOHN D. ROCKEFELLER, IV",2015,132,36,block_data
114sdoc4,GPO-CDOC-114sdoc4.pdf,1555,1555,banner,True,1555,1555,SENATOR MIKE ROUNDS,2015,155,59,block_start
114sdoc4,GPO-CDOC-114sdoc4.pdf,1556,1556,data,True,1555,1555,SENATOR MIKE ROUNDS,2015,227,69,block_data
114sdoc4,GPO-CDOC-114sdoc4.pdf,1557,1557,data,True,1555,1555,SENATOR MIKE ROUNDS,2015,222,65,block_data
114sdoc4,GPO-CDOC-114sdoc4.pdf,1558,1558,data,True,1555,1555,SENATOR MIKE ROUNDS,2015,230,66,block_data
114sdoc4,GPO-CDOC-114sdoc4.pdf,1559,1559,data,True,1555,1555,SENATOR MIKE ROUNDS,2015,96,30,block_data
114sdoc4,GPO-CDOC-114sdoc4.pdf,1560,1560,banner,True,1560,1560,SENATOR MARCO RUBIO,2013,71,31,block_start
114sdoc4,GPO-CDOC-114sdoc4.pdf,1561,1561,banner,True,1561,1561,SENATOR MARCO RUBIO,2014,150,55,block_start
114sdoc4,GPO-CDOC-114sdoc4.pdf,1562,1562,data,True,1561,1561,SENATOR MARCO RUBIO,2014,214,67,block_data
114sdoc4,GPO-CDOC-114sdoc4.pdf,1563,1563,data,True,1561,1561,SENATOR MARCO RUBIO,2014,230,66,block_data
114sdoc4,GPO-CDOC-114sdoc4.pdf,1564,1564,data,True,1561,1561,SENATOR MARCO RUBIO,2014,19,13,block_data
114sdoc4,GPO-CDOC-114sdoc4.pdf,1565,1565,banner,True,1565,1565,SENATOR MARCO RUBIO,2015,155,59,block_start
114sdoc4,GPO-CDOC-114sdoc4.pdf,1566,1566,data,True,1565,1565,SENATOR MARCO RUBIO,2015,204,68,block_data
114sdoc4,GPO-CDOC-114sdoc4.pdf,1567,1567,data,True,1565,1565,SENATOR MARCO RUBIO,2015,213,67,block_data
114sdoc4,GPO-CDOC-114sdoc4.pdf,1568,1568,data,True,1565,1565,SENATOR MARCO RUBIO,2015,217,69,block_data
114sdoc4,GPO-CDOC-114sdoc4.pdf,1569,1569,data,True,1565,1565,SENATOR MARCO RUBIO,2015,213,66,block_data
114sdoc4,GPO-CDOC-114sdoc4.pdf,1570,1570,data,True,1565,1565,SENATOR MARCO RUBIO,2015,229,68,block_data
114sdoc4,GPO-CDOC-114sdoc4.pdf,1571,1571,data,True,1565,1565,SENATOR MARCO RUBIO,2015,233,67,block_data
114sdoc4,GPO-CDOC-114sdoc4.pdf,1572,1572,data,True,1565,1565,SENATOR MARCO RUBIO,2015,215,67,block_data
114sdoc4,GPO-CDOC-114sdoc4.pdf,1573,1573,data,True,1565,1565,SENATOR MARCO RUBIO,2015,245,68,block_data
114sdoc4,GPO-CDOC-114sdoc4.pdf,1574,1574,data,True,1565,1565,SENATOR MARCO RUBIO,2015,21,14,block_data
114sdoc4,GPO-CDOC-114sdoc4.pdf,1575,1575,banner,True,1575,1575,SENATOR BERNARD SANDERS,2013,74,32,block_start
114sdoc4,GPO-CDOC-114sdoc4.pdf,1576,1576,banner,True,1576,1576,SENATOR BERNARD SANDERS,2014,173,58,block_start
114sdoc4,GPO-CDOC-114sdoc4.pdf,1577,1577,data,True,1576,1576,SENATOR BERNARD SANDERS,2014,251,67,block_data
114sdoc4,GPO-CDOC-114sdoc4.pdf,1578,1578,data,True,1576,1576,SENATOR BERNARD SANDERS,2014,249,66,block_data
114sdoc4,GPO-CDOC-114sdoc4.pdf,1579,1579,data,True,1576,1576,SENATOR BERNARD SANDERS,2014,249,66,block_data
114sdoc4,GPO-CDOC-114sdoc4.pdf,1580,1580,data,True,1576,1576,SENATOR BERNARD SANDERS,2014,131,37,block_data
114sdoc4,GPO-CDOC-114sdoc4.pdf,1581,1581,banner,True,1581,1581,SENATOR BERNARD SANDERS,2015,152,58,block_start
114sdoc4,GPO-CDOC-114sdoc4.pdf,1582,1582,data,True,1581,1581,SENATOR BERNARD SANDERS,2015,213,70,block_data
114sdoc4,GPO-CDOC-114sdoc4.pdf,1583,1583,data,True,1581,1581,SENATOR BERNARD SANDERS,2015,229,67,block_data
114sdoc4,GPO-CDOC-114sdoc4.pdf,1584,1584,data,True,1581,1581,SENATOR BERNARD SANDERS,2015,239,66,block_data
114sdoc4,GPO-CDOC-114sdoc4.pdf,1585,1585,data,True,1581,1581,SENATOR BERNARD SANDERS,2015,235,67,block_data
114sdoc4,GPO-CDOC-114sdoc4.pdf,1586,1586,data,True,1581,1581,SENATOR BERNARD SANDERS,2015,246,67,block_data
114sdoc4,GPO-CDOC-114sdoc4.pdf,1587,1587,data,True,1581,1581,SENATOR BERNARD SANDERS,2015,226,66,block_data
114sdoc4,GPO-CDOC-114sdoc4.pdf,1588,1588,data,True,1581,1581,SENATOR BERNARD SANDERS,2015,227,66,block_data
114sdoc4,GPO-CDOC-114sdoc4.pdf,1589,1589,data,True,1581,1581,SENATOR BERNARD SANDERS,2015,234,66,block_data
114sdoc4,GPO-CDOC-114sdoc4.pdf,1590,1590,data,True,1581,1581,SENATOR BERNARD SANDERS,2015,189,47,block_data
114sdoc4,GPO-CDOC-114sdoc4.pdf,1591,1591,banner,True,1591,1591,SENATOR BEN SASSE,2015,146,56,block_start
114sdoc4,GPO-CDOC-114sdoc4.pdf,1592,1592,data,True,1591,1591,SENATOR BEN SASSE,2015,225,68,block_data
114sdoc4,GPO-CDOC-114sdoc4.pdf,1593,1593,data,True,1591,1591,SENATOR BEN SASSE,2015,209,70,block_data
114sdoc4,GPO-CDOC-114sdoc4.pdf,1594,1594,data,True,1591,1591,SENATOR BEN SASSE,2015,67,22,block_data
114sdoc4,GPO-CDOC-114sdoc4.pdf,1595,1595,banner,True,1595,1595,SENATOR BRIAN SCHATZ,2013,71,31,block_start
114sdoc4,GPO-CDOC-114sdoc4.pdf,1596,1596,banner,True,1596,1596,SENATOR BRIAN SCHATZ,2014,179,57,block_start
114sdoc4,GPO-CDOC-114sdoc4.pdf,1597,1597,data,True,1596,1596,SENATOR BRIAN SCHATZ,2014,86,24,block_data
114sdoc4,GPO-CDOC-114sdoc4.pdf,1598,1598,banner,True,1598,1598,SENATOR BRIAN SCHATZ,2015,152,58,block_start
114sdoc4,GPO-CDOC-114sdoc4.pdf,1599,1599,data,True,1598,1598,SENATOR BRIAN SCHATZ,2015,200,65,block_data
114sdoc4,GPO-CDOC-114sdoc4.pdf,1600,1600,data,True,1598,1598,SENATOR BRIAN SCHATZ,2015,223,64,block_data
114sdoc4,GPO-CDOC-114sdoc4.pdf,1601,1601,data,True,1598,1598,SENATOR BRIAN SCHATZ,2015,229,67,block_data
114sdoc4,GPO-CDOC-114sdoc4.pdf,1602,1602,data,True,1598,1598,SENATOR BRIAN SCHATZ,2015,101,33,block_data
114sdoc4,GPO-CDOC-114sdoc4.pdf,1603,1603,banner,True,1603,1603,SENATOR CHARLES E. SCHUMER,2013,74,32,block_start
114sdoc4,GPO-CDOC-114sdoc4.pdf,1604,1604,banner,True,1604,1604,SENATOR CHARLES E. SCHUMER,2014,170,56,block_start
114sdoc4,GPO-CDOC-114sdoc4.pdf,1605,1605,data,True,1604,1604,SENATOR CHARLES E. SCHUMER,2014,202,71,block_data
114sdoc4,GPO-CDOC-114sdoc4.pdf,1606,1606,data,True,1604,1604,SENATOR CHARLES E. SCHUMER,2014,176,51,block_data
114sdoc4,GPO-CDOC-114sdoc4.pdf,1607,1607,banner,True,1607,1607,SENATOR CHARLES E. SCHUMER,2015,152,58,block_start
114sdoc4,GPO-CDOC-114sdoc4.pdf,1608,1608,data,True,1607,1607,SENATOR CHARLES E. SCHUMER,2015,197,68,block_data
114sdoc4,GPO-CDOC-114sdoc4.pdf,1609,1609,data,True,1607,1607,SENATOR CHARLES E. SCHUMER,2015,234,69,block_data
114sdoc4,GPO-CDOC-114sdoc4.pdf,1610,1610,data,True,1607,1607,SENATOR CHARLES E. SCHUMER,2015,224,66,block_data
114sdoc4,GPO-CDOC-114sdoc4.pdf,1611,1611,data,True,1607,1607,SENATOR CHARLES E. SCHUMER,2015,178,69,block_data
114sdoc4,GPO-CDOC-114sdoc4.pdf,1612,1612,data,True,1607,1607,SENATOR CHARLES E. SCHUMER,2015,243,65,block_data
114sdoc4,GPO-CDOC-114sdoc4.pdf,1613,1613,data,True,1607,1607,SENATOR CHARLES E. SCHUMER,2015,218,68,block_data
114sdoc4,GPO-CDOC-114sdoc4.pdf,1614,1614,data,True,1607,1607,SENATOR CHARLES E. SCHUMER,2015,243,69,block_data
114sdoc4,GPO-CDOC-114sdoc4.pdf,1615,1615,data,True,1607,1607,SENATOR CHARLES E. SCHUMER,2015,230,67,block_data
114sdoc4,GPO-CDOC-114sdoc4.pdf,1616,1616,data,True,1607,1607,SENATOR CHARLES E. SCHUMER,2015,210,71,block_data
114sdoc4,GPO-CDOC-114sdoc4.pdf,1617,1617,data,True,1607,1607,SENATOR CHARLES E. SCHUMER,2015,229,70,block_data
114sdoc4,GPO-CDOC-114sdoc4.pdf,1618,1618,data,True,1607,1607,SENATOR CHARLES E. SCHUMER,2015,232,68,block_data
114sdoc4,GPO-CDOC-114sdoc4.pdf,1619,1619,data,True,1607,1607,SENATOR CHARLES E. SCHUMER,2015,274,65,block_data
114sdoc4,GPO-CDOC-114sdoc4.pdf,1620,1620,data,True,1607,1607,SENATOR CHARLES E. SCHUMER,2015,19,13,block_data
114sdoc4,GPO-CDOC-114sdoc4.pdf,1621,1621,banner,True,1621,1621,SENATOR TIM SCOTT,2013,74,32,block_start
114sdoc4,GPO-CDOC-114sdoc4.pdf,1622,1622,banner,True,1622,1622,SENATOR TIM SCOTT,2014,145,57,block_start
114sdoc4,GPO-CDOC-114sdoc4.pdf,1623,1623,data,True,1622,1622,SENATOR TIM SCOTT,2014,138,41,block_data
114sdoc4,GPO-CDOC-114sdoc4.pdf,1624,1624,banner,True,1624,1624,SENATOR TIM SCOTT,2015,152,58,block_start
114sdoc4,GPO-CDOC-114sdoc4.pdf,1625,1625,data,True,1624,1624,SENATOR TIM SCOTT,2015,190,66,block_data
114sdoc4,GPO-CDOC-114sdoc4.pdf,1626,1626,data,True,1624,1624,SENATOR TIM SCOTT,2015,193,72,block_data
114sdoc4,GPO-CDOC-114sdoc4.pdf,1627,1627,data,True,1624,1624,SENATOR TIM SCOTT,2015,210,69,block_data
114sdoc4,GPO-CDOC-114sdoc4.pdf,1628,1628,data,True,1624,1624,SENATOR TIM SCOTT,2015,209,70,block_data
114sdoc4,GPO-CDOC-114sdoc4.pdf,1629,1629,data,True,1624,1624,SENATOR TIM SCOTT,2015,211,71,block_data
114sdoc4,GPO-CDOC-114sdoc4.pdf,1630,1630,data,True,1624,1624,SENATOR TIM SCOTT,2015,187,50,block_data
114sdoc4,GPO-CDOC-114sdoc4.pdf,1631,1631,banner,True,1631,1631,"SENATOR JEFFERSON B. SESSIONS, III",2013,71,31,block_start
114sdoc4,GPO-CDOC-114sdoc4.pdf,1632,1632,banner,True,1632,1632,"SENATOR JEFFERSON B. SESSIONS, III",2014,154,57,block_start
114sdoc4,GPO-CDOC-114sdoc4.pdf,1633,1633,data,True,1632,1632,"SENATOR JEFFERSON B. SESSIONS, III",2014,82,30,block_data
114sdoc4,GPO-CDOC-114sdoc4.pdf,1634,1634,banner,True,1634,1634,"SENATOR JEFFERSON B. SESSIONS, III",2015,155,59,block_start
114sdoc4,GPO-CDOC-114sdoc4.pdf,1635,1635,data,True,1634,1634,"SENATOR JEFFERSON B. SESSIONS, III",2015,219,68,block_data
114sdoc4,GPO-CDOC-114sdoc4.pdf,1636,1636,data,True,1634,1634,"SENATOR JEFFERSON B. SESSIONS, III",2015,239,66,block_data
114sdoc4,GPO-CDOC-114sdoc4.pdf,1637,1637,data,True,1634,1634,"SENATOR JEFFERSON B. SESSIONS, III",2015,227,66,block_data
114sdoc4,GPO-CDOC-114sdoc4.pdf,1638,1638,data,True,1634,1634,"SENATOR JEFFERSON B. SESSIONS, III",2015,231,66,block_data
114sdoc4,GPO-CDOC-114sdoc4.pdf,1639,1639,data,True,1634,1634,"SENATOR JEFFERSON B. SESSIONS, III",2015,78,25,block_data
114sdoc4,GPO-CDOC-114sdoc4.pdf,1640,1640,banner,True,1640,1640,SENATOR JEANNE SHAHEEN,2013,71,31,block_start
114sdoc4,GPO-CDOC-114sdoc4.pdf,1641,1641,banner,True,1641,1641,SENATOR JEANNE SHAHEEN,2014,175,57,block_start
114sdoc4,GPO-CDOC-114sdoc4.pdf,1642,1642,data,True,1641,1641,SENATOR JEANNE SHAHEEN,2014,252,66,block_data
114sdoc4,GPO-CDOC-114sdoc4.pdf,1643,1643,data,True,1641,1641,SENATOR JEANNE SHAHEEN,2014,21,14,block_data
114sdoc4,GPO-CDOC-114sdoc4.pdf,1644,1644,banner,True,1644,1644,SENATOR JEANNE SHAHEEN,2015,155,59,block_start
114sdoc4,GPO-CDOC-114sdoc4.pdf,1645,1645,data,True,1644,1644,SENATOR JEANNE SHAHEEN,2015,235,68,block_data
114sdoc4,GPO-CDOC-114sdoc4.pdf,1646,1646,data,True,1644,1644,SENATOR JEANNE SHAHEEN,2015,243,66,block_data
114sdoc4,GPO-CDOC-114sdoc4.pdf,1647,1647,data,True,1644,1644,SENATOR JEANNE SHAHEEN,2015,250,66,block_data
114sdoc4,GPO-CDOC-114sdoc4.pdf,1648,1648,data,True,1644,1644,SENATOR JEANNE SHAHEEN,2015,250,66,block_data
114sdoc4,GPO-CDOC-114sdoc4.pdf,1649,1649,data,True,1644,1644,SENATOR JEANNE SHAHEEN,2015,251,67,block_data
114sdoc4,GPO-CDOC-114sdoc4.pdf,1650,1650,data,True,1644,1644,SENATOR JEANNE SHAHEEN,2015,154,46,block_data
114sdoc4,GPO-CDOC-114sdoc4.pdf,1651,1651,banner,True,1651,1651,SENATOR RICHARD C. SHELBY,2013,71,31,block_start
114sdoc4,GPO-CDOC-114sdoc4.pdf,1652,1652,banner,True,1652,1652,SENATOR RICHARD C. SHELBY,2014,101,39,block_start
114sdoc4,GPO-CDOC-114sdoc4.pdf,1653,1653,banner,True,1653,1653,SENATOR RICHARD C. SHELBY,2015,154,57,block_start
114sdoc4,GPO-CDOC-114sdoc4.pdf,1654,1654,data,True,1653,1653,SENATOR RICHARD C. SHELBY,2015,237,68,block_data
114sdoc4,GPO-CDOC-114sdoc4.pdf,1655,1655,data,True,1653,1653,SENATOR RICHARD C. SHELBY,2015,202,66,block_data
114sdoc4,GPO-CDOC-114sdoc4.pdf,1656,1656,banner,True,1656,1656,SENATOR OLYMPIA J. SNOWE,2013,74,32,block_start
114sdoc4,GPO-CDOC-114sdoc4.pdf,1657,1657,banner,True,1657,1657,SENATOR DEBBIE A. STABENOW,2013,71,31,block_start
114sdoc4,GPO-CDOC-114sdoc4.pdf,1658,1658,banner,True,1658,1658,SENATOR DEBBIE A. STABENOW,2014,157,56,block_start
114sdoc4,GPO-CDOC-114sdoc4.pdf,1659,1659,data,True,1658,1658,SENATOR DEBBIE A. STABENOW,2014,206,71,block_data
114sdoc4,GPO-CDOC-114sdoc4.pdf,1660,1660,data,True,1658,1658,SENATOR DEBBIE A. STABENOW,2014,244,50,block_data
114sdoc4,GPO-CDOC-114sdoc4.pdf,1661,1661,banner,True,1661,1661,SENATOR DEBBIE A. STABENOW,2015,152,58,block_start
114sdoc4,GPO-CDOC-114sdoc4.pdf,1662,1662,data,True,1661,1661,SENATOR DEBBIE A. STABENOW,2015,212,69,block_data
114sdoc4,GPO-CDOC-114sdoc4.pdf,1663,1663,data,True,1661,1661,SENATOR DEBBIE A. STABENOW,2015,206,68,block_data
114sdoc4,GPO-CDOC-114sdoc4.pdf,1664,1664,data,True,1661,1661,SENATOR DEBBIE A. STABENOW,2015,209,70,block_data
114sdoc4,GPO-CDOC-114sdoc4.pdf,1665,1665,data,True,1661,1661,SENATOR DEBBIE A. STABENOW,2015,231,68,block_data
114sdoc4,GPO-CDOC-114sdoc4.pdf,1666,1666,data,True,1661,1661,SENATOR DEBBIE A. STABENOW,2015,218,66,block_data
114sdoc4,GPO-CDOC-114sdoc4.pdf,1667,1667,data,True,1661,1661,SENATOR DEBBIE A. STABENOW,2015,245,68,block_data
114sdoc4,GPO-CDOC-114sdoc4.pdf,1668,1668,data,True,1661,1661,SENATOR DEBBIE A. STABENOW,2015,25,16,block_data
114sdoc4,GPO-CDOC-114sdoc4.pdf,1669,1669,banner,True,1669,1669,SENATOR DAN SULLIVAN,2015,148,58,block_start
114sdoc4,GPO-CDOC-114sdoc4.pdf,1670,1670,data,True,1669,1669,SENATOR DAN SULLIVAN,2015,222,69,block_data
114sdoc4,GPO-CDOC-114sdoc4.pdf,1671,1671,data,True,1669,1669,SENATOR DAN SULLIVAN,2015,27,17,block_data
114sdoc4,GPO-CDOC-114sdoc4.pdf,1672,1672,banner,True,1672,1672,SENATOR JON TESTER,2013,71,31,block_start
114sdoc4,GPO-CDOC-114sdoc4.pdf,1673,1673,banner,True,1673,1673,SENATOR JON TESTER,2014,152,56,block_start
114sdoc4,GPO-CDOC-114sdoc4.pdf,1674,1674,data,True,1673,1673,SENATOR JON TESTER,2014,217,66,block_data
114sdoc4,GPO-CDOC-114sdoc4.pdf,1675,1675,data,True,1673,1673,SENATOR JON TESTER,2014,223,52,block_data
114sdoc4,GPO-CDOC-114sdoc4.pdf,1676,1676,banner,True,1676,1676,SENATOR JON TESTER,2015,152,58,block_start
114sdoc4,GPO-CDOC-114sdoc4.pdf,1677,1677,data,True,1676,1676,SENATOR JON TESTER,2015,211,66,block_data
114sdoc4,GPO-CDOC-114sdoc4.pdf,1678,1678,data,True,1676,1676,SENATOR JON TESTER,2015,222,68,block_data
114sdoc4,GPO-CDOC-114sdoc4.pdf,1679,1679,data,True,1676,1676,SENATOR JON TESTER,2015,214,68,block_data
114sdoc4,GPO-CDOC-114sdoc4.pdf,1680,1680,data,True,1676,1676,SENATOR JON TESTER,2015,229,67,block_data
114sdoc4,GPO-CDOC-114sdoc4.pdf,1681,1681,data,True,1676,1676,SENATOR JON TESTER,2015,219,67,block_data
114sdoc4,GPO-CDOC-114sdoc4.pdf,1682,1682,data,True,1676,1676,SENATOR JON TESTER,2015,221,69,block_data
114sdoc4,GPO-CDOC-114sdoc4.pdf,1683,1683,data,True,1676,1676,SENATOR JON TESTER,2015,227,66,block_data
114sdoc4,GPO-CDOC-114sdoc4.pdf,1684,1684,data,True,1676,1676,SENATOR JON TESTER,2015,221,67,block_data
114sdoc4,GPO-CDOC-114sdoc4.pdf,1685,1685,data,True,1676,1676,SENATOR JON TESTER,2015,217,66,block_data
114sdoc4,GPO-CDOC-114sdoc4.pdf,1686,1686,data,True,1676,1676,SENATOR JON TESTER,2015,226,66,block_data
114sdoc4,GPO-CDOC-114sdoc4.pdf,1687,1687,data,True,1676,1676,SENATOR JON TESTER,2015,131,37,block_data
114sdoc4,GPO-CDOC-114sdoc4.pdf,1688,1688,banner,True,1688,1688,SENATOR JOHN R. THUNE,2013,74,32,block_start
114sdoc4,GPO-CDOC-114sdoc4.pdf,1689,1689,banner,True,1689,1689,SENATOR JOHN R. THUNE,2014,151,56,block_start
114sdoc4,GPO-CDOC-114sdoc4.pdf,1690,1690,data,True,1689,1689,SENATOR JOHN R. THUNE,2014,245,69,block_data
114sdoc4,GPO-CDOC-114sdoc4.pdf,1691,1691,data,True,1689,1689,SENATOR JOHN R. THUNE,2014,236,59,block_data
114sdoc4,GPO-CDOC-114sdoc4.pdf,1692,1692,banner,True,1692,1692,SENATOR JOHN R. THUNE,2015,152,58,block_start
114sdoc4,GPO-CDOC-114sdoc4.pdf,1693,1693,data,True,1692,1692,SENATOR JOHN R. THUNE,2015,191,67,block_data
114sdoc4,GPO-CDOC-114sdoc4.pdf,1694,1694,data,True,1692,1692,SENATOR JOHN R. THUNE,2015,231,66,block_data
114sdoc4,GPO-CDOC-114sdoc4.pdf,1695,1695,data,True,1692,1692,SENATOR JOHN R. THUNE,2015,233,67,block_data
114sdoc4,GPO-CDOC-114sdoc4.pdf,1696,1696,data,True,1692,1692,SENATOR JOHN R. THUNE,2015,221,67,block_data
114sdoc4,GPO-CDOC-114sdoc4.pdf,1697,1697,data,True,1692,1692,SENATOR JOHN R. THUNE,2015,169,44,block_data
114sdoc4,GPO-CDOC-114sdoc4.pdf,1698,1698,banner,True,1698,1698,SENATOR THOM TILLIS,2015,152,58,block_start
114sdoc4,GPO-CDOC-114sdoc4.pdf,1699,1699,data,True,1698,1698,SENATOR THOM TILLIS,2015,233,69,block_data
114sdoc4,GPO-CDOC-114sdoc4.pdf,1700,1700,data,True,1698,1698,SENATOR THOM TILLIS,2015,238,68,block_data
114sdoc4,GPO-CDOC-114sdoc4.pdf,1701,1701,data,True,1698,1698,SENATOR THOM TILLIS,2015,236,68,block_data
114sdoc4,GPO-CDOC-114sdoc4.pdf,1702,1702,data,True,1698,1698,SENATOR THOM TILLIS,2015,78,25,block_data
114sdoc4,GPO-CDOC-114sdoc4.pdf,1703,1703,banner,True,1703,1703,SENATOR PATRICK J.TOOMEY,2013,83,34,block_start
114sdoc4,GPO-CDOC-114sdoc4.pdf,1704,1704,banner,True,1704,1704,SENATOR PATRICK J.TOOMEY,2014,160,55,block_start
114sdoc4,GPO-CDOC-114sdoc4.pdf,1705,1705,data,True,1704,1704,SENATOR PATRICK J.TOOMEY,2014,241,67,block_data
114sdoc4,GPO-CDOC-114sdoc4.pdf,1706,1706,data,True,1704,1704,SENATOR PATRICK J.TOOMEY,2014,239,66,block_data
114sdoc4,GPO-CDOC-114sdoc4.pdf,1707,1707,data,True,1704,1704,SENATOR PATRICK J.TOOMEY,2014,241,67,block_data
114sdoc4,GPO-CDOC-114sdoc4.pdf,1708,1708,data,True,1704,1704,SENATOR PATRICK J.TOOMEY,2014,248,67,block_data
114sdoc4,GPO-CDOC-114sdoc4.pdf,1709,1709,data,True,1704,1704,SENATOR PATRICK J.TOOMEY,2014,140,38,block_data
114sdoc4,GPO-CDOC-114sdoc4.pdf,1710,1710,banner,True,1710,1710,SENATOR PATRICK J.TOOMEY,2015,152,58,block_start
114sdoc4,GPO-CDOC-114sdoc4.pdf,1711,1711,data,True,1710,1710,SENATOR PATRICK J.TOOMEY,2015,203,68,block_data
114sdoc4,GPO-CDOC-114sdoc4.pdf,1712,1712,data,True,1710,1710,SENATOR PATRICK J.TOOMEY,2015,244,68,block_data
114sdoc4,GPO-CDOC-114sdoc4.pdf,1713,1713,data,True,1710,1710,SENATOR PATRICK J.TOOMEY,2015,236,67,block_data
114sdoc4,GPO-CDOC-114sdoc4.pdf,1714,1714,data,True,1710,1710,SENATOR PATRICK J.TOOMEY,2015,240,69,block_data
114sdoc4,GPO-CDOC-114sdoc4.pdf,1715,1715,data,True,1710,1710,SENATOR PATRICK J.TOOMEY,2015,241,66,block_data
114sdoc4,GPO-CDOC-114sdoc4.pdf,1716,1716,data,True,1710,1710,SENATOR PATRICK J.TOOMEY,2015,241,67,block_data
114sdoc4,GPO-CDOC-114sdoc4.pdf,1717,1717,data,True,1710,1710,SENATOR PATRICK J.TOOMEY,2015,245,66,block_data
114sdoc4,GPO-CDOC-114sdoc4.pdf,1718,1718,data,True,1710,1710,SENATOR PATRICK J.TOOMEY,2015,239,65,block_data
114sdoc4,GPO-CDOC-114sdoc4.pdf,1719,1719,data,True,1710,1710,SENATOR PATRICK J.TOOMEY,2015,243,66,block_data
114sdoc4,GPO-CDOC-114sdoc4.pdf,1720,1720,data,True,1710,1710,SENATOR PATRICK J.TOOMEY,2015,240,69,block_data
114sdoc4,GPO-CDOC-114sdoc4.pdf,1721,1721,data,True,1710,1710,SENATOR PATRICK J.TOOMEY,2015,241,67,block_data
114sdoc4,GPO-CDOC-114sdoc4.pdf,1722,1722,data,True,1710,1710,SENATOR PATRICK J.TOOMEY,2015,236,67,block_data
114sdoc4,GPO-CDOC-114sdoc4.pdf,1723,1723,data,True,1710,1710,SENATOR PATRICK J.TOOMEY,2015,253,65,block_data
114sdoc4,GPO-CDOC-114sdoc4.pdf,1724,1724,data,True,1710,1710,SENATOR PATRICK J.TOOMEY,2015,27,17,block_data
114sdoc4,GPO-CDOC-114sdoc4.pdf,1725,1725,banner,True,1725,1725,SENATOR MARK UDALL (CO),2013,74,32,block_start
114sdoc4,GPO-CDOC-114sdoc4.pdf,1726,1726,banner,True,1726,1726,SENATOR MARK UDALL (CO),2014,158,55,block_start
114sdoc4,GPO-CDOC-114sdoc4.pdf,1727,1727,data,True,1726,1726,SENATOR MARK UDALL (CO),2014,234,72,block_data
114sdoc4,GPO-CDOC-114sdoc4.pdf,1728,1728,data,True,1726,1726,SENATOR MARK UDALL (CO),2014,117,34,block_data
114sdoc4,GPO-CDOC-114sdoc4.pdf,1729,1729,banner,True,1729,1729,SENATOR MARK UDALL (CO),2015,155,59,block_start
114sdoc4,GPO-CDOC-114sdoc4.pdf,1730,1730,data,True,1729,1729,SENATOR MARK UDALL (CO),2015,219,66,block_data
114sdoc4,GPO-CDOC-114sdoc4.pdf,1731,1731,data,True,1729,1729,SENATOR MARK UDALL (CO),2015,245,68,block_data
114sdoc4,GPO-CDOC-114sdoc4.pdf,1732,1732,data,True,1729,1729,SENATOR MARK UDALL (CO),2015,81,24,block_data
114sdoc4,GPO-CDOC-114sdoc4.pdf,1733,1733,banner,True,1733,1733,SENATOR TOM UDALL (NM),2013,71,31,block_start
114sdoc4,GPO-CDOC-114sdoc4.pdf,1734,1734,banner,True,1734,1734,SENATOR TOM UDALL (NM),2014,170,56,block_start
114sdoc4,GPO-CDOC-114sdoc4.pdf,1735,1735,data,True,1734,1734,SENATOR TOM UDALL (NM),2014,241,64,block_data
114sdoc4,GPO-CDOC-114sdoc4.pdf,1736,1736,data,True,1734,1734,SENATOR TOM UDALL (NM),2014,19,13,block_data
114sdoc4,GPO-CDOC-114sdoc4.pdf,1737,1737,banner,True,1737,1737,SENATOR TOM UDALL (NM),2015,152,58,block_start
114sdoc4,GPO-CDOC-114sdoc4.pdf,1738,1738,data,True,1737,1737,SENATOR TOM UDALL (NM),2015,224,64,block_data
114sdoc4,GPO-CDOC-114sdoc4.pdf,1739,1739,data,True,1737,1737,SENATOR TOM UDALL (NM),2015,243,65,block_data
114sdoc4,GPO-CDOC-114sdoc4.pdf,1740,1740,data,True,1737,1737,SENATOR TOM UDALL (NM),2015,229,65,block_data
114sdoc4,GPO-CDOC-114sdoc4.pdf,1741,1741,data,True,1737,1737,SENATOR TOM UDALL (NM),2015,233,65,block_data
114sdoc4,GPO-CDOC-114sdoc4.pdf,1742,1742,data,True,1737,1737,SENATOR TOM UDALL (NM),2015,236,67,block_data
114sdoc4,GPO-CDOC-114sdoc4.pdf,1743,1743,data,True,1737,1737,SENATOR TOM UDALL (NM),2015,230,68,block_data
114sdoc4,GPO-CDOC-114sdoc4.pdf,1744,1744,data,True,1737,1737,SENATOR TOM UDALL (NM),2015,239,66,block_data
114sdoc4,GPO-CDOC-114sdoc4.pdf,1745,1745,data,True,1737,1737,SENATOR TOM UDALL (NM),2015,222,68,block_data
114sdoc4,GPO-CDOC-114sdoc4.pdf,1746,1746,data,True,1737,1737,SENATOR TOM UDALL (NM),2015,217,68,block_data
114sdoc4,GPO-CDOC-114sdoc4.pdf,1747,1747,data,True,1737,1737,SENATOR TOM UDALL (NM),2015,218,69,block_data
114sdoc4,GPO-CDOC-114sdoc4.pdf,1748,1748,data,True,1737,1737,SENATOR TOM UDALL (NM),2015,238,60,block_data
114sdoc4,GPO-CDOC-114sdoc4.pdf,1749,1749,banner,True,1749,1749,SENATOR DAVID VITTER,2013,74,32,block_start
114sdoc4,GPO-CDOC-114sdoc4.pdf,1750,1750,banner,True,1750,1750,SENATOR DAVID VITTER,2014,156,55,block_start
114sdoc4,GPO-CDOC-114sdoc4.pdf,1751,1751,data,True,1750,1750,SENATOR DAVID VITTER,2014,220,69,block_data
114sdoc4,GPO-CDOC-114sdoc4.pdf,1752,1752,data,True,1750,1750,SENATOR DAVID VITTER,2014,212,72,block_data
114sdoc4,GPO-CDOC-114sdoc4.pdf,1753,1753,data,True,1750,1750,SENATOR DAVID VITTER,2014,189,57,block_data
114sdoc4,GPO-CDOC-114sdoc4.pdf,1754,1754,banner,True,1754,1754,SENATOR DAVID VITTER,2015,150,58,block_start
114sdoc4,GPO-CDOC-114sdoc4.pdf,1755,1755,data,True,1754,1754,SENATOR DAVID VITTER,2015,208,64,block_data
114sdoc4,GPO-CDOC-114sdoc4.pdf,1756,1756,data,True,1754,1754,SENATOR DAVID VITTER,2015,218,72,block_data
114sdoc4,GPO-CDOC-114sdoc4.pdf,1757,1757,data,True,1754,1754,SENATOR DAVID VITTER,2015,214,68,block_data
114sdoc4,GPO-CDOC-114sdoc4.pdf,1758,1758,data,True,1754,1754,SENATOR DAVID VITTER,2015,218,72,block_data
114sdoc4,GPO-CDOC-114sdoc4.pdf,1759,1759,data,True,1754,1754,SENATOR DAVID VITTER,2015,233,67,block_data
114sdoc4,GPO-CDOC-114sdoc4.pdf,1760,1760,data,True,1754,1754,SENATOR DAVID VITTER,2015,218,71,block_data
114sdoc4,GPO-CDOC-114sdoc4.pdf,1761,1761,data,True,1754,1754,SENATOR DAVID VITTER,2015,225,68,block_data
114sdoc4,GPO-CDOC-114sdoc4.pdf,1762,1762,data,True,1754,1754,SENATOR DAVID VITTER,2015,224,70,block_data
114sdoc4,GPO-CDOC-114sdoc4.pdf,1763,1763,data,True,1754,1754,SENATOR DAVID VITTER,2015,243,67,block_data
114sdoc4,GPO-CDOC-114sdoc4.pdf,1764,1764,data,True,1754,1754,SENATOR DAVID VITTER,2015,236,69,block_data
114sdoc4,GPO-CDOC-114sdoc4.pdf,1765,1765,data,True,1754,1754,SENATOR DAVID VITTER,2015,264,66,block_data
114sdoc4,GPO-CDOC-114sdoc4.pdf,1766,1766,data,True,1754,1754,SENATOR DAVID VITTER,2015,25,16,block_data
114sdoc4,GPO-CDOC-114sdoc4.pdf,1767,1767,banner,True,1767,1767,SENATOR JOHN WALSH,2014,156,58,block_start
114sdoc4,GPO-CDOC-114sdoc4.pdf,1768,1768,data,True,1767,1767,SENATOR JOHN WALSH,2014,239,68,block_data
114sdoc4,GPO-CDOC-114sdoc4.pdf,1769,1769,data,True,1767,1767,SENATOR JOHN WALSH,2014,41,19,block_data
114sdoc4,GPO-CDOC-114sdoc4.pdf,1770,1770,banner,True,1770,1770,SENATOR JOHN WALSH,2015,155,59,block_start
114sdoc4,GPO-CDOC-114sdoc4.pdf,1771,1771,data,True,1770,1770,SENATOR JOHN WALSH,2015,214,69,block_data
114sdoc4,GPO-CDOC-114sdoc4.pdf,1772,1772,data,True,1770,1770,SENATOR JOHN WALSH,2015,215,70,block_data
114sdoc4,GPO-CDOC-114sdoc4.pdf,1773,1773,data,True,1770,1770,SENATOR JOHN WALSH,2015,89,29,block_data
114sdoc4,GPO-CDOC-114sdoc4.pdf,1774,1774,banner,True,1774,1774,SENATOR MARK WARNER,2013,86,35,block_start
114sdoc4,GPO-CDOC-114sdoc4.pdf,1775,1775,banner,True,1775,1775,SENATOR MARK WARNER,2014,156,57,block_start
114sdoc4,GPO-CDOC-114sdoc4.pdf,1776,1776,data,True,1775,1775,SENATOR MARK WARNER,2014,244,66,block_data
114sdoc4,GPO-CDOC-114sdoc4.pdf,1777,1777,data,True,1775,1775,SENATOR MARK WARNER,2014,244,66,block_data
114sdoc4,GPO-CDOC-114sdoc4.pdf,1778,1778,data,True,1775,1775,SENATOR MARK WARNER,2014,204,61,block_data
114sdoc4,GPO-CDOC-114sdoc4.pdf,1779,1779,banner,True,1779,1779,SENATOR MARK WARNER,2015,152,59,block_start
114sdoc4,GPO-CDOC-114sdoc4.pdf,1780,1780,data,True,1779,1779,SENATOR MARK WARNER,2015,214,68,block_data
114sdoc4,GPO-CDOC-114sdoc4.pdf,1781,1781,data,True,1779,1779,SENATOR MARK WARNER,2015,224,64,block_data
114sdoc4,GPO-CDOC-114sdoc4.pdf,1782,1782,data,True,1779,1779,SENATOR MARK WARNER,2015,239,69,block_data
114sdoc4,GPO-CDOC-114sdoc4.pdf,1783,1783,data,True,1779,1779,SENATOR MARK WARNER,2015,229,66,block_data
114sdoc4,GPO-CDOC-114sdoc4.pdf,1784,1784,data,True,1779,1779,SENATOR MARK WARNER,2015,232,68,block_data
114sdoc4,GPO-CDOC-114sdoc4.pdf,1785,1785,data,True,1779,1779,SENATOR MARK WARNER,2015,226,68,block_data
114sdoc4,GPO-CDOC-114sdoc4.pdf,1786,1786,data,True,1779,1779,SENATOR MARK WARNER,2015,225,67,block_data
114sdoc4,GPO-CDOC-114sdoc4.pdf,1787,1787,data,True,1779,1779,SENATOR MARK WARNER,2015,226,68,block_data
114sdoc4,GPO-CDOC-114sdoc4.pdf,1788,1788,data,True,1779,1779,SENATOR MARK WARNER,2015,216,65,block_data
114sdoc4,GPO-CDOC-114sdoc4.pdf,1789,1789,data,True,1779,1779,SENATOR MARK WARNER,2015,232,69,block_data
114sdoc4,GPO-CDOC-114sdoc4.pdf,1790,1790,data,True,1779,1779,SENATOR MARK WARNER,2015,161,44,block_data
114sdoc4,GPO-CDOC-114sdoc4.pdf,1791,1791,banner,True,1791,1791,SENATOR ELIZABETH WARREN,2013,71,31,block_start
114sdoc4,GPO-CDOC-114sdoc4.pdf,1792,1792,banner,True,1792,1792,SENATOR ELIZABETH WARREN,2014,177,58,block_start
114sdoc4,GPO-CDOC-114sdoc4.pdf,1793,1793,data,True,1792,1792,SENATOR ELIZABETH WARREN,2014,251,67,block_data
114sdoc4,GPO-CDOC-114sdoc4.pdf,1794,1794,data,True,1792,1792,SENATOR ELIZABETH WARREN,2014,144,38,block_data
114sdoc4,GPO-CDOC-114sdoc4.pdf,1795,1795,banner,True,1795,1795,SENATOR ELIZABETH WARREN,2015,152,58,block_start
114sdoc4,GPO-CDOC-114sdoc4.pdf,1796,1796,data,True,1795,1795,SENATOR ELIZABETH WARREN,2015,221,67,block_data
114sdoc4,GPO-CDOC-114sdoc4.pdf,1797,1797,data,True,1795,1795,SENATOR ELIZABETH WARREN,2015,229,69,block_data
114sdoc4,GPO-CDOC-114sdoc4.pdf,1798,1798,data,True,1795,1795,SENATOR ELIZABETH WARREN,2015,255,69,block_data
114sdoc4,GPO-CDOC-114sdoc4.pdf,1799,1799,data,True,1795,1795,SENATOR ELIZABETH WARREN,2015,41,19,block_data
114sdoc4,GPO-CDOC-114sdoc4.pdf,1800,1800,banner,True,1800,1800,SENATOR JIM WEBB,2013,71,31,block_start
114sdoc4,GPO-CDOC-114sdoc4.pdf,1801,1801,banner,True,1801,1801,SENATOR SHELDON WHITEHOUSE,2013,74,32,block_start
114sdoc4,GPO-CDOC-114sdoc4.pdf,1802,1802,banner,True,1802,1802,SENATOR SHELDON WHITEHOUSE,2014,163,57,block_start
114sdoc4,GPO-CDOC-114sdoc4.pdf,1803,1803,data,True,1802,1802,SENATOR SHELDON WHITEHOUSE,2014,243,67,block_data
114sdoc4,GPO-CDOC-114sdoc4.pdf,1804,1804,data,True,1802,1802,SENATOR SHELDON WHITEHOUSE,2014,251,67,block_data
114sdoc4,GPO-CDOC-114sdoc4.pdf,1805,1805,data,True,1802,1802,SENATOR SHELDON WHITEHOUSE,2014,249,66,block_data
114sdoc4,GPO-CDOC-114sdoc4.pdf,1806,1806,data,True,1802,1802,SENATOR SHELDON WHITEHOUSE,2014,249,66,block_data
114sdoc4,GPO-CDOC-114sdoc4.pdf,1807,1807,data,True,1802,1802,SENATOR SHELDON WHITEHOUSE,2014,194,48,block_data
114sdoc4,GPO-CDOC-114sdoc4.pdf,1808,1808,banner,True,1808,1808,SENATOR SHELDON WHITEHOUSE,2015,152,58,block_start
114sdoc4,GPO-CDOC-114sdoc4.pdf,1809,1809,data,True,1808,1808,SENATOR SHELDON WHITEHOUSE,2015,222,66,block_data
114sdoc4,GPO-CDOC-114sdoc4.pdf,1810,1810,data,True,1808,1808,SENATOR SHELDON WHITEHOUSE,2015,236,68,block_data
114sdoc4,GPO-CDOC-114sdoc4.pdf,1811,1811,data,True,1808,1808,SENATOR SHELDON WHITEHOUSE,2015,245,66,block_data
114sdoc4,GPO-CDOC-114sdoc4.pdf,1812,1812,data,True,1808,1808,SENATOR SHELDON WHITEHOUSE,2015,243,66,block_data
114sdoc4,GPO-CDOC-114sdoc4.pdf,1813,1813,data,True,1808,1808,SENATOR SHELDON WHITEHOUSE,2015,236,68,block_data
114sdoc4,GPO-CDOC-114sdoc4.pdf,1814,1814,data,True,1808,1808,SENATOR SHELDON WHITEHOUSE,2015,249,66,block_data
114sdoc4,GPO-CDOC-114sdoc4.pdf,1815,1815,data,True,1808,1808,SENATOR SHELDON WHITEHOUSE,2015,322,69,block_data
114sdoc4,GPO-CDOC-114sdoc4.pdf,1816,1816,data,True,1808,1808,SENATOR SHELDON WHITEHOUSE,2015,21,14,block_data
114sdoc4,GPO-CDOC-114sdoc4.pdf,1817,1817,banner,True,1817,1817,SENATOR ROGER WICKER,2013,74,32,block_start
114sdoc4,GPO-CDOC-114sdoc4.pdf,1818,1818,banner,True,1818,1818,SENATOR ROGER WICKER,2014,169,58,block_start
114sdoc4,GPO-CDOC-114sdoc4.pdf,1819,1819,data,True,1818,1818,SENATOR ROGER WICKER,2014,237,66,block_data
114sdoc4,GPO-CDOC-114sdoc4.pdf,1820,1820,data,True,1818,1818,SENATOR ROGER WICKER,2014,121,39,block_data
114sdoc4,GPO-CDOC-114sdoc4.pdf,1821,1821,banner,True,1821,1821,SENATOR ROGER WICKER,2015,152,58,block_start
114sdoc4,GPO-CDOC-114sdoc4.pdf,1822,1822,data,True,1821,1821,SENATOR ROGER WICKER,2015,213,67,block_data
114sdoc4,GPO-CDOC-114sdoc4.pdf,1823,1823,data,True,1821,1821,SENATOR ROGER WICKER,2015,248,68,block_data
114sdoc4,GPO-CDOC-114sdoc4.pdf,1824,1824,data,True,1821,1821,SENATOR ROGER WICKER,2015,244,66,block_data
114sdoc4,GPO-CDOC-114sdoc4.pdf,1825,1825,data,True,1821,1821,SENATOR ROGER WICKER,2015,227,64,block_data
114sdoc4,GPO-CDOC-114sdoc4.pdf,1826,1826,data,True,1821,1821,SENATOR ROGER WICKER,2015,228,71,block_data
114sdoc4,GPO-CDOC-114sdoc4.pdf,1827,1827,data,True,1821,1821,SENATOR ROGER WICKER,2015,249,66,block_data
114sdoc4,GPO-CDOC-114sdoc4.pdf,1828,1828,data,True,1821,1821,SENATOR ROGER WICKER,2015,231,65,block_data
114sdoc4,GPO-CDOC-114sdoc4.pdf,1829,1829,data,True,1821,1821,SENATOR ROGER WICKER,2015,251,67,block_data
114sdoc4,GPO-CDOC-114sdoc4.pdf,1830,1830,data,True,1821,1821,SENATOR ROGER WICKER,2015,156,43,block_data
114sdoc4,GPO-CDOC-114sdoc4.pdf,1831,1831,banner,True,1831,1831,SENATOR RON WYDEN,2013,74,32,block_start
114sdoc4,GPO-CDOC-114sdoc4.pdf,1832,1832,banner,True,1832,1832,SENATOR RON WYDEN,2014,161,57,block_start
114sdoc4,GPO-CDOC-114sdoc4.pdf,1833,1833,data,True,1832,1832,SENATOR RON WYDEN,2014,237,67,block_data
114sdoc4,GPO-CDOC-114sdoc4.pdf,1834,1834,banner,True,1834,1834,SENATOR RON WYDEN,2015,150,58,block_start
114sdoc4,GPO-CDOC-114sdoc4.pdf,1835,1835,data,True,1834,1834,SENATOR RON WYDEN,2015,208,68,block_data
114sdoc4,GPO-CDOC-114sdoc4.pdf,1836,1836,data,True,1834,1834,SENATOR RON WYDEN,2015,218,68,block_data
114sdoc4,GPO-CDOC-114sdoc4.pdf,1837,1837,data,True,1834,1834,SENATOR RON WYDEN,2015,229,66,block_data
114sdoc4,GPO-CDOC-114sdoc4.pdf,1838,1838,data,True,1834,1834,SENATOR RON WYDEN,2015,221,67,block_data
114sdoc4,GPO-CDOC-114sdoc4.pdf,1839,1839,data,True,1834,1834,SENATOR RON WYDEN,2015,219,65,block_data
114sdoc4,GPO-CDOC-114sdoc4.pdf,1840,1840,data,True,1834,1834,SENATOR RON WYDEN,2015,222,68,block_data
114sdoc4,GPO-CDOC-114sdoc4.pdf,1841,1841,data,True,1834,1834,SENATOR RON WYDEN,2015,234,66,block_data
114sdoc4,GPO-CDOC-114sdoc4.pdf,1842,1842,data,True,1834,1834,SENATOR RON WYDEN,2015,211,68,block_data
114sdoc4,GPO-CDOC-114sdoc4.pdf,1843,1843,data,True,1834,1834,SENATOR RON WYDEN,2015,272,49,block_data
114sdoc4,GPO-CDOC-114sdoc4.pdf,1844,1844,banner,True,1844,1844,STATIONERY,,79,34,block_start
114sdoc4,GPO-CDOC-114sdoc4.pdf,1845,1845,banner,True,1845,1845,LEGAL COUNSEL,2013,70,31,block_start
114sdoc4,GPO-CDOC-114sdoc4.pdf,1846,1846,banner,True,1846,1846,LEGAL COUNSEL,2014,71,32,block_start
114sdoc4,GPO-CDOC-114sdoc4.pdf,1847,1847,banner,True,1847,1847,LEGAL COUNSEL,2015,114,46,block_start
114sdoc4,GPO-CDOC-114sdoc4.pdf,1848,1848,banner,True,1848,1848,SECRETARY FOR THE MAJORITY (D),2013,66,30,block_start
114sdoc4,GPO-CDOC-114sdoc4.pdf,1849,1849,banner,True,1849,1849,SECRETARY FOR THE MAJORITY (D),2014,60,30,block_start
114sdoc4,GPO-CDOC-114sdoc4.pdf,1850,1850,banner,True,1850,1850,SECRETARY FOR THE MINORITY (D),2015,89,37,block_start
114sdoc4,GPO-CDOC-114sdoc4.pdf,1851,1851,banner,True,1851,1851,SECRETARY FOR THE MINORITY (R),2013,66,30,block_start
114sdoc4,GPO-CDOC-114sdoc4.pdf,1852,1852,banner,True,1852,1852,SECRETARY FOR THE MINORITY (R),2014,66,30,block_start
114sdoc4,GPO-CDOC-114sdoc4.pdf,1853,1853,banner,True,1853,1853,SECRETARY FOR THE MAJORITY (R),2015,77,35,block_start
114sdoc4,GPO-CDOC-114sdoc4.pdf,1854,1854,banner,True,1854,1854,SERGEANT AT ARMS AND DOORKEEPER OF THE SENATE,2013,58,30,block_start
114sdoc4,GPO-CDOC-114sdoc4.pdf,1855,1855,banner,True,1855,1855,SERGEANT AT ARMS AND DOORKEEPER OF THE SENATE,2014,58,30,block_start
114sdoc4,GPO-CDOC-114sdoc4.pdf,1856,1856,banner,True,1856,1856,SERGEANT AT ARMS AND DOORKEEPER OF THE SENATE,2015,58,30,block_start
114sdoc4,GPO-CDOC-114sdoc4.pdf,1857,1857,banner,True,1857,1857,SECRETARY OF THE SENATE,2013,57,29,block_start
114sdoc4,GPO-CDOC-114sdoc4.pdf,1858,1858,banner,True,1858,1858,SECRETARY OF THE SENATE,2014,57,29,block_start
114sdoc4,GPO-CDOC-114sdoc4.pdf,1859,1859,banner,True,1859,1859,SECRETARY OF THE SENATE,2015,57,29,block_start
114sdoc4,GPO-CDOC-114sdoc4.pdf,1860,1860,banner,True,1860,1860,JOINT ECONOMIC COMMITTEE,2013,73,32,block_start
114sdoc4,GPO-CDOC-114sdoc4.pdf,1861,1861,banner,True,1861,1861,JOINT ECONOMIC COMMITTEE,2014,104,41,block_start
114sdoc4,GPO-CDOC-114sdoc4.pdf,1862,1862,banner,True,1862,1862,JOINT ECONOMIC COMMITTEE,2015,151,58,block_start
114sdoc4,GPO-CDOC-114sdoc4.pdf,1863,1863,data,True,1862,1862,JOINT ECONOMIC COMMITTEE,2015,120,36,block_data
114sdoc4,GPO-CDOC-114sdoc4.pdf,1864,1864,banner,True,1864,1864,RESERVE FOR CONTINGENCIES,,53,28,block_start
114sdoc4,GPO-CDOC-114sdoc4.pdf,1865,1865,banner,True,1865,1865,LEGISLATIVE COUNSEL,2013,67,29,block_start
114sdoc4,GPO-CDOC-114sdoc4.pdf,1866,1866,banner,True,1866,1866,LEGISLATIVE COUNSEL,2014,116,44,block_start
114sdoc4,GPO-CDOC-114sdoc4.pdf,1867,1867,banner,True,1867,1867,LEGISLATIVE COUNSEL,2015,160,60,block_start
114sdoc4,GPO-CDOC-114sdoc4.pdf,1868,1868,data,True,1867,1867,LEGISLATIVE COUNSEL,2015,55,26,block_data
114sdoc4,GPO-CDOC-114sdoc4.pdf,1869,1869,banner,True,1869,1869,JOINT COMMITTEES ON INAUGURAL CEREMONIES,,73,32,block_start
114sdoc4,GPO-CDOC-114sdoc4.pdf,1870,1870,banner,True,1870,1870,OFFICE OF CONGRESSIONAL ACCESSIBILITY SERVICES,2013,70,32,block_start
114sdoc4,GPO-CDOC-114sdoc4.pdf,1871,1871,banner,True,1871,1871,OFFICE OF CONGRESSIONAL ACCESSIBILITY SERVICES,2014,186,51,block_start
114sdoc4,GPO-CDOC-114sdoc4.pdf,1872,1872,banner,True,1872,1872,OFFICE OF CONGRESSIONAL ACCESSIBILITY SERVICES,2015,244,59,block_start
114sdoc4,GPO-CDOC-114sdoc4.pdf,1873,1873,data,True,1872,1872,OFFICE OF CONGRESSIONAL ACCESSIBILITY SERVICES,2015,62,22,block_data
114sdoc4,GPO-CDOC-114sdoc4.pdf,1874,1874,banner,True,1874,1874,OFFICE OF CONGRESSIONAL ACCESSIBILITY SERVICES,,53,28,block_start
114sdoc4,GPO-CDOC-114sdoc4.pdf,1875,1875,banner,True,1875,1875,COMPUTER CENTER REVOLVING FUND,,55,28,block_start
114sdoc4,GPO-CDOC-114sdoc4.pdf,1876,1876,banner,True,1876,1876,HEALTH & PROMOTION,,116,38,block_start
114sdoc4,GPO-CDOC-114sdoc4.pdf,1877,1877,banner,True,1877,1877,PUBLIC RECORDS,,70,31,block_start
114sdoc4,GPO-CDOC-114sdoc4.pdf,1878,1878,banner,True,1878,1878,GIFT SHOP,,82,36,block_start
114sdoc4,GPO-CDOC-114sdoc4.pdf,1879,1879,banner,True,1879,1879,PHOTOGRAPHIC STUDIO,,206,56,block_start
114sdoc4,GPO-CDOC-114sdoc4.pdf,1880,1880,banner,True,1880,1880,RECORDING STUDIO,,125,42,block_start
114sdoc4,GPO-CDOC-114sdoc4.pdf,1881,1881,banner,True,1881,1881,DANIEL WEBSTER SENATE PAGE RESIDENCE,,229,57,block_start
114sdoc4,GPO-CDOC-114sdoc4.pdf,1882,1882,data,True,1881,1881,DANIEL WEBSTER SENATE PAGE RESIDENCE,,26,14,block_data
114sdoc4,GPO-CDOC-114sdoc4.pdf,1883,1883,banner,True,1883,1883,SENATE HAIR CARE,,102,42,block_start
114sdoc4,GPO-CDOC-114sdoc4.pdf,1884,1884,other,False,1883,1883,SENATE HAIR CARE,,0,0,terminates_block
114sdoc4,GPO-CDOC-114sdoc4.pdf,1885,1885,banner,True,1885,1885,"AGRICULTURE, NUTRITION & FORESTRY AGRICULTURE, NUTR & FOR S.RES.81D(112TH) EXPENSES OF INQUIRIES AND INVESTIGATIONS",,70,29,block_start
114sdoc4,GPO-CDOC-114sdoc4.pdf,1886,1886,banner,True,1886,1886,"AGRICULTURE, NUTRITION & FORESTRY AGRICULTURE, NUTR & FOR S.RES.64B(113TH) EXPENSES OF INQUIRIES AND INVESTIGATIONS",,72,30,block_start
114sdoc4,GPO-CDOC-114sdoc4.pdf,1887,1887,banner,True,1887,1887,"AGRICULTURE, NUTRITION & FORESTRY AGRICULTURE, NUTR & FOR S.RES.253B(113TH) EXPENSES OF INQUIRIES AND INVESTIGATIONS",,142,49,block_start
114sdoc4,GPO-CDOC-114sdoc4.pdf,1888,1888,data,True,1887,1887,"AGRICULTURE, NUTRITION & FORESTRY AGRICULTURE, NUTR & FOR S.RES.253B(113TH) EXPENSES OF INQUIRIES AND INVESTIGATIONS",,208,46,block_data
114sdoc4,GPO-CDOC-114sdoc4.pdf,1889,1889,banner,True,1889,1889,"AGRICULTURE, NUTRITION & FORESTRY AGRICULTURE, NUTR & FOR S.RES.253C(113TH) EXPENSES OF INQUIRIES AND INVESTIGATIONS",,132,46,block_start
114sdoc4,GPO-CDOC-114sdoc4.pdf,1890,1890,data,True,1889,1889,"AGRICULTURE, NUTRITION & FORESTRY AGRICULTURE, NUTR & FOR S.RES.253C(113TH) EXPENSES OF INQUIRIES AND INVESTIGATIONS",,194,58,block_data
114sdoc4,GPO-CDOC-114sdoc4.pdf,1891,1891,data,True,1889,1889,"AGRICULTURE, NUTRITION & FORESTRY AGRICULTURE, NUTR & FOR S.RES.253C(113TH) EXPENSES OF INQUIRIES AND INVESTIGATIONS",,194,59,block_data
114sdoc4,GPO-CDOC-114sdoc4.pdf,1892,1892,data,True,1889,1889,"AGRICULTURE, NUTRITION & FORESTRY AGRICULTURE, NUTR & FOR S.RES.253C(113TH) EXPENSES OF INQUIRIES AND INVESTIGATIONS",,156,41,block_data
114sdoc4,GPO-CDOC-114sdoc4.pdf,1893,1893,banner,True,1893,1893,"AGRICULTURE, NUTRITION & FORESTRY AGRICULTURE, NUTR & FOR S.RES.73B(114TH) EXPENSES OF INQUIRIES AND INVESTIGATIONS",,147,53,block_start
114sdoc4,GPO-CDOC-114sdoc4.pdf,1894,1894,data,True,1893,1893,"AGRICULTURE, NUTRITION & FORESTRY AGRICULTURE, NUTR & FOR S.RES.73B(114TH) EXPENSES OF INQUIRIES AND INVESTIGATIONS",,115,44,block_data
114sdoc4,GPO-CDOC-114sdoc4.pdf,1895,1895,banner,True,1895,1895,ARMED SERVICES ARMED SERVICES - S.RES. 81D (112TH) EXPENSES OF INQUIRIES AND INVESTIGATIONS,,64,29,block_start
114sdoc4,GPO-CDOC-114sdoc4.pdf,1896,1896,banner,True,1896,1896,ARMED SERVICES ARMED SERVICES - S.RES. 64B (113TH) EXPENSES OF INQUIRIES AND INVESTIGATIONS,,70,30,block_start
114sdoc4,GPO-CDOC-114sdoc4.pdf,1897,1897,banner,True,1897,1897,ARMED SERVICES ARMED SERVICES - S.RES. 253B (113TH) EXPENSES OF INQUIRIES AND INVESTIGATIONS,,116,46,block_start
114sdoc4,GPO-CDOC-114sdoc4.pdf,1898,1898,banner,True,1898,1898,ARMED SERVICES ARMED SERVICES - S.RES. 253C (113TH) EXPENSES OF INQUIRIES AND INVESTIGATIONS,,201,53,block_start
114sdoc4,GPO-CDOC-114sdoc4.pdf,1899,1899,data,True,1898,1898,ARMED SERVICES ARMED SERVICES - S.RES. 253C (113TH) EXPENSES OF INQUIRIES AND INVESTIGATIONS,,79,25,block_data
114sdoc4,GPO-CDOC-114sdoc4.pdf,1900,1900,banner,True,1900,1900,ARMED SERVICES ARMED SERVICES - S.RES. 73B (114TH) EXPENSES OF INQUIRIES AND INVESTIGATIONS,,148,53,block_start
114sdoc4,GPO-CDOC-114sdoc4.pdf,1901,1901,data,True,1900,1900,ARMED SERVICES ARMED SERVICES - S.RES. 73B (114TH) EXPENSES OF INQUIRIES AND INVESTIGATIONS,,162,59,block_data
114sdoc4,GPO-CDOC-114sdoc4.pdf,1902,1902,banner,True,1902,1902,"BANKING, HOUSING & URBAN AFFAIRS BANKING, HOUSING &URBDEV S.RES. 81D (112TH) EXPENSES OF INQUIRIES AND INVESTIGATIONS",,70,30,block_start
114sdoc4,GPO-CDOC-114sdoc4.pdf,1903,1903,banner,True,1903,1903,"BANKING, HOUSING & URBAN AFFAIRS BANKING, HOUSING &URBDEV S.RES. 64B (113TH) EXPENSES OF INQUIRIES AND INVESTIGATIONS",,70,30,block_start
114sdoc4,GPO-CDOC-114sdoc4.pdf,1904,1904,banner,True,1904,1904,"BANKING, HOUSING & URBAN AFFAIRS BANKING, HOUSING &URBDEV S.RES. 253B (113TH) EXPENSES OF INQUIRIES AND INVESTIGATIONS",,155,50,block_start
114sdoc4,GPO-CDOC-114sdoc4.pdf,1905,1905,data,True,1904,1904,"BANKING, HOUSING & URBAN AFFAIRS BANKING, HOUSING &URBDEV S.RES. 253B (113TH) EXPENSES OF INQUIRIES AND INVESTIGATIONS",,64,23,block_data
114sdoc4,GPO-CDOC-114sdoc4.pdf,1906,1906,banner,True,1906,1906,"BANKING, HOUSING & URBAN AFFAIRS BANKING, HOUSING &URBDEV S.RES. 253C (113TH) EXPENSES OF INQUIRIES AND INVESTIGATIONS",,130,50,block_start
114sdoc4,GPO-CDOC-114sdoc4.pdf,1907,1907,data,True,1906,1906,"BANKING, HOUSING & URBAN AFFAIRS BANKING, HOUSING &URBDEV S.RES. 253C (113TH) EXPENSES OF INQUIRIES AND INVESTIGATIONS",,158,39,block_data
114sdoc4,GPO-CDOC-114sdoc4.pdf,1908,1908,banner,True,1908,1908,"BANKING, HOUSING & URBAN AFFAIRS BANKING, HOUSING &URBDEV S.RES. 73B (114TH) EXPENSES OF INQUIRIES AND INVESTIGATIONS",,144,57,block_start
114sdoc4,GPO-CDOC-114sdoc4.pdf,1909,1909,data,True,1908,1908,"BANKING, HOUSING & URBAN AFFAIRS BANKING, HOUSING &URBDEV S.RES. 73B (114TH) EXPENSES OF INQUIRIES AND INVESTIGATIONS",,143,54,block_data
114sdoc4,GPO-CDOC-114sdoc4.pdf,1910,1910,banner,True,1910,1910,BUDGET BUDGET - S.RES. 81D (112TH) EXPENSES OF INQUIRIES AND INVESTIGATIONS,,73,30,block_start
114sdoc4,GPO-CDOC-114sdoc4.pdf,1911,1911,banner,True,1911,1911,BUDGET BUDGET - S.RES. 64B (113TH) EXPENSES OF INQUIRIES AND INVESTIGATIONS,,70,30,block_start
114sdoc4,GPO-CDOC-114sdoc4.pdf,1912,1912,banner,True,1912,1912,BUDGET BUDGET - S.RES. 253B (113TH) EXPENSES OF INQUIRIES AND INVESTIGATIONS,,134,50,block_start
114sdoc4,GPO-CDOC-114sdoc4.pdf,1913,1913,data,True,1912,1912,BUDGET BUDGET - S.RES. 253B (113TH) EXPENSES OF INQUIRIES AND INVESTIGATIONS,,131,43,block_data
114sdoc4,GPO-CDOC-114sdoc4.pdf,1914,1914,banner,True,1914,1914,BUDGET BUDGET - S.RES. 253C (113TH) EXPENSES OF INQUIRIES AND INVESTIGATIONS,,136,51,block_start
114sdoc4,GPO-CDOC-114sdoc4.pdf,1915,1915,data,True,1914,1914,BUDGET BUDGET - S.RES. 253C (113TH) EXPENSES OF INQUIRIES AND INVESTIGATIONS,,207,54,block_data
114sdoc4,GPO-CDOC-114sdoc4.pdf,1916,1916,banner,True,1916,1916,BUDGET BUDGET - S.RES. 73B (114TH) EXPENSES OF INQUIRIES AND INVESTIGATIONS,,148,57,block_start
114sdoc4,GPO-CDOC-114sdoc4.pdf,1917,1917,data,True,1916,1916,BUDGET BUDGET - S.RES. 73B (114TH) EXPENSES OF INQUIRIES AND INVESTIGATIONS,,174,64,block_data
114sdoc4,GPO-CDOC-114sdoc4.pdf,1918,1918,banner,True,1918,1918,"COMMERCE, SCIENCE & TRANSPORTATION COMMERCE, SCI & TRANS S.RES. 81D (112TH) EXPENSES OF INQUIRIES AND INVESTIGATIONS",,73,30,block_start
114sdoc4,GPO-CDOC-114sdoc4.pdf,1919,1919,banner,True,1919,1919,"COMMERCE, SCIENCE & TRANSPORTATION COMMERCE, SCI & TRANS S.RES. 64B (113TH) EXPENSES OF INQUIRIES AND INVESTIGATIONS",,67,30,block_start
114sdoc4,GPO-CDOC-114sdoc4.pdf,1920,1920,banner,True,1920,1920,"COMMERCE, SCIENCE & TRANSPORTATION COMMERCE, SCI & TRANS S.RES. 253B (113TH) EXPENSES OF INQUIRIES AND INVESTIGATIONS",,128,50,block_start
114sdoc4,GPO-CDOC-114sdoc4.pdf,1921,1921,data,True,1920,1920,"COMMERCE, SCIENCE & TRANSPORTATION COMMERCE, SCI & TRANS S.RES. 253B (113TH) EXPENSES OF INQUIRIES AND INVESTIGATIONS",,135,38,block_data
114sdoc4,GPO-CDOC-114sdoc4.pdf,1922,1922,banner,True,1922,1922,"COMMERCE, SCIENCE & TRANSPORTATION COMMERCE, SCI & TRANS S.RES. 253C (113TH) EXPENSES OF INQUIRIES AND INVESTIGATIONS",,139,52,block_start
114sdoc4,GPO-CDOC-114sdoc4.pdf,1923,1923,data,True,1922,1922,"COMMERCE, SCIENCE & TRANSPORTATION COMMERCE, SCI & TRANS S.RES. 253C (113TH) EXPENSES OF INQUIRIES AND INVESTIGATIONS",,241,58,block_data
114sdoc4,GPO-CDOC-114sdoc4.pdf,1924,1924,banner,True,1924,1924,"COMMERCE, SCIENCE & TRANSPORTATION COMMERCE, SCI & TRANS S.RES. 73B (114TH) EXPENSES OF INQUIRIES AND INVESTIGATIONS",,151,56,block_start
114sdoc4,GPO-CDOC-114sdoc4.pdf,1925,1925,data,True,1924,1924,"COMMERCE, SCIENCE & TRANSPORTATION COMMERCE, SCI & TRANS S.RES. 73B (114TH) EXPENSES OF INQUIRIES AND INVESTIGATIONS",,175,64,block_data
114sdoc4,GPO-CDOC-114sdoc4.pdf,1926,1926,banner,True,1926,1926,ENERGY & NATURAL RESOURCES ENERGY & NATURAL S.RES. 81D (112TH) EXPENSES OF INQUIRIES AND INVESTIGATIONS,,70,30,block_start
114sdoc4,GPO-CDOC-114sdoc4.pdf,1927,1927,banner,True,1927,1927,ENERGY & NATURAL RESOURCES ENERGY & NATURAL S.RES. 64B (113TH) EXPENSES OF INQUIRIES AND INVESTIGATIONS,,67,30,block_start
114sdoc4,GPO-CDOC-114sdoc4.pdf,1928,1928,banner,True,1928,1928,ENERGY & NATURAL RESOURCES ENERGY & NATURAL S.RES. 253B (113TH) EXPENSES OF INQUIRIES AND INVESTIGATIONS,,128,49,block_start
114sdoc4,GPO-CDOC-114sdoc4.pdf,1929,1929,data,True,1928,1928,ENERGY & NATURAL RESOURCES ENERGY & NATURAL S.RES. 253B (113TH) EXPENSES OF INQUIRIES AND INVESTIGATIONS,,204,65,block_data
114sdoc4,GPO-CDOC-114sdoc4.pdf,1930,1930,banner,True,1930,1930,ENERGY & NATURAL RESOURCES ENERGY & NATURAL S.RES. 253C (113TH) EXPENSES OF INQUIRIES AND INVESTIGATIONS,,137,52,block_start
114sdoc4,GPO-CDOC-114sdoc4.pdf,1931,1931,data,True,1930,1930,ENERGY & NATURAL RESOURCES ENERGY & NATURAL S.RES. 253C (113TH) EXPENSES OF INQUIRIES AND INVESTIGATIONS,,167,59,block_data
114sdoc4,GPO-CDOC-114sdoc4.pdf,1932,1932,data,True,1930,1930,ENERGY & NATURAL RESOURCES ENERGY & NATURAL S.RES. 253C (113TH) EXPENSES OF INQUIRIES AND INVESTIGATIONS,,255,65,block_data
114sdoc4,GPO-CDOC-114sdoc4.pdf,1933,1933,data,True,1930,1930,ENERGY & NATURAL RESOURCES ENERGY & NATURAL S.RES. 253C (113TH) EXPENSES OF INQUIRIES AND INVESTIGATIONS,,101,29,block_data
114sdoc4,GPO-CDOC-114sdoc4.pdf,1934,1934,banner,True,1934,1934,ENERGY & NATURAL RESOURCES ENERGY & NATURAL S.RES. 73B (114TH) EXPENSES OF INQUIRIES AND INVESTIGATIONS,,148,56,block_start
114sdoc4,GPO-CDOC-114sdoc4.pdf,1935,1935,data,True,1934,1934,ENERGY & NATURAL RESOURCES ENERGY & NATURAL S.RES. 73B (114TH) EXPENSES OF INQUIRIES AND INVESTIGATIONS,,137,49,block_data
114sdoc4,GPO-CDOC-114sdoc4.pdf,1936,1936,banner,True,1936,1936,ENVIRONMENT & PUBLIC WORKS ENVIRONMENT & PUB WORKS S.RES. 81D (112TH) EXPENSES OF INQUIRIES AND INVESTIGATIONS,,73,30,block_start
114sdoc4,GPO-CDOC-114sdoc4.pdf,1937,1937,banner,True,1937,1937,ENVIRONMENT & PUBLIC WORKS ENVIRONMENT & PUB WORKS S.RES. 64B (113TH) EXPENSES OF INQUIRIES AND INVESTIGATIONS,,73,30,block_start
114sdoc4,GPO-CDOC-114sdoc4.pdf,1938,1938,banner,True,1938,1938,ENVIRONMENT & PUBLIC WORKS ENVIRONMENT & PUB WORKS S.RES. 253B (113TH) EXPENSES OF INQUIRIES AND INVESTIGATIONS,,143,52,block_start
114sdoc4,GPO-CDOC-114sdoc4.pdf,1939,1939,data,True,1938,1938,ENVIRONMENT & PUBLIC WORKS ENVIRONMENT & PUB WORKS S.RES. 253B (113TH) EXPENSES OF INQUIRIES AND INVESTIGATIONS,,68,22,block_data
114sdoc4,GPO-CDOC-114sdoc4.pdf,1940,1940,banner,True,1940,1940,ENVIRONMENT & PUBLIC WORKS ENVIRONMENT & PUB WORKS S.RES. 253C (113TH) EXPENSES OF INQUIRIES AND INVESTIGATIONS,,189,52,block_start
114sdoc4,GPO-CDOC-114sdoc4.pdf,1941,1941,data,True,1940,1940,ENVIRONMENT & PUBLIC WORKS ENVIRONMENT & PUB WORKS S.RES. 253C (113TH) EXPENSES OF INQUIRIES AND INVESTIGATIONS,,77,24,block_data
114sdoc4,GPO-CDOC-114sdoc4.pdf,1942,1942,banner,True,1942,1942,ENVIRONMENT & PUBLIC WORKS ENVIRONMENT & PUB WORKS S.RES. 73B (114TH) EXPENSES OF INQUIRIES AND INVESTIGATIONS,,146,57,block_start
114sdoc4,GPO-CDOC-114sdoc4.pdf,1943,1943,data,True,1942,1942,ENVIRONMENT & PUBLIC WORKS ENVIRONMENT & PUB WORKS S.RES. 73B (114TH) EXPENSES OF INQUIRIES AND INVESTIGATIONS,,151,55,block_data
114sdoc4,GPO-CDOC-114sdoc4.pdf,1944,1944,banner,True,1944,1944,ETHICS COMMITTEE ON ETHICS - FY 2013 EXPENSES OF INQUIRIES AND INVESTIGATIONS,,73,30,block_start
114sdoc4,GPO-CDOC-114sdoc4.pdf,1945,1945,banner,True,1945,1945,ETHICS COMMITTEE ON ETHICS - FY 2014 EXPENSES OF INQUIRIES AND INVESTIGATIONS,,141,51,block_start
114sdoc4,GPO-CDOC-114sdoc4.pdf,1946,1946,data,True,1945,1945,ETHICS COMMITTEE ON ETHICS - FY 2014 EXPENSES OF INQUIRIES AND INVESTIGATIONS,,21,13,block_data
114sdoc4,GPO-CDOC-114sdoc4.pdf,1947,1947,banner,True,1947,1947,ETHICS COMMITTEE ON ETHICS - FY 2015 EXPENSES OF INQUIRIES AND INVESTIGATIONS,,150,52,block_start
114sdoc4,GPO-CDOC-114sdoc4.pdf,1948,1948,data,True,1947,1947,ETHICS COMMITTEE ON ETHICS - FY 2015 EXPENSES OF INQUIRIES AND INVESTIGATIONS,,23,14,block_data
114sdoc4,GPO-CDOC-114sdoc4.pdf,1949,1949,banner,True,1949,1949,FINANCE FINANCE - S.RES. 81D (112TH) EXPENSES OF INQUIRIES AND INVESTIGATIONS,,73,30,block_start
114sdoc4,GPO-CDOC-114sdoc4.pdf,1950,1950,banner,True,1950,1950,FINANCE FINANCE - S.RES. 64B (113TH) EXPENSES OF INQUIRIES AND INVESTIGATIONS,,73,30,block_start
114sdoc4,GPO-CDOC-114sdoc4.pdf,1951,1951,banner,True,1951,1951,FINANCE FINANCE - S.RES. 253B (113TH) EXPENSES OF INQUIRIES AND INVESTIGATIONS,,137,48,block_start
114sdoc4,GPO-CDOC-114sdoc4.pdf,1952,1952,data,True,1951,1951,FINANCE FINANCE - S.RES. 253B (113TH) EXPENSES OF INQUIRIES AND INVESTIGATIONS,,223,59,block_data
114sdoc4,GPO-CDOC-114sdoc4.pdf,1953,1953,banner,True,1953,1953,FINANCE FINANCE - S.RES. 253C (113TH) EXPENSES OF INQUIRIES AND INVESTIGATIONS,,127,47,block_start
114sdoc4,GPO-CDOC-114sdoc4.pdf,1954,1954,data,True,1953,1953,FINANCE FINANCE - S.RES. 253C (113TH) EXPENSES OF INQUIRIES AND INVESTIGATIONS,,188,62,block_data
114sdoc4,GPO-CDOC-114sdoc4.pdf,1955,1955,data,True,1953,1953,FINANCE FINANCE - S.RES. 253C (113TH) EXPENSES OF INQUIRIES AND INVESTIGATIONS,,196,57,block_data
114sdoc4,GPO-CDOC-114sdoc4.pdf,1956,1956,data,True,1953,1953,FINANCE FINANCE - S.RES. 253C (113TH) EXPENSES OF INQUIRIES AND INVESTIGATIONS,,280,62,block_data
114sdoc4,GPO-CDOC-114sdoc4.pdf,1957,1957,data,True,1953,1953,FINANCE FINANCE - S.RES. 253C (113TH) EXPENSES OF INQUIRIES AND INVESTIGATIONS,,117,32,block_data
114sdoc4,GPO-CDOC-114sdoc4.pdf,1958,1958,banner,True,1958,1958,FINANCE FINANCE - S.RES. 73B (114TH) EXPENSES OF INQUIRIES AND INVESTIGATIONS,,144,56,block_start
114sdoc4,GPO-CDOC-114sdoc4.pdf,1959,1959,data,True,1958,1958,FINANCE FINANCE - S.RES. 73B (114TH) EXPENSES OF INQUIRIES AND INVESTIGATIONS,,183,67,block_data
114sdoc4,GPO-CDOC-114sdoc4.pdf,1960,1960,data,True,1958,1958,FINANCE FINANCE - S.RES. 73B (114TH) EXPENSES OF INQUIRIES AND INVESTIGATIONS,,143,55,block_data
114sdoc4,GPO-CDOC-114sdoc4.pdf,1961,1961,banner,True,1961,1961,FOREIGN RELATIONS FOREIGN RELATIONS - S.RES. 81D (112TH) EXPENSES OF INQUIRIES AND INVESTIGATIONS,,70,30,block_start
114sdoc4,GPO-CDOC-114sdoc4.pdf,1962,1962,banner,True,1962,1962,FOREIGN RELATIONS FOREIGN RELATIONS - S.RES. 64B (113TH) EXPENSES OF INQUIRIES AND INVESTIGATIONS,,73,30,block_start
114sdoc4,GPO-CDOC-114sdoc4.pdf,1963,1963,banner,True,1963,1963,FOREIGN RELATIONS FOREIGN RELATIONS - S.RES. 253B (113TH) EXPENSES OF INQUIRIES AND INVESTIGATIONS,,131,47,block_start
114sdoc4,GPO-CDOC-114sdoc4.pdf,1964,1964,data,True,1963,1963,FOREIGN RELATIONS FOREIGN RELATIONS - S.RES. 253B (113TH) EXPENSES OF INQUIRIES AND INVESTIGATIONS,,247,61,block_data
114sdoc4,GPO-CDOC-114sdoc4.pdf,1965,1965,data,True,1963,1963,FOREIGN RELATIONS FOREIGN RELATIONS - S.RES. 253B (113TH) EXPENSES OF INQUIRIES AND INVESTIGATIONS,,23,14,block_data
114sdoc4,GPO-CDOC-114sdoc4.pdf,1966,1966,banner,True,1966,1966,FOREIGN RELATIONS FOREIGN RELATIONS - S.RES. 253C (113TH) EXPENSES OF INQUIRIES AND INVESTIGATIONS,,150,50,block_start
114sdoc4,GPO-CDOC-114sdoc4.pdf,1967,1967,data,True,1966,1966,FOREIGN RELATIONS FOREIGN RELATIONS - S.RES. 253C (113TH) EXPENSES OF INQUIRIES AND INVESTIGATIONS,,191,58,block_data
114sdoc4,GPO-CDOC-114sdoc4.pdf,1968,1968,data,True,1966,1966,FOREIGN RELATIONS FOREIGN RELATIONS - S.RES. 253C (113TH) EXPENSES OF INQUIRIES AND INVESTIGATIONS,,194,58,block_data
114sdoc4,GPO-CDOC-114sdoc4.pdf,1969,1969,data,True,1966,1966,FOREIGN RELATIONS FOREIGN RELATIONS - S.RES. 253C (113TH) EXPENSES OF INQUIRIES AND INVESTIGATIONS,,207,57,block_data
114sdoc4,GPO-CDOC-114sdoc4.pdf,1970,1970,data,True,1966,1966,FOREIGN RELATIONS FOREIGN RELATIONS - S.RES. 253C (113TH) EXPENSES OF INQUIRIES AND INVESTIGATIONS,,275,56,block_data
114sdoc4,GPO-CDOC-114sdoc4.pdf,1971,1971,banner,True,1971,1971,FOREIGN RELATIONS FOREIGN RELATIONS - S.RES. 73B (114TH) EXPENSES OF INQUIRIES AND INVESTIGATIONS,,148,53,block_start
114sdoc4,GPO-CDOC-114sdoc4.pdf,1972,1972,data,True,1971,1971,FOREIGN RELATIONS FOREIGN RELATIONS - S.RES. 73B (114TH) EXPENSES OF INQUIRIES AND INVESTIGATIONS,,184,63,block_data
114sdoc4,GPO-CDOC-114sdoc4.pdf,1973,1973,data,True,1971,1971,FOREIGN RELATIONS FOREIGN RELATIONS - S.RES. 73B (114TH) EXPENSES OF INQUIRIES AND INVESTIGATIONS,,76,29,block_data
114sdoc4,GPO-CDOC-114sdoc4.pdf,1974,1974,banner,True,1974,1974,HOMELAND SECURITY & GOVERNMENTAL AFFAIRS HOMELAND SEC.& GOV AFF. S.RES. 81D (112TH) EXPENSES OF INQUIRIES AND INVESTIGATIONS,,70,30,block_start
114sdoc4,GPO-CDOC-114sdoc4.pdf,1975,1975,banner,True,1975,1975,HOMELAND SECURITY & GOVERNMENTAL AFFAIRS HOMELAND SEC.& GOV AFF. S.RES. 64B (113TH) EXPENSES OF INQUIRIES AND INVESTIGATIONS,,67,30,block_start
114sdoc4,GPO-CDOC-114sdoc4.pdf,1976,1976,banner,True,1976,1976,HOMELAND SECURITY & GOVERNMENTAL AFFAIRS HOMELAND SEC.& GOV AFF. S.RES. 253B (113TH) EXPENSES OF INQUIRIES AND INVESTIGATIONS,,136,49,block_start
114sdoc4,GPO-CDOC-114sdoc4.pdf,1977,1977,data,True,1976,1976,HOMELAND SECURITY & GOVERNMENTAL AFFAIRS HOMELAND SEC.& GOV AFF. S.RES. 253B (113TH) EXPENSES OF INQUIRIES AND INVESTIGATIONS,,67,25,block_data
114sdoc4,GPO-CDOC-114sdoc4.pdf,1978,1978,banner,True,1978,1978,HOMELAND SECURITY & GOVERNMENTAL AFFAIRS HOMELAND SEC.& GOV AFF. S.RES. 253C (113TH) EXPENSES OF INQUIRIES AND INVESTIGATIONS,,138,52,block_start
114sdoc4,GPO-CDOC-114sdoc4.pdf,1979,1979,data,True,1978,1978,HOMELAND SECURITY & GOVERNMENTAL AFFAIRS HOMELAND SEC.& GOV AFF. S.RES. 253C (113TH) EXPENSES OF INQUIRIES AND INVESTIGATIONS,,191,61,block_data
114sdoc4,GPO-CDOC-114sdoc4.pdf,1980,1980,data,True,1978,1978,HOMELAND SECURITY & GOVERNMENTAL AFFAIRS HOMELAND SEC.& GOV AFF. S.RES. 253C (113TH) EXPENSES OF INQUIRIES AND INVESTIGATIONS,,266,61,block_data
114sdoc4,GPO-CDOC-114sdoc4.pdf,1981,1981,data,True,1978,1978,HOMELAND SECURITY & GOVERNMENTAL AFFAIRS HOMELAND SEC.& GOV AFF. S.RES. 253C (113TH) EXPENSES OF INQUIRIES AND INVESTIGATIONS,,49,20,block_data
114sdoc4,GPO-CDOC-114sdoc4.pdf,1982,1982,banner,True,1982,1982,HOMELAND SECURITY & GOVERNMENTAL AFFAIRS HOMELAND SEC.& GOV AFF. S.RES. 73B (114TH) EXPENSES OF INQUIRIES AND INVESTIGATIONS,,145,56,block_start
114sdoc4,GPO-CDOC-114sdoc4.pdf,1983,1983,data,True,1982,1982,HOMELAND SECURITY & GOVERNMENTAL AFFAIRS HOMELAND SEC.& GOV AFF. S.RES. 73B (114TH) EXPENSES OF INQUIRIES AND INVESTIGATIONS,,186,67,block_data
114sdoc4,GPO-CDOC-114sdoc4.pdf,1984,1984,data,True,1982,1982,HOMELAND SECURITY & GOVERNMENTAL AFFAIRS HOMELAND SEC.& GOV AFF. S.RES. 73B (114TH) EXPENSES OF INQUIRIES AND INVESTIGATIONS,,187,65,block_data
114sdoc4,GPO-CDOC-114sdoc4.pdf,1985,1985,data,True,1982,1982,HOMELAND SECURITY & GOVERNMENTAL AFFAIRS HOMELAND SEC.& GOV AFF. S.RES. 73B (114TH) EXPENSES OF INQUIRIES AND INVESTIGATIONS,,60,25,block_data
114sdoc4,GPO-CDOC-114sdoc4.pdf,1986,1986,banner,True,1986,1986,"HEALTH, EDUCATION, LABOR, AND PENSIONS HEALTH, EDU,LABOR&PENS S.RES. 81D (112TH) EXPENSES OF INQUIRIES AND INVESTIGATIONS",,71,31,block_start
114sdoc4,GPO-CDOC-114sdoc4.pdf,1987,1987,banner,True,1987,1987,"HEALTH, EDUCATION, LABOR, AND PENSIONS HEALTH, EDU,LABOR&PENS S.RES. 64B (113TH) EXPENSES OF INQUIRIES AND INVESTIGATIONS",,74,32,block_start
114sdoc4,GPO-CDOC-114sdoc4.pdf,1988,1988,banner,True,1988,1988,"HEALTH, EDUCATION, LABOR, AND PENSIONS HEALTH, EDU,LABOR&PENS S.RES. 253B (113TH) EXPENSES OF INQUIRIES AND INVESTIGATIONS",,131,49,block_start
114sdoc4,GPO-CDOC-114sdoc4.pdf,1989,1989,data,True,1988,1988,"HEALTH, EDUCATION, LABOR, AND PENSIONS HEALTH, EDU,LABOR&PENS S.RES. 253B (113TH) EXPENSES OF INQUIRIES AND INVESTIGATIONS",,195,59,block_data
114sdoc4,GPO-CDOC-114sdoc4.pdf,1990,1990,data,True,1988,1988,"HEALTH, EDUCATION, LABOR, AND PENSIONS HEALTH, EDU,LABOR&PENS S.RES. 253B (113TH) EXPENSES OF INQUIRIES AND INVESTIGATIONS",,156,37,block_data
114sdoc4,GPO-CDOC-114sdoc4.pdf,1991,1991,banner,True,1991,1991,"HEALTH, EDUCATION, LABOR, AND PENSIONS HEALTH, EDU,LABOR&PENS S.RES. 253C (113TH) EXPENSES OF INQUIRIES AND INVESTIGATIONS",,134,51,block_start
114sdoc4,GPO-CDOC-114sdoc4.pdf,1992,1992,data,True,1991,1991,"HEALTH, EDUCATION, LABOR, AND PENSIONS HEALTH, EDU,LABOR&PENS S.RES. 253C (113TH) EXPENSES OF INQUIRIES AND INVESTIGATIONS",,183,60,block_data
114sdoc4,GPO-CDOC-114sdoc4.pdf,1993,1993,data,True,1991,1991,"HEALTH, EDUCATION, LABOR, AND PENSIONS HEALTH, EDU,LABOR&PENS S.RES. 253C (113TH) EXPENSES OF INQUIRIES AND INVESTIGATIONS",,194,61,block_data
114sdoc4,GPO-CDOC-114sdoc4.pdf,1994,1994,data,True,1991,1991,"HEALTH, EDUCATION, LABOR, AND PENSIONS HEALTH, EDU,LABOR&PENS S.RES. 253C (113TH) EXPENSES OF INQUIRIES AND INVESTIGATIONS",,225,62,block_data
114sdoc4,GPO-CDOC-114sdoc4.pdf,1995,1995,data,True,1991,1991,"HEALTH, EDUCATION, LABOR, AND PENSIONS HEALTH, EDU,LABOR&PENS S.RES. 253C (113TH) EXPENSES OF INQUIRIES AND INVESTIGATIONS",,258,52,block_data
114sdoc4,GPO-CDOC-114sdoc4.pdf,1996,1996,banner,True,1996,1996,"HEALTH, EDUCATION, LABOR, AND PENSIONS HEALTH, EDU,LABOR&PENS S.RES. 73B (114TH) EXPENSES OF INQUIRIES AND INVESTIGATIONS",,148,55,block_start
114sdoc4,GPO-CDOC-114sdoc4.pdf,1997,1997,data,True,1996,1996,"HEALTH, EDUCATION, LABOR, AND PENSIONS HEALTH, EDU,LABOR&PENS S.RES. 73B (114TH) EXPENSES OF INQUIRIES AND INVESTIGATIONS",,191,67,block_data
114sdoc4,GPO-CDOC-114sdoc4.pdf,1998,1998,data,True,1996,1996,"HEALTH, EDUCATION, LABOR, AND PENSIONS HEALTH, EDU,LABOR&PENS S.RES. 73B (114TH) EXPENSES OF INQUIRIES AND INVESTIGATIONS",,133,49,block_data
114sdoc4,GPO-CDOC-114sdoc4.pdf,1999,1999,banner,True,1999,1999,INDIAN AFFAIRS INDIAN AFFAIRS - S.RES. 81D (112TH) EXPENSES OF INQUIRIES AND INVESTIGATIONS,,71,31,block_start
114sdoc4,GPO-CDOC-114sdoc4.pdf,2000,2000,banner,True,2000,2000,INDIAN AFFAIRS INDIAN AFFAIRS - S.RES. 64B (113TH) EXPENSES OF INQUIRIES AND INVESTIGATIONS,,74,32,block_start
114sdoc4,GPO-CDOC-114sdoc4.pdf,2001,2001,banner,True,2001,2001,INDIAN AFFAIRS INDIAN AFFAIRS - S.RES. 253B (113TH) EXPENSES OF INQUIRIES AND INVESTIGATIONS,,141,54,block_start
114sdoc4,GPO-CDOC-114sdoc4.pdf,2002,2002,data,True,2001,2001,INDIAN AFFAIRS INDIAN AFFAIRS - S.RES. 253B (113TH) EXPENSES OF INQUIRIES AND INVESTIGATIONS,,76,24,block_data
114sdoc4,GPO-CDOC-114sdoc4.pdf,2003,2003,banner,True,2003,2003,INDIAN AFFAIRS INDIAN AFFAIRS - S.RES. 253C (113TH) EXPENSES OF INQUIRIES AND INVESTIGATIONS,,127,49,block_start
114sdoc4,GPO-CDOC-114sdoc4.pdf,2004,2004,data,True,2003,2003,INDIAN AFFAIRS INDIAN AFFAIRS - S.RES. 253C (113TH) EXPENSES OF INQUIRIES AND INVESTIGATIONS,,176,67,block_data
114sdoc4,GPO-CDOC-114sdoc4.pdf,2005,2005,data,True,2003,2003,INDIAN AFFAIRS INDIAN AFFAIRS - S.RES. 253C (113TH) EXPENSES OF INQUIRIES AND INVESTIGATIONS,,165,62,block_data
114sdoc4,GPO-CDOC-114sdoc4.pdf,2006,2006,data,True,2003,2003,INDIAN AFFAIRS INDIAN AFFAIRS - S.RES. 253C (113TH) EXPENSES OF INQUIRIES AND INVESTIGATIONS,,228,52,block_data
114sdoc4,GPO-CDOC-114sdoc4.pdf,2007,2007,banner,True,2007,2007,INDIAN AFFAIRS INDIAN AFFAIRS - S.RES. 73B (114TH) EXPENSES OF INQUIRIES AND INVESTIGATIONS,,156,57,block_start
114sdoc4,GPO-CDOC-114sdoc4.pdf,2008,2008,data,True,2007,2007,INDIAN AFFAIRS INDIAN AFFAIRS - S.RES. 73B (114TH) EXPENSES OF INQUIRIES AND INVESTIGATIONS,,27,17,block_data
114sdoc4,GPO-CDOC-114sdoc4.pdf,2009,2009,banner,True,2009,2009,INTELLIGENCE SELECT COM ON INTEL - S.RES. 81D (112TH) EXPENSES OF INQUIRIES AND INVESTIGATIONS,,71,31,block_start
114sdoc4,GPO-CDOC-114sdoc4.pdf,2010,2010,banner,True,2010,2010,INTELLIGENCE SELECT COM ON INTEL - S.RES. 64B (113TH) EXPENSES OF INQUIRIES AND INVESTIGATIONS,,74,32,block_start
114sdoc4,GPO-CDOC-114sdoc4.pdf,2011,2011,banner,True,2011,2011,INTELLIGENCE SELECT COM ON INTEL - S.RES. 253B (113TH) EXPENSES OF INQUIRIES AND INVESTIGATIONS,,151,51,block_start
114sdoc4,GPO-CDOC-114sdoc4.pdf,2012,2012,data,True,2011,2011,INTELLIGENCE SELECT COM ON INTEL - S.RES. 253B (113TH) EXPENSES OF INQUIRIES AND INVESTIGATIONS,,88,33,block_data
114sdoc4,GPO-CDOC-114sdoc4.pdf,2013,2013,banner,True,2013,2013,INTELLIGENCE SELECT COM ON INTEL - S.RES. 253C (113TH) EXPENSES OF INQUIRIES AND INVESTIGATIONS,,148,50,block_start
114sdoc4,GPO-CDOC-114sdoc4.pdf,2014,2014,data,True,2013,2013,INTELLIGENCE SELECT COM ON INTEL - S.RES. 253C (113TH) EXPENSES OF INQUIRIES AND INVESTIGATIONS,,182,45,block_data
114sdoc4,GPO-CDOC-114sdoc4.pdf,2015,2015,banner,True,2015,2015,INTELLIGENCE SELECT COM ON INTEL - S.RES. 73B (114TH) EXPENSES OF INQUIRIES AND INVESTIGATIONS,,152,55,block_start
114sdoc4,GPO-CDOC-114sdoc4.pdf,2016,2016,data,True,2015,2015,INTELLIGENCE SELECT COM ON INTEL - S.RES. 73B (114TH) EXPENSES OF INQUIRIES AND INVESTIGATIONS,,64,29,block_data
114sdoc4,GPO-CDOC-114sdoc4.pdf,2017,2017,banner,True,2017,2017,INTELLIGENCE SELECT COM ON INTEL - P.L. 113-76 (10/13-9/14) EXPENSES OF INQUIRIES AND INVESTIGATIONS,,63,30,block_start
114sdoc4,GPO-CDOC-114sdoc4.pdf,2018,2018,banner,True,2018,2018,INTELLIGENCE SEL COM ON INTEL-P.L. 113-76 (10/14-2/15) EXPENSES OF INQUIRIES AND INVESTIGATIONS,,63,30,block_start
114sdoc4,GPO-CDOC-114sdoc4.pdf,2019,2019,banner,True,2019,2019,INTELLIGENCE SEL COM ON INTEL-P.L. 113-76 (03-09/2015) EXPENSES OF INQUIRIES AND INVESTIGATIONS,,74,33,block_start
114sdoc4,GPO-CDOC-114sdoc4.pdf,2020,2020,banner,True,2020,2020,JUDICIARY JUDICIARY - S.RES. 81D (112TH) EXPENSES OF INQUIRIES AND INVESTIGATIONS,,71,31,block_start
114sdoc4,GPO-CDOC-114sdoc4.pdf,2021,2021,banner,True,2021,2021,JUDICIARY JUDICIARY - S.RES. 64B (113TH) EXPENSES OF INQUIRIES AND INVESTIGATIONS,,71,31,block_start
114sdoc4,GPO-CDOC-114sdoc4.pdf,2022,2022,banner,True,2022,2022,JUDICIARY JUDICIARY - S.RES. 253B (113TH) EXPENSES OF INQUIRIES AND INVESTIGATIONS,,136,53,block_start
114sdoc4,GPO-CDOC-114sdoc4.pdf,2023,2023,data,True,2022,2022,JUDICIARY JUDICIARY - S.RES. 253B (113TH) EXPENSES OF INQUIRIES AND INVESTIGATIONS,,186,51,block_data
114sdoc4,GPO-CDOC-114sdoc4.pdf,2024,2024,banner,True,2024,2024,JUDICIARY JUDICIARY - S.RES. 253C (113TH) EXPENSES OF INQUIRIES AND INVESTIGATIONS,,134,53,block_start
114sdoc4,GPO-CDOC-114sdoc4.pdf,2025,2025,data,True,2024,2024,JUDICIARY JUDICIARY - S.RES. 253C (113TH) EXPENSES OF INQUIRIES AND INVESTIGATIONS,,193,62,block_data
114sdoc4,GPO-CDOC-114sdoc4.pdf,2026,2026,data,True,2024,2024,JUDICIARY JUDICIARY - S.RES. 253C (113TH) EXPENSES OF INQUIRIES AND INVESTIGATIONS,,340,63,block_data
114sdoc4,GPO-CDOC-114sdoc4.pdf,2027,2027,data,True,2024,2024,JUDICIARY JUDICIARY - S.RES. 253C (113TH) EXPENSES OF INQUIRIES AND INVESTIGATIONS,,22,14,block_data
114sdoc4,GPO-CDOC-114sdoc4.pdf,2028,2028,banner,True,2028,2028,JUDICIARY JUDICIARY - S.RES. 73B (114TH) EXPENSES OF INQUIRIES AND INVESTIGATIONS,,152,55,block_start
114sdoc4,GPO-CDOC-114sdoc4.pdf,2029,2029,data,True,2028,2028,JUDICIARY JUDICIARY - S.RES. 73B (114TH) EXPENSES OF INQUIRIES AND INVESTIGATIONS,,191,67,block_data
114sdoc4,GPO-CDOC-114sdoc4.pdf,2030,2030,data,True,2028,2028,JUDICIARY JUDICIARY - S.RES. 73B (114TH) EXPENSES OF INQUIRIES AND INVESTIGATIONS,,126,48,block_data
114sdoc4,GPO-CDOC-114sdoc4.pdf,2031,2031,banner,True,2031,2031,RULES & ADMINISTRATION RULES & ADMINISTRATION S.RES. 81D(112TH) EXPENSES OF INQUIRIES AND INVESTIGATIONS,,74,32,block_start
114sdoc4,GPO-CDOC-114sdoc4.pdf,2032,2032,banner,True,2032,2032,RULES & ADMINISTRATION RULES & ADMINISTRATION S.RES. 64B(113TH) EXPENSES OF INQUIRIES AND INVESTIGATIONS,,71,31,block_start
114sdoc4,GPO-CDOC-114sdoc4.pdf,2033,2033,banner,True,2033,2033,RULES & ADMINISTRATION RULES & ADMINISTRATION S.RES. 253B(113TH) EXPENSES OF INQUIRIES AND INVESTIGATIONS,,103,41,block_start
114sdoc4,GPO-CDOC-114sdoc4.pdf,2034,2034,banner,True,2034,2034,RULES & ADMINISTRATION RULES & ADMINISTRATION S.RES. 253C(113TH) EXPENSES OF INQUIRIES AND INVESTIGATIONS,,146,47,block_start
114sdoc4,GPO-CDOC-114sdoc4.pdf,2035,2035,banner,True,2035,2035,RULES & ADMINISTRATION RULES & ADMINISTRATION S.RES. 73B(114TH) EXPENSES OF INQUIRIES AND INVESTIGATIONS,,138,56,block_start
114sdoc4,GPO-CDOC-114sdoc4.pdf,2036,2036,data,True,2035,2035,RULES & ADMINISTRATION RULES & ADMINISTRATION S.RES. 73B(114TH) EXPENSES OF INQUIRIES AND INVESTIGATIONS,,22,14,block_data
114sdoc4,GPO-CDOC-114sdoc4.pdf,2037,2037,banner,True,2037,2037,SMALL BUSINESS AND ENTREPRENEURSHIP SMALL BUS & ENTREP.- S.RES. 81D (112TH) EXPENSES OF INQUIRIES AND INVESTIGATIONS,,74,32,block_start
114sdoc4,GPO-CDOC-114sdoc4.pdf,2038,2038,banner,True,2038,2038,SMALL BUSINESS AND ENTREPRENEURSHIP SMALL BUS & ENTREP.- S.RES. 64B (113TH) EXPENSES OF INQUIRIES AND INVESTIGATIONS,,117,46,block_start
114sdoc4,GPO-CDOC-114sdoc4.pdf,2039,2039,banner,True,2039,2039,SMALL BUSINESS AND ENTREPRENEURSHIP SMALL BUS & ENTREP.- S.RES. 253B (113TH) EXPENSES OF INQUIRIES AND INVESTIGATIONS,,132,50,block_start
114sdoc4,GPO-CDOC-114sdoc4.pdf,2040,2040,data,True,2039,2039,SMALL BUSINESS AND ENTREPRENEURSHIP SMALL BUS & ENTREP.- S.RES. 253B (113TH) EXPENSES OF INQUIRIES AND INVESTIGATIONS,,128,43,block_data
114sdoc4,GPO-CDOC-114sdoc4.pdf,2041,2041,banner,True,2041,2041,SMALL BUSINESS AND ENTREPRENEURSHIP SMALL BUS & ENTREP.- S.RES. 253C (113TH) EXPENSES OF INQUIRIES AND INVESTIGATIONS,,136,52,block_start
114sdoc4,GPO-CDOC-114sdoc4.pdf,2042,2042,data,True,2041,2041,SMALL BUSINESS AND ENTREPRENEURSHIP SMALL BUS & ENTREP.- S.RES. 253C (113TH) EXPENSES OF INQUIRIES AND INVESTIGATIONS,,174,64,block_data
114sdoc4,GPO-CDOC-114sdoc4.pdf,2043,2043,data,True,2041,2041,SMALL BUSINESS AND ENTREPRENEURSHIP SMALL BUS & ENTREP.- S.RES. 253C (113TH) EXPENSES OF INQUIRIES AND INVESTIGATIONS,,187,60,block_data
114sdoc4,GPO-CDOC-114sdoc4.pdf,2044,2044,data,True,2041,2041,SMALL BUSINESS AND ENTREPRENEURSHIP SMALL BUS & ENTREP.- S.RES. 253C (113TH) EXPENSES OF INQUIRIES AND INVESTIGATIONS,,136,38,block_data
114sdoc4,GPO-CDOC-114sdoc4.pdf,2045,2045,banner,True,2045,2045,SMALL BUSINESS AND ENTREPRENEURSHIP SMALL BUS & ENTREP.- S.RES. 73B (114TH) EXPENSES OF INQUIRIES AND INVESTIGATIONS,,147,58,block_start
114sdoc4,GPO-CDOC-114sdoc4.pdf,2046,2046,data,True,2045,2045,SMALL BUSINESS AND ENTREPRENEURSHIP SMALL BUS & ENTREP.- S.RES. 73B (114TH) EXPENSES OF INQUIRIES AND INVESTIGATIONS,,96,39,block_data
114sdoc4,GPO-CDOC-114sdoc4.pdf,2047,2047,banner,True,2047,2047,SPECIAL COMMITTEE ON AGING SPECIAL COM ON AGING S.RES. 81D (112TH) EXPENSES OF INQUIRIES AND INVESTIGATIONS,,68,30,block_start
114sdoc4,GPO-CDOC-114sdoc4.pdf,2048,2048,banner,True,2048,2048,SPECIAL COMMITTEE ON AGING SPECIAL COM ON AGING S.RES. 64B (113TH) EXPENSES OF INQUIRIES AND INVESTIGATIONS,,71,31,block_start
114sdoc4,GPO-CDOC-114sdoc4.pdf,2049,2049,banner,True,2049,2049,SPECIAL COMMITTEE ON AGING SPECIAL COM ON AGING S.RES. 253B (113TH) EXPENSES OF INQUIRIES AND INVESTIGATIONS,,145,51,block_start
114sdoc4,GPO-CDOC-114sdoc4.pdf,2050,2050,data,True,2049,2049,SPECIAL COMMITTEE ON AGING SPECIAL COM ON AGING S.RES. 253B (113TH) EXPENSES OF INQUIRIES AND INVESTIGATIONS,,100,29,block_data
114sdoc4,GPO-CDOC-114sdoc4.pdf,2051,2051,banner,True,2051,2051,SPECIAL COMMITTEE ON AGING SPECIAL COM ON AGING S.RES. 253C (113TH) EXPENSES OF INQUIRIES AND INVESTIGATIONS,,157,52,block_start
114sdoc4,GPO-CDOC-114sdoc4.pdf,2052,2052,data,True,2051,2051,SPECIAL COMMITTEE ON AGING SPECIAL COM ON AGING S.RES. 253C (113TH) EXPENSES OF INQUIRIES AND INVESTIGATIONS,,24,15,block_data
114sdoc4,GPO-CDOC-114sdoc4.pdf,2053,2053,banner,True,2053,2053,SPECIAL COMMITTEE ON AGING SPECIAL COM ON AGING S.RES. 73B (114TH) EXPENSES OF INQUIRIES AND INVESTIGATIONS,,152,55,block_start
114sdoc4,GPO-CDOC-114sdoc4.pdf,2054,2054,data,True,2053,2053,SPECIAL COMMITTEE ON AGING SPECIAL COM ON AGING S.RES. 73B (114TH) EXPENSES OF INQUIRIES AND INVESTIGATIONS,,43,22,block_data
114sdoc4,GPO-CDOC-114sdoc4.pdf,2055,2055,banner,True,2055,2055,VETERANS' AFFAIRS VETERANS' AFFAIRS - S.RES. 81D (112TH) EXPENSES OF INQUIRIES AND INVESTIGATIONS,,71,31,block_start
114sdoc4,GPO-CDOC-114sdoc4.pdf,2056,2056,banner,True,2056,2056,VETERANS' AFFAIRS VETERANS' AFFAIRS - S.RES. 64B (113TH) EXPENSES OF INQUIRIES AND INVESTIGATIONS,,71,31,block_start
114sdoc4,GPO-CDOC-114sdoc4.pdf,2057,2057,banner,True,2057,2057,VETERANS' AFFAIRS VETERANS' AFFAIRS - S.RES. 253B (113TH) EXPENSES OF INQUIRIES AND INVESTIGATIONS,,126,50,block_start
114sdoc4,GPO-CDOC-114sdoc4.pdf,2058,2058,data,True,2057,2057,VETERANS' AFFAIRS VETERANS' AFFAIRS - S.RES. 253B (113TH) EXPENSES OF INQUIRIES AND INVESTIGATIONS,,140,42,block_data
114sdoc4,GPO-CDOC-114sdoc4.pdf,2059,2059,banner,True,2059,2059,VETERANS' AFFAIRS VETERANS' AFFAIRS - S.RES. 253C (113TH) EXPENSES OF INQUIRIES AND INVESTIGATIONS,,143,53,block_start
114sdoc4,GPO-CDOC-114sdoc4.pdf,2060,2060,data,True,2059,2059,VETERANS' AFFAIRS VETERANS' AFFAIRS - S.RES. 253C (113TH) EXPENSES OF INQUIRIES AND INVESTIGATIONS,,164,40,block_data
114sdoc4,GPO-CDOC-114sdoc4.pdf,2061,2061,banner,True,2061,2061,VETERANS' AFFAIRS VETERANS' AFFAIRS - S.RES. 73B (114TH) EXPENSES OF INQUIRIES AND INVESTIGATIONS,,149,56,block_start
114sdoc4,GPO-CDOC-114sdoc4.pdf,2062,2062,data,True,2061,2061,VETERANS' AFFAIRS VETERANS' AFFAIRS - S.RES. 73B (114TH) EXPENSES OF INQUIRIES AND INVESTIGATIONS,,59,28,block_data
114sdoc4,GPO-CDOC-114sdoc4.pdf,2063,2063,banner,True,2063,2063,SPECIAL RESERVES - COMMITTEES SPECIAL RESERVES - S.RES. 81D (112TH) EXPENSES OF INQUIRIES AND INVESTIGATIONS,,54,27,block_start
114sdoc4,GPO-CDOC-114sdoc4.pdf,2064,2064,banner,True,2064,2064,SPECIAL RESERVES - COMMITTEES SPECIAL RESERVES - S.RES. 64B (113TH) EXPENSES OF INQUIRIES AND INVESTIGATIONS,,54,27,block_start
114sdoc4,GPO-CDOC-114sdoc4.pdf,2065,2065,banner,True,2065,2065,SPECIAL RESERVES - COMMITTEES SPECIAL RESERVES - S.RES. 253B (113TH) EXPENSES OF INQUIRIES AND INVESTIGATIONS,,54,27,block_start
114sdoc4,GPO-CDOC-114sdoc4.pdf,2066,2066,banner,True,2066,2066,SPECIAL RESERVES - COMMITTEES SPECIAL RESERVES - S.RES. 253C (113TH) EXPENSES OF INQUIRIES AND INVESTIGATIONS,,54,27,block_start
114sdoc4,GPO-CDOC-114sdoc4.pdf,2067,2067,banner,True,2067,2067,SPECIAL RESERVES - COMMITTEES SPECIAL RESERVES - S.RES. 73B (114TH) EXPENSES OF INQUIRIES AND INVESTIGATIONS,,54,27,block_start
114sdoc4,GPO-CDOC-114sdoc4.pdf,2068,2068,other,False,2067,2067,SPECIAL RESERVES - COMMITTEES SPECIAL RESERVES - S.RES. 73B (114TH) EXPENSES OF INQUIRIES AND INVESTIGATIONS,,0,0,terminates_block
114sdoc4,GPO-CDOC-114sdoc4.pdf,2069,2069,banner,True,2069,2069,COMPENSATION OF MEMBERS,2015,142,49,block_start
114sdoc4,GPO-CDOC-114sdoc4.pdf,2070,2070,data,True,2069,2069,COMPENSATION OF MEMBERS,2015,152,51,block_data
114sdoc4,GPO-CDOC-114sdoc4.pdf,2071,2071,data,True,2069,2069,COMPENSATION OF MEMBERS,2015,151,50,block_data
114sdoc4,GPO-CDOC-114sdoc4.pdf,2072,2072,banner,True,2072,2072,COMPENSATION OF MEMBERS,2014,57,22,block_start
114sdoc4,GPO-CDOC-114sdoc4.pdf,2073,2073,banner,True,2073,2073,COMPENSATION OF MEMBERS,2013,56,22,block_start
114sdoc4,GPO-CDOC-114sdoc4.pdf,2074,2074,other,False,2073,2073,COMPENSATION OF MEMBERS,2013,0,0,terminates_block
114sdoc4,GPO-CDOC-114sdoc4.pdf,2075,2075,other,False,,,,,212,44,non_data
114sdoc4,GPO-CDOC-114sdoc4.pdf,2076,2076,other,False,,,,,194,44,non_data
114sdoc4,GPO-CDOC-114sdoc4.pdf,2077,2077,other,False,,,,,194,43,non_data
114sdoc4,GPO-CDOC-114sdoc4.pdf,2078,2078,other,False,,,,,134,33,non_data
114sdoc4,GPO-CDOC-114sdoc4.pdf,2079,2079,other,False,,,,,86,32,non_data
114sdoc4,GPO-CDOC-114sdoc4.pdf,2080,2080,other,False,,,,,212,45,non_data
114sdoc4,GPO-CDOC-114sdoc4.pdf,2081,2081,other,False,,,,,194,46,non_data
114sdoc4,GPO-CDOC-114sdoc4.pdf,2082,2082,other,False,,,,,194,44,non_data
114sdoc4,GPO-CDOC-114sdoc4.pdf,2083,2083,other,False,,,,,134,33,non_data
114sdoc4,GPO-CDOC-114sdoc4.pdf,2084,2084,other,False,,,,,87,33,non_data
