source_doc,source_pdf,source_page,reference_page,classification,assigned_to_block,block_start_page,block_reference_start,office,funding_year,word_count,visual_row_count,reason
112sdoc4,GPO-CDOC-112sdoc4.pdf,10,10,other,False,,,,,0,0,non_data
112sdoc4,GPO-CDOC-112sdoc4.pdf,11,11,other,False,,,,,137,42,non_data
112sdoc4,GPO-CDOC-112sdoc4.pdf,12,12,other,False,,,,,204,44,non_data
112sdoc4,GPO-CDOC-112sdoc4.pdf,13,13,other,False,,,,,161,48,non_data
112sdoc4,GPO-CDOC-112sdoc4.pdf,14,14,other,False,,,,,148,46,non_data
112sdoc4,GPO-CDOC-112sdoc4.pdf,15,15,other,False,,,,,134,51,non_data
112sdoc4,GPO-CDOC-112sdoc4.pdf,16,16,other,False,,,,,0,0,non_data
112sdoc4,GPO-CDOC-112sdoc4.pdf,17,17,banner,True,17,17,CHAIRMAN MAJORITY CONFERENCE COMMITTEE (D),2009,59,29,block_start
112sdoc4,GPO-CDOC-112sdoc4.pdf,18,18,banner,True,18,18,CHAIRMAN MAJORITY CONFERENCE COMMITTEE (D),2010,56,28,block_start
112sdoc4,GPO-CDOC-112sdoc4.pdf,19,19,banner,True,19,19,CHAIRMAN MAJORITY CONFERENCE COMMITTEE (D),2011,56,28,block_start
112sdoc4,GPO-CDOC-112sdoc4.pdf,20,20,banner,True,20,20,CHAIRMAN MAJORITY POLICY COMMITTEE (D),2009,56,28,block_start
112sdoc4,GPO-CDOC-112sdoc4.pdf,21,21,banner,True,21,21,CHAIRMAN MAJORITY POLICY COMMITTEE (D),2010,56,28,block_start
112sdoc4,GPO-CDOC-112sdoc4.pdf,22,22,banner,True,22,22,CHAIRMAN MAJORITY POLICY COMMITTEE (D),2011,56,28,block_start
112sdoc4,GPO-CDOC-112sdoc4.pdf,23,23,banner,True,23,23,MAJORITY LEADER (D),2009,62,28,block_start
112sdoc4,GPO-CDOC-112sdoc4.pdf,24,24,banner,True,24,24,MAJORITY LEADER (D),2010,65,29,block_start
112sdoc4,GPO-CDOC-112sdoc4.pdf,25,25,banner,True,25,25,MAJORITY LEADER (D),2011,71,32,block_start
112sdoc4,GPO-CDOC-112sdoc4.pdf,26,26,banner,True,26,26,MAJORITY WHIP (D),2009,57,29,block_start
112sdoc4,GPO-CDOC-112sdoc4.pdf,27,27,banner,True,27,27,MAJORITY WHIP (D),2010,57,29,block_start
112sdoc4,GPO-CDOC-112sdoc4.pdf,28,28,banner,True,28,28,MAJORITY WHIP (D),2011,57,29,block_start
112sdoc4,GPO-CDOC-112sdoc4.pdf,29,29,banner,True,29,29,OFFICE OF THE VICE PRESIDENT (D) - BIDEN,2009,57,29,block_start
112sdoc4,GPO-CDOC-112sdoc4.pdf,30,30,banner,True,30,30,OFFICE OF THE VICE PRESIDENT (D) - BIDEN,2010,57,29,block_start
112sdoc4,GPO-CDOC-112sdoc4.pdf,31,31,banner,True,31,31,OFFICE OF THE VICE PRESIDENT (D) - BIDEN,2011,69,32,block_start
112sdoc4,GPO-CDOC-112sdoc4.pdf,32,32,banner,True,32,32,PRESIDENT PRO TEMPORE (D),2009,63,31,block_start
112sdoc4,GPO-CDOC-112sdoc4.pdf,33,33,banner,True,33,33,PRESIDENT PRO TEMPORE (D),2010,60,30,block_start
112sdoc4,GPO-CDOC-112sdoc4.pdf,34,34,banner,True,34,34,PRESIDENT PRO TEMPORE (D),2011,64,32,block_start
112sdoc4,GPO-CDOC-112sdoc4.pdf,35,35,banner,True,35,35,PRES PRO TEM EMERITUS - (R),2009,57,29,block_start
112sdoc4,GPO-CDOC-112sdoc4.pdf,36,36,banner,True,36,36,MINORITY LEADER (R),2009,60,30,block_start
112sdoc4,GPO-CDOC-112sdoc4.pdf,37,37,banner,True,37,37,MINORITY LEADER (R),2010,60,30,block_start
112sdoc4,GPO-CDOC-112sdoc4.pdf,38,38,banner,True,38,38,MINORITY LEADER (R),2011,72,33,block_start
112sdoc4,GPO-CDOC-112sdoc4.pdf,39,39,banner,True,39,39,MINORITY WHIP (R),2009,57,29,block_start
112sdoc4,GPO-CDOC-112sdoc4.pdf,40,40,banner,True,40,40,MINORITY WHIP (R),2010,57,29,block_start
112sdoc4,GPO-CDOC-112sdoc4.pdf,41,41,banner,True,41,41,MINORITY WHIP (R),2011,57,29,block_start
112sdoc4,GPO-CDOC-112sdoc4.pdf,42,42,banner,True,42,42,CHAIRMAN MINORITY CONFERENCE COMMITTEE (R),2009,57,29,block_start
112sdoc4,GPO-CDOC-112sdoc4.pdf,43,43,banner,True,43,43,CHAIRMAN MINORITY CONFERENCE COMMITTEE (R),2010,60,30,block_start
112sdoc4,GPO-CDOC-112sdoc4.pdf,44,44,banner,True,44,44,CHAIRMAN MINORITY CONFERENCE COMMITTEE (R),2011,60,30,block_start
112sdoc4,GPO-CDOC-112sdoc4.pdf,45,45,banner,True,45,45,CHAIRMAN MINORITY POLICY COMMITTEE (R),2009,57,29,block_start
112sdoc4,GPO-CDOC-112sdoc4.pdf,46,46,banner,True,46,46,CHAIRMAN MINORITY POLICY COMMITTEE (R),2010,57,29,block_start
112sdoc4,GPO-CDOC-112sdoc4.pdf,47,47,banner,True,47,47,CHAIRMAN MINORITY POLICY COMMITTEE (R),2011,57,29,block_start
112sdoc4,GPO-CDOC-112sdoc4.pdf,48,48,banner,True,48,48,OFFICE OF THE VICE PRESIDENT (R) - CHENEY,2009,55,29,block_start
112sdoc4,GPO-CDOC-112sdoc4.pdf,49,49,banner,True,49,49,MAJORITY LEADER (D),2009,52,26,block_start
112sdoc4,GPO-CDOC-112sdoc4.pdf,50,50,banner,True,50,50,MAJORITY LEADER (D),2010,52,26,block_start
112sdoc4,GPO-CDOC-112sdoc4.pdf,51,51,banner,True,51,51,MAJORITY LEADER (D),2011,52,26,block_start
112sdoc4,GPO-CDOC-112sdoc4.pdf,52,52,banner,True,52,52,MINORITY LEADER (R),2009,52,26,block_start
112sdoc4,GPO-CDOC-112sdoc4.pdf,53,53,banner,True,53,53,MINORITY LEADER (R),2010,52,26,block_start
112sdoc4,GPO-CDOC-112sdoc4.pdf,54,54,banner,True,54,54,MINORITY LEADER (R),2011,52,26,block_start
112sdoc4,GPO-CDOC-112sdoc4.pdf,55,55,banner,True,55,55,APPROPRIATIONS,2009,53,26,block_start
112sdoc4,GPO-CDOC-112sdoc4.pdf,56,56,banner,True,56,56,APPROPRIATIONS,2010,53,26,block_start
112sdoc4,GPO-CDOC-112sdoc4.pdf,57,57,banner,True,57,57,APPROPRIATIONS,2011,161,61,block_start
112sdoc4,GPO-CDOC-112sdoc4.pdf,58,58,data,True,57,57,APPROPRIATIONS,2011,201,69,block_data
112sdoc4,GPO-CDOC-112sdoc4.pdf,59,59,data,True,57,57,APPROPRIATIONS,2011,46,21,block_data
112sdoc4,GPO-CDOC-112sdoc4.pdf,60,60,banner,True,60,60,CHAPLAIN,2009,53,26,block_start
112sdoc4,GPO-CDOC-112sdoc4.pdf,61,61,banner,True,61,61,CHAPLAIN,2010,53,26,block_start
112sdoc4,GPO-CDOC-112sdoc4.pdf,62,62,banner,True,62,62,CHAPLAIN,2011,69,31,block_start
112sdoc4,GPO-CDOC-112sdoc4.pdf,63,63,banner,True,63,63,MAJORITY CONFERENCE COMMITTEE (D),2009,53,26,block_start
112sdoc4,GPO-CDOC-112sdoc4.pdf,64,64,banner,True,64,64,MAJORITY CONFERENCE COMMITTEE (D),2010,53,26,block_start
112sdoc4,GPO-CDOC-112sdoc4.pdf,65,65,banner,True,65,65,MAJORITY CONFERENCE COMMITTEE (D),2011,153,59,block_start
112sdoc4,GPO-CDOC-112sdoc4.pdf,66,66,data,True,65,65,MAJORITY CONFERENCE COMMITTEE (D),2011,17,11,block_data
112sdoc4,GPO-CDOC-112sdoc4.pdf,67,67,banner,True,67,67,MAJORITY POLICY COMMITTEE (D),2009,53,26,block_start
112sdoc4,GPO-CDOC-112sdoc4.pdf,68,68,banner,True,68,68,MAJORITY POLICY COMMITTEE (D),2010,57,27,block_start
112sdoc4,GPO-CDOC-112sdoc4.pdf,69,69,banner,True,69,69,MAJORITY POLICY COMMITTEE (D),2011,137,54,block_start
112sdoc4,GPO-CDOC-112sdoc4.pdf,70,70,banner,True,70,70,MAJORITY LEADER (D),2009,53,26,block_start
112sdoc4,GPO-CDOC-112sdoc4.pdf,71,71,banner,True,71,71,MAJORITY LEADER (D),2010,53,26,block_start
112sdoc4,GPO-CDOC-112sdoc4.pdf,72,72,banner,True,72,72,MAJORITY LEADER (D),2011,159,61,block_start
112sdoc4,GPO-CDOC-112sdoc4.pdf,73,73,data,True,72,72,MAJORITY LEADER (D),2011,39,19,block_data
112sdoc4,GPO-CDOC-112sdoc4.pdf,74,74,banner,True,74,74,"SECRETARY, MAJORITY CONFERENCE COMM (D)",2009,53,26,block_start
112sdoc4,GPO-CDOC-112sdoc4.pdf,75,75,banner,True,75,75,"SECRETARY, MAJORITY CONFERENCE COMM (D)",2010,53,26,block_start
112sdoc4,GPO-CDOC-112sdoc4.pdf,76,76,banner,True,76,76,"SECRETARY, MAJORITY CONFERENCE COMM (D)",2011,72,32,block_start
112sdoc4,GPO-CDOC-112sdoc4.pdf,77,77,banner,True,77,77,MAJORITY WHIP (D),2009,53,26,block_start
112sdoc4,GPO-CDOC-112sdoc4.pdf,78,78,banner,True,78,78,MAJORITY WHIP (D),2010,53,26,block_start
112sdoc4,GPO-CDOC-112sdoc4.pdf,79,79,banner,True,79,79,MAJORITY WHIP (D),2011,126,50,block_start
112sdoc4,GPO-CDOC-112sdoc4.pdf,80,80,banner,True,80,80,OFFICE OF THE VICE PRESIDENT (D) - BIDEN,2009,53,26,block_start
112sdoc4,GPO-CDOC-112sdoc4.pdf,81,81,banner,True,81,81,OFFICE OF THE VICE PRESIDENT (D) - BIDEN,2010,53,26,block_start
112sdoc4,GPO-CDOC-112sdoc4.pdf,82,82,banner,True,82,82,OFFICE OF THE VICE PRESIDENT (D) - BIDEN,2011,156,60,block_start
112sdoc4,GPO-CDOC-112sdoc4.pdf,83,83,data,True,82,82,OFFICE OF THE VICE PRESIDENT (D) - BIDEN,2011,37,19,block_data
112sdoc4,GPO-CDOC-112sdoc4.pdf,84,84,banner,True,84,84,PRESIDENT PRO TEMPORE (D),2009,53,26,block_start
112sdoc4,GPO-CDOC-112sdoc4.pdf,85,85,banner,True,85,85,PRESIDENT PRO TEMPORE (D),2010,53,26,block_start
112sdoc4,GPO-CDOC-112sdoc4.pdf,86,86,banner,True,86,86,PRESIDENT PRO TEMPORE (D),2011,66,30,block_start
112sdoc4,GPO-CDOC-112sdoc4.pdf,87,87,banner,True,87,87,PRES PRO TEM EMERITUS - (R),2009,53,26,block_start
112sdoc4,GPO-CDOC-112sdoc4.pdf,88,88,banner,True,88,88,MINORITY LEADER (R),2009,53,26,block_start
112sdoc4,GPO-CDOC-112sdoc4.pdf,89,89,banner,True,89,89,MINORITY LEADER (R),2010,53,26,block_start
112sdoc4,GPO-CDOC-112sdoc4.pdf,90,90,banner,True,90,90,MINORITY LEADER (R),2011,131,52,block_start
112sdoc4,GPO-CDOC-112sdoc4.pdf,91,91,banner,True,91,91,"SECRETARY, MINORITY CONFERENCE COMM (R)",2009,53,26,block_start
112sdoc4,GPO-CDOC-112sdoc4.pdf,92,92,banner,True,92,92,"SECRETARY, MINORITY CONFERENCE COMM (R)",2010,53,26,block_start
112sdoc4,GPO-CDOC-112sdoc4.pdf,93,93,banner,True,93,93,"SECRETARY, MINORITY CONFERENCE COMM (R)",2011,69,31,block_start
112sdoc4,GPO-CDOC-112sdoc4.pdf,94,94,banner,True,94,94,MINORITY WHIP (R),2009,53,26,block_start
112sdoc4,GPO-CDOC-112sdoc4.pdf,95,95,banner,True,95,95,MINORITY WHIP (R),2010,53,26,block_start
112sdoc4,GPO-CDOC-112sdoc4.pdf,96,96,banner,True,96,96,MINORITY WHIP (R),2011,93,39,block_start
112sdoc4,GPO-CDOC-112sdoc4.pdf,97,97,banner,True,97,97,MINORITY CONFERENCE COMMITTEE (R),2009,53,26,block_start
112sdoc4,GPO-CDOC-112sdoc4.pdf,98,98,banner,True,98,98,MINORITY CONFERENCE COMMITTEE (R),2010,53,26,block_start
112sdoc4,GPO-CDOC-112sdoc4.pdf,99,99,banner,True,99,99,MINORITY CONFERENCE COMMITTEE (R),2011,120,48,block_start
112sdoc4,GPO-CDOC-112sdoc4.pdf,100,100,banner,True,100,100,MINORITY POLICY COMMITTEE (R),2009,53,26,block_start
112sdoc4,GPO-CDOC-112sdoc4.pdf,101,101,banner,True,101,101,MINORITY POLICY COMMITTEE (R),2010,53,26,block_start
112sdoc4,GPO-CDOC-112sdoc4.pdf,102,102,banner,True,102,102,MINORITY POLICY COMMITTEE (R),2011,117,47,block_start
112sdoc4,GPO-CDOC-112sdoc4.pdf,103,103,banner,True,103,103,OFFICE OF THE VICE PRESIDENT (R) - CHENEY,2009,53,26,block_start
112sdoc4,GPO-CDOC-112sdoc4.pdf,104,104,banner,True,104,104,SECRETARY FOR THE MAJORITY (D),2009,53,26,block_start
112sdoc4,GPO-CDOC-112sdoc4.pdf,105,105,banner,True,105,105,SECRETARY FOR THE MAJORITY (D),2010,53,26,block_start
112sdoc4,GPO-CDOC-112sdoc4.pdf,106,106,banner,True,106,106,SECRETARY FOR THE MAJORITY (D),2011,93,39,block_start
112sdoc4,GPO-CDOC-112sdoc4.pdf,107,107,banner,True,107,107,SECRETARY FOR THE MINORITY (R),2009,53,26,block_start
112sdoc4,GPO-CDOC-112sdoc4.pdf,108,108,banner,True,108,108,SECRETARY FOR THE MINORITY (R),2010,53,26,block_start
112sdoc4,GPO-CDOC-112sdoc4.pdf,109,109,banner,True,109,109,SECRETARY FOR THE MINORITY (R),2011,93,39,block_start
112sdoc4,GPO-CDOC-112sdoc4.pdf,110,110,banner,True,110,110,SGT @ ARMS - CENTRAL OPERATIONS,2009,53,26,block_start
112sdoc4,GPO-CDOC-112sdoc4.pdf,111,111,banner,True,111,111,SGT @ ARMS - CAPITOL DIVISION,2009,53,26,block_start
112sdoc4,GPO-CDOC-112sdoc4.pdf,112,112,banner,True,112,112,SGT @ ARMS - IT SUPPORT SERVICES,2009,53,26,block_start
112sdoc4,GPO-CDOC-112sdoc4.pdf,113,113,banner,True,113,113,SGT @ ARMS - STAFF OFFICES,2009,53,26,block_start
112sdoc4,GPO-CDOC-112sdoc4.pdf,114,114,banner,True,114,114,SGT @ ARMS - TECHNOLOGY DEVELOPMENT SERVICES,2009,53,26,block_start
112sdoc4,GPO-CDOC-112sdoc4.pdf,115,115,banner,True,115,115,SGT @ ARMS - CENTRAL OPERATIONS,2010,57,27,block_start
112sdoc4,GPO-CDOC-112sdoc4.pdf,116,116,banner,True,116,116,SGT @ ARMS - CAPITOL DIVISION,2010,58,28,block_start
112sdoc4,GPO-CDOC-112sdoc4.pdf,117,117,banner,True,117,117,SGT @ ARMS - IT SUPPORT SERVICES,2010,58,28,block_start
112sdoc4,GPO-CDOC-112sdoc4.pdf,118,118,banner,True,118,118,SGT @ ARMS - STAFF OFFICES,2010,58,28,block_start
112sdoc4,GPO-CDOC-112sdoc4.pdf,119,119,banner,True,119,119,SGT @ ARMS - TECHNOLOGY DEVELOPMENT SERVICES,2010,58,28,block_start
112sdoc4,GPO-CDOC-112sdoc4.pdf,120,120,banner,True,120,120,SGT @ ARMS - CENTRAL OPERATIONS,2011,162,60,block_start
112sdoc4,GPO-CDOC-112sdoc4.pdf,121,121,data,True,120,120,SGT @ ARMS - CENTRAL OPERATIONS,2011,206,73,block_data
112sdoc4,GPO-CDOC-112sdoc4.pdf,122,122,data,True,120,120,SGT @ ARMS - CENTRAL OPERATIONS,2011,203,73,block_data
112sdoc4,GPO-CDOC-112sdoc4.pdf,123,123,data,True,120,120,SGT @ ARMS - CENTRAL OPERATIONS,2011,204,73,block_data
112sdoc4,GPO-CDOC-112sdoc4.pdf,124,124,data,True,120,120,SGT @ ARMS - CENTRAL OPERATIONS,2011,202,73,block_data
112sdoc4,GPO-CDOC-112sdoc4.pdf,125,125,data,True,120,120,SGT @ ARMS - CENTRAL OPERATIONS,2011,76,32,block_data
112sdoc4,GPO-CDOC-112sdoc4.pdf,126,126,banner,True,126,126,SGT @ ARMS - CAPITOL DIVISION,2011,164,60,block_start
112sdoc4,GPO-CDOC-112sdoc4.pdf,127,127,data,True,126,126,SGT @ ARMS - CAPITOL DIVISION,2011,202,73,block_data
112sdoc4,GPO-CDOC-112sdoc4.pdf,128,128,data,True,126,126,SGT @ ARMS - CAPITOL DIVISION,2011,204,73,block_data
112sdoc4,GPO-CDOC-112sdoc4.pdf,129,129,data,True,126,126,SGT @ ARMS - CAPITOL DIVISION,2011,204,73,block_data
112sdoc4,GPO-CDOC-112sdoc4.pdf,130,130,data,True,126,126,SGT @ ARMS - CAPITOL DIVISION,2011,202,73,block_data
112sdoc4,GPO-CDOC-112sdoc4.pdf,131,131,data,True,126,126,SGT @ ARMS - CAPITOL DIVISION,2011,202,73,block_data
112sdoc4,GPO-CDOC-112sdoc4.pdf,132,132,data,True,126,126,SGT @ ARMS - CAPITOL DIVISION,2011,202,73,block_data
112sdoc4,GPO-CDOC-112sdoc4.pdf,133,133,data,True,126,126,SGT @ ARMS - CAPITOL DIVISION,2011,120,47,block_data
112sdoc4,GPO-CDOC-112sdoc4.pdf,134,134,banner,True,134,134,SGT @ ARMS - IT SUPPORT SERVICES,2011,163,60,block_start
112sdoc4,GPO-CDOC-112sdoc4.pdf,135,135,data,True,134,134,SGT @ ARMS - IT SUPPORT SERVICES,2011,202,73,block_data
112sdoc4,GPO-CDOC-112sdoc4.pdf,136,136,data,True,134,134,SGT @ ARMS - IT SUPPORT SERVICES,2011,67,29,block_data
112sdoc4,GPO-CDOC-112sdoc4.pdf,137,137,banner,True,137,137,SGT @ ARMS - STAFF OFFICES,2011,165,60,block_start
112sdoc4,GPO-CDOC-112sdoc4.pdf,138,138,data,True,137,137,SGT @ ARMS - STAFF OFFICES,2011,204,73,block_data
112sdoc4,GPO-CDOC-112sdoc4.pdf,139,139,data,True,137,137,SGT @ ARMS - STAFF OFFICES,2011,133,51,block_data
112sdoc4,GPO-CDOC-112sdoc4.pdf,140,140,banner,True,140,140,SGT @ ARMS - TECHNOLOGY DEVELOPMENT SERVICES,2011,162,60,block_start
112sdoc4,GPO-CDOC-112sdoc4.pdf,141,141,data,True,140,140,SGT @ ARMS - TECHNOLOGY DEVELOPMENT SERVICES,2011,202,73,block_data
112sdoc4,GPO-CDOC-112sdoc4.pdf,142,142,data,True,140,140,SGT @ ARMS - TECHNOLOGY DEVELOPMENT SERVICES,2011,161,60,block_data
112sdoc4,GPO-CDOC-112sdoc4.pdf,143,143,banner,True,143,143,SGT @ ARMS - STAFF OFFICES,,58,28,block_start
112sdoc4,GPO-CDOC-112sdoc4.pdf,144,144,banner,True,144,144,SECRETARY OF THE SENATE - ADMINISTRATIVE SERV.,2009,54,27,block_start
112sdoc4,GPO-CDOC-112sdoc4.pdf,145,145,banner,True,145,145,SECRETARY OF THE SENATE - EXECUTIVE OFFICE,2009,54,27,block_start
112sdoc4,GPO-CDOC-112sdoc4.pdf,146,146,banner,True,146,146,SECRETARY OF THE SENATE - LEGISLATIVE SERVICES,2009,54,27,block_start
112sdoc4,GPO-CDOC-112sdoc4.pdf,147,147,banner,True,147,147,SECRETARY OF THE SENATE - ADMINISTRATIVE SERV.,2010,58,28,block_start
112sdoc4,GPO-CDOC-112sdoc4.pdf,148,148,banner,True,148,148,SECRETARY OF THE SENATE - EXECUTIVE OFFICE,2010,54,27,block_start
112sdoc4,GPO-CDOC-112sdoc4.pdf,149,149,banner,True,149,149,SECRETARY OF THE SENATE - LEGISLATIVE SERVICES,2010,54,27,block_start
112sdoc4,GPO-CDOC-112sdoc4.pdf,150,150,banner,True,150,150,SECRETARY OF THE SENATE - ADMINISTRATIVE SERV.,2011,162,60,block_start
112sdoc4,GPO-CDOC-112sdoc4.pdf,151,151,data,True,150,150,SECRETARY OF THE SENATE - ADMINISTRATIVE SERV.,2011,203,73,block_data
112sdoc4,GPO-CDOC-112sdoc4.pdf,152,152,data,True,150,150,SECRETARY OF THE SENATE - ADMINISTRATIVE SERV.,2011,202,73,block_data
112sdoc4,GPO-CDOC-112sdoc4.pdf,153,153,data,True,150,150,SECRETARY OF THE SENATE - ADMINISTRATIVE SERV.,2011,46,22,block_data
112sdoc4,GPO-CDOC-112sdoc4.pdf,154,154,banner,True,154,154,SECRETARY OF THE SENATE - EXECUTIVE OFFICE,2011,162,60,block_start
112sdoc4,GPO-CDOC-112sdoc4.pdf,155,155,data,True,154,154,SECRETARY OF THE SENATE - EXECUTIVE OFFICE,2011,55,25,block_data
112sdoc4,GPO-CDOC-112sdoc4.pdf,156,156,banner,True,156,156,SECRETARY OF THE SENATE - LEGISLATIVE SERVICES,2011,162,60,block_start
112sdoc4,GPO-CDOC-112sdoc4.pdf,157,157,data,True,156,156,SECRETARY OF THE SENATE - LEGISLATIVE SERVICES,2011,61,27,block_data
112sdoc4,GPO-CDOC-112sdoc4.pdf,158,158,banner,True,158,158,APPROPRIATIONS,2009,84,33,block_start
112sdoc4,GPO-CDOC-112sdoc4.pdf,159,159,banner,True,159,159,APPROPRIATIONS,2010,66,29,block_start
112sdoc4,GPO-CDOC-112sdoc4.pdf,160,160,banner,True,160,160,APPROPRIATIONS,2011,243,58,block_start
112sdoc4,GPO-CDOC-112sdoc4.pdf,161,161,data,True,160,160,APPROPRIATIONS,2011,326,56,block_data
112sdoc4,GPO-CDOC-112sdoc4.pdf,162,162,banner,True,162,162,CHAPLAIN,2009,72,31,block_start
112sdoc4,GPO-CDOC-112sdoc4.pdf,163,163,banner,True,163,163,CHAPLAIN,2010,69,30,block_start
112sdoc4,GPO-CDOC-112sdoc4.pdf,164,164,banner,True,164,164,CHAPLAIN,2011,181,58,block_start
112sdoc4,GPO-CDOC-112sdoc4.pdf,165,165,data,True,164,164,CHAPLAIN,2011,165,39,block_data
112sdoc4,GPO-CDOC-112sdoc4.pdf,166,166,banner,True,166,166,MAJORITY CONFERENCE COMMITTEE (D),2009,72,31,block_start
112sdoc4,GPO-CDOC-112sdoc4.pdf,167,167,banner,True,167,167,MAJORITY CONFERENCE COMMITTEE (D),2010,90,35,block_start
112sdoc4,GPO-CDOC-112sdoc4.pdf,168,168,banner,True,168,168,MAJORITY CONFERENCE COMMITTEE (D),2011,152,55,block_start
112sdoc4,GPO-CDOC-112sdoc4.pdf,169,169,data,True,168,168,MAJORITY CONFERENCE COMMITTEE (D),2011,273,71,block_data
112sdoc4,GPO-CDOC-112sdoc4.pdf,170,170,data,True,168,168,MAJORITY CONFERENCE COMMITTEE (D),2011,57,19,block_data
112sdoc4,GPO-CDOC-112sdoc4.pdf,171,171,banner,True,171,171,MAJORITY POLICY COMMITTEE (D),2009,72,31,block_start
112sdoc4,GPO-CDOC-112sdoc4.pdf,172,172,banner,True,172,172,MAJORITY POLICY COMMITTEE (D),2010,72,31,block_start
112sdoc4,GPO-CDOC-112sdoc4.pdf,173,173,banner,True,173,173,MAJORITY POLICY COMMITTEE (D),2011,172,56,block_start
112sdoc4,GPO-CDOC-112sdoc4.pdf,174,174,data,True,173,173,MAJORITY POLICY COMMITTEE (D),2011,80,23,block_data
112sdoc4,GPO-CDOC-112sdoc4.pdf,175,175,banner,True,175,175,MAJORITY LEADER (D),2009,60,29,block_start
112sdoc4,GPO-CDOC-112sdoc4.pdf,176,176,banner,True,176,176,MAJORITY LEADER (D),2010,83,33,block_start
112sdoc4,GPO-CDOC-112sdoc4.pdf,177,177,banner,True,177,177,MAJORITY LEADER (D),2011,66,28,block_start
112sdoc4,GPO-CDOC-112sdoc4.pdf,178,178,banner,True,178,178,MAJORITY WHIP (D),2009,57,28,block_start
112sdoc4,GPO-CDOC-112sdoc4.pdf,179,179,banner,True,179,179,MAJORITY WHIP (D),2010,57,28,block_start
112sdoc4,GPO-CDOC-112sdoc4.pdf,180,180,banner,True,180,180,MINORITY LEADER (R),2009,69,30,block_start
112sdoc4,GPO-CDOC-112sdoc4.pdf,181,181,banner,True,181,181,MINORITY LEADER (R),2010,79,33,block_start
112sdoc4,GPO-CDOC-112sdoc4.pdf,182,182,banner,True,182,182,MINORITY LEADER (R),2011,205,58,block_start
112sdoc4,GPO-CDOC-112sdoc4.pdf,183,183,data,True,182,182,MINORITY LEADER (R),2011,29,15,block_data
112sdoc4,GPO-CDOC-112sdoc4.pdf,184,184,banner,True,184,184,"SECRETARY, MINORITY CONFERENCE COMM (R)",2009,60,29,block_start
112sdoc4,GPO-CDOC-112sdoc4.pdf,185,185,banner,True,185,185,"SECRETARY, MINORITY CONFERENCE COMM (R)",2010,60,29,block_start
112sdoc4,GPO-CDOC-112sdoc4.pdf,186,186,banner,True,186,186,"SECRETARY, MINORITY CONFERENCE COMM (R)",2011,78,31,block_start
112sdoc4,GPO-CDOC-112sdoc4.pdf,187,187,banner,True,187,187,MINORITY WHIP (R),2009,63,29,block_start
112sdoc4,GPO-CDOC-112sdoc4.pdf,188,188,banner,True,188,188,MINORITY WHIP (R),2010,66,28,block_start
112sdoc4,GPO-CDOC-112sdoc4.pdf,189,189,banner,True,189,189,MINORITY WHIP (R),2011,120,38,block_start
112sdoc4,GPO-CDOC-112sdoc4.pdf,190,190,banner,True,190,190,MINORITY CONFERENCE COMMITTEE (R),2009,72,31,block_start
112sdoc4,GPO-CDOC-112sdoc4.pdf,191,191,banner,True,191,191,MINORITY CONFERENCE COMMITTEE (R),2010,72,31,block_start
112sdoc4,GPO-CDOC-112sdoc4.pdf,192,192,banner,True,192,192,MINORITY CONFERENCE COMMITTEE (R),2011,224,55,block_start
112sdoc4,GPO-CDOC-112sdoc4.pdf,193,193,data,True,192,192,MINORITY CONFERENCE COMMITTEE (R),2011,22,14,block_data
112sdoc4,GPO-CDOC-112sdoc4.pdf,194,194,banner,True,194,194,MINORITY POLICY COMMITTEE (R),2009,72,31,block_start
112sdoc4,GPO-CDOC-112sdoc4.pdf,195,195,banner,True,195,195,MINORITY POLICY COMMITTEE (R),2010,83,35,block_start
112sdoc4,GPO-CDOC-112sdoc4.pdf,196,196,banner,True,196,196,MINORITY POLICY COMMITTEE (R),2011,171,51,block_start
112sdoc4,GPO-CDOC-112sdoc4.pdf,197,197,banner,True,197,197,SENATE CHILD CARE CENTER,2009,60,29,block_start
112sdoc4,GPO-CDOC-112sdoc4.pdf,198,198,banner,True,198,198,SENATE CHILD CARE CENTER,2010,60,29,block_start
112sdoc4,GPO-CDOC-112sdoc4.pdf,199,199,banner,True,199,199,SENATE CHILD CARE CENTER,2011,116,46,block_start
112sdoc4,GPO-CDOC-112sdoc4.pdf,200,200,banner,True,200,200,CONSULTANTS,2009,54,27,block_start
112sdoc4,GPO-CDOC-112sdoc4.pdf,201,201,banner,True,201,201,CONSULTANTS,2010,54,27,block_start
112sdoc4,GPO-CDOC-112sdoc4.pdf,202,202,banner,True,202,202,CONSULTANTS,2011,131,51,block_start
112sdoc4,GPO-CDOC-112sdoc4.pdf,203,203,banner,True,203,203,EMPLOYEE COMPENSATION FUND,2009,54,27,block_start
112sdoc4,GPO-CDOC-112sdoc4.pdf,204,204,banner,True,204,204,EMPLOYEE COMPENSATION FUND,2010,54,27,block_start
112sdoc4,GPO-CDOC-112sdoc4.pdf,205,205,banner,True,205,205,EMPLOYEE COMPENSATION FUND,2011,58,28,block_start
112sdoc4,GPO-CDOC-112sdoc4.pdf,206,206,banner,True,206,206,FEDERAL EMPLOYEES COMPENSATION ACCOUNT,2009,54,27,block_start
112sdoc4,GPO-CDOC-112sdoc4.pdf,207,207,banner,True,207,207,FEDERAL EMPLOYEES COMPENSATION ACCOUNT,2010,54,27,block_start
112sdoc4,GPO-CDOC-112sdoc4.pdf,208,208,banner,True,208,208,FEDERAL EMPLOYEES COMPENSATION ACCOUNT,2011,58,28,block_start
112sdoc4,GPO-CDOC-112sdoc4.pdf,209,209,banner,True,209,209,FOREIGN TRAVEL - MEMBERS & EMPLOYEES,2009,54,27,block_start
112sdoc4,GPO-CDOC-112sdoc4.pdf,210,210,banner,True,210,210,FOREIGN TRAVEL - MEMBERS & EMPLOYEES,2010,54,27,block_start
112sdoc4,GPO-CDOC-112sdoc4.pdf,211,211,banner,True,211,211,FOREIGN TRAVEL - MEMBERS & EMPLOYEES,2011,145,56,block_start
112sdoc4,GPO-CDOC-112sdoc4.pdf,212,212,banner,True,212,212,JOHN HEINZ FELLOWSHIP PROGRAM,2009,54,27,block_start
112sdoc4,GPO-CDOC-112sdoc4.pdf,213,213,banner,True,213,213,JOHN HEINZ FELLOWSHIP PROGRAM,2010,54,27,block_start
112sdoc4,GPO-CDOC-112sdoc4.pdf,214,214,banner,True,214,214,POSTAGE,2009,54,27,block_start
112sdoc4,GPO-CDOC-112sdoc4.pdf,215,215,banner,True,215,215,POSTAGE,2010,54,27,block_start
112sdoc4,GPO-CDOC-112sdoc4.pdf,216,216,banner,True,216,216,POSTAGE,2011,54,27,block_start
112sdoc4,GPO-CDOC-112sdoc4.pdf,217,217,banner,True,217,217,MOBILE COMMUNICATIONS DEVICES,2009,57,28,block_start
112sdoc4,GPO-CDOC-112sdoc4.pdf,218,218,banner,True,218,218,MOBILE COMMUNICATIONS DEVICES,2010,57,28,block_start
112sdoc4,GPO-CDOC-112sdoc4.pdf,219,219,banner,True,219,219,MOBILE COMMUNICATIONS DEVICES,2011,54,27,block_start
112sdoc4,GPO-CDOC-112sdoc4.pdf,220,220,banner,True,220,220,RESERVE FOR CONTINGENCIES,2009,64,31,block_start
112sdoc4,GPO-CDOC-112sdoc4.pdf,221,221,banner,True,221,221,RESERVE FOR CONTINGENCIES,2010,81,34,block_start
112sdoc4,GPO-CDOC-112sdoc4.pdf,222,222,banner,True,222,222,RESERVE FOR CONTINGENCIES,2011,179,48,block_start
112sdoc4,GPO-CDOC-112sdoc4.pdf,223,223,banner,True,223,223,RECEPTION OF FOREIGN DIGNITARIES,2009,54,27,block_start
112sdoc4,GPO-CDOC-112sdoc4.pdf,224,224,banner,True,224,224,RECEPTION OF FOREIGN DIGNITARIES,2010,54,27,block_start
112sdoc4,GPO-CDOC-112sdoc4.pdf,225,225,banner,True,225,225,RECEPTION OF FOREIGN DIGNITARIES,2011,217,49,block_start
112sdoc4,GPO-CDOC-112sdoc4.pdf,226,226,banner,True,226,226,RESOLUTION & REORGANIZATION RESERVE,2009,72,32,block_start
112sdoc4,GPO-CDOC-112sdoc4.pdf,227,227,banner,True,227,227,RESOLUTION & REORGANIZATION RESERVE,2010,69,29,block_start
112sdoc4,GPO-CDOC-112sdoc4.pdf,228,228,banner,True,228,228,RESOLUTION & REORGANIZATION RESERVE,2011,151,57,block_start
112sdoc4,GPO-CDOC-112sdoc4.pdf,229,229,data,True,228,228,RESOLUTION & REORGANIZATION RESERVE,2011,192,69,block_data
112sdoc4,GPO-CDOC-112sdoc4.pdf,230,230,data,True,228,228,RESOLUTION & REORGANIZATION RESERVE,2011,20,13,block_data
112sdoc4,GPO-CDOC-112sdoc4.pdf,231,231,banner,True,231,231,JOINT SELECT COMMITTEE ON DEFICIT REDUCTION,2011,90,37,block_start
112sdoc4,GPO-CDOC-112sdoc4.pdf,232,232,banner,True,232,232,NATL SECURITY GRP-MAJ ADMIN CO-CHAIR (BYRD),2009,54,27,block_start
112sdoc4,GPO-CDOC-112sdoc4.pdf,233,233,banner,True,233,233,NATL SECURITY GRP-MAJ ADMIN CO-CHAIR (KERRY),2010,54,27,block_start
112sdoc4,GPO-CDOC-112sdoc4.pdf,234,234,banner,True,234,234,NATL SECURITY GRP-MAJ ADMIN CO-CHAIR (KERRY),2011,58,28,block_start
112sdoc4,GPO-CDOC-112sdoc4.pdf,235,235,banner,True,235,235,NATL SECURITY WORKING GRP-MAJ CO-CHAIR (LEVIN),2009,54,27,block_start
112sdoc4,GPO-CDOC-112sdoc4.pdf,236,236,banner,True,236,236,NATL SECURITY WORKING GRP-MAJ CO-CHAIR (LEVIN),2010,54,27,block_start
112sdoc4,GPO-CDOC-112sdoc4.pdf,237,237,banner,True,237,237,NATL SECURITY WORKING GRP-MAJ CO-CHAIR (LEVIN),2011,58,28,block_start
112sdoc4,GPO-CDOC-112sdoc4.pdf,238,238,banner,True,238,238,NATL SECURITY WORKING GRP-MAJ CO-CHAIR (KERRY),2009,54,27,block_start
112sdoc4,GPO-CDOC-112sdoc4.pdf,239,239,banner,True,239,239,NATL SECURITY WORKING GRP-MAJ CO-CHAIR (INOUYE),2010,55,28,block_start
112sdoc4,GPO-CDOC-112sdoc4.pdf,240,240,banner,True,240,240,NATL SECURITY WORKING GRP-MAJ CO-CHAIR (INOUYE),2011,53,28,block_start
112sdoc4,GPO-CDOC-112sdoc4.pdf,241,241,banner,True,241,241,NATL SECURITY WORKING GRP-MAJ CO-CHAIR (LAUTENBERG),2009,55,28,block_start
112sdoc4,GPO-CDOC-112sdoc4.pdf,242,242,banner,True,242,242,NATL SECURITY WORKING GRP-MAJ CO-CHAIR (LAUTENBERG),2010,55,28,block_start
112sdoc4,GPO-CDOC-112sdoc4.pdf,243,243,banner,True,243,243,NATL SECURITY WORKING GRP-MAJ CO-CHAIR (LAUTENBERG),2011,59,29,block_start
112sdoc4,GPO-CDOC-112sdoc4.pdf,244,244,banner,True,244,244,NATL SECURITY WORKING GRP-MAJ LEADER (REID),2009,54,27,block_start
112sdoc4,GPO-CDOC-112sdoc4.pdf,245,245,banner,True,245,245,NATL SECURITY WORKING GRP-MAJ LEADER (REID),2010,54,27,block_start
112sdoc4,GPO-CDOC-112sdoc4.pdf,246,246,banner,True,246,246,NATL SECURITY WORKING GRP-MAJ LEADER (REID),2011,58,28,block_start
112sdoc4,GPO-CDOC-112sdoc4.pdf,247,247,banner,True,247,247,NATL SECURITY WORKING GRP-MIN ADM. CO-CHAIR (KYL),2009,55,28,block_start
112sdoc4,GPO-CDOC-112sdoc4.pdf,248,248,banner,True,248,248,NATL SECURITY WORKING GRP-MIN ADM. CO-CHAIR (KYL),2010,55,28,block_start
112sdoc4,GPO-CDOC-112sdoc4.pdf,249,249,banner,True,249,249,NATL SECURITY WORKING GRP-MIN ADM. CO-CHAIR (KYL),2011,59,29,block_start
112sdoc4,GPO-CDOC-112sdoc4.pdf,250,250,banner,True,250,250,NATL SECURITY WORKING GRP-MIN CO-CHAIR (MCCONNELL),2009,53,28,block_start
112sdoc4,GPO-CDOC-112sdoc4.pdf,251,251,banner,True,251,251,NATL SECURITY WORKING GRP- MIN CO-CHAIR (L. GRAHAM),2010,55,28,block_start
112sdoc4,GPO-CDOC-112sdoc4.pdf,252,252,banner,True,252,252,NATL SECURITY WORKING GRP- MIN CO-CHAIR (L. GRAHAM),2011,59,29,block_start
112sdoc4,GPO-CDOC-112sdoc4.pdf,253,253,banner,True,253,253,NATL SECURITY WORKING GRP-MIN LEADER (MCCONNELL),2009,53,28,block_start
112sdoc4,GPO-CDOC-112sdoc4.pdf,254,254,banner,True,254,254,NATL SECURITY WORKING GRP-MIN LEADER (MCCONNELL),2010,53,28,block_start
112sdoc4,GPO-CDOC-112sdoc4.pdf,255,255,banner,True,255,255,NATL SECURITY WORKING GRP-MIN LEADER (MCCONNELL),2011,53,28,block_start
112sdoc4,GPO-CDOC-112sdoc4.pdf,256,256,banner,True,256,256,NATL SECURITY WORKING GRP-MIN CO-CHAIR (COCHRAN),2009,55,28,block_start
112sdoc4,GPO-CDOC-112sdoc4.pdf,257,257,banner,True,257,257,NATL SECURITY WORKING GRP-MIN CO-CHAIR (COCHRAN),2010,55,28,block_start
112sdoc4,GPO-CDOC-112sdoc4.pdf,258,258,banner,True,258,258,NATL SECURITY WORKING GRP-MIN CO-CHAIR (COCHRAN),2011,59,29,block_start
112sdoc4,GPO-CDOC-112sdoc4.pdf,259,259,banner,True,259,259,STATIONERY,2009,57,28,block_start
112sdoc4,GPO-CDOC-112sdoc4.pdf,260,260,banner,True,260,260,STATIONERY,2010,54,27,block_start
112sdoc4,GPO-CDOC-112sdoc4.pdf,261,261,banner,True,261,261,STATIONERY,2011,54,27,block_start
112sdoc4,GPO-CDOC-112sdoc4.pdf,262,262,banner,True,262,262,TOWN MEETING NOTICES,2009,54,27,block_start
112sdoc4,GPO-CDOC-112sdoc4.pdf,263,263,banner,True,263,263,TOWN MEETING NOTICES,2010,54,27,block_start
112sdoc4,GPO-CDOC-112sdoc4.pdf,264,264,banner,True,264,264,MISC ITEMS - STUDENT LOANS,2009,54,27,block_start
112sdoc4,GPO-CDOC-112sdoc4.pdf,265,265,banner,True,265,265,MISC ITEMS - STUDENT LOANS,2010,54,27,block_start
112sdoc4,GPO-CDOC-112sdoc4.pdf,266,266,banner,True,266,266,MISC ITEMS - STUDENT LOANS,2011,58,28,block_start
112sdoc4,GPO-CDOC-112sdoc4.pdf,267,267,banner,True,267,267,EMERGENCY APPROPRIATION PUBLIC LAW 109-13,,52,27,block_start
112sdoc4,GPO-CDOC-112sdoc4.pdf,268,268,banner,True,268,268,SECRETARY OF THE SENATE - ADMINISTRATIVE SERV.,2009,75,33,block_start
112sdoc4,GPO-CDOC-112sdoc4.pdf,269,269,banner,True,269,269,SECRETARY OF THE SENATE - EXECUTIVE OFFICE,2009,72,31,block_start
112sdoc4,GPO-CDOC-112sdoc4.pdf,270,270,banner,True,270,270,SECRETARY OF THE SENATE - LEGISLATIVE SERVICES,2009,66,29,block_start
112sdoc4,GPO-CDOC-112sdoc4.pdf,271,271,banner,True,271,271,SECRETARY OF THE SENATE - ADMINISTRATIVE SERV.,2010,126,41,block_start
112sdoc4,GPO-CDOC-112sdoc4.pdf,272,272,banner,True,272,272,SECRETARY OF THE SENATE - EXECUTIVE OFFICE,2010,172,47,block_start
112sdoc4,GPO-CDOC-112sdoc4.pdf,273,273,banner,True,273,273,SECRETARY OF THE SENATE - LEGISLATIVE SERVICES,2010,69,30,block_start
112sdoc4,GPO-CDOC-112sdoc4.pdf,274,274,banner,True,274,274,SECRETARY OF THE SENATE - ADMINISTRATIVE SERV.,2011,150,54,block_start
112sdoc4,GPO-CDOC-112sdoc4.pdf,275,275,data,True,274,274,SECRETARY OF THE SENATE - ADMINISTRATIVE SERV.,2011,411,69,block_data
112sdoc4,GPO-CDOC-112sdoc4.pdf,276,276,data,True,274,274,SECRETARY OF THE SENATE - ADMINISTRATIVE SERV.,2011,159,35,block_data
112sdoc4,GPO-CDOC-112sdoc4.pdf,277,277,banner,True,277,277,SECRETARY OF THE SENATE - EXECUTIVE OFFICE,2011,189,55,block_start
112sdoc4,GPO-CDOC-112sdoc4.pdf,278,278,data,True,277,277,SECRETARY OF THE SENATE - EXECUTIVE OFFICE,2011,145,33,block_data
112sdoc4,GPO-CDOC-112sdoc4.pdf,279,279,banner,True,279,279,SECRETARY OF THE SENATE - LEGISLATIVE SERVICES,2011,83,33,block_start
112sdoc4,GPO-CDOC-112sdoc4.pdf,280,280,banner,True,280,280,SECRETARY OF THE SENATE - FMIS PROJECTS,,91,31,block_start
112sdoc4,GPO-CDOC-112sdoc4.pdf,281,281,banner,True,281,281,SECRETARY OF THE SENATE - ADMINISTRATIVE SERV.,,73,28,block_start
112sdoc4,GPO-CDOC-112sdoc4.pdf,282,282,banner,True,282,282,SECRETARY OF THE SENATE - (LIS PROJECT),,82,34,block_start
112sdoc4,GPO-CDOC-112sdoc4.pdf,283,283,banner,True,283,283,SEC - EMRGCY APPROPS FOR TERR RESPONSE,,72,31,block_start
112sdoc4,GPO-CDOC-112sdoc4.pdf,284,284,banner,True,284,284,SEC OF THE SENATE - SENATE COLLECTION,,134,40,block_start
112sdoc4,GPO-CDOC-112sdoc4.pdf,285,285,banner,True,285,285,SGT @ ARMS - CAPITOL DIVISION,2009,306,61,block_start
112sdoc4,GPO-CDOC-112sdoc4.pdf,286,286,data,True,285,285,SGT @ ARMS - CAPITOL DIVISION,2009,165,33,block_data
112sdoc4,GPO-CDOC-112sdoc4.pdf,287,287,banner,True,287,287,SGT @ ARMS - TECHNOLOGY DEVELOPMENT SERVICES,2009,57,28,block_start
112sdoc4,GPO-CDOC-112sdoc4.pdf,288,288,banner,True,288,288,SGT @ ARMS - TECHNOLOGY DEVELOPMENT SERVICES,2010,258,55,block_start
112sdoc4,GPO-CDOC-112sdoc4.pdf,289,289,banner,True,289,289,SGT @ ARMS - CAPITOL DIVISION,2011,52,27,block_start
112sdoc4,GPO-CDOC-112sdoc4.pdf,290,290,banner,True,290,290,SGT @ ARMS - IT SUPPORT SERVICES,2011,52,27,block_start
112sdoc4,GPO-CDOC-112sdoc4.pdf,291,291,banner,True,291,291,SGT @ ARMS - IT SUPPORT SERVICES,,60,29,block_start
112sdoc4,GPO-CDOC-112sdoc4.pdf,292,292,banner,True,292,292,SGT @ ARMS - CENTRAL OPERATIONS,,78,35,block_start
112sdoc4,GPO-CDOC-112sdoc4.pdf,293,293,banner,True,293,293,SGT @ ARMS - CAPITOL DIVISION,,75,33,block_start
112sdoc4,GPO-CDOC-112sdoc4.pdf,294,294,banner,True,294,294,SGT @ ARMS - IT SUPPORT SERVICES,,81,33,block_start
112sdoc4,GPO-CDOC-112sdoc4.pdf,295,295,banner,True,295,295,SGT @ ARMS - STAFF OFFICES,,75,33,block_start
112sdoc4,GPO-CDOC-112sdoc4.pdf,296,296,banner,True,296,296,SGT @ ARMS - TECHNOLOGY DEVELOPMENT SERVICES,,96,38,block_start
112sdoc4,GPO-CDOC-112sdoc4.pdf,297,297,banner,True,297,297,SGT @ ARMS - CENTRAL OPERATIONS,,149,46,block_start
112sdoc4,GPO-CDOC-112sdoc4.pdf,298,298,banner,True,298,298,SGT @ ARMS - CAPITOL DIVISION,,81,33,block_start
112sdoc4,GPO-CDOC-112sdoc4.pdf,299,299,banner,True,299,299,SGT @ ARMS - IT SUPPORT SERVICES,,147,43,block_start
112sdoc4,GPO-CDOC-112sdoc4.pdf,300,300,banner,True,300,300,SGT @ ARMS - STAFF OFFICES,,75,33,block_start
112sdoc4,GPO-CDOC-112sdoc4.pdf,301,301,banner,True,301,301,SGT @ ARMS - TECHNOLOGY DEVELOPMENT SERVICES,,72,31,block_start
112sdoc4,GPO-CDOC-112sdoc4.pdf,302,302,banner,True,302,302,SGT @ ARMS - CENTRAL OPERATIONS,,72,31,block_start
112sdoc4,GPO-CDOC-112sdoc4.pdf,303,303,banner,True,303,303,SGT @ ARMS - CAPITOL DIVISION,,254,57,block_start
112sdoc4,GPO-CDOC-112sdoc4.pdf,304,304,data,True,303,303,SGT @ ARMS - CAPITOL DIVISION,,39,15,block_data
112sdoc4,GPO-CDOC-112sdoc4.pdf,305,305,banner,True,305,305,SGT @ ARMS - IT SUPPORT SERVICES,,180,47,block_start
112sdoc4,GPO-CDOC-112sdoc4.pdf,306,306,banner,True,306,306,SGT @ ARMS - STAFF OFFICES,,75,33,block_start
112sdoc4,GPO-CDOC-112sdoc4.pdf,307,307,banner,True,307,307,SGT @ ARMS - TECHNOLOGY DEVELOPMENT SERVICES,,94,35,block_start
112sdoc4,GPO-CDOC-112sdoc4.pdf,308,308,banner,True,308,308,SGT @ ARMS - CENTRAL OPERATIONS,,254,57,block_start
112sdoc4,GPO-CDOC-112sdoc4.pdf,309,309,data,True,308,308,SGT @ ARMS - CENTRAL OPERATIONS,,433,70,block_data
112sdoc4,GPO-CDOC-112sdoc4.pdf,310,310,data,True,308,308,SGT @ ARMS - CENTRAL OPERATIONS,,39,15,block_data
112sdoc4,GPO-CDOC-112sdoc4.pdf,311,311,banner,True,311,311,SGT @ ARMS - CAPITOL DIVISION,,219,57,block_start
112sdoc4,GPO-CDOC-112sdoc4.pdf,312,312,data,True,311,311,SGT @ ARMS - CAPITOL DIVISION,,286,53,block_data
112sdoc4,GPO-CDOC-112sdoc4.pdf,313,313,banner,True,313,313,SGT @ ARMS - IT SUPPORT SERVICES,,238,56,block_start
112sdoc4,GPO-CDOC-112sdoc4.pdf,314,314,data,True,313,313,SGT @ ARMS - IT SUPPORT SERVICES,,415,73,block_data
112sdoc4,GPO-CDOC-112sdoc4.pdf,315,315,data,True,313,313,SGT @ ARMS - IT SUPPORT SERVICES,,445,73,block_data
112sdoc4,GPO-CDOC-112sdoc4.pdf,316,316,data,True,313,313,SGT @ ARMS - IT SUPPORT SERVICES,,440,73,block_data
112sdoc4,GPO-CDOC-112sdoc4.pdf,317,317,data,True,313,313,SGT @ ARMS - IT SUPPORT SERVICES,,450,73,block_data
112sdoc4,GPO-CDOC-112sdoc4.pdf,318,318,data,True,313,313,SGT @ ARMS - IT SUPPORT SERVICES,,430,73,block_data
112sdoc4,GPO-CDOC-112sdoc4.pdf,319,319,data,True,313,313,SGT @ ARMS - IT SUPPORT SERVICES,,445,73,block_data
112sdoc4,GPO-CDOC-112sdoc4.pdf,320,320,data,True,313,313,SGT @ ARMS - IT SUPPORT SERVICES,,440,73,block_data
112sdoc4,GPO-CDOC-112sdoc4.pdf,321,321,data,True,313,313,SGT @ ARMS - IT SUPPORT SERVICES,,445,73,block_data
112sdoc4,GPO-CDOC-112sdoc4.pdf,322,322,data,True,313,313,SGT @ ARMS - IT SUPPORT SERVICES,,445,73,block_data
112sdoc4,GPO-CDOC-112sdoc4.pdf,323,323,data,True,313,313,SGT @ ARMS - IT SUPPORT SERVICES,,440,73,block_data
112sdoc4,GPO-CDOC-112sdoc4.pdf,324,324,data,True,313,313,SGT @ ARMS - IT SUPPORT SERVICES,,244,45,block_data
112sdoc4,GPO-CDOC-112sdoc4.pdf,325,325,banner,True,325,325,SGT @ ARMS - STAFF OFFICES,,233,57,block_start
112sdoc4,GPO-CDOC-112sdoc4.pdf,326,326,data,True,325,325,SGT @ ARMS - STAFF OFFICES,,67,19,block_data
112sdoc4,GPO-CDOC-112sdoc4.pdf,327,327,banner,True,327,327,SGT @ ARMS - TECHNOLOGY DEVELOPMENT SERVICES,,217,53,block_start
112sdoc4,GPO-CDOC-112sdoc4.pdf,328,328,banner,True,328,328,SGT @ ARMS - CENTRAL OPERATIONS,,195,50,block_start
112sdoc4,GPO-CDOC-112sdoc4.pdf,329,329,banner,True,329,329,SGT @ ARMS - CAPITOL DIVISION,,244,56,block_start
112sdoc4,GPO-CDOC-112sdoc4.pdf,330,330,data,True,329,329,SGT @ ARMS - CAPITOL DIVISION,,25,13,block_data
112sdoc4,GPO-CDOC-112sdoc4.pdf,331,331,banner,True,331,331,SGT @ ARMS - IT SUPPORT SERVICES,,255,57,block_start
112sdoc4,GPO-CDOC-112sdoc4.pdf,332,332,data,True,331,331,SGT @ ARMS - IT SUPPORT SERVICES,,450,73,block_data
112sdoc4,GPO-CDOC-112sdoc4.pdf,333,333,data,True,331,331,SGT @ ARMS - IT SUPPORT SERVICES,,428,72,block_data
112sdoc4,GPO-CDOC-112sdoc4.pdf,334,334,data,True,331,331,SGT @ ARMS - IT SUPPORT SERVICES,,415,73,block_data
112sdoc4,GPO-CDOC-112sdoc4.pdf,335,335,data,True,331,331,SGT @ ARMS - IT SUPPORT SERVICES,,450,73,block_data
112sdoc4,GPO-CDOC-112sdoc4.pdf,336,336,data,True,331,331,SGT @ ARMS - IT SUPPORT SERVICES,,440,73,block_data
112sdoc4,GPO-CDOC-112sdoc4.pdf,337,337,data,True,331,331,SGT @ ARMS - IT SUPPORT SERVICES,,440,73,block_data
112sdoc4,GPO-CDOC-112sdoc4.pdf,338,338,data,True,331,331,SGT @ ARMS - IT SUPPORT SERVICES,,450,73,block_data
112sdoc4,GPO-CDOC-112sdoc4.pdf,339,339,data,True,331,331,SGT @ ARMS - IT SUPPORT SERVICES,,445,73,block_data
112sdoc4,GPO-CDOC-112sdoc4.pdf,340,340,data,True,331,331,SGT @ ARMS - IT SUPPORT SERVICES,,450,73,block_data
112sdoc4,GPO-CDOC-112sdoc4.pdf,341,341,data,True,331,331,SGT @ ARMS - IT SUPPORT SERVICES,,398,67,block_data
112sdoc4,GPO-CDOC-112sdoc4.pdf,342,342,banner,True,342,342,SGT @ ARMS - STAFF OFFICES,,149,45,block_start
112sdoc4,GPO-CDOC-112sdoc4.pdf,343,343,banner,True,343,343,SGT @ ARMS - TECHNOLOGY DEVELOPMENT SERVICES,,240,58,block_start
112sdoc4,GPO-CDOC-112sdoc4.pdf,344,344,data,True,343,343,SGT @ ARMS - TECHNOLOGY DEVELOPMENT SERVICES,,385,73,block_data
112sdoc4,GPO-CDOC-112sdoc4.pdf,345,345,data,True,343,343,SGT @ ARMS - TECHNOLOGY DEVELOPMENT SERVICES,,266,48,block_data
112sdoc4,GPO-CDOC-112sdoc4.pdf,346,346,banner,True,346,346,SGT @ ARMS - CENTRAL OPERATIONS,,156,55,block_start
112sdoc4,GPO-CDOC-112sdoc4.pdf,347,347,data,True,346,346,SGT @ ARMS - CENTRAL OPERATIONS,,224,73,block_data
112sdoc4,GPO-CDOC-112sdoc4.pdf,348,348,data,True,346,346,SGT @ ARMS - CENTRAL OPERATIONS,,252,72,block_data
112sdoc4,GPO-CDOC-112sdoc4.pdf,349,349,data,True,346,346,SGT @ ARMS - CENTRAL OPERATIONS,,450,73,block_data
112sdoc4,GPO-CDOC-112sdoc4.pdf,350,350,data,True,346,346,SGT @ ARMS - CENTRAL OPERATIONS,,450,73,block_data
112sdoc4,GPO-CDOC-112sdoc4.pdf,351,351,data,True,346,346,SGT @ ARMS - CENTRAL OPERATIONS,,440,73,block_data
112sdoc4,GPO-CDOC-112sdoc4.pdf,352,352,data,True,346,346,SGT @ ARMS - CENTRAL OPERATIONS,,438,72,block_data
112sdoc4,GPO-CDOC-112sdoc4.pdf,353,353,data,True,346,346,SGT @ ARMS - CENTRAL OPERATIONS,,440,73,block_data
112sdoc4,GPO-CDOC-112sdoc4.pdf,354,354,data,True,346,346,SGT @ ARMS - CENTRAL OPERATIONS,,235,43,block_data
112sdoc4,GPO-CDOC-112sdoc4.pdf,355,355,banner,True,355,355,SGT @ ARMS - CAPITOL DIVISION,,161,56,block_start
112sdoc4,GPO-CDOC-112sdoc4.pdf,356,356,data,True,355,355,SGT @ ARMS - CAPITOL DIVISION,,223,71,block_data
112sdoc4,GPO-CDOC-112sdoc4.pdf,357,357,data,True,355,355,SGT @ ARMS - CAPITOL DIVISION,,211,70,block_data
112sdoc4,GPO-CDOC-112sdoc4.pdf,358,358,data,True,355,355,SGT @ ARMS - CAPITOL DIVISION,,350,71,block_data
112sdoc4,GPO-CDOC-112sdoc4.pdf,359,359,data,True,355,355,SGT @ ARMS - CAPITOL DIVISION,,450,73,block_data
112sdoc4,GPO-CDOC-112sdoc4.pdf,360,360,data,True,355,355,SGT @ ARMS - CAPITOL DIVISION,,450,73,block_data
112sdoc4,GPO-CDOC-112sdoc4.pdf,361,361,data,True,355,355,SGT @ ARMS - CAPITOL DIVISION,,374,62,block_data
112sdoc4,GPO-CDOC-112sdoc4.pdf,362,362,banner,True,362,362,SGT @ ARMS - IT SUPPORT SERVICES,,186,56,block_start
112sdoc4,GPO-CDOC-112sdoc4.pdf,363,363,data,True,362,362,SGT @ ARMS - IT SUPPORT SERVICES,,450,73,block_data
112sdoc4,GPO-CDOC-112sdoc4.pdf,364,364,data,True,362,362,SGT @ ARMS - IT SUPPORT SERVICES,,435,73,block_data
112sdoc4,GPO-CDOC-112sdoc4.pdf,365,365,data,True,362,362,SGT @ ARMS - IT SUPPORT SERVICES,,450,73,block_data
112sdoc4,GPO-CDOC-112sdoc4.pdf,366,366,data,True,362,362,SGT @ ARMS - IT SUPPORT SERVICES,,438,72,block_data
112sdoc4,GPO-CDOC-112sdoc4.pdf,367,367,data,True,362,362,SGT @ ARMS - IT SUPPORT SERVICES,,448,73,block_data
112sdoc4,GPO-CDOC-112sdoc4.pdf,368,368,data,True,362,362,SGT @ ARMS - IT SUPPORT SERVICES,,410,73,block_data
112sdoc4,GPO-CDOC-112sdoc4.pdf,369,369,data,True,362,362,SGT @ ARMS - IT SUPPORT SERVICES,,440,73,block_data
112sdoc4,GPO-CDOC-112sdoc4.pdf,370,370,data,True,362,362,SGT @ ARMS - IT SUPPORT SERVICES,,450,73,block_data
112sdoc4,GPO-CDOC-112sdoc4.pdf,371,371,data,True,362,362,SGT @ ARMS - IT SUPPORT SERVICES,,450,73,block_data
112sdoc4,GPO-CDOC-112sdoc4.pdf,372,372,data,True,362,362,SGT @ ARMS - IT SUPPORT SERVICES,,435,73,block_data
112sdoc4,GPO-CDOC-112sdoc4.pdf,373,373,data,True,362,362,SGT @ ARMS - IT SUPPORT SERVICES,,450,73,block_data
112sdoc4,GPO-CDOC-112sdoc4.pdf,374,374,data,True,362,362,SGT @ ARMS - IT SUPPORT SERVICES,,445,73,block_data
112sdoc4,GPO-CDOC-112sdoc4.pdf,375,375,data,True,362,362,SGT @ ARMS - IT SUPPORT SERVICES,,450,73,block_data
112sdoc4,GPO-CDOC-112sdoc4.pdf,376,376,data,True,362,362,SGT @ ARMS - IT SUPPORT SERVICES,,450,73,block_data
112sdoc4,GPO-CDOC-112sdoc4.pdf,377,377,data,True,362,362,SGT @ ARMS - IT SUPPORT SERVICES,,450,73,block_data
112sdoc4,GPO-CDOC-112sdoc4.pdf,378,378,data,True,362,362,SGT @ ARMS - IT SUPPORT SERVICES,,450,73,block_data
112sdoc4,GPO-CDOC-112sdoc4.pdf,379,379,data,True,362,362,SGT @ ARMS - IT SUPPORT SERVICES,,450,73,block_data
112sdoc4,GPO-CDOC-112sdoc4.pdf,380,380,data,True,362,362,SGT @ ARMS - IT SUPPORT SERVICES,,88,22,block_data
112sdoc4,GPO-CDOC-112sdoc4.pdf,381,381,banner,True,381,381,SGT @ ARMS - STAFF OFFICES,,152,55,block_start
112sdoc4,GPO-CDOC-112sdoc4.pdf,382,382,data,True,381,381,SGT @ ARMS - STAFF OFFICES,,214,72,block_data
112sdoc4,GPO-CDOC-112sdoc4.pdf,383,383,data,True,381,381,SGT @ ARMS - STAFF OFFICES,,226,72,block_data
112sdoc4,GPO-CDOC-112sdoc4.pdf,384,384,data,True,381,381,SGT @ ARMS - STAFF OFFICES,,249,72,block_data
112sdoc4,GPO-CDOC-112sdoc4.pdf,385,385,data,True,381,381,SGT @ ARMS - STAFF OFFICES,,450,73,block_data
112sdoc4,GPO-CDOC-112sdoc4.pdf,386,386,data,True,381,381,SGT @ ARMS - STAFF OFFICES,,423,69,block_data
112sdoc4,GPO-CDOC-112sdoc4.pdf,387,387,data,True,381,381,SGT @ ARMS - STAFF OFFICES,,438,72,block_data
112sdoc4,GPO-CDOC-112sdoc4.pdf,388,388,data,True,381,381,SGT @ ARMS - STAFF OFFICES,,22,14,block_data
112sdoc4,GPO-CDOC-112sdoc4.pdf,389,389,banner,True,389,389,SGT @ ARMS - TECHNOLOGY DEVELOPMENT SERVICES,,169,58,block_start
112sdoc4,GPO-CDOC-112sdoc4.pdf,390,390,data,True,389,389,SGT @ ARMS - TECHNOLOGY DEVELOPMENT SERVICES,,236,73,block_data
112sdoc4,GPO-CDOC-112sdoc4.pdf,391,391,data,True,389,389,SGT @ ARMS - TECHNOLOGY DEVELOPMENT SERVICES,,237,72,block_data
112sdoc4,GPO-CDOC-112sdoc4.pdf,392,392,data,True,389,389,SGT @ ARMS - TECHNOLOGY DEVELOPMENT SERVICES,,450,73,block_data
112sdoc4,GPO-CDOC-112sdoc4.pdf,393,393,data,True,389,389,SGT @ ARMS - TECHNOLOGY DEVELOPMENT SERVICES,,450,73,block_data
112sdoc4,GPO-CDOC-112sdoc4.pdf,394,394,data,True,389,389,SGT @ ARMS - TECHNOLOGY DEVELOPMENT SERVICES,,445,73,block_data
112sdoc4,GPO-CDOC-112sdoc4.pdf,395,395,data,True,389,389,SGT @ ARMS - TECHNOLOGY DEVELOPMENT SERVICES,,450,73,block_data
112sdoc4,GPO-CDOC-112sdoc4.pdf,396,396,data,True,389,389,SGT @ ARMS - TECHNOLOGY DEVELOPMENT SERVICES,,431,71,block_data
112sdoc4,GPO-CDOC-112sdoc4.pdf,397,397,data,True,389,389,SGT @ ARMS - TECHNOLOGY DEVELOPMENT SERVICES,,430,73,block_data
112sdoc4,GPO-CDOC-112sdoc4.pdf,398,398,data,True,389,389,SGT @ ARMS - TECHNOLOGY DEVELOPMENT SERVICES,,445,73,block_data
112sdoc4,GPO-CDOC-112sdoc4.pdf,399,399,data,True,389,389,SGT @ ARMS - TECHNOLOGY DEVELOPMENT SERVICES,,60,18,block_data
112sdoc4,GPO-CDOC-112sdoc4.pdf,400,400,banner,True,400,400,SAA - EMERG SUPP NO YEAR FUNDS,,117,39,block_start
112sdoc4,GPO-CDOC-112sdoc4.pdf,401,401,banner,True,401,401,SAA - RECORD STUDIO NO YEAR FUNDS,,57,28,block_start
112sdoc4,GPO-CDOC-112sdoc4.pdf,402,402,banner,True,402,402,SMI PROJECT,,57,28,block_start
112sdoc4,GPO-CDOC-112sdoc4.pdf,403,403,banner,True,403,403,CAUCUS - INTERNATIONAL NARCOTICS CONTROL,2009,67,29,block_start
112sdoc4,GPO-CDOC-112sdoc4.pdf,404,404,banner,True,404,404,CAUCUS - INTERNATIONAL NARCOTICS CONTROL,2010,67,29,block_start
112sdoc4,GPO-CDOC-112sdoc4.pdf,405,405,banner,True,405,405,CAUCUS - INTERNATIONAL NARCOTICS CONTROL,2011,158,53,block_start
112sdoc4,GPO-CDOC-112sdoc4.pdf,406,406,banner,True,406,406,SENATOR DANIEL K. AKAKA,2009,70,30,block_start
112sdoc4,GPO-CDOC-112sdoc4.pdf,407,407,banner,True,407,407,SENATOR DANIEL K. AKAKA,2010,70,30,block_start
112sdoc4,GPO-CDOC-112sdoc4.pdf,408,408,banner,True,408,408,SENATOR DANIEL K. AKAKA,2011,154,58,block_start
112sdoc4,GPO-CDOC-112sdoc4.pdf,409,409,data,True,408,408,SENATOR DANIEL K. AKAKA,2011,217,68,block_data
112sdoc4,GPO-CDOC-112sdoc4.pdf,410,410,data,True,408,408,SENATOR DANIEL K. AKAKA,2011,273,72,block_data
112sdoc4,GPO-CDOC-112sdoc4.pdf,411,411,data,True,408,408,SENATOR DANIEL K. AKAKA,2011,187,37,block_data
112sdoc4,GPO-CDOC-112sdoc4.pdf,412,412,banner,True,412,412,SENATOR LAMAR ALEXANDER,2009,73,31,block_start
112sdoc4,GPO-CDOC-112sdoc4.pdf,413,413,banner,True,413,413,SENATOR LAMAR ALEXANDER,2010,86,35,block_start
112sdoc4,GPO-CDOC-112sdoc4.pdf,414,414,banner,True,414,414,SENATOR LAMAR ALEXANDER,2011,154,58,block_start
112sdoc4,GPO-CDOC-112sdoc4.pdf,415,415,data,True,414,414,SENATOR LAMAR ALEXANDER,2011,232,67,block_data
112sdoc4,GPO-CDOC-112sdoc4.pdf,416,416,data,True,414,414,SENATOR LAMAR ALEXANDER,2011,247,73,block_data
112sdoc4,GPO-CDOC-112sdoc4.pdf,417,417,data,True,414,414,SENATOR LAMAR ALEXANDER,2011,237,72,block_data
112sdoc4,GPO-CDOC-112sdoc4.pdf,418,418,data,True,414,414,SENATOR LAMAR ALEXANDER,2011,233,73,block_data
112sdoc4,GPO-CDOC-112sdoc4.pdf,419,419,data,True,414,414,SENATOR LAMAR ALEXANDER,2011,235,72,block_data
112sdoc4,GPO-CDOC-112sdoc4.pdf,420,420,data,True,414,414,SENATOR LAMAR ALEXANDER,2011,251,73,block_data
112sdoc4,GPO-CDOC-112sdoc4.pdf,421,421,data,True,414,414,SENATOR LAMAR ALEXANDER,2011,254,72,block_data
112sdoc4,GPO-CDOC-112sdoc4.pdf,422,422,data,True,414,414,SENATOR LAMAR ALEXANDER,2011,255,73,block_data
112sdoc4,GPO-CDOC-112sdoc4.pdf,423,423,data,True,414,414,SENATOR LAMAR ALEXANDER,2011,250,72,block_data
112sdoc4,GPO-CDOC-112sdoc4.pdf,424,424,data,True,414,414,SENATOR LAMAR ALEXANDER,2011,224,72,block_data
112sdoc4,GPO-CDOC-112sdoc4.pdf,425,425,data,True,414,414,SENATOR LAMAR ALEXANDER,2011,278,71,block_data
112sdoc4,GPO-CDOC-112sdoc4.pdf,426,426,data,True,414,414,SENATOR LAMAR ALEXANDER,2011,26,16,block_data
112sdoc4,GPO-CDOC-112sdoc4.pdf,427,427,banner,True,427,427,SENATOR WAYNE ALLARD,2009,70,30,block_start
112sdoc4,GPO-CDOC-112sdoc4.pdf,428,428,banner,True,428,428,SENATOR KELLY AYOTTE,2011,154,58,block_start
112sdoc4,GPO-CDOC-112sdoc4.pdf,429,429,data,True,428,428,SENATOR KELLY AYOTTE,2011,210,67,block_data
112sdoc4,GPO-CDOC-112sdoc4.pdf,430,430,data,True,428,428,SENATOR KELLY AYOTTE,2011,225,72,block_data
112sdoc4,GPO-CDOC-112sdoc4.pdf,431,431,data,True,428,428,SENATOR KELLY AYOTTE,2011,236,72,block_data
112sdoc4,GPO-CDOC-112sdoc4.pdf,432,432,data,True,428,428,SENATOR KELLY AYOTTE,2011,242,73,block_data
112sdoc4,GPO-CDOC-112sdoc4.pdf,433,433,data,True,428,428,SENATOR KELLY AYOTTE,2011,224,72,block_data
112sdoc4,GPO-CDOC-112sdoc4.pdf,434,434,data,True,428,428,SENATOR KELLY AYOTTE,2011,223,72,block_data
112sdoc4,GPO-CDOC-112sdoc4.pdf,435,435,data,True,428,428,SENATOR KELLY AYOTTE,2011,222,73,block_data
112sdoc4,GPO-CDOC-112sdoc4.pdf,436,436,data,True,428,428,SENATOR KELLY AYOTTE,2011,212,73,block_data
112sdoc4,GPO-CDOC-112sdoc4.pdf,437,437,data,True,428,428,SENATOR KELLY AYOTTE,2011,271,71,block_data
112sdoc4,GPO-CDOC-112sdoc4.pdf,438,438,data,True,428,428,SENATOR KELLY AYOTTE,2011,24,15,block_data
112sdoc4,GPO-CDOC-112sdoc4.pdf,439,439,banner,True,439,439,SENATOR JOHN BARRASSO,2009,73,31,block_start
112sdoc4,GPO-CDOC-112sdoc4.pdf,440,440,banner,True,440,440,SENATOR JOHN BARRASSO,2010,73,31,block_start
112sdoc4,GPO-CDOC-112sdoc4.pdf,441,441,banner,True,441,441,SENATOR JOHN BARRASSO,2011,151,57,block_start
112sdoc4,GPO-CDOC-112sdoc4.pdf,442,442,data,True,441,441,SENATOR JOHN BARRASSO,2011,200,70,block_data
112sdoc4,GPO-CDOC-112sdoc4.pdf,443,443,data,True,441,441,SENATOR JOHN BARRASSO,2011,240,73,block_data
112sdoc4,GPO-CDOC-112sdoc4.pdf,444,444,data,True,441,441,SENATOR JOHN BARRASSO,2011,212,70,block_data
112sdoc4,GPO-CDOC-112sdoc4.pdf,445,445,data,True,441,441,SENATOR JOHN BARRASSO,2011,244,73,block_data
112sdoc4,GPO-CDOC-112sdoc4.pdf,446,446,data,True,441,441,SENATOR JOHN BARRASSO,2011,221,72,block_data
112sdoc4,GPO-CDOC-112sdoc4.pdf,447,447,data,True,441,441,SENATOR JOHN BARRASSO,2011,240,73,block_data
112sdoc4,GPO-CDOC-112sdoc4.pdf,448,448,data,True,441,441,SENATOR JOHN BARRASSO,2011,228,71,block_data
112sdoc4,GPO-CDOC-112sdoc4.pdf,449,449,data,True,441,441,SENATOR JOHN BARRASSO,2011,247,73,block_data
112sdoc4,GPO-CDOC-112sdoc4.pdf,450,450,data,True,441,441,SENATOR JOHN BARRASSO,2011,237,73,block_data
112sdoc4,GPO-CDOC-112sdoc4.pdf,451,451,data,True,441,441,SENATOR JOHN BARRASSO,2011,224,73,block_data
112sdoc4,GPO-CDOC-112sdoc4.pdf,452,452,data,True,441,441,SENATOR JOHN BARRASSO,2011,321,64,block_data
112sdoc4,GPO-CDOC-112sdoc4.pdf,453,453,banner,True,453,453,SENATOR MAX BAUCUS,2009,73,31,block_start
112sdoc4,GPO-CDOC-112sdoc4.pdf,454,454,banner,True,454,454,SENATOR MAX BAUCUS,2010,86,35,block_start
112sdoc4,GPO-CDOC-112sdoc4.pdf,455,455,banner,True,455,455,SENATOR MAX BAUCUS,2011,151,57,block_start
112sdoc4,GPO-CDOC-112sdoc4.pdf,456,456,data,True,455,455,SENATOR MAX BAUCUS,2011,198,68,block_data
112sdoc4,GPO-CDOC-112sdoc4.pdf,457,457,data,True,455,455,SENATOR MAX BAUCUS,2011,235,73,block_data
112sdoc4,GPO-CDOC-112sdoc4.pdf,458,458,data,True,455,455,SENATOR MAX BAUCUS,2011,229,73,block_data
112sdoc4,GPO-CDOC-112sdoc4.pdf,459,459,data,True,455,455,SENATOR MAX BAUCUS,2011,217,70,block_data
112sdoc4,GPO-CDOC-112sdoc4.pdf,460,460,data,True,455,455,SENATOR MAX BAUCUS,2011,222,72,block_data
112sdoc4,GPO-CDOC-112sdoc4.pdf,461,461,data,True,455,455,SENATOR MAX BAUCUS,2011,226,72,block_data
112sdoc4,GPO-CDOC-112sdoc4.pdf,462,462,data,True,455,455,SENATOR MAX BAUCUS,2011,227,73,block_data
112sdoc4,GPO-CDOC-112sdoc4.pdf,463,463,data,True,455,455,SENATOR MAX BAUCUS,2011,226,71,block_data
112sdoc4,GPO-CDOC-112sdoc4.pdf,464,464,data,True,455,455,SENATOR MAX BAUCUS,2011,236,72,block_data
112sdoc4,GPO-CDOC-112sdoc4.pdf,465,465,data,True,455,455,SENATOR MAX BAUCUS,2011,126,31,block_data
112sdoc4,GPO-CDOC-112sdoc4.pdf,466,466,banner,True,466,466,SENATOR EVAN BAYH,2009,76,33,block_start
112sdoc4,GPO-CDOC-112sdoc4.pdf,467,467,banner,True,467,467,SENATOR EVAN BAYH,2010,73,31,block_start
112sdoc4,GPO-CDOC-112sdoc4.pdf,468,468,banner,True,468,468,SENATOR EVAN BAYH,2011,70,30,block_start
112sdoc4,GPO-CDOC-112sdoc4.pdf,469,469,banner,True,469,469,SENATOR MARK BEGICH,2009,70,30,block_start
112sdoc4,GPO-CDOC-112sdoc4.pdf,470,470,banner,True,470,470,SENATOR MARK BEGICH,2010,73,31,block_start
112sdoc4,GPO-CDOC-112sdoc4.pdf,471,471,banner,True,471,471,SENATOR MARK BEGICH,2011,154,58,block_start
112sdoc4,GPO-CDOC-112sdoc4.pdf,472,472,data,True,471,471,SENATOR MARK BEGICH,2011,209,71,block_data
112sdoc4,GPO-CDOC-112sdoc4.pdf,473,473,data,True,471,471,SENATOR MARK BEGICH,2011,236,73,block_data
112sdoc4,GPO-CDOC-112sdoc4.pdf,474,474,data,True,471,471,SENATOR MARK BEGICH,2011,235,73,block_data
112sdoc4,GPO-CDOC-112sdoc4.pdf,475,475,data,True,471,471,SENATOR MARK BEGICH,2011,242,73,block_data
112sdoc4,GPO-CDOC-112sdoc4.pdf,476,476,data,True,471,471,SENATOR MARK BEGICH,2011,225,71,block_data
112sdoc4,GPO-CDOC-112sdoc4.pdf,477,477,data,True,471,471,SENATOR MARK BEGICH,2011,285,70,block_data
112sdoc4,GPO-CDOC-112sdoc4.pdf,478,478,banner,True,478,478,SENATOR MICHAEL BENNET,2009,73,31,block_start
112sdoc4,GPO-CDOC-112sdoc4.pdf,479,479,banner,True,479,479,SENATOR MICHAEL BENNET,2010,83,34,block_start
112sdoc4,GPO-CDOC-112sdoc4.pdf,480,480,banner,True,480,480,SENATOR MICHAEL BENNET,2011,151,57,block_start
112sdoc4,GPO-CDOC-112sdoc4.pdf,481,481,data,True,480,480,SENATOR MICHAEL BENNET,2011,215,68,block_data
112sdoc4,GPO-CDOC-112sdoc4.pdf,482,482,data,True,480,480,SENATOR MICHAEL BENNET,2011,230,72,block_data
112sdoc4,GPO-CDOC-112sdoc4.pdf,483,483,data,True,480,480,SENATOR MICHAEL BENNET,2011,239,72,block_data
112sdoc4,GPO-CDOC-112sdoc4.pdf,484,484,data,True,480,480,SENATOR MICHAEL BENNET,2011,245,73,block_data
112sdoc4,GPO-CDOC-112sdoc4.pdf,485,485,data,True,480,480,SENATOR MICHAEL BENNET,2011,245,73,block_data
112sdoc4,GPO-CDOC-112sdoc4.pdf,486,486,data,True,480,480,SENATOR MICHAEL BENNET,2011,235,73,block_data
112sdoc4,GPO-CDOC-112sdoc4.pdf,487,487,data,True,480,480,SENATOR MICHAEL BENNET,2011,246,73,block_data
112sdoc4,GPO-CDOC-112sdoc4.pdf,488,488,data,True,480,480,SENATOR MICHAEL BENNET,2011,264,73,block_data
112sdoc4,GPO-CDOC-112sdoc4.pdf,489,489,data,True,480,480,SENATOR MICHAEL BENNET,2011,246,73,block_data
112sdoc4,GPO-CDOC-112sdoc4.pdf,490,490,data,True,480,480,SENATOR MICHAEL BENNET,2011,238,72,block_data
112sdoc4,GPO-CDOC-112sdoc4.pdf,491,491,data,True,480,480,SENATOR MICHAEL BENNET,2011,215,71,block_data
112sdoc4,GPO-CDOC-112sdoc4.pdf,492,492,data,True,480,480,SENATOR MICHAEL BENNET,2011,239,72,block_data
112sdoc4,GPO-CDOC-112sdoc4.pdf,493,493,data,True,480,480,SENATOR MICHAEL BENNET,2011,178,39,block_data
112sdoc4,GPO-CDOC-112sdoc4.pdf,494,494,banner,True,494,494,SENATOR ROBERT F. BENNETT,2009,73,31,block_start
112sdoc4,GPO-CDOC-112sdoc4.pdf,495,495,banner,True,495,495,SENATOR ROBERT F. BENNETT,2010,70,30,block_start
112sdoc4,GPO-CDOC-112sdoc4.pdf,496,496,banner,True,496,496,SENATOR ROBERT F. BENNETT,2011,70,30,block_start
112sdoc4,GPO-CDOC-112sdoc4.pdf,497,497,banner,True,497,497,"SENATOR JOSEPH R. BIDEN, JR.",2009,70,30,block_start
112sdoc4,GPO-CDOC-112sdoc4.pdf,498,498,banner,True,498,498,SENATOR JEFF BINGAMAN,2009,82,33,block_start
112sdoc4,GPO-CDOC-112sdoc4.pdf,499,499,banner,True,499,499,SENATOR JEFF BINGAMAN,2010,91,35,block_start
112sdoc4,GPO-CDOC-112sdoc4.pdf,500,500,banner,True,500,500,SENATOR JEFF BINGAMAN,2011,149,57,block_start
112sdoc4,GPO-CDOC-112sdoc4.pdf,501,501,data,True,500,500,SENATOR JEFF BINGAMAN,2011,205,71,block_data
112sdoc4,GPO-CDOC-112sdoc4.pdf,502,502,data,True,500,500,SENATOR JEFF BINGAMAN,2011,240,73,block_data
112sdoc4,GPO-CDOC-112sdoc4.pdf,503,503,data,True,500,500,SENATOR JEFF BINGAMAN,2011,231,71,block_data
112sdoc4,GPO-CDOC-112sdoc4.pdf,504,504,data,True,500,500,SENATOR JEFF BINGAMAN,2011,234,72,block_data
112sdoc4,GPO-CDOC-112sdoc4.pdf,505,505,data,True,500,500,SENATOR JEFF BINGAMAN,2011,226,72,block_data
112sdoc4,GPO-CDOC-112sdoc4.pdf,506,506,data,True,500,500,SENATOR JEFF BINGAMAN,2011,226,73,block_data
112sdoc4,GPO-CDOC-112sdoc4.pdf,507,507,data,True,500,500,SENATOR JEFF BINGAMAN,2011,234,72,block_data
112sdoc4,GPO-CDOC-112sdoc4.pdf,508,508,data,True,500,500,SENATOR JEFF BINGAMAN,2011,242,72,block_data
112sdoc4,GPO-CDOC-112sdoc4.pdf,509,509,data,True,500,500,SENATOR JEFF BINGAMAN,2011,242,72,block_data
112sdoc4,GPO-CDOC-112sdoc4.pdf,510,510,data,True,500,500,SENATOR JEFF BINGAMAN,2011,227,72,block_data
112sdoc4,GPO-CDOC-112sdoc4.pdf,511,511,data,True,500,500,SENATOR JEFF BINGAMAN,2011,234,72,block_data
112sdoc4,GPO-CDOC-112sdoc4.pdf,512,512,data,True,500,500,SENATOR JEFF BINGAMAN,2011,249,73,block_data
112sdoc4,GPO-CDOC-112sdoc4.pdf,513,513,data,True,500,500,SENATOR JEFF BINGAMAN,2011,252,73,block_data
112sdoc4,GPO-CDOC-112sdoc4.pdf,514,514,data,True,500,500,SENATOR JEFF BINGAMAN,2011,231,72,block_data
112sdoc4,GPO-CDOC-112sdoc4.pdf,515,515,data,True,500,500,SENATOR JEFF BINGAMAN,2011,228,72,block_data
112sdoc4,GPO-CDOC-112sdoc4.pdf,516,516,data,True,500,500,SENATOR JEFF BINGAMAN,2011,243,73,block_data
112sdoc4,GPO-CDOC-112sdoc4.pdf,517,517,data,True,500,500,SENATOR JEFF BINGAMAN,2011,244,72,block_data
112sdoc4,GPO-CDOC-112sdoc4.pdf,518,518,data,True,500,500,SENATOR JEFF BINGAMAN,2011,366,66,block_data
112sdoc4,GPO-CDOC-112sdoc4.pdf,519,519,banner,True,519,519,SENATOR RICHARD BLUMENTHAL,2011,154,58,block_start
112sdoc4,GPO-CDOC-112sdoc4.pdf,520,520,data,True,519,519,SENATOR RICHARD BLUMENTHAL,2011,220,68,block_data
112sdoc4,GPO-CDOC-112sdoc4.pdf,521,521,data,True,519,519,SENATOR RICHARD BLUMENTHAL,2011,221,73,block_data
112sdoc4,GPO-CDOC-112sdoc4.pdf,522,522,data,True,519,519,SENATOR RICHARD BLUMENTHAL,2011,220,72,block_data
112sdoc4,GPO-CDOC-112sdoc4.pdf,523,523,data,True,519,519,SENATOR RICHARD BLUMENTHAL,2011,258,72,block_data
112sdoc4,GPO-CDOC-112sdoc4.pdf,524,524,data,True,519,519,SENATOR RICHARD BLUMENTHAL,2011,232,73,block_data
112sdoc4,GPO-CDOC-112sdoc4.pdf,525,525,data,True,519,519,SENATOR RICHARD BLUMENTHAL,2011,250,73,block_data
112sdoc4,GPO-CDOC-112sdoc4.pdf,526,526,data,True,519,519,SENATOR RICHARD BLUMENTHAL,2011,213,72,block_data
112sdoc4,GPO-CDOC-112sdoc4.pdf,527,527,data,True,519,519,SENATOR RICHARD BLUMENTHAL,2011,282,68,block_data
112sdoc4,GPO-CDOC-112sdoc4.pdf,528,528,data,True,519,519,SENATOR RICHARD BLUMENTHAL,2011,18,12,block_data
112sdoc4,GPO-CDOC-112sdoc4.pdf,529,529,banner,True,529,529,SENATOR ROY BLUNT,2011,154,58,block_start
112sdoc4,GPO-CDOC-112sdoc4.pdf,530,530,data,True,529,529,SENATOR ROY BLUNT,2011,212,68,block_data
112sdoc4,GPO-CDOC-112sdoc4.pdf,531,531,data,True,529,529,SENATOR ROY BLUNT,2011,252,73,block_data
112sdoc4,GPO-CDOC-112sdoc4.pdf,532,532,data,True,529,529,SENATOR ROY BLUNT,2011,250,72,block_data
112sdoc4,GPO-CDOC-112sdoc4.pdf,533,533,data,True,529,529,SENATOR ROY BLUNT,2011,249,72,block_data
112sdoc4,GPO-CDOC-112sdoc4.pdf,534,534,data,True,529,529,SENATOR ROY BLUNT,2011,253,72,block_data
112sdoc4,GPO-CDOC-112sdoc4.pdf,535,535,data,True,529,529,SENATOR ROY BLUNT,2011,261,73,block_data
112sdoc4,GPO-CDOC-112sdoc4.pdf,536,536,data,True,529,529,SENATOR ROY BLUNT,2011,264,73,block_data
112sdoc4,GPO-CDOC-112sdoc4.pdf,537,537,data,True,529,529,SENATOR ROY BLUNT,2011,236,72,block_data
112sdoc4,GPO-CDOC-112sdoc4.pdf,538,538,data,True,529,529,SENATOR ROY BLUNT,2011,257,72,block_data
112sdoc4,GPO-CDOC-112sdoc4.pdf,539,539,data,True,529,529,SENATOR ROY BLUNT,2011,246,72,block_data
112sdoc4,GPO-CDOC-112sdoc4.pdf,540,540,data,True,529,529,SENATOR ROY BLUNT,2011,254,73,block_data
112sdoc4,GPO-CDOC-112sdoc4.pdf,541,541,data,True,529,529,SENATOR ROY BLUNT,2011,257,72,block_data
112sdoc4,GPO-CDOC-112sdoc4.pdf,542,542,data,True,529,529,SENATOR ROY BLUNT,2011,253,73,block_data
112sdoc4,GPO-CDOC-112sdoc4.pdf,543,543,data,True,529,529,SENATOR ROY BLUNT,2011,252,72,block_data
112sdoc4,GPO-CDOC-112sdoc4.pdf,544,544,data,True,529,529,SENATOR ROY BLUNT,2011,251,73,block_data
112sdoc4,GPO-CDOC-112sdoc4.pdf,545,545,data,True,529,529,SENATOR ROY BLUNT,2011,248,73,block_data
112sdoc4,GPO-CDOC-112sdoc4.pdf,546,546,data,True,529,529,SENATOR ROY BLUNT,2011,249,73,block_data
112sdoc4,GPO-CDOC-112sdoc4.pdf,547,547,data,True,529,529,SENATOR ROY BLUNT,2011,252,72,block_data
112sdoc4,GPO-CDOC-112sdoc4.pdf,548,548,data,True,529,529,SENATOR ROY BLUNT,2011,162,37,block_data
112sdoc4,GPO-CDOC-112sdoc4.pdf,549,549,banner,True,549,549,SENATOR CHRISTOPHER S. BOND,2009,73,31,block_start
112sdoc4,GPO-CDOC-112sdoc4.pdf,550,550,banner,True,550,550,SENATOR CHRISTOPHER S. BOND,2010,76,33,block_start
112sdoc4,GPO-CDOC-112sdoc4.pdf,551,551,banner,True,551,551,SENATOR CHRISTOPHER S. BOND,2011,70,30,block_start
112sdoc4,GPO-CDOC-112sdoc4.pdf,552,552,banner,True,552,552,SENATOR JOHN BOOZMAN,2011,151,57,block_start
112sdoc4,GPO-CDOC-112sdoc4.pdf,553,553,data,True,552,552,SENATOR JOHN BOOZMAN,2011,199,67,block_data
112sdoc4,GPO-CDOC-112sdoc4.pdf,554,554,data,True,552,552,SENATOR JOHN BOOZMAN,2011,220,71,block_data
112sdoc4,GPO-CDOC-112sdoc4.pdf,555,555,data,True,552,552,SENATOR JOHN BOOZMAN,2011,226,72,block_data
112sdoc4,GPO-CDOC-112sdoc4.pdf,556,556,data,True,552,552,SENATOR JOHN BOOZMAN,2011,220,71,block_data
112sdoc4,GPO-CDOC-112sdoc4.pdf,557,557,data,True,552,552,SENATOR JOHN BOOZMAN,2011,230,71,block_data
112sdoc4,GPO-CDOC-112sdoc4.pdf,558,558,data,True,552,552,SENATOR JOHN BOOZMAN,2011,232,72,block_data
112sdoc4,GPO-CDOC-112sdoc4.pdf,559,559,data,True,552,552,SENATOR JOHN BOOZMAN,2011,237,73,block_data
112sdoc4,GPO-CDOC-112sdoc4.pdf,560,560,data,True,552,552,SENATOR JOHN BOOZMAN,2011,232,72,block_data
112sdoc4,GPO-CDOC-112sdoc4.pdf,561,561,data,True,552,552,SENATOR JOHN BOOZMAN,2011,242,73,block_data
112sdoc4,GPO-CDOC-112sdoc4.pdf,562,562,data,True,552,552,SENATOR JOHN BOOZMAN,2011,232,72,block_data
112sdoc4,GPO-CDOC-112sdoc4.pdf,563,563,data,True,552,552,SENATOR JOHN BOOZMAN,2011,233,73,block_data
112sdoc4,GPO-CDOC-112sdoc4.pdf,564,564,data,True,552,552,SENATOR JOHN BOOZMAN,2011,229,72,block_data
112sdoc4,GPO-CDOC-112sdoc4.pdf,565,565,data,True,552,552,SENATOR JOHN BOOZMAN,2011,228,72,block_data
112sdoc4,GPO-CDOC-112sdoc4.pdf,566,566,data,True,552,552,SENATOR JOHN BOOZMAN,2011,232,72,block_data
112sdoc4,GPO-CDOC-112sdoc4.pdf,567,567,data,True,552,552,SENATOR JOHN BOOZMAN,2011,234,72,block_data
112sdoc4,GPO-CDOC-112sdoc4.pdf,568,568,data,True,552,552,SENATOR JOHN BOOZMAN,2011,227,72,block_data
112sdoc4,GPO-CDOC-112sdoc4.pdf,569,569,data,True,552,552,SENATOR JOHN BOOZMAN,2011,225,72,block_data
112sdoc4,GPO-CDOC-112sdoc4.pdf,570,570,data,True,552,552,SENATOR JOHN BOOZMAN,2011,242,73,block_data
112sdoc4,GPO-CDOC-112sdoc4.pdf,571,571,data,True,552,552,SENATOR JOHN BOOZMAN,2011,226,71,block_data
112sdoc4,GPO-CDOC-112sdoc4.pdf,572,572,data,True,552,552,SENATOR JOHN BOOZMAN,2011,226,72,block_data
112sdoc4,GPO-CDOC-112sdoc4.pdf,573,573,data,True,552,552,SENATOR JOHN BOOZMAN,2011,247,73,block_data
112sdoc4,GPO-CDOC-112sdoc4.pdf,574,574,data,True,552,552,SENATOR JOHN BOOZMAN,2011,239,72,block_data
112sdoc4,GPO-CDOC-112sdoc4.pdf,575,575,data,True,552,552,SENATOR JOHN BOOZMAN,2011,234,72,block_data
112sdoc4,GPO-CDOC-112sdoc4.pdf,576,576,data,True,552,552,SENATOR JOHN BOOZMAN,2011,287,72,block_data
112sdoc4,GPO-CDOC-112sdoc4.pdf,577,577,data,True,552,552,SENATOR JOHN BOOZMAN,2011,292,54,block_data
112sdoc4,GPO-CDOC-112sdoc4.pdf,578,578,banner,True,578,578,SENATOR BARBARA BOXER,2009,73,31,block_start
112sdoc4,GPO-CDOC-112sdoc4.pdf,579,579,banner,True,579,579,SENATOR BARBARA BOXER,2010,73,31,block_start
112sdoc4,GPO-CDOC-112sdoc4.pdf,580,580,banner,True,580,580,SENATOR BARBARA BOXER,2011,151,57,block_start
112sdoc4,GPO-CDOC-112sdoc4.pdf,581,581,data,True,580,580,SENATOR BARBARA BOXER,2011,197,70,block_data
112sdoc4,GPO-CDOC-112sdoc4.pdf,582,582,data,True,580,580,SENATOR BARBARA BOXER,2011,238,72,block_data
112sdoc4,GPO-CDOC-112sdoc4.pdf,583,583,data,True,580,580,SENATOR BARBARA BOXER,2011,216,73,block_data
112sdoc4,GPO-CDOC-112sdoc4.pdf,584,584,data,True,580,580,SENATOR BARBARA BOXER,2011,221,72,block_data
112sdoc4,GPO-CDOC-112sdoc4.pdf,585,585,data,True,580,580,SENATOR BARBARA BOXER,2011,224,72,block_data
112sdoc4,GPO-CDOC-112sdoc4.pdf,586,586,data,True,580,580,SENATOR BARBARA BOXER,2011,218,70,block_data
112sdoc4,GPO-CDOC-112sdoc4.pdf,587,587,data,True,580,580,SENATOR BARBARA BOXER,2011,222,72,block_data
112sdoc4,GPO-CDOC-112sdoc4.pdf,588,588,data,True,580,580,SENATOR BARBARA BOXER,2011,237,72,block_data
112sdoc4,GPO-CDOC-112sdoc4.pdf,589,589,data,True,580,580,SENATOR BARBARA BOXER,2011,209,71,block_data
112sdoc4,GPO-CDOC-112sdoc4.pdf,590,590,data,True,580,580,SENATOR BARBARA BOXER,2011,234,72,block_data
112sdoc4,GPO-CDOC-112sdoc4.pdf,591,591,data,True,580,580,SENATOR BARBARA BOXER,2011,229,72,block_data
112sdoc4,GPO-CDOC-112sdoc4.pdf,592,592,data,True,580,580,SENATOR BARBARA BOXER,2011,227,73,block_data
112sdoc4,GPO-CDOC-112sdoc4.pdf,593,593,data,True,580,580,SENATOR BARBARA BOXER,2011,228,73,block_data
112sdoc4,GPO-CDOC-112sdoc4.pdf,594,594,data,True,580,580,SENATOR BARBARA BOXER,2011,221,73,block_data
112sdoc4,GPO-CDOC-112sdoc4.pdf,595,595,data,True,580,580,SENATOR BARBARA BOXER,2011,263,72,block_data
112sdoc4,GPO-CDOC-112sdoc4.pdf,596,596,data,True,580,580,SENATOR BARBARA BOXER,2011,159,35,block_data
112sdoc4,GPO-CDOC-112sdoc4.pdf,597,597,banner,True,597,597,SENATOR SCOTT P. BROWN,2010,96,35,block_start
112sdoc4,GPO-CDOC-112sdoc4.pdf,598,598,banner,True,598,598,SENATOR SCOTT P. BROWN,2011,154,58,block_start
112sdoc4,GPO-CDOC-112sdoc4.pdf,599,599,data,True,598,598,SENATOR SCOTT P. BROWN,2011,224,67,block_data
112sdoc4,GPO-CDOC-112sdoc4.pdf,600,600,data,True,598,598,SENATOR SCOTT P. BROWN,2011,254,73,block_data
112sdoc4,GPO-CDOC-112sdoc4.pdf,601,601,data,True,598,598,SENATOR SCOTT P. BROWN,2011,252,71,block_data
112sdoc4,GPO-CDOC-112sdoc4.pdf,602,602,data,True,598,598,SENATOR SCOTT P. BROWN,2011,243,72,block_data
112sdoc4,GPO-CDOC-112sdoc4.pdf,603,603,data,True,598,598,SENATOR SCOTT P. BROWN,2011,258,73,block_data
112sdoc4,GPO-CDOC-112sdoc4.pdf,604,604,data,True,598,598,SENATOR SCOTT P. BROWN,2011,264,73,block_data
112sdoc4,GPO-CDOC-112sdoc4.pdf,605,605,data,True,598,598,SENATOR SCOTT P. BROWN,2011,255,73,block_data
112sdoc4,GPO-CDOC-112sdoc4.pdf,606,606,data,True,598,598,SENATOR SCOTT P. BROWN,2011,254,72,block_data
112sdoc4,GPO-CDOC-112sdoc4.pdf,607,607,data,True,598,598,SENATOR SCOTT P. BROWN,2011,238,72,block_data
112sdoc4,GPO-CDOC-112sdoc4.pdf,608,608,data,True,598,598,SENATOR SCOTT P. BROWN,2011,264,73,block_data
112sdoc4,GPO-CDOC-112sdoc4.pdf,609,609,data,True,598,598,SENATOR SCOTT P. BROWN,2011,251,72,block_data
112sdoc4,GPO-CDOC-112sdoc4.pdf,610,610,data,True,598,598,SENATOR SCOTT P. BROWN,2011,244,72,block_data
112sdoc4,GPO-CDOC-112sdoc4.pdf,611,611,data,True,598,598,SENATOR SCOTT P. BROWN,2011,255,73,block_data
112sdoc4,GPO-CDOC-112sdoc4.pdf,612,612,data,True,598,598,SENATOR SCOTT P. BROWN,2011,333,67,block_data
112sdoc4,GPO-CDOC-112sdoc4.pdf,613,613,banner,True,613,613,SENATOR SHERROD BROWN,2009,73,31,block_start
112sdoc4,GPO-CDOC-112sdoc4.pdf,614,614,banner,True,614,614,SENATOR SHERROD BROWN,2010,73,31,block_start
112sdoc4,GPO-CDOC-112sdoc4.pdf,615,615,banner,True,615,615,SENATOR SHERROD BROWN,2011,151,57,block_start
112sdoc4,GPO-CDOC-112sdoc4.pdf,616,616,data,True,615,615,SENATOR SHERROD BROWN,2011,199,69,block_data
112sdoc4,GPO-CDOC-112sdoc4.pdf,617,617,data,True,615,615,SENATOR SHERROD BROWN,2011,248,73,block_data
112sdoc4,GPO-CDOC-112sdoc4.pdf,618,618,data,True,615,615,SENATOR SHERROD BROWN,2011,246,72,block_data
112sdoc4,GPO-CDOC-112sdoc4.pdf,619,619,data,True,615,615,SENATOR SHERROD BROWN,2011,230,72,block_data
112sdoc4,GPO-CDOC-112sdoc4.pdf,620,620,data,True,615,615,SENATOR SHERROD BROWN,2011,221,71,block_data
112sdoc4,GPO-CDOC-112sdoc4.pdf,621,621,data,True,615,615,SENATOR SHERROD BROWN,2011,238,72,block_data
112sdoc4,GPO-CDOC-112sdoc4.pdf,622,622,data,True,615,615,SENATOR SHERROD BROWN,2011,240,71,block_data
112sdoc4,GPO-CDOC-112sdoc4.pdf,623,623,data,True,615,615,SENATOR SHERROD BROWN,2011,222,72,block_data
112sdoc4,GPO-CDOC-112sdoc4.pdf,624,624,data,True,615,615,SENATOR SHERROD BROWN,2011,237,72,block_data
112sdoc4,GPO-CDOC-112sdoc4.pdf,625,625,data,True,615,615,SENATOR SHERROD BROWN,2011,252,73,block_data
112sdoc4,GPO-CDOC-112sdoc4.pdf,626,626,data,True,615,615,SENATOR SHERROD BROWN,2011,224,72,block_data
112sdoc4,GPO-CDOC-112sdoc4.pdf,627,627,data,True,615,615,SENATOR SHERROD BROWN,2011,252,73,block_data
112sdoc4,GPO-CDOC-112sdoc4.pdf,628,628,data,True,615,615,SENATOR SHERROD BROWN,2011,236,71,block_data
112sdoc4,GPO-CDOC-112sdoc4.pdf,629,629,data,True,615,615,SENATOR SHERROD BROWN,2011,234,72,block_data
112sdoc4,GPO-CDOC-112sdoc4.pdf,630,630,data,True,615,615,SENATOR SHERROD BROWN,2011,250,72,block_data
112sdoc4,GPO-CDOC-112sdoc4.pdf,631,631,data,True,615,615,SENATOR SHERROD BROWN,2011,242,72,block_data
112sdoc4,GPO-CDOC-112sdoc4.pdf,632,632,data,True,615,615,SENATOR SHERROD BROWN,2011,247,73,block_data
112sdoc4,GPO-CDOC-112sdoc4.pdf,633,633,data,True,615,615,SENATOR SHERROD BROWN,2011,248,73,block_data
112sdoc4,GPO-CDOC-112sdoc4.pdf,634,634,data,True,615,615,SENATOR SHERROD BROWN,2011,251,71,block_data
112sdoc4,GPO-CDOC-112sdoc4.pdf,635,635,data,True,615,615,SENATOR SHERROD BROWN,2011,242,73,block_data
112sdoc4,GPO-CDOC-112sdoc4.pdf,636,636,data,True,615,615,SENATOR SHERROD BROWN,2011,244,73,block_data
112sdoc4,GPO-CDOC-112sdoc4.pdf,637,637,data,True,615,615,SENATOR SHERROD BROWN,2011,243,72,block_data
112sdoc4,GPO-CDOC-112sdoc4.pdf,638,638,data,True,615,615,SENATOR SHERROD BROWN,2011,213,71,block_data
112sdoc4,GPO-CDOC-112sdoc4.pdf,639,639,data,True,615,615,SENATOR SHERROD BROWN,2011,222,72,block_data
112sdoc4,GPO-CDOC-112sdoc4.pdf,640,640,data,True,615,615,SENATOR SHERROD BROWN,2011,234,71,block_data
112sdoc4,GPO-CDOC-112sdoc4.pdf,641,641,data,True,615,615,SENATOR SHERROD BROWN,2011,256,73,block_data
112sdoc4,GPO-CDOC-112sdoc4.pdf,642,642,data,True,615,615,SENATOR SHERROD BROWN,2011,238,72,block_data
112sdoc4,GPO-CDOC-112sdoc4.pdf,643,643,data,True,615,615,SENATOR SHERROD BROWN,2011,259,72,block_data
112sdoc4,GPO-CDOC-112sdoc4.pdf,644,644,data,True,615,615,SENATOR SHERROD BROWN,2011,98,27,block_data
112sdoc4,GPO-CDOC-112sdoc4.pdf,645,645,banner,True,645,645,SENATOR SAM D. BROWNBACK,2009,73,31,block_start
112sdoc4,GPO-CDOC-112sdoc4.pdf,646,646,banner,True,646,646,SENATOR SAM D. BROWNBACK,2010,70,30,block_start
112sdoc4,GPO-CDOC-112sdoc4.pdf,647,647,banner,True,647,647,SENATOR SAM D. BROWNBACK,2011,70,30,block_start
112sdoc4,GPO-CDOC-112sdoc4.pdf,648,648,banner,True,648,648,SENATOR JIM BUNNING,2009,70,30,block_start
112sdoc4,GPO-CDOC-112sdoc4.pdf,649,649,banner,True,649,649,SENATOR JIM BUNNING,2010,67,29,block_start
112sdoc4,GPO-CDOC-112sdoc4.pdf,650,650,banner,True,650,650,SENATOR JIM BUNNING,2011,70,30,block_start
112sdoc4,GPO-CDOC-112sdoc4.pdf,651,651,banner,True,651,651,SENATOR RICHARD BURR,2009,73,31,block_start
112sdoc4,GPO-CDOC-112sdoc4.pdf,652,652,banner,True,652,652,SENATOR RICHARD BURR,2010,94,38,block_start
112sdoc4,GPO-CDOC-112sdoc4.pdf,653,653,banner,True,653,653,SENATOR RICHARD BURR,2011,149,57,block_start
112sdoc4,GPO-CDOC-112sdoc4.pdf,654,654,data,True,653,653,SENATOR RICHARD BURR,2011,200,69,block_data
112sdoc4,GPO-CDOC-112sdoc4.pdf,655,655,data,True,653,653,SENATOR RICHARD BURR,2011,230,73,block_data
112sdoc4,GPO-CDOC-112sdoc4.pdf,656,656,data,True,653,653,SENATOR RICHARD BURR,2011,206,70,block_data
112sdoc4,GPO-CDOC-112sdoc4.pdf,657,657,data,True,653,653,SENATOR RICHARD BURR,2011,211,73,block_data
112sdoc4,GPO-CDOC-112sdoc4.pdf,658,658,data,True,653,653,SENATOR RICHARD BURR,2011,199,69,block_data
112sdoc4,GPO-CDOC-112sdoc4.pdf,659,659,data,True,653,653,SENATOR RICHARD BURR,2011,219,71,block_data
112sdoc4,GPO-CDOC-112sdoc4.pdf,660,660,data,True,653,653,SENATOR RICHARD BURR,2011,211,73,block_data
112sdoc4,GPO-CDOC-112sdoc4.pdf,661,661,data,True,653,653,SENATOR RICHARD BURR,2011,249,72,block_data
112sdoc4,GPO-CDOC-112sdoc4.pdf,662,662,data,True,653,653,SENATOR RICHARD BURR,2011,70,23,block_data
112sdoc4,GPO-CDOC-112sdoc4.pdf,663,663,banner,True,663,663,SENATOR ROLAND BURRIS,2009,70,30,block_start
112sdoc4,GPO-CDOC-112sdoc4.pdf,664,664,banner,True,664,664,SENATOR ROLAND BURRIS,2010,70,30,block_start
112sdoc4,GPO-CDOC-112sdoc4.pdf,665,665,banner,True,665,665,SENATOR ROLAND BURRIS,2011,70,30,block_start
112sdoc4,GPO-CDOC-112sdoc4.pdf,666,666,banner,True,666,666,SENATOR ROBERT C. BYRD,2009,70,30,block_start
112sdoc4,GPO-CDOC-112sdoc4.pdf,667,667,banner,True,667,667,SENATOR ROBERT C. BYRD,2010,67,29,block_start
112sdoc4,GPO-CDOC-112sdoc4.pdf,668,668,banner,True,668,668,SENATOR MARIA CANTWELL,2009,73,31,block_start
112sdoc4,GPO-CDOC-112sdoc4.pdf,669,669,banner,True,669,669,SENATOR MARIA CANTWELL,2010,89,34,block_start
112sdoc4,GPO-CDOC-112sdoc4.pdf,670,670,banner,True,670,670,SENATOR MARIA CANTWELL,2011,151,57,block_start
112sdoc4,GPO-CDOC-112sdoc4.pdf,671,671,data,True,670,670,SENATOR MARIA CANTWELL,2011,219,71,block_data
112sdoc4,GPO-CDOC-112sdoc4.pdf,672,672,data,True,670,670,SENATOR MARIA CANTWELL,2011,246,72,block_data
112sdoc4,GPO-CDOC-112sdoc4.pdf,673,673,data,True,670,670,SENATOR MARIA CANTWELL,2011,256,73,block_data
112sdoc4,GPO-CDOC-112sdoc4.pdf,674,674,data,True,670,670,SENATOR MARIA CANTWELL,2011,241,72,block_data
112sdoc4,GPO-CDOC-112sdoc4.pdf,675,675,data,True,670,670,SENATOR MARIA CANTWELL,2011,251,73,block_data
112sdoc4,GPO-CDOC-112sdoc4.pdf,676,676,data,True,670,670,SENATOR MARIA CANTWELL,2011,260,73,block_data
112sdoc4,GPO-CDOC-112sdoc4.pdf,677,677,data,True,670,670,SENATOR MARIA CANTWELL,2011,252,73,block_data
112sdoc4,GPO-CDOC-112sdoc4.pdf,678,678,data,True,670,670,SENATOR MARIA CANTWELL,2011,252,71,block_data
112sdoc4,GPO-CDOC-112sdoc4.pdf,679,679,data,True,670,670,SENATOR MARIA CANTWELL,2011,242,72,block_data
112sdoc4,GPO-CDOC-112sdoc4.pdf,680,680,data,True,670,670,SENATOR MARIA CANTWELL,2011,239,71,block_data
112sdoc4,GPO-CDOC-112sdoc4.pdf,681,681,data,True,670,670,SENATOR MARIA CANTWELL,2011,242,72,block_data
112sdoc4,GPO-CDOC-112sdoc4.pdf,682,682,data,True,670,670,SENATOR MARIA CANTWELL,2011,245,73,block_data
112sdoc4,GPO-CDOC-112sdoc4.pdf,683,683,data,True,670,670,SENATOR MARIA CANTWELL,2011,249,73,block_data
112sdoc4,GPO-CDOC-112sdoc4.pdf,684,684,data,True,670,670,SENATOR MARIA CANTWELL,2011,279,72,block_data
112sdoc4,GPO-CDOC-112sdoc4.pdf,685,685,data,True,670,670,SENATOR MARIA CANTWELL,2011,49,20,block_data
112sdoc4,GPO-CDOC-112sdoc4.pdf,686,686,banner,True,686,686,SENATOR BENJAMIN L CARDIN,2009,73,31,block_start
112sdoc4,GPO-CDOC-112sdoc4.pdf,687,687,banner,True,687,687,SENATOR BENJAMIN L CARDIN,2010,92,36,block_start
112sdoc4,GPO-CDOC-112sdoc4.pdf,688,688,banner,True,688,688,SENATOR BENJAMIN L CARDIN,2011,151,57,block_start
112sdoc4,GPO-CDOC-112sdoc4.pdf,689,689,data,True,688,688,SENATOR BENJAMIN L CARDIN,2011,192,66,block_data
112sdoc4,GPO-CDOC-112sdoc4.pdf,690,690,data,True,688,688,SENATOR BENJAMIN L CARDIN,2011,203,73,block_data
112sdoc4,GPO-CDOC-112sdoc4.pdf,691,691,data,True,688,688,SENATOR BENJAMIN L CARDIN,2011,258,72,block_data
112sdoc4,GPO-CDOC-112sdoc4.pdf,692,692,data,True,688,688,SENATOR BENJAMIN L CARDIN,2011,18,12,block_data
112sdoc4,GPO-CDOC-112sdoc4.pdf,693,693,banner,True,693,693,SENATOR THOMAS R. CARPER,2009,73,31,block_start
112sdoc4,GPO-CDOC-112sdoc4.pdf,694,694,banner,True,694,694,SENATOR THOMAS R. CARPER,2010,96,35,block_start
112sdoc4,GPO-CDOC-112sdoc4.pdf,695,695,banner,True,695,695,SENATOR THOMAS R. CARPER,2011,154,58,block_start
112sdoc4,GPO-CDOC-112sdoc4.pdf,696,696,data,True,695,695,SENATOR THOMAS R. CARPER,2011,217,71,block_data
112sdoc4,GPO-CDOC-112sdoc4.pdf,697,697,data,True,695,695,SENATOR THOMAS R. CARPER,2011,252,71,block_data
112sdoc4,GPO-CDOC-112sdoc4.pdf,698,698,data,True,695,695,SENATOR THOMAS R. CARPER,2011,254,72,block_data
112sdoc4,GPO-CDOC-112sdoc4.pdf,699,699,data,True,695,695,SENATOR THOMAS R. CARPER,2011,259,73,block_data
112sdoc4,GPO-CDOC-112sdoc4.pdf,700,700,data,True,695,695,SENATOR THOMAS R. CARPER,2011,260,73,block_data
112sdoc4,GPO-CDOC-112sdoc4.pdf,701,701,data,True,695,695,SENATOR THOMAS R. CARPER,2011,257,72,block_data
112sdoc4,GPO-CDOC-112sdoc4.pdf,702,702,data,True,695,695,SENATOR THOMAS R. CARPER,2011,254,72,block_data
112sdoc4,GPO-CDOC-112sdoc4.pdf,703,703,data,True,695,695,SENATOR THOMAS R. CARPER,2011,260,73,block_data
112sdoc4,GPO-CDOC-112sdoc4.pdf,704,704,data,True,695,695,SENATOR THOMAS R. CARPER,2011,249,72,block_data
112sdoc4,GPO-CDOC-112sdoc4.pdf,705,705,data,True,695,695,SENATOR THOMAS R. CARPER,2011,258,72,block_data
112sdoc4,GPO-CDOC-112sdoc4.pdf,706,706,data,True,695,695,SENATOR THOMAS R. CARPER,2011,258,72,block_data
112sdoc4,GPO-CDOC-112sdoc4.pdf,707,707,data,True,695,695,SENATOR THOMAS R. CARPER,2011,258,72,block_data
112sdoc4,GPO-CDOC-112sdoc4.pdf,708,708,data,True,695,695,SENATOR THOMAS R. CARPER,2011,297,70,block_data
112sdoc4,GPO-CDOC-112sdoc4.pdf,709,709,data,True,695,695,SENATOR THOMAS R. CARPER,2011,18,12,block_data
112sdoc4,GPO-CDOC-112sdoc4.pdf,710,710,banner,True,710,710,"SENATOR ROBERT CASEY, JR.",2009,73,31,block_start
112sdoc4,GPO-CDOC-112sdoc4.pdf,711,711,banner,True,711,711,"SENATOR ROBERT CASEY, JR.",2010,73,31,block_start
112sdoc4,GPO-CDOC-112sdoc4.pdf,712,712,banner,True,712,712,"SENATOR ROBERT CASEY, JR.",2011,151,57,block_start
112sdoc4,GPO-CDOC-112sdoc4.pdf,713,713,data,True,712,712,"SENATOR ROBERT CASEY, JR.",2011,206,69,block_data
112sdoc4,GPO-CDOC-112sdoc4.pdf,714,714,data,True,712,712,"SENATOR ROBERT CASEY, JR.",2011,221,72,block_data
112sdoc4,GPO-CDOC-112sdoc4.pdf,715,715,data,True,712,712,"SENATOR ROBERT CASEY, JR.",2011,228,72,block_data
112sdoc4,GPO-CDOC-112sdoc4.pdf,716,716,data,True,712,712,"SENATOR ROBERT CASEY, JR.",2011,229,72,block_data
112sdoc4,GPO-CDOC-112sdoc4.pdf,717,717,data,True,712,712,"SENATOR ROBERT CASEY, JR.",2011,229,72,block_data
112sdoc4,GPO-CDOC-112sdoc4.pdf,718,718,data,True,712,712,"SENATOR ROBERT CASEY, JR.",2011,241,73,block_data
112sdoc4,GPO-CDOC-112sdoc4.pdf,719,719,data,True,712,712,"SENATOR ROBERT CASEY, JR.",2011,233,73,block_data
112sdoc4,GPO-CDOC-112sdoc4.pdf,720,720,data,True,712,712,"SENATOR ROBERT CASEY, JR.",2011,229,73,block_data
112sdoc4,GPO-CDOC-112sdoc4.pdf,721,721,data,True,712,712,"SENATOR ROBERT CASEY, JR.",2011,240,71,block_data
112sdoc4,GPO-CDOC-112sdoc4.pdf,722,722,data,True,712,712,"SENATOR ROBERT CASEY, JR.",2011,226,73,block_data
112sdoc4,GPO-CDOC-112sdoc4.pdf,723,723,data,True,712,712,"SENATOR ROBERT CASEY, JR.",2011,231,72,block_data
112sdoc4,GPO-CDOC-112sdoc4.pdf,724,724,data,True,712,712,"SENATOR ROBERT CASEY, JR.",2011,250,72,block_data
112sdoc4,GPO-CDOC-112sdoc4.pdf,725,725,data,True,712,712,"SENATOR ROBERT CASEY, JR.",2011,226,73,block_data
112sdoc4,GPO-CDOC-112sdoc4.pdf,726,726,data,True,712,712,"SENATOR ROBERT CASEY, JR.",2011,222,72,block_data
112sdoc4,GPO-CDOC-112sdoc4.pdf,727,727,data,True,712,712,"SENATOR ROBERT CASEY, JR.",2011,267,71,block_data
112sdoc4,GPO-CDOC-112sdoc4.pdf,728,728,data,True,712,712,"SENATOR ROBERT CASEY, JR.",2011,110,28,block_data
112sdoc4,GPO-CDOC-112sdoc4.pdf,729,729,banner,True,729,729,SENATOR SAXBY CHAMBLISS,2009,70,30,block_start
112sdoc4,GPO-CDOC-112sdoc4.pdf,730,730,banner,True,730,730,SENATOR SAXBY CHAMBLISS,2010,82,33,block_start
112sdoc4,GPO-CDOC-112sdoc4.pdf,731,731,banner,True,731,731,SENATOR SAXBY CHAMBLISS,2011,154,58,block_start
112sdoc4,GPO-CDOC-112sdoc4.pdf,732,732,data,True,731,731,SENATOR SAXBY CHAMBLISS,2011,226,68,block_data
112sdoc4,GPO-CDOC-112sdoc4.pdf,733,733,data,True,731,731,SENATOR SAXBY CHAMBLISS,2011,246,73,block_data
112sdoc4,GPO-CDOC-112sdoc4.pdf,734,734,data,True,731,731,SENATOR SAXBY CHAMBLISS,2011,235,71,block_data
112sdoc4,GPO-CDOC-112sdoc4.pdf,735,735,data,True,731,731,SENATOR SAXBY CHAMBLISS,2011,248,71,block_data
112sdoc4,GPO-CDOC-112sdoc4.pdf,736,736,data,True,731,731,SENATOR SAXBY CHAMBLISS,2011,219,73,block_data
112sdoc4,GPO-CDOC-112sdoc4.pdf,737,737,data,True,731,731,SENATOR SAXBY CHAMBLISS,2011,242,72,block_data
112sdoc4,GPO-CDOC-112sdoc4.pdf,738,738,data,True,731,731,SENATOR SAXBY CHAMBLISS,2011,239,72,block_data
112sdoc4,GPO-CDOC-112sdoc4.pdf,739,739,data,True,731,731,SENATOR SAXBY CHAMBLISS,2011,245,73,block_data
112sdoc4,GPO-CDOC-112sdoc4.pdf,740,740,data,True,731,731,SENATOR SAXBY CHAMBLISS,2011,246,73,block_data
112sdoc4,GPO-CDOC-112sdoc4.pdf,741,741,data,True,731,731,SENATOR SAXBY CHAMBLISS,2011,250,72,block_data
112sdoc4,GPO-CDOC-112sdoc4.pdf,742,742,data,True,731,731,SENATOR SAXBY CHAMBLISS,2011,253,72,block_data
112sdoc4,GPO-CDOC-112sdoc4.pdf,743,743,data,True,731,731,SENATOR SAXBY CHAMBLISS,2011,258,72,block_data
112sdoc4,GPO-CDOC-112sdoc4.pdf,744,744,data,True,731,731,SENATOR SAXBY CHAMBLISS,2011,252,73,block_data
112sdoc4,GPO-CDOC-112sdoc4.pdf,745,745,data,True,731,731,SENATOR SAXBY CHAMBLISS,2011,254,72,block_data
112sdoc4,GPO-CDOC-112sdoc4.pdf,746,746,data,True,731,731,SENATOR SAXBY CHAMBLISS,2011,254,72,block_data
112sdoc4,GPO-CDOC-112sdoc4.pdf,747,747,data,True,731,731,SENATOR SAXBY CHAMBLISS,2011,260,73,block_data
112sdoc4,GPO-CDOC-112sdoc4.pdf,748,748,data,True,731,731,SENATOR SAXBY CHAMBLISS,2011,250,73,block_data
112sdoc4,GPO-CDOC-112sdoc4.pdf,749,749,data,True,731,731,SENATOR SAXBY CHAMBLISS,2011,248,71,block_data
112sdoc4,GPO-CDOC-112sdoc4.pdf,750,750,data,True,731,731,SENATOR SAXBY CHAMBLISS,2011,252,73,block_data
112sdoc4,GPO-CDOC-112sdoc4.pdf,751,751,data,True,731,731,SENATOR SAXBY CHAMBLISS,2011,260,73,block_data
112sdoc4,GPO-CDOC-112sdoc4.pdf,752,752,data,True,731,731,SENATOR SAXBY CHAMBLISS,2011,248,71,block_data
112sdoc4,GPO-CDOC-112sdoc4.pdf,753,753,data,True,731,731,SENATOR SAXBY CHAMBLISS,2011,229,72,block_data
112sdoc4,GPO-CDOC-112sdoc4.pdf,754,754,data,True,731,731,SENATOR SAXBY CHAMBLISS,2011,242,72,block_data
112sdoc4,GPO-CDOC-112sdoc4.pdf,755,755,data,True,731,731,SENATOR SAXBY CHAMBLISS,2011,234,72,block_data
112sdoc4,GPO-CDOC-112sdoc4.pdf,756,756,data,True,731,731,SENATOR SAXBY CHAMBLISS,2011,147,34,block_data
112sdoc4,GPO-CDOC-112sdoc4.pdf,757,757,banner,True,757,757,SENATOR HILLARY RODHAM CLINTON,2009,70,30,block_start
112sdoc4,GPO-CDOC-112sdoc4.pdf,758,758,banner,True,758,758,SENATOR DANIEL R. COATS,2011,151,57,block_start
112sdoc4,GPO-CDOC-112sdoc4.pdf,759,759,data,True,758,758,SENATOR DANIEL R. COATS,2011,209,68,block_data
112sdoc4,GPO-CDOC-112sdoc4.pdf,760,760,data,True,758,758,SENATOR DANIEL R. COATS,2011,209,72,block_data
112sdoc4,GPO-CDOC-112sdoc4.pdf,761,761,data,True,758,758,SENATOR DANIEL R. COATS,2011,228,73,block_data
112sdoc4,GPO-CDOC-112sdoc4.pdf,762,762,data,True,758,758,SENATOR DANIEL R. COATS,2011,200,71,block_data
112sdoc4,GPO-CDOC-112sdoc4.pdf,763,763,data,True,758,758,SENATOR DANIEL R. COATS,2011,196,71,block_data
112sdoc4,GPO-CDOC-112sdoc4.pdf,764,764,data,True,758,758,SENATOR DANIEL R. COATS,2011,223,71,block_data
112sdoc4,GPO-CDOC-112sdoc4.pdf,765,765,data,True,758,758,SENATOR DANIEL R. COATS,2011,232,73,block_data
112sdoc4,GPO-CDOC-112sdoc4.pdf,766,766,data,True,758,758,SENATOR DANIEL R. COATS,2011,212,72,block_data
112sdoc4,GPO-CDOC-112sdoc4.pdf,767,767,data,True,758,758,SENATOR DANIEL R. COATS,2011,219,71,block_data
112sdoc4,GPO-CDOC-112sdoc4.pdf,768,768,data,True,758,758,SENATOR DANIEL R. COATS,2011,231,73,block_data
112sdoc4,GPO-CDOC-112sdoc4.pdf,769,769,data,True,758,758,SENATOR DANIEL R. COATS,2011,207,71,block_data
112sdoc4,GPO-CDOC-112sdoc4.pdf,770,770,data,True,758,758,SENATOR DANIEL R. COATS,2011,224,72,block_data
112sdoc4,GPO-CDOC-112sdoc4.pdf,771,771,data,True,758,758,SENATOR DANIEL R. COATS,2011,226,73,block_data
112sdoc4,GPO-CDOC-112sdoc4.pdf,772,772,data,True,758,758,SENATOR DANIEL R. COATS,2011,244,60,block_data
112sdoc4,GPO-CDOC-112sdoc4.pdf,773,773,banner,True,773,773,SENATOR TOM COBURN,2009,73,31,block_start
112sdoc4,GPO-CDOC-112sdoc4.pdf,774,774,banner,True,774,774,SENATOR TOM COBURN,2010,73,31,block_start
112sdoc4,GPO-CDOC-112sdoc4.pdf,775,775,banner,True,775,775,SENATOR TOM COBURN,2011,154,58,block_start
112sdoc4,GPO-CDOC-112sdoc4.pdf,776,776,data,True,775,775,SENATOR TOM COBURN,2011,211,67,block_data
112sdoc4,GPO-CDOC-112sdoc4.pdf,777,777,data,True,775,775,SENATOR TOM COBURN,2011,241,73,block_data
112sdoc4,GPO-CDOC-112sdoc4.pdf,778,778,data,True,775,775,SENATOR TOM COBURN,2011,238,72,block_data
112sdoc4,GPO-CDOC-112sdoc4.pdf,779,779,data,True,775,775,SENATOR TOM COBURN,2011,234,72,block_data
112sdoc4,GPO-CDOC-112sdoc4.pdf,780,780,data,True,775,775,SENATOR TOM COBURN,2011,234,72,block_data
112sdoc4,GPO-CDOC-112sdoc4.pdf,781,781,data,True,775,775,SENATOR TOM COBURN,2011,241,73,block_data
112sdoc4,GPO-CDOC-112sdoc4.pdf,782,782,data,True,775,775,SENATOR TOM COBURN,2011,240,73,block_data
112sdoc4,GPO-CDOC-112sdoc4.pdf,783,783,data,True,775,775,SENATOR TOM COBURN,2011,224,71,block_data
112sdoc4,GPO-CDOC-112sdoc4.pdf,784,784,data,True,775,775,SENATOR TOM COBURN,2011,240,71,block_data
112sdoc4,GPO-CDOC-112sdoc4.pdf,785,785,data,True,775,775,SENATOR TOM COBURN,2011,231,73,block_data
112sdoc4,GPO-CDOC-112sdoc4.pdf,786,786,data,True,775,775,SENATOR TOM COBURN,2011,240,73,block_data
112sdoc4,GPO-CDOC-112sdoc4.pdf,787,787,data,True,775,775,SENATOR TOM COBURN,2011,234,72,block_data
112sdoc4,GPO-CDOC-112sdoc4.pdf,788,788,data,True,775,775,SENATOR TOM COBURN,2011,243,73,block_data
112sdoc4,GPO-CDOC-112sdoc4.pdf,789,789,data,True,775,775,SENATOR TOM COBURN,2011,236,71,block_data
112sdoc4,GPO-CDOC-112sdoc4.pdf,790,790,data,True,775,775,SENATOR TOM COBURN,2011,242,72,block_data
112sdoc4,GPO-CDOC-112sdoc4.pdf,791,791,data,True,775,775,SENATOR TOM COBURN,2011,230,71,block_data
112sdoc4,GPO-CDOC-112sdoc4.pdf,792,792,data,True,775,775,SENATOR TOM COBURN,2011,238,72,block_data
112sdoc4,GPO-CDOC-112sdoc4.pdf,793,793,data,True,775,775,SENATOR TOM COBURN,2011,240,73,block_data
112sdoc4,GPO-CDOC-112sdoc4.pdf,794,794,data,True,775,775,SENATOR TOM COBURN,2011,248,73,block_data
112sdoc4,GPO-CDOC-112sdoc4.pdf,795,795,data,True,775,775,SENATOR TOM COBURN,2011,233,72,block_data
112sdoc4,GPO-CDOC-112sdoc4.pdf,796,796,data,True,775,775,SENATOR TOM COBURN,2011,244,73,block_data
112sdoc4,GPO-CDOC-112sdoc4.pdf,797,797,data,True,775,775,SENATOR TOM COBURN,2011,253,71,block_data
112sdoc4,GPO-CDOC-112sdoc4.pdf,798,798,banner,True,798,798,SENATOR THAD COCHRAN,2009,73,31,block_start
112sdoc4,GPO-CDOC-112sdoc4.pdf,799,799,banner,True,799,799,SENATOR THAD COCHRAN,2010,73,31,block_start
112sdoc4,GPO-CDOC-112sdoc4.pdf,800,800,banner,True,800,800,SENATOR THAD COCHRAN,2011,151,57,block_start
112sdoc4,GPO-CDOC-112sdoc4.pdf,801,801,data,True,800,800,SENATOR THAD COCHRAN,2011,207,71,block_data
112sdoc4,GPO-CDOC-112sdoc4.pdf,802,802,data,True,800,800,SENATOR THAD COCHRAN,2011,256,73,block_data
112sdoc4,GPO-CDOC-112sdoc4.pdf,803,803,data,True,800,800,SENATOR THAD COCHRAN,2011,255,73,block_data
112sdoc4,GPO-CDOC-112sdoc4.pdf,804,804,data,True,800,800,SENATOR THAD COCHRAN,2011,252,73,block_data
112sdoc4,GPO-CDOC-112sdoc4.pdf,805,805,data,True,800,800,SENATOR THAD COCHRAN,2011,253,73,block_data
112sdoc4,GPO-CDOC-112sdoc4.pdf,806,806,data,True,800,800,SENATOR THAD COCHRAN,2011,250,72,block_data
112sdoc4,GPO-CDOC-112sdoc4.pdf,807,807,data,True,800,800,SENATOR THAD COCHRAN,2011,256,73,block_data
112sdoc4,GPO-CDOC-112sdoc4.pdf,808,808,data,True,800,800,SENATOR THAD COCHRAN,2011,247,72,block_data
112sdoc4,GPO-CDOC-112sdoc4.pdf,809,809,data,True,800,800,SENATOR THAD COCHRAN,2011,231,71,block_data
112sdoc4,GPO-CDOC-112sdoc4.pdf,810,810,data,True,800,800,SENATOR THAD COCHRAN,2011,236,71,block_data
112sdoc4,GPO-CDOC-112sdoc4.pdf,811,811,data,True,800,800,SENATOR THAD COCHRAN,2011,275,70,block_data
112sdoc4,GPO-CDOC-112sdoc4.pdf,812,812,data,True,800,800,SENATOR THAD COCHRAN,2011,24,15,block_data
112sdoc4,GPO-CDOC-112sdoc4.pdf,813,813,banner,True,813,813,SENATOR NORM COLEMAN,2009,73,32,block_start
112sdoc4,GPO-CDOC-112sdoc4.pdf,814,814,banner,True,814,814,SENATOR SUSAN M. COLLINS,2009,177,57,block_start
112sdoc4,GPO-CDOC-112sdoc4.pdf,815,815,data,True,814,814,SENATOR SUSAN M. COLLINS,2009,130,40,block_data
112sdoc4,GPO-CDOC-112sdoc4.pdf,816,816,banner,True,816,816,SENATOR SUSAN M. COLLINS,2010,116,42,block_start
112sdoc4,GPO-CDOC-112sdoc4.pdf,817,817,banner,True,817,817,SENATOR SUSAN M. COLLINS,2011,151,57,block_start
112sdoc4,GPO-CDOC-112sdoc4.pdf,818,818,data,True,817,817,SENATOR SUSAN M. COLLINS,2011,202,73,block_data
112sdoc4,GPO-CDOC-112sdoc4.pdf,819,819,data,True,817,817,SENATOR SUSAN M. COLLINS,2011,208,67,block_data
112sdoc4,GPO-CDOC-112sdoc4.pdf,820,820,data,True,817,817,SENATOR SUSAN M. COLLINS,2011,226,73,block_data
112sdoc4,GPO-CDOC-112sdoc4.pdf,821,821,data,True,817,817,SENATOR SUSAN M. COLLINS,2011,245,73,block_data
112sdoc4,GPO-CDOC-112sdoc4.pdf,822,822,data,True,817,817,SENATOR SUSAN M. COLLINS,2011,245,72,block_data
112sdoc4,GPO-CDOC-112sdoc4.pdf,823,823,data,True,817,817,SENATOR SUSAN M. COLLINS,2011,231,73,block_data
112sdoc4,GPO-CDOC-112sdoc4.pdf,824,824,data,True,817,817,SENATOR SUSAN M. COLLINS,2011,238,70,block_data
112sdoc4,GPO-CDOC-112sdoc4.pdf,825,825,data,True,817,817,SENATOR SUSAN M. COLLINS,2011,248,73,block_data
112sdoc4,GPO-CDOC-112sdoc4.pdf,826,826,data,True,817,817,SENATOR SUSAN M. COLLINS,2011,234,73,block_data
112sdoc4,GPO-CDOC-112sdoc4.pdf,827,827,data,True,817,817,SENATOR SUSAN M. COLLINS,2011,230,71,block_data
112sdoc4,GPO-CDOC-112sdoc4.pdf,828,828,data,True,817,817,SENATOR SUSAN M. COLLINS,2011,240,72,block_data
112sdoc4,GPO-CDOC-112sdoc4.pdf,829,829,data,True,817,817,SENATOR SUSAN M. COLLINS,2011,233,73,block_data
112sdoc4,GPO-CDOC-112sdoc4.pdf,830,830,data,True,817,817,SENATOR SUSAN M. COLLINS,2011,237,73,block_data
112sdoc4,GPO-CDOC-112sdoc4.pdf,831,831,data,True,817,817,SENATOR SUSAN M. COLLINS,2011,248,73,block_data
112sdoc4,GPO-CDOC-112sdoc4.pdf,832,832,data,True,817,817,SENATOR SUSAN M. COLLINS,2011,244,73,block_data
112sdoc4,GPO-CDOC-112sdoc4.pdf,833,833,data,True,817,817,SENATOR SUSAN M. COLLINS,2011,256,73,block_data
112sdoc4,GPO-CDOC-112sdoc4.pdf,834,834,data,True,817,817,SENATOR SUSAN M. COLLINS,2011,230,70,block_data
112sdoc4,GPO-CDOC-112sdoc4.pdf,835,835,data,True,817,817,SENATOR SUSAN M. COLLINS,2011,220,73,block_data
112sdoc4,GPO-CDOC-112sdoc4.pdf,836,836,data,True,817,817,SENATOR SUSAN M. COLLINS,2011,225,72,block_data
112sdoc4,GPO-CDOC-112sdoc4.pdf,837,837,data,True,817,817,SENATOR SUSAN M. COLLINS,2011,240,73,block_data
112sdoc4,GPO-CDOC-112sdoc4.pdf,838,838,data,True,817,817,SENATOR SUSAN M. COLLINS,2011,252,73,block_data
112sdoc4,GPO-CDOC-112sdoc4.pdf,839,839,data,True,817,817,SENATOR SUSAN M. COLLINS,2011,221,72,block_data
112sdoc4,GPO-CDOC-112sdoc4.pdf,840,840,data,True,817,817,SENATOR SUSAN M. COLLINS,2011,250,72,block_data
112sdoc4,GPO-CDOC-112sdoc4.pdf,841,841,data,True,817,817,SENATOR SUSAN M. COLLINS,2011,231,73,block_data
112sdoc4,GPO-CDOC-112sdoc4.pdf,842,842,data,True,817,817,SENATOR SUSAN M. COLLINS,2011,251,71,block_data
112sdoc4,GPO-CDOC-112sdoc4.pdf,843,843,data,True,817,817,SENATOR SUSAN M. COLLINS,2011,248,73,block_data
112sdoc4,GPO-CDOC-112sdoc4.pdf,844,844,data,True,817,817,SENATOR SUSAN M. COLLINS,2011,374,69,block_data
112sdoc4,GPO-CDOC-112sdoc4.pdf,845,845,data,True,817,817,SENATOR SUSAN M. COLLINS,2011,51,21,block_data
112sdoc4,GPO-CDOC-112sdoc4.pdf,846,846,banner,True,846,846,SENATOR KENT CONRAD,2009,73,31,block_start
112sdoc4,GPO-CDOC-112sdoc4.pdf,847,847,banner,True,847,847,SENATOR KENT CONRAD,2010,79,32,block_start
112sdoc4,GPO-CDOC-112sdoc4.pdf,848,848,banner,True,848,848,SENATOR KENT CONRAD,2011,154,58,block_start
112sdoc4,GPO-CDOC-112sdoc4.pdf,849,849,data,True,848,848,SENATOR KENT CONRAD,2011,202,71,block_data
112sdoc4,GPO-CDOC-112sdoc4.pdf,850,850,data,True,848,848,SENATOR KENT CONRAD,2011,229,71,block_data
112sdoc4,GPO-CDOC-112sdoc4.pdf,851,851,data,True,848,848,SENATOR KENT CONRAD,2011,222,70,block_data
112sdoc4,GPO-CDOC-112sdoc4.pdf,852,852,data,True,848,848,SENATOR KENT CONRAD,2011,226,71,block_data
112sdoc4,GPO-CDOC-112sdoc4.pdf,853,853,data,True,848,848,SENATOR KENT CONRAD,2011,233,69,block_data
112sdoc4,GPO-CDOC-112sdoc4.pdf,854,854,data,True,848,848,SENATOR KENT CONRAD,2011,296,72,block_data
112sdoc4,GPO-CDOC-112sdoc4.pdf,855,855,data,True,848,848,SENATOR KENT CONRAD,2011,56,21,block_data
112sdoc4,GPO-CDOC-112sdoc4.pdf,856,856,banner,True,856,856,SENATOR CHRISTOPHER A. COONS,2011,154,58,block_start
112sdoc4,GPO-CDOC-112sdoc4.pdf,857,857,data,True,856,856,SENATOR CHRISTOPHER A. COONS,2011,223,67,block_data
112sdoc4,GPO-CDOC-112sdoc4.pdf,858,858,data,True,856,856,SENATOR CHRISTOPHER A. COONS,2011,257,72,block_data
112sdoc4,GPO-CDOC-112sdoc4.pdf,859,859,data,True,856,856,SENATOR CHRISTOPHER A. COONS,2011,259,73,block_data
112sdoc4,GPO-CDOC-112sdoc4.pdf,860,860,data,True,856,856,SENATOR CHRISTOPHER A. COONS,2011,258,72,block_data
112sdoc4,GPO-CDOC-112sdoc4.pdf,861,861,data,True,856,856,SENATOR CHRISTOPHER A. COONS,2011,259,73,block_data
112sdoc4,GPO-CDOC-112sdoc4.pdf,862,862,data,True,856,856,SENATOR CHRISTOPHER A. COONS,2011,257,72,block_data
112sdoc4,GPO-CDOC-112sdoc4.pdf,863,863,data,True,856,856,SENATOR CHRISTOPHER A. COONS,2011,258,72,block_data
112sdoc4,GPO-CDOC-112sdoc4.pdf,864,864,data,True,856,856,SENATOR CHRISTOPHER A. COONS,2011,255,72,block_data
112sdoc4,GPO-CDOC-112sdoc4.pdf,865,865,data,True,856,856,SENATOR CHRISTOPHER A. COONS,2011,258,72,block_data
112sdoc4,GPO-CDOC-112sdoc4.pdf,866,866,data,True,856,856,SENATOR CHRISTOPHER A. COONS,2011,224,72,block_data
112sdoc4,GPO-CDOC-112sdoc4.pdf,867,867,data,True,856,856,SENATOR CHRISTOPHER A. COONS,2011,259,73,block_data
112sdoc4,GPO-CDOC-112sdoc4.pdf,868,868,data,True,856,856,SENATOR CHRISTOPHER A. COONS,2011,249,72,block_data
112sdoc4,GPO-CDOC-112sdoc4.pdf,869,869,data,True,856,856,SENATOR CHRISTOPHER A. COONS,2011,259,73,block_data
112sdoc4,GPO-CDOC-112sdoc4.pdf,870,870,data,True,856,856,SENATOR CHRISTOPHER A. COONS,2011,252,72,block_data
112sdoc4,GPO-CDOC-112sdoc4.pdf,871,871,data,True,856,856,SENATOR CHRISTOPHER A. COONS,2011,262,61,block_data
112sdoc4,GPO-CDOC-112sdoc4.pdf,872,872,banner,True,872,872,SENATOR BOB CORKER,2009,73,31,block_start
112sdoc4,GPO-CDOC-112sdoc4.pdf,873,873,banner,True,873,873,SENATOR BOB CORKER,2010,82,33,block_start
112sdoc4,GPO-CDOC-112sdoc4.pdf,874,874,banner,True,874,874,SENATOR BOB CORKER,2011,151,57,block_start
112sdoc4,GPO-CDOC-112sdoc4.pdf,875,875,data,True,874,874,SENATOR BOB CORKER,2011,217,70,block_data
112sdoc4,GPO-CDOC-112sdoc4.pdf,876,876,data,True,874,874,SENATOR BOB CORKER,2011,248,73,block_data
112sdoc4,GPO-CDOC-112sdoc4.pdf,877,877,data,True,874,874,SENATOR BOB CORKER,2011,242,72,block_data
112sdoc4,GPO-CDOC-112sdoc4.pdf,878,878,data,True,874,874,SENATOR BOB CORKER,2011,240,71,block_data
112sdoc4,GPO-CDOC-112sdoc4.pdf,879,879,data,True,874,874,SENATOR BOB CORKER,2011,228,71,block_data
112sdoc4,GPO-CDOC-112sdoc4.pdf,880,880,data,True,874,874,SENATOR BOB CORKER,2011,244,73,block_data
112sdoc4,GPO-CDOC-112sdoc4.pdf,881,881,data,True,874,874,SENATOR BOB CORKER,2011,236,72,block_data
112sdoc4,GPO-CDOC-112sdoc4.pdf,882,882,data,True,874,874,SENATOR BOB CORKER,2011,250,72,block_data
112sdoc4,GPO-CDOC-112sdoc4.pdf,883,883,data,True,874,874,SENATOR BOB CORKER,2011,248,71,block_data
112sdoc4,GPO-CDOC-112sdoc4.pdf,884,884,data,True,874,874,SENATOR BOB CORKER,2011,240,73,block_data
112sdoc4,GPO-CDOC-112sdoc4.pdf,885,885,data,True,874,874,SENATOR BOB CORKER,2011,246,72,block_data
112sdoc4,GPO-CDOC-112sdoc4.pdf,886,886,data,True,874,874,SENATOR BOB CORKER,2011,244,73,block_data
112sdoc4,GPO-CDOC-112sdoc4.pdf,887,887,data,True,874,874,SENATOR BOB CORKER,2011,239,73,block_data
112sdoc4,GPO-CDOC-112sdoc4.pdf,888,888,data,True,874,874,SENATOR BOB CORKER,2011,236,71,block_data
112sdoc4,GPO-CDOC-112sdoc4.pdf,889,889,data,True,874,874,SENATOR BOB CORKER,2011,238,73,block_data
112sdoc4,GPO-CDOC-112sdoc4.pdf,890,890,data,True,874,874,SENATOR BOB CORKER,2011,234,70,block_data
112sdoc4,GPO-CDOC-112sdoc4.pdf,891,891,data,True,874,874,SENATOR BOB CORKER,2011,240,73,block_data
112sdoc4,GPO-CDOC-112sdoc4.pdf,892,892,data,True,874,874,SENATOR BOB CORKER,2011,241,72,block_data
112sdoc4,GPO-CDOC-112sdoc4.pdf,893,893,data,True,874,874,SENATOR BOB CORKER,2011,246,72,block_data
112sdoc4,GPO-CDOC-112sdoc4.pdf,894,894,data,True,874,874,SENATOR BOB CORKER,2011,433,69,block_data
112sdoc4,GPO-CDOC-112sdoc4.pdf,895,895,data,True,874,874,SENATOR BOB CORKER,2011,33,17,block_data
112sdoc4,GPO-CDOC-112sdoc4.pdf,896,896,banner,True,896,896,SENATOR JOHN CORNYN,2009,73,31,block_start
112sdoc4,GPO-CDOC-112sdoc4.pdf,897,897,banner,True,897,897,SENATOR JOHN CORNYN,2010,83,34,block_start
112sdoc4,GPO-CDOC-112sdoc4.pdf,898,898,banner,True,898,898,SENATOR JOHN CORNYN,2011,156,58,block_start
112sdoc4,GPO-CDOC-112sdoc4.pdf,899,899,data,True,898,898,SENATOR JOHN CORNYN,2011,210,70,block_data
112sdoc4,GPO-CDOC-112sdoc4.pdf,900,900,data,True,898,898,SENATOR JOHN CORNYN,2011,234,72,block_data
112sdoc4,GPO-CDOC-112sdoc4.pdf,901,901,data,True,898,898,SENATOR JOHN CORNYN,2011,224,72,block_data
112sdoc4,GPO-CDOC-112sdoc4.pdf,902,902,data,True,898,898,SENATOR JOHN CORNYN,2011,232,73,block_data
112sdoc4,GPO-CDOC-112sdoc4.pdf,903,903,data,True,898,898,SENATOR JOHN CORNYN,2011,243,73,block_data
112sdoc4,GPO-CDOC-112sdoc4.pdf,904,904,data,True,898,898,SENATOR JOHN CORNYN,2011,247,73,block_data
112sdoc4,GPO-CDOC-112sdoc4.pdf,905,905,data,True,898,898,SENATOR JOHN CORNYN,2011,228,72,block_data
112sdoc4,GPO-CDOC-112sdoc4.pdf,906,906,data,True,898,898,SENATOR JOHN CORNYN,2011,224,71,block_data
112sdoc4,GPO-CDOC-112sdoc4.pdf,907,907,data,True,898,898,SENATOR JOHN CORNYN,2011,240,73,block_data
112sdoc4,GPO-CDOC-112sdoc4.pdf,908,908,data,True,898,898,SENATOR JOHN CORNYN,2011,234,72,block_data
112sdoc4,GPO-CDOC-112sdoc4.pdf,909,909,data,True,898,898,SENATOR JOHN CORNYN,2011,216,73,block_data
112sdoc4,GPO-CDOC-112sdoc4.pdf,910,910,data,True,898,898,SENATOR JOHN CORNYN,2011,225,73,block_data
112sdoc4,GPO-CDOC-112sdoc4.pdf,911,911,data,True,898,898,SENATOR JOHN CORNYN,2011,292,71,block_data
112sdoc4,GPO-CDOC-112sdoc4.pdf,912,912,data,True,898,898,SENATOR JOHN CORNYN,2011,77,24,block_data
112sdoc4,GPO-CDOC-112sdoc4.pdf,913,913,banner,True,913,913,SENATOR LARRY E. CRAIG,2009,70,29,block_start
112sdoc4,GPO-CDOC-112sdoc4.pdf,914,914,banner,True,914,914,SENATOR MICHAEL D. CRAPO,2009,73,31,block_start
112sdoc4,GPO-CDOC-112sdoc4.pdf,915,915,banner,True,915,915,SENATOR MICHAEL D. CRAPO,2010,73,31,block_start
112sdoc4,GPO-CDOC-112sdoc4.pdf,916,916,banner,True,916,916,SENATOR MICHAEL D. CRAPO,2011,151,57,block_start
112sdoc4,GPO-CDOC-112sdoc4.pdf,917,917,data,True,916,916,SENATOR MICHAEL D. CRAPO,2011,203,71,block_data
112sdoc4,GPO-CDOC-112sdoc4.pdf,918,918,data,True,916,916,SENATOR MICHAEL D. CRAPO,2011,211,71,block_data
112sdoc4,GPO-CDOC-112sdoc4.pdf,919,919,data,True,916,916,SENATOR MICHAEL D. CRAPO,2011,213,70,block_data
112sdoc4,GPO-CDOC-112sdoc4.pdf,920,920,data,True,916,916,SENATOR MICHAEL D. CRAPO,2011,217,73,block_data
112sdoc4,GPO-CDOC-112sdoc4.pdf,921,921,data,True,916,916,SENATOR MICHAEL D. CRAPO,2011,210,73,block_data
112sdoc4,GPO-CDOC-112sdoc4.pdf,922,922,data,True,916,916,SENATOR MICHAEL D. CRAPO,2011,229,73,block_data
112sdoc4,GPO-CDOC-112sdoc4.pdf,923,923,data,True,916,916,SENATOR MICHAEL D. CRAPO,2011,223,72,block_data
112sdoc4,GPO-CDOC-112sdoc4.pdf,924,924,data,True,916,916,SENATOR MICHAEL D. CRAPO,2011,228,71,block_data
112sdoc4,GPO-CDOC-112sdoc4.pdf,925,925,data,True,916,916,SENATOR MICHAEL D. CRAPO,2011,240,72,block_data
112sdoc4,GPO-CDOC-112sdoc4.pdf,926,926,data,True,916,916,SENATOR MICHAEL D. CRAPO,2011,121,31,block_data
112sdoc4,GPO-CDOC-112sdoc4.pdf,927,927,banner,True,927,927,SENATOR JIM DEMINT,2009,73,31,block_start
112sdoc4,GPO-CDOC-112sdoc4.pdf,928,928,banner,True,928,928,SENATOR JIM DEMINT,2010,73,31,block_start
112sdoc4,GPO-CDOC-112sdoc4.pdf,929,929,banner,True,929,929,SENATOR JIM DEMINT,2011,154,58,block_start
112sdoc4,GPO-CDOC-112sdoc4.pdf,930,930,data,True,929,929,SENATOR JIM DEMINT,2011,205,70,block_data
112sdoc4,GPO-CDOC-112sdoc4.pdf,931,931,data,True,929,929,SENATOR JIM DEMINT,2011,252,73,block_data
112sdoc4,GPO-CDOC-112sdoc4.pdf,932,932,data,True,929,929,SENATOR JIM DEMINT,2011,240,73,block_data
112sdoc4,GPO-CDOC-112sdoc4.pdf,933,933,data,True,929,929,SENATOR JIM DEMINT,2011,246,72,block_data
112sdoc4,GPO-CDOC-112sdoc4.pdf,934,934,data,True,929,929,SENATOR JIM DEMINT,2011,244,73,block_data
112sdoc4,GPO-CDOC-112sdoc4.pdf,935,935,data,True,929,929,SENATOR JIM DEMINT,2011,242,72,block_data
112sdoc4,GPO-CDOC-112sdoc4.pdf,936,936,data,True,929,929,SENATOR JIM DEMINT,2011,247,72,block_data
112sdoc4,GPO-CDOC-112sdoc4.pdf,937,937,data,True,929,929,SENATOR JIM DEMINT,2011,255,73,block_data
112sdoc4,GPO-CDOC-112sdoc4.pdf,938,938,data,True,929,929,SENATOR JIM DEMINT,2011,262,73,block_data
112sdoc4,GPO-CDOC-112sdoc4.pdf,939,939,data,True,929,929,SENATOR JIM DEMINT,2011,256,73,block_data
112sdoc4,GPO-CDOC-112sdoc4.pdf,940,940,data,True,929,929,SENATOR JIM DEMINT,2011,265,62,block_data
112sdoc4,GPO-CDOC-112sdoc4.pdf,941,941,banner,True,941,941,SENATOR CHRISTOPHER J. DODD,2009,70,30,block_start
112sdoc4,GPO-CDOC-112sdoc4.pdf,942,942,banner,True,942,942,SENATOR CHRISTOPHER J. DODD,2010,70,30,block_start
112sdoc4,GPO-CDOC-112sdoc4.pdf,943,943,banner,True,943,943,SENATOR CHRISTOPHER J. DODD,2011,112,42,block_start
112sdoc4,GPO-CDOC-112sdoc4.pdf,944,944,banner,True,944,944,SENATOR ELIZABETH DOLE,2009,67,29,block_start
112sdoc4,GPO-CDOC-112sdoc4.pdf,945,945,banner,True,945,945,SENATOR PETE V. DOMENICI,2009,70,30,block_start
112sdoc4,GPO-CDOC-112sdoc4.pdf,946,946,banner,True,946,946,SENATOR BYRON L. DORGAN,2009,73,31,block_start
112sdoc4,GPO-CDOC-112sdoc4.pdf,947,947,banner,True,947,947,SENATOR BYRON L. DORGAN,2010,73,31,block_start
112sdoc4,GPO-CDOC-112sdoc4.pdf,948,948,banner,True,948,948,SENATOR BYRON L. DORGAN,2011,70,30,block_start
112sdoc4,GPO-CDOC-112sdoc4.pdf,949,949,banner,True,949,949,SENATOR RICHARD J. DURBIN,2009,73,31,block_start
112sdoc4,GPO-CDOC-112sdoc4.pdf,950,950,banner,True,950,950,SENATOR RICHARD J. DURBIN,2010,73,31,block_start
112sdoc4,GPO-CDOC-112sdoc4.pdf,951,951,banner,True,951,951,SENATOR RICHARD J. DURBIN,2011,151,57,block_start
112sdoc4,GPO-CDOC-112sdoc4.pdf,952,952,data,True,951,951,SENATOR RICHARD J. DURBIN,2011,203,70,block_data
112sdoc4,GPO-CDOC-112sdoc4.pdf,953,953,data,True,951,951,SENATOR RICHARD J. DURBIN,2011,234,72,block_data
112sdoc4,GPO-CDOC-112sdoc4.pdf,954,954,data,True,951,951,SENATOR RICHARD J. DURBIN,2011,223,73,block_data
112sdoc4,GPO-CDOC-112sdoc4.pdf,955,955,data,True,951,951,SENATOR RICHARD J. DURBIN,2011,229,73,block_data
112sdoc4,GPO-CDOC-112sdoc4.pdf,956,956,data,True,951,951,SENATOR RICHARD J. DURBIN,2011,249,73,block_data
112sdoc4,GPO-CDOC-112sdoc4.pdf,957,957,data,True,951,951,SENATOR RICHARD J. DURBIN,2011,236,71,block_data
112sdoc4,GPO-CDOC-112sdoc4.pdf,958,958,data,True,951,951,SENATOR RICHARD J. DURBIN,2011,232,73,block_data
112sdoc4,GPO-CDOC-112sdoc4.pdf,959,959,data,True,951,951,SENATOR RICHARD J. DURBIN,2011,222,71,block_data
112sdoc4,GPO-CDOC-112sdoc4.pdf,960,960,data,True,951,951,SENATOR RICHARD J. DURBIN,2011,227,73,block_data
112sdoc4,GPO-CDOC-112sdoc4.pdf,961,961,data,True,951,951,SENATOR RICHARD J. DURBIN,2011,234,72,block_data
112sdoc4,GPO-CDOC-112sdoc4.pdf,962,962,data,True,951,951,SENATOR RICHARD J. DURBIN,2011,235,71,block_data
112sdoc4,GPO-CDOC-112sdoc4.pdf,963,963,data,True,951,951,SENATOR RICHARD J. DURBIN,2011,221,73,block_data
112sdoc4,GPO-CDOC-112sdoc4.pdf,964,964,data,True,951,951,SENATOR RICHARD J. DURBIN,2011,235,72,block_data
112sdoc4,GPO-CDOC-112sdoc4.pdf,965,965,data,True,951,951,SENATOR RICHARD J. DURBIN,2011,362,64,block_data
112sdoc4,GPO-CDOC-112sdoc4.pdf,966,966,banner,True,966,966,SENATOR JOHN ENSIGN,2009,73,31,block_start
112sdoc4,GPO-CDOC-112sdoc4.pdf,967,967,banner,True,967,967,SENATOR JOHN ENSIGN,2010,80,33,block_start
112sdoc4,GPO-CDOC-112sdoc4.pdf,968,968,banner,True,968,968,SENATOR JOHN ENSIGN,2011,154,58,block_start
112sdoc4,GPO-CDOC-112sdoc4.pdf,969,969,data,True,968,968,SENATOR JOHN ENSIGN,2011,214,68,block_data
112sdoc4,GPO-CDOC-112sdoc4.pdf,970,970,data,True,968,968,SENATOR JOHN ENSIGN,2011,252,73,block_data
112sdoc4,GPO-CDOC-112sdoc4.pdf,971,971,data,True,968,968,SENATOR JOHN ENSIGN,2011,245,71,block_data
112sdoc4,GPO-CDOC-112sdoc4.pdf,972,972,data,True,968,968,SENATOR JOHN ENSIGN,2011,63,22,block_data
112sdoc4,GPO-CDOC-112sdoc4.pdf,973,973,banner,True,973,973,SENATOR MICHAEL B. ENZI,2009,73,31,block_start
112sdoc4,GPO-CDOC-112sdoc4.pdf,974,974,banner,True,974,974,SENATOR MICHAEL B. ENZI,2010,73,31,block_start
112sdoc4,GPO-CDOC-112sdoc4.pdf,975,975,banner,True,975,975,SENATOR MICHAEL B. ENZI,2011,151,57,block_start
112sdoc4,GPO-CDOC-112sdoc4.pdf,976,976,data,True,975,975,SENATOR MICHAEL B. ENZI,2011,217,68,block_data
112sdoc4,GPO-CDOC-112sdoc4.pdf,977,977,data,True,975,975,SENATOR MICHAEL B. ENZI,2011,226,72,block_data
112sdoc4,GPO-CDOC-112sdoc4.pdf,978,978,data,True,975,975,SENATOR MICHAEL B. ENZI,2011,235,73,block_data
112sdoc4,GPO-CDOC-112sdoc4.pdf,979,979,data,True,975,975,SENATOR MICHAEL B. ENZI,2011,240,73,block_data
112sdoc4,GPO-CDOC-112sdoc4.pdf,980,980,data,True,975,975,SENATOR MICHAEL B. ENZI,2011,234,72,block_data
112sdoc4,GPO-CDOC-112sdoc4.pdf,981,981,data,True,975,975,SENATOR MICHAEL B. ENZI,2011,213,72,block_data
112sdoc4,GPO-CDOC-112sdoc4.pdf,982,982,data,True,975,975,SENATOR MICHAEL B. ENZI,2011,233,72,block_data
112sdoc4,GPO-CDOC-112sdoc4.pdf,983,983,data,True,975,975,SENATOR MICHAEL B. ENZI,2011,226,73,block_data
112sdoc4,GPO-CDOC-112sdoc4.pdf,984,984,data,True,975,975,SENATOR MICHAEL B. ENZI,2011,153,38,block_data
112sdoc4,GPO-CDOC-112sdoc4.pdf,985,985,banner,True,985,985,SENATOR RUSSELL D. FEINGOLD,2009,73,31,block_start
112sdoc4,GPO-CDOC-112sdoc4.pdf,986,986,banner,True,986,986,SENATOR RUSSELL D. FEINGOLD,2010,73,31,block_start
112sdoc4,GPO-CDOC-112sdoc4.pdf,987,987,banner,True,987,987,SENATOR RUSSELL D. FEINGOLD,2011,70,30,block_start
112sdoc4,GPO-CDOC-112sdoc4.pdf,988,988,banner,True,988,988,SENATOR DIANNE FEINSTEIN,2009,76,33,block_start
112sdoc4,GPO-CDOC-112sdoc4.pdf,989,989,banner,True,989,989,SENATOR DIANNE FEINSTEIN,2010,89,34,block_start
112sdoc4,GPO-CDOC-112sdoc4.pdf,990,990,banner,True,990,990,SENATOR DIANNE FEINSTEIN,2011,151,57,block_start
112sdoc4,GPO-CDOC-112sdoc4.pdf,991,991,data,True,990,990,SENATOR DIANNE FEINSTEIN,2011,194,70,block_data
112sdoc4,GPO-CDOC-112sdoc4.pdf,992,992,data,True,990,990,SENATOR DIANNE FEINSTEIN,2011,232,73,block_data
112sdoc4,GPO-CDOC-112sdoc4.pdf,993,993,data,True,990,990,SENATOR DIANNE FEINSTEIN,2011,242,72,block_data
112sdoc4,GPO-CDOC-112sdoc4.pdf,994,994,data,True,990,990,SENATOR DIANNE FEINSTEIN,2011,228,71,block_data
112sdoc4,GPO-CDOC-112sdoc4.pdf,995,995,data,True,990,990,SENATOR DIANNE FEINSTEIN,2011,234,72,block_data
112sdoc4,GPO-CDOC-112sdoc4.pdf,996,996,data,True,990,990,SENATOR DIANNE FEINSTEIN,2011,234,72,block_data
112sdoc4,GPO-CDOC-112sdoc4.pdf,997,997,data,True,990,990,SENATOR DIANNE FEINSTEIN,2011,240,71,block_data
112sdoc4,GPO-CDOC-112sdoc4.pdf,998,998,data,True,990,990,SENATOR DIANNE FEINSTEIN,2011,219,71,block_data
112sdoc4,GPO-CDOC-112sdoc4.pdf,999,999,data,True,990,990,SENATOR DIANNE FEINSTEIN,2011,279,68,block_data
112sdoc4,GPO-CDOC-112sdoc4.pdf,1000,1000,banner,True,1000,1000,SENATOR AL FRANKEN,2009,73,31,block_start
112sdoc4,GPO-CDOC-112sdoc4.pdf,1001,1001,banner,True,1001,1001,SENATOR AL FRANKEN,2010,85,35,block_start
112sdoc4,GPO-CDOC-112sdoc4.pdf,1002,1002,banner,True,1002,1002,SENATOR AL FRANKEN,2011,148,57,block_start
112sdoc4,GPO-CDOC-112sdoc4.pdf,1003,1003,data,True,1002,1002,SENATOR AL FRANKEN,2011,208,71,block_data
112sdoc4,GPO-CDOC-112sdoc4.pdf,1004,1004,data,True,1002,1002,SENATOR AL FRANKEN,2011,238,72,block_data
112sdoc4,GPO-CDOC-112sdoc4.pdf,1005,1005,data,True,1002,1002,SENATOR AL FRANKEN,2011,221,71,block_data
112sdoc4,GPO-CDOC-112sdoc4.pdf,1006,1006,data,True,1002,1002,SENATOR AL FRANKEN,2011,246,73,block_data
112sdoc4,GPO-CDOC-112sdoc4.pdf,1007,1007,data,True,1002,1002,SENATOR AL FRANKEN,2011,239,72,block_data
112sdoc4,GPO-CDOC-112sdoc4.pdf,1008,1008,data,True,1002,1002,SENATOR AL FRANKEN,2011,246,72,block_data
112sdoc4,GPO-CDOC-112sdoc4.pdf,1009,1009,data,True,1002,1002,SENATOR AL FRANKEN,2011,238,73,block_data
112sdoc4,GPO-CDOC-112sdoc4.pdf,1010,1010,data,True,1002,1002,SENATOR AL FRANKEN,2011,246,72,block_data
112sdoc4,GPO-CDOC-112sdoc4.pdf,1011,1011,data,True,1002,1002,SENATOR AL FRANKEN,2011,237,73,block_data
112sdoc4,GPO-CDOC-112sdoc4.pdf,1012,1012,data,True,1002,1002,SENATOR AL FRANKEN,2011,252,73,block_data
112sdoc4,GPO-CDOC-112sdoc4.pdf,1013,1013,data,True,1002,1002,SENATOR AL FRANKEN,2011,251,73,block_data
112sdoc4,GPO-CDOC-112sdoc4.pdf,1014,1014,data,True,1002,1002,SENATOR AL FRANKEN,2011,300,72,block_data
112sdoc4,GPO-CDOC-112sdoc4.pdf,1015,1015,data,True,1002,1002,SENATOR AL FRANKEN,2011,105,28,block_data
112sdoc4,GPO-CDOC-112sdoc4.pdf,1016,1016,banner,True,1016,1016,SENATOR KIRSTEN GILLIBRAND,2009,74,32,block_start
112sdoc4,GPO-CDOC-112sdoc4.pdf,1017,1017,banner,True,1017,1017,SENATOR KIRSTEN GILLIBRAND,2010,160,57,block_start
112sdoc4,GPO-CDOC-112sdoc4.pdf,1018,1018,data,True,1017,1017,SENATOR KIRSTEN GILLIBRAND,2010,205,60,block_data
112sdoc4,GPO-CDOC-112sdoc4.pdf,1019,1019,banner,True,1019,1019,SENATOR KIRSTEN GILLIBRAND,2011,152,58,block_start
112sdoc4,GPO-CDOC-112sdoc4.pdf,1020,1020,data,True,1019,1019,SENATOR KIRSTEN GILLIBRAND,2011,193,67,block_data
112sdoc4,GPO-CDOC-112sdoc4.pdf,1021,1021,data,True,1019,1019,SENATOR KIRSTEN GILLIBRAND,2011,228,69,block_data
112sdoc4,GPO-CDOC-112sdoc4.pdf,1022,1022,data,True,1019,1019,SENATOR KIRSTEN GILLIBRAND,2011,200,69,block_data
112sdoc4,GPO-CDOC-112sdoc4.pdf,1023,1023,data,True,1019,1019,SENATOR KIRSTEN GILLIBRAND,2011,204,68,block_data
112sdoc4,GPO-CDOC-112sdoc4.pdf,1024,1024,data,True,1019,1019,SENATOR KIRSTEN GILLIBRAND,2011,230,67,block_data
112sdoc4,GPO-CDOC-112sdoc4.pdf,1025,1025,data,True,1019,1019,SENATOR KIRSTEN GILLIBRAND,2011,231,68,block_data
112sdoc4,GPO-CDOC-112sdoc4.pdf,1026,1026,data,True,1019,1019,SENATOR KIRSTEN GILLIBRAND,2011,220,68,block_data
112sdoc4,GPO-CDOC-112sdoc4.pdf,1027,1027,data,True,1019,1019,SENATOR KIRSTEN GILLIBRAND,2011,235,68,block_data
112sdoc4,GPO-CDOC-112sdoc4.pdf,1028,1028,data,True,1019,1019,SENATOR KIRSTEN GILLIBRAND,2011,236,69,block_data
112sdoc4,GPO-CDOC-112sdoc4.pdf,1029,1029,data,True,1019,1019,SENATOR KIRSTEN GILLIBRAND,2011,227,68,block_data
112sdoc4,GPO-CDOC-112sdoc4.pdf,1030,1030,data,True,1019,1019,SENATOR KIRSTEN GILLIBRAND,2011,164,70,block_data
112sdoc4,GPO-CDOC-112sdoc4.pdf,1031,1031,data,True,1019,1019,SENATOR KIRSTEN GILLIBRAND,2011,195,67,block_data
112sdoc4,GPO-CDOC-112sdoc4.pdf,1032,1032,data,True,1019,1019,SENATOR KIRSTEN GILLIBRAND,2011,235,67,block_data
112sdoc4,GPO-CDOC-112sdoc4.pdf,1033,1033,data,True,1019,1019,SENATOR KIRSTEN GILLIBRAND,2011,261,69,block_data
112sdoc4,GPO-CDOC-112sdoc4.pdf,1034,1034,data,True,1019,1019,SENATOR KIRSTEN GILLIBRAND,2011,182,66,block_data
112sdoc4,GPO-CDOC-112sdoc4.pdf,1035,1035,data,True,1019,1019,SENATOR KIRSTEN GILLIBRAND,2011,234,69,block_data
112sdoc4,GPO-CDOC-112sdoc4.pdf,1036,1036,data,True,1019,1019,SENATOR KIRSTEN GILLIBRAND,2011,248,69,block_data
112sdoc4,GPO-CDOC-112sdoc4.pdf,1037,1037,data,True,1019,1019,SENATOR KIRSTEN GILLIBRAND,2011,249,68,block_data
112sdoc4,GPO-CDOC-112sdoc4.pdf,1038,1038,data,True,1019,1019,SENATOR KIRSTEN GILLIBRAND,2011,239,68,block_data
112sdoc4,GPO-CDOC-112sdoc4.pdf,1039,1039,data,True,1019,1019,SENATOR KIRSTEN GILLIBRAND,2011,249,69,block_data
112sdoc4,GPO-CDOC-112sdoc4.pdf,1040,1040,data,True,1019,1019,SENATOR KIRSTEN GILLIBRAND,2011,234,68,block_data
112sdoc4,GPO-CDOC-112sdoc4.pdf,1041,1041,data,True,1019,1019,SENATOR KIRSTEN GILLIBRAND,2011,257,69,block_data
112sdoc4,GPO-CDOC-112sdoc4.pdf,1042,1042,data,True,1019,1019,SENATOR KIRSTEN GILLIBRAND,2011,234,66,block_data
112sdoc4,GPO-CDOC-112sdoc4.pdf,1043,1043,data,True,1019,1019,SENATOR KIRSTEN GILLIBRAND,2011,190,70,block_data
112sdoc4,GPO-CDOC-112sdoc4.pdf,1044,1044,data,True,1019,1019,SENATOR KIRSTEN GILLIBRAND,2011,224,69,block_data
112sdoc4,GPO-CDOC-112sdoc4.pdf,1045,1045,data,True,1019,1019,SENATOR KIRSTEN GILLIBRAND,2011,202,70,block_data
112sdoc4,GPO-CDOC-112sdoc4.pdf,1046,1046,data,True,1019,1019,SENATOR KIRSTEN GILLIBRAND,2011,222,68,block_data
112sdoc4,GPO-CDOC-112sdoc4.pdf,1047,1047,data,True,1019,1019,SENATOR KIRSTEN GILLIBRAND,2011,245,69,block_data
112sdoc4,GPO-CDOC-112sdoc4.pdf,1048,1048,data,True,1019,1019,SENATOR KIRSTEN GILLIBRAND,2011,241,68,block_data
112sdoc4,GPO-CDOC-112sdoc4.pdf,1049,1049,data,True,1019,1019,SENATOR KIRSTEN GILLIBRAND,2011,374,71,block_data
112sdoc4,GPO-CDOC-112sdoc4.pdf,1050,1050,data,True,1019,1019,SENATOR KIRSTEN GILLIBRAND,2011,104,28,block_data
112sdoc4,GPO-CDOC-112sdoc4.pdf,1051,1051,banner,True,1051,1051,SENATOR CARTE GOODWIN,2010,71,31,block_start
112sdoc4,GPO-CDOC-112sdoc4.pdf,1052,1052,banner,True,1052,1052,SENATOR CARTE GOODWIN,2011,68,30,block_start
112sdoc4,GPO-CDOC-112sdoc4.pdf,1053,1053,banner,True,1053,1053,SENATOR LINDSEY GRAHAM,2009,82,35,block_start
112sdoc4,GPO-CDOC-112sdoc4.pdf,1054,1054,banner,True,1054,1054,SENATOR LINDSEY GRAHAM,2010,71,31,block_start
112sdoc4,GPO-CDOC-112sdoc4.pdf,1055,1055,banner,True,1055,1055,SENATOR LINDSEY GRAHAM,2011,155,59,block_start
112sdoc4,GPO-CDOC-112sdoc4.pdf,1056,1056,data,True,1055,1055,SENATOR LINDSEY GRAHAM,2011,217,71,block_data
112sdoc4,GPO-CDOC-112sdoc4.pdf,1057,1057,data,True,1055,1055,SENATOR LINDSEY GRAHAM,2011,239,68,block_data
112sdoc4,GPO-CDOC-112sdoc4.pdf,1058,1058,data,True,1055,1055,SENATOR LINDSEY GRAHAM,2011,231,67,block_data
112sdoc4,GPO-CDOC-112sdoc4.pdf,1059,1059,data,True,1055,1055,SENATOR LINDSEY GRAHAM,2011,243,68,block_data
112sdoc4,GPO-CDOC-112sdoc4.pdf,1060,1060,data,True,1055,1055,SENATOR LINDSEY GRAHAM,2011,226,68,block_data
112sdoc4,GPO-CDOC-112sdoc4.pdf,1061,1061,data,True,1055,1055,SENATOR LINDSEY GRAHAM,2011,138,36,block_data
112sdoc4,GPO-CDOC-112sdoc4.pdf,1062,1062,banner,True,1062,1062,SENATOR CHARLES E. GRASSLEY,2009,74,32,block_start
112sdoc4,GPO-CDOC-112sdoc4.pdf,1063,1063,banner,True,1063,1063,SENATOR CHARLES E. GRASSLEY,2010,71,31,block_start
112sdoc4,GPO-CDOC-112sdoc4.pdf,1064,1064,banner,True,1064,1064,SENATOR CHARLES E. GRASSLEY,2011,152,58,block_start
112sdoc4,GPO-CDOC-112sdoc4.pdf,1065,1065,data,True,1064,1064,SENATOR CHARLES E. GRASSLEY,2011,206,71,block_data
112sdoc4,GPO-CDOC-112sdoc4.pdf,1066,1066,data,True,1064,1064,SENATOR CHARLES E. GRASSLEY,2011,238,66,block_data
112sdoc4,GPO-CDOC-112sdoc4.pdf,1067,1067,data,True,1064,1064,SENATOR CHARLES E. GRASSLEY,2011,229,69,block_data
112sdoc4,GPO-CDOC-112sdoc4.pdf,1068,1068,data,True,1064,1064,SENATOR CHARLES E. GRASSLEY,2011,236,68,block_data
112sdoc4,GPO-CDOC-112sdoc4.pdf,1069,1069,data,True,1064,1064,SENATOR CHARLES E. GRASSLEY,2011,251,69,block_data
112sdoc4,GPO-CDOC-112sdoc4.pdf,1070,1070,data,True,1064,1064,SENATOR CHARLES E. GRASSLEY,2011,254,68,block_data
112sdoc4,GPO-CDOC-112sdoc4.pdf,1071,1071,data,True,1064,1064,SENATOR CHARLES E. GRASSLEY,2011,240,68,block_data
112sdoc4,GPO-CDOC-112sdoc4.pdf,1072,1072,data,True,1064,1064,SENATOR CHARLES E. GRASSLEY,2011,244,67,block_data
112sdoc4,GPO-CDOC-112sdoc4.pdf,1073,1073,data,True,1064,1064,SENATOR CHARLES E. GRASSLEY,2011,237,68,block_data
112sdoc4,GPO-CDOC-112sdoc4.pdf,1074,1074,data,True,1064,1064,SENATOR CHARLES E. GRASSLEY,2011,235,69,block_data
112sdoc4,GPO-CDOC-112sdoc4.pdf,1075,1075,data,True,1064,1064,SENATOR CHARLES E. GRASSLEY,2011,273,67,block_data
112sdoc4,GPO-CDOC-112sdoc4.pdf,1076,1076,data,True,1064,1064,SENATOR CHARLES E. GRASSLEY,2011,25,16,block_data
112sdoc4,GPO-CDOC-112sdoc4.pdf,1077,1077,banner,True,1077,1077,SENATOR JUDD GREGG,2009,74,32,block_start
112sdoc4,GPO-CDOC-112sdoc4.pdf,1078,1078,banner,True,1078,1078,SENATOR JUDD GREGG,2010,74,32,block_start
112sdoc4,GPO-CDOC-112sdoc4.pdf,1079,1079,banner,True,1079,1079,SENATOR JUDD GREGG,2011,71,31,block_start
112sdoc4,GPO-CDOC-112sdoc4.pdf,1080,1080,banner,True,1080,1080,SENATOR KAY HAGAN,2009,71,31,block_start
112sdoc4,GPO-CDOC-112sdoc4.pdf,1081,1081,banner,True,1081,1081,SENATOR KAY HAGAN,2010,83,34,block_start
112sdoc4,GPO-CDOC-112sdoc4.pdf,1082,1082,banner,True,1082,1082,SENATOR KAY HAGAN,2011,155,59,block_start
112sdoc4,GPO-CDOC-112sdoc4.pdf,1083,1083,data,True,1082,1082,SENATOR KAY HAGAN,2011,206,68,block_data
112sdoc4,GPO-CDOC-112sdoc4.pdf,1084,1084,data,True,1082,1082,SENATOR KAY HAGAN,2011,226,68,block_data
112sdoc4,GPO-CDOC-112sdoc4.pdf,1085,1085,data,True,1082,1082,SENATOR KAY HAGAN,2011,224,68,block_data
112sdoc4,GPO-CDOC-112sdoc4.pdf,1086,1086,data,True,1082,1082,SENATOR KAY HAGAN,2011,227,69,block_data
112sdoc4,GPO-CDOC-112sdoc4.pdf,1087,1087,data,True,1082,1082,SENATOR KAY HAGAN,2011,207,67,block_data
112sdoc4,GPO-CDOC-112sdoc4.pdf,1088,1088,data,True,1082,1082,SENATOR KAY HAGAN,2011,235,69,block_data
112sdoc4,GPO-CDOC-112sdoc4.pdf,1089,1089,data,True,1082,1082,SENATOR KAY HAGAN,2011,231,68,block_data
112sdoc4,GPO-CDOC-112sdoc4.pdf,1090,1090,data,True,1082,1082,SENATOR KAY HAGAN,2011,225,67,block_data
112sdoc4,GPO-CDOC-112sdoc4.pdf,1091,1091,data,True,1082,1082,SENATOR KAY HAGAN,2011,236,69,block_data
112sdoc4,GPO-CDOC-112sdoc4.pdf,1092,1092,data,True,1082,1082,SENATOR KAY HAGAN,2011,238,68,block_data
112sdoc4,GPO-CDOC-112sdoc4.pdf,1093,1093,data,True,1082,1082,SENATOR KAY HAGAN,2011,220,66,block_data
112sdoc4,GPO-CDOC-112sdoc4.pdf,1094,1094,data,True,1082,1082,SENATOR KAY HAGAN,2011,238,68,block_data
112sdoc4,GPO-CDOC-112sdoc4.pdf,1095,1095,data,True,1082,1082,SENATOR KAY HAGAN,2011,233,69,block_data
112sdoc4,GPO-CDOC-112sdoc4.pdf,1096,1096,data,True,1082,1082,SENATOR KAY HAGAN,2011,238,69,block_data
112sdoc4,GPO-CDOC-112sdoc4.pdf,1097,1097,data,True,1082,1082,SENATOR KAY HAGAN,2011,241,68,block_data
112sdoc4,GPO-CDOC-112sdoc4.pdf,1098,1098,data,True,1082,1082,SENATOR KAY HAGAN,2011,227,51,block_data
112sdoc4,GPO-CDOC-112sdoc4.pdf,1099,1099,banner,True,1099,1099,SENATOR CHARLES T. HAGEL,2009,74,32,block_start
112sdoc4,GPO-CDOC-112sdoc4.pdf,1100,1100,banner,True,1100,1100,SENATOR TOM HARKIN,2009,71,31,block_start
112sdoc4,GPO-CDOC-112sdoc4.pdf,1101,1101,banner,True,1101,1101,SENATOR TOM HARKIN,2010,74,32,block_start
112sdoc4,GPO-CDOC-112sdoc4.pdf,1102,1102,banner,True,1102,1102,SENATOR TOM HARKIN,2011,155,59,block_start
112sdoc4,GPO-CDOC-112sdoc4.pdf,1103,1103,data,True,1102,1102,SENATOR TOM HARKIN,2011,218,71,block_data
112sdoc4,GPO-CDOC-112sdoc4.pdf,1104,1104,data,True,1102,1102,SENATOR TOM HARKIN,2011,242,68,block_data
112sdoc4,GPO-CDOC-112sdoc4.pdf,1105,1105,data,True,1102,1102,SENATOR TOM HARKIN,2011,244,67,block_data
112sdoc4,GPO-CDOC-112sdoc4.pdf,1106,1106,data,True,1102,1102,SENATOR TOM HARKIN,2011,237,68,block_data
112sdoc4,GPO-CDOC-112sdoc4.pdf,1107,1107,data,True,1102,1102,SENATOR TOM HARKIN,2011,233,68,block_data
112sdoc4,GPO-CDOC-112sdoc4.pdf,1108,1108,data,True,1102,1102,SENATOR TOM HARKIN,2011,243,67,block_data
112sdoc4,GPO-CDOC-112sdoc4.pdf,1109,1109,data,True,1102,1102,SENATOR TOM HARKIN,2011,225,66,block_data
112sdoc4,GPO-CDOC-112sdoc4.pdf,1110,1110,data,True,1102,1102,SENATOR TOM HARKIN,2011,230,68,block_data
112sdoc4,GPO-CDOC-112sdoc4.pdf,1111,1111,data,True,1102,1102,SENATOR TOM HARKIN,2011,273,68,block_data
112sdoc4,GPO-CDOC-112sdoc4.pdf,1112,1112,data,True,1102,1102,SENATOR TOM HARKIN,2011,118,30,block_data
112sdoc4,GPO-CDOC-112sdoc4.pdf,1113,1113,banner,True,1113,1113,SENATOR ORRIN G. HATCH,2009,74,32,block_start
112sdoc4,GPO-CDOC-112sdoc4.pdf,1114,1114,banner,True,1114,1114,SENATOR ORRIN G. HATCH,2010,74,32,block_start
112sdoc4,GPO-CDOC-112sdoc4.pdf,1115,1115,banner,True,1115,1115,SENATOR ORRIN G. HATCH,2011,152,58,block_start
112sdoc4,GPO-CDOC-112sdoc4.pdf,1116,1116,data,True,1115,1115,SENATOR ORRIN G. HATCH,2011,208,68,block_data
112sdoc4,GPO-CDOC-112sdoc4.pdf,1117,1117,data,True,1115,1115,SENATOR ORRIN G. HATCH,2011,242,66,block_data
112sdoc4,GPO-CDOC-112sdoc4.pdf,1118,1118,data,True,1115,1115,SENATOR ORRIN G. HATCH,2011,237,68,block_data
112sdoc4,GPO-CDOC-112sdoc4.pdf,1119,1119,data,True,1115,1115,SENATOR ORRIN G. HATCH,2011,241,69,block_data
112sdoc4,GPO-CDOC-112sdoc4.pdf,1120,1120,data,True,1115,1115,SENATOR ORRIN G. HATCH,2011,240,69,block_data
112sdoc4,GPO-CDOC-112sdoc4.pdf,1121,1121,data,True,1115,1115,SENATOR ORRIN G. HATCH,2011,249,67,block_data
112sdoc4,GPO-CDOC-112sdoc4.pdf,1122,1122,data,True,1115,1115,SENATOR ORRIN G. HATCH,2011,253,69,block_data
112sdoc4,GPO-CDOC-112sdoc4.pdf,1123,1123,data,True,1115,1115,SENATOR ORRIN G. HATCH,2011,226,65,block_data
112sdoc4,GPO-CDOC-112sdoc4.pdf,1124,1124,data,True,1115,1115,SENATOR ORRIN G. HATCH,2011,237,69,block_data
112sdoc4,GPO-CDOC-112sdoc4.pdf,1125,1125,data,True,1115,1115,SENATOR ORRIN G. HATCH,2011,206,46,block_data
112sdoc4,GPO-CDOC-112sdoc4.pdf,1126,1126,banner,True,1126,1126,SENATOR DEAN HELLER,2011,152,58,block_start
112sdoc4,GPO-CDOC-112sdoc4.pdf,1127,1127,data,True,1126,1126,SENATOR DEAN HELLER,2011,222,69,block_data
112sdoc4,GPO-CDOC-112sdoc4.pdf,1128,1128,data,True,1126,1126,SENATOR DEAN HELLER,2011,245,69,block_data
112sdoc4,GPO-CDOC-112sdoc4.pdf,1129,1129,data,True,1126,1126,SENATOR DEAN HELLER,2011,192,50,block_data
112sdoc4,GPO-CDOC-112sdoc4.pdf,1130,1130,banner,True,1130,1130,SENATOR JOHN HOEVEN,2011,155,59,block_start
112sdoc4,GPO-CDOC-112sdoc4.pdf,1131,1131,data,True,1130,1130,SENATOR JOHN HOEVEN,2011,211,70,block_data
112sdoc4,GPO-CDOC-112sdoc4.pdf,1132,1132,data,True,1130,1130,SENATOR JOHN HOEVEN,2011,234,69,block_data
112sdoc4,GPO-CDOC-112sdoc4.pdf,1133,1133,data,True,1130,1130,SENATOR JOHN HOEVEN,2011,230,68,block_data
112sdoc4,GPO-CDOC-112sdoc4.pdf,1134,1134,data,True,1130,1130,SENATOR JOHN HOEVEN,2011,214,68,block_data
112sdoc4,GPO-CDOC-112sdoc4.pdf,1135,1135,data,True,1130,1130,SENATOR JOHN HOEVEN,2011,245,69,block_data
112sdoc4,GPO-CDOC-112sdoc4.pdf,1136,1136,data,True,1130,1130,SENATOR JOHN HOEVEN,2011,227,68,block_data
112sdoc4,GPO-CDOC-112sdoc4.pdf,1137,1137,data,True,1130,1130,SENATOR JOHN HOEVEN,2011,237,52,block_data
112sdoc4,GPO-CDOC-112sdoc4.pdf,1138,1138,banner,True,1138,1138,SENATOR KAY BAILEY HUTCHISON,2009,84,35,block_start
112sdoc4,GPO-CDOC-112sdoc4.pdf,1139,1139,banner,True,1139,1139,SENATOR KAY BAILEY HUTCHISON,2010,97,39,block_start
112sdoc4,GPO-CDOC-112sdoc4.pdf,1140,1140,banner,True,1140,1140,SENATOR KAY BAILEY HUTCHISON,2011,155,59,block_start
112sdoc4,GPO-CDOC-112sdoc4.pdf,1141,1141,data,True,1140,1140,SENATOR KAY BAILEY HUTCHISON,2011,202,68,block_data
112sdoc4,GPO-CDOC-112sdoc4.pdf,1142,1142,data,True,1140,1140,SENATOR KAY BAILEY HUTCHISON,2011,234,68,block_data
112sdoc4,GPO-CDOC-112sdoc4.pdf,1143,1143,data,True,1140,1140,SENATOR KAY BAILEY HUTCHISON,2011,234,67,block_data
112sdoc4,GPO-CDOC-112sdoc4.pdf,1144,1144,data,True,1140,1140,SENATOR KAY BAILEY HUTCHISON,2011,239,68,block_data
112sdoc4,GPO-CDOC-112sdoc4.pdf,1145,1145,data,True,1140,1140,SENATOR KAY BAILEY HUTCHISON,2011,222,68,block_data
112sdoc4,GPO-CDOC-112sdoc4.pdf,1146,1146,data,True,1140,1140,SENATOR KAY BAILEY HUTCHISON,2011,229,69,block_data
112sdoc4,GPO-CDOC-112sdoc4.pdf,1147,1147,data,True,1140,1140,SENATOR KAY BAILEY HUTCHISON,2011,232,68,block_data
112sdoc4,GPO-CDOC-112sdoc4.pdf,1148,1148,data,True,1140,1140,SENATOR KAY BAILEY HUTCHISON,2011,240,69,block_data
112sdoc4,GPO-CDOC-112sdoc4.pdf,1149,1149,data,True,1140,1140,SENATOR KAY BAILEY HUTCHISON,2011,224,69,block_data
112sdoc4,GPO-CDOC-112sdoc4.pdf,1150,1150,data,True,1140,1140,SENATOR KAY BAILEY HUTCHISON,2011,220,66,block_data
112sdoc4,GPO-CDOC-112sdoc4.pdf,1151,1151,data,True,1140,1140,SENATOR KAY BAILEY HUTCHISON,2011,227,69,block_data
112sdoc4,GPO-CDOC-112sdoc4.pdf,1152,1152,data,True,1140,1140,SENATOR KAY BAILEY HUTCHISON,2011,216,53,block_data
112sdoc4,GPO-CDOC-112sdoc4.pdf,1153,1153,banner,True,1153,1153,SENATOR JAMES M. INHOFE,2009,80,33,block_start
112sdoc4,GPO-CDOC-112sdoc4.pdf,1154,1154,banner,True,1154,1154,SENATOR JAMES M. INHOFE,2010,83,34,block_start
112sdoc4,GPO-CDOC-112sdoc4.pdf,1155,1155,banner,True,1155,1155,SENATOR JAMES M. INHOFE,2011,152,58,block_start
112sdoc4,GPO-CDOC-112sdoc4.pdf,1156,1156,data,True,1155,1155,SENATOR JAMES M. INHOFE,2011,216,69,block_data
112sdoc4,GPO-CDOC-112sdoc4.pdf,1157,1157,data,True,1155,1155,SENATOR JAMES M. INHOFE,2011,233,69,block_data
112sdoc4,GPO-CDOC-112sdoc4.pdf,1158,1158,data,True,1155,1155,SENATOR JAMES M. INHOFE,2011,239,68,block_data
112sdoc4,GPO-CDOC-112sdoc4.pdf,1159,1159,data,True,1155,1155,SENATOR JAMES M. INHOFE,2011,239,68,block_data
112sdoc4,GPO-CDOC-112sdoc4.pdf,1160,1160,data,True,1155,1155,SENATOR JAMES M. INHOFE,2011,235,68,block_data
112sdoc4,GPO-CDOC-112sdoc4.pdf,1161,1161,data,True,1155,1155,SENATOR JAMES M. INHOFE,2011,224,67,block_data
112sdoc4,GPO-CDOC-112sdoc4.pdf,1162,1162,data,True,1155,1155,SENATOR JAMES M. INHOFE,2011,226,68,block_data
112sdoc4,GPO-CDOC-112sdoc4.pdf,1163,1163,data,True,1155,1155,SENATOR JAMES M. INHOFE,2011,235,68,block_data
112sdoc4,GPO-CDOC-112sdoc4.pdf,1164,1164,data,True,1155,1155,SENATOR JAMES M. INHOFE,2011,241,69,block_data
112sdoc4,GPO-CDOC-112sdoc4.pdf,1165,1165,data,True,1155,1155,SENATOR JAMES M. INHOFE,2011,229,67,block_data
112sdoc4,GPO-CDOC-112sdoc4.pdf,1166,1166,data,True,1155,1155,SENATOR JAMES M. INHOFE,2011,237,69,block_data
112sdoc4,GPO-CDOC-112sdoc4.pdf,1167,1167,data,True,1155,1155,SENATOR JAMES M. INHOFE,2011,225,67,block_data
112sdoc4,GPO-CDOC-112sdoc4.pdf,1168,1168,data,True,1155,1155,SENATOR JAMES M. INHOFE,2011,230,68,block_data
112sdoc4,GPO-CDOC-112sdoc4.pdf,1169,1169,data,True,1155,1155,SENATOR JAMES M. INHOFE,2011,225,67,block_data
112sdoc4,GPO-CDOC-112sdoc4.pdf,1170,1170,data,True,1155,1155,SENATOR JAMES M. INHOFE,2011,226,68,block_data
112sdoc4,GPO-CDOC-112sdoc4.pdf,1171,1171,data,True,1155,1155,SENATOR JAMES M. INHOFE,2011,239,69,block_data
112sdoc4,GPO-CDOC-112sdoc4.pdf,1172,1172,data,True,1155,1155,SENATOR JAMES M. INHOFE,2011,235,68,block_data
112sdoc4,GPO-CDOC-112sdoc4.pdf,1173,1173,data,True,1155,1155,SENATOR JAMES M. INHOFE,2011,232,69,block_data
112sdoc4,GPO-CDOC-112sdoc4.pdf,1174,1174,data,True,1155,1155,SENATOR JAMES M. INHOFE,2011,203,44,block_data
112sdoc4,GPO-CDOC-112sdoc4.pdf,1175,1175,banner,True,1175,1175,SENATOR DANIEL K. INOUYE,2009,151,54,block_start
112sdoc4,GPO-CDOC-112sdoc4.pdf,1176,1176,data,True,1175,1175,SENATOR DANIEL K. INOUYE,2009,40,20,block_data
112sdoc4,GPO-CDOC-112sdoc4.pdf,1177,1177,banner,True,1177,1177,SENATOR DANIEL K. INOUYE,2010,106,41,block_start
112sdoc4,GPO-CDOC-112sdoc4.pdf,1178,1178,banner,True,1178,1178,SENATOR DANIEL K. INOUYE,2011,154,58,block_start
112sdoc4,GPO-CDOC-112sdoc4.pdf,1179,1179,data,True,1178,1178,SENATOR DANIEL K. INOUYE,2011,210,67,block_data
112sdoc4,GPO-CDOC-112sdoc4.pdf,1180,1180,data,True,1178,1178,SENATOR DANIEL K. INOUYE,2011,227,68,block_data
112sdoc4,GPO-CDOC-112sdoc4.pdf,1181,1181,data,True,1178,1178,SENATOR DANIEL K. INOUYE,2011,192,41,block_data
112sdoc4,GPO-CDOC-112sdoc4.pdf,1182,1182,banner,True,1182,1182,SENATOR JOHNNY ISAKSON,2009,109,41,block_start
112sdoc4,GPO-CDOC-112sdoc4.pdf,1183,1183,banner,True,1183,1183,SENATOR JOHNNY ISAKSON,2010,84,35,block_start
112sdoc4,GPO-CDOC-112sdoc4.pdf,1184,1184,banner,True,1184,1184,SENATOR JOHNNY ISAKSON,2011,152,58,block_start
112sdoc4,GPO-CDOC-112sdoc4.pdf,1185,1185,data,True,1184,1184,SENATOR JOHNNY ISAKSON,2011,213,68,block_data
112sdoc4,GPO-CDOC-112sdoc4.pdf,1186,1186,data,True,1184,1184,SENATOR JOHNNY ISAKSON,2011,245,68,block_data
112sdoc4,GPO-CDOC-112sdoc4.pdf,1187,1187,data,True,1184,1184,SENATOR JOHNNY ISAKSON,2011,255,69,block_data
112sdoc4,GPO-CDOC-112sdoc4.pdf,1188,1188,data,True,1184,1184,SENATOR JOHNNY ISAKSON,2011,241,67,block_data
112sdoc4,GPO-CDOC-112sdoc4.pdf,1189,1189,data,True,1184,1184,SENATOR JOHNNY ISAKSON,2011,245,69,block_data
112sdoc4,GPO-CDOC-112sdoc4.pdf,1190,1190,data,True,1184,1184,SENATOR JOHNNY ISAKSON,2011,250,68,block_data
112sdoc4,GPO-CDOC-112sdoc4.pdf,1191,1191,data,True,1184,1184,SENATOR JOHNNY ISAKSON,2011,258,68,block_data
112sdoc4,GPO-CDOC-112sdoc4.pdf,1192,1192,data,True,1184,1184,SENATOR JOHNNY ISAKSON,2011,239,68,block_data
112sdoc4,GPO-CDOC-112sdoc4.pdf,1193,1193,data,True,1184,1184,SENATOR JOHNNY ISAKSON,2011,251,68,block_data
112sdoc4,GPO-CDOC-112sdoc4.pdf,1194,1194,data,True,1184,1184,SENATOR JOHNNY ISAKSON,2011,252,68,block_data
112sdoc4,GPO-CDOC-112sdoc4.pdf,1195,1195,data,True,1184,1184,SENATOR JOHNNY ISAKSON,2011,247,68,block_data
112sdoc4,GPO-CDOC-112sdoc4.pdf,1196,1196,data,True,1184,1184,SENATOR JOHNNY ISAKSON,2011,243,68,block_data
112sdoc4,GPO-CDOC-112sdoc4.pdf,1197,1197,data,True,1184,1184,SENATOR JOHNNY ISAKSON,2011,253,69,block_data
112sdoc4,GPO-CDOC-112sdoc4.pdf,1198,1198,data,True,1184,1184,SENATOR JOHNNY ISAKSON,2011,244,68,block_data
112sdoc4,GPO-CDOC-112sdoc4.pdf,1199,1199,data,True,1184,1184,SENATOR JOHNNY ISAKSON,2011,251,68,block_data
112sdoc4,GPO-CDOC-112sdoc4.pdf,1200,1200,data,True,1184,1184,SENATOR JOHNNY ISAKSON,2011,239,68,block_data
112sdoc4,GPO-CDOC-112sdoc4.pdf,1201,1201,data,True,1184,1184,SENATOR JOHNNY ISAKSON,2011,243,69,block_data
112sdoc4,GPO-CDOC-112sdoc4.pdf,1202,1202,data,True,1184,1184,SENATOR JOHNNY ISAKSON,2011,251,68,block_data
112sdoc4,GPO-CDOC-112sdoc4.pdf,1203,1203,data,True,1184,1184,SENATOR JOHNNY ISAKSON,2011,257,69,block_data
112sdoc4,GPO-CDOC-112sdoc4.pdf,1204,1204,data,True,1184,1184,SENATOR JOHNNY ISAKSON,2011,249,69,block_data
112sdoc4,GPO-CDOC-112sdoc4.pdf,1205,1205,data,True,1184,1184,SENATOR JOHNNY ISAKSON,2011,247,68,block_data
112sdoc4,GPO-CDOC-112sdoc4.pdf,1206,1206,data,True,1184,1184,SENATOR JOHNNY ISAKSON,2011,259,68,block_data
112sdoc4,GPO-CDOC-112sdoc4.pdf,1207,1207,data,True,1184,1184,SENATOR JOHNNY ISAKSON,2011,250,69,block_data
112sdoc4,GPO-CDOC-112sdoc4.pdf,1208,1208,data,True,1184,1184,SENATOR JOHNNY ISAKSON,2011,245,69,block_data
112sdoc4,GPO-CDOC-112sdoc4.pdf,1209,1209,data,True,1184,1184,SENATOR JOHNNY ISAKSON,2011,259,69,block_data
112sdoc4,GPO-CDOC-112sdoc4.pdf,1210,1210,data,True,1184,1184,SENATOR JOHNNY ISAKSON,2011,239,67,block_data
112sdoc4,GPO-CDOC-112sdoc4.pdf,1211,1211,data,True,1184,1184,SENATOR JOHNNY ISAKSON,2011,255,68,block_data
112sdoc4,GPO-CDOC-112sdoc4.pdf,1212,1212,data,True,1184,1184,SENATOR JOHNNY ISAKSON,2011,247,68,block_data
112sdoc4,GPO-CDOC-112sdoc4.pdf,1213,1213,data,True,1184,1184,SENATOR JOHNNY ISAKSON,2011,245,69,block_data
112sdoc4,GPO-CDOC-112sdoc4.pdf,1214,1214,data,True,1184,1184,SENATOR JOHNNY ISAKSON,2011,265,69,block_data
112sdoc4,GPO-CDOC-112sdoc4.pdf,1215,1215,data,True,1184,1184,SENATOR JOHNNY ISAKSON,2011,251,68,block_data
112sdoc4,GPO-CDOC-112sdoc4.pdf,1216,1216,data,True,1184,1184,SENATOR JOHNNY ISAKSON,2011,257,69,block_data
112sdoc4,GPO-CDOC-112sdoc4.pdf,1217,1217,data,True,1184,1184,SENATOR JOHNNY ISAKSON,2011,248,69,block_data
112sdoc4,GPO-CDOC-112sdoc4.pdf,1218,1218,data,True,1184,1184,SENATOR JOHNNY ISAKSON,2011,235,66,block_data
112sdoc4,GPO-CDOC-112sdoc4.pdf,1219,1219,data,True,1184,1184,SENATOR JOHNNY ISAKSON,2011,245,67,block_data
112sdoc4,GPO-CDOC-112sdoc4.pdf,1220,1220,data,True,1184,1184,SENATOR JOHNNY ISAKSON,2011,255,68,block_data
112sdoc4,GPO-CDOC-112sdoc4.pdf,1221,1221,data,True,1184,1184,SENATOR JOHNNY ISAKSON,2011,265,69,block_data
112sdoc4,GPO-CDOC-112sdoc4.pdf,1222,1222,data,True,1184,1184,SENATOR JOHNNY ISAKSON,2011,398,71,block_data
112sdoc4,GPO-CDOC-112sdoc4.pdf,1223,1223,data,True,1184,1184,SENATOR JOHNNY ISAKSON,2011,41,19,block_data
112sdoc4,GPO-CDOC-112sdoc4.pdf,1224,1224,banner,True,1224,1224,SENATOR MIKE JOHANNS,2009,74,32,block_start
112sdoc4,GPO-CDOC-112sdoc4.pdf,1225,1225,banner,True,1225,1225,SENATOR MIKE JOHANNS,2010,74,32,block_start
112sdoc4,GPO-CDOC-112sdoc4.pdf,1226,1226,banner,True,1226,1226,SENATOR MIKE JOHANNS,2011,153,59,block_start
112sdoc4,GPO-CDOC-112sdoc4.pdf,1227,1227,data,True,1226,1226,SENATOR MIKE JOHANNS,2011,215,69,block_data
112sdoc4,GPO-CDOC-112sdoc4.pdf,1228,1228,data,True,1226,1226,SENATOR MIKE JOHANNS,2011,241,69,block_data
112sdoc4,GPO-CDOC-112sdoc4.pdf,1229,1229,data,True,1226,1226,SENATOR MIKE JOHANNS,2011,228,68,block_data
112sdoc4,GPO-CDOC-112sdoc4.pdf,1230,1230,data,True,1226,1226,SENATOR MIKE JOHANNS,2011,229,68,block_data
112sdoc4,GPO-CDOC-112sdoc4.pdf,1231,1231,data,True,1226,1226,SENATOR MIKE JOHANNS,2011,245,69,block_data
112sdoc4,GPO-CDOC-112sdoc4.pdf,1232,1232,data,True,1226,1226,SENATOR MIKE JOHANNS,2011,234,68,block_data
112sdoc4,GPO-CDOC-112sdoc4.pdf,1233,1233,data,True,1226,1226,SENATOR MIKE JOHANNS,2011,229,67,block_data
112sdoc4,GPO-CDOC-112sdoc4.pdf,1234,1234,data,True,1226,1226,SENATOR MIKE JOHANNS,2011,228,69,block_data
112sdoc4,GPO-CDOC-112sdoc4.pdf,1235,1235,data,True,1226,1226,SENATOR MIKE JOHANNS,2011,229,68,block_data
112sdoc4,GPO-CDOC-112sdoc4.pdf,1236,1236,data,True,1226,1226,SENATOR MIKE JOHANNS,2011,220,67,block_data
112sdoc4,GPO-CDOC-112sdoc4.pdf,1237,1237,data,True,1226,1226,SENATOR MIKE JOHANNS,2011,236,69,block_data
112sdoc4,GPO-CDOC-112sdoc4.pdf,1238,1238,data,True,1226,1226,SENATOR MIKE JOHANNS,2011,235,69,block_data
112sdoc4,GPO-CDOC-112sdoc4.pdf,1239,1239,data,True,1226,1226,SENATOR MIKE JOHANNS,2011,294,65,block_data
112sdoc4,GPO-CDOC-112sdoc4.pdf,1240,1240,banner,True,1240,1240,SENATOR TIM JOHNSON,2009,74,32,block_start
112sdoc4,GPO-CDOC-112sdoc4.pdf,1241,1241,banner,True,1241,1241,SENATOR TIM JOHNSON,2010,74,32,block_start
112sdoc4,GPO-CDOC-112sdoc4.pdf,1242,1242,banner,True,1242,1242,SENATOR TIM JOHNSON,2011,155,58,block_start
112sdoc4,GPO-CDOC-112sdoc4.pdf,1243,1243,data,True,1242,1242,SENATOR TIM JOHNSON,2011,203,69,block_data
112sdoc4,GPO-CDOC-112sdoc4.pdf,1244,1244,data,True,1242,1242,SENATOR TIM JOHNSON,2011,226,67,block_data
112sdoc4,GPO-CDOC-112sdoc4.pdf,1245,1245,data,True,1242,1242,SENATOR TIM JOHNSON,2011,234,68,block_data
112sdoc4,GPO-CDOC-112sdoc4.pdf,1246,1246,data,True,1242,1242,SENATOR TIM JOHNSON,2011,235,69,block_data
112sdoc4,GPO-CDOC-112sdoc4.pdf,1247,1247,data,True,1242,1242,SENATOR TIM JOHNSON,2011,240,69,block_data
112sdoc4,GPO-CDOC-112sdoc4.pdf,1248,1248,data,True,1242,1242,SENATOR TIM JOHNSON,2011,228,68,block_data
112sdoc4,GPO-CDOC-112sdoc4.pdf,1249,1249,data,True,1242,1242,SENATOR TIM JOHNSON,2011,237,69,block_data
112sdoc4,GPO-CDOC-112sdoc4.pdf,1250,1250,data,True,1242,1242,SENATOR TIM JOHNSON,2011,234,68,block_data
112sdoc4,GPO-CDOC-112sdoc4.pdf,1251,1251,data,True,1242,1242,SENATOR TIM JOHNSON,2011,208,69,block_data
112sdoc4,GPO-CDOC-112sdoc4.pdf,1252,1252,data,True,1242,1242,SENATOR TIM JOHNSON,2011,229,69,block_data
112sdoc4,GPO-CDOC-112sdoc4.pdf,1253,1253,data,True,1242,1242,SENATOR TIM JOHNSON,2011,236,54,block_data
112sdoc4,GPO-CDOC-112sdoc4.pdf,1254,1254,banner,True,1254,1254,SENATOR RON JOHNSON,2011,152,58,block_start
112sdoc4,GPO-CDOC-112sdoc4.pdf,1255,1255,data,True,1254,1254,SENATOR RON JOHNSON,2011,219,68,block_data
112sdoc4,GPO-CDOC-112sdoc4.pdf,1256,1256,data,True,1254,1254,SENATOR RON JOHNSON,2011,245,69,block_data
112sdoc4,GPO-CDOC-112sdoc4.pdf,1257,1257,data,True,1254,1254,SENATOR RON JOHNSON,2011,242,68,block_data
112sdoc4,GPO-CDOC-112sdoc4.pdf,1258,1258,data,True,1254,1254,SENATOR RON JOHNSON,2011,232,69,block_data
112sdoc4,GPO-CDOC-112sdoc4.pdf,1259,1259,data,True,1254,1254,SENATOR RON JOHNSON,2011,247,68,block_data
112sdoc4,GPO-CDOC-112sdoc4.pdf,1260,1260,data,True,1254,1254,SENATOR RON JOHNSON,2011,235,67,block_data
112sdoc4,GPO-CDOC-112sdoc4.pdf,1261,1261,data,True,1254,1254,SENATOR RON JOHNSON,2011,241,68,block_data
112sdoc4,GPO-CDOC-112sdoc4.pdf,1262,1262,data,True,1254,1254,SENATOR RON JOHNSON,2011,244,69,block_data
112sdoc4,GPO-CDOC-112sdoc4.pdf,1263,1263,data,True,1254,1254,SENATOR RON JOHNSON,2011,236,68,block_data
112sdoc4,GPO-CDOC-112sdoc4.pdf,1264,1264,data,True,1254,1254,SENATOR RON JOHNSON,2011,236,68,block_data
112sdoc4,GPO-CDOC-112sdoc4.pdf,1265,1265,data,True,1254,1254,SENATOR RON JOHNSON,2011,244,69,block_data
112sdoc4,GPO-CDOC-112sdoc4.pdf,1266,1266,data,True,1254,1254,SENATOR RON JOHNSON,2011,248,69,block_data
112sdoc4,GPO-CDOC-112sdoc4.pdf,1267,1267,data,True,1254,1254,SENATOR RON JOHNSON,2011,226,56,block_data
112sdoc4,GPO-CDOC-112sdoc4.pdf,1268,1268,banner,True,1268,1268,SENATOR EDWARD KAUFMAN,2009,74,33,block_start
112sdoc4,GPO-CDOC-112sdoc4.pdf,1269,1269,banner,True,1269,1269,SENATOR EDWARD KAUFMAN,2010,74,33,block_start
112sdoc4,GPO-CDOC-112sdoc4.pdf,1270,1270,banner,True,1270,1270,SENATOR EDWARD KAUFMAN,2011,80,33,block_start
112sdoc4,GPO-CDOC-112sdoc4.pdf,1271,1271,banner,True,1271,1271,SENATOR EDWARD M. KENNEDY,2009,74,32,block_start
112sdoc4,GPO-CDOC-112sdoc4.pdf,1272,1272,banner,True,1272,1272,SENATOR JOHN F. KERRY,2009,74,32,block_start
112sdoc4,GPO-CDOC-112sdoc4.pdf,1273,1273,banner,True,1273,1273,SENATOR JOHN F. KERRY,2010,94,37,block_start
112sdoc4,GPO-CDOC-112sdoc4.pdf,1274,1274,banner,True,1274,1274,SENATOR JOHN F. KERRY,2011,152,58,block_start
112sdoc4,GPO-CDOC-112sdoc4.pdf,1275,1275,data,True,1274,1274,SENATOR JOHN F. KERRY,2011,211,68,block_data
112sdoc4,GPO-CDOC-112sdoc4.pdf,1276,1276,data,True,1274,1274,SENATOR JOHN F. KERRY,2011,217,67,block_data
112sdoc4,GPO-CDOC-112sdoc4.pdf,1277,1277,data,True,1274,1274,SENATOR JOHN F. KERRY,2011,235,68,block_data
112sdoc4,GPO-CDOC-112sdoc4.pdf,1278,1278,data,True,1274,1274,SENATOR JOHN F. KERRY,2011,248,69,block_data
112sdoc4,GPO-CDOC-112sdoc4.pdf,1279,1279,data,True,1274,1274,SENATOR JOHN F. KERRY,2011,237,69,block_data
112sdoc4,GPO-CDOC-112sdoc4.pdf,1280,1280,data,True,1274,1274,SENATOR JOHN F. KERRY,2011,303,67,block_data
112sdoc4,GPO-CDOC-112sdoc4.pdf,1281,1281,data,True,1274,1274,SENATOR JOHN F. KERRY,2011,21,14,block_data
112sdoc4,GPO-CDOC-112sdoc4.pdf,1282,1282,banner,True,1282,1282,"SENATOR PAUL G. KIRK, JR.",2009,71,31,block_start
112sdoc4,GPO-CDOC-112sdoc4.pdf,1283,1283,banner,True,1283,1283,"SENATOR PAUL G. KIRK, JR.",2010,68,30,block_start
112sdoc4,GPO-CDOC-112sdoc4.pdf,1284,1284,banner,True,1284,1284,SENATOR MARK KIRK,2011,152,58,block_start
112sdoc4,GPO-CDOC-112sdoc4.pdf,1285,1285,data,True,1284,1284,SENATOR MARK KIRK,2011,211,70,block_data
112sdoc4,GPO-CDOC-112sdoc4.pdf,1286,1286,data,True,1284,1284,SENATOR MARK KIRK,2011,235,69,block_data
112sdoc4,GPO-CDOC-112sdoc4.pdf,1287,1287,data,True,1284,1284,SENATOR MARK KIRK,2011,239,68,block_data
112sdoc4,GPO-CDOC-112sdoc4.pdf,1288,1288,data,True,1284,1284,SENATOR MARK KIRK,2011,233,67,block_data
112sdoc4,GPO-CDOC-112sdoc4.pdf,1289,1289,data,True,1284,1284,SENATOR MARK KIRK,2011,228,69,block_data
112sdoc4,GPO-CDOC-112sdoc4.pdf,1290,1290,data,True,1284,1284,SENATOR MARK KIRK,2011,244,68,block_data
112sdoc4,GPO-CDOC-112sdoc4.pdf,1291,1291,data,True,1284,1284,SENATOR MARK KIRK,2011,245,68,block_data
112sdoc4,GPO-CDOC-112sdoc4.pdf,1292,1292,data,True,1284,1284,SENATOR MARK KIRK,2011,226,67,block_data
112sdoc4,GPO-CDOC-112sdoc4.pdf,1293,1293,data,True,1284,1284,SENATOR MARK KIRK,2011,256,69,block_data
112sdoc4,GPO-CDOC-112sdoc4.pdf,1294,1294,data,True,1284,1284,SENATOR MARK KIRK,2011,259,68,block_data
112sdoc4,GPO-CDOC-112sdoc4.pdf,1295,1295,data,True,1284,1284,SENATOR MARK KIRK,2011,241,68,block_data
112sdoc4,GPO-CDOC-112sdoc4.pdf,1296,1296,data,True,1284,1284,SENATOR MARK KIRK,2011,239,67,block_data
112sdoc4,GPO-CDOC-112sdoc4.pdf,1297,1297,data,True,1284,1284,SENATOR MARK KIRK,2011,187,44,block_data
112sdoc4,GPO-CDOC-112sdoc4.pdf,1298,1298,banner,True,1298,1298,SENATOR AMY KLOBUCHAR,2009,74,32,block_start
112sdoc4,GPO-CDOC-112sdoc4.pdf,1299,1299,banner,True,1299,1299,SENATOR AMY KLOBUCHAR,2010,86,36,block_start
112sdoc4,GPO-CDOC-112sdoc4.pdf,1300,1300,banner,True,1300,1300,SENATOR AMY KLOBUCHAR,2011,154,58,block_start
112sdoc4,GPO-CDOC-112sdoc4.pdf,1301,1301,data,True,1300,1300,SENATOR AMY KLOBUCHAR,2011,214,71,block_data
112sdoc4,GPO-CDOC-112sdoc4.pdf,1302,1302,data,True,1300,1300,SENATOR AMY KLOBUCHAR,2011,252,69,block_data
112sdoc4,GPO-CDOC-112sdoc4.pdf,1303,1303,data,True,1300,1300,SENATOR AMY KLOBUCHAR,2011,244,67,block_data
112sdoc4,GPO-CDOC-112sdoc4.pdf,1304,1304,data,True,1300,1300,SENATOR AMY KLOBUCHAR,2011,250,68,block_data
112sdoc4,GPO-CDOC-112sdoc4.pdf,1305,1305,data,True,1300,1300,SENATOR AMY KLOBUCHAR,2011,248,69,block_data
112sdoc4,GPO-CDOC-112sdoc4.pdf,1306,1306,data,True,1300,1300,SENATOR AMY KLOBUCHAR,2011,242,69,block_data
112sdoc4,GPO-CDOC-112sdoc4.pdf,1307,1307,data,True,1300,1300,SENATOR AMY KLOBUCHAR,2011,250,68,block_data
112sdoc4,GPO-CDOC-112sdoc4.pdf,1308,1308,data,True,1300,1300,SENATOR AMY KLOBUCHAR,2011,241,67,block_data
112sdoc4,GPO-CDOC-112sdoc4.pdf,1309,1309,data,True,1300,1300,SENATOR AMY KLOBUCHAR,2011,251,69,block_data
112sdoc4,GPO-CDOC-112sdoc4.pdf,1310,1310,data,True,1300,1300,SENATOR AMY KLOBUCHAR,2011,247,69,block_data
112sdoc4,GPO-CDOC-112sdoc4.pdf,1311,1311,data,True,1300,1300,SENATOR AMY KLOBUCHAR,2011,250,69,block_data
112sdoc4,GPO-CDOC-112sdoc4.pdf,1312,1312,data,True,1300,1300,SENATOR AMY KLOBUCHAR,2011,245,69,block_data
112sdoc4,GPO-CDOC-112sdoc4.pdf,1313,1313,data,True,1300,1300,SENATOR AMY KLOBUCHAR,2011,239,69,block_data
112sdoc4,GPO-CDOC-112sdoc4.pdf,1314,1314,data,True,1300,1300,SENATOR AMY KLOBUCHAR,2011,252,69,block_data
112sdoc4,GPO-CDOC-112sdoc4.pdf,1315,1315,data,True,1300,1300,SENATOR AMY KLOBUCHAR,2011,249,69,block_data
112sdoc4,GPO-CDOC-112sdoc4.pdf,1316,1316,data,True,1300,1300,SENATOR AMY KLOBUCHAR,2011,251,68,block_data
112sdoc4,GPO-CDOC-112sdoc4.pdf,1317,1317,data,True,1300,1300,SENATOR AMY KLOBUCHAR,2011,307,65,block_data
112sdoc4,GPO-CDOC-112sdoc4.pdf,1318,1318,banner,True,1318,1318,SENATOR HERBERT H. KOHL,2009,74,32,block_start
112sdoc4,GPO-CDOC-112sdoc4.pdf,1319,1319,banner,True,1319,1319,SENATOR HERBERT H. KOHL,2010,74,32,block_start
112sdoc4,GPO-CDOC-112sdoc4.pdf,1320,1320,banner,True,1320,1320,SENATOR HERBERT H. KOHL,2011,152,58,block_start
112sdoc4,GPO-CDOC-112sdoc4.pdf,1321,1321,data,True,1320,1320,SENATOR HERBERT H. KOHL,2011,222,72,block_data
112sdoc4,GPO-CDOC-112sdoc4.pdf,1322,1322,data,True,1320,1320,SENATOR HERBERT H. KOHL,2011,249,69,block_data
112sdoc4,GPO-CDOC-112sdoc4.pdf,1323,1323,data,True,1320,1320,SENATOR HERBERT H. KOHL,2011,243,68,block_data
112sdoc4,GPO-CDOC-112sdoc4.pdf,1324,1324,data,True,1320,1320,SENATOR HERBERT H. KOHL,2011,247,68,block_data
112sdoc4,GPO-CDOC-112sdoc4.pdf,1325,1325,data,True,1320,1320,SENATOR HERBERT H. KOHL,2011,247,68,block_data
112sdoc4,GPO-CDOC-112sdoc4.pdf,1326,1326,data,True,1320,1320,SENATOR HERBERT H. KOHL,2011,243,68,block_data
112sdoc4,GPO-CDOC-112sdoc4.pdf,1327,1327,data,True,1320,1320,SENATOR HERBERT H. KOHL,2011,247,68,block_data
112sdoc4,GPO-CDOC-112sdoc4.pdf,1328,1328,data,True,1320,1320,SENATOR HERBERT H. KOHL,2011,239,68,block_data
112sdoc4,GPO-CDOC-112sdoc4.pdf,1329,1329,data,True,1320,1320,SENATOR HERBERT H. KOHL,2011,241,69,block_data
112sdoc4,GPO-CDOC-112sdoc4.pdf,1330,1330,data,True,1320,1320,SENATOR HERBERT H. KOHL,2011,239,68,block_data
112sdoc4,GPO-CDOC-112sdoc4.pdf,1331,1331,data,True,1320,1320,SENATOR HERBERT H. KOHL,2011,239,68,block_data
112sdoc4,GPO-CDOC-112sdoc4.pdf,1332,1332,data,True,1320,1320,SENATOR HERBERT H. KOHL,2011,239,68,block_data
112sdoc4,GPO-CDOC-112sdoc4.pdf,1333,1333,data,True,1320,1320,SENATOR HERBERT H. KOHL,2011,237,67,block_data
112sdoc4,GPO-CDOC-112sdoc4.pdf,1334,1334,data,True,1320,1320,SENATOR HERBERT H. KOHL,2011,239,68,block_data
112sdoc4,GPO-CDOC-112sdoc4.pdf,1335,1335,data,True,1320,1320,SENATOR HERBERT H. KOHL,2011,211,50,block_data
112sdoc4,GPO-CDOC-112sdoc4.pdf,1336,1336,banner,True,1336,1336,SENATOR JON KYL,2009,71,31,block_start
112sdoc4,GPO-CDOC-112sdoc4.pdf,1337,1337,banner,True,1337,1337,SENATOR JON KYL,2010,74,32,block_start
112sdoc4,GPO-CDOC-112sdoc4.pdf,1338,1338,banner,True,1338,1338,SENATOR JON KYL,2011,155,59,block_start
112sdoc4,GPO-CDOC-112sdoc4.pdf,1339,1339,data,True,1338,1338,SENATOR JON KYL,2011,213,70,block_data
112sdoc4,GPO-CDOC-112sdoc4.pdf,1340,1340,data,True,1338,1338,SENATOR JON KYL,2011,240,69,block_data
112sdoc4,GPO-CDOC-112sdoc4.pdf,1341,1341,data,True,1338,1338,SENATOR JON KYL,2011,240,69,block_data
112sdoc4,GPO-CDOC-112sdoc4.pdf,1342,1342,data,True,1338,1338,SENATOR JON KYL,2011,239,69,block_data
112sdoc4,GPO-CDOC-112sdoc4.pdf,1343,1343,data,True,1338,1338,SENATOR JON KYL,2011,334,63,block_data
112sdoc4,GPO-CDOC-112sdoc4.pdf,1344,1344,banner,True,1344,1344,SENATOR MARY L. LANDRIEU,2009,84,35,block_start
112sdoc4,GPO-CDOC-112sdoc4.pdf,1345,1345,banner,True,1345,1345,SENATOR MARY L. LANDRIEU,2010,74,32,block_start
112sdoc4,GPO-CDOC-112sdoc4.pdf,1346,1346,banner,True,1346,1346,SENATOR MARY L. LANDRIEU,2011,152,58,block_start
112sdoc4,GPO-CDOC-112sdoc4.pdf,1347,1347,data,True,1346,1346,SENATOR MARY L. LANDRIEU,2011,208,71,block_data
112sdoc4,GPO-CDOC-112sdoc4.pdf,1348,1348,data,True,1346,1346,SENATOR MARY L. LANDRIEU,2011,230,68,block_data
112sdoc4,GPO-CDOC-112sdoc4.pdf,1349,1349,data,True,1346,1346,SENATOR MARY L. LANDRIEU,2011,251,68,block_data
112sdoc4,GPO-CDOC-112sdoc4.pdf,1350,1350,data,True,1346,1346,SENATOR MARY L. LANDRIEU,2011,239,68,block_data
112sdoc4,GPO-CDOC-112sdoc4.pdf,1351,1351,data,True,1346,1346,SENATOR MARY L. LANDRIEU,2011,254,68,block_data
112sdoc4,GPO-CDOC-112sdoc4.pdf,1352,1352,data,True,1346,1346,SENATOR MARY L. LANDRIEU,2011,246,68,block_data
112sdoc4,GPO-CDOC-112sdoc4.pdf,1353,1353,data,True,1346,1346,SENATOR MARY L. LANDRIEU,2011,233,68,block_data
112sdoc4,GPO-CDOC-112sdoc4.pdf,1354,1354,data,True,1346,1346,SENATOR MARY L. LANDRIEU,2011,246,68,block_data
112sdoc4,GPO-CDOC-112sdoc4.pdf,1355,1355,data,True,1346,1346,SENATOR MARY L. LANDRIEU,2011,254,68,block_data
112sdoc4,GPO-CDOC-112sdoc4.pdf,1356,1356,data,True,1346,1346,SENATOR MARY L. LANDRIEU,2011,248,69,block_data
112sdoc4,GPO-CDOC-112sdoc4.pdf,1357,1357,data,True,1346,1346,SENATOR MARY L. LANDRIEU,2011,291,67,block_data
112sdoc4,GPO-CDOC-112sdoc4.pdf,1358,1358,data,True,1346,1346,SENATOR MARY L. LANDRIEU,2011,23,15,block_data
112sdoc4,GPO-CDOC-112sdoc4.pdf,1359,1359,banner,True,1359,1359,SENATOR FRANK R. LAUTENBERG,2009,74,32,block_start
112sdoc4,GPO-CDOC-112sdoc4.pdf,1360,1360,banner,True,1360,1360,SENATOR FRANK R. LAUTENBERG,2010,81,34,block_start
112sdoc4,GPO-CDOC-112sdoc4.pdf,1361,1361,banner,True,1361,1361,SENATOR FRANK R. LAUTENBERG,2011,152,58,block_start
112sdoc4,GPO-CDOC-112sdoc4.pdf,1362,1362,data,True,1361,1361,SENATOR FRANK R. LAUTENBERG,2011,206,70,block_data
112sdoc4,GPO-CDOC-112sdoc4.pdf,1363,1363,data,True,1361,1361,SENATOR FRANK R. LAUTENBERG,2011,237,67,block_data
112sdoc4,GPO-CDOC-112sdoc4.pdf,1364,1364,data,True,1361,1361,SENATOR FRANK R. LAUTENBERG,2011,234,68,block_data
112sdoc4,GPO-CDOC-112sdoc4.pdf,1365,1365,data,True,1361,1361,SENATOR FRANK R. LAUTENBERG,2011,238,69,block_data
112sdoc4,GPO-CDOC-112sdoc4.pdf,1366,1366,data,True,1361,1361,SENATOR FRANK R. LAUTENBERG,2011,237,68,block_data
112sdoc4,GPO-CDOC-112sdoc4.pdf,1367,1367,data,True,1361,1361,SENATOR FRANK R. LAUTENBERG,2011,232,69,block_data
112sdoc4,GPO-CDOC-112sdoc4.pdf,1368,1368,data,True,1361,1361,SENATOR FRANK R. LAUTENBERG,2011,240,69,block_data
112sdoc4,GPO-CDOC-112sdoc4.pdf,1369,1369,data,True,1361,1361,SENATOR FRANK R. LAUTENBERG,2011,243,68,block_data
112sdoc4,GPO-CDOC-112sdoc4.pdf,1370,1370,data,True,1361,1361,SENATOR FRANK R. LAUTENBERG,2011,246,68,block_data
112sdoc4,GPO-CDOC-112sdoc4.pdf,1371,1371,data,True,1361,1361,SENATOR FRANK R. LAUTENBERG,2011,176,38,block_data
112sdoc4,GPO-CDOC-112sdoc4.pdf,1372,1372,banner,True,1372,1372,SENATOR PATRICK J. LEAHY,2009,74,32,block_start
112sdoc4,GPO-CDOC-112sdoc4.pdf,1373,1373,banner,True,1373,1373,SENATOR PATRICK J. LEAHY,2010,110,41,block_start
112sdoc4,GPO-CDOC-112sdoc4.pdf,1374,1374,banner,True,1374,1374,SENATOR PATRICK J. LEAHY,2011,155,59,block_start
112sdoc4,GPO-CDOC-112sdoc4.pdf,1375,1375,data,True,1374,1374,SENATOR PATRICK J. LEAHY,2011,216,70,block_data
112sdoc4,GPO-CDOC-112sdoc4.pdf,1376,1376,data,True,1374,1374,SENATOR PATRICK J. LEAHY,2011,244,67,block_data
112sdoc4,GPO-CDOC-112sdoc4.pdf,1377,1377,data,True,1374,1374,SENATOR PATRICK J. LEAHY,2011,228,68,block_data
112sdoc4,GPO-CDOC-112sdoc4.pdf,1378,1378,data,True,1374,1374,SENATOR PATRICK J. LEAHY,2011,251,68,block_data
112sdoc4,GPO-CDOC-112sdoc4.pdf,1379,1379,data,True,1374,1374,SENATOR PATRICK J. LEAHY,2011,242,68,block_data
112sdoc4,GPO-CDOC-112sdoc4.pdf,1380,1380,data,True,1374,1374,SENATOR PATRICK J. LEAHY,2011,237,69,block_data
112sdoc4,GPO-CDOC-112sdoc4.pdf,1381,1381,data,True,1374,1374,SENATOR PATRICK J. LEAHY,2011,245,68,block_data
112sdoc4,GPO-CDOC-112sdoc4.pdf,1382,1382,data,True,1374,1374,SENATOR PATRICK J. LEAHY,2011,297,67,block_data
112sdoc4,GPO-CDOC-112sdoc4.pdf,1383,1383,data,True,1374,1374,SENATOR PATRICK J. LEAHY,2011,25,16,block_data
112sdoc4,GPO-CDOC-112sdoc4.pdf,1384,1384,banner,True,1384,1384,SENATOR MIKE LEE,2011,152,58,block_start
112sdoc4,GPO-CDOC-112sdoc4.pdf,1385,1385,data,True,1384,1384,SENATOR MIKE LEE,2011,219,69,block_data
112sdoc4,GPO-CDOC-112sdoc4.pdf,1386,1386,data,True,1384,1384,SENATOR MIKE LEE,2011,243,69,block_data
112sdoc4,GPO-CDOC-112sdoc4.pdf,1387,1387,data,True,1384,1384,SENATOR MIKE LEE,2011,234,68,block_data
112sdoc4,GPO-CDOC-112sdoc4.pdf,1388,1388,data,True,1384,1384,SENATOR MIKE LEE,2011,238,69,block_data
112sdoc4,GPO-CDOC-112sdoc4.pdf,1389,1389,data,True,1384,1384,SENATOR MIKE LEE,2011,240,68,block_data
112sdoc4,GPO-CDOC-112sdoc4.pdf,1390,1390,data,True,1384,1384,SENATOR MIKE LEE,2011,260,68,block_data
112sdoc4,GPO-CDOC-112sdoc4.pdf,1391,1391,data,True,1384,1384,SENATOR MIKE LEE,2011,48,20,block_data
112sdoc4,GPO-CDOC-112sdoc4.pdf,1392,1392,banner,True,1392,1392,SENATOR GEORGE LEMIEUX,2009,74,33,block_start
112sdoc4,GPO-CDOC-112sdoc4.pdf,1393,1393,banner,True,1393,1393,SENATOR GEORGE LEMIEUX,2010,74,32,block_start
112sdoc4,GPO-CDOC-112sdoc4.pdf,1394,1394,banner,True,1394,1394,SENATOR GEORGE LEMIEUX,2011,71,32,block_start
112sdoc4,GPO-CDOC-112sdoc4.pdf,1395,1395,banner,True,1395,1395,SENATOR CARL LEVIN,2009,74,32,block_start
112sdoc4,GPO-CDOC-112sdoc4.pdf,1396,1396,banner,True,1396,1396,SENATOR CARL LEVIN,2010,94,35,block_start
112sdoc4,GPO-CDOC-112sdoc4.pdf,1397,1397,banner,True,1397,1397,SENATOR CARL LEVIN,2011,152,58,block_start
112sdoc4,GPO-CDOC-112sdoc4.pdf,1398,1398,data,True,1397,1397,SENATOR CARL LEVIN,2011,211,69,block_data
112sdoc4,GPO-CDOC-112sdoc4.pdf,1399,1399,data,True,1397,1397,SENATOR CARL LEVIN,2011,237,67,block_data
112sdoc4,GPO-CDOC-112sdoc4.pdf,1400,1400,data,True,1397,1397,SENATOR CARL LEVIN,2011,243,69,block_data
112sdoc4,GPO-CDOC-112sdoc4.pdf,1401,1401,data,True,1397,1397,SENATOR CARL LEVIN,2011,247,68,block_data
112sdoc4,GPO-CDOC-112sdoc4.pdf,1402,1402,data,True,1397,1397,SENATOR CARL LEVIN,2011,232,67,block_data
112sdoc4,GPO-CDOC-112sdoc4.pdf,1403,1403,data,True,1397,1397,SENATOR CARL LEVIN,2011,234,68,block_data
112sdoc4,GPO-CDOC-112sdoc4.pdf,1404,1404,data,True,1397,1397,SENATOR CARL LEVIN,2011,238,68,block_data
112sdoc4,GPO-CDOC-112sdoc4.pdf,1405,1405,data,True,1397,1397,SENATOR CARL LEVIN,2011,230,67,block_data
112sdoc4,GPO-CDOC-112sdoc4.pdf,1406,1406,data,True,1397,1397,SENATOR CARL LEVIN,2011,235,68,block_data
112sdoc4,GPO-CDOC-112sdoc4.pdf,1407,1407,data,True,1397,1397,SENATOR CARL LEVIN,2011,241,68,block_data
112sdoc4,GPO-CDOC-112sdoc4.pdf,1408,1408,data,True,1397,1397,SENATOR CARL LEVIN,2011,294,58,block_data
112sdoc4,GPO-CDOC-112sdoc4.pdf,1409,1409,banner,True,1409,1409,SENATOR JOSEPH I. LIEBERMAN,2009,71,31,block_start
112sdoc4,GPO-CDOC-112sdoc4.pdf,1410,1410,banner,True,1410,1410,SENATOR JOSEPH I. LIEBERMAN,2010,83,34,block_start
112sdoc4,GPO-CDOC-112sdoc4.pdf,1411,1411,banner,True,1411,1411,SENATOR JOSEPH I. LIEBERMAN,2011,155,59,block_start
112sdoc4,GPO-CDOC-112sdoc4.pdf,1412,1412,data,True,1411,1411,SENATOR JOSEPH I. LIEBERMAN,2011,218,69,block_data
112sdoc4,GPO-CDOC-112sdoc4.pdf,1413,1413,data,True,1411,1411,SENATOR JOSEPH I. LIEBERMAN,2011,267,68,block_data
112sdoc4,GPO-CDOC-112sdoc4.pdf,1414,1414,data,True,1411,1411,SENATOR JOSEPH I. LIEBERMAN,2011,134,33,block_data
112sdoc4,GPO-CDOC-112sdoc4.pdf,1415,1415,banner,True,1415,1415,SENATOR BLANCHE L. LINCOLN,2009,74,32,block_start
112sdoc4,GPO-CDOC-112sdoc4.pdf,1416,1416,banner,True,1416,1416,SENATOR BLANCHE L. LINCOLN,2010,74,32,block_start
112sdoc4,GPO-CDOC-112sdoc4.pdf,1417,1417,banner,True,1417,1417,SENATOR BLANCHE L. LINCOLN,2011,68,30,block_start
112sdoc4,GPO-CDOC-112sdoc4.pdf,1418,1418,banner,True,1418,1418,SENATOR RICHARD G. LUGAR,2009,84,35,block_start
112sdoc4,GPO-CDOC-112sdoc4.pdf,1419,1419,banner,True,1419,1419,SENATOR RICHARD G. LUGAR,2010,113,42,block_start
112sdoc4,GPO-CDOC-112sdoc4.pdf,1420,1420,banner,True,1420,1420,SENATOR RICHARD G. LUGAR,2011,153,58,block_start
112sdoc4,GPO-CDOC-112sdoc4.pdf,1421,1421,data,True,1420,1420,SENATOR RICHARD G. LUGAR,2011,216,69,block_data
112sdoc4,GPO-CDOC-112sdoc4.pdf,1422,1422,data,True,1420,1420,SENATOR RICHARD G. LUGAR,2011,247,68,block_data
112sdoc4,GPO-CDOC-112sdoc4.pdf,1423,1423,data,True,1420,1420,SENATOR RICHARD G. LUGAR,2011,245,67,block_data
112sdoc4,GPO-CDOC-112sdoc4.pdf,1424,1424,data,True,1420,1420,SENATOR RICHARD G. LUGAR,2011,242,68,block_data
112sdoc4,GPO-CDOC-112sdoc4.pdf,1425,1425,data,True,1420,1420,SENATOR RICHARD G. LUGAR,2011,258,69,block_data
112sdoc4,GPO-CDOC-112sdoc4.pdf,1426,1426,data,True,1420,1420,SENATOR RICHARD G. LUGAR,2011,259,68,block_data
112sdoc4,GPO-CDOC-112sdoc4.pdf,1427,1427,data,True,1420,1420,SENATOR RICHARD G. LUGAR,2011,255,68,block_data
112sdoc4,GPO-CDOC-112sdoc4.pdf,1428,1428,data,True,1420,1420,SENATOR RICHARD G. LUGAR,2011,245,66,block_data
112sdoc4,GPO-CDOC-112sdoc4.pdf,1429,1429,data,True,1420,1420,SENATOR RICHARD G. LUGAR,2011,243,68,block_data
112sdoc4,GPO-CDOC-112sdoc4.pdf,1430,1430,data,True,1420,1420,SENATOR RICHARD G. LUGAR,2011,248,69,block_data
112sdoc4,GPO-CDOC-112sdoc4.pdf,1431,1431,data,True,1420,1420,SENATOR RICHARD G. LUGAR,2011,251,68,block_data
112sdoc4,GPO-CDOC-112sdoc4.pdf,1432,1432,data,True,1420,1420,SENATOR RICHARD G. LUGAR,2011,265,69,block_data
112sdoc4,GPO-CDOC-112sdoc4.pdf,1433,1433,data,True,1420,1420,SENATOR RICHARD G. LUGAR,2011,253,69,block_data
112sdoc4,GPO-CDOC-112sdoc4.pdf,1434,1434,data,True,1420,1420,SENATOR RICHARD G. LUGAR,2011,252,68,block_data
112sdoc4,GPO-CDOC-112sdoc4.pdf,1435,1435,data,True,1420,1420,SENATOR RICHARD G. LUGAR,2011,153,35,block_data
112sdoc4,GPO-CDOC-112sdoc4.pdf,1436,1436,banner,True,1436,1436,SENATOR JOE MANCHIN,2011,156,59,block_start
112sdoc4,GPO-CDOC-112sdoc4.pdf,1437,1437,data,True,1436,1436,SENATOR JOE MANCHIN,2011,213,69,block_data
112sdoc4,GPO-CDOC-112sdoc4.pdf,1438,1438,data,True,1436,1436,SENATOR JOE MANCHIN,2011,238,66,block_data
112sdoc4,GPO-CDOC-112sdoc4.pdf,1439,1439,data,True,1436,1436,SENATOR JOE MANCHIN,2011,228,70,block_data
112sdoc4,GPO-CDOC-112sdoc4.pdf,1440,1440,data,True,1436,1436,SENATOR JOE MANCHIN,2011,222,70,block_data
112sdoc4,GPO-CDOC-112sdoc4.pdf,1441,1441,data,True,1436,1436,SENATOR JOE MANCHIN,2011,215,69,block_data
112sdoc4,GPO-CDOC-112sdoc4.pdf,1442,1442,data,True,1436,1436,SENATOR JOE MANCHIN,2011,249,69,block_data
112sdoc4,GPO-CDOC-112sdoc4.pdf,1443,1443,data,True,1436,1436,SENATOR JOE MANCHIN,2011,241,67,block_data
112sdoc4,GPO-CDOC-112sdoc4.pdf,1444,1444,data,True,1436,1436,SENATOR JOE MANCHIN,2011,238,68,block_data
112sdoc4,GPO-CDOC-112sdoc4.pdf,1445,1445,data,True,1436,1436,SENATOR JOE MANCHIN,2011,220,67,block_data
112sdoc4,GPO-CDOC-112sdoc4.pdf,1446,1446,data,True,1436,1436,SENATOR JOE MANCHIN,2011,212,65,block_data
112sdoc4,GPO-CDOC-112sdoc4.pdf,1447,1447,data,True,1436,1436,SENATOR JOE MANCHIN,2011,230,68,block_data
112sdoc4,GPO-CDOC-112sdoc4.pdf,1448,1448,data,True,1436,1436,SENATOR JOE MANCHIN,2011,265,57,block_data
112sdoc4,GPO-CDOC-112sdoc4.pdf,1449,1449,banner,True,1449,1449,SENATOR MEL MARTINEZ,2009,77,33,block_start
112sdoc4,GPO-CDOC-112sdoc4.pdf,1450,1450,banner,True,1450,1450,SENATOR JOHN MCCAIN,2009,74,32,block_start
112sdoc4,GPO-CDOC-112sdoc4.pdf,1451,1451,banner,True,1451,1451,SENATOR JOHN MCCAIN,2010,84,35,block_start
112sdoc4,GPO-CDOC-112sdoc4.pdf,1452,1452,banner,True,1452,1452,SENATOR JOHN MCCAIN,2011,152,58,block_start
112sdoc4,GPO-CDOC-112sdoc4.pdf,1453,1453,data,True,1452,1452,SENATOR JOHN MCCAIN,2011,208,67,block_data
112sdoc4,GPO-CDOC-112sdoc4.pdf,1454,1454,data,True,1452,1452,SENATOR JOHN MCCAIN,2011,252,69,block_data
112sdoc4,GPO-CDOC-112sdoc4.pdf,1455,1455,data,True,1452,1452,SENATOR JOHN MCCAIN,2011,259,68,block_data
112sdoc4,GPO-CDOC-112sdoc4.pdf,1456,1456,data,True,1452,1452,SENATOR JOHN MCCAIN,2011,249,69,block_data
112sdoc4,GPO-CDOC-112sdoc4.pdf,1457,1457,data,True,1452,1452,SENATOR JOHN MCCAIN,2011,152,38,block_data
112sdoc4,GPO-CDOC-112sdoc4.pdf,1458,1458,banner,True,1458,1458,SENATOR CLAIRE MCCASKILL,2009,77,33,block_start
112sdoc4,GPO-CDOC-112sdoc4.pdf,1459,1459,banner,True,1459,1459,SENATOR CLAIRE MCCASKILL,2010,77,33,block_start
112sdoc4,GPO-CDOC-112sdoc4.pdf,1460,1460,banner,True,1460,1460,SENATOR CLAIRE MCCASKILL,2011,155,59,block_start
112sdoc4,GPO-CDOC-112sdoc4.pdf,1461,1461,data,True,1460,1460,SENATOR CLAIRE MCCASKILL,2011,226,70,block_data
112sdoc4,GPO-CDOC-112sdoc4.pdf,1462,1462,data,True,1460,1460,SENATOR CLAIRE MCCASKILL,2011,265,69,block_data
112sdoc4,GPO-CDOC-112sdoc4.pdf,1463,1463,data,True,1460,1460,SENATOR CLAIRE MCCASKILL,2011,258,68,block_data
112sdoc4,GPO-CDOC-112sdoc4.pdf,1464,1464,data,True,1460,1460,SENATOR CLAIRE MCCASKILL,2011,259,68,block_data
112sdoc4,GPO-CDOC-112sdoc4.pdf,1465,1465,data,True,1460,1460,SENATOR CLAIRE MCCASKILL,2011,244,69,block_data
112sdoc4,GPO-CDOC-112sdoc4.pdf,1466,1466,data,True,1460,1460,SENATOR CLAIRE MCCASKILL,2011,247,68,block_data
112sdoc4,GPO-CDOC-112sdoc4.pdf,1467,1467,data,True,1460,1460,SENATOR CLAIRE MCCASKILL,2011,255,69,block_data
112sdoc4,GPO-CDOC-112sdoc4.pdf,1468,1468,data,True,1460,1460,SENATOR CLAIRE MCCASKILL,2011,247,67,block_data
112sdoc4,GPO-CDOC-112sdoc4.pdf,1469,1469,data,True,1460,1460,SENATOR CLAIRE MCCASKILL,2011,235,68,block_data
112sdoc4,GPO-CDOC-112sdoc4.pdf,1470,1470,data,True,1460,1460,SENATOR CLAIRE MCCASKILL,2011,255,68,block_data
112sdoc4,GPO-CDOC-112sdoc4.pdf,1471,1471,data,True,1460,1460,SENATOR CLAIRE MCCASKILL,2011,254,69,block_data
112sdoc4,GPO-CDOC-112sdoc4.pdf,1472,1472,data,True,1460,1460,SENATOR CLAIRE MCCASKILL,2011,255,68,block_data
112sdoc4,GPO-CDOC-112sdoc4.pdf,1473,1473,data,True,1460,1460,SENATOR CLAIRE MCCASKILL,2011,255,68,block_data
112sdoc4,GPO-CDOC-112sdoc4.pdf,1474,1474,data,True,1460,1460,SENATOR CLAIRE MCCASKILL,2011,255,68,block_data
112sdoc4,GPO-CDOC-112sdoc4.pdf,1475,1475,data,True,1460,1460,SENATOR CLAIRE MCCASKILL,2011,252,68,block_data
112sdoc4,GPO-CDOC-112sdoc4.pdf,1476,1476,data,True,1460,1460,SENATOR CLAIRE MCCASKILL,2011,258,68,block_data
112sdoc4,GPO-CDOC-112sdoc4.pdf,1477,1477,data,True,1460,1460,SENATOR CLAIRE MCCASKILL,2011,265,69,block_data
112sdoc4,GPO-CDOC-112sdoc4.pdf,1478,1478,data,True,1460,1460,SENATOR CLAIRE MCCASKILL,2011,279,64,block_data
112sdoc4,GPO-CDOC-112sdoc4.pdf,1479,1479,banner,True,1479,1479,"SENATOR A. MITCHELL MCCONNELL, JR.",2009,71,31,block_start
112sdoc4,GPO-CDOC-112sdoc4.pdf,1480,1480,banner,True,1480,1480,"SENATOR A. MITCHELL MCCONNELL, JR.",2010,87,34,block_start
112sdoc4,GPO-CDOC-112sdoc4.pdf,1481,1481,banner,True,1481,1481,"SENATOR A. MITCHELL MCCONNELL, JR.",2011,155,59,block_start
112sdoc4,GPO-CDOC-112sdoc4.pdf,1482,1482,data,True,1481,1481,"SENATOR A. MITCHELL MCCONNELL, JR.",2011,204,68,block_data
112sdoc4,GPO-CDOC-112sdoc4.pdf,1483,1483,data,True,1481,1481,"SENATOR A. MITCHELL MCCONNELL, JR.",2011,201,69,block_data
112sdoc4,GPO-CDOC-112sdoc4.pdf,1484,1484,data,True,1481,1481,"SENATOR A. MITCHELL MCCONNELL, JR.",2011,206,69,block_data
112sdoc4,GPO-CDOC-112sdoc4.pdf,1485,1485,data,True,1481,1481,"SENATOR A. MITCHELL MCCONNELL, JR.",2011,195,68,block_data
112sdoc4,GPO-CDOC-112sdoc4.pdf,1486,1486,data,True,1481,1481,"SENATOR A. MITCHELL MCCONNELL, JR.",2011,199,69,block_data
112sdoc4,GPO-CDOC-112sdoc4.pdf,1487,1487,data,True,1481,1481,"SENATOR A. MITCHELL MCCONNELL, JR.",2011,217,69,block_data
112sdoc4,GPO-CDOC-112sdoc4.pdf,1488,1488,data,True,1481,1481,"SENATOR A. MITCHELL MCCONNELL, JR.",2011,220,68,block_data
112sdoc4,GPO-CDOC-112sdoc4.pdf,1489,1489,data,True,1481,1481,"SENATOR A. MITCHELL MCCONNELL, JR.",2011,85,26,block_data
112sdoc4,GPO-CDOC-112sdoc4.pdf,1490,1490,banner,True,1490,1490,SENATOR ROBERT MENENDEZ,2009,74,32,block_start
112sdoc4,GPO-CDOC-112sdoc4.pdf,1491,1491,banner,True,1491,1491,SENATOR ROBERT MENENDEZ,2010,74,32,block_start
112sdoc4,GPO-CDOC-112sdoc4.pdf,1492,1492,banner,True,1492,1492,SENATOR ROBERT MENENDEZ,2011,153,58,block_start
112sdoc4,GPO-CDOC-112sdoc4.pdf,1493,1493,data,True,1492,1492,SENATOR ROBERT MENENDEZ,2011,200,66,block_data
112sdoc4,GPO-CDOC-112sdoc4.pdf,1494,1494,data,True,1492,1492,SENATOR ROBERT MENENDEZ,2011,234,69,block_data
112sdoc4,GPO-CDOC-112sdoc4.pdf,1495,1495,data,True,1492,1492,SENATOR ROBERT MENENDEZ,2011,195,69,block_data
112sdoc4,GPO-CDOC-112sdoc4.pdf,1496,1496,data,True,1492,1492,SENATOR ROBERT MENENDEZ,2011,221,69,block_data
112sdoc4,GPO-CDOC-112sdoc4.pdf,1497,1497,data,True,1492,1492,SENATOR ROBERT MENENDEZ,2011,230,68,block_data
112sdoc4,GPO-CDOC-112sdoc4.pdf,1498,1498,data,True,1492,1492,SENATOR ROBERT MENENDEZ,2011,217,66,block_data
112sdoc4,GPO-CDOC-112sdoc4.pdf,1499,1499,data,True,1492,1492,SENATOR ROBERT MENENDEZ,2011,226,68,block_data
112sdoc4,GPO-CDOC-112sdoc4.pdf,1500,1500,data,True,1492,1492,SENATOR ROBERT MENENDEZ,2011,85,26,block_data
112sdoc4,GPO-CDOC-112sdoc4.pdf,1501,1501,banner,True,1501,1501,SENATOR JEFF MERKLEY,2009,74,33,block_start
112sdoc4,GPO-CDOC-112sdoc4.pdf,1502,1502,banner,True,1502,1502,SENATOR JEFF MERKLEY,2010,101,39,block_start
112sdoc4,GPO-CDOC-112sdoc4.pdf,1503,1503,banner,True,1503,1503,SENATOR JEFF MERKLEY,2011,149,57,block_start
112sdoc4,GPO-CDOC-112sdoc4.pdf,1504,1504,data,True,1503,1503,SENATOR JEFF MERKLEY,2011,209,72,block_data
112sdoc4,GPO-CDOC-112sdoc4.pdf,1505,1505,data,True,1503,1503,SENATOR JEFF MERKLEY,2011,225,69,block_data
112sdoc4,GPO-CDOC-112sdoc4.pdf,1506,1506,data,True,1503,1503,SENATOR JEFF MERKLEY,2011,234,67,block_data
112sdoc4,GPO-CDOC-112sdoc4.pdf,1507,1507,data,True,1503,1503,SENATOR JEFF MERKLEY,2011,235,68,block_data
112sdoc4,GPO-CDOC-112sdoc4.pdf,1508,1508,data,True,1503,1503,SENATOR JEFF MERKLEY,2011,235,68,block_data
112sdoc4,GPO-CDOC-112sdoc4.pdf,1509,1509,data,True,1503,1503,SENATOR JEFF MERKLEY,2011,286,67,block_data
112sdoc4,GPO-CDOC-112sdoc4.pdf,1510,1510,data,True,1503,1503,SENATOR JEFF MERKLEY,2011,21,14,block_data
112sdoc4,GPO-CDOC-112sdoc4.pdf,1511,1511,banner,True,1511,1511,SENATOR BARBARA A. MIKULSKI,2009,74,32,block_start
112sdoc4,GPO-CDOC-112sdoc4.pdf,1512,1512,banner,True,1512,1512,SENATOR BARBARA A. MIKULSKI,2010,74,32,block_start
112sdoc4,GPO-CDOC-112sdoc4.pdf,1513,1513,banner,True,1513,1513,SENATOR BARBARA A. MIKULSKI,2011,153,58,block_start
112sdoc4,GPO-CDOC-112sdoc4.pdf,1514,1514,data,True,1513,1513,SENATOR BARBARA A. MIKULSKI,2011,213,71,block_data
112sdoc4,GPO-CDOC-112sdoc4.pdf,1515,1515,data,True,1513,1513,SENATOR BARBARA A. MIKULSKI,2011,229,69,block_data
112sdoc4,GPO-CDOC-112sdoc4.pdf,1516,1516,data,True,1513,1513,SENATOR BARBARA A. MIKULSKI,2011,247,69,block_data
112sdoc4,GPO-CDOC-112sdoc4.pdf,1517,1517,data,True,1513,1513,SENATOR BARBARA A. MIKULSKI,2011,205,69,block_data
112sdoc4,GPO-CDOC-112sdoc4.pdf,1518,1518,data,True,1513,1513,SENATOR BARBARA A. MIKULSKI,2011,221,68,block_data
112sdoc4,GPO-CDOC-112sdoc4.pdf,1519,1519,data,True,1513,1513,SENATOR BARBARA A. MIKULSKI,2011,212,70,block_data
112sdoc4,GPO-CDOC-112sdoc4.pdf,1520,1520,data,True,1513,1513,SENATOR BARBARA A. MIKULSKI,2011,249,69,block_data
112sdoc4,GPO-CDOC-112sdoc4.pdf,1521,1521,data,True,1513,1513,SENATOR BARBARA A. MIKULSKI,2011,216,67,block_data
112sdoc4,GPO-CDOC-112sdoc4.pdf,1522,1522,data,True,1513,1513,SENATOR BARBARA A. MIKULSKI,2011,219,69,block_data
112sdoc4,GPO-CDOC-112sdoc4.pdf,1523,1523,data,True,1513,1513,SENATOR BARBARA A. MIKULSKI,2011,220,69,block_data
112sdoc4,GPO-CDOC-112sdoc4.pdf,1524,1524,data,True,1513,1513,SENATOR BARBARA A. MIKULSKI,2011,223,57,block_data
112sdoc4,GPO-CDOC-112sdoc4.pdf,1525,1525,banner,True,1525,1525,SENATOR JERRY MORAN,2011,155,59,block_start
112sdoc4,GPO-CDOC-112sdoc4.pdf,1526,1526,data,True,1525,1525,SENATOR JERRY MORAN,2011,199,70,block_data
112sdoc4,GPO-CDOC-112sdoc4.pdf,1527,1527,data,True,1525,1525,SENATOR JERRY MORAN,2011,224,68,block_data
112sdoc4,GPO-CDOC-112sdoc4.pdf,1528,1528,data,True,1525,1525,SENATOR JERRY MORAN,2011,214,69,block_data
112sdoc4,GPO-CDOC-112sdoc4.pdf,1529,1529,data,True,1525,1525,SENATOR JERRY MORAN,2011,229,68,block_data
112sdoc4,GPO-CDOC-112sdoc4.pdf,1530,1530,data,True,1525,1525,SENATOR JERRY MORAN,2011,191,70,block_data
112sdoc4,GPO-CDOC-112sdoc4.pdf,1531,1531,data,True,1525,1525,SENATOR JERRY MORAN,2011,211,66,block_data
112sdoc4,GPO-CDOC-112sdoc4.pdf,1532,1532,data,True,1525,1525,SENATOR JERRY MORAN,2011,218,68,block_data
112sdoc4,GPO-CDOC-112sdoc4.pdf,1533,1533,data,True,1525,1525,SENATOR JERRY MORAN,2011,213,66,block_data
112sdoc4,GPO-CDOC-112sdoc4.pdf,1534,1534,data,True,1525,1525,SENATOR JERRY MORAN,2011,213,67,block_data
112sdoc4,GPO-CDOC-112sdoc4.pdf,1535,1535,data,True,1525,1525,SENATOR JERRY MORAN,2011,222,69,block_data
112sdoc4,GPO-CDOC-112sdoc4.pdf,1536,1536,data,True,1525,1525,SENATOR JERRY MORAN,2011,211,68,block_data
112sdoc4,GPO-CDOC-112sdoc4.pdf,1537,1537,data,True,1525,1525,SENATOR JERRY MORAN,2011,206,66,block_data
112sdoc4,GPO-CDOC-112sdoc4.pdf,1538,1538,data,True,1525,1525,SENATOR JERRY MORAN,2011,220,67,block_data
112sdoc4,GPO-CDOC-112sdoc4.pdf,1539,1539,data,True,1525,1525,SENATOR JERRY MORAN,2011,389,71,block_data
112sdoc4,GPO-CDOC-112sdoc4.pdf,1540,1540,data,True,1525,1525,SENATOR JERRY MORAN,2011,83,25,block_data
112sdoc4,GPO-CDOC-112sdoc4.pdf,1541,1541,banner,True,1541,1541,SENATOR LISA MURKOWSKI,2009,74,32,block_start
112sdoc4,GPO-CDOC-112sdoc4.pdf,1542,1542,banner,True,1542,1542,SENATOR LISA MURKOWSKI,2010,74,32,block_start
112sdoc4,GPO-CDOC-112sdoc4.pdf,1543,1543,banner,True,1543,1543,SENATOR LISA MURKOWSKI,2011,155,59,block_start
112sdoc4,GPO-CDOC-112sdoc4.pdf,1544,1544,data,True,1543,1543,SENATOR LISA MURKOWSKI,2011,192,66,block_data
112sdoc4,GPO-CDOC-112sdoc4.pdf,1545,1545,data,True,1543,1543,SENATOR LISA MURKOWSKI,2011,222,69,block_data
112sdoc4,GPO-CDOC-112sdoc4.pdf,1546,1546,data,True,1543,1543,SENATOR LISA MURKOWSKI,2011,216,67,block_data
112sdoc4,GPO-CDOC-112sdoc4.pdf,1547,1547,data,True,1543,1543,SENATOR LISA MURKOWSKI,2011,206,69,block_data
112sdoc4,GPO-CDOC-112sdoc4.pdf,1548,1548,data,True,1543,1543,SENATOR LISA MURKOWSKI,2011,222,68,block_data
112sdoc4,GPO-CDOC-112sdoc4.pdf,1549,1549,data,True,1543,1543,SENATOR LISA MURKOWSKI,2011,202,69,block_data
112sdoc4,GPO-CDOC-112sdoc4.pdf,1550,1550,data,True,1543,1543,SENATOR LISA MURKOWSKI,2011,185,62,block_data
112sdoc4,GPO-CDOC-112sdoc4.pdf,1551,1551,data,True,1543,1543,SENATOR LISA MURKOWSKI,2011,320,73,block_data
112sdoc4,GPO-CDOC-112sdoc4.pdf,1552,1552,data,True,1543,1543,SENATOR LISA MURKOWSKI,2011,25,16,block_data
112sdoc4,GPO-CDOC-112sdoc4.pdf,1553,1553,banner,True,1553,1553,SENATOR PATTY MURRAY,2009,74,32,block_start
112sdoc4,GPO-CDOC-112sdoc4.pdf,1554,1554,banner,True,1554,1554,SENATOR PATTY MURRAY,2010,74,32,block_start
112sdoc4,GPO-CDOC-112sdoc4.pdf,1555,1555,banner,True,1555,1555,SENATOR PATTY MURRAY,2011,152,58,block_start
112sdoc4,GPO-CDOC-112sdoc4.pdf,1556,1556,data,True,1555,1555,SENATOR PATTY MURRAY,2011,213,68,block_data
112sdoc4,GPO-CDOC-112sdoc4.pdf,1557,1557,data,True,1555,1555,SENATOR PATTY MURRAY,2011,253,69,block_data
112sdoc4,GPO-CDOC-112sdoc4.pdf,1558,1558,data,True,1555,1555,SENATOR PATTY MURRAY,2011,249,69,block_data
112sdoc4,GPO-CDOC-112sdoc4.pdf,1559,1559,data,True,1555,1555,SENATOR PATTY MURRAY,2011,231,67,block_data
112sdoc4,GPO-CDOC-112sdoc4.pdf,1560,1560,data,True,1555,1555,SENATOR PATTY MURRAY,2011,252,69,block_data
112sdoc4,GPO-CDOC-112sdoc4.pdf,1561,1561,data,True,1555,1555,SENATOR PATTY MURRAY,2011,243,68,block_data
112sdoc4,GPO-CDOC-112sdoc4.pdf,1562,1562,data,True,1555,1555,SENATOR PATTY MURRAY,2011,247,68,block_data
112sdoc4,GPO-CDOC-112sdoc4.pdf,1563,1563,data,True,1555,1555,SENATOR PATTY MURRAY,2011,238,68,block_data
112sdoc4,GPO-CDOC-112sdoc4.pdf,1564,1564,data,True,1555,1555,SENATOR PATTY MURRAY,2011,250,68,block_data
112sdoc4,GPO-CDOC-112sdoc4.pdf,1565,1565,data,True,1555,1555,SENATOR PATTY MURRAY,2011,240,67,block_data
112sdoc4,GPO-CDOC-112sdoc4.pdf,1566,1566,data,True,1555,1555,SENATOR PATTY MURRAY,2011,238,68,block_data
112sdoc4,GPO-CDOC-112sdoc4.pdf,1567,1567,data,True,1555,1555,SENATOR PATTY MURRAY,2011,245,69,block_data
112sdoc4,GPO-CDOC-112sdoc4.pdf,1568,1568,data,True,1555,1555,SENATOR PATTY MURRAY,2011,230,68,block_data
112sdoc4,GPO-CDOC-112sdoc4.pdf,1569,1569,data,True,1555,1555,SENATOR PATTY MURRAY,2011,252,69,block_data
112sdoc4,GPO-CDOC-112sdoc4.pdf,1570,1570,data,True,1555,1555,SENATOR PATTY MURRAY,2011,210,67,block_data
112sdoc4,GPO-CDOC-112sdoc4.pdf,1571,1571,data,True,1555,1555,SENATOR PATTY MURRAY,2011,245,69,block_data
112sdoc4,GPO-CDOC-112sdoc4.pdf,1572,1572,data,True,1555,1555,SENATOR PATTY MURRAY,2011,272,68,block_data
112sdoc4,GPO-CDOC-112sdoc4.pdf,1573,1573,data,True,1555,1555,SENATOR PATTY MURRAY,2011,69,23,block_data
112sdoc4,GPO-CDOC-112sdoc4.pdf,1574,1574,banner,True,1574,1574,SENATOR BEN NELSON,2009,74,32,block_start
112sdoc4,GPO-CDOC-112sdoc4.pdf,1575,1575,banner,True,1575,1575,SENATOR BEN NELSON,2010,74,32,block_start
112sdoc4,GPO-CDOC-112sdoc4.pdf,1576,1576,banner,True,1576,1576,SENATOR BEN NELSON,2011,152,58,block_start
112sdoc4,GPO-CDOC-112sdoc4.pdf,1577,1577,data,True,1576,1576,SENATOR BEN NELSON,2011,203,71,block_data
112sdoc4,GPO-CDOC-112sdoc4.pdf,1578,1578,data,True,1576,1576,SENATOR BEN NELSON,2011,226,70,block_data
112sdoc4,GPO-CDOC-112sdoc4.pdf,1579,1579,data,True,1576,1576,SENATOR BEN NELSON,2011,227,66,block_data
112sdoc4,GPO-CDOC-112sdoc4.pdf,1580,1580,data,True,1576,1576,SENATOR BEN NELSON,2011,237,67,block_data
112sdoc4,GPO-CDOC-112sdoc4.pdf,1581,1581,data,True,1576,1576,SENATOR BEN NELSON,2011,251,68,block_data
112sdoc4,GPO-CDOC-112sdoc4.pdf,1582,1582,data,True,1576,1576,SENATOR BEN NELSON,2011,251,69,block_data
112sdoc4,GPO-CDOC-112sdoc4.pdf,1583,1583,data,True,1576,1576,SENATOR BEN NELSON,2011,252,68,block_data
112sdoc4,GPO-CDOC-112sdoc4.pdf,1584,1584,data,True,1576,1576,SENATOR BEN NELSON,2011,248,69,block_data
112sdoc4,GPO-CDOC-112sdoc4.pdf,1585,1585,data,True,1576,1576,SENATOR BEN NELSON,2011,244,69,block_data
112sdoc4,GPO-CDOC-112sdoc4.pdf,1586,1586,data,True,1576,1576,SENATOR BEN NELSON,2011,245,69,block_data
112sdoc4,GPO-CDOC-112sdoc4.pdf,1587,1587,data,True,1576,1576,SENATOR BEN NELSON,2011,242,68,block_data
112sdoc4,GPO-CDOC-112sdoc4.pdf,1588,1588,data,True,1576,1576,SENATOR BEN NELSON,2011,237,68,block_data
112sdoc4,GPO-CDOC-112sdoc4.pdf,1589,1589,data,True,1576,1576,SENATOR BEN NELSON,2011,324,68,block_data
112sdoc4,GPO-CDOC-112sdoc4.pdf,1590,1590,data,True,1576,1576,SENATOR BEN NELSON,2011,99,28,block_data
112sdoc4,GPO-CDOC-112sdoc4.pdf,1591,1591,banner,True,1591,1591,SENATOR BILL NELSON,2009,74,32,block_start
112sdoc4,GPO-CDOC-112sdoc4.pdf,1592,1592,banner,True,1592,1592,SENATOR BILL NELSON,2010,74,32,block_start
112sdoc4,GPO-CDOC-112sdoc4.pdf,1593,1593,banner,True,1593,1593,SENATOR BILL NELSON,2011,150,58,block_start
112sdoc4,GPO-CDOC-112sdoc4.pdf,1594,1594,data,True,1593,1593,SENATOR BILL NELSON,2011,200,69,block_data
112sdoc4,GPO-CDOC-112sdoc4.pdf,1595,1595,data,True,1593,1593,SENATOR BILL NELSON,2011,235,68,block_data
112sdoc4,GPO-CDOC-112sdoc4.pdf,1596,1596,data,True,1593,1593,SENATOR BILL NELSON,2011,246,69,block_data
112sdoc4,GPO-CDOC-112sdoc4.pdf,1597,1597,data,True,1593,1593,SENATOR BILL NELSON,2011,227,68,block_data
112sdoc4,GPO-CDOC-112sdoc4.pdf,1598,1598,data,True,1593,1593,SENATOR BILL NELSON,2011,239,68,block_data
112sdoc4,GPO-CDOC-112sdoc4.pdf,1599,1599,data,True,1593,1593,SENATOR BILL NELSON,2011,241,69,block_data
112sdoc4,GPO-CDOC-112sdoc4.pdf,1600,1600,data,True,1593,1593,SENATOR BILL NELSON,2011,238,68,block_data
112sdoc4,GPO-CDOC-112sdoc4.pdf,1601,1601,data,True,1593,1593,SENATOR BILL NELSON,2011,244,69,block_data
112sdoc4,GPO-CDOC-112sdoc4.pdf,1602,1602,data,True,1593,1593,SENATOR BILL NELSON,2011,247,68,block_data
112sdoc4,GPO-CDOC-112sdoc4.pdf,1603,1603,data,True,1593,1593,SENATOR BILL NELSON,2011,243,68,block_data
112sdoc4,GPO-CDOC-112sdoc4.pdf,1604,1604,data,True,1593,1593,SENATOR BILL NELSON,2011,249,69,block_data
112sdoc4,GPO-CDOC-112sdoc4.pdf,1605,1605,data,True,1593,1593,SENATOR BILL NELSON,2011,249,69,block_data
112sdoc4,GPO-CDOC-112sdoc4.pdf,1606,1606,data,True,1593,1593,SENATOR BILL NELSON,2011,247,68,block_data
112sdoc4,GPO-CDOC-112sdoc4.pdf,1607,1607,data,True,1593,1593,SENATOR BILL NELSON,2011,215,60,block_data
112sdoc4,GPO-CDOC-112sdoc4.pdf,1608,1608,data,True,1593,1593,SENATOR BILL NELSON,2011,216,67,block_data
112sdoc4,GPO-CDOC-112sdoc4.pdf,1609,1609,data,True,1593,1593,SENATOR BILL NELSON,2011,246,68,block_data
112sdoc4,GPO-CDOC-112sdoc4.pdf,1610,1610,data,True,1593,1593,SENATOR BILL NELSON,2011,181,38,block_data
112sdoc4,GPO-CDOC-112sdoc4.pdf,1611,1611,banner,True,1611,1611,SENATOR BARACK OBAMA,2009,71,31,block_start
112sdoc4,GPO-CDOC-112sdoc4.pdf,1612,1612,banner,True,1612,1612,SENATOR RAND PAUL,2011,152,58,block_start
112sdoc4,GPO-CDOC-112sdoc4.pdf,1613,1613,data,True,1612,1612,SENATOR RAND PAUL,2011,204,69,block_data
112sdoc4,GPO-CDOC-112sdoc4.pdf,1614,1614,data,True,1612,1612,SENATOR RAND PAUL,2011,229,68,block_data
112sdoc4,GPO-CDOC-112sdoc4.pdf,1615,1615,data,True,1612,1612,SENATOR RAND PAUL,2011,233,67,block_data
112sdoc4,GPO-CDOC-112sdoc4.pdf,1616,1616,data,True,1612,1612,SENATOR RAND PAUL,2011,232,68,block_data
112sdoc4,GPO-CDOC-112sdoc4.pdf,1617,1617,data,True,1612,1612,SENATOR RAND PAUL,2011,232,67,block_data
112sdoc4,GPO-CDOC-112sdoc4.pdf,1618,1618,data,True,1612,1612,SENATOR RAND PAUL,2011,242,69,block_data
112sdoc4,GPO-CDOC-112sdoc4.pdf,1619,1619,data,True,1612,1612,SENATOR RAND PAUL,2011,230,69,block_data
112sdoc4,GPO-CDOC-112sdoc4.pdf,1620,1620,data,True,1612,1612,SENATOR RAND PAUL,2011,220,67,block_data
112sdoc4,GPO-CDOC-112sdoc4.pdf,1621,1621,data,True,1612,1612,SENATOR RAND PAUL,2011,243,69,block_data
112sdoc4,GPO-CDOC-112sdoc4.pdf,1622,1622,data,True,1612,1612,SENATOR RAND PAUL,2011,232,67,block_data
112sdoc4,GPO-CDOC-112sdoc4.pdf,1623,1623,data,True,1612,1612,SENATOR RAND PAUL,2011,225,67,block_data
112sdoc4,GPO-CDOC-112sdoc4.pdf,1624,1624,data,True,1612,1612,SENATOR RAND PAUL,2011,235,68,block_data
112sdoc4,GPO-CDOC-112sdoc4.pdf,1625,1625,data,True,1612,1612,SENATOR RAND PAUL,2011,237,69,block_data
112sdoc4,GPO-CDOC-112sdoc4.pdf,1626,1626,data,True,1612,1612,SENATOR RAND PAUL,2011,234,69,block_data
112sdoc4,GPO-CDOC-112sdoc4.pdf,1627,1627,data,True,1612,1612,SENATOR RAND PAUL,2011,230,69,block_data
112sdoc4,GPO-CDOC-112sdoc4.pdf,1628,1628,data,True,1612,1612,SENATOR RAND PAUL,2011,245,69,block_data
112sdoc4,GPO-CDOC-112sdoc4.pdf,1629,1629,data,True,1612,1612,SENATOR RAND PAUL,2011,233,68,block_data
112sdoc4,GPO-CDOC-112sdoc4.pdf,1630,1630,data,True,1612,1612,SENATOR RAND PAUL,2011,242,69,block_data
112sdoc4,GPO-CDOC-112sdoc4.pdf,1631,1631,data,True,1612,1612,SENATOR RAND PAUL,2011,235,67,block_data
112sdoc4,GPO-CDOC-112sdoc4.pdf,1632,1632,data,True,1612,1612,SENATOR RAND PAUL,2011,271,68,block_data
112sdoc4,GPO-CDOC-112sdoc4.pdf,1633,1633,data,True,1612,1612,SENATOR RAND PAUL,2011,104,28,block_data
112sdoc4,GPO-CDOC-112sdoc4.pdf,1634,1634,banner,True,1634,1634,SENATOR ROB PORTMAN,2011,155,59,block_start
112sdoc4,GPO-CDOC-112sdoc4.pdf,1635,1635,data,True,1634,1634,SENATOR ROB PORTMAN,2011,212,69,block_data
112sdoc4,GPO-CDOC-112sdoc4.pdf,1636,1636,data,True,1634,1634,SENATOR ROB PORTMAN,2011,247,69,block_data
112sdoc4,GPO-CDOC-112sdoc4.pdf,1637,1637,data,True,1634,1634,SENATOR ROB PORTMAN,2011,239,67,block_data
112sdoc4,GPO-CDOC-112sdoc4.pdf,1638,1638,data,True,1634,1634,SENATOR ROB PORTMAN,2011,241,69,block_data
112sdoc4,GPO-CDOC-112sdoc4.pdf,1639,1639,data,True,1634,1634,SENATOR ROB PORTMAN,2011,241,69,block_data
112sdoc4,GPO-CDOC-112sdoc4.pdf,1640,1640,data,True,1634,1634,SENATOR ROB PORTMAN,2011,248,69,block_data
112sdoc4,GPO-CDOC-112sdoc4.pdf,1641,1641,data,True,1634,1634,SENATOR ROB PORTMAN,2011,243,68,block_data
112sdoc4,GPO-CDOC-112sdoc4.pdf,1642,1642,data,True,1634,1634,SENATOR ROB PORTMAN,2011,215,67,block_data
112sdoc4,GPO-CDOC-112sdoc4.pdf,1643,1643,data,True,1634,1634,SENATOR ROB PORTMAN,2011,229,67,block_data
112sdoc4,GPO-CDOC-112sdoc4.pdf,1644,1644,data,True,1634,1634,SENATOR ROB PORTMAN,2011,247,68,block_data
112sdoc4,GPO-CDOC-112sdoc4.pdf,1645,1645,data,True,1634,1634,SENATOR ROB PORTMAN,2011,240,69,block_data
112sdoc4,GPO-CDOC-112sdoc4.pdf,1646,1646,data,True,1634,1634,SENATOR ROB PORTMAN,2011,227,68,block_data
112sdoc4,GPO-CDOC-112sdoc4.pdf,1647,1647,data,True,1634,1634,SENATOR ROB PORTMAN,2011,247,68,block_data
112sdoc4,GPO-CDOC-112sdoc4.pdf,1648,1648,data,True,1634,1634,SENATOR ROB PORTMAN,2011,253,69,block_data
112sdoc4,GPO-CDOC-112sdoc4.pdf,1649,1649,data,True,1634,1634,SENATOR ROB PORTMAN,2011,233,68,block_data
112sdoc4,GPO-CDOC-112sdoc4.pdf,1650,1650,data,True,1634,1634,SENATOR ROB PORTMAN,2011,245,69,block_data
112sdoc4,GPO-CDOC-112sdoc4.pdf,1651,1651,data,True,1634,1634,SENATOR ROB PORTMAN,2011,237,68,block_data
112sdoc4,GPO-CDOC-112sdoc4.pdf,1652,1652,data,True,1634,1634,SENATOR ROB PORTMAN,2011,225,69,block_data
112sdoc4,GPO-CDOC-112sdoc4.pdf,1653,1653,data,True,1634,1634,SENATOR ROB PORTMAN,2011,227,68,block_data
112sdoc4,GPO-CDOC-112sdoc4.pdf,1654,1654,data,True,1634,1634,SENATOR ROB PORTMAN,2011,248,69,block_data
112sdoc4,GPO-CDOC-112sdoc4.pdf,1655,1655,data,True,1634,1634,SENATOR ROB PORTMAN,2011,222,68,block_data
112sdoc4,GPO-CDOC-112sdoc4.pdf,1656,1656,data,True,1634,1634,SENATOR ROB PORTMAN,2011,232,68,block_data
112sdoc4,GPO-CDOC-112sdoc4.pdf,1657,1657,data,True,1634,1634,SENATOR ROB PORTMAN,2011,233,69,block_data
112sdoc4,GPO-CDOC-112sdoc4.pdf,1658,1658,data,True,1634,1634,SENATOR ROB PORTMAN,2011,239,68,block_data
112sdoc4,GPO-CDOC-112sdoc4.pdf,1659,1659,data,True,1634,1634,SENATOR ROB PORTMAN,2011,118,30,block_data
112sdoc4,GPO-CDOC-112sdoc4.pdf,1660,1660,banner,True,1660,1660,SENATOR MARK PRYOR,2009,74,32,block_start
112sdoc4,GPO-CDOC-112sdoc4.pdf,1661,1661,banner,True,1661,1661,SENATOR MARK PRYOR,2010,74,32,block_start
112sdoc4,GPO-CDOC-112sdoc4.pdf,1662,1662,banner,True,1662,1662,SENATOR MARK PRYOR,2011,152,58,block_start
112sdoc4,GPO-CDOC-112sdoc4.pdf,1663,1663,data,True,1662,1662,SENATOR MARK PRYOR,2011,204,69,block_data
112sdoc4,GPO-CDOC-112sdoc4.pdf,1664,1664,data,True,1662,1662,SENATOR MARK PRYOR,2011,232,67,block_data
112sdoc4,GPO-CDOC-112sdoc4.pdf,1665,1665,data,True,1662,1662,SENATOR MARK PRYOR,2011,230,68,block_data
112sdoc4,GPO-CDOC-112sdoc4.pdf,1666,1666,data,True,1662,1662,SENATOR MARK PRYOR,2011,244,69,block_data
112sdoc4,GPO-CDOC-112sdoc4.pdf,1667,1667,data,True,1662,1662,SENATOR MARK PRYOR,2011,239,69,block_data
112sdoc4,GPO-CDOC-112sdoc4.pdf,1668,1668,data,True,1662,1662,SENATOR MARK PRYOR,2011,225,69,block_data
112sdoc4,GPO-CDOC-112sdoc4.pdf,1669,1669,data,True,1662,1662,SENATOR MARK PRYOR,2011,234,67,block_data
112sdoc4,GPO-CDOC-112sdoc4.pdf,1670,1670,data,True,1662,1662,SENATOR MARK PRYOR,2011,223,68,block_data
112sdoc4,GPO-CDOC-112sdoc4.pdf,1671,1671,data,True,1662,1662,SENATOR MARK PRYOR,2011,238,69,block_data
112sdoc4,GPO-CDOC-112sdoc4.pdf,1672,1672,data,True,1662,1662,SENATOR MARK PRYOR,2011,237,69,block_data
112sdoc4,GPO-CDOC-112sdoc4.pdf,1673,1673,data,True,1662,1662,SENATOR MARK PRYOR,2011,247,68,block_data
112sdoc4,GPO-CDOC-112sdoc4.pdf,1674,1674,data,True,1662,1662,SENATOR MARK PRYOR,2011,183,39,block_data
112sdoc4,GPO-CDOC-112sdoc4.pdf,1675,1675,banner,True,1675,1675,SENATOR JOHN F. REED,2009,77,33,block_start
112sdoc4,GPO-CDOC-112sdoc4.pdf,1676,1676,banner,True,1676,1676,SENATOR JOHN F. REED,2010,94,35,block_start
112sdoc4,GPO-CDOC-112sdoc4.pdf,1677,1677,banner,True,1677,1677,SENATOR JOHN F. REED,2011,152,58,block_start
112sdoc4,GPO-CDOC-112sdoc4.pdf,1678,1678,data,True,1677,1677,SENATOR JOHN F. REED,2011,213,68,block_data
112sdoc4,GPO-CDOC-112sdoc4.pdf,1679,1679,data,True,1677,1677,SENATOR JOHN F. REED,2011,253,69,block_data
112sdoc4,GPO-CDOC-112sdoc4.pdf,1680,1680,data,True,1677,1677,SENATOR JOHN F. REED,2011,247,68,block_data
112sdoc4,GPO-CDOC-112sdoc4.pdf,1681,1681,data,True,1677,1677,SENATOR JOHN F. REED,2011,247,68,block_data
112sdoc4,GPO-CDOC-112sdoc4.pdf,1682,1682,data,True,1677,1677,SENATOR JOHN F. REED,2011,291,68,block_data
112sdoc4,GPO-CDOC-112sdoc4.pdf,1683,1683,banner,True,1683,1683,SENATOR HARRY REID,2009,74,32,block_start
112sdoc4,GPO-CDOC-112sdoc4.pdf,1684,1684,banner,True,1684,1684,SENATOR HARRY REID,2010,117,45,block_start
112sdoc4,GPO-CDOC-112sdoc4.pdf,1685,1685,banner,True,1685,1685,SENATOR HARRY REID,2011,152,58,block_start
112sdoc4,GPO-CDOC-112sdoc4.pdf,1686,1686,data,True,1685,1685,SENATOR HARRY REID,2011,195,66,block_data
112sdoc4,GPO-CDOC-112sdoc4.pdf,1687,1687,data,True,1685,1685,SENATOR HARRY REID,2011,236,67,block_data
112sdoc4,GPO-CDOC-112sdoc4.pdf,1688,1688,data,True,1685,1685,SENATOR HARRY REID,2011,215,66,block_data
112sdoc4,GPO-CDOC-112sdoc4.pdf,1689,1689,data,True,1685,1685,SENATOR HARRY REID,2011,232,69,block_data
112sdoc4,GPO-CDOC-112sdoc4.pdf,1690,1690,data,True,1685,1685,SENATOR HARRY REID,2011,226,68,block_data
112sdoc4,GPO-CDOC-112sdoc4.pdf,1691,1691,data,True,1685,1685,SENATOR HARRY REID,2011,237,67,block_data
112sdoc4,GPO-CDOC-112sdoc4.pdf,1692,1692,data,True,1685,1685,SENATOR HARRY REID,2011,218,68,block_data
112sdoc4,GPO-CDOC-112sdoc4.pdf,1693,1693,data,True,1685,1685,SENATOR HARRY REID,2011,286,68,block_data
112sdoc4,GPO-CDOC-112sdoc4.pdf,1694,1694,data,True,1685,1685,SENATOR HARRY REID,2011,414,70,block_data
112sdoc4,GPO-CDOC-112sdoc4.pdf,1695,1695,data,True,1685,1685,SENATOR HARRY REID,2011,19,13,block_data
112sdoc4,GPO-CDOC-112sdoc4.pdf,1696,1696,banner,True,1696,1696,SENATOR JAMES E. RISCH,2009,74,32,block_start
112sdoc4,GPO-CDOC-112sdoc4.pdf,1697,1697,banner,True,1697,1697,SENATOR JAMES E. RISCH,2010,77,33,block_start
112sdoc4,GPO-CDOC-112sdoc4.pdf,1698,1698,banner,True,1698,1698,SENATOR JAMES E. RISCH,2011,153,58,block_start
112sdoc4,GPO-CDOC-112sdoc4.pdf,1699,1699,data,True,1698,1698,SENATOR JAMES E. RISCH,2011,223,71,block_data
112sdoc4,GPO-CDOC-112sdoc4.pdf,1700,1700,data,True,1698,1698,SENATOR JAMES E. RISCH,2011,234,68,block_data
112sdoc4,GPO-CDOC-112sdoc4.pdf,1701,1701,data,True,1698,1698,SENATOR JAMES E. RISCH,2011,228,69,block_data
112sdoc4,GPO-CDOC-112sdoc4.pdf,1702,1702,data,True,1698,1698,SENATOR JAMES E. RISCH,2011,226,68,block_data
112sdoc4,GPO-CDOC-112sdoc4.pdf,1703,1703,data,True,1698,1698,SENATOR JAMES E. RISCH,2011,240,69,block_data
112sdoc4,GPO-CDOC-112sdoc4.pdf,1704,1704,data,True,1698,1698,SENATOR JAMES E. RISCH,2011,231,69,block_data
112sdoc4,GPO-CDOC-112sdoc4.pdf,1705,1705,data,True,1698,1698,SENATOR JAMES E. RISCH,2011,234,68,block_data
112sdoc4,GPO-CDOC-112sdoc4.pdf,1706,1706,data,True,1698,1698,SENATOR JAMES E. RISCH,2011,196,66,block_data
112sdoc4,GPO-CDOC-112sdoc4.pdf,1707,1707,data,True,1698,1698,SENATOR JAMES E. RISCH,2011,209,69,block_data
112sdoc4,GPO-CDOC-112sdoc4.pdf,1708,1708,data,True,1698,1698,SENATOR JAMES E. RISCH,2011,291,67,block_data
112sdoc4,GPO-CDOC-112sdoc4.pdf,1709,1709,data,True,1698,1698,SENATOR JAMES E. RISCH,2011,32,17,block_data
112sdoc4,GPO-CDOC-112sdoc4.pdf,1710,1710,banner,True,1710,1710,SENATOR PAT ROBERTS,2009,71,31,block_start
112sdoc4,GPO-CDOC-112sdoc4.pdf,1711,1711,banner,True,1711,1711,SENATOR PAT ROBERTS,2010,71,31,block_start
112sdoc4,GPO-CDOC-112sdoc4.pdf,1712,1712,banner,True,1712,1712,SENATOR PAT ROBERTS,2011,152,58,block_start
112sdoc4,GPO-CDOC-112sdoc4.pdf,1713,1713,data,True,1712,1712,SENATOR PAT ROBERTS,2011,194,69,block_data
112sdoc4,GPO-CDOC-112sdoc4.pdf,1714,1714,data,True,1712,1712,SENATOR PAT ROBERTS,2011,215,68,block_data
112sdoc4,GPO-CDOC-112sdoc4.pdf,1715,1715,data,True,1712,1712,SENATOR PAT ROBERTS,2011,227,65,block_data
112sdoc4,GPO-CDOC-112sdoc4.pdf,1716,1716,data,True,1712,1712,SENATOR PAT ROBERTS,2011,236,68,block_data
112sdoc4,GPO-CDOC-112sdoc4.pdf,1717,1717,data,True,1712,1712,SENATOR PAT ROBERTS,2011,219,67,block_data
112sdoc4,GPO-CDOC-112sdoc4.pdf,1718,1718,data,True,1712,1712,SENATOR PAT ROBERTS,2011,228,67,block_data
112sdoc4,GPO-CDOC-112sdoc4.pdf,1719,1719,data,True,1712,1712,SENATOR PAT ROBERTS,2011,222,67,block_data
112sdoc4,GPO-CDOC-112sdoc4.pdf,1720,1720,data,True,1712,1712,SENATOR PAT ROBERTS,2011,217,68,block_data
112sdoc4,GPO-CDOC-112sdoc4.pdf,1721,1721,data,True,1712,1712,SENATOR PAT ROBERTS,2011,225,68,block_data
112sdoc4,GPO-CDOC-112sdoc4.pdf,1722,1722,data,True,1712,1712,SENATOR PAT ROBERTS,2011,360,70,block_data
112sdoc4,GPO-CDOC-112sdoc4.pdf,1723,1723,banner,True,1723,1723,"SENATOR JOHN D. ROCKEFELLER, IV",2009,71,31,block_start
112sdoc4,GPO-CDOC-112sdoc4.pdf,1724,1724,banner,True,1724,1724,"SENATOR JOHN D. ROCKEFELLER, IV",2010,153,51,block_start
112sdoc4,GPO-CDOC-112sdoc4.pdf,1725,1725,banner,True,1725,1725,"SENATOR JOHN D. ROCKEFELLER, IV",2011,152,58,block_start
112sdoc4,GPO-CDOC-112sdoc4.pdf,1726,1726,data,True,1725,1725,"SENATOR JOHN D. ROCKEFELLER, IV",2011,209,69,block_data
112sdoc4,GPO-CDOC-112sdoc4.pdf,1727,1727,data,True,1725,1725,"SENATOR JOHN D. ROCKEFELLER, IV",2011,243,69,block_data
112sdoc4,GPO-CDOC-112sdoc4.pdf,1728,1728,data,True,1725,1725,"SENATOR JOHN D. ROCKEFELLER, IV",2011,245,69,block_data
112sdoc4,GPO-CDOC-112sdoc4.pdf,1729,1729,data,True,1725,1725,"SENATOR JOHN D. ROCKEFELLER, IV",2011,233,69,block_data
112sdoc4,GPO-CDOC-112sdoc4.pdf,1730,1730,data,True,1725,1725,"SENATOR JOHN D. ROCKEFELLER, IV",2011,241,68,block_data
112sdoc4,GPO-CDOC-112sdoc4.pdf,1731,1731,data,True,1725,1725,"SENATOR JOHN D. ROCKEFELLER, IV",2011,139,33,block_data
112sdoc4,GPO-CDOC-112sdoc4.pdf,1732,1732,banner,True,1732,1732,SENATOR MARCO RUBIO,2011,155,59,block_start
112sdoc4,GPO-CDOC-112sdoc4.pdf,1733,1733,data,True,1732,1732,SENATOR MARCO RUBIO,2011,212,69,block_data
112sdoc4,GPO-CDOC-112sdoc4.pdf,1734,1734,data,True,1732,1732,SENATOR MARCO RUBIO,2011,241,69,block_data
112sdoc4,GPO-CDOC-112sdoc4.pdf,1735,1735,data,True,1732,1732,SENATOR MARCO RUBIO,2011,227,68,block_data
112sdoc4,GPO-CDOC-112sdoc4.pdf,1736,1736,data,True,1732,1732,SENATOR MARCO RUBIO,2011,235,69,block_data
112sdoc4,GPO-CDOC-112sdoc4.pdf,1737,1737,data,True,1732,1732,SENATOR MARCO RUBIO,2011,244,67,block_data
112sdoc4,GPO-CDOC-112sdoc4.pdf,1738,1738,data,True,1732,1732,SENATOR MARCO RUBIO,2011,203,68,block_data
112sdoc4,GPO-CDOC-112sdoc4.pdf,1739,1739,data,True,1732,1732,SENATOR MARCO RUBIO,2011,234,68,block_data
112sdoc4,GPO-CDOC-112sdoc4.pdf,1740,1740,data,True,1732,1732,SENATOR MARCO RUBIO,2011,234,68,block_data
112sdoc4,GPO-CDOC-112sdoc4.pdf,1741,1741,data,True,1732,1732,SENATOR MARCO RUBIO,2011,235,68,block_data
112sdoc4,GPO-CDOC-112sdoc4.pdf,1742,1742,data,True,1732,1732,SENATOR MARCO RUBIO,2011,243,68,block_data
112sdoc4,GPO-CDOC-112sdoc4.pdf,1743,1743,data,True,1732,1732,SENATOR MARCO RUBIO,2011,238,68,block_data
112sdoc4,GPO-CDOC-112sdoc4.pdf,1744,1744,data,True,1732,1732,SENATOR MARCO RUBIO,2011,221,57,block_data
112sdoc4,GPO-CDOC-112sdoc4.pdf,1745,1745,banner,True,1745,1745,SENATOR KEN SALAZAR,2009,74,32,block_start
112sdoc4,GPO-CDOC-112sdoc4.pdf,1746,1746,banner,True,1746,1746,SENATOR BERNARD SANDERS,2009,74,32,block_start
112sdoc4,GPO-CDOC-112sdoc4.pdf,1747,1747,banner,True,1747,1747,SENATOR BERNARD SANDERS,2010,100,39,block_start
112sdoc4,GPO-CDOC-112sdoc4.pdf,1748,1748,banner,True,1748,1748,SENATOR BERNARD SANDERS,2011,150,58,block_start
112sdoc4,GPO-CDOC-112sdoc4.pdf,1749,1749,data,True,1748,1748,SENATOR BERNARD SANDERS,2011,224,72,block_data
112sdoc4,GPO-CDOC-112sdoc4.pdf,1750,1750,data,True,1748,1748,SENATOR BERNARD SANDERS,2011,257,69,block_data
112sdoc4,GPO-CDOC-112sdoc4.pdf,1751,1751,data,True,1748,1748,SENATOR BERNARD SANDERS,2011,254,68,block_data
112sdoc4,GPO-CDOC-112sdoc4.pdf,1752,1752,data,True,1748,1748,SENATOR BERNARD SANDERS,2011,250,69,block_data
112sdoc4,GPO-CDOC-112sdoc4.pdf,1753,1753,data,True,1748,1748,SENATOR BERNARD SANDERS,2011,247,68,block_data
112sdoc4,GPO-CDOC-112sdoc4.pdf,1754,1754,data,True,1748,1748,SENATOR BERNARD SANDERS,2011,255,68,block_data
112sdoc4,GPO-CDOC-112sdoc4.pdf,1755,1755,data,True,1748,1748,SENATOR BERNARD SANDERS,2011,255,68,block_data
112sdoc4,GPO-CDOC-112sdoc4.pdf,1756,1756,data,True,1748,1748,SENATOR BERNARD SANDERS,2011,255,68,block_data
112sdoc4,GPO-CDOC-112sdoc4.pdf,1757,1757,data,True,1748,1748,SENATOR BERNARD SANDERS,2011,254,68,block_data
112sdoc4,GPO-CDOC-112sdoc4.pdf,1758,1758,data,True,1748,1748,SENATOR BERNARD SANDERS,2011,248,67,block_data
112sdoc4,GPO-CDOC-112sdoc4.pdf,1759,1759,data,True,1748,1748,SENATOR BERNARD SANDERS,2011,252,69,block_data
112sdoc4,GPO-CDOC-112sdoc4.pdf,1760,1760,data,True,1748,1748,SENATOR BERNARD SANDERS,2011,255,68,block_data
112sdoc4,GPO-CDOC-112sdoc4.pdf,1761,1761,data,True,1748,1748,SENATOR BERNARD SANDERS,2011,291,66,block_data
112sdoc4,GPO-CDOC-112sdoc4.pdf,1762,1762,banner,True,1762,1762,SENATOR CHARLES E. SCHUMER,2009,74,32,block_start
112sdoc4,GPO-CDOC-112sdoc4.pdf,1763,1763,banner,True,1763,1763,SENATOR CHARLES E. SCHUMER,2010,74,32,block_start
112sdoc4,GPO-CDOC-112sdoc4.pdf,1764,1764,banner,True,1764,1764,SENATOR CHARLES E. SCHUMER,2011,155,59,block_start
112sdoc4,GPO-CDOC-112sdoc4.pdf,1765,1765,data,True,1764,1764,SENATOR CHARLES E. SCHUMER,2011,193,69,block_data
112sdoc4,GPO-CDOC-112sdoc4.pdf,1766,1766,data,True,1764,1764,SENATOR CHARLES E. SCHUMER,2011,247,69,block_data
112sdoc4,GPO-CDOC-112sdoc4.pdf,1767,1767,data,True,1764,1764,SENATOR CHARLES E. SCHUMER,2011,239,69,block_data
112sdoc4,GPO-CDOC-112sdoc4.pdf,1768,1768,data,True,1764,1764,SENATOR CHARLES E. SCHUMER,2011,218,69,block_data
112sdoc4,GPO-CDOC-112sdoc4.pdf,1769,1769,data,True,1764,1764,SENATOR CHARLES E. SCHUMER,2011,240,68,block_data
112sdoc4,GPO-CDOC-112sdoc4.pdf,1770,1770,data,True,1764,1764,SENATOR CHARLES E. SCHUMER,2011,213,68,block_data
112sdoc4,GPO-CDOC-112sdoc4.pdf,1771,1771,data,True,1764,1764,SENATOR CHARLES E. SCHUMER,2011,230,69,block_data
112sdoc4,GPO-CDOC-112sdoc4.pdf,1772,1772,data,True,1764,1764,SENATOR CHARLES E. SCHUMER,2011,215,67,block_data
112sdoc4,GPO-CDOC-112sdoc4.pdf,1773,1773,data,True,1764,1764,SENATOR CHARLES E. SCHUMER,2011,220,68,block_data
112sdoc4,GPO-CDOC-112sdoc4.pdf,1774,1774,data,True,1764,1764,SENATOR CHARLES E. SCHUMER,2011,188,60,block_data
112sdoc4,GPO-CDOC-112sdoc4.pdf,1775,1775,data,True,1764,1764,SENATOR CHARLES E. SCHUMER,2011,227,69,block_data
112sdoc4,GPO-CDOC-112sdoc4.pdf,1776,1776,data,True,1764,1764,SENATOR CHARLES E. SCHUMER,2011,219,68,block_data
112sdoc4,GPO-CDOC-112sdoc4.pdf,1777,1777,data,True,1764,1764,SENATOR CHARLES E. SCHUMER,2011,351,72,block_data
112sdoc4,GPO-CDOC-112sdoc4.pdf,1778,1778,data,True,1764,1764,SENATOR CHARLES E. SCHUMER,2011,27,17,block_data
112sdoc4,GPO-CDOC-112sdoc4.pdf,1779,1779,banner,True,1779,1779,"SENATOR JEFFERSON B. SESSIONS, III",2009,74,32,block_start
112sdoc4,GPO-CDOC-112sdoc4.pdf,1780,1780,banner,True,1780,1780,"SENATOR JEFFERSON B. SESSIONS, III",2010,74,32,block_start
112sdoc4,GPO-CDOC-112sdoc4.pdf,1781,1781,banner,True,1781,1781,"SENATOR JEFFERSON B. SESSIONS, III",2011,152,58,block_start
112sdoc4,GPO-CDOC-112sdoc4.pdf,1782,1782,data,True,1781,1781,"SENATOR JEFFERSON B. SESSIONS, III",2011,191,67,block_data
112sdoc4,GPO-CDOC-112sdoc4.pdf,1783,1783,data,True,1781,1781,"SENATOR JEFFERSON B. SESSIONS, III",2011,243,69,block_data
112sdoc4,GPO-CDOC-112sdoc4.pdf,1784,1784,data,True,1781,1781,"SENATOR JEFFERSON B. SESSIONS, III",2011,217,68,block_data
112sdoc4,GPO-CDOC-112sdoc4.pdf,1785,1785,data,True,1781,1781,"SENATOR JEFFERSON B. SESSIONS, III",2011,226,69,block_data
112sdoc4,GPO-CDOC-112sdoc4.pdf,1786,1786,data,True,1781,1781,"SENATOR JEFFERSON B. SESSIONS, III",2011,224,67,block_data
112sdoc4,GPO-CDOC-112sdoc4.pdf,1787,1787,data,True,1781,1781,"SENATOR JEFFERSON B. SESSIONS, III",2011,235,68,block_data
112sdoc4,GPO-CDOC-112sdoc4.pdf,1788,1788,data,True,1781,1781,"SENATOR JEFFERSON B. SESSIONS, III",2011,230,68,block_data
112sdoc4,GPO-CDOC-112sdoc4.pdf,1789,1789,data,True,1781,1781,"SENATOR JEFFERSON B. SESSIONS, III",2011,220,69,block_data
112sdoc4,GPO-CDOC-112sdoc4.pdf,1790,1790,data,True,1781,1781,"SENATOR JEFFERSON B. SESSIONS, III",2011,219,69,block_data
112sdoc4,GPO-CDOC-112sdoc4.pdf,1791,1791,data,True,1781,1781,"SENATOR JEFFERSON B. SESSIONS, III",2011,279,67,block_data
112sdoc4,GPO-CDOC-112sdoc4.pdf,1792,1792,banner,True,1792,1792,SENATOR JEANNE SHAHEEN,2009,74,32,block_start
112sdoc4,GPO-CDOC-112sdoc4.pdf,1793,1793,banner,True,1793,1793,SENATOR JEANNE SHAHEEN,2010,113,42,block_start
112sdoc4,GPO-CDOC-112sdoc4.pdf,1794,1794,banner,True,1794,1794,SENATOR JEANNE SHAHEEN,2011,155,58,block_start
112sdoc4,GPO-CDOC-112sdoc4.pdf,1795,1795,data,True,1794,1794,SENATOR JEANNE SHAHEEN,2011,229,71,block_data
112sdoc4,GPO-CDOC-112sdoc4.pdf,1796,1796,data,True,1794,1794,SENATOR JEANNE SHAHEEN,2011,250,66,block_data
112sdoc4,GPO-CDOC-112sdoc4.pdf,1797,1797,data,True,1794,1794,SENATOR JEANNE SHAHEEN,2011,237,69,block_data
112sdoc4,GPO-CDOC-112sdoc4.pdf,1798,1798,data,True,1794,1794,SENATOR JEANNE SHAHEEN,2011,260,69,block_data
112sdoc4,GPO-CDOC-112sdoc4.pdf,1799,1799,data,True,1794,1794,SENATOR JEANNE SHAHEEN,2011,259,68,block_data
112sdoc4,GPO-CDOC-112sdoc4.pdf,1800,1800,data,True,1794,1794,SENATOR JEANNE SHAHEEN,2011,254,69,block_data
112sdoc4,GPO-CDOC-112sdoc4.pdf,1801,1801,data,True,1794,1794,SENATOR JEANNE SHAHEEN,2011,259,68,block_data
112sdoc4,GPO-CDOC-112sdoc4.pdf,1802,1802,data,True,1794,1794,SENATOR JEANNE SHAHEEN,2011,257,69,block_data
112sdoc4,GPO-CDOC-112sdoc4.pdf,1803,1803,data,True,1794,1794,SENATOR JEANNE SHAHEEN,2011,257,69,block_data
112sdoc4,GPO-CDOC-112sdoc4.pdf,1804,1804,data,True,1794,1794,SENATOR JEANNE SHAHEEN,2011,254,69,block_data
112sdoc4,GPO-CDOC-112sdoc4.pdf,1805,1805,data,True,1794,1794,SENATOR JEANNE SHAHEEN,2011,255,68,block_data
112sdoc4,GPO-CDOC-112sdoc4.pdf,1806,1806,data,True,1794,1794,SENATOR JEANNE SHAHEEN,2011,251,68,block_data
112sdoc4,GPO-CDOC-112sdoc4.pdf,1807,1807,data,True,1794,1794,SENATOR JEANNE SHAHEEN,2011,265,69,block_data
112sdoc4,GPO-CDOC-112sdoc4.pdf,1808,1808,data,True,1794,1794,SENATOR JEANNE SHAHEEN,2011,253,68,block_data
112sdoc4,GPO-CDOC-112sdoc4.pdf,1809,1809,data,True,1794,1794,SENATOR JEANNE SHAHEEN,2011,207,49,block_data
112sdoc4,GPO-CDOC-112sdoc4.pdf,1810,1810,banner,True,1810,1810,SENATOR RICHARD C. SHELBY,2009,74,32,block_start
112sdoc4,GPO-CDOC-112sdoc4.pdf,1811,1811,banner,True,1811,1811,SENATOR RICHARD C. SHELBY,2010,71,31,block_start
112sdoc4,GPO-CDOC-112sdoc4.pdf,1812,1812,banner,True,1812,1812,SENATOR RICHARD C. SHELBY,2011,141,54,block_start
112sdoc4,GPO-CDOC-112sdoc4.pdf,1813,1813,data,True,1812,1812,SENATOR RICHARD C. SHELBY,2011,214,70,block_data
112sdoc4,GPO-CDOC-112sdoc4.pdf,1814,1814,data,True,1812,1812,SENATOR RICHARD C. SHELBY,2011,234,68,block_data
112sdoc4,GPO-CDOC-112sdoc4.pdf,1815,1815,data,True,1812,1812,SENATOR RICHARD C. SHELBY,2011,235,68,block_data
112sdoc4,GPO-CDOC-112sdoc4.pdf,1816,1816,data,True,1812,1812,SENATOR RICHARD C. SHELBY,2011,101,30,block_data
112sdoc4,GPO-CDOC-112sdoc4.pdf,1817,1817,banner,True,1817,1817,SENATOR GORDON H. SMITH,2009,71,31,block_start
112sdoc4,GPO-CDOC-112sdoc4.pdf,1818,1818,banner,True,1818,1818,SENATOR OLYMPIA J. SNOWE,2009,74,32,block_start
112sdoc4,GPO-CDOC-112sdoc4.pdf,1819,1819,banner,True,1819,1819,SENATOR OLYMPIA J. SNOWE,2010,83,34,block_start
112sdoc4,GPO-CDOC-112sdoc4.pdf,1820,1820,banner,True,1820,1820,SENATOR OLYMPIA J. SNOWE,2011,152,58,block_start
112sdoc4,GPO-CDOC-112sdoc4.pdf,1821,1821,data,True,1820,1820,SENATOR OLYMPIA J. SNOWE,2011,214,71,block_data
112sdoc4,GPO-CDOC-112sdoc4.pdf,1822,1822,data,True,1820,1820,SENATOR OLYMPIA J. SNOWE,2011,230,68,block_data
112sdoc4,GPO-CDOC-112sdoc4.pdf,1823,1823,data,True,1820,1820,SENATOR OLYMPIA J. SNOWE,2011,231,67,block_data
112sdoc4,GPO-CDOC-112sdoc4.pdf,1824,1824,data,True,1820,1820,SENATOR OLYMPIA J. SNOWE,2011,229,69,block_data
112sdoc4,GPO-CDOC-112sdoc4.pdf,1825,1825,data,True,1820,1820,SENATOR OLYMPIA J. SNOWE,2011,236,69,block_data
112sdoc4,GPO-CDOC-112sdoc4.pdf,1826,1826,data,True,1820,1820,SENATOR OLYMPIA J. SNOWE,2011,234,69,block_data
112sdoc4,GPO-CDOC-112sdoc4.pdf,1827,1827,data,True,1820,1820,SENATOR OLYMPIA J. SNOWE,2011,230,68,block_data
112sdoc4,GPO-CDOC-112sdoc4.pdf,1828,1828,data,True,1820,1820,SENATOR OLYMPIA J. SNOWE,2011,235,69,block_data
112sdoc4,GPO-CDOC-112sdoc4.pdf,1829,1829,data,True,1820,1820,SENATOR OLYMPIA J. SNOWE,2011,231,69,block_data
112sdoc4,GPO-CDOC-112sdoc4.pdf,1830,1830,data,True,1820,1820,SENATOR OLYMPIA J. SNOWE,2011,200,47,block_data
112sdoc4,GPO-CDOC-112sdoc4.pdf,1831,1831,banner,True,1831,1831,SENATOR ARLEN SPECTER,2009,74,32,block_start
112sdoc4,GPO-CDOC-112sdoc4.pdf,1832,1832,banner,True,1832,1832,SENATOR ARLEN SPECTER,2010,74,32,block_start
112sdoc4,GPO-CDOC-112sdoc4.pdf,1833,1833,banner,True,1833,1833,SENATOR ARLEN SPECTER,2011,71,31,block_start
112sdoc4,GPO-CDOC-112sdoc4.pdf,1834,1834,banner,True,1834,1834,SENATOR DEBBIE A. STABENOW,2009,74,32,block_start
112sdoc4,GPO-CDOC-112sdoc4.pdf,1835,1835,banner,True,1835,1835,SENATOR DEBBIE A. STABENOW,2010,74,32,block_start
112sdoc4,GPO-CDOC-112sdoc4.pdf,1836,1836,banner,True,1836,1836,SENATOR DEBBIE A. STABENOW,2011,152,58,block_start
112sdoc4,GPO-CDOC-112sdoc4.pdf,1837,1837,data,True,1836,1836,SENATOR DEBBIE A. STABENOW,2011,193,69,block_data
112sdoc4,GPO-CDOC-112sdoc4.pdf,1838,1838,data,True,1836,1836,SENATOR DEBBIE A. STABENOW,2011,215,68,block_data
112sdoc4,GPO-CDOC-112sdoc4.pdf,1839,1839,data,True,1836,1836,SENATOR DEBBIE A. STABENOW,2011,204,67,block_data
112sdoc4,GPO-CDOC-112sdoc4.pdf,1840,1840,data,True,1836,1836,SENATOR DEBBIE A. STABENOW,2011,189,69,block_data
112sdoc4,GPO-CDOC-112sdoc4.pdf,1841,1841,data,True,1836,1836,SENATOR DEBBIE A. STABENOW,2011,237,69,block_data
112sdoc4,GPO-CDOC-112sdoc4.pdf,1842,1842,data,True,1836,1836,SENATOR DEBBIE A. STABENOW,2011,207,69,block_data
112sdoc4,GPO-CDOC-112sdoc4.pdf,1843,1843,data,True,1836,1836,SENATOR DEBBIE A. STABENOW,2011,190,66,block_data
112sdoc4,GPO-CDOC-112sdoc4.pdf,1844,1844,data,True,1836,1836,SENATOR DEBBIE A. STABENOW,2011,224,69,block_data
112sdoc4,GPO-CDOC-112sdoc4.pdf,1845,1845,data,True,1836,1836,SENATOR DEBBIE A. STABENOW,2011,224,68,block_data
112sdoc4,GPO-CDOC-112sdoc4.pdf,1846,1846,data,True,1836,1836,SENATOR DEBBIE A. STABENOW,2011,211,68,block_data
112sdoc4,GPO-CDOC-112sdoc4.pdf,1847,1847,data,True,1836,1836,SENATOR DEBBIE A. STABENOW,2011,217,70,block_data
112sdoc4,GPO-CDOC-112sdoc4.pdf,1848,1848,data,True,1836,1836,SENATOR DEBBIE A. STABENOW,2011,286,65,block_data
112sdoc4,GPO-CDOC-112sdoc4.pdf,1849,1849,banner,True,1849,1849,SENATOR TED STEVENS,2009,74,33,block_start
112sdoc4,GPO-CDOC-112sdoc4.pdf,1850,1850,banner,True,1850,1850,SENATOR JOHN SUNUNU,2009,68,30,block_start
112sdoc4,GPO-CDOC-112sdoc4.pdf,1851,1851,banner,True,1851,1851,SENATOR JON TESTER,2009,74,32,block_start
112sdoc4,GPO-CDOC-112sdoc4.pdf,1852,1852,banner,True,1852,1852,SENATOR JON TESTER,2010,95,38,block_start
112sdoc4,GPO-CDOC-112sdoc4.pdf,1853,1853,banner,True,1853,1853,SENATOR JON TESTER,2011,155,59,block_start
112sdoc4,GPO-CDOC-112sdoc4.pdf,1854,1854,data,True,1853,1853,SENATOR JON TESTER,2011,212,70,block_data
112sdoc4,GPO-CDOC-112sdoc4.pdf,1855,1855,data,True,1853,1853,SENATOR JON TESTER,2011,228,67,block_data
112sdoc4,GPO-CDOC-112sdoc4.pdf,1856,1856,data,True,1853,1853,SENATOR JON TESTER,2011,231,68,block_data
112sdoc4,GPO-CDOC-112sdoc4.pdf,1857,1857,data,True,1853,1853,SENATOR JON TESTER,2011,229,69,block_data
112sdoc4,GPO-CDOC-112sdoc4.pdf,1858,1858,data,True,1853,1853,SENATOR JON TESTER,2011,220,67,block_data
112sdoc4,GPO-CDOC-112sdoc4.pdf,1859,1859,data,True,1853,1853,SENATOR JON TESTER,2011,229,67,block_data
112sdoc4,GPO-CDOC-112sdoc4.pdf,1860,1860,data,True,1853,1853,SENATOR JON TESTER,2011,229,69,block_data
112sdoc4,GPO-CDOC-112sdoc4.pdf,1861,1861,data,True,1853,1853,SENATOR JON TESTER,2011,235,68,block_data
112sdoc4,GPO-CDOC-112sdoc4.pdf,1862,1862,data,True,1853,1853,SENATOR JON TESTER,2011,232,69,block_data
112sdoc4,GPO-CDOC-112sdoc4.pdf,1863,1863,data,True,1853,1853,SENATOR JON TESTER,2011,233,69,block_data
112sdoc4,GPO-CDOC-112sdoc4.pdf,1864,1864,data,True,1853,1853,SENATOR JON TESTER,2011,223,68,block_data
112sdoc4,GPO-CDOC-112sdoc4.pdf,1865,1865,data,True,1853,1853,SENATOR JON TESTER,2011,229,69,block_data
112sdoc4,GPO-CDOC-112sdoc4.pdf,1866,1866,data,True,1853,1853,SENATOR JON TESTER,2011,245,69,block_data
112sdoc4,GPO-CDOC-112sdoc4.pdf,1867,1867,data,True,1853,1853,SENATOR JON TESTER,2011,226,67,block_data
112sdoc4,GPO-CDOC-112sdoc4.pdf,1868,1868,data,True,1853,1853,SENATOR JON TESTER,2011,220,68,block_data
112sdoc4,GPO-CDOC-112sdoc4.pdf,1869,1869,data,True,1853,1853,SENATOR JON TESTER,2011,231,68,block_data
112sdoc4,GPO-CDOC-112sdoc4.pdf,1870,1870,data,True,1853,1853,SENATOR JON TESTER,2011,237,68,block_data
112sdoc4,GPO-CDOC-112sdoc4.pdf,1871,1871,data,True,1853,1853,SENATOR JON TESTER,2011,237,46,block_data
112sdoc4,GPO-CDOC-112sdoc4.pdf,1872,1872,banner,True,1872,1872,SENATOR JOHN R. THUNE,2009,74,32,block_start
112sdoc4,GPO-CDOC-112sdoc4.pdf,1873,1873,banner,True,1873,1873,SENATOR JOHN R. THUNE,2010,83,34,block_start
112sdoc4,GPO-CDOC-112sdoc4.pdf,1874,1874,banner,True,1874,1874,SENATOR JOHN R. THUNE,2011,150,58,block_start
112sdoc4,GPO-CDOC-112sdoc4.pdf,1875,1875,data,True,1874,1874,SENATOR JOHN R. THUNE,2011,211,69,block_data
112sdoc4,GPO-CDOC-112sdoc4.pdf,1876,1876,data,True,1874,1874,SENATOR JOHN R. THUNE,2011,231,69,block_data
112sdoc4,GPO-CDOC-112sdoc4.pdf,1877,1877,data,True,1874,1874,SENATOR JOHN R. THUNE,2011,239,69,block_data
112sdoc4,GPO-CDOC-112sdoc4.pdf,1878,1878,data,True,1874,1874,SENATOR JOHN R. THUNE,2011,221,65,block_data
112sdoc4,GPO-CDOC-112sdoc4.pdf,1879,1879,data,True,1874,1874,SENATOR JOHN R. THUNE,2011,230,68,block_data
112sdoc4,GPO-CDOC-112sdoc4.pdf,1880,1880,data,True,1874,1874,SENATOR JOHN R. THUNE,2011,235,69,block_data
112sdoc4,GPO-CDOC-112sdoc4.pdf,1881,1881,data,True,1874,1874,SENATOR JOHN R. THUNE,2011,239,69,block_data
112sdoc4,GPO-CDOC-112sdoc4.pdf,1882,1882,data,True,1874,1874,SENATOR JOHN R. THUNE,2011,241,69,block_data
112sdoc4,GPO-CDOC-112sdoc4.pdf,1883,1883,data,True,1874,1874,SENATOR JOHN R. THUNE,2011,235,68,block_data
112sdoc4,GPO-CDOC-112sdoc4.pdf,1884,1884,data,True,1874,1874,SENATOR JOHN R. THUNE,2011,239,68,block_data
112sdoc4,GPO-CDOC-112sdoc4.pdf,1885,1885,data,True,1874,1874,SENATOR JOHN R. THUNE,2011,330,58,block_data
112sdoc4,GPO-CDOC-112sdoc4.pdf,1886,1886,banner,True,1886,1886,SENATOR PATRICK J.TOOMEY,2011,155,59,block_start
112sdoc4,GPO-CDOC-112sdoc4.pdf,1887,1887,data,True,1886,1886,SENATOR PATRICK J.TOOMEY,2011,217,71,block_data
112sdoc4,GPO-CDOC-112sdoc4.pdf,1888,1888,data,True,1886,1886,SENATOR PATRICK J.TOOMEY,2011,254,68,block_data
112sdoc4,GPO-CDOC-112sdoc4.pdf,1889,1889,data,True,1886,1886,SENATOR PATRICK J.TOOMEY,2011,248,69,block_data
112sdoc4,GPO-CDOC-112sdoc4.pdf,1890,1890,data,True,1886,1886,SENATOR PATRICK J.TOOMEY,2011,251,68,block_data
112sdoc4,GPO-CDOC-112sdoc4.pdf,1891,1891,data,True,1886,1886,SENATOR PATRICK J.TOOMEY,2011,245,69,block_data
112sdoc4,GPO-CDOC-112sdoc4.pdf,1892,1892,data,True,1886,1886,SENATOR PATRICK J.TOOMEY,2011,206,67,block_data
112sdoc4,GPO-CDOC-112sdoc4.pdf,1893,1893,data,True,1886,1886,SENATOR PATRICK J.TOOMEY,2011,239,69,block_data
112sdoc4,GPO-CDOC-112sdoc4.pdf,1894,1894,data,True,1886,1886,SENATOR PATRICK J.TOOMEY,2011,261,69,block_data
112sdoc4,GPO-CDOC-112sdoc4.pdf,1895,1895,data,True,1886,1886,SENATOR PATRICK J.TOOMEY,2011,245,67,block_data
112sdoc4,GPO-CDOC-112sdoc4.pdf,1896,1896,data,True,1886,1886,SENATOR PATRICK J.TOOMEY,2011,246,68,block_data
112sdoc4,GPO-CDOC-112sdoc4.pdf,1897,1897,data,True,1886,1886,SENATOR PATRICK J.TOOMEY,2011,243,69,block_data
112sdoc4,GPO-CDOC-112sdoc4.pdf,1898,1898,data,True,1886,1886,SENATOR PATRICK J.TOOMEY,2011,257,69,block_data
112sdoc4,GPO-CDOC-112sdoc4.pdf,1899,1899,data,True,1886,1886,SENATOR PATRICK J.TOOMEY,2011,244,69,block_data
112sdoc4,GPO-CDOC-112sdoc4.pdf,1900,1900,data,True,1886,1886,SENATOR PATRICK J.TOOMEY,2011,247,68,block_data
112sdoc4,GPO-CDOC-112sdoc4.pdf,1901,1901,data,True,1886,1886,SENATOR PATRICK J.TOOMEY,2011,261,69,block_data
112sdoc4,GPO-CDOC-112sdoc4.pdf,1902,1902,data,True,1886,1886,SENATOR PATRICK J.TOOMEY,2011,239,69,block_data
112sdoc4,GPO-CDOC-112sdoc4.pdf,1903,1903,data,True,1886,1886,SENATOR PATRICK J.TOOMEY,2011,256,69,block_data
112sdoc4,GPO-CDOC-112sdoc4.pdf,1904,1904,data,True,1886,1886,SENATOR PATRICK J.TOOMEY,2011,238,69,block_data
112sdoc4,GPO-CDOC-112sdoc4.pdf,1905,1905,data,True,1886,1886,SENATOR PATRICK J.TOOMEY,2011,272,66,block_data
112sdoc4,GPO-CDOC-112sdoc4.pdf,1906,1906,banner,True,1906,1906,SENATOR MARK UDALL (CO),2009,74,32,block_start
112sdoc4,GPO-CDOC-112sdoc4.pdf,1907,1907,banner,True,1907,1907,SENATOR MARK UDALL (CO),2010,83,34,block_start
112sdoc4,GPO-CDOC-112sdoc4.pdf,1908,1908,banner,True,1908,1908,SENATOR MARK UDALL (CO),2011,152,58,block_start
112sdoc4,GPO-CDOC-112sdoc4.pdf,1909,1909,data,True,1908,1908,SENATOR MARK UDALL (CO),2011,216,70,block_data
112sdoc4,GPO-CDOC-112sdoc4.pdf,1910,1910,data,True,1908,1908,SENATOR MARK UDALL (CO),2011,243,69,block_data
112sdoc4,GPO-CDOC-112sdoc4.pdf,1911,1911,data,True,1908,1908,SENATOR MARK UDALL (CO),2011,239,68,block_data
112sdoc4,GPO-CDOC-112sdoc4.pdf,1912,1912,data,True,1908,1908,SENATOR MARK UDALL (CO),2011,251,68,block_data
112sdoc4,GPO-CDOC-112sdoc4.pdf,1913,1913,data,True,1908,1908,SENATOR MARK UDALL (CO),2011,233,69,block_data
112sdoc4,GPO-CDOC-112sdoc4.pdf,1914,1914,data,True,1908,1908,SENATOR MARK UDALL (CO),2011,236,68,block_data
112sdoc4,GPO-CDOC-112sdoc4.pdf,1915,1915,data,True,1908,1908,SENATOR MARK UDALL (CO),2011,233,68,block_data
112sdoc4,GPO-CDOC-112sdoc4.pdf,1916,1916,data,True,1908,1908,SENATOR MARK UDALL (CO),2011,241,67,block_data
112sdoc4,GPO-CDOC-112sdoc4.pdf,1917,1917,data,True,1908,1908,SENATOR MARK UDALL (CO),2011,228,68,block_data
112sdoc4,GPO-CDOC-112sdoc4.pdf,1918,1918,data,True,1908,1908,SENATOR MARK UDALL (CO),2011,233,69,block_data
112sdoc4,GPO-CDOC-112sdoc4.pdf,1919,1919,data,True,1908,1908,SENATOR MARK UDALL (CO),2011,231,68,block_data
112sdoc4,GPO-CDOC-112sdoc4.pdf,1920,1920,data,True,1908,1908,SENATOR MARK UDALL (CO),2011,246,69,block_data
112sdoc4,GPO-CDOC-112sdoc4.pdf,1921,1921,data,True,1908,1908,SENATOR MARK UDALL (CO),2011,234,69,block_data
112sdoc4,GPO-CDOC-112sdoc4.pdf,1922,1922,data,True,1908,1908,SENATOR MARK UDALL (CO),2011,249,68,block_data
112sdoc4,GPO-CDOC-112sdoc4.pdf,1923,1923,data,True,1908,1908,SENATOR MARK UDALL (CO),2011,259,68,block_data
112sdoc4,GPO-CDOC-112sdoc4.pdf,1924,1924,data,True,1908,1908,SENATOR MARK UDALL (CO),2011,183,39,block_data
112sdoc4,GPO-CDOC-112sdoc4.pdf,1925,1925,banner,True,1925,1925,SENATOR TOM UDALL (NM),2009,74,32,block_start
112sdoc4,GPO-CDOC-112sdoc4.pdf,1926,1926,banner,True,1926,1926,SENATOR TOM UDALL (NM),2010,71,31,block_start
112sdoc4,GPO-CDOC-112sdoc4.pdf,1927,1927,banner,True,1927,1927,SENATOR TOM UDALL (NM),2011,152,58,block_start
112sdoc4,GPO-CDOC-112sdoc4.pdf,1928,1928,data,True,1927,1927,SENATOR TOM UDALL (NM),2011,209,68,block_data
112sdoc4,GPO-CDOC-112sdoc4.pdf,1929,1929,data,True,1927,1927,SENATOR TOM UDALL (NM),2011,247,68,block_data
112sdoc4,GPO-CDOC-112sdoc4.pdf,1930,1930,data,True,1927,1927,SENATOR TOM UDALL (NM),2011,233,67,block_data
112sdoc4,GPO-CDOC-112sdoc4.pdf,1931,1931,data,True,1927,1927,SENATOR TOM UDALL (NM),2011,229,67,block_data
112sdoc4,GPO-CDOC-112sdoc4.pdf,1932,1932,data,True,1927,1927,SENATOR TOM UDALL (NM),2011,210,67,block_data
112sdoc4,GPO-CDOC-112sdoc4.pdf,1933,1933,data,True,1927,1927,SENATOR TOM UDALL (NM),2011,209,69,block_data
112sdoc4,GPO-CDOC-112sdoc4.pdf,1934,1934,data,True,1927,1927,SENATOR TOM UDALL (NM),2011,201,69,block_data
112sdoc4,GPO-CDOC-112sdoc4.pdf,1935,1935,data,True,1927,1927,SENATOR TOM UDALL (NM),2011,234,67,block_data
112sdoc4,GPO-CDOC-112sdoc4.pdf,1936,1936,data,True,1927,1927,SENATOR TOM UDALL (NM),2011,237,68,block_data
112sdoc4,GPO-CDOC-112sdoc4.pdf,1937,1937,data,True,1927,1927,SENATOR TOM UDALL (NM),2011,224,67,block_data
112sdoc4,GPO-CDOC-112sdoc4.pdf,1938,1938,data,True,1927,1927,SENATOR TOM UDALL (NM),2011,232,67,block_data
112sdoc4,GPO-CDOC-112sdoc4.pdf,1939,1939,data,True,1927,1927,SENATOR TOM UDALL (NM),2011,242,69,block_data
112sdoc4,GPO-CDOC-112sdoc4.pdf,1940,1940,data,True,1927,1927,SENATOR TOM UDALL (NM),2011,223,67,block_data
112sdoc4,GPO-CDOC-112sdoc4.pdf,1941,1941,data,True,1927,1927,SENATOR TOM UDALL (NM),2011,235,68,block_data
112sdoc4,GPO-CDOC-112sdoc4.pdf,1942,1942,data,True,1927,1927,SENATOR TOM UDALL (NM),2011,234,69,block_data
112sdoc4,GPO-CDOC-112sdoc4.pdf,1943,1943,data,True,1927,1927,SENATOR TOM UDALL (NM),2011,226,66,block_data
112sdoc4,GPO-CDOC-112sdoc4.pdf,1944,1944,data,True,1927,1927,SENATOR TOM UDALL (NM),2011,228,67,block_data
112sdoc4,GPO-CDOC-112sdoc4.pdf,1945,1945,data,True,1927,1927,SENATOR TOM UDALL (NM),2011,229,67,block_data
112sdoc4,GPO-CDOC-112sdoc4.pdf,1946,1946,data,True,1927,1927,SENATOR TOM UDALL (NM),2011,239,68,block_data
112sdoc4,GPO-CDOC-112sdoc4.pdf,1947,1947,data,True,1927,1927,SENATOR TOM UDALL (NM),2011,248,69,block_data
112sdoc4,GPO-CDOC-112sdoc4.pdf,1948,1948,data,True,1927,1927,SENATOR TOM UDALL (NM),2011,226,67,block_data
112sdoc4,GPO-CDOC-112sdoc4.pdf,1949,1949,data,True,1927,1927,SENATOR TOM UDALL (NM),2011,296,68,block_data
112sdoc4,GPO-CDOC-112sdoc4.pdf,1950,1950,data,True,1927,1927,SENATOR TOM UDALL (NM),2011,48,20,block_data
112sdoc4,GPO-CDOC-112sdoc4.pdf,1951,1951,banner,True,1951,1951,SENATOR DAVID VITTER,2009,74,32,block_start
112sdoc4,GPO-CDOC-112sdoc4.pdf,1952,1952,banner,True,1952,1952,SENATOR DAVID VITTER,2010,86,36,block_start
112sdoc4,GPO-CDOC-112sdoc4.pdf,1953,1953,banner,True,1953,1953,SENATOR DAVID VITTER,2011,152,58,block_start
112sdoc4,GPO-CDOC-112sdoc4.pdf,1954,1954,data,True,1953,1953,SENATOR DAVID VITTER,2011,227,71,block_data
112sdoc4,GPO-CDOC-112sdoc4.pdf,1955,1955,data,True,1953,1953,SENATOR DAVID VITTER,2011,229,68,block_data
112sdoc4,GPO-CDOC-112sdoc4.pdf,1956,1956,data,True,1953,1953,SENATOR DAVID VITTER,2011,237,67,block_data
112sdoc4,GPO-CDOC-112sdoc4.pdf,1957,1957,data,True,1953,1953,SENATOR DAVID VITTER,2011,228,68,block_data
112sdoc4,GPO-CDOC-112sdoc4.pdf,1958,1958,data,True,1953,1953,SENATOR DAVID VITTER,2011,233,67,block_data
112sdoc4,GPO-CDOC-112sdoc4.pdf,1959,1959,data,True,1953,1953,SENATOR DAVID VITTER,2011,231,67,block_data
112sdoc4,GPO-CDOC-112sdoc4.pdf,1960,1960,data,True,1953,1953,SENATOR DAVID VITTER,2011,242,68,block_data
112sdoc4,GPO-CDOC-112sdoc4.pdf,1961,1961,data,True,1953,1953,SENATOR DAVID VITTER,2011,243,69,block_data
112sdoc4,GPO-CDOC-112sdoc4.pdf,1962,1962,data,True,1953,1953,SENATOR DAVID VITTER,2011,247,69,block_data
112sdoc4,GPO-CDOC-112sdoc4.pdf,1963,1963,data,True,1953,1953,SENATOR DAVID VITTER,2011,242,69,block_data
112sdoc4,GPO-CDOC-112sdoc4.pdf,1964,1964,data,True,1953,1953,SENATOR DAVID VITTER,2011,243,69,block_data
112sdoc4,GPO-CDOC-112sdoc4.pdf,1965,1965,data,True,1953,1953,SENATOR DAVID VITTER,2011,232,68,block_data
112sdoc4,GPO-CDOC-112sdoc4.pdf,1966,1966,data,True,1953,1953,SENATOR DAVID VITTER,2011,242,68,block_data
112sdoc4,GPO-CDOC-112sdoc4.pdf,1967,1967,data,True,1953,1953,SENATOR DAVID VITTER,2011,244,53,block_data
112sdoc4,GPO-CDOC-112sdoc4.pdf,1968,1968,banner,True,1968,1968,SENATOR GEORGE V. VOINOVICH,2009,74,32,block_start
112sdoc4,GPO-CDOC-112sdoc4.pdf,1969,1969,banner,True,1969,1969,SENATOR GEORGE V. VOINOVICH,2010,71,31,block_start
112sdoc4,GPO-CDOC-112sdoc4.pdf,1970,1970,banner,True,1970,1970,SENATOR GEORGE V. VOINOVICH,2011,68,30,block_start
112sdoc4,GPO-CDOC-112sdoc4.pdf,1971,1971,banner,True,1971,1971,SENATOR JOHN W. WARNER,2009,71,31,block_start
112sdoc4,GPO-CDOC-112sdoc4.pdf,1972,1972,banner,True,1972,1972,SENATOR MARK WARNER,2009,86,35,block_start
112sdoc4,GPO-CDOC-112sdoc4.pdf,1973,1973,banner,True,1973,1973,SENATOR MARK WARNER,2010,74,32,block_start
112sdoc4,GPO-CDOC-112sdoc4.pdf,1974,1974,banner,True,1974,1974,SENATOR MARK WARNER,2011,149,57,block_start
112sdoc4,GPO-CDOC-112sdoc4.pdf,1975,1975,data,True,1974,1974,SENATOR MARK WARNER,2011,208,71,block_data
112sdoc4,GPO-CDOC-112sdoc4.pdf,1976,1976,data,True,1974,1974,SENATOR MARK WARNER,2011,233,67,block_data
112sdoc4,GPO-CDOC-112sdoc4.pdf,1977,1977,data,True,1974,1974,SENATOR MARK WARNER,2011,225,67,block_data
112sdoc4,GPO-CDOC-112sdoc4.pdf,1978,1978,data,True,1974,1974,SENATOR MARK WARNER,2011,244,68,block_data
112sdoc4,GPO-CDOC-112sdoc4.pdf,1979,1979,data,True,1974,1974,SENATOR MARK WARNER,2011,225,67,block_data
112sdoc4,GPO-CDOC-112sdoc4.pdf,1980,1980,data,True,1974,1974,SENATOR MARK WARNER,2011,219,68,block_data
112sdoc4,GPO-CDOC-112sdoc4.pdf,1981,1981,data,True,1974,1974,SENATOR MARK WARNER,2011,238,68,block_data
112sdoc4,GPO-CDOC-112sdoc4.pdf,1982,1982,data,True,1974,1974,SENATOR MARK WARNER,2011,228,68,block_data
112sdoc4,GPO-CDOC-112sdoc4.pdf,1983,1983,data,True,1974,1974,SENATOR MARK WARNER,2011,235,68,block_data
112sdoc4,GPO-CDOC-112sdoc4.pdf,1984,1984,data,True,1974,1974,SENATOR MARK WARNER,2011,228,67,block_data
112sdoc4,GPO-CDOC-112sdoc4.pdf,1985,1985,data,True,1974,1974,SENATOR MARK WARNER,2011,225,69,block_data
112sdoc4,GPO-CDOC-112sdoc4.pdf,1986,1986,data,True,1974,1974,SENATOR MARK WARNER,2011,220,68,block_data
112sdoc4,GPO-CDOC-112sdoc4.pdf,1987,1987,data,True,1974,1974,SENATOR MARK WARNER,2011,238,69,block_data
112sdoc4,GPO-CDOC-112sdoc4.pdf,1988,1988,data,True,1974,1974,SENATOR MARK WARNER,2011,227,68,block_data
112sdoc4,GPO-CDOC-112sdoc4.pdf,1989,1989,data,True,1974,1974,SENATOR MARK WARNER,2011,233,69,block_data
112sdoc4,GPO-CDOC-112sdoc4.pdf,1990,1990,data,True,1974,1974,SENATOR MARK WARNER,2011,209,67,block_data
112sdoc4,GPO-CDOC-112sdoc4.pdf,1991,1991,data,True,1974,1974,SENATOR MARK WARNER,2011,219,69,block_data
112sdoc4,GPO-CDOC-112sdoc4.pdf,1992,1992,data,True,1974,1974,SENATOR MARK WARNER,2011,237,67,block_data
112sdoc4,GPO-CDOC-112sdoc4.pdf,1993,1993,data,True,1974,1974,SENATOR MARK WARNER,2011,288,68,block_data
112sdoc4,GPO-CDOC-112sdoc4.pdf,1994,1994,data,True,1974,1974,SENATOR MARK WARNER,2011,64,23,block_data
112sdoc4,GPO-CDOC-112sdoc4.pdf,1995,1995,banner,True,1995,1995,SENATOR JIM WEBB,2009,74,32,block_start
112sdoc4,GPO-CDOC-112sdoc4.pdf,1996,1996,banner,True,1996,1996,SENATOR JIM WEBB,2010,142,50,block_start
112sdoc4,GPO-CDOC-112sdoc4.pdf,1997,1997,banner,True,1997,1997,SENATOR JIM WEBB,2011,155,59,block_start
112sdoc4,GPO-CDOC-112sdoc4.pdf,1998,1998,data,True,1997,1997,SENATOR JIM WEBB,2011,208,69,block_data
112sdoc4,GPO-CDOC-112sdoc4.pdf,1999,1999,data,True,1997,1997,SENATOR JIM WEBB,2011,241,69,block_data
112sdoc4,GPO-CDOC-112sdoc4.pdf,2000,2000,data,True,1997,1997,SENATOR JIM WEBB,2011,227,67,block_data
112sdoc4,GPO-CDOC-112sdoc4.pdf,2001,2001,data,True,1997,1997,SENATOR JIM WEBB,2011,234,68,block_data
112sdoc4,GPO-CDOC-112sdoc4.pdf,2002,2002,data,True,1997,1997,SENATOR JIM WEBB,2011,242,69,block_data
112sdoc4,GPO-CDOC-112sdoc4.pdf,2003,2003,data,True,1997,1997,SENATOR JIM WEBB,2011,271,66,block_data
112sdoc4,GPO-CDOC-112sdoc4.pdf,2004,2004,data,True,1997,1997,SENATOR JIM WEBB,2011,19,13,block_data
112sdoc4,GPO-CDOC-112sdoc4.pdf,2005,2005,banner,True,2005,2005,SENATOR SHELDON WHITEHOUSE,2009,77,33,block_start
112sdoc4,GPO-CDOC-112sdoc4.pdf,2006,2006,banner,True,2006,2006,SENATOR SHELDON WHITEHOUSE,2010,74,32,block_start
112sdoc4,GPO-CDOC-112sdoc4.pdf,2007,2007,banner,True,2007,2007,SENATOR SHELDON WHITEHOUSE,2011,150,58,block_start
112sdoc4,GPO-CDOC-112sdoc4.pdf,2008,2008,data,True,2007,2007,SENATOR SHELDON WHITEHOUSE,2011,220,71,block_data
112sdoc4,GPO-CDOC-112sdoc4.pdf,2009,2009,data,True,2007,2007,SENATOR SHELDON WHITEHOUSE,2011,243,68,block_data
112sdoc4,GPO-CDOC-112sdoc4.pdf,2010,2010,data,True,2007,2007,SENATOR SHELDON WHITEHOUSE,2011,244,69,block_data
112sdoc4,GPO-CDOC-112sdoc4.pdf,2011,2011,data,True,2007,2007,SENATOR SHELDON WHITEHOUSE,2011,235,68,block_data
112sdoc4,GPO-CDOC-112sdoc4.pdf,2012,2012,data,True,2007,2007,SENATOR SHELDON WHITEHOUSE,2011,254,68,block_data
112sdoc4,GPO-CDOC-112sdoc4.pdf,2013,2013,data,True,2007,2007,SENATOR SHELDON WHITEHOUSE,2011,249,69,block_data
112sdoc4,GPO-CDOC-112sdoc4.pdf,2014,2014,data,True,2007,2007,SENATOR SHELDON WHITEHOUSE,2011,251,68,block_data
112sdoc4,GPO-CDOC-112sdoc4.pdf,2015,2015,data,True,2007,2007,SENATOR SHELDON WHITEHOUSE,2011,257,67,block_data
112sdoc4,GPO-CDOC-112sdoc4.pdf,2016,2016,data,True,2007,2007,SENATOR SHELDON WHITEHOUSE,2011,236,68,block_data
112sdoc4,GPO-CDOC-112sdoc4.pdf,2017,2017,data,True,2007,2007,SENATOR SHELDON WHITEHOUSE,2011,245,68,block_data
112sdoc4,GPO-CDOC-112sdoc4.pdf,2018,2018,data,True,2007,2007,SENATOR SHELDON WHITEHOUSE,2011,251,68,block_data
112sdoc4,GPO-CDOC-112sdoc4.pdf,2019,2019,data,True,2007,2007,SENATOR SHELDON WHITEHOUSE,2011,218,69,block_data
112sdoc4,GPO-CDOC-112sdoc4.pdf,2020,2020,data,True,2007,2007,SENATOR SHELDON WHITEHOUSE,2011,241,69,block_data
112sdoc4,GPO-CDOC-112sdoc4.pdf,2021,2021,data,True,2007,2007,SENATOR SHELDON WHITEHOUSE,2011,247,68,block_data
112sdoc4,GPO-CDOC-112sdoc4.pdf,2022,2022,data,True,2007,2007,SENATOR SHELDON WHITEHOUSE,2011,308,64,block_data
112sdoc4,GPO-CDOC-112sdoc4.pdf,2023,2023,banner,True,2023,2023,SENATOR ROGER WICKER,2009,74,32,block_start
112sdoc4,GPO-CDOC-112sdoc4.pdf,2024,2024,banner,True,2024,2024,SENATOR ROGER WICKER,2010,74,32,block_start
112sdoc4,GPO-CDOC-112sdoc4.pdf,2025,2025,banner,True,2025,2025,SENATOR ROGER WICKER,2011,155,59,block_start
112sdoc4,GPO-CDOC-112sdoc4.pdf,2026,2026,data,True,2025,2025,SENATOR ROGER WICKER,2011,208,69,block_data
112sdoc4,GPO-CDOC-112sdoc4.pdf,2027,2027,data,True,2025,2025,SENATOR ROGER WICKER,2011,254,68,block_data
112sdoc4,GPO-CDOC-112sdoc4.pdf,2028,2028,data,True,2025,2025,SENATOR ROGER WICKER,2011,243,67,block_data
112sdoc4,GPO-CDOC-112sdoc4.pdf,2029,2029,data,True,2025,2025,SENATOR ROGER WICKER,2011,245,68,block_data
112sdoc4,GPO-CDOC-112sdoc4.pdf,2030,2030,data,True,2025,2025,SENATOR ROGER WICKER,2011,249,69,block_data
112sdoc4,GPO-CDOC-112sdoc4.pdf,2031,2031,data,True,2025,2025,SENATOR ROGER WICKER,2011,252,67,block_data
112sdoc4,GPO-CDOC-112sdoc4.pdf,2032,2032,data,True,2025,2025,SENATOR ROGER WICKER,2011,245,68,block_data
112sdoc4,GPO-CDOC-112sdoc4.pdf,2033,2033,data,True,2025,2025,SENATOR ROGER WICKER,2011,250,69,block_data
112sdoc4,GPO-CDOC-112sdoc4.pdf,2034,2034,data,True,2025,2025,SENATOR ROGER WICKER,2011,255,68,block_data
112sdoc4,GPO-CDOC-112sdoc4.pdf,2035,2035,data,True,2025,2025,SENATOR ROGER WICKER,2011,234,68,block_data
112sdoc4,GPO-CDOC-112sdoc4.pdf,2036,2036,data,True,2025,2025,SENATOR ROGER WICKER,2011,244,69,block_data
112sdoc4,GPO-CDOC-112sdoc4.pdf,2037,2037,data,True,2025,2025,SENATOR ROGER WICKER,2011,196,49,block_data
112sdoc4,GPO-CDOC-112sdoc4.pdf,2038,2038,banner,True,2038,2038,SENATOR RON WYDEN,2009,86,36,block_start
112sdoc4,GPO-CDOC-112sdoc4.pdf,2039,2039,banner,True,2039,2039,SENATOR RON WYDEN,2010,118,42,block_start
112sdoc4,GPO-CDOC-112sdoc4.pdf,2040,2040,banner,True,2040,2040,SENATOR RON WYDEN,2011,152,58,block_start
112sdoc4,GPO-CDOC-112sdoc4.pdf,2041,2041,data,True,2040,2040,SENATOR RON WYDEN,2011,217,71,block_data
112sdoc4,GPO-CDOC-112sdoc4.pdf,2042,2042,data,True,2040,2040,SENATOR RON WYDEN,2011,225,67,block_data
112sdoc4,GPO-CDOC-112sdoc4.pdf,2043,2043,data,True,2040,2040,SENATOR RON WYDEN,2011,231,66,block_data
112sdoc4,GPO-CDOC-112sdoc4.pdf,2044,2044,data,True,2040,2040,SENATOR RON WYDEN,2011,221,69,block_data
112sdoc4,GPO-CDOC-112sdoc4.pdf,2045,2045,data,True,2040,2040,SENATOR RON WYDEN,2011,229,67,block_data
112sdoc4,GPO-CDOC-112sdoc4.pdf,2046,2046,data,True,2040,2040,SENATOR RON WYDEN,2011,224,68,block_data
112sdoc4,GPO-CDOC-112sdoc4.pdf,2047,2047,data,True,2040,2040,SENATOR RON WYDEN,2011,241,68,block_data
112sdoc4,GPO-CDOC-112sdoc4.pdf,2048,2048,data,True,2040,2040,SENATOR RON WYDEN,2011,215,66,block_data
112sdoc4,GPO-CDOC-112sdoc4.pdf,2049,2049,data,True,2040,2040,SENATOR RON WYDEN,2011,229,68,block_data
112sdoc4,GPO-CDOC-112sdoc4.pdf,2050,2050,data,True,2040,2040,SENATOR RON WYDEN,2011,238,68,block_data
112sdoc4,GPO-CDOC-112sdoc4.pdf,2051,2051,data,True,2040,2040,SENATOR RON WYDEN,2011,229,67,block_data
112sdoc4,GPO-CDOC-112sdoc4.pdf,2052,2052,data,True,2040,2040,SENATOR RON WYDEN,2011,241,69,block_data
112sdoc4,GPO-CDOC-112sdoc4.pdf,2053,2053,data,True,2040,2040,SENATOR RON WYDEN,2011,234,69,block_data
112sdoc4,GPO-CDOC-112sdoc4.pdf,2054,2054,data,True,2040,2040,SENATOR RON WYDEN,2011,230,68,block_data
112sdoc4,GPO-CDOC-112sdoc4.pdf,2055,2055,data,True,2040,2040,SENATOR RON WYDEN,2011,361,70,block_data
112sdoc4,GPO-CDOC-112sdoc4.pdf,2056,2056,data,True,2040,2040,SENATOR RON WYDEN,2011,21,14,block_data
112sdoc4,GPO-CDOC-112sdoc4.pdf,2057,2057,banner,True,2057,2057,STATIONERY,,84,36,block_start
112sdoc4,GPO-CDOC-112sdoc4.pdf,2058,2058,banner,True,2058,2058,LEGAL COUNSEL,2009,70,31,block_start
112sdoc4,GPO-CDOC-112sdoc4.pdf,2059,2059,banner,True,2059,2059,LEGAL COUNSEL,2010,70,31,block_start
112sdoc4,GPO-CDOC-112sdoc4.pdf,2060,2060,banner,True,2060,2060,LEGAL COUNSEL,2011,120,46,block_start
112sdoc4,GPO-CDOC-112sdoc4.pdf,2061,2061,banner,True,2061,2061,SECRETARY FOR THE MAJORITY (D),2009,66,30,block_start
112sdoc4,GPO-CDOC-112sdoc4.pdf,2062,2062,banner,True,2062,2062,SECRETARY FOR THE MAJORITY (D),2010,60,30,block_start
112sdoc4,GPO-CDOC-112sdoc4.pdf,2063,2063,banner,True,2063,2063,SECRETARY FOR THE MAJORITY (D),2011,77,36,block_start
112sdoc4,GPO-CDOC-112sdoc4.pdf,2064,2064,banner,True,2064,2064,SECRETARY FOR THE MINORITY (R),2009,66,30,block_start
112sdoc4,GPO-CDOC-112sdoc4.pdf,2065,2065,banner,True,2065,2065,SECRETARY FOR THE MINORITY (R),2010,66,30,block_start
112sdoc4,GPO-CDOC-112sdoc4.pdf,2066,2066,banner,True,2066,2066,SECRETARY FOR THE MINORITY (R),2011,76,35,block_start
112sdoc4,GPO-CDOC-112sdoc4.pdf,2067,2067,banner,True,2067,2067,SERGEANT AT ARMS AND DOORKEEPER OF THE SENATE,2009,57,29,block_start
112sdoc4,GPO-CDOC-112sdoc4.pdf,2068,2068,banner,True,2068,2068,SERGEANT AT ARMS AND DOORKEEPER OF THE SENATE,2010,57,29,block_start
112sdoc4,GPO-CDOC-112sdoc4.pdf,2069,2069,banner,True,2069,2069,SERGEANT AT ARMS AND DOORKEEPER OF THE SENATE,2011,57,29,block_start
112sdoc4,GPO-CDOC-112sdoc4.pdf,2070,2070,banner,True,2070,2070,SECRETARY OF THE SENATE,2009,57,29,block_start
112sdoc4,GPO-CDOC-112sdoc4.pdf,2071,2071,banner,True,2071,2071,SECRETARY OF THE SENATE,2010,57,29,block_start
112sdoc4,GPO-CDOC-112sdoc4.pdf,2072,2072,banner,True,2072,2072,SECRETARY OF THE SENATE,2011,57,29,block_start
112sdoc4,GPO-CDOC-112sdoc4.pdf,2073,2073,banner,True,2073,2073,CAPITOL GUIDE SERVICE,2009,62,29,block_start
112sdoc4,GPO-CDOC-112sdoc4.pdf,2074,2074,banner,True,2074,2074,SPECIAL SERVICES,2009,65,29,block_start
112sdoc4,GPO-CDOC-112sdoc4.pdf,2075,2075,banner,True,2075,2075,CAPITOL GUIDE SERVICE,,54,28,block_start
112sdoc4,GPO-CDOC-112sdoc4.pdf,2076,2076,banner,True,2076,2076,JOINT ECONOMIC COMMITTEE,2009,73,32,block_start
112sdoc4,GPO-CDOC-112sdoc4.pdf,2077,2077,banner,True,2077,2077,JOINT ECONOMIC COMMITTEE,2010,73,32,block_start
112sdoc4,GPO-CDOC-112sdoc4.pdf,2078,2078,banner,True,2078,2078,JOINT ECONOMIC COMMITTEE,2011,151,58,block_start
112sdoc4,GPO-CDOC-112sdoc4.pdf,2079,2079,data,True,2078,2078,JOINT ECONOMIC COMMITTEE,2011,232,60,block_data
112sdoc4,GPO-CDOC-112sdoc4.pdf,2080,2080,banner,True,2080,2080,RESERVE FOR CONTINGENCIES,,53,28,block_start
112sdoc4,GPO-CDOC-112sdoc4.pdf,2081,2081,banner,True,2081,2081,LEGISLATIVE COUNSEL,2009,70,31,block_start
112sdoc4,GPO-CDOC-112sdoc4.pdf,2082,2082,banner,True,2082,2082,LEGISLATIVE COUNSEL,2010,70,31,block_start
112sdoc4,GPO-CDOC-112sdoc4.pdf,2083,2083,banner,True,2083,2083,LEGISLATIVE COUNSEL,2011,154,59,block_start
112sdoc4,GPO-CDOC-112sdoc4.pdf,2084,2084,data,True,2083,2083,LEGISLATIVE COUNSEL,2011,138,49,block_data
112sdoc4,GPO-CDOC-112sdoc4.pdf,2085,2085,banner,True,2085,2085,JOINT COMMITTEES ON INAUGURAL CEREMONIES,,73,32,block_start
112sdoc4,GPO-CDOC-112sdoc4.pdf,2086,2086,banner,True,2086,2086,OFFICE OF CONGRESSIONAL ACCESSIBILITY SERVICES,2009,67,28,block_start
112sdoc4,GPO-CDOC-112sdoc4.pdf,2087,2087,banner,True,2087,2087,OFFICE OF CONGRESSIONAL ACCESSIBILITY SERVICES,2010,76,30,block_start
112sdoc4,GPO-CDOC-112sdoc4.pdf,2088,2088,banner,True,2088,2088,OFFICE OF CONGRESSIONAL ACCESSIBILITY SERVICES,2011,201,56,block_start
112sdoc4,GPO-CDOC-112sdoc4.pdf,2089,2089,data,True,2088,2088,OFFICE OF CONGRESSIONAL ACCESSIBILITY SERVICES,2011,211,42,block_data
112sdoc4,GPO-CDOC-112sdoc4.pdf,2090,2090,banner,True,2090,2090,STATEMENT OF APPROPRIATIONS,2009,53,28,block_start
112sdoc4,GPO-CDOC-112sdoc4.pdf,2091,2091,banner,True,2091,2091,COMPUTER CENTER REVOLVING FUND,,55,28,block_start
112sdoc4,GPO-CDOC-112sdoc4.pdf,2092,2092,banner,True,2092,2092,HEALTH & PROMOTION,,116,38,block_start
112sdoc4,GPO-CDOC-112sdoc4.pdf,2093,2093,banner,True,2093,2093,PUBLIC RECORDS,,70,32,block_start
112sdoc4,GPO-CDOC-112sdoc4.pdf,2094,2094,banner,True,2094,2094,GIFT SHOP,,73,33,block_start
112sdoc4,GPO-CDOC-112sdoc4.pdf,2095,2095,banner,True,2095,2095,PHOTOGRAPHIC STUDIO,,223,56,block_start
112sdoc4,GPO-CDOC-112sdoc4.pdf,2096,2096,data,True,2095,2095,PHOTOGRAPHIC STUDIO,,40,16,block_data
112sdoc4,GPO-CDOC-112sdoc4.pdf,2097,2097,banner,True,2097,2097,RECORDING STUDIO,,159,47,block_start
112sdoc4,GPO-CDOC-112sdoc4.pdf,2098,2098,banner,True,2098,2098,DANIEL WEBSTER SENATE PAGE RESIDENCE,,227,56,block_start
112sdoc4,GPO-CDOC-112sdoc4.pdf,2099,2099,data,True,2098,2098,DANIEL WEBSTER SENATE PAGE RESIDENCE,,19,13,block_data
112sdoc4,GPO-CDOC-112sdoc4.pdf,2100,2100,banner,True,2100,2100,SENATE HAIR CARE,,124,49,block_start
112sdoc4,GPO-CDOC-112sdoc4.pdf,2101,2101,banner,True,2101,2101,"AGRICULTURE, NUTRITION & FORESTRY AGRICULTURE, NUTR & FOR S.RES.89D(110TH) EXPENSES OF INQUIRIES AND INVESTIGATIONS",,70,30,block_start
112sdoc4,GPO-CDOC-112sdoc4.pdf,2102,2102,banner,True,2102,2102,"AGRICULTURE, NUTRITION & FORESTRY AGRICULTURE, NUTR & FOR S.RES.73B(111TH) EXPENSES OF INQUIRIES AND INVESTIGATIONS",,69,29,block_start
112sdoc4,GPO-CDOC-112sdoc4.pdf,2103,2103,banner,True,2103,2103,"AGRICULTURE, NUTRITION & FORESTRY AGRICULTURE, NUTR & FOR S.RES.73C(111TH) EXPENSES OF INQUIRIES AND INVESTIGATIONS",,96,38,block_start
112sdoc4,GPO-CDOC-112sdoc4.pdf,2104,2104,banner,True,2104,2104,"AGRICULTURE, NUTRITION & FORESTRY AGRICULTURE, NUTR & FOR S.RES.73D(111TH) EXPENSES OF INQUIRIES AND INVESTIGATIONS",,135,49,block_start
112sdoc4,GPO-CDOC-112sdoc4.pdf,2105,2105,banner,True,2105,2105,"AGRICULTURE, NUTRITION & FORESTRY AGRICULTURE, NUTR & FOR S.RES.81B(112TH) EXPENSES OF INQUIRIES AND INVESTIGATIONS",,138,51,block_start
112sdoc4,GPO-CDOC-112sdoc4.pdf,2106,2106,data,True,2105,2105,"AGRICULTURE, NUTRITION & FORESTRY AGRICULTURE, NUTR & FOR S.RES.81B(112TH) EXPENSES OF INQUIRIES AND INVESTIGATIONS",,180,60,block_data
112sdoc4,GPO-CDOC-112sdoc4.pdf,2107,2107,data,True,2105,2105,"AGRICULTURE, NUTRITION & FORESTRY AGRICULTURE, NUTR & FOR S.RES.81B(112TH) EXPENSES OF INQUIRIES AND INVESTIGATIONS",,182,62,block_data
112sdoc4,GPO-CDOC-112sdoc4.pdf,2108,2108,data,True,2105,2105,"AGRICULTURE, NUTRITION & FORESTRY AGRICULTURE, NUTR & FOR S.RES.81B(112TH) EXPENSES OF INQUIRIES AND INVESTIGATIONS",,189,63,block_data
112sdoc4,GPO-CDOC-112sdoc4.pdf,2109,2109,data,True,2105,2105,"AGRICULTURE, NUTRITION & FORESTRY AGRICULTURE, NUTR & FOR S.RES.81B(112TH) EXPENSES OF INQUIRIES AND INVESTIGATIONS",,190,62,block_data
112sdoc4,GPO-CDOC-112sdoc4.pdf,2110,2110,data,True,2105,2105,"AGRICULTURE, NUTRITION & FORESTRY AGRICULTURE, NUTR & FOR S.RES.81B(112TH) EXPENSES OF INQUIRIES AND INVESTIGATIONS",,182,62,block_data
112sdoc4,GPO-CDOC-112sdoc4.pdf,2111,2111,data,True,2105,2105,"AGRICULTURE, NUTRITION & FORESTRY AGRICULTURE, NUTR & FOR S.RES.81B(112TH) EXPENSES OF INQUIRIES AND INVESTIGATIONS",,195,60,block_data
112sdoc4,GPO-CDOC-112sdoc4.pdf,2112,2112,data,True,2105,2105,"AGRICULTURE, NUTRITION & FORESTRY AGRICULTURE, NUTR & FOR S.RES.81B(112TH) EXPENSES OF INQUIRIES AND INVESTIGATIONS",,281,61,block_data
112sdoc4,GPO-CDOC-112sdoc4.pdf,2113,2113,data,True,2105,2105,"AGRICULTURE, NUTRITION & FORESTRY AGRICULTURE, NUTR & FOR S.RES.81B(112TH) EXPENSES OF INQUIRIES AND INVESTIGATIONS",,250,47,block_data
112sdoc4,GPO-CDOC-112sdoc4.pdf,2114,2114,banner,True,2114,2114,ARMED SERVICES ARMED SERVICES - S.RES. 89D (110TH) EXPENSES OF INQUIRIES AND INVESTIGATIONS,,70,30,block_start
112sdoc4,GPO-CDOC-112sdoc4.pdf,2115,2115,banner,True,2115,2115,ARMED SERVICES ARMED SERVICES - S.RES. 73B (111TH) EXPENSES OF INQUIRIES AND INVESTIGATIONS,,73,30,block_start
112sdoc4,GPO-CDOC-112sdoc4.pdf,2116,2116,banner,True,2116,2116,ARMED SERVICES ARMED SERVICES - S.RES. 73C (111TH) EXPENSES OF INQUIRIES AND INVESTIGATIONS,,73,30,block_start
112sdoc4,GPO-CDOC-112sdoc4.pdf,2117,2117,banner,True,2117,2117,ARMED SERVICES ARMED SERVICES - S.RES. 73D (111TH) EXPENSES OF INQUIRIES AND INVESTIGATIONS,,72,31,block_start
112sdoc4,GPO-CDOC-112sdoc4.pdf,2118,2118,banner,True,2118,2118,ARMED SERVICES ARMED SERVICES - S.RES. 81B (112TH) EXPENSES OF INQUIRIES AND INVESTIGATIONS,,144,54,block_start
112sdoc4,GPO-CDOC-112sdoc4.pdf,2119,2119,data,True,2118,2118,ARMED SERVICES ARMED SERVICES - S.RES. 81B (112TH) EXPENSES OF INQUIRIES AND INVESTIGATIONS,,227,62,block_data
112sdoc4,GPO-CDOC-112sdoc4.pdf,2120,2120,data,True,2118,2118,ARMED SERVICES ARMED SERVICES - S.RES. 81B (112TH) EXPENSES OF INQUIRIES AND INVESTIGATIONS,,391,64,block_data
112sdoc4,GPO-CDOC-112sdoc4.pdf,2121,2121,data,True,2118,2118,ARMED SERVICES ARMED SERVICES - S.RES. 81B (112TH) EXPENSES OF INQUIRIES AND INVESTIGATIONS,,21,13,block_data
112sdoc4,GPO-CDOC-112sdoc4.pdf,2122,2122,banner,True,2122,2122,"BANKING, HOUSING & URBAN AFFAIRS BANKING,HOUSING &URBDEV S.RES.89D(110TH) EXPENSES OF INQUIRIES AND INVESTIGATIONS",,73,30,block_start
112sdoc4,GPO-CDOC-112sdoc4.pdf,2123,2123,banner,True,2123,2123,"BANKING, HOUSING & URBAN AFFAIRS BANKING,HOUSING &URBDEV S.RES.73B(111TH) EXPENSES OF INQUIRIES AND INVESTIGATIONS",,73,30,block_start
112sdoc4,GPO-CDOC-112sdoc4.pdf,2124,2124,banner,True,2124,2124,"BANKING, HOUSING & URBAN AFFAIRS BANKING,HOUSING &URBDEV S.RES.73C(111TH) EXPENSES OF INQUIRIES AND INVESTIGATIONS",,94,37,block_start
112sdoc4,GPO-CDOC-112sdoc4.pdf,2125,2125,banner,True,2125,2125,"BANKING, HOUSING & URBAN AFFAIRS BANKING,HOUSING &URBDEV S.RES.73D(111TH) EXPENSES OF INQUIRIES AND INVESTIGATIONS",,97,39,block_start
112sdoc4,GPO-CDOC-112sdoc4.pdf,2126,2126,banner,True,2126,2126,"BANKING, HOUSING & URBAN AFFAIRS BANKING,HOUSING &URBDEV S.RES.81B(112TH) EXPENSES OF INQUIRIES AND INVESTIGATIONS",,139,52,block_start
112sdoc4,GPO-CDOC-112sdoc4.pdf,2127,2127,data,True,2126,2126,"BANKING, HOUSING & URBAN AFFAIRS BANKING,HOUSING &URBDEV S.RES.81B(112TH) EXPENSES OF INQUIRIES AND INVESTIGATIONS",,185,62,block_data
112sdoc4,GPO-CDOC-112sdoc4.pdf,2128,2128,data,True,2126,2126,"BANKING, HOUSING & URBAN AFFAIRS BANKING,HOUSING &URBDEV S.RES.81B(112TH) EXPENSES OF INQUIRIES AND INVESTIGATIONS",,254,64,block_data
112sdoc4,GPO-CDOC-112sdoc4.pdf,2129,2129,data,True,2126,2126,"BANKING, HOUSING & URBAN AFFAIRS BANKING,HOUSING &URBDEV S.RES.81B(112TH) EXPENSES OF INQUIRIES AND INVESTIGATIONS",,313,56,block_data
112sdoc4,GPO-CDOC-112sdoc4.pdf,2130,2130,banner,True,2130,2130,BUDGET BUDGET - S.RES. 89D (110TH) EXPENSES OF INQUIRIES AND INVESTIGATIONS,,70,30,block_start
112sdoc4,GPO-CDOC-112sdoc4.pdf,2131,2131,banner,True,2131,2131,BUDGET BUDGET - S.RES. 73B (111TH) EXPENSES OF INQUIRIES AND INVESTIGATIONS,,73,30,block_start
112sdoc4,GPO-CDOC-112sdoc4.pdf,2132,2132,banner,True,2132,2132,BUDGET BUDGET - S.RES. 73C (111TH) EXPENSES OF INQUIRIES AND INVESTIGATIONS,,73,30,block_start
112sdoc4,GPO-CDOC-112sdoc4.pdf,2133,2133,banner,True,2133,2133,BUDGET BUDGET - S.RES. 73D (111TH) EXPENSES OF INQUIRIES AND INVESTIGATIONS,,113,45,block_start
112sdoc4,GPO-CDOC-112sdoc4.pdf,2134,2134,banner,True,2134,2134,BUDGET BUDGET - S.RES. 81B (112TH) EXPENSES OF INQUIRIES AND INVESTIGATIONS,,142,54,block_start
112sdoc4,GPO-CDOC-112sdoc4.pdf,2135,2135,data,True,2134,2134,BUDGET BUDGET - S.RES. 81B (112TH) EXPENSES OF INQUIRIES AND INVESTIGATIONS,,181,61,block_data
112sdoc4,GPO-CDOC-112sdoc4.pdf,2136,2136,data,True,2134,2134,BUDGET BUDGET - S.RES. 81B (112TH) EXPENSES OF INQUIRIES AND INVESTIGATIONS,,224,61,block_data
112sdoc4,GPO-CDOC-112sdoc4.pdf,2137,2137,banner,True,2137,2137,"COMMERCE, SCIENCE & TRANSPORTATION COMMERCE, SCI & TRANS S.RES. 89D (110TH) EXPENSES OF INQUIRIES AND INVESTIGATIONS",,70,30,block_start
112sdoc4,GPO-CDOC-112sdoc4.pdf,2138,2138,banner,True,2138,2138,"COMMERCE, SCIENCE & TRANSPORTATION COMMERCE, SCI & TRANS S.RES. 73B (111TH) EXPENSES OF INQUIRIES AND INVESTIGATIONS",,86,37,block_start
112sdoc4,GPO-CDOC-112sdoc4.pdf,2139,2139,banner,True,2139,2139,"COMMERCE, SCIENCE & TRANSPORTATION COMMERCE, SCI & TRANS S.RES. 73C (111TH) EXPENSES OF INQUIRIES AND INVESTIGATIONS",,120,47,block_start
112sdoc4,GPO-CDOC-112sdoc4.pdf,2140,2140,banner,True,2140,2140,"COMMERCE, SCIENCE & TRANSPORTATION COMMERCE, SCI & TRANS S.RES. 73D (111TH) EXPENSES OF INQUIRIES AND INVESTIGATIONS",,131,50,block_start
112sdoc4,GPO-CDOC-112sdoc4.pdf,2141,2141,data,True,2140,2140,"COMMERCE, SCIENCE & TRANSPORTATION COMMERCE, SCI & TRANS S.RES. 73D (111TH) EXPENSES OF INQUIRIES AND INVESTIGATIONS",,92,35,block_data
112sdoc4,GPO-CDOC-112sdoc4.pdf,2142,2142,banner,True,2142,2142,"COMMERCE, SCIENCE & TRANSPORTATION COMMERCE, SCI & TRANS S.RES. 81B (112TH) EXPENSES OF INQUIRIES AND INVESTIGATIONS",,140,54,block_start
112sdoc4,GPO-CDOC-112sdoc4.pdf,2143,2143,data,True,2142,2142,"COMMERCE, SCIENCE & TRANSPORTATION COMMERCE, SCI & TRANS S.RES. 81B (112TH) EXPENSES OF INQUIRIES AND INVESTIGATIONS",,186,65,block_data
112sdoc4,GPO-CDOC-112sdoc4.pdf,2144,2144,data,True,2142,2142,"COMMERCE, SCIENCE & TRANSPORTATION COMMERCE, SCI & TRANS S.RES. 81B (112TH) EXPENSES OF INQUIRIES AND INVESTIGATIONS",,175,59,block_data
112sdoc4,GPO-CDOC-112sdoc4.pdf,2145,2145,data,True,2142,2142,"COMMERCE, SCIENCE & TRANSPORTATION COMMERCE, SCI & TRANS S.RES. 81B (112TH) EXPENSES OF INQUIRIES AND INVESTIGATIONS",,174,63,block_data
112sdoc4,GPO-CDOC-112sdoc4.pdf,2146,2146,data,True,2142,2142,"COMMERCE, SCIENCE & TRANSPORTATION COMMERCE, SCI & TRANS S.RES. 81B (112TH) EXPENSES OF INQUIRIES AND INVESTIGATIONS",,347,66,block_data
112sdoc4,GPO-CDOC-112sdoc4.pdf,2147,2147,data,True,2142,2142,"COMMERCE, SCIENCE & TRANSPORTATION COMMERCE, SCI & TRANS S.RES. 81B (112TH) EXPENSES OF INQUIRIES AND INVESTIGATIONS",,136,34,block_data
112sdoc4,GPO-CDOC-112sdoc4.pdf,2148,2148,banner,True,2148,2148,ENERGY & NATURAL RESOURCES ENERGY & NATURAL RES S.RES. 89D (110TH) EXPENSES OF INQUIRIES AND INVESTIGATIONS,,73,30,block_start
112sdoc4,GPO-CDOC-112sdoc4.pdf,2149,2149,banner,True,2149,2149,ENERGY & NATURAL RESOURCES ENERGY & NATURAL RES S.RES. 73B (111TH) EXPENSES OF INQUIRIES AND INVESTIGATIONS,,73,30,block_start
112sdoc4,GPO-CDOC-112sdoc4.pdf,2150,2150,banner,True,2150,2150,ENERGY & NATURAL RESOURCES ENERGY & NATURAL RES S.RES. 73C (111TH) EXPENSES OF INQUIRIES AND INVESTIGATIONS,,97,35,block_start
112sdoc4,GPO-CDOC-112sdoc4.pdf,2151,2151,banner,True,2151,2151,ENERGY & NATURAL RESOURCES ENERGY & NATURAL RES S.RES. 73D (111TH) EXPENSES OF INQUIRIES AND INVESTIGATIONS,,130,47,block_start
112sdoc4,GPO-CDOC-112sdoc4.pdf,2152,2152,banner,True,2152,2152,ENERGY & NATURAL RESOURCES ENERGY & NATURAL RES S.RES. 81B (112TH) EXPENSES OF INQUIRIES AND INVESTIGATIONS,,139,52,block_start
112sdoc4,GPO-CDOC-112sdoc4.pdf,2153,2153,data,True,2152,2152,ENERGY & NATURAL RESOURCES ENERGY & NATURAL RES S.RES. 81B (112TH) EXPENSES OF INQUIRIES AND INVESTIGATIONS,,182,60,block_data
112sdoc4,GPO-CDOC-112sdoc4.pdf,2154,2154,data,True,2152,2152,ENERGY & NATURAL RESOURCES ENERGY & NATURAL RES S.RES. 81B (112TH) EXPENSES OF INQUIRIES AND INVESTIGATIONS,,188,58,block_data
112sdoc4,GPO-CDOC-112sdoc4.pdf,2155,2155,data,True,2152,2152,ENERGY & NATURAL RESOURCES ENERGY & NATURAL RES S.RES. 81B (112TH) EXPENSES OF INQUIRIES AND INVESTIGATIONS,,188,60,block_data
112sdoc4,GPO-CDOC-112sdoc4.pdf,2156,2156,data,True,2152,2152,ENERGY & NATURAL RESOURCES ENERGY & NATURAL RES S.RES. 81B (112TH) EXPENSES OF INQUIRIES AND INVESTIGATIONS,,179,59,block_data
112sdoc4,GPO-CDOC-112sdoc4.pdf,2157,2157,data,True,2152,2152,ENERGY & NATURAL RESOURCES ENERGY & NATURAL RES S.RES. 81B (112TH) EXPENSES OF INQUIRIES AND INVESTIGATIONS,,260,64,block_data
112sdoc4,GPO-CDOC-112sdoc4.pdf,2158,2158,data,True,2152,2152,ENERGY & NATURAL RESOURCES ENERGY & NATURAL RES S.RES. 81B (112TH) EXPENSES OF INQUIRIES AND INVESTIGATIONS,,380,64,block_data
112sdoc4,GPO-CDOC-112sdoc4.pdf,2159,2159,data,True,2152,2152,ENERGY & NATURAL RESOURCES ENERGY & NATURAL RES S.RES. 81B (112TH) EXPENSES OF INQUIRIES AND INVESTIGATIONS,,21,13,block_data
112sdoc4,GPO-CDOC-112sdoc4.pdf,2160,2160,banner,True,2160,2160,ENVIRONMENT & PUBLIC WORKS ENVIRONMENT & PUB WORKS S.RES.89D(110TH) EXPENSES OF INQUIRIES AND INVESTIGATIONS,,70,30,block_start
112sdoc4,GPO-CDOC-112sdoc4.pdf,2161,2161,banner,True,2161,2161,ENVIRONMENT & PUBLIC WORKS ENVIRONMENT & PUB WORKS S.RES.73B(111TH) EXPENSES OF INQUIRIES AND INVESTIGATIONS,,70,30,block_start
112sdoc4,GPO-CDOC-112sdoc4.pdf,2162,2162,banner,True,2162,2162,ENVIRONMENT & PUBLIC WORKS ENVIRONMENT & PUB WORKS S.RES.73C(111TH) EXPENSES OF INQUIRIES AND INVESTIGATIONS,,85,36,block_start
112sdoc4,GPO-CDOC-112sdoc4.pdf,2163,2163,banner,True,2163,2163,ENVIRONMENT & PUBLIC WORKS ENVIRONMENT & PUB WORKS S.RES.73D(111TH) EXPENSES OF INQUIRIES AND INVESTIGATIONS,,102,39,block_start
112sdoc4,GPO-CDOC-112sdoc4.pdf,2164,2164,banner,True,2164,2164,ENVIRONMENT & PUBLIC WORKS ENVIRONMENT & PUB WORKS S.RES.81B(112TH) EXPENSES OF INQUIRIES AND INVESTIGATIONS,,137,52,block_start
112sdoc4,GPO-CDOC-112sdoc4.pdf,2165,2165,data,True,2164,2164,ENVIRONMENT & PUBLIC WORKS ENVIRONMENT & PUB WORKS S.RES.81B(112TH) EXPENSES OF INQUIRIES AND INVESTIGATIONS,,178,62,block_data
112sdoc4,GPO-CDOC-112sdoc4.pdf,2166,2166,data,True,2164,2164,ENVIRONMENT & PUBLIC WORKS ENVIRONMENT & PUB WORKS S.RES.81B(112TH) EXPENSES OF INQUIRIES AND INVESTIGATIONS,,182,62,block_data
112sdoc4,GPO-CDOC-112sdoc4.pdf,2167,2167,data,True,2164,2164,ENVIRONMENT & PUBLIC WORKS ENVIRONMENT & PUB WORKS S.RES.81B(112TH) EXPENSES OF INQUIRIES AND INVESTIGATIONS,,267,66,block_data
112sdoc4,GPO-CDOC-112sdoc4.pdf,2168,2168,data,True,2164,2164,ENVIRONMENT & PUBLIC WORKS ENVIRONMENT & PUB WORKS S.RES.81B(112TH) EXPENSES OF INQUIRIES AND INVESTIGATIONS,,194,39,block_data
112sdoc4,GPO-CDOC-112sdoc4.pdf,2169,2169,banner,True,2169,2169,ETHICS COMMITTEE ON ETHICS - FY 2009 EXPENSES OF INQUIRIES AND INVESTIGATIONS,,73,30,block_start
112sdoc4,GPO-CDOC-112sdoc4.pdf,2170,2170,banner,True,2170,2170,ETHICS COMMITTEE ON ETHICS - FY 2010 EXPENSES OF INQUIRIES AND INVESTIGATIONS,,73,30,block_start
112sdoc4,GPO-CDOC-112sdoc4.pdf,2171,2171,banner,True,2171,2171,ETHICS COMMITTEE ON ETHICS - FY 2011 EXPENSES OF INQUIRIES AND INVESTIGATIONS,,132,50,block_start
112sdoc4,GPO-CDOC-112sdoc4.pdf,2172,2172,data,True,2171,2171,ETHICS COMMITTEE ON ETHICS - FY 2011 EXPENSES OF INQUIRIES AND INVESTIGATIONS,,279,62,block_data
112sdoc4,GPO-CDOC-112sdoc4.pdf,2173,2173,data,True,2171,2171,ETHICS COMMITTEE ON ETHICS - FY 2011 EXPENSES OF INQUIRIES AND INVESTIGATIONS,,73,25,block_data
112sdoc4,GPO-CDOC-112sdoc4.pdf,2174,2174,banner,True,2174,2174,FINANCE FINANCE - S.RES. 89D(110TH) EXPENSES OF INQUIRIES AND INVESTIGATIONS,,73,30,block_start
112sdoc4,GPO-CDOC-112sdoc4.pdf,2175,2175,banner,True,2175,2175,FINANCE FINANCE - S.RES. 73B (111TH) EXPENSES OF INQUIRIES AND INVESTIGATIONS,,73,30,block_start
112sdoc4,GPO-CDOC-112sdoc4.pdf,2176,2176,banner,True,2176,2176,FINANCE FINANCE - S.RES. 73C (111TH) EXPENSES OF INQUIRIES AND INVESTIGATIONS,,116,45,block_start
112sdoc4,GPO-CDOC-112sdoc4.pdf,2177,2177,banner,True,2177,2177,FINANCE FINANCE - S.RES. 73D (111TH) EXPENSES OF INQUIRIES AND INVESTIGATIONS,,135,47,block_start
112sdoc4,GPO-CDOC-112sdoc4.pdf,2178,2178,data,True,2177,2177,FINANCE FINANCE - S.RES. 73D (111TH) EXPENSES OF INQUIRIES AND INVESTIGATIONS,,110,40,block_data
112sdoc4,GPO-CDOC-112sdoc4.pdf,2179,2179,banner,True,2179,2179,FINANCE FINANCE - S.RES. 81B (112TH) EXPENSES OF INQUIRIES AND INVESTIGATIONS,,140,54,block_start
112sdoc4,GPO-CDOC-112sdoc4.pdf,2180,2180,data,True,2179,2179,FINANCE FINANCE - S.RES. 81B (112TH) EXPENSES OF INQUIRIES AND INVESTIGATIONS,,180,65,block_data
112sdoc4,GPO-CDOC-112sdoc4.pdf,2181,2181,data,True,2179,2179,FINANCE FINANCE - S.RES. 81B (112TH) EXPENSES OF INQUIRIES AND INVESTIGATIONS,,186,62,block_data
112sdoc4,GPO-CDOC-112sdoc4.pdf,2182,2182,data,True,2179,2179,FINANCE FINANCE - S.RES. 81B (112TH) EXPENSES OF INQUIRIES AND INVESTIGATIONS,,192,60,block_data
112sdoc4,GPO-CDOC-112sdoc4.pdf,2183,2183,data,True,2179,2179,FINANCE FINANCE - S.RES. 81B (112TH) EXPENSES OF INQUIRIES AND INVESTIGATIONS,,176,59,block_data
112sdoc4,GPO-CDOC-112sdoc4.pdf,2184,2184,data,True,2179,2179,FINANCE FINANCE - S.RES. 81B (112TH) EXPENSES OF INQUIRIES AND INVESTIGATIONS,,172,60,block_data
112sdoc4,GPO-CDOC-112sdoc4.pdf,2185,2185,data,True,2179,2179,FINANCE FINANCE - S.RES. 81B (112TH) EXPENSES OF INQUIRIES AND INVESTIGATIONS,,191,57,block_data
112sdoc4,GPO-CDOC-112sdoc4.pdf,2186,2186,data,True,2179,2179,FINANCE FINANCE - S.RES. 81B (112TH) EXPENSES OF INQUIRIES AND INVESTIGATIONS,,192,60,block_data
112sdoc4,GPO-CDOC-112sdoc4.pdf,2187,2187,data,True,2179,2179,FINANCE FINANCE - S.RES. 81B (112TH) EXPENSES OF INQUIRIES AND INVESTIGATIONS,,377,66,block_data
112sdoc4,GPO-CDOC-112sdoc4.pdf,2188,2188,data,True,2179,2179,FINANCE FINANCE - S.RES. 81B (112TH) EXPENSES OF INQUIRIES AND INVESTIGATIONS,,27,16,block_data
112sdoc4,GPO-CDOC-112sdoc4.pdf,2189,2189,banner,True,2189,2189,FOREIGN RELATIONS FOREIGN RELATIONS - S.RES. 89D (110TH) EXPENSES OF INQUIRIES AND INVESTIGATIONS,,81,34,block_start
112sdoc4,GPO-CDOC-112sdoc4.pdf,2190,2190,banner,True,2190,2190,FOREIGN RELATIONS FOREIGN RELATIONS - S.RES. 73B (111TH) EXPENSES OF INQUIRIES AND INVESTIGATIONS,,93,38,block_start
112sdoc4,GPO-CDOC-112sdoc4.pdf,2191,2191,banner,True,2191,2191,FOREIGN RELATIONS FOREIGN RELATIONS - S.RES. 73C (111TH) EXPENSES OF INQUIRIES AND INVESTIGATIONS,,158,48,block_start
112sdoc4,GPO-CDOC-112sdoc4.pdf,2192,2192,data,True,2191,2191,FOREIGN RELATIONS FOREIGN RELATIONS - S.RES. 73C (111TH) EXPENSES OF INQUIRIES AND INVESTIGATIONS,,21,13,block_data
112sdoc4,GPO-CDOC-112sdoc4.pdf,2193,2193,banner,True,2193,2193,FOREIGN RELATIONS FOREIGN RELATIONS - S.RES. 73D (111TH) EXPENSES OF INQUIRIES AND INVESTIGATIONS,,144,51,block_start
112sdoc4,GPO-CDOC-112sdoc4.pdf,2194,2194,data,True,2193,2193,FOREIGN RELATIONS FOREIGN RELATIONS - S.RES. 73D (111TH) EXPENSES OF INQUIRIES AND INVESTIGATIONS,,187,48,block_data
112sdoc4,GPO-CDOC-112sdoc4.pdf,2195,2195,banner,True,2195,2195,FOREIGN RELATIONS FOREIGN RELATIONS - S.RES. 81B (112TH) EXPENSES OF INQUIRIES AND INVESTIGATIONS,,142,54,block_start
112sdoc4,GPO-CDOC-112sdoc4.pdf,2196,2196,data,True,2195,2195,FOREIGN RELATIONS FOREIGN RELATIONS - S.RES. 81B (112TH) EXPENSES OF INQUIRIES AND INVESTIGATIONS,,192,65,block_data
112sdoc4,GPO-CDOC-112sdoc4.pdf,2197,2197,data,True,2195,2195,FOREIGN RELATIONS FOREIGN RELATIONS - S.RES. 81B (112TH) EXPENSES OF INQUIRIES AND INVESTIGATIONS,,186,61,block_data
112sdoc4,GPO-CDOC-112sdoc4.pdf,2198,2198,data,True,2195,2195,FOREIGN RELATIONS FOREIGN RELATIONS - S.RES. 81B (112TH) EXPENSES OF INQUIRIES AND INVESTIGATIONS,,204,59,block_data
112sdoc4,GPO-CDOC-112sdoc4.pdf,2199,2199,data,True,2195,2195,FOREIGN RELATIONS FOREIGN RELATIONS - S.RES. 81B (112TH) EXPENSES OF INQUIRIES AND INVESTIGATIONS,,202,58,block_data
112sdoc4,GPO-CDOC-112sdoc4.pdf,2200,2200,data,True,2195,2195,FOREIGN RELATIONS FOREIGN RELATIONS - S.RES. 81B (112TH) EXPENSES OF INQUIRIES AND INVESTIGATIONS,,314,64,block_data
112sdoc4,GPO-CDOC-112sdoc4.pdf,2201,2201,data,True,2195,2195,FOREIGN RELATIONS FOREIGN RELATIONS - S.RES. 81B (112TH) EXPENSES OF INQUIRIES AND INVESTIGATIONS,,321,62,block_data
112sdoc4,GPO-CDOC-112sdoc4.pdf,2202,2202,banner,True,2202,2202,HOMELAND SECURITY & GOVERNMENTAL AFFAIRS HOMELAND SEC.& GOVERNMENTAL AFF.89D(110) EXPENSES OF INQUIRIES AND INVESTIGATIONS,,74,31,block_start
112sdoc4,GPO-CDOC-112sdoc4.pdf,2203,2203,banner,True,2203,2203,HOMELAND SECURITY & GOVERNMENTAL AFFAIRS HOMELAND SEC.& GOV AFF. 73B (111TH) EXPENSES OF INQUIRIES AND INVESTIGATIONS,,71,29,block_start
112sdoc4,GPO-CDOC-112sdoc4.pdf,2204,2204,banner,True,2204,2204,HOMELAND SECURITY & GOVERNMENTAL AFFAIRS HOMELAND SEC.& GOV AFF. 73C (111TH) EXPENSES OF INQUIRIES AND INVESTIGATIONS,,119,39,block_start
112sdoc4,GPO-CDOC-112sdoc4.pdf,2205,2205,banner,True,2205,2205,HOMELAND SECURITY & GOVERNMENTAL AFFAIRS HOMELAND SEC.& GOV AFF. 73D (111TH) EXPENSES OF INQUIRIES AND INVESTIGATIONS,,136,47,block_start
112sdoc4,GPO-CDOC-112sdoc4.pdf,2206,2206,banner,True,2206,2206,HOMELAND SECURITY & GOVERNMENTAL AFFAIRS HOMELAND SEC.& GOV AFF. 81B (112TH) EXPENSES OF INQUIRIES AND INVESTIGATIONS,,144,53,block_start
112sdoc4,GPO-CDOC-112sdoc4.pdf,2207,2207,data,True,2206,2206,HOMELAND SECURITY & GOVERNMENTAL AFFAIRS HOMELAND SEC.& GOV AFF. 81B (112TH) EXPENSES OF INQUIRIES AND INVESTIGATIONS,,191,70,block_data
112sdoc4,GPO-CDOC-112sdoc4.pdf,2208,2208,data,True,2206,2206,HOMELAND SECURITY & GOVERNMENTAL AFFAIRS HOMELAND SEC.& GOV AFF. 81B (112TH) EXPENSES OF INQUIRIES AND INVESTIGATIONS,,193,70,block_data
112sdoc4,GPO-CDOC-112sdoc4.pdf,2209,2209,data,True,2206,2206,HOMELAND SECURITY & GOVERNMENTAL AFFAIRS HOMELAND SEC.& GOV AFF. 81B (112TH) EXPENSES OF INQUIRIES AND INVESTIGATIONS,,196,57,block_data
112sdoc4,GPO-CDOC-112sdoc4.pdf,2210,2210,data,True,2206,2206,HOMELAND SECURITY & GOVERNMENTAL AFFAIRS HOMELAND SEC.& GOV AFF. 81B (112TH) EXPENSES OF INQUIRIES AND INVESTIGATIONS,,202,61,block_data
112sdoc4,GPO-CDOC-112sdoc4.pdf,2211,2211,data,True,2206,2206,HOMELAND SECURITY & GOVERNMENTAL AFFAIRS HOMELAND SEC.& GOV AFF. 81B (112TH) EXPENSES OF INQUIRIES AND INVESTIGATIONS,,190,63,block_data
112sdoc4,GPO-CDOC-112sdoc4.pdf,2212,2212,data,True,2206,2206,HOMELAND SECURITY & GOVERNMENTAL AFFAIRS HOMELAND SEC.& GOV AFF. 81B (112TH) EXPENSES OF INQUIRIES AND INVESTIGATIONS,,204,60,block_data
112sdoc4,GPO-CDOC-112sdoc4.pdf,2213,2213,data,True,2206,2206,HOMELAND SECURITY & GOVERNMENTAL AFFAIRS HOMELAND SEC.& GOV AFF. 81B (112TH) EXPENSES OF INQUIRIES AND INVESTIGATIONS,,207,59,block_data
112sdoc4,GPO-CDOC-112sdoc4.pdf,2214,2214,data,True,2206,2206,HOMELAND SECURITY & GOVERNMENTAL AFFAIRS HOMELAND SEC.& GOV AFF. 81B (112TH) EXPENSES OF INQUIRIES AND INVESTIGATIONS,,190,62,block_data
112sdoc4,GPO-CDOC-112sdoc4.pdf,2215,2215,data,True,2206,2206,HOMELAND SECURITY & GOVERNMENTAL AFFAIRS HOMELAND SEC.& GOV AFF. 81B (112TH) EXPENSES OF INQUIRIES AND INVESTIGATIONS,,355,68,block_data
112sdoc4,GPO-CDOC-112sdoc4.pdf,2216,2216,data,True,2206,2206,HOMELAND SECURITY & GOVERNMENTAL AFFAIRS HOMELAND SEC.& GOV AFF. 81B (112TH) EXPENSES OF INQUIRIES AND INVESTIGATIONS,,374,68,block_data
112sdoc4,GPO-CDOC-112sdoc4.pdf,2217,2217,data,True,2206,2206,HOMELAND SECURITY & GOVERNMENTAL AFFAIRS HOMELAND SEC.& GOV AFF. 81B (112TH) EXPENSES OF INQUIRIES AND INVESTIGATIONS,,22,14,block_data
112sdoc4,GPO-CDOC-112sdoc4.pdf,2218,2218,banner,True,2218,2218,"HEALTH, EDUCATION, LABOR, AND PENSIONS HEALTH, EDU, LABOR&PENS S.RES.89D(110TH) EXPENSES OF INQUIRIES AND INVESTIGATIONS",,71,29,block_start
112sdoc4,GPO-CDOC-112sdoc4.pdf,2219,2219,banner,True,2219,2219,"HEALTH, EDUCATION, LABOR, AND PENSIONS HEALTH, EDU,LABOR&PENS S.RES. 73B(111TH) EXPENSES OF INQUIRIES AND INVESTIGATIONS",,71,29,block_start
112sdoc4,GPO-CDOC-112sdoc4.pdf,2220,2220,banner,True,2220,2220,"HEALTH, EDUCATION, LABOR, AND PENSIONS HEALTH, EDU,LABOR&PENS S.RES. 73C(111TH) EXPENSES OF INQUIRIES AND INVESTIGATIONS",,74,31,block_start
112sdoc4,GPO-CDOC-112sdoc4.pdf,2221,2221,banner,True,2221,2221,"HEALTH, EDUCATION, LABOR, AND PENSIONS HEALTH, EDU,LABOR&PENS S.RES. 73D(111TH) EXPENSES OF INQUIRIES AND INVESTIGATIONS",,143,50,block_start
112sdoc4,GPO-CDOC-112sdoc4.pdf,2222,2222,data,True,2221,2221,"HEALTH, EDUCATION, LABOR, AND PENSIONS HEALTH, EDU,LABOR&PENS S.RES. 73D(111TH) EXPENSES OF INQUIRIES AND INVESTIGATIONS",,24,15,block_data
112sdoc4,GPO-CDOC-112sdoc4.pdf,2223,2223,banner,True,2223,2223,"HEALTH, EDUCATION, LABOR, AND PENSIONS HEALTH, EDU,LABOR&PENS S.RES. 81B(112TH) EXPENSES OF INQUIRIES AND INVESTIGATIONS",,134,53,block_start
112sdoc4,GPO-CDOC-112sdoc4.pdf,2224,2224,data,True,2223,2223,"HEALTH, EDUCATION, LABOR, AND PENSIONS HEALTH, EDU,LABOR&PENS S.RES. 81B(112TH) EXPENSES OF INQUIRIES AND INVESTIGATIONS",,189,70,block_data
112sdoc4,GPO-CDOC-112sdoc4.pdf,2225,2225,data,True,2223,2223,"HEALTH, EDUCATION, LABOR, AND PENSIONS HEALTH, EDU,LABOR&PENS S.RES. 81B(112TH) EXPENSES OF INQUIRIES AND INVESTIGATIONS",,191,70,block_data
112sdoc4,GPO-CDOC-112sdoc4.pdf,2226,2226,data,True,2223,2223,"HEALTH, EDUCATION, LABOR, AND PENSIONS HEALTH, EDU,LABOR&PENS S.RES. 81B(112TH) EXPENSES OF INQUIRIES AND INVESTIGATIONS",,184,61,block_data
112sdoc4,GPO-CDOC-112sdoc4.pdf,2227,2227,data,True,2223,2223,"HEALTH, EDUCATION, LABOR, AND PENSIONS HEALTH, EDU,LABOR&PENS S.RES. 81B(112TH) EXPENSES OF INQUIRIES AND INVESTIGATIONS",,201,55,block_data
112sdoc4,GPO-CDOC-112sdoc4.pdf,2228,2228,data,True,2223,2223,"HEALTH, EDUCATION, LABOR, AND PENSIONS HEALTH, EDU,LABOR&PENS S.RES. 81B(112TH) EXPENSES OF INQUIRIES AND INVESTIGATIONS",,196,63,block_data
112sdoc4,GPO-CDOC-112sdoc4.pdf,2229,2229,data,True,2223,2223,"HEALTH, EDUCATION, LABOR, AND PENSIONS HEALTH, EDU,LABOR&PENS S.RES. 81B(112TH) EXPENSES OF INQUIRIES AND INVESTIGATIONS",,191,59,block_data
112sdoc4,GPO-CDOC-112sdoc4.pdf,2230,2230,data,True,2223,2223,"HEALTH, EDUCATION, LABOR, AND PENSIONS HEALTH, EDU,LABOR&PENS S.RES. 81B(112TH) EXPENSES OF INQUIRIES AND INVESTIGATIONS",,200,60,block_data
112sdoc4,GPO-CDOC-112sdoc4.pdf,2231,2231,data,True,2223,2223,"HEALTH, EDUCATION, LABOR, AND PENSIONS HEALTH, EDU,LABOR&PENS S.RES. 81B(112TH) EXPENSES OF INQUIRIES AND INVESTIGATIONS",,258,64,block_data
112sdoc4,GPO-CDOC-112sdoc4.pdf,2232,2232,data,True,2223,2223,"HEALTH, EDUCATION, LABOR, AND PENSIONS HEALTH, EDU,LABOR&PENS S.RES. 81B(112TH) EXPENSES OF INQUIRIES AND INVESTIGATIONS",,300,59,block_data
112sdoc4,GPO-CDOC-112sdoc4.pdf,2233,2233,banner,True,2233,2233,INDIAN AFFAIRS INDIAN AFFAIRS - S.RES. 89D (110TH) EXPENSES OF INQUIRIES AND INVESTIGATIONS,,71,29,block_start
112sdoc4,GPO-CDOC-112sdoc4.pdf,2234,2234,banner,True,2234,2234,INDIAN AFFAIRS INDIAN AFFAIRS - S.RES. 73B (111TH) EXPENSES OF INQUIRIES AND INVESTIGATIONS,,71,29,block_start
112sdoc4,GPO-CDOC-112sdoc4.pdf,2235,2235,banner,True,2235,2235,INDIAN AFFAIRS INDIAN AFFAIRS - S.RES. 73C (111TH) EXPENSES OF INQUIRIES AND INVESTIGATIONS,,74,31,block_start
112sdoc4,GPO-CDOC-112sdoc4.pdf,2236,2236,banner,True,2236,2236,INDIAN AFFAIRS INDIAN AFFAIRS - S.RES. 73D (111TH) EXPENSES OF INQUIRIES AND INVESTIGATIONS,,92,36,block_start
112sdoc4,GPO-CDOC-112sdoc4.pdf,2237,2237,banner,True,2237,2237,INDIAN AFFAIRS INDIAN AFFAIRS - S.RES. 81B (112TH) EXPENSES OF INQUIRIES AND INVESTIGATIONS,,143,53,block_start
112sdoc4,GPO-CDOC-112sdoc4.pdf,2238,2238,data,True,2237,2237,INDIAN AFFAIRS INDIAN AFFAIRS - S.RES. 81B (112TH) EXPENSES OF INQUIRIES AND INVESTIGATIONS,,171,61,block_data
112sdoc4,GPO-CDOC-112sdoc4.pdf,2239,2239,data,True,2237,2237,INDIAN AFFAIRS INDIAN AFFAIRS - S.RES. 81B (112TH) EXPENSES OF INQUIRIES AND INVESTIGATIONS,,170,63,block_data
112sdoc4,GPO-CDOC-112sdoc4.pdf,2240,2240,data,True,2237,2237,INDIAN AFFAIRS INDIAN AFFAIRS - S.RES. 81B (112TH) EXPENSES OF INQUIRIES AND INVESTIGATIONS,,177,62,block_data
112sdoc4,GPO-CDOC-112sdoc4.pdf,2241,2241,data,True,2237,2237,INDIAN AFFAIRS INDIAN AFFAIRS - S.RES. 81B (112TH) EXPENSES OF INQUIRIES AND INVESTIGATIONS,,273,66,block_data
112sdoc4,GPO-CDOC-112sdoc4.pdf,2242,2242,data,True,2237,2237,INDIAN AFFAIRS INDIAN AFFAIRS - S.RES. 81B (112TH) EXPENSES OF INQUIRIES AND INVESTIGATIONS,,153,37,block_data
112sdoc4,GPO-CDOC-112sdoc4.pdf,2243,2243,banner,True,2243,2243,INTELLIGENCE SELECT COM ON INTEL - S.RES.89D (110TH) EXPENSES OF INQUIRIES AND INVESTIGATIONS,,68,29,block_start
112sdoc4,GPO-CDOC-112sdoc4.pdf,2244,2244,banner,True,2244,2244,INTELLIGENCE SELECT COM ON INTEL - S.RES. 73B (111TH) EXPENSES OF INQUIRIES AND INVESTIGATIONS,,71,29,block_start
112sdoc4,GPO-CDOC-112sdoc4.pdf,2245,2245,banner,True,2245,2245,INTELLIGENCE SELECT COM ON INTEL - S.RES. 73C (111TH) EXPENSES OF INQUIRIES AND INVESTIGATIONS,,74,31,block_start
112sdoc4,GPO-CDOC-112sdoc4.pdf,2246,2246,banner,True,2246,2246,INTELLIGENCE SELECT COM ON INTEL - S.RES. 73D (111TH) EXPENSES OF INQUIRIES AND INVESTIGATIONS,,123,43,block_start
112sdoc4,GPO-CDOC-112sdoc4.pdf,2247,2247,banner,True,2247,2247,INTELLIGENCE SELECT COM ON INTEL - S.RES. 81B (112TH) EXPENSES OF INQUIRIES AND INVESTIGATIONS,,143,53,block_start
112sdoc4,GPO-CDOC-112sdoc4.pdf,2248,2248,data,True,2247,2247,INTELLIGENCE SELECT COM ON INTEL - S.RES. 81B (112TH) EXPENSES OF INQUIRIES AND INVESTIGATIONS,,187,61,block_data
112sdoc4,GPO-CDOC-112sdoc4.pdf,2249,2249,data,True,2247,2247,INTELLIGENCE SELECT COM ON INTEL - S.RES. 81B (112TH) EXPENSES OF INQUIRIES AND INVESTIGATIONS,,209,60,block_data
112sdoc4,GPO-CDOC-112sdoc4.pdf,2250,2250,data,True,2247,2247,INTELLIGENCE SELECT COM ON INTEL - S.RES. 81B (112TH) EXPENSES OF INQUIRIES AND INVESTIGATIONS,,182,53,block_data
112sdoc4,GPO-CDOC-112sdoc4.pdf,2251,2251,banner,True,2251,2251,JUDICIARY JUDICIARY - S.RES. 89D(110TH) EXPENSES OF INQUIRIES AND INVESTIGATIONS,,71,29,block_start
112sdoc4,GPO-CDOC-112sdoc4.pdf,2252,2252,banner,True,2252,2252,JUDICIARY JUDICIARY - S.RES. 73B (111TH) EXPENSES OF INQUIRIES AND INVESTIGATIONS,,74,31,block_start
112sdoc4,GPO-CDOC-112sdoc4.pdf,2253,2253,banner,True,2253,2253,JUDICIARY JUDICIARY - S.RES. 73C (111TH) EXPENSES OF INQUIRIES AND INVESTIGATIONS,,84,34,block_start
112sdoc4,GPO-CDOC-112sdoc4.pdf,2254,2254,banner,True,2254,2254,JUDICIARY JUDICIARY - S.RES. 73D (111TH) EXPENSES OF INQUIRIES AND INVESTIGATIONS,,113,39,block_start
112sdoc4,GPO-CDOC-112sdoc4.pdf,2255,2255,banner,True,2255,2255,JUDICIARY JUDICIARY - S.RES. 81B (112TH) EXPENSES OF INQUIRIES AND INVESTIGATIONS,,143,54,block_start
112sdoc4,GPO-CDOC-112sdoc4.pdf,2256,2256,data,True,2255,2255,JUDICIARY JUDICIARY - S.RES. 81B (112TH) EXPENSES OF INQUIRIES AND INVESTIGATIONS,,191,70,block_data
112sdoc4,GPO-CDOC-112sdoc4.pdf,2257,2257,data,True,2255,2255,JUDICIARY JUDICIARY - S.RES. 81B (112TH) EXPENSES OF INQUIRIES AND INVESTIGATIONS,,191,70,block_data
112sdoc4,GPO-CDOC-112sdoc4.pdf,2258,2258,data,True,2255,2255,JUDICIARY JUDICIARY - S.RES. 81B (112TH) EXPENSES OF INQUIRIES AND INVESTIGATIONS,,184,59,block_data
112sdoc4,GPO-CDOC-112sdoc4.pdf,2259,2259,data,True,2255,2255,JUDICIARY JUDICIARY - S.RES. 81B (112TH) EXPENSES OF INQUIRIES AND INVESTIGATIONS,,191,62,block_data
112sdoc4,GPO-CDOC-112sdoc4.pdf,2260,2260,data,True,2255,2255,JUDICIARY JUDICIARY - S.RES. 81B (112TH) EXPENSES OF INQUIRIES AND INVESTIGATIONS,,264,63,block_data
112sdoc4,GPO-CDOC-112sdoc4.pdf,2261,2261,data,True,2255,2255,JUDICIARY JUDICIARY - S.RES. 81B (112TH) EXPENSES OF INQUIRIES AND INVESTIGATIONS,,418,69,block_data
112sdoc4,GPO-CDOC-112sdoc4.pdf,2262,2262,data,True,2255,2255,JUDICIARY JUDICIARY - S.RES. 81B (112TH) EXPENSES OF INQUIRIES AND INVESTIGATIONS,,31,19,block_data
112sdoc4,GPO-CDOC-112sdoc4.pdf,2263,2263,banner,True,2263,2263,RULES & ADMINISTRATION RULES & ADMINISTRATION S.RES.89D (110TH) EXPENSES OF INQUIRIES AND INVESTIGATIONS,,71,29,block_start
112sdoc4,GPO-CDOC-112sdoc4.pdf,2264,2264,banner,True,2264,2264,RULES & ADMINISTRATION RULES & ADMINISTRATION S.RES. 73B(111TH) EXPENSES OF INQUIRIES AND INVESTIGATIONS,,71,29,block_start
112sdoc4,GPO-CDOC-112sdoc4.pdf,2265,2265,banner,True,2265,2265,RULES & ADMINISTRATION RULES & ADMINISTRATION S.RES. 73C(111TH) EXPENSES OF INQUIRIES AND INVESTIGATIONS,,71,29,block_start
112sdoc4,GPO-CDOC-112sdoc4.pdf,2266,2266,banner,True,2266,2266,RULES & ADMINISTRATION RULES & ADMINISTRATION S.RES. 73D(111TH) EXPENSES OF INQUIRIES AND INVESTIGATIONS,,84,34,block_start
112sdoc4,GPO-CDOC-112sdoc4.pdf,2267,2267,banner,True,2267,2267,RULES & ADMINISTRATION RULES & ADMINISTRATION S.RES. 81B(112TH) EXPENSES OF INQUIRIES AND INVESTIGATIONS,,145,53,block_start
112sdoc4,GPO-CDOC-112sdoc4.pdf,2268,2268,data,True,2267,2267,RULES & ADMINISTRATION RULES & ADMINISTRATION S.RES. 81B(112TH) EXPENSES OF INQUIRIES AND INVESTIGATIONS,,235,61,block_data
112sdoc4,GPO-CDOC-112sdoc4.pdf,2269,2269,data,True,2267,2267,RULES & ADMINISTRATION RULES & ADMINISTRATION S.RES. 81B(112TH) EXPENSES OF INQUIRIES AND INVESTIGATIONS,,28,17,block_data
112sdoc4,GPO-CDOC-112sdoc4.pdf,2270,2270,banner,True,2270,2270,SMALL BUSINESS AND ENTREPRENEURSHIP SMALL BUS & ENTREP. - S.RES. 89D (110TH) EXPENSES OF INQUIRIES AND INVESTIGATIONS,,71,29,block_start
112sdoc4,GPO-CDOC-112sdoc4.pdf,2271,2271,banner,True,2271,2271,SMALL BUSINESS AND ENTREPRENEURSHIP SMALL BUS & ENTREP.- S.RES. 73B (111TH) EXPENSES OF INQUIRIES AND INVESTIGATIONS,,74,31,block_start
112sdoc4,GPO-CDOC-112sdoc4.pdf,2272,2272,banner,True,2272,2272,SMALL BUSINESS AND ENTREPRENEURSHIP SMALL BUS & ENTREP.- S.RES. 73C (111TH) EXPENSES OF INQUIRIES AND INVESTIGATIONS,,110,44,block_start
112sdoc4,GPO-CDOC-112sdoc4.pdf,2273,2273,banner,True,2273,2273,SMALL BUSINESS AND ENTREPRENEURSHIP SMALL BUS & ENTREP.- S.RES. 73D (111TH) EXPENSES OF INQUIRIES AND INVESTIGATIONS,,127,48,block_start
112sdoc4,GPO-CDOC-112sdoc4.pdf,2274,2274,data,True,2273,2273,SMALL BUSINESS AND ENTREPRENEURSHIP SMALL BUS & ENTREP.- S.RES. 73D (111TH) EXPENSES OF INQUIRIES AND INVESTIGATIONS,,193,62,block_data
112sdoc4,GPO-CDOC-112sdoc4.pdf,2275,2275,data,True,2273,2273,SMALL BUSINESS AND ENTREPRENEURSHIP SMALL BUS & ENTREP.- S.RES. 73D (111TH) EXPENSES OF INQUIRIES AND INVESTIGATIONS,,42,20,block_data
112sdoc4,GPO-CDOC-112sdoc4.pdf,2276,2276,banner,True,2276,2276,SMALL BUSINESS AND ENTREPRENEURSHIP SMALL BUS & ENTREP.- S.RES. 81B (112TH) EXPENSES OF INQUIRIES AND INVESTIGATIONS,,140,53,block_start
112sdoc4,GPO-CDOC-112sdoc4.pdf,2277,2277,data,True,2276,2276,SMALL BUSINESS AND ENTREPRENEURSHIP SMALL BUS & ENTREP.- S.RES. 81B (112TH) EXPENSES OF INQUIRIES AND INVESTIGATIONS,,176,63,block_data
112sdoc4,GPO-CDOC-112sdoc4.pdf,2278,2278,data,True,2276,2276,SMALL BUSINESS AND ENTREPRENEURSHIP SMALL BUS & ENTREP.- S.RES. 81B (112TH) EXPENSES OF INQUIRIES AND INVESTIGATIONS,,176,65,block_data
112sdoc4,GPO-CDOC-112sdoc4.pdf,2279,2279,data,True,2276,2276,SMALL BUSINESS AND ENTREPRENEURSHIP SMALL BUS & ENTREP.- S.RES. 81B (112TH) EXPENSES OF INQUIRIES AND INVESTIGATIONS,,177,61,block_data
112sdoc4,GPO-CDOC-112sdoc4.pdf,2280,2280,data,True,2276,2276,SMALL BUSINESS AND ENTREPRENEURSHIP SMALL BUS & ENTREP.- S.RES. 81B (112TH) EXPENSES OF INQUIRIES AND INVESTIGATIONS,,272,62,block_data
112sdoc4,GPO-CDOC-112sdoc4.pdf,2281,2281,banner,True,2281,2281,SPECIAL COMMITTEE ON AGING SPECIAL COM ON AGING S.RES. 89D (110TH) EXPENSES OF INQUIRIES AND INVESTIGATIONS,,71,29,block_start
112sdoc4,GPO-CDOC-112sdoc4.pdf,2282,2282,banner,True,2282,2282,SPECIAL COMMITTEE ON AGING SPECIAL COM ON AGING S.RES. 73B (111TH) EXPENSES OF INQUIRIES AND INVESTIGATIONS,,71,29,block_start
112sdoc4,GPO-CDOC-112sdoc4.pdf,2283,2283,banner,True,2283,2283,SPECIAL COMMITTEE ON AGING SPECIAL COM ON AGING S.RES. 73C (111TH) EXPENSES OF INQUIRIES AND INVESTIGATIONS,,74,31,block_start
112sdoc4,GPO-CDOC-112sdoc4.pdf,2284,2284,banner,True,2284,2284,SPECIAL COMMITTEE ON AGING SPECIAL COM ON AGING S.RES. 73D (111TH) EXPENSES OF INQUIRIES AND INVESTIGATIONS,,102,40,block_start
112sdoc4,GPO-CDOC-112sdoc4.pdf,2285,2285,banner,True,2285,2285,SPECIAL COMMITTEE ON AGING SPECIAL COM ON AGING S.RES. 81B (112TH) EXPENSES OF INQUIRIES AND INVESTIGATIONS,,140,53,block_start
112sdoc4,GPO-CDOC-112sdoc4.pdf,2286,2286,data,True,2285,2285,SPECIAL COMMITTEE ON AGING SPECIAL COM ON AGING S.RES. 81B (112TH) EXPENSES OF INQUIRIES AND INVESTIGATIONS,,165,56,block_data
112sdoc4,GPO-CDOC-112sdoc4.pdf,2287,2287,data,True,2285,2285,SPECIAL COMMITTEE ON AGING SPECIAL COM ON AGING S.RES. 81B (112TH) EXPENSES OF INQUIRIES AND INVESTIGATIONS,,169,60,block_data
112sdoc4,GPO-CDOC-112sdoc4.pdf,2288,2288,data,True,2285,2285,SPECIAL COMMITTEE ON AGING SPECIAL COM ON AGING S.RES. 81B (112TH) EXPENSES OF INQUIRIES AND INVESTIGATIONS,,230,50,block_data
112sdoc4,GPO-CDOC-112sdoc4.pdf,2289,2289,banner,True,2289,2289,VETERANS' AFFAIRS VETERANS' AFFAIRS - S.RES. 89D (110TH) EXPENSES OF INQUIRIES AND INVESTIGATIONS,,71,29,block_start
112sdoc4,GPO-CDOC-112sdoc4.pdf,2290,2290,banner,True,2290,2290,VETERANS' AFFAIRS VETERANS' AFFAIRS - S.RES. 73B (111TH) EXPENSES OF INQUIRIES AND INVESTIGATIONS,,71,29,block_start
112sdoc4,GPO-CDOC-112sdoc4.pdf,2291,2291,banner,True,2291,2291,VETERANS' AFFAIRS VETERANS' AFFAIRS - S.RES. 73C (111TH) EXPENSES OF INQUIRIES AND INVESTIGATIONS,,71,29,block_start
112sdoc4,GPO-CDOC-112sdoc4.pdf,2292,2292,banner,True,2292,2292,VETERANS' AFFAIRS VETERANS' AFFAIRS - S.RES. 73D (111TH) EXPENSES OF INQUIRIES AND INVESTIGATIONS,,68,29,block_start
112sdoc4,GPO-CDOC-112sdoc4.pdf,2293,2293,banner,True,2293,2293,VETERANS' AFFAIRS VETERANS' AFFAIRS - S.RES. 81B (112TH) EXPENSES OF INQUIRIES AND INVESTIGATIONS,,143,53,block_start
112sdoc4,GPO-CDOC-112sdoc4.pdf,2294,2294,data,True,2293,2293,VETERANS' AFFAIRS VETERANS' AFFAIRS - S.RES. 81B (112TH) EXPENSES OF INQUIRIES AND INVESTIGATIONS,,188,62,block_data
112sdoc4,GPO-CDOC-112sdoc4.pdf,2295,2295,data,True,2293,2293,VETERANS' AFFAIRS VETERANS' AFFAIRS - S.RES. 81B (112TH) EXPENSES OF INQUIRIES AND INVESTIGATIONS,,203,47,block_data
112sdoc4,GPO-CDOC-112sdoc4.pdf,2296,2296,banner,True,2296,2296,SPECIAL RESERVES - COMMITTEES SPECIAL RESERVES - S.RES.89D (110TH) EXPENSES OF INQUIRIES AND INVESTIGATIONS,,54,27,block_start
112sdoc4,GPO-CDOC-112sdoc4.pdf,2297,2297,banner,True,2297,2297,SPECIAL RESERVES - COMMITTEES SPECIAL RESERVES - S.RES. 73B (111TH) EXPENSES OF INQUIRIES AND INVESTIGATIONS,,54,27,block_start
112sdoc4,GPO-CDOC-112sdoc4.pdf,2298,2298,banner,True,2298,2298,SPECIAL RESERVES - COMMITTEES SPECIAL RESERVES - S.RES. 73C (111TH) EXPENSES OF INQUIRIES AND INVESTIGATIONS,,54,27,block_start
112sdoc4,GPO-CDOC-112sdoc4.pdf,2299,2299,banner,True,2299,2299,SPECIAL RESERVES - COMMITTEES SPECIAL RESERVES - S.RES. 73D (111TH) EXPENSES OF INQUIRIES AND INVESTIGATIONS,,54,27,block_start
112sdoc4,GPO-CDOC-112sdoc4.pdf,2300,2300,banner,True,2300,2300,SPECIAL RESERVES - COMMITTEES SPECIAL RESERVES - S.RES. 81B (112TH) EXPENSES OF INQUIRIES AND INVESTIGATIONS,,54,27,block_start
112sdoc4,GPO-CDOC-112sdoc4.pdf,2301,2301,banner,True,2301,2301,"CCOOMMPPEENNSSAATTIIOONN OOFF MMEEMMBBEERRSS FFUUNNDDIINNGG YYEEAARR CCOOMMPPEENNSSAATTIIOONN OOFF MMEEMMBBEERRSS,, SSEENNAATTEE",,106,36,block_start
112sdoc4,GPO-CDOC-112sdoc4.pdf,2302,2302,other,False,2301,2301,"CCOOMMPPEENNSSAATTIIOONN OOFF MMEEMMBBEERRSS FFUUNNDDIINNGG YYEEAARR CCOOMMPPEENNSSAATTIIOONN OOFF MMEEMMBBEERRSS,, SSEENNAATTEE",,107,37,terminates_block
112sdoc4,GPO-CDOC-112sdoc4.pdf,2303,2303,other,False,,,,,134,46,non_data
112sdoc4,GPO-CDOC-112sdoc4.pdf,2304,2304,other,False,,,,,61,23,non_data
112sdoc4,GPO-CDOC-112sdoc4.pdf,2305,2305,banner,True,2305,2305,"CCOOMMPPEENNSSAATTIIOONN OOFF MMEEMMBBEERRSS FFUUNNDDIINNGG YYEEAARR CCOOMMPPEENNSSAATTIIOONN OOFF MMEEMMBBEERRSS,, SSEENNAATTEE",,52,19,block_start
112sdoc4,GPO-CDOC-112sdoc4.pdf,2306,2306,banner,True,2306,2306,"CCOOMMPPEENNSSAATTIIOONN OOFF MMEEMMBBEERRSS FFUUNNDDIINNGG YYEEAARR CCOOMMPPEENNSSAATTIIOONN OOFF MMEEMMBBEERRSS,, SSEENNAATTEE",,53,19,block_start
112sdoc4,GPO-CDOC-112sdoc4.pdf,2307,2307,other,False,2306,2306,"CCOOMMPPEENNSSAATTIIOONN OOFF MMEEMMBBEERRSS FFUUNNDDIINNGG YYEEAARR CCOOMMPPEENNSSAATTIIOONN OOFF MMEEMMBBEERRSS,, SSEENNAATTEE",,206,41,terminates_block
112sdoc4,GPO-CDOC-112sdoc4.pdf,2308,2308,other,False,,,,,212,43,non_data
112sdoc4,GPO-CDOC-112sdoc4.pdf,2309,2309,other,False,,,,,212,46,non_data
112sdoc4,GPO-CDOC-112sdoc4.pdf,2310,2310,other,False,,,,,128,41,non_data
112sdoc4,GPO-CDOC-112sdoc4.pdf,2311,2311,other,False,,,,,206,41,non_data
112sdoc4,GPO-CDOC-112sdoc4.pdf,2312,2312,other,False,,,,,212,45,non_data
112sdoc4,GPO-CDOC-112sdoc4.pdf,2313,2313,other,False,,,,,212,46,non_data
112sdoc4,GPO-CDOC-112sdoc4.pdf,2314,2314,other,False,,,,,128,41,non_data
