severity,reason,source_doc,source_pdf,reference_page,office,funding_year,label,expected,detail,exception_key
warning,banner_check_discrepancy,118sdoc13,GPO-CDOC-118sdoc13.pdf,24,PRESIDENT PRO TEMPORE (D),2024,BANNER ORGANIZATION TOTALS,15610.64,status=fail; banner=15610.64; parsed_body=103.49. Banner checks are advisory; review against the source before treating this as a parser defect.,118sdoc13|banner_check_discrepancy|24|PRESIDENT PRO TEMPORE (D)|2024|BANNER ORGANIZATION TOTALS|15610.64
warning,banner_check_discrepancy,118sdoc13,GPO-CDOC-118sdoc13.pdf,27,MAJORITY LEADER (D),2024,BANNER ORGANIZATION TOTALS,4421.69,status=fail; banner=4421.69; parsed_body=0.0. Banner checks are advisory; review against the source before treating this as a parser defect.,118sdoc13|banner_check_discrepancy|27|MAJORITY LEADER (D)|2024|BANNER ORGANIZATION TOTALS|4421.69
warning,banner_check_discrepancy,118sdoc13,GPO-CDOC-118sdoc13.pdf,42,MINORITY LEADER (R),2024,BANNER ORGANIZATION TOTALS,16229.38,status=fail; banner=16229.38; parsed_body=178.1. Banner checks are advisory; review against the source before treating this as a parser defect.,118sdoc13|banner_check_discrepancy|42|MINORITY LEADER (R)|2024|BANNER ORGANIZATION TOTALS|16229.38
warning,banner_check_discrepancy,118sdoc13,GPO-CDOC-118sdoc13.pdf,45,MINORITY WHIP (R),2024,BANNER ORGANIZATION TOTALS,274.3,status=fail; banner=274.3; parsed_body=0.0. Banner checks are advisory; review against the source before treating this as a parser defect.,118sdoc13|banner_check_discrepancy|45|MINORITY WHIP (R)|2024|BANNER ORGANIZATION TOTALS|274.3
warning,banner_check_discrepancy,118sdoc13,GPO-CDOC-118sdoc13.pdf,48,CHAIRMAN MINORITY CONFERENCE COMMITTEE (R),2024,BANNER ORGANIZATION TOTALS,2887.55,status=fail; banner=2887.55; parsed_body=0.0. Banner checks are advisory; review against the source before treating this as a parser defect.,118sdoc13|banner_check_discrepancy|48|CHAIRMAN MINORITY CONFERENCE COMMITTEE (R)|2024|BANNER ORGANIZATION TOTALS|2887.55
warning,banner_check_discrepancy,118sdoc13,GPO-CDOC-118sdoc13.pdf,51,CHAIRMAN MINORITY POLICY COMMITTEE (R),2024,BANNER ORGANIZATION TOTALS,2187.63,status=fail; banner=2187.63; parsed_body=0.0. Banner checks are advisory; review against the source before treating this as a parser defect.,118sdoc13|banner_check_discrepancy|51|CHAIRMAN MINORITY POLICY COMMITTEE (R)|2024|BANNER ORGANIZATION TOTALS|2187.63
warning,banner_check_missing,118sdoc13,GPO-CDOC-118sdoc13.pdf,58,APPROPRIATIONS,2022,BANNER NET PAYROLL,0.0,status=banner_missing; banner=0.0; parsed_body=0.0. Banner checks are advisory; review against the source before treating this as a parser defect.,118sdoc13|banner_check_missing|58|APPROPRIATIONS|2022|BANNER NET PAYROLL|0.0
warning,banner_check_missing,118sdoc13,GPO-CDOC-118sdoc13.pdf,59,APPROPRIATIONS,2023,BANNER NET PAYROLL,0.0,status=banner_missing; banner=0.0; parsed_body=0.0. Banner checks are advisory; review against the source before treating this as a parser defect.,118sdoc13|banner_check_missing|59|APPROPRIATIONS|2023|BANNER NET PAYROLL|0.0
warning,banner_check_missing,118sdoc13,GPO-CDOC-118sdoc13.pdf,63,CHAPLAIN,2020,BANNER NET PAYROLL,0.0,status=banner_missing; banner=0.0; parsed_body=0.0. Banner checks are advisory; review against the source before treating this as a parser defect.,118sdoc13|banner_check_missing|63|CHAPLAIN|2020|BANNER NET PAYROLL|0.0
warning,banner_check_missing,118sdoc13,GPO-CDOC-118sdoc13.pdf,64,CHAPLAIN,2021,BANNER NET PAYROLL,0.0,status=banner_missing; banner=0.0; parsed_body=0.0. Banner checks are advisory; review against the source before treating this as a parser defect.,118sdoc13|banner_check_missing|64|CHAPLAIN|2021|BANNER NET PAYROLL|0.0
warning,banner_check_missing,118sdoc13,GPO-CDOC-118sdoc13.pdf,65,CHAPLAIN,2022,BANNER NET PAYROLL,0.0,status=banner_missing; banner=0.0; parsed_body=0.0. Banner checks are advisory; review against the source before treating this as a parser defect.,118sdoc13|banner_check_missing|65|CHAPLAIN|2022|BANNER NET PAYROLL|0.0
warning,banner_check_missing,118sdoc13,GPO-CDOC-118sdoc13.pdf,66,CHAPLAIN,2022,BANNER NET PAYROLL,0.0,status=banner_missing; banner=0.0; parsed_body=0.0. Banner checks are advisory; review against the source before treating this as a parser defect.,118sdoc13|banner_check_missing|66|CHAPLAIN|2022|BANNER NET PAYROLL|0.0
warning,banner_check_missing,118sdoc13,GPO-CDOC-118sdoc13.pdf,67,CHAPLAIN,2023,BANNER NET PAYROLL,0.0,status=banner_missing; banner=0.0; parsed_body=0.0. Banner checks are advisory; review against the source before treating this as a parser defect.,118sdoc13|banner_check_missing|67|CHAPLAIN|2023|BANNER NET PAYROLL|0.0
warning,banner_check_missing,118sdoc13,GPO-CDOC-118sdoc13.pdf,68,CHAPLAIN,2023,BANNER NET PAYROLL,0.0,status=banner_missing; banner=0.0; parsed_body=0.0. Banner checks are advisory; review against the source before treating this as a parser defect.,118sdoc13|banner_check_missing|68|CHAPLAIN|2023|BANNER NET PAYROLL|0.0
warning,banner_check_missing,118sdoc13,GPO-CDOC-118sdoc13.pdf,70,CHAPLAIN,2024,BANNER NET PAYROLL,0.0,status=banner_missing; banner=0.0; parsed_body=0.0. Banner checks are advisory; review against the source before treating this as a parser defect.,118sdoc13|banner_check_missing|70|CHAPLAIN|2024|BANNER NET PAYROLL|0.0
warning,banner_check_missing,118sdoc13,GPO-CDOC-118sdoc13.pdf,71,OFFICE OF THE VICE PRESIDENT (D) - HARRIS,2022,BANNER NET PAYROLL,0.0,status=banner_missing; banner=0.0; parsed_body=0.0. Banner checks are advisory; review against the source before treating this as a parser defect.,118sdoc13|banner_check_missing|71|OFFICE OF THE VICE PRESIDENT (D) - HARRIS|2022|BANNER NET PAYROLL|0.0
warning,banner_check_missing,118sdoc13,GPO-CDOC-118sdoc13.pdf,72,OFFICE OF THE VICE PRESIDENT (D) - HARRIS,2023,BANNER NET PAYROLL,0.0,status=banner_missing; banner=0.0; parsed_body=0.0. Banner checks are advisory; review against the source before treating this as a parser defect.,118sdoc13|banner_check_missing|72|OFFICE OF THE VICE PRESIDENT (D) - HARRIS|2023|BANNER NET PAYROLL|0.0
warning,banner_check_missing,118sdoc13,GPO-CDOC-118sdoc13.pdf,75,PRESIDENT PRO TEMPORE (D),2022,BANNER NET PAYROLL,0.0,status=banner_missing; banner=0.0; parsed_body=0.0. Banner checks are advisory; review against the source before treating this as a parser defect.,118sdoc13|banner_check_missing|75|PRESIDENT PRO TEMPORE (D)|2022|BANNER NET PAYROLL|0.0
warning,banner_check_missing,118sdoc13,GPO-CDOC-118sdoc13.pdf,76,PRESIDENT PRO TEMPORE (D),2023,BANNER NET PAYROLL,0.0,status=banner_missing; banner=0.0; parsed_body=0.0. Banner checks are advisory; review against the source before treating this as a parser defect.,118sdoc13|banner_check_missing|76|PRESIDENT PRO TEMPORE (D)|2023|BANNER NET PAYROLL|0.0
warning,banner_check_missing,118sdoc13,GPO-CDOC-118sdoc13.pdf,78,MAJORITY LEADER (D),2022,BANNER NET PAYROLL,0.0,status=banner_missing; banner=0.0; parsed_body=0.0. Banner checks are advisory; review against the source before treating this as a parser defect.,118sdoc13|banner_check_missing|78|MAJORITY LEADER (D)|2022|BANNER NET PAYROLL|0.0
warning,banner_check_missing,118sdoc13,GPO-CDOC-118sdoc13.pdf,79,MAJORITY LEADER (D),2023,BANNER NET PAYROLL,0.0,status=banner_missing; banner=0.0; parsed_body=0.0. Banner checks are advisory; review against the source before treating this as a parser defect.,118sdoc13|banner_check_missing|79|MAJORITY LEADER (D)|2023|BANNER NET PAYROLL|0.0
warning,banner_check_missing,118sdoc13,GPO-CDOC-118sdoc13.pdf,80,MAJORITY LEADER (D),2023,BANNER NET PAYROLL,0.0,status=banner_missing; banner=0.0; parsed_body=0.0. Banner checks are advisory; review against the source before treating this as a parser defect.,118sdoc13|banner_check_missing|80|MAJORITY LEADER (D)|2023|BANNER NET PAYROLL|0.0
warning,banner_check_discrepancy,118sdoc13,GPO-CDOC-118sdoc13.pdf,81,MAJORITY LEADER (D),2024,BANNER NET PAYROLL,1471107.93,status=fail; banner=1471107.93; parsed_body=1571107.93. Banner checks are advisory; review against the source before treating this as a parser defect.,118sdoc13|banner_check_discrepancy|81|MAJORITY LEADER (D)|2024|BANNER NET PAYROLL|1471107.93
warning,banner_check_discrepancy,118sdoc13,GPO-CDOC-118sdoc13.pdf,81,MAJORITY LEADER (D),2024,BANNER ORGANIZATION TOTALS,1471107.93,status=fail; banner=1471107.93; parsed_body=1571107.93. Banner checks are advisory; review against the source before treating this as a parser defect.,118sdoc13|banner_check_discrepancy|81|MAJORITY LEADER (D)|2024|BANNER ORGANIZATION TOTALS|1471107.93
warning,banner_check_missing,118sdoc13,GPO-CDOC-118sdoc13.pdf,83,MAJORITY WHIP (D),2022,BANNER NET PAYROLL,0.0,status=banner_missing; banner=0.0; parsed_body=0.0. Banner checks are advisory; review against the source before treating this as a parser defect.,118sdoc13|banner_check_missing|83|MAJORITY WHIP (D)|2022|BANNER NET PAYROLL|0.0
warning,banner_check_missing,118sdoc13,GPO-CDOC-118sdoc13.pdf,84,MAJORITY WHIP (D),2023,BANNER NET PAYROLL,0.0,status=banner_missing; banner=0.0; parsed_body=0.0. Banner checks are advisory; review against the source before treating this as a parser defect.,118sdoc13|banner_check_missing|84|MAJORITY WHIP (D)|2023|BANNER NET PAYROLL|0.0
warning,banner_check_missing,118sdoc13,GPO-CDOC-118sdoc13.pdf,86,MAJORITY CONFERENCE COMMITTEE (D),2022,BANNER NET PAYROLL,0.0,status=banner_missing; banner=0.0; parsed_body=0.0. Banner checks are advisory; review against the source before treating this as a parser defect.,118sdoc13|banner_check_missing|86|MAJORITY CONFERENCE COMMITTEE (D)|2022|BANNER NET PAYROLL|0.0
warning,banner_check_missing,118sdoc13,GPO-CDOC-118sdoc13.pdf,87,MAJORITY CONFERENCE COMMITTEE (D),2023,BANNER NET PAYROLL,0.0,status=banner_missing; banner=0.0; parsed_body=0.0. Banner checks are advisory; review against the source before treating this as a parser defect.,118sdoc13|banner_check_missing|87|MAJORITY CONFERENCE COMMITTEE (D)|2023|BANNER NET PAYROLL|0.0
warning,banner_check_missing,118sdoc13,GPO-CDOC-118sdoc13.pdf,89,MAJORITY POLICY COMMITTEE (D),2022,BANNER NET PAYROLL,0.0,status=banner_missing; banner=0.0; parsed_body=0.0. Banner checks are advisory; review against the source before treating this as a parser defect.,118sdoc13|banner_check_missing|89|MAJORITY POLICY COMMITTEE (D)|2022|BANNER NET PAYROLL|0.0
warning,banner_check_missing,118sdoc13,GPO-CDOC-118sdoc13.pdf,90,MAJORITY POLICY COMMITTEE (D),2023,BANNER NET PAYROLL,0.0,status=banner_missing; banner=0.0; parsed_body=0.0. Banner checks are advisory; review against the source before treating this as a parser defect.,118sdoc13|banner_check_missing|90|MAJORITY POLICY COMMITTEE (D)|2023|BANNER NET PAYROLL|0.0
warning,banner_check_missing,118sdoc13,GPO-CDOC-118sdoc13.pdf,93,"SECRETARY, MAJORITY CONFERENCE COMM (D)",2022,BANNER NET PAYROLL,0.0,status=banner_missing; banner=0.0; parsed_body=0.0. Banner checks are advisory; review against the source before treating this as a parser defect.,"118sdoc13|banner_check_missing|93|SECRETARY, MAJORITY CONFERENCE COMM (D)|2022|BANNER NET PAYROLL|0.0"
warning,banner_check_missing,118sdoc13,GPO-CDOC-118sdoc13.pdf,94,"SECRETARY, MAJORITY CONFERENCE COMM (D)",2023,BANNER NET PAYROLL,0.0,status=banner_missing; banner=0.0; parsed_body=0.0. Banner checks are advisory; review against the source before treating this as a parser defect.,"118sdoc13|banner_check_missing|94|SECRETARY, MAJORITY CONFERENCE COMM (D)|2023|BANNER NET PAYROLL|0.0"
warning,banner_check_missing,118sdoc13,GPO-CDOC-118sdoc13.pdf,96,PRES PRO TEM EMERITUS (R),2022,BANNER NET PAYROLL,0.0,status=banner_missing; banner=0.0; parsed_body=0.0. Banner checks are advisory; review against the source before treating this as a parser defect.,118sdoc13|banner_check_missing|96|PRES PRO TEM EMERITUS (R)|2022|BANNER NET PAYROLL|0.0
warning,banner_check_missing,118sdoc13,GPO-CDOC-118sdoc13.pdf,97,PRES PRO TEM EMERITUS (R),2023,BANNER NET PAYROLL,0.0,status=banner_missing; banner=0.0; parsed_body=0.0. Banner checks are advisory; review against the source before treating this as a parser defect.,118sdoc13|banner_check_missing|97|PRES PRO TEM EMERITUS (R)|2023|BANNER NET PAYROLL|0.0
warning,banner_check_missing,118sdoc13,GPO-CDOC-118sdoc13.pdf,99,MINORITY LEADER (R),2022,BANNER NET PAYROLL,0.0,status=banner_missing; banner=0.0; parsed_body=0.0. Banner checks are advisory; review against the source before treating this as a parser defect.,118sdoc13|banner_check_missing|99|MINORITY LEADER (R)|2022|BANNER NET PAYROLL|0.0
warning,banner_check_missing,118sdoc13,GPO-CDOC-118sdoc13.pdf,100,MINORITY LEADER (R),2023,BANNER NET PAYROLL,0.0,status=banner_missing; banner=0.0; parsed_body=0.0. Banner checks are advisory; review against the source before treating this as a parser defect.,118sdoc13|banner_check_missing|100|MINORITY LEADER (R)|2023|BANNER NET PAYROLL|0.0
warning,banner_check_missing,118sdoc13,GPO-CDOC-118sdoc13.pdf,101,MINORITY LEADER (R),2023,BANNER NET PAYROLL,0.0,status=banner_missing; banner=0.0; parsed_body=0.0. Banner checks are advisory; review against the source before treating this as a parser defect.,118sdoc13|banner_check_missing|101|MINORITY LEADER (R)|2023|BANNER NET PAYROLL|0.0
warning,banner_check_missing,118sdoc13,GPO-CDOC-118sdoc13.pdf,103,MINORITY WHIP (R),2022,BANNER NET PAYROLL,0.0,status=banner_missing; banner=0.0; parsed_body=0.0. Banner checks are advisory; review against the source before treating this as a parser defect.,118sdoc13|banner_check_missing|103|MINORITY WHIP (R)|2022|BANNER NET PAYROLL|0.0
warning,banner_check_missing,118sdoc13,GPO-CDOC-118sdoc13.pdf,104,MINORITY WHIP (R),2023,BANNER NET PAYROLL,0.0,status=banner_missing; banner=0.0; parsed_body=0.0. Banner checks are advisory; review against the source before treating this as a parser defect.,118sdoc13|banner_check_missing|104|MINORITY WHIP (R)|2023|BANNER NET PAYROLL|0.0
warning,banner_check_missing,118sdoc13,GPO-CDOC-118sdoc13.pdf,106,MINORITY CONFERENCE COMMITTEE (R),2022,BANNER NET PAYROLL,0.0,status=banner_missing; banner=0.0; parsed_body=0.0. Banner checks are advisory; review against the source before treating this as a parser defect.,118sdoc13|banner_check_missing|106|MINORITY CONFERENCE COMMITTEE (R)|2022|BANNER NET PAYROLL|0.0
warning,banner_check_missing,118sdoc13,GPO-CDOC-118sdoc13.pdf,107,MINORITY CONFERENCE COMMITTEE (R),2023,BANNER NET PAYROLL,0.0,status=banner_missing; banner=0.0; parsed_body=0.0. Banner checks are advisory; review against the source before treating this as a parser defect.,118sdoc13|banner_check_missing|107|MINORITY CONFERENCE COMMITTEE (R)|2023|BANNER NET PAYROLL|0.0
warning,banner_check_missing,118sdoc13,GPO-CDOC-118sdoc13.pdf,109,MINORITY POLICY COMMITTEE (R),2022,BANNER NET PAYROLL,0.0,status=banner_missing; banner=0.0; parsed_body=0.0. Banner checks are advisory; review against the source before treating this as a parser defect.,118sdoc13|banner_check_missing|109|MINORITY POLICY COMMITTEE (R)|2022|BANNER NET PAYROLL|0.0
warning,banner_check_missing,118sdoc13,GPO-CDOC-118sdoc13.pdf,110,MINORITY POLICY COMMITTEE (R),2023,BANNER NET PAYROLL,0.0,status=banner_missing; banner=0.0; parsed_body=0.0. Banner checks are advisory; review against the source before treating this as a parser defect.,118sdoc13|banner_check_missing|110|MINORITY POLICY COMMITTEE (R)|2023|BANNER NET PAYROLL|0.0
warning,banner_check_missing,118sdoc13,GPO-CDOC-118sdoc13.pdf,112,"SECRETARY, MINORITY CONFERENCE COMM (R)",2022,BANNER NET PAYROLL,0.0,status=banner_missing; banner=0.0; parsed_body=0.0. Banner checks are advisory; review against the source before treating this as a parser defect.,"118sdoc13|banner_check_missing|112|SECRETARY, MINORITY CONFERENCE COMM (R)|2022|BANNER NET PAYROLL|0.0"
warning,banner_check_missing,118sdoc13,GPO-CDOC-118sdoc13.pdf,113,"SECRETARY, MINORITY CONFERENCE COMM (R)",2023,BANNER NET PAYROLL,0.0,status=banner_missing; banner=0.0; parsed_body=0.0. Banner checks are advisory; review against the source before treating this as a parser defect.,"118sdoc13|banner_check_missing|113|SECRETARY, MINORITY CONFERENCE COMM (R)|2023|BANNER NET PAYROLL|0.0"
warning,banner_check_missing,118sdoc13,GPO-CDOC-118sdoc13.pdf,115,SECRETARY FOR THE MAJORITY (D),2022,BANNER NET PAYROLL,0.0,status=banner_missing; banner=0.0; parsed_body=0.0. Banner checks are advisory; review against the source before treating this as a parser defect.,118sdoc13|banner_check_missing|115|SECRETARY FOR THE MAJORITY (D)|2022|BANNER NET PAYROLL|0.0
warning,banner_check_missing,118sdoc13,GPO-CDOC-118sdoc13.pdf,116,SECRETARY FOR THE MAJORITY (D),2023,BANNER NET PAYROLL,0.0,status=banner_missing; banner=0.0; parsed_body=0.0. Banner checks are advisory; review against the source before treating this as a parser defect.,118sdoc13|banner_check_missing|116|SECRETARY FOR THE MAJORITY (D)|2023|BANNER NET PAYROLL|0.0
warning,banner_check_missing,118sdoc13,GPO-CDOC-118sdoc13.pdf,118,SECRETARY FOR THE MINORITY (R),2022,BANNER NET PAYROLL,0.0,status=banner_missing; banner=0.0; parsed_body=0.0. Banner checks are advisory; review against the source before treating this as a parser defect.,118sdoc13|banner_check_missing|118|SECRETARY FOR THE MINORITY (R)|2022|BANNER NET PAYROLL|0.0
warning,banner_check_missing,118sdoc13,GPO-CDOC-118sdoc13.pdf,119,SECRETARY FOR THE MINORITY (R),2023,BANNER NET PAYROLL,0.0,status=banner_missing; banner=0.0; parsed_body=0.0. Banner checks are advisory; review against the source before treating this as a parser defect.,118sdoc13|banner_check_missing|119|SECRETARY FOR THE MINORITY (R)|2023|BANNER NET PAYROLL|0.0
warning,banner_check_missing,118sdoc13,GPO-CDOC-118sdoc13.pdf,121,SERGEANT AT ARMS AND DOORKEEPER OF THE SENATE,2022,BANNER NET PAYROLL,0.0,status=banner_missing; banner=0.0; parsed_body=0.0. Banner checks are advisory; review against the source before treating this as a parser defect.,118sdoc13|banner_check_missing|121|SERGEANT AT ARMS AND DOORKEEPER OF THE SENATE|2022|BANNER NET PAYROLL|0.0
warning,banner_check_missing,118sdoc13,GPO-CDOC-118sdoc13.pdf,122,SERGEANT AT ARMS AND DOORKEEPER OF THE SENATE,2023,BANNER NET PAYROLL,0.0,status=banner_missing; banner=0.0; parsed_body=0.0. Banner checks are advisory; review against the source before treating this as a parser defect.,118sdoc13|banner_check_missing|122|SERGEANT AT ARMS AND DOORKEEPER OF THE SENATE|2023|BANNER NET PAYROLL|0.0
warning,banner_check_discrepancy,118sdoc13,GPO-CDOC-118sdoc13.pdf,123,SERGEANT AT ARMS AND DOORKEEPER OF THE SENATE,2024,BANNER NET PAYROLL,57072720.61,status=fail; banner=57072720.61; parsed_body=57800220.61. Banner checks are advisory; review against the source before treating this as a parser defect.,118sdoc13|banner_check_discrepancy|123|SERGEANT AT ARMS AND DOORKEEPER OF THE SENATE|2024|BANNER NET PAYROLL|57072720.61
warning,banner_check_discrepancy,118sdoc13,GPO-CDOC-118sdoc13.pdf,123,SERGEANT AT ARMS AND DOORKEEPER OF THE SENATE,2024,BANNER ORGANIZATION TOTALS,57072720.61,status=fail; banner=57072720.61; parsed_body=57801569.84. Banner checks are advisory; review against the source before treating this as a parser defect.,118sdoc13|banner_check_discrepancy|123|SERGEANT AT ARMS AND DOORKEEPER OF THE SENATE|2024|BANNER ORGANIZATION TOTALS|57072720.61
warning,banner_check_missing,118sdoc13,GPO-CDOC-118sdoc13.pdf,147,SECRETARY OF THE SENATE,2022,BANNER NET PAYROLL,0.0,status=banner_missing; banner=0.0; parsed_body=0.0. Banner checks are advisory; review against the source before treating this as a parser defect.,118sdoc13|banner_check_missing|147|SECRETARY OF THE SENATE|2022|BANNER NET PAYROLL|0.0
warning,banner_check_missing,118sdoc13,GPO-CDOC-118sdoc13.pdf,148,SECRETARY OF THE SENATE,2023,BANNER NET PAYROLL,0.0,status=banner_missing; banner=0.0; parsed_body=0.0. Banner checks are advisory; review against the source before treating this as a parser defect.,118sdoc13|banner_check_missing|148|SECRETARY OF THE SENATE|2023|BANNER NET PAYROLL|0.0
warning,banner_check_missing,118sdoc13,GPO-CDOC-118sdoc13.pdf,149,SECRETARY OF THE SENATE,2023,BANNER NET PAYROLL,300000.0,status=banner_missing; banner=300000.0; parsed_body=0.0. Banner checks are advisory; review against the source before treating this as a parser defect.,118sdoc13|banner_check_missing|149|SECRETARY OF THE SENATE|2023|BANNER NET PAYROLL|300000.0
warning,banner_check_discrepancy,118sdoc13,GPO-CDOC-118sdoc13.pdf,149,SECRETARY OF THE SENATE,2023,BANNER ORGANIZATION TOTALS,300000.0,status=fail; banner=300000.0; parsed_body=0.0. Banner checks are advisory; review against the source before treating this as a parser defect.,118sdoc13|banner_check_discrepancy|149|SECRETARY OF THE SENATE|2023|BANNER ORGANIZATION TOTALS|300000.0
warning,banner_check_discrepancy,118sdoc13,GPO-CDOC-118sdoc13.pdf,150,SECRETARY OF THE SENATE,2024,BANNER NET PAYROLL,15373872.45,status=fail; banner=15373872.45; parsed_body=16173872.45. Banner checks are advisory; review against the source before treating this as a parser defect.,118sdoc13|banner_check_discrepancy|150|SECRETARY OF THE SENATE|2024|BANNER NET PAYROLL|15373872.45
warning,banner_check_discrepancy,118sdoc13,GPO-CDOC-118sdoc13.pdf,150,SECRETARY OF THE SENATE,2024,BANNER ORGANIZATION TOTALS,15373872.45,status=fail; banner=15373872.45; parsed_body=16173872.45. Banner checks are advisory; review against the source before treating this as a parser defect.,118sdoc13|banner_check_discrepancy|150|SECRETARY OF THE SENATE|2024|BANNER ORGANIZATION TOTALS|15373872.45
warning,banner_check_missing,118sdoc13,GPO-CDOC-118sdoc13.pdf,156,SECRETARY OF THE SENATE,2024,BANNER NET PAYROLL,300000.0,status=banner_missing; banner=300000.0; parsed_body=0.0. Banner checks are advisory; review against the source before treating this as a parser defect.,118sdoc13|banner_check_missing|156|SECRETARY OF THE SENATE|2024|BANNER NET PAYROLL|300000.0
warning,banner_check_discrepancy,118sdoc13,GPO-CDOC-118sdoc13.pdf,156,SECRETARY OF THE SENATE,2024,BANNER ORGANIZATION TOTALS,300000.0,status=fail; banner=300000.0; parsed_body=0.0. Banner checks are advisory; review against the source before treating this as a parser defect.,118sdoc13|banner_check_discrepancy|156|SECRETARY OF THE SENATE|2024|BANNER ORGANIZATION TOTALS|300000.0
warning,banner_check_missing,118sdoc13,GPO-CDOC-118sdoc13.pdf,157,SECRETARY OF THE SENATE,,BANNER NET PAYROLL,200000.0,status=banner_missing; banner=200000.0; parsed_body=0.0. Banner checks are advisory; review against the source before treating this as a parser defect.,118sdoc13|banner_check_missing|157|SECRETARY OF THE SENATE||BANNER NET PAYROLL|200000.0
warning,banner_check_discrepancy,118sdoc13,GPO-CDOC-118sdoc13.pdf,157,SECRETARY OF THE SENATE,,BANNER ORGANIZATION TOTALS,200000.0,status=fail; banner=200000.0; parsed_body=0.0. Banner checks are advisory; review against the source before treating this as a parser defect.,118sdoc13|banner_check_discrepancy|157|SECRETARY OF THE SENATE||BANNER ORGANIZATION TOTALS|200000.0
warning,banner_check_missing,118sdoc13,GPO-CDOC-118sdoc13.pdf,159,PAYMENT TO NEXT OF KIN OF SENATOR,,BANNER NET PAYROLL,0.0,status=banner_missing; banner=0.0; parsed_body=0.0. Banner checks are advisory; review against the source before treating this as a parser defect.,118sdoc13|banner_check_missing|159|PAYMENT TO NEXT OF KIN OF SENATOR||BANNER NET PAYROLL|0.0
warning,banner_check_missing,118sdoc13,GPO-CDOC-118sdoc13.pdf,160,APPROPRIATIONS,2020,BANNER NET PAYROLL,0.0,status=banner_missing; banner=0.0; parsed_body=0.0. Banner checks are advisory; review against the source before treating this as a parser defect.,118sdoc13|banner_check_missing|160|APPROPRIATIONS|2020|BANNER NET PAYROLL|0.0
warning,banner_check_missing,118sdoc13,GPO-CDOC-118sdoc13.pdf,161,APPROPRIATIONS,2021,BANNER NET PAYROLL,0.0,status=banner_missing; banner=0.0; parsed_body=0.0. Banner checks are advisory; review against the source before treating this as a parser defect.,118sdoc13|banner_check_missing|161|APPROPRIATIONS|2021|BANNER NET PAYROLL|0.0
warning,banner_check_discrepancy,118sdoc13,GPO-CDOC-118sdoc13.pdf,162,APPROPRIATIONS,2022,BANNER ORGANIZATION TOTALS,266720.33,status=fail; banner=266720.33; parsed_body=224962.89. Banner checks are advisory; review against the source before treating this as a parser defect.,118sdoc13|banner_check_discrepancy|162|APPROPRIATIONS|2022|BANNER ORGANIZATION TOTALS|266720.33
warning,banner_check_missing,118sdoc13,GPO-CDOC-118sdoc13.pdf,164,APPROPRIATIONS,2023,BANNER NET PAYROLL,0.0,status=banner_missing; banner=0.0; parsed_body=0.0. Banner checks are advisory; review against the source before treating this as a parser defect.,118sdoc13|banner_check_missing|164|APPROPRIATIONS|2023|BANNER NET PAYROLL|0.0
warning,banner_check_discrepancy,118sdoc13,GPO-CDOC-118sdoc13.pdf,165,APPROPRIATIONS,2024,BANNER NET PAYROLL,5597.96,status=fail; banner=5597.96; parsed_body=5933.58. Banner checks are advisory; review against the source before treating this as a parser defect.,118sdoc13|banner_check_discrepancy|165|APPROPRIATIONS|2024|BANNER NET PAYROLL|5597.96
warning,banner_check_discrepancy,118sdoc13,GPO-CDOC-118sdoc13.pdf,165,APPROPRIATIONS,2024,BANNER ORGANIZATION TOTALS,140459.81,status=fail; banner=140459.81; parsed_body=9744.27. Banner checks are advisory; review against the source before treating this as a parser defect.,118sdoc13|banner_check_discrepancy|165|APPROPRIATIONS|2024|BANNER ORGANIZATION TOTALS|140459.81
warning,banner_check_missing,118sdoc13,GPO-CDOC-118sdoc13.pdf,167,CHAPLAIN,2020,BANNER NET PAYROLL,0.0,status=banner_missing; banner=0.0; parsed_body=0.0. Banner checks are advisory; review against the source before treating this as a parser defect.,118sdoc13|banner_check_missing|167|CHAPLAIN|2020|BANNER NET PAYROLL|0.0
warning,banner_check_discrepancy,118sdoc13,GPO-CDOC-118sdoc13.pdf,169,CHAPLAIN,2022,BANNER ORGANIZATION TOTALS,160.14,status=fail; banner=160.14; parsed_body=44.84. Banner checks are advisory; review against the source before treating this as a parser defect.,118sdoc13|banner_check_discrepancy|169|CHAPLAIN|2022|BANNER ORGANIZATION TOTALS|160.14
warning,banner_check_discrepancy,118sdoc13,GPO-CDOC-118sdoc13.pdf,170,CHAPLAIN,2023,BANNER ORGANIZATION TOTALS,2632.66,status=fail; banner=2632.66; parsed_body=0.0. Banner checks are advisory; review against the source before treating this as a parser defect.,118sdoc13|banner_check_discrepancy|170|CHAPLAIN|2023|BANNER ORGANIZATION TOTALS|2632.66
warning,banner_check_discrepancy,118sdoc13,GPO-CDOC-118sdoc13.pdf,171,CHAPLAIN,2024,BANNER ORGANIZATION TOTALS,7270.47,status=fail; banner=7270.47; parsed_body=1670.17. Banner checks are advisory; review against the source before treating this as a parser defect.,118sdoc13|banner_check_discrepancy|171|CHAPLAIN|2024|BANNER ORGANIZATION TOTALS|7270.47
warning,banner_check_missing,118sdoc13,GPO-CDOC-118sdoc13.pdf,175,MAJORITY CONFERENCE COMMITTEE (D),2021,BANNER NET PAYROLL,0.0,status=banner_missing; banner=0.0; parsed_body=0.0. Banner checks are advisory; review against the source before treating this as a parser defect.,118sdoc13|banner_check_missing|175|MAJORITY CONFERENCE COMMITTEE (D)|2021|BANNER NET PAYROLL|0.0
warning,banner_check_discrepancy,118sdoc13,GPO-CDOC-118sdoc13.pdf,175,MAJORITY CONFERENCE COMMITTEE (D),2021,BANNER ORGANIZATION TOTALS,1085.61,status=fail; banner=1085.61; parsed_body=0.0. Banner checks are advisory; review against the source before treating this as a parser defect.,118sdoc13|banner_check_discrepancy|175|MAJORITY CONFERENCE COMMITTEE (D)|2021|BANNER ORGANIZATION TOTALS|1085.61
warning,banner_check_missing,118sdoc13,GPO-CDOC-118sdoc13.pdf,176,MAJORITY CONFERENCE COMMITTEE (D),2022,BANNER NET PAYROLL,0.0,status=banner_missing; banner=0.0; parsed_body=0.0. Banner checks are advisory; review against the source before treating this as a parser defect.,118sdoc13|banner_check_missing|176|MAJORITY CONFERENCE COMMITTEE (D)|2022|BANNER NET PAYROLL|0.0
warning,banner_check_missing,118sdoc13,GPO-CDOC-118sdoc13.pdf,179,MAJORITY CONFERENCE COMMITTEE (D),2024,BANNER NET PAYROLL,21206.93,status=banner_missing; banner=21206.93; parsed_body=0.0. Banner checks are advisory; review against the source before treating this as a parser defect.,118sdoc13|banner_check_missing|179|MAJORITY CONFERENCE COMMITTEE (D)|2024|BANNER NET PAYROLL|21206.93
warning,banner_check_discrepancy,118sdoc13,GPO-CDOC-118sdoc13.pdf,179,MAJORITY CONFERENCE COMMITTEE (D),2024,BANNER ORGANIZATION TOTALS,46956.86,status=fail; banner=46956.86; parsed_body=3346.58. Banner checks are advisory; review against the source before treating this as a parser defect.,118sdoc13|banner_check_discrepancy|179|MAJORITY CONFERENCE COMMITTEE (D)|2024|BANNER ORGANIZATION TOTALS|46956.86
warning,banner_check_missing,118sdoc13,GPO-CDOC-118sdoc13.pdf,180,MINORITY POLICY COMMITTEE (D),2020,BANNER NET PAYROLL,0.0,status=banner_missing; banner=0.0; parsed_body=0.0. Banner checks are advisory; review against the source before treating this as a parser defect.,118sdoc13|banner_check_missing|180|MINORITY POLICY COMMITTEE (D)|2020|BANNER NET PAYROLL|0.0
warning,banner_check_missing,118sdoc13,GPO-CDOC-118sdoc13.pdf,181,MAJORITY POLICY COMMITTEE (D),2021,BANNER NET PAYROLL,0.0,status=banner_missing; banner=0.0; parsed_body=0.0. Banner checks are advisory; review against the source before treating this as a parser defect.,118sdoc13|banner_check_missing|181|MAJORITY POLICY COMMITTEE (D)|2021|BANNER NET PAYROLL|0.0
warning,banner_check_missing,118sdoc13,GPO-CDOC-118sdoc13.pdf,182,MAJORITY POLICY COMMITTEE (D),2022,BANNER NET PAYROLL,0.0,status=banner_missing; banner=0.0; parsed_body=0.0. Banner checks are advisory; review against the source before treating this as a parser defect.,118sdoc13|banner_check_missing|182|MAJORITY POLICY COMMITTEE (D)|2022|BANNER NET PAYROLL|0.0
warning,banner_check_discrepancy,118sdoc13,GPO-CDOC-118sdoc13.pdf,184,MAJORITY POLICY COMMITTEE (D),2024,BANNER ORGANIZATION TOTALS,22736.25,status=fail; banner=22736.25; parsed_body=6527.64. Banner checks are advisory; review against the source before treating this as a parser defect.,118sdoc13|banner_check_discrepancy|184|MAJORITY POLICY COMMITTEE (D)|2024|BANNER ORGANIZATION TOTALS|22736.25
warning,banner_check_missing,118sdoc13,GPO-CDOC-118sdoc13.pdf,187,MINORITY LEADER (R),2022,BANNER NET PAYROLL,0.0,status=banner_missing; banner=0.0; parsed_body=0.0. Banner checks are advisory; review against the source before treating this as a parser defect.,118sdoc13|banner_check_missing|187|MINORITY LEADER (R)|2022|BANNER NET PAYROLL|0.0
warning,banner_check_missing,118sdoc13,GPO-CDOC-118sdoc13.pdf,188,MINORITY LEADER (R),2023,BANNER NET PAYROLL,0.0,status=banner_missing; banner=0.0; parsed_body=0.0. Banner checks are advisory; review against the source before treating this as a parser defect.,118sdoc13|banner_check_missing|188|MINORITY LEADER (R)|2023|BANNER NET PAYROLL|0.0
warning,banner_check_discrepancy,118sdoc13,GPO-CDOC-118sdoc13.pdf,189,MINORITY LEADER (R),2024,BANNER ORGANIZATION TOTALS,24571.42,status=fail; banner=24571.42; parsed_body=3536.57. Banner checks are advisory; review against the source before treating this as a parser defect.,118sdoc13|banner_check_discrepancy|189|MINORITY LEADER (R)|2024|BANNER ORGANIZATION TOTALS|24571.42
warning,banner_check_discrepancy,118sdoc13,GPO-CDOC-118sdoc13.pdf,193,MINORITY WHIP (R),2024,BANNER ORGANIZATION TOTALS,17739.35,status=fail; banner=17739.35; parsed_body=8204.65. Banner checks are advisory; review against the source before treating this as a parser defect.,118sdoc13|banner_check_discrepancy|193|MINORITY WHIP (R)|2024|BANNER ORGANIZATION TOTALS|17739.35
warning,banner_check_missing,118sdoc13,GPO-CDOC-118sdoc13.pdf,195,MAJORITY CONFERENCE COMMITTEE (R),2020,BANNER NET PAYROLL,0.0,status=banner_missing; banner=0.0; parsed_body=0.0. Banner checks are advisory; review against the source before treating this as a parser defect.,118sdoc13|banner_check_missing|195|MAJORITY CONFERENCE COMMITTEE (R)|2020|BANNER NET PAYROLL|0.0
warning,banner_check_missing,118sdoc13,GPO-CDOC-118sdoc13.pdf,196,MINORITY CONFERENCE COMMITTEE (R),2021,BANNER NET PAYROLL,0.0,status=banner_missing; banner=0.0; parsed_body=0.0. Banner checks are advisory; review against the source before treating this as a parser defect.,118sdoc13|banner_check_missing|196|MINORITY CONFERENCE COMMITTEE (R)|2021|BANNER NET PAYROLL|0.0
warning,banner_check_discrepancy,118sdoc13,GPO-CDOC-118sdoc13.pdf,198,MINORITY CONFERENCE COMMITTEE (R),2022,BANNER NET PAYROLL,52179.21,status=fail; banner=52179.21; parsed_body=1695.17. Banner checks are advisory; review against the source before treating this as a parser defect.,118sdoc13|banner_check_discrepancy|198|MINORITY CONFERENCE COMMITTEE (R)|2022|BANNER NET PAYROLL|52179.21
warning,banner_check_discrepancy,118sdoc13,GPO-CDOC-118sdoc13.pdf,198,MINORITY CONFERENCE COMMITTEE (R),2022,BANNER ORGANIZATION TOTALS,80905.14,status=fail; banner=80905.14; parsed_body=68191.78. Banner checks are advisory; review against the source before treating this as a parser defect.,118sdoc13|banner_check_discrepancy|198|MINORITY CONFERENCE COMMITTEE (R)|2022|BANNER ORGANIZATION TOTALS|80905.14
warning,banner_check_missing,118sdoc13,GPO-CDOC-118sdoc13.pdf,204,MINORITY CONFERENCE COMMITTEE (R),2023,BANNER NET PAYROLL,0.0,status=banner_missing; banner=0.0; parsed_body=0.0. Banner checks are advisory; review against the source before treating this as a parser defect.,118sdoc13|banner_check_missing|204|MINORITY CONFERENCE COMMITTEE (R)|2023|BANNER NET PAYROLL|0.0
warning,banner_check_discrepancy,118sdoc13,GPO-CDOC-118sdoc13.pdf,207,MINORITY CONFERENCE COMMITTEE (R),2024,BANNER ORGANIZATION TOTALS,883.5,status=fail; banner=883.5; parsed_body=0.0. Banner checks are advisory; review against the source before treating this as a parser defect.,118sdoc13|banner_check_discrepancy|207|MINORITY CONFERENCE COMMITTEE (R)|2024|BANNER ORGANIZATION TOTALS|883.5
warning,banner_check_missing,118sdoc13,GPO-CDOC-118sdoc13.pdf,208,MAJORITY POLICY COMMITTEE (R),2020,BANNER NET PAYROLL,0.0,status=banner_missing; banner=0.0; parsed_body=0.0. Banner checks are advisory; review against the source before treating this as a parser defect.,118sdoc13|banner_check_missing|208|MAJORITY POLICY COMMITTEE (R)|2020|BANNER NET PAYROLL|0.0
warning,banner_check_missing,118sdoc13,GPO-CDOC-118sdoc13.pdf,209,MINORITY POLICY COMMITTEE (R),2021,BANNER NET PAYROLL,0.0,status=banner_missing; banner=0.0; parsed_body=0.0. Banner checks are advisory; review against the source before treating this as a parser defect.,118sdoc13|banner_check_missing|209|MINORITY POLICY COMMITTEE (R)|2021|BANNER NET PAYROLL|0.0
warning,banner_check_missing,118sdoc13,GPO-CDOC-118sdoc13.pdf,211,MINORITY POLICY COMMITTEE (R),2022,BANNER NET PAYROLL,0.0,status=banner_missing; banner=0.0; parsed_body=0.0. Banner checks are advisory; review against the source before treating this as a parser defect.,118sdoc13|banner_check_missing|211|MINORITY POLICY COMMITTEE (R)|2022|BANNER NET PAYROLL|0.0
warning,banner_check_missing,118sdoc13,GPO-CDOC-118sdoc13.pdf,213,MINORITY POLICY COMMITTEE (R),2023,BANNER NET PAYROLL,0.0,status=banner_missing; banner=0.0; parsed_body=0.0. Banner checks are advisory; review against the source before treating this as a parser defect.,118sdoc13|banner_check_missing|213|MINORITY POLICY COMMITTEE (R)|2023|BANNER NET PAYROLL|0.0
warning,banner_check_discrepancy,118sdoc13,GPO-CDOC-118sdoc13.pdf,214,MINORITY POLICY COMMITTEE (R),2024,BANNER NET PAYROLL,2068.84,status=fail; banner=2068.84; parsed_body=90.0. Banner checks are advisory; review against the source before treating this as a parser defect.,118sdoc13|banner_check_discrepancy|214|MINORITY POLICY COMMITTEE (R)|2024|BANNER NET PAYROLL|2068.84
warning,banner_check_discrepancy,118sdoc13,GPO-CDOC-118sdoc13.pdf,214,MINORITY POLICY COMMITTEE (R),2024,BANNER ORGANIZATION TOTALS,8268.52,status=fail; banner=8268.52; parsed_body=3798.4. Banner checks are advisory; review against the source before treating this as a parser defect.,118sdoc13|banner_check_discrepancy|214|MINORITY POLICY COMMITTEE (R)|2024|BANNER ORGANIZATION TOTALS|8268.52
warning,banner_check_discrepancy,118sdoc13,GPO-CDOC-118sdoc13.pdf,215,MINORITY POLICY COMMITTEE (R),2024,BANNER ORGANIZATION TOTALS,4344.01,status=fail; banner=4344.01; parsed_body=691.38. Banner checks are advisory; review against the source before treating this as a parser defect.,118sdoc13|banner_check_discrepancy|215|MINORITY POLICY COMMITTEE (R)|2024|BANNER ORGANIZATION TOTALS|4344.01
warning,banner_check_discrepancy,118sdoc13,GPO-CDOC-118sdoc13.pdf,217,SECRETARY FOR THE MINORITY (R),2024,BANNER ORGANIZATION TOTALS,37177.27,status=fail; banner=37177.27; parsed_body=36887.02. Banner checks are advisory; review against the source before treating this as a parser defect.,118sdoc13|banner_check_discrepancy|217|SECRETARY FOR THE MINORITY (R)|2024|BANNER ORGANIZATION TOTALS|37177.27
warning,banner_check_missing,118sdoc13,GPO-CDOC-118sdoc13.pdf,218,SENATE CHILD CARE CENTER,2020,BANNER NET PAYROLL,0.0,status=banner_missing; banner=0.0; parsed_body=0.0. Banner checks are advisory; review against the source before treating this as a parser defect.,118sdoc13|banner_check_missing|218|SENATE CHILD CARE CENTER|2020|BANNER NET PAYROLL|0.0
warning,banner_check_missing,118sdoc13,GPO-CDOC-118sdoc13.pdf,219,SENATE CHILD CARE CENTER,2021,BANNER NET PAYROLL,0.0,status=banner_missing; banner=0.0; parsed_body=0.0. Banner checks are advisory; review against the source before treating this as a parser defect.,118sdoc13|banner_check_missing|219|SENATE CHILD CARE CENTER|2021|BANNER NET PAYROLL|0.0
warning,banner_check_discrepancy,118sdoc13,GPO-CDOC-118sdoc13.pdf,219,SENATE CHILD CARE CENTER,2021,BANNER ORGANIZATION TOTALS,75.56,status=fail; banner=75.56; parsed_body=0.0. Banner checks are advisory; review against the source before treating this as a parser defect.,118sdoc13|banner_check_discrepancy|219|SENATE CHILD CARE CENTER|2021|BANNER ORGANIZATION TOTALS|75.56
warning,banner_check_discrepancy,118sdoc13,GPO-CDOC-118sdoc13.pdf,220,SENATE CHILD CARE – AGENCY CONTRIBUTIONS – P.L. 102-90,2022,BANNER ORGANIZATION TOTALS,6804.61,status=fail; banner=6804.61; parsed_body=7625.29. Banner checks are advisory; review against the source before treating this as a parser defect.,118sdoc13|banner_check_discrepancy|220|SENATE CHILD CARE – AGENCY CONTRIBUTIONS – P.L. 102-90|2022|BANNER ORGANIZATION TOTALS|6804.61
warning,banner_check_missing,118sdoc13,GPO-CDOC-118sdoc13.pdf,226,SENATE CHILD CARE – AGENCY CONTRIBUTIONS – P.L. 102-90,2024,BANNER NET PAYROLL,245282.95,status=banner_missing; banner=245282.95; parsed_body=0.0. Banner checks are advisory; review against the source before treating this as a parser defect.,118sdoc13|banner_check_missing|226|SENATE CHILD CARE – AGENCY CONTRIBUTIONS – P.L. 102-90|2024|BANNER NET PAYROLL|245282.95
warning,banner_check_discrepancy,118sdoc13,GPO-CDOC-118sdoc13.pdf,226,SENATE CHILD CARE – AGENCY CONTRIBUTIONS – P.L. 102-90,2024,BANNER ORGANIZATION TOTALS,176348.84,status=fail; banner=176348.84; parsed_body=0.0. Banner checks are advisory; review against the source before treating this as a parser defect.,118sdoc13|banner_check_discrepancy|226|SENATE CHILD CARE – AGENCY CONTRIBUTIONS – P.L. 102-90|2024|BANNER ORGANIZATION TOTALS|176348.84
warning,banner_check_discrepancy,118sdoc13,GPO-CDOC-118sdoc13.pdf,227,SENATE CHILD CARE – SALARY REIMBURSEMENT – S. RES. 329,2024,BANNER ORGANIZATION TOTALS,101111.19,status=fail; banner=101111.19; parsed_body=0.0. Banner checks are advisory; review against the source before treating this as a parser defect.,118sdoc13|banner_check_discrepancy|227|SENATE CHILD CARE – SALARY REIMBURSEMENT – S. RES. 329|2024|BANNER ORGANIZATION TOTALS|101111.19
warning,banner_check_missing,118sdoc13,GPO-CDOC-118sdoc13.pdf,229,CONSULTANTS,2020,BANNER NET PAYROLL,0.0,status=banner_missing; banner=0.0; parsed_body=0.0. Banner checks are advisory; review against the source before treating this as a parser defect.,118sdoc13|banner_check_missing|229|CONSULTANTS|2020|BANNER NET PAYROLL|0.0
warning,banner_check_missing,118sdoc13,GPO-CDOC-118sdoc13.pdf,230,CONSULTANTS,2021,BANNER NET PAYROLL,0.0,status=banner_missing; banner=0.0; parsed_body=0.0. Banner checks are advisory; review against the source before treating this as a parser defect.,118sdoc13|banner_check_missing|230|CONSULTANTS|2021|BANNER NET PAYROLL|0.0
warning,banner_check_missing,118sdoc13,GPO-CDOC-118sdoc13.pdf,231,CONSULTANTS,2022,BANNER NET PAYROLL,0.0,status=banner_missing; banner=0.0; parsed_body=0.0. Banner checks are advisory; review against the source before treating this as a parser defect.,118sdoc13|banner_check_missing|231|CONSULTANTS|2022|BANNER NET PAYROLL|0.0
warning,banner_check_missing,118sdoc13,GPO-CDOC-118sdoc13.pdf,232,CONSULTANTS,2023,BANNER NET PAYROLL,0.0,status=banner_missing; banner=0.0; parsed_body=0.0. Banner checks are advisory; review against the source before treating this as a parser defect.,118sdoc13|banner_check_missing|232|CONSULTANTS|2023|BANNER NET PAYROLL|0.0
warning,banner_check_missing,118sdoc13,GPO-CDOC-118sdoc13.pdf,235,FEDERAL EMPLOYEES COMPENSATION ACCOUNT,2020,BANNER NET PAYROLL,0.0,status=banner_missing; banner=0.0; parsed_body=0.0. Banner checks are advisory; review against the source before treating this as a parser defect.,118sdoc13|banner_check_missing|235|FEDERAL EMPLOYEES COMPENSATION ACCOUNT|2020|BANNER NET PAYROLL|0.0
warning,banner_check_missing,118sdoc13,GPO-CDOC-118sdoc13.pdf,236,FEDERAL EMPLOYEES COMPENSATION ACCOUNT,2021,BANNER NET PAYROLL,0.0,status=banner_missing; banner=0.0; parsed_body=0.0. Banner checks are advisory; review against the source before treating this as a parser defect.,118sdoc13|banner_check_missing|236|FEDERAL EMPLOYEES COMPENSATION ACCOUNT|2021|BANNER NET PAYROLL|0.0
warning,banner_check_discrepancy,118sdoc13,GPO-CDOC-118sdoc13.pdf,250,POSTAGE,2024,BANNER ORGANIZATION TOTALS,0.62,status=warn; banner=0.62; parsed_body=0.0. Banner checks are advisory; review against the source before treating this as a parser defect.,118sdoc13|banner_check_discrepancy|250|POSTAGE|2024|BANNER ORGANIZATION TOTALS|0.62
warning,banner_check_discrepancy,118sdoc13,GPO-CDOC-118sdoc13.pdf,255,MOBILE COMMUNICATIONS DEVICES,2024,BANNER ORGANIZATION TOTALS,14579.07,status=fail; banner=14579.07; parsed_body=3921.33. Banner checks are advisory; review against the source before treating this as a parser defect.,118sdoc13|banner_check_discrepancy|255|MOBILE COMMUNICATIONS DEVICES|2024|BANNER ORGANIZATION TOTALS|14579.07
warning,banner_check_missing,118sdoc13,GPO-CDOC-118sdoc13.pdf,256,RESERVE FOR CONTINGENCIES,2020,BANNER NET PAYROLL,0.0,status=banner_missing; banner=0.0; parsed_body=0.0. Banner checks are advisory; review against the source before treating this as a parser defect.,118sdoc13|banner_check_missing|256|RESERVE FOR CONTINGENCIES|2020|BANNER NET PAYROLL|0.0
warning,banner_check_missing,118sdoc13,GPO-CDOC-118sdoc13.pdf,257,RESERVE FOR CONTINGENCIES,2021,BANNER NET PAYROLL,0.0,status=banner_missing; banner=0.0; parsed_body=0.0. Banner checks are advisory; review against the source before treating this as a parser defect.,118sdoc13|banner_check_missing|257|RESERVE FOR CONTINGENCIES|2021|BANNER NET PAYROLL|0.0
warning,banner_check_missing,118sdoc13,GPO-CDOC-118sdoc13.pdf,259,RESERVE FOR CONTINGENCIES,2023,BANNER NET PAYROLL,0.0,status=banner_missing; banner=0.0; parsed_body=0.0. Banner checks are advisory; review against the source before treating this as a parser defect.,118sdoc13|banner_check_missing|259|RESERVE FOR CONTINGENCIES|2023|BANNER NET PAYROLL|0.0
warning,banner_check_missing,118sdoc13,GPO-CDOC-118sdoc13.pdf,260,RESERVE FOR CONTINGENCIES,2024,BANNER NET PAYROLL,30583.38,status=banner_missing; banner=30583.38; parsed_body=0.0. Banner checks are advisory; review against the source before treating this as a parser defect.,118sdoc13|banner_check_missing|260|RESERVE FOR CONTINGENCIES|2024|BANNER NET PAYROLL|30583.38
warning,banner_check_discrepancy,118sdoc13,GPO-CDOC-118sdoc13.pdf,260,RESERVE FOR CONTINGENCIES,2024,BANNER ORGANIZATION TOTALS,11497.71,status=fail; banner=11497.71; parsed_body=16543.81. Banner checks are advisory; review against the source before treating this as a parser defect.,118sdoc13|banner_check_discrepancy|260|RESERVE FOR CONTINGENCIES|2024|BANNER ORGANIZATION TOTALS|11497.71
warning,banner_check_discrepancy,118sdoc13,GPO-CDOC-118sdoc13.pdf,265,RECEPTION OF FOREIGN DIGNITARIES,2024,BANNER ORGANIZATION TOTALS,2227.0,status=fail; banner=2227.0; parsed_body=0.0. Banner checks are advisory; review against the source before treating this as a parser defect.,118sdoc13|banner_check_discrepancy|265|RECEPTION OF FOREIGN DIGNITARIES|2024|BANNER ORGANIZATION TOTALS|2227.0
warning,banner_check_missing,118sdoc13,GPO-CDOC-118sdoc13.pdf,266,RESOLUTION AND REORGANIZATION RESERVE,2020,BANNER NET PAYROLL,0.0,status=banner_missing; banner=0.0; parsed_body=0.0. Banner checks are advisory; review against the source before treating this as a parser defect.,118sdoc13|banner_check_missing|266|RESOLUTION AND REORGANIZATION RESERVE|2020|BANNER NET PAYROLL|0.0
warning,banner_check_missing,118sdoc13,GPO-CDOC-118sdoc13.pdf,267,RESOLUTION AND REORGANIZATION RESERVE,2021,BANNER NET PAYROLL,0.0,status=banner_missing; banner=0.0; parsed_body=0.0. Banner checks are advisory; review against the source before treating this as a parser defect.,118sdoc13|banner_check_missing|267|RESOLUTION AND REORGANIZATION RESERVE|2021|BANNER NET PAYROLL|0.0
warning,banner_check_discrepancy,118sdoc13,GPO-CDOC-118sdoc13.pdf,268,RESOLUTION AND REORGANIZATION RESERVE,2022,BANNER ORGANIZATION TOTALS,47197.38,status=fail; banner=47197.38; parsed_body=2417.18. Banner checks are advisory; review against the source before treating this as a parser defect.,118sdoc13|banner_check_discrepancy|268|RESOLUTION AND REORGANIZATION RESERVE|2022|BANNER ORGANIZATION TOTALS|47197.38
warning,banner_check_missing,118sdoc13,GPO-CDOC-118sdoc13.pdf,269,RESOLUTION AND REORGANIZATION RESERVE,2023,BANNER NET PAYROLL,0.0,status=banner_missing; banner=0.0; parsed_body=0.0. Banner checks are advisory; review against the source before treating this as a parser defect.,118sdoc13|banner_check_missing|269|RESOLUTION AND REORGANIZATION RESERVE|2023|BANNER NET PAYROLL|0.0
warning,banner_check_discrepancy,118sdoc13,GPO-CDOC-118sdoc13.pdf,269,RESOLUTION AND REORGANIZATION RESERVE,2023,BANNER ORGANIZATION TOTALS,975.65,status=fail; banner=975.65; parsed_body=0.0. Banner checks are advisory; review against the source before treating this as a parser defect.,118sdoc13|banner_check_discrepancy|269|RESOLUTION AND REORGANIZATION RESERVE|2023|BANNER ORGANIZATION TOTALS|975.65
warning,banner_check_discrepancy,118sdoc13,GPO-CDOC-118sdoc13.pdf,270,RESOLUTION AND REORGANIZATION RESERVE,2024,BANNER ORGANIZATION TOTALS,392773.94,status=fail; banner=392773.94; parsed_body=391636.57. Banner checks are advisory; review against the source before treating this as a parser defect.,118sdoc13|banner_check_discrepancy|270|RESOLUTION AND REORGANIZATION RESERVE|2024|BANNER ORGANIZATION TOTALS|392773.94
warning,banner_check_missing,118sdoc13,GPO-CDOC-118sdoc13.pdf,272,NATL SECURITY WORKING GRP-MIN ADMIN CO-CHAIR (FEINSTEIN),2020,BANNER NET PAYROLL,0.0,status=banner_missing; banner=0.0; parsed_body=0.0. Banner checks are advisory; review against the source before treating this as a parser defect.,118sdoc13|banner_check_missing|272|NATL SECURITY WORKING GRP-MIN ADMIN CO-CHAIR (FEINSTEIN)|2020|BANNER NET PAYROLL|0.0
warning,banner_check_missing,118sdoc13,GPO-CDOC-118sdoc13.pdf,273,NATL SECURITY WORKING GRP-MAJ ADMIN CO-CHAIR (FEINSTEIN),2021,BANNER NET PAYROLL,0.0,status=banner_missing; banner=0.0; parsed_body=0.0. Banner checks are advisory; review against the source before treating this as a parser defect.,118sdoc13|banner_check_missing|273|NATL SECURITY WORKING GRP-MAJ ADMIN CO-CHAIR (FEINSTEIN)|2021|BANNER NET PAYROLL|0.0
warning,banner_check_missing,118sdoc13,GPO-CDOC-118sdoc13.pdf,274,NATL SECURITY WORKING GRP-MAJ ADMIN CO-CHAIR (FEINSTEIN),2022,BANNER NET PAYROLL,0.0,status=banner_missing; banner=0.0; parsed_body=0.0. Banner checks are advisory; review against the source before treating this as a parser defect.,118sdoc13|banner_check_missing|274|NATL SECURITY WORKING GRP-MAJ ADMIN CO-CHAIR (FEINSTEIN)|2022|BANNER NET PAYROLL|0.0
warning,banner_check_missing,118sdoc13,GPO-CDOC-118sdoc13.pdf,275,NATL SECURITY WORKING GRP-MAJ ADMIN CO-CHAIR (FEINSTEIN),2023,BANNER NET PAYROLL,0.0,status=banner_missing; banner=0.0; parsed_body=0.0. Banner checks are advisory; review against the source before treating this as a parser defect.,118sdoc13|banner_check_missing|275|NATL SECURITY WORKING GRP-MAJ ADMIN CO-CHAIR (FEINSTEIN)|2023|BANNER NET PAYROLL|0.0
warning,banner_check_missing,118sdoc13,GPO-CDOC-118sdoc13.pdf,277,NATL SECURITY WORKING GRP-MAJ CO- CHAIR (DURBIN),2021,BANNER NET PAYROLL,0.0,status=banner_missing; banner=0.0; parsed_body=0.0. Banner checks are advisory; review against the source before treating this as a parser defect.,118sdoc13|banner_check_missing|277|NATL SECURITY WORKING GRP-MAJ CO- CHAIR (DURBIN)|2021|BANNER NET PAYROLL|0.0
warning,banner_check_missing,118sdoc13,GPO-CDOC-118sdoc13.pdf,278,NATL SECURITY WORKING GRP-MAJ CO- CHAIR (DURBIN),2022,BANNER NET PAYROLL,0.0,status=banner_missing; banner=0.0; parsed_body=0.0. Banner checks are advisory; review against the source before treating this as a parser defect.,118sdoc13|banner_check_missing|278|NATL SECURITY WORKING GRP-MAJ CO- CHAIR (DURBIN)|2022|BANNER NET PAYROLL|0.0
warning,banner_check_missing,118sdoc13,GPO-CDOC-118sdoc13.pdf,279,NATL SECURITY WORKING GRP-MAJ CO- CHAIR (DURBIN),2023,BANNER NET PAYROLL,0.0,status=banner_missing; banner=0.0; parsed_body=0.0. Banner checks are advisory; review against the source before treating this as a parser defect.,118sdoc13|banner_check_missing|279|NATL SECURITY WORKING GRP-MAJ CO- CHAIR (DURBIN)|2023|BANNER NET PAYROLL|0.0
warning,banner_check_missing,118sdoc13,GPO-CDOC-118sdoc13.pdf,280,NATL SECURITY WORKING GRP-MAJ CO- CHAIR (DURBIN),2024,BANNER NET PAYROLL,60000.0,status=banner_missing; banner=60000.0; parsed_body=0.0. Banner checks are advisory; review against the source before treating this as a parser defect.,118sdoc13|banner_check_missing|280|NATL SECURITY WORKING GRP-MAJ CO- CHAIR (DURBIN)|2024|BANNER NET PAYROLL|60000.0
warning,banner_check_discrepancy,118sdoc13,GPO-CDOC-118sdoc13.pdf,280,NATL SECURITY WORKING GRP-MAJ CO- CHAIR (DURBIN),2024,BANNER ORGANIZATION TOTALS,60000.0,status=fail; banner=60000.0; parsed_body=0.0. Banner checks are advisory; review against the source before treating this as a parser defect.,118sdoc13|banner_check_discrepancy|280|NATL SECURITY WORKING GRP-MAJ CO- CHAIR (DURBIN)|2024|BANNER ORGANIZATION TOTALS|60000.0
warning,banner_check_missing,118sdoc13,GPO-CDOC-118sdoc13.pdf,281,NATL SECURITY WORKING GRP-MIN CO- CHAIR (REED),2020,BANNER NET PAYROLL,0.0,status=banner_missing; banner=0.0; parsed_body=0.0. Banner checks are advisory; review against the source before treating this as a parser defect.,118sdoc13|banner_check_missing|281|NATL SECURITY WORKING GRP-MIN CO- CHAIR (REED)|2020|BANNER NET PAYROLL|0.0
warning,banner_check_missing,118sdoc13,GPO-CDOC-118sdoc13.pdf,282,NATL SECURITY WORKING GRP-MAJ CO- CHAIR (REED),2021,BANNER NET PAYROLL,0.0,status=banner_missing; banner=0.0; parsed_body=0.0. Banner checks are advisory; review against the source before treating this as a parser defect.,118sdoc13|banner_check_missing|282|NATL SECURITY WORKING GRP-MAJ CO- CHAIR (REED)|2021|BANNER NET PAYROLL|0.0
warning,banner_check_missing,118sdoc13,GPO-CDOC-118sdoc13.pdf,283,NATL SECURITY WORKING GRP-MAJ CO- CHAIR (REED),2022,BANNER NET PAYROLL,0.0,status=banner_missing; banner=0.0; parsed_body=0.0. Banner checks are advisory; review against the source before treating this as a parser defect.,118sdoc13|banner_check_missing|283|NATL SECURITY WORKING GRP-MAJ CO- CHAIR (REED)|2022|BANNER NET PAYROLL|0.0
warning,banner_check_missing,118sdoc13,GPO-CDOC-118sdoc13.pdf,286,NATL SECURITY WORKING GRP-MIN CO- CHAIR (MENENDEZ),2020,BANNER NET PAYROLL,0.0,status=banner_missing; banner=0.0; parsed_body=0.0. Banner checks are advisory; review against the source before treating this as a parser defect.,118sdoc13|banner_check_missing|286|NATL SECURITY WORKING GRP-MIN CO- CHAIR (MENENDEZ)|2020|BANNER NET PAYROLL|0.0
warning,banner_check_missing,118sdoc13,GPO-CDOC-118sdoc13.pdf,287,NATL SECURITY WORKING GRP-MAJ CO- CHAIR (MENENDEZ),2021,BANNER NET PAYROLL,0.0,status=banner_missing; banner=0.0; parsed_body=0.0. Banner checks are advisory; review against the source before treating this as a parser defect.,118sdoc13|banner_check_missing|287|NATL SECURITY WORKING GRP-MAJ CO- CHAIR (MENENDEZ)|2021|BANNER NET PAYROLL|0.0
warning,banner_check_missing,118sdoc13,GPO-CDOC-118sdoc13.pdf,288,NATL SECURITY WORKING GRP-MAJ CO- CHAIR (MENENDEZ),2022,BANNER NET PAYROLL,0.0,status=banner_missing; banner=0.0; parsed_body=0.0. Banner checks are advisory; review against the source before treating this as a parser defect.,118sdoc13|banner_check_missing|288|NATL SECURITY WORKING GRP-MAJ CO- CHAIR (MENENDEZ)|2022|BANNER NET PAYROLL|0.0
warning,banner_check_missing,118sdoc13,GPO-CDOC-118sdoc13.pdf,291,NATL SECURITY WORKING GRP-MIN LEADER (SCHUMER),2020,BANNER NET PAYROLL,0.0,status=banner_missing; banner=0.0; parsed_body=0.0. Banner checks are advisory; review against the source before treating this as a parser defect.,118sdoc13|banner_check_missing|291|NATL SECURITY WORKING GRP-MIN LEADER (SCHUMER)|2020|BANNER NET PAYROLL|0.0
warning,banner_check_missing,118sdoc13,GPO-CDOC-118sdoc13.pdf,292,NATL SECURITY WORKING GRP-MAJ LEADER (SCHUMER),2021,BANNER NET PAYROLL,0.0,status=banner_missing; banner=0.0; parsed_body=0.0. Banner checks are advisory; review against the source before treating this as a parser defect.,118sdoc13|banner_check_missing|292|NATL SECURITY WORKING GRP-MAJ LEADER (SCHUMER)|2021|BANNER NET PAYROLL|0.0
warning,banner_check_missing,118sdoc13,GPO-CDOC-118sdoc13.pdf,293,NATL SECURITY WORKING GRP-MAJ LEADER (SCHUMER),2022,BANNER NET PAYROLL,0.0,status=banner_missing; banner=0.0; parsed_body=0.0. Banner checks are advisory; review against the source before treating this as a parser defect.,118sdoc13|banner_check_missing|293|NATL SECURITY WORKING GRP-MAJ LEADER (SCHUMER)|2022|BANNER NET PAYROLL|0.0
warning,banner_check_missing,118sdoc13,GPO-CDOC-118sdoc13.pdf,294,NATL SECURITY WORKING GRP-MAJ LEADER (SCHUMER),2023,BANNER NET PAYROLL,0.0,status=banner_missing; banner=0.0; parsed_body=0.0. Banner checks are advisory; review against the source before treating this as a parser defect.,118sdoc13|banner_check_missing|294|NATL SECURITY WORKING GRP-MAJ LEADER (SCHUMER)|2023|BANNER NET PAYROLL|0.0
warning,banner_check_missing,118sdoc13,GPO-CDOC-118sdoc13.pdf,295,NATL SECURITY WORKING GRP-MAJ LEADER (SCHUMER),2024,BANNER NET PAYROLL,100000.0,status=banner_missing; banner=100000.0; parsed_body=0.0. Banner checks are advisory; review against the source before treating this as a parser defect.,118sdoc13|banner_check_missing|295|NATL SECURITY WORKING GRP-MAJ LEADER (SCHUMER)|2024|BANNER NET PAYROLL|100000.0
warning,banner_check_discrepancy,118sdoc13,GPO-CDOC-118sdoc13.pdf,295,NATL SECURITY WORKING GRP-MAJ LEADER (SCHUMER),2024,BANNER ORGANIZATION TOTALS,100000.0,status=fail; banner=100000.0; parsed_body=0.0. Banner checks are advisory; review against the source before treating this as a parser defect.,118sdoc13|banner_check_discrepancy|295|NATL SECURITY WORKING GRP-MAJ LEADER (SCHUMER)|2024|BANNER ORGANIZATION TOTALS|100000.0
warning,banner_check_missing,118sdoc13,GPO-CDOC-118sdoc13.pdf,297,NATL SECURITY WORKING GRP-MIN ADM. CO- CHAIR (CORNYN),2021,BANNER NET PAYROLL,0.0,status=banner_missing; banner=0.0; parsed_body=0.0. Banner checks are advisory; review against the source before treating this as a parser defect.,118sdoc13|banner_check_missing|297|NATL SECURITY WORKING GRP-MIN ADM. CO- CHAIR (CORNYN)|2021|BANNER NET PAYROLL|0.0
warning,banner_check_missing,118sdoc13,GPO-CDOC-118sdoc13.pdf,298,NATL SECURITY WORKING GRP-MIN ADM. CO- CHAIR (CORNYN),2022,BANNER NET PAYROLL,0.0,status=banner_missing; banner=0.0; parsed_body=0.0. Banner checks are advisory; review against the source before treating this as a parser defect.,118sdoc13|banner_check_missing|298|NATL SECURITY WORKING GRP-MIN ADM. CO- CHAIR (CORNYN)|2022|BANNER NET PAYROLL|0.0
warning,banner_check_missing,118sdoc13,GPO-CDOC-118sdoc13.pdf,299,NATL SECURITY WORKING GRP-MIN ADM. CO- CHAIR (CORNYN),2023,BANNER NET PAYROLL,0.0,status=banner_missing; banner=0.0; parsed_body=0.0. Banner checks are advisory; review against the source before treating this as a parser defect.,118sdoc13|banner_check_missing|299|NATL SECURITY WORKING GRP-MIN ADM. CO- CHAIR (CORNYN)|2023|BANNER NET PAYROLL|0.0
warning,banner_check_missing,118sdoc13,GPO-CDOC-118sdoc13.pdf,300,NATL SECURITY WORKING GRP-MIN ADM. CO- CHAIR (CORNYN),2024,BANNER NET PAYROLL,100000.0,status=banner_missing; banner=100000.0; parsed_body=0.0. Banner checks are advisory; review against the source before treating this as a parser defect.,118sdoc13|banner_check_missing|300|NATL SECURITY WORKING GRP-MIN ADM. CO- CHAIR (CORNYN)|2024|BANNER NET PAYROLL|100000.0
warning,banner_check_discrepancy,118sdoc13,GPO-CDOC-118sdoc13.pdf,300,NATL SECURITY WORKING GRP-MIN ADM. CO- CHAIR (CORNYN),2024,BANNER ORGANIZATION TOTALS,100000.0,status=fail; banner=100000.0; parsed_body=0.0. Banner checks are advisory; review against the source before treating this as a parser defect.,118sdoc13|banner_check_discrepancy|300|NATL SECURITY WORKING GRP-MIN ADM. CO- CHAIR (CORNYN)|2024|BANNER ORGANIZATION TOTALS|100000.0
warning,banner_check_missing,118sdoc13,GPO-CDOC-118sdoc13.pdf,301,NATL SECURITY WORKING GRP-MAJ CO- CHAIR (FISCHER),2020,BANNER NET PAYROLL,0.0,status=banner_missing; banner=0.0; parsed_body=0.0. Banner checks are advisory; review against the source before treating this as a parser defect.,118sdoc13|banner_check_missing|301|NATL SECURITY WORKING GRP-MAJ CO- CHAIR (FISCHER)|2020|BANNER NET PAYROLL|0.0
warning,banner_check_missing,118sdoc13,GPO-CDOC-118sdoc13.pdf,302,NATL SECURITY WORKING GRP-MIN CO- CHAIR (FISCHER),2021,BANNER NET PAYROLL,0.0,status=banner_missing; banner=0.0; parsed_body=0.0. Banner checks are advisory; review against the source before treating this as a parser defect.,118sdoc13|banner_check_missing|302|NATL SECURITY WORKING GRP-MIN CO- CHAIR (FISCHER)|2021|BANNER NET PAYROLL|0.0
warning,banner_check_missing,118sdoc13,GPO-CDOC-118sdoc13.pdf,303,NATL SECURITY WORKING GRP-MIN CO- CHAIR (FISCHER),2022,BANNER NET PAYROLL,0.0,status=banner_missing; banner=0.0; parsed_body=0.0. Banner checks are advisory; review against the source before treating this as a parser defect.,118sdoc13|banner_check_missing|303|NATL SECURITY WORKING GRP-MIN CO- CHAIR (FISCHER)|2022|BANNER NET PAYROLL|0.0
warning,banner_check_missing,118sdoc13,GPO-CDOC-118sdoc13.pdf,305,NATL SECURITY WORKING GRP-MIN CO- CHAIR (FISCHER),2024,BANNER NET PAYROLL,60000.0,status=banner_missing; banner=60000.0; parsed_body=0.0. Banner checks are advisory; review against the source before treating this as a parser defect.,118sdoc13|banner_check_missing|305|NATL SECURITY WORKING GRP-MIN CO- CHAIR (FISCHER)|2024|BANNER NET PAYROLL|60000.0
warning,banner_check_discrepancy,118sdoc13,GPO-CDOC-118sdoc13.pdf,305,NATL SECURITY WORKING GRP-MIN CO- CHAIR (FISCHER),2024,BANNER ORGANIZATION TOTALS,60000.0,status=fail; banner=60000.0; parsed_body=0.0. Banner checks are advisory; review against the source before treating this as a parser defect.,118sdoc13|banner_check_discrepancy|305|NATL SECURITY WORKING GRP-MIN CO- CHAIR (FISCHER)|2024|BANNER ORGANIZATION TOTALS|60000.0
warning,banner_check_missing,118sdoc13,GPO-CDOC-118sdoc13.pdf,306,NATL SECURITY WORKING GRP-MAJ CO- CHAIR (GARDNER),2020,BANNER NET PAYROLL,0.0,status=banner_missing; banner=0.0; parsed_body=0.0. Banner checks are advisory; review against the source before treating this as a parser defect.,118sdoc13|banner_check_missing|306|NATL SECURITY WORKING GRP-MAJ CO- CHAIR (GARDNER)|2020|BANNER NET PAYROLL|0.0
warning,banner_check_missing,118sdoc13,GPO-CDOC-118sdoc13.pdf,307,NATL SECURITY WORKING GRP-MAJ CO- CHAIR (SASSE),2020,BANNER NET PAYROLL,0.0,status=banner_missing; banner=0.0; parsed_body=0.0. Banner checks are advisory; review against the source before treating this as a parser defect.,118sdoc13|banner_check_missing|307|NATL SECURITY WORKING GRP-MAJ CO- CHAIR (SASSE)|2020|BANNER NET PAYROLL|0.0
warning,banner_check_missing,118sdoc13,GPO-CDOC-118sdoc13.pdf,308,NATL SECURITY WORKING GRP-MIN CO- CHAIR (SASSE),2021,BANNER NET PAYROLL,0.0,status=banner_missing; banner=0.0; parsed_body=0.0. Banner checks are advisory; review against the source before treating this as a parser defect.,118sdoc13|banner_check_missing|308|NATL SECURITY WORKING GRP-MIN CO- CHAIR (SASSE)|2021|BANNER NET PAYROLL|0.0
warning,banner_check_missing,118sdoc13,GPO-CDOC-118sdoc13.pdf,309,NATL SECURITY WORKING GRP-MIN CO- CHAIR (SASSE),2022,BANNER NET PAYROLL,0.0,status=banner_missing; banner=0.0; parsed_body=0.0. Banner checks are advisory; review against the source before treating this as a parser defect.,118sdoc13|banner_check_missing|309|NATL SECURITY WORKING GRP-MIN CO- CHAIR (SASSE)|2022|BANNER NET PAYROLL|0.0
warning,banner_check_missing,118sdoc13,GPO-CDOC-118sdoc13.pdf,311,NATL SECURITY WORKING GRP-MIN CO- CHAIR (LANKFORD),2024,BANNER NET PAYROLL,60000.0,status=banner_missing; banner=60000.0; parsed_body=0.0. Banner checks are advisory; review against the source before treating this as a parser defect.,118sdoc13|banner_check_missing|311|NATL SECURITY WORKING GRP-MIN CO- CHAIR (LANKFORD)|2024|BANNER NET PAYROLL|60000.0
warning,banner_check_discrepancy,118sdoc13,GPO-CDOC-118sdoc13.pdf,311,NATL SECURITY WORKING GRP-MIN CO- CHAIR (LANKFORD),2024,BANNER ORGANIZATION TOTALS,60000.0,status=fail; banner=60000.0; parsed_body=0.0. Banner checks are advisory; review against the source before treating this as a parser defect.,118sdoc13|banner_check_discrepancy|311|NATL SECURITY WORKING GRP-MIN CO- CHAIR (LANKFORD)|2024|BANNER ORGANIZATION TOTALS|60000.0
warning,banner_check_discrepancy,118sdoc13,GPO-CDOC-118sdoc13.pdf,321,STATIONERY,2024,BANNER ORGANIZATION TOTALS,6174.06,status=fail; banner=6174.06; parsed_body=0.0. Banner checks are advisory; review against the source before treating this as a parser defect.,118sdoc13|banner_check_discrepancy|321|STATIONERY|2024|BANNER ORGANIZATION TOTALS|6174.06
warning,banner_check_missing,118sdoc13,GPO-CDOC-118sdoc13.pdf,322,MISC ITEMS - STUDENT LOANS,2020,BANNER NET PAYROLL,0.0,status=banner_missing; banner=0.0; parsed_body=0.0. Banner checks are advisory; review against the source before treating this as a parser defect.,118sdoc13|banner_check_missing|322|MISC ITEMS - STUDENT LOANS|2020|BANNER NET PAYROLL|0.0
warning,banner_check_missing,118sdoc13,GPO-CDOC-118sdoc13.pdf,323,MISC ITEMS - STUDENT LOANS,2021,BANNER NET PAYROLL,0.0,status=banner_missing; banner=0.0; parsed_body=0.0. Banner checks are advisory; review against the source before treating this as a parser defect.,118sdoc13|banner_check_missing|323|MISC ITEMS - STUDENT LOANS|2021|BANNER NET PAYROLL|0.0
warning,banner_check_missing,118sdoc13,GPO-CDOC-118sdoc13.pdf,324,MISC ITEMS - STUDENT LOANS,2022,BANNER NET PAYROLL,0.0,status=banner_missing; banner=0.0; parsed_body=0.0. Banner checks are advisory; review against the source before treating this as a parser defect.,118sdoc13|banner_check_missing|324|MISC ITEMS - STUDENT LOANS|2022|BANNER NET PAYROLL|0.0
warning,banner_check_missing,118sdoc13,GPO-CDOC-118sdoc13.pdf,325,MISC ITEMS - STUDENT LOANS,2023,BANNER NET PAYROLL,0.0,status=banner_missing; banner=0.0; parsed_body=0.0. Banner checks are advisory; review against the source before treating this as a parser defect.,118sdoc13|banner_check_missing|325|MISC ITEMS - STUDENT LOANS|2023|BANNER NET PAYROLL|0.0
warning,banner_check_missing,118sdoc13,GPO-CDOC-118sdoc13.pdf,327,CARES ACT EMERG. APPROP. P.L. 116-136,,BANNER NET PAYROLL,0.0,status=banner_missing; banner=0.0; parsed_body=0.0. Banner checks are advisory; review against the source before treating this as a parser defect.,118sdoc13|banner_check_missing|327|CARES ACT EMERG. APPROP. P.L. 116-136||BANNER NET PAYROLL|0.0
warning,banner_check_missing,118sdoc13,GPO-CDOC-118sdoc13.pdf,328,EMERGENCY APPROPRIATION PUBLIC LAW 109-13,,BANNER NET PAYROLL,298010.99,status=banner_missing; banner=298010.99; parsed_body=0.0. Banner checks are advisory; review against the source before treating this as a parser defect.,118sdoc13|banner_check_missing|328|EMERGENCY APPROPRIATION PUBLIC LAW 109-13||BANNER NET PAYROLL|298010.99
warning,banner_check_discrepancy,118sdoc13,GPO-CDOC-118sdoc13.pdf,328,EMERGENCY APPROPRIATION PUBLIC LAW 109-13,,BANNER ORGANIZATION TOTALS,247357.91,status=fail; banner=247357.91; parsed_body=0.0. Banner checks are advisory; review against the source before treating this as a parser defect.,118sdoc13|banner_check_discrepancy|328|EMERGENCY APPROPRIATION PUBLIC LAW 109-13||BANNER ORGANIZATION TOTALS|247357.91
warning,banner_check_discrepancy,118sdoc13,GPO-CDOC-118sdoc13.pdf,334,SECRETARY - SENATE INFORMATION SERVICES (SIS),2023,BANNER ORGANIZATION TOTALS,889712.67,status=fail; banner=889712.67; parsed_body=0.0. Banner checks are advisory; review against the source before treating this as a parser defect.,118sdoc13|banner_check_discrepancy|334|SECRETARY - SENATE INFORMATION SERVICES (SIS)|2023|BANNER ORGANIZATION TOTALS|889712.67
warning,banner_check_discrepancy,118sdoc13,GPO-CDOC-118sdoc13.pdf,335,SECRETARY - SENATE INFORMATION SERVICES (SIS),2024,BANNER ORGANIZATION TOTALS,2357852.66,status=fail; banner=2357852.66; parsed_body=0.0. Banner checks are advisory; review against the source before treating this as a parser defect.,118sdoc13|banner_check_discrepancy|335|SECRETARY - SENATE INFORMATION SERVICES (SIS)|2024|BANNER ORGANIZATION TOTALS|2357852.66
warning,banner_check_missing,118sdoc13,GPO-CDOC-118sdoc13.pdf,336,SECRETARY OF THE SENATE,2018,BANNER NET PAYROLL,0.0,status=banner_missing; banner=0.0; parsed_body=0.0. Banner checks are advisory; review against the source before treating this as a parser defect.,118sdoc13|banner_check_missing|336|SECRETARY OF THE SENATE|2018|BANNER NET PAYROLL|0.0
warning,banner_check_missing,118sdoc13,GPO-CDOC-118sdoc13.pdf,337,SECRETARY OF THE SENATE,2019,BANNER NET PAYROLL,0.0,status=banner_missing; banner=0.0; parsed_body=0.0. Banner checks are advisory; review against the source before treating this as a parser defect.,118sdoc13|banner_check_missing|337|SECRETARY OF THE SENATE|2019|BANNER NET PAYROLL|0.0
warning,banner_check_missing,118sdoc13,GPO-CDOC-118sdoc13.pdf,338,SECRETARY OF THE SENATE,2020,BANNER NET PAYROLL,0.0,status=banner_missing; banner=0.0; parsed_body=0.0. Banner checks are advisory; review against the source before treating this as a parser defect.,118sdoc13|banner_check_missing|338|SECRETARY OF THE SENATE|2020|BANNER NET PAYROLL|0.0
warning,banner_check_discrepancy,118sdoc13,GPO-CDOC-118sdoc13.pdf,338,SECRETARY OF THE SENATE,2020,BANNER ORGANIZATION TOTALS,251554.77,status=fail; banner=251554.77; parsed_body=251522.62. Banner checks are advisory; review against the source before treating this as a parser defect.,118sdoc13|banner_check_discrepancy|338|SECRETARY OF THE SENATE|2020|BANNER ORGANIZATION TOTALS|251554.77
warning,banner_check_missing,118sdoc13,GPO-CDOC-118sdoc13.pdf,339,SECRETARY OF THE SENATE,2021,BANNER NET PAYROLL,0.0,status=banner_missing; banner=0.0; parsed_body=0.0. Banner checks are advisory; review against the source before treating this as a parser defect.,118sdoc13|banner_check_missing|339|SECRETARY OF THE SENATE|2021|BANNER NET PAYROLL|0.0
warning,banner_check_discrepancy,118sdoc13,GPO-CDOC-118sdoc13.pdf,339,SECRETARY OF THE SENATE,2021,BANNER ORGANIZATION TOTALS,6106.43,status=fail; banner=6106.43; parsed_body=3058.1. Banner checks are advisory; review against the source before treating this as a parser defect.,118sdoc13|banner_check_discrepancy|339|SECRETARY OF THE SENATE|2021|BANNER ORGANIZATION TOTALS|6106.43
warning,banner_check_missing,118sdoc13,GPO-CDOC-118sdoc13.pdf,340,SECRETARY OF THE SENATE,2022,BANNER NET PAYROLL,0.0,status=banner_missing; banner=0.0; parsed_body=0.0. Banner checks are advisory; review against the source before treating this as a parser defect.,118sdoc13|banner_check_missing|340|SECRETARY OF THE SENATE|2022|BANNER NET PAYROLL|0.0
warning,banner_check_discrepancy,118sdoc13,GPO-CDOC-118sdoc13.pdf,340,SECRETARY OF THE SENATE,2022,BANNER ORGANIZATION TOTALS,6795.73,status=fail; banner=6795.73; parsed_body=0.0. Banner checks are advisory; review against the source before treating this as a parser defect.,118sdoc13|banner_check_discrepancy|340|SECRETARY OF THE SENATE|2022|BANNER ORGANIZATION TOTALS|6795.73
warning,banner_check_missing,118sdoc13,GPO-CDOC-118sdoc13.pdf,341,SECRETARY OF THE SENATE,2023,BANNER NET PAYROLL,0.0,status=banner_missing; banner=0.0; parsed_body=0.0. Banner checks are advisory; review against the source before treating this as a parser defect.,118sdoc13|banner_check_missing|341|SECRETARY OF THE SENATE|2023|BANNER NET PAYROLL|0.0
warning,banner_check_discrepancy,118sdoc13,GPO-CDOC-118sdoc13.pdf,341,SECRETARY OF THE SENATE,2023,BANNER ORGANIZATION TOTALS,189624.64,status=fail; banner=189624.64; parsed_body=116616.86. Banner checks are advisory; review against the source before treating this as a parser defect.,118sdoc13|banner_check_discrepancy|341|SECRETARY OF THE SENATE|2023|BANNER ORGANIZATION TOTALS|189624.64
warning,banner_check_discrepancy,118sdoc13,GPO-CDOC-118sdoc13.pdf,342,SECRETARY OF THE SENATE,2024,BANNER ORGANIZATION TOTALS,317487.76,status=fail; banner=317487.76; parsed_body=217776.3. Banner checks are advisory; review against the source before treating this as a parser defect.,118sdoc13|banner_check_discrepancy|342|SECRETARY OF THE SENATE|2024|BANNER ORGANIZATION TOTALS|317487.76
warning,banner_check_discrepancy,118sdoc13,GPO-CDOC-118sdoc13.pdf,351,SECRETARY OF THE SENATE - (LIS PROJECT),,BANNER ORGANIZATION TOTALS,35.0,status=fail; banner=35.0; parsed_body=0.0. Banner checks are advisory; review against the source before treating this as a parser defect.,118sdoc13|banner_check_discrepancy|351|SECRETARY OF THE SENATE - (LIS PROJECT)||BANNER ORGANIZATION TOTALS|35.0
warning,banner_check_discrepancy,118sdoc13,GPO-CDOC-118sdoc13.pdf,352,SECRETARY - EMRGCY APPROPS FOR TERR RESPONSE,,BANNER ORGANIZATION TOTALS,3309.3,status=fail; banner=3309.3; parsed_body=0.0. Banner checks are advisory; review against the source before treating this as a parser defect.,118sdoc13|banner_check_discrepancy|352|SECRETARY - EMRGCY APPROPS FOR TERR RESPONSE||BANNER ORGANIZATION TOTALS|3309.3
warning,banner_check_discrepancy,118sdoc13,GPO-CDOC-118sdoc13.pdf,354,SECRETARY - SENATE COLLECTION,,BANNER ORGANIZATION TOTALS,288306.0,status=fail; banner=288306.0; parsed_body=212969.0. Banner checks are advisory; review against the source before treating this as a parser defect.,118sdoc13|banner_check_discrepancy|354|SECRETARY - SENATE COLLECTION||BANNER ORGANIZATION TOTALS|288306.0
warning,banner_check_missing,118sdoc13,GPO-CDOC-118sdoc13.pdf,356,SERGEANT AT ARMS AND DOORKEEPER OF THE SENATE,2018,BANNER NET PAYROLL,0.0,status=banner_missing; banner=0.0; parsed_body=0.0. Banner checks are advisory; review against the source before treating this as a parser defect.,118sdoc13|banner_check_missing|356|SERGEANT AT ARMS AND DOORKEEPER OF THE SENATE|2018|BANNER NET PAYROLL|0.0
warning,banner_check_missing,118sdoc13,GPO-CDOC-118sdoc13.pdf,357,SERGEANT AT ARMS AND DOORKEEPER OF THE SENATE,2019,BANNER NET PAYROLL,0.0,status=banner_missing; banner=0.0; parsed_body=0.0. Banner checks are advisory; review against the source before treating this as a parser defect.,118sdoc13|banner_check_missing|357|SERGEANT AT ARMS AND DOORKEEPER OF THE SENATE|2019|BANNER NET PAYROLL|0.0
warning,banner_check_discrepancy,118sdoc13,GPO-CDOC-118sdoc13.pdf,357,SERGEANT AT ARMS AND DOORKEEPER OF THE SENATE,2019,BANNER ORGANIZATION TOTALS,383710.66,status=fail; banner=383710.66; parsed_body=366782.6. Banner checks are advisory; review against the source before treating this as a parser defect.,118sdoc13|banner_check_discrepancy|357|SERGEANT AT ARMS AND DOORKEEPER OF THE SENATE|2019|BANNER ORGANIZATION TOTALS|383710.66
warning,banner_check_missing,118sdoc13,GPO-CDOC-118sdoc13.pdf,358,SERGEANT AT ARMS AND DOORKEEPER OF THE SENATE,2020,BANNER NET PAYROLL,8442.63,status=banner_missing; banner=8442.63; parsed_body=0.0. Banner checks are advisory; review against the source before treating this as a parser defect.,118sdoc13|banner_check_missing|358|SERGEANT AT ARMS AND DOORKEEPER OF THE SENATE|2020|BANNER NET PAYROLL|8442.63
warning,banner_check_discrepancy,118sdoc13,GPO-CDOC-118sdoc13.pdf,358,SERGEANT AT ARMS AND DOORKEEPER OF THE SENATE,2020,BANNER ORGANIZATION TOTALS,8115069.55,status=fail; banner=8115069.55; parsed_body=8090244.11. Banner checks are advisory; review against the source before treating this as a parser defect.,118sdoc13|banner_check_discrepancy|358|SERGEANT AT ARMS AND DOORKEEPER OF THE SENATE|2020|BANNER ORGANIZATION TOTALS|8115069.55
warning,banner_check_missing,118sdoc13,GPO-CDOC-118sdoc13.pdf,361,SERGEANT AT ARMS AND DOORKEEPER OF THE SENATE,2021,BANNER NET PAYROLL,4537.4,status=banner_missing; banner=4537.4; parsed_body=0.0. Banner checks are advisory; review against the source before treating this as a parser defect.,118sdoc13|banner_check_missing|361|SERGEANT AT ARMS AND DOORKEEPER OF THE SENATE|2021|BANNER NET PAYROLL|4537.4
warning,banner_check_discrepancy,118sdoc13,GPO-CDOC-118sdoc13.pdf,361,SERGEANT AT ARMS AND DOORKEEPER OF THE SENATE,2021,BANNER ORGANIZATION TOTALS,1944984.59,status=fail; banner=1944984.59; parsed_body=1919459.53. Banner checks are advisory; review against the source before treating this as a parser defect.,118sdoc13|banner_check_discrepancy|361|SERGEANT AT ARMS AND DOORKEEPER OF THE SENATE|2021|BANNER ORGANIZATION TOTALS|1944984.59
warning,banner_check_missing,118sdoc13,GPO-CDOC-118sdoc13.pdf,366,SERGEANT AT ARMS AND DOORKEEPER OF THE SENATE,2022,BANNER NET PAYROLL,0.0,status=banner_missing; banner=0.0; parsed_body=0.0. Banner checks are advisory; review against the source before treating this as a parser defect.,118sdoc13|banner_check_missing|366|SERGEANT AT ARMS AND DOORKEEPER OF THE SENATE|2022|BANNER NET PAYROLL|0.0
warning,banner_check_discrepancy,118sdoc13,GPO-CDOC-118sdoc13.pdf,366,SERGEANT AT ARMS AND DOORKEEPER OF THE SENATE,2022,BANNER ORGANIZATION TOTALS,3275322.1,status=fail; banner=3275322.1; parsed_body=2486564.19. Banner checks are advisory; review against the source before treating this as a parser defect.,118sdoc13|banner_check_discrepancy|366|SERGEANT AT ARMS AND DOORKEEPER OF THE SENATE|2022|BANNER ORGANIZATION TOTALS|3275322.1
warning,banner_check_discrepancy,118sdoc13,GPO-CDOC-118sdoc13.pdf,373,SERGEANT AT ARMS AND DOORKEEPER OF THE SENATE,2023,BANNER NET PAYROLL,110231.15,status=fail; banner=110231.15; parsed_body=115857.15. Banner checks are advisory; review against the source before treating this as a parser defect.,118sdoc13|banner_check_discrepancy|373|SERGEANT AT ARMS AND DOORKEEPER OF THE SENATE|2023|BANNER NET PAYROLL|110231.15
warning,banner_check_discrepancy,118sdoc13,GPO-CDOC-118sdoc13.pdf,373,SERGEANT AT ARMS AND DOORKEEPER OF THE SENATE,2023,BANNER ORGANIZATION TOTALS,9132756.02,status=fail; banner=9132756.02; parsed_body=6778835.18. Banner checks are advisory; review against the source before treating this as a parser defect.,118sdoc13|banner_check_discrepancy|373|SERGEANT AT ARMS AND DOORKEEPER OF THE SENATE|2023|BANNER ORGANIZATION TOTALS|9132756.02
warning,banner_check_discrepancy,118sdoc13,GPO-CDOC-118sdoc13.pdf,392,SERGEANT AT ARMS AND DOORKEEPER OF THE SENATE,2024,BANNER NET PAYROLL,365071.31,status=fail; banner=365071.31; parsed_body=7797.26. Banner checks are advisory; review against the source before treating this as a parser defect.,118sdoc13|banner_check_discrepancy|392|SERGEANT AT ARMS AND DOORKEEPER OF THE SENATE|2024|BANNER NET PAYROLL|365071.31
warning,banner_check_discrepancy,118sdoc13,GPO-CDOC-118sdoc13.pdf,392,SERGEANT AT ARMS AND DOORKEEPER OF THE SENATE,2024,BANNER ORGANIZATION TOTALS,42456092.13,status=fail; banner=42456092.13; parsed_body=29921967.81. Banner checks are advisory; review against the source before treating this as a parser defect.,118sdoc13|banner_check_discrepancy|392|SERGEANT AT ARMS AND DOORKEEPER OF THE SENATE|2024|BANNER ORGANIZATION TOTALS|42456092.13
warning,banner_check_discrepancy,118sdoc13,GPO-CDOC-118sdoc13.pdf,477,SGT @ ARMS - PROTECTIVE SERVICES AND CONTINUITY,,BANNER ORGANIZATION TOTALS,1137312.41,status=fail; banner=1137312.41; parsed_body=1136612.41. Banner checks are advisory; review against the source before treating this as a parser defect.,118sdoc13|banner_check_discrepancy|477|SGT @ ARMS - PROTECTIVE SERVICES AND CONTINUITY||BANNER ORGANIZATION TOTALS|1137312.41
warning,banner_check_discrepancy,118sdoc13,GPO-CDOC-118sdoc13.pdf,480,SAA - SENATE HEARING ROOM AUDIOVISUAL EQUIPMENT,,BANNER ORGANIZATION TOTALS,2004993.59,status=fail; banner=2004993.59; parsed_body=1975214.93. Banner checks are advisory; review against the source before treating this as a parser defect.,118sdoc13|banner_check_discrepancy|480|SAA - SENATE HEARING ROOM AUDIOVISUAL EQUIPMENT||BANNER ORGANIZATION TOTALS|2004993.59
warning,banner_check_missing,118sdoc13,GPO-CDOC-118sdoc13.pdf,482,SAA - SMI PROJECT,,BANNER NET PAYROLL,0.0,status=banner_missing; banner=0.0; parsed_body=0.0. Banner checks are advisory; review against the source before treating this as a parser defect.,118sdoc13|banner_check_missing|482|SAA - SMI PROJECT||BANNER NET PAYROLL|0.0
warning,banner_check_missing,118sdoc13,GPO-CDOC-118sdoc13.pdf,483,CAUCUS - INTERNATIONAL NARCOTICS CONTROL,2022,BANNER NET PAYROLL,0.0,status=banner_missing; banner=0.0; parsed_body=0.0. Banner checks are advisory; review against the source before treating this as a parser defect.,118sdoc13|banner_check_missing|483|CAUCUS - INTERNATIONAL NARCOTICS CONTROL|2022|BANNER NET PAYROLL|0.0
warning,banner_check_missing,118sdoc13,GPO-CDOC-118sdoc13.pdf,484,CAUCUS - INTERNATIONAL NARCOTICS CONTROL,2023,BANNER NET PAYROLL,0.0,status=banner_missing; banner=0.0; parsed_body=0.0. Banner checks are advisory; review against the source before treating this as a parser defect.,118sdoc13|banner_check_missing|484|CAUCUS - INTERNATIONAL NARCOTICS CONTROL|2023|BANNER NET PAYROLL|0.0
warning,banner_check_discrepancy,118sdoc13,GPO-CDOC-118sdoc13.pdf,485,CAUCUS - INTERNATIONAL NARCOTICS CONTROL,2024,BANNER ORGANIZATION TOTALS,265530.96,status=fail; banner=265530.96; parsed_body=264795.71. Banner checks are advisory; review against the source before treating this as a parser defect.,118sdoc13|banner_check_discrepancy|485|CAUCUS - INTERNATIONAL NARCOTICS CONTROL|2024|BANNER ORGANIZATION TOTALS|265530.96
warning,banner_check_missing,118sdoc13,GPO-CDOC-118sdoc13.pdf,486,SENATOR TAMMY BALDWIN,2022,BANNER NET PAYROLL,0.0,status=banner_missing; banner=0.0; parsed_body=0.0. Banner checks are advisory; review against the source before treating this as a parser defect.,118sdoc13|banner_check_missing|486|SENATOR TAMMY BALDWIN|2022|BANNER NET PAYROLL|0.0
warning,banner_check_missing,118sdoc13,GPO-CDOC-118sdoc13.pdf,487,INTERN COMPENSATION - BALDWIN,2022,BANNER NET PAYROLL,0.0,status=banner_missing; banner=0.0; parsed_body=0.0. Banner checks are advisory; review against the source before treating this as a parser defect.,118sdoc13|banner_check_missing|487|INTERN COMPENSATION - BALDWIN|2022|BANNER NET PAYROLL|0.0
warning,banner_check_missing,118sdoc13,GPO-CDOC-118sdoc13.pdf,488,SENATOR TAMMY BALDWIN,2023,BANNER NET PAYROLL,0.0,status=banner_missing; banner=0.0; parsed_body=0.0. Banner checks are advisory; review against the source before treating this as a parser defect.,118sdoc13|banner_check_missing|488|SENATOR TAMMY BALDWIN|2023|BANNER NET PAYROLL|0.0
warning,banner_check_missing,118sdoc13,GPO-CDOC-118sdoc13.pdf,489,INTERN COMPENSATION - BALDWIN,2023,BANNER NET PAYROLL,0.0,status=banner_missing; banner=0.0; parsed_body=0.0. Banner checks are advisory; review against the source before treating this as a parser defect.,118sdoc13|banner_check_missing|489|INTERN COMPENSATION - BALDWIN|2023|BANNER NET PAYROLL|0.0
warning,banner_check_discrepancy,118sdoc13,GPO-CDOC-118sdoc13.pdf,490,SENATOR TAMMY BALDWIN,2024,BANNER ORGANIZATION TOTALS,2198623.08,status=fail; banner=2198623.08; parsed_body=2155233.64. Banner checks are advisory; review against the source before treating this as a parser defect.,118sdoc13|banner_check_discrepancy|490|SENATOR TAMMY BALDWIN|2024|BANNER ORGANIZATION TOTALS|2198623.08
warning,banner_check_missing,118sdoc13,GPO-CDOC-118sdoc13.pdf,504,SENATOR JOHN BARRASSO,2022,BANNER NET PAYROLL,0.0,status=banner_missing; banner=0.0; parsed_body=0.0. Banner checks are advisory; review against the source before treating this as a parser defect.,118sdoc13|banner_check_missing|504|SENATOR JOHN BARRASSO|2022|BANNER NET PAYROLL|0.0
warning,banner_check_missing,118sdoc13,GPO-CDOC-118sdoc13.pdf,505,INTERN COMPENSATION - BARRASSO,2022,BANNER NET PAYROLL,0.0,status=banner_missing; banner=0.0; parsed_body=0.0. Banner checks are advisory; review against the source before treating this as a parser defect.,118sdoc13|banner_check_missing|505|INTERN COMPENSATION - BARRASSO|2022|BANNER NET PAYROLL|0.0
warning,banner_check_missing,118sdoc13,GPO-CDOC-118sdoc13.pdf,506,SENATOR JOHN BARRASSO,2023,BANNER NET PAYROLL,0.0,status=banner_missing; banner=0.0; parsed_body=0.0. Banner checks are advisory; review against the source before treating this as a parser defect.,118sdoc13|banner_check_missing|506|SENATOR JOHN BARRASSO|2023|BANNER NET PAYROLL|0.0
warning,banner_check_discrepancy,118sdoc13,GPO-CDOC-118sdoc13.pdf,506,SENATOR JOHN BARRASSO,2023,BANNER ORGANIZATION TOTALS,106.03,status=fail; banner=106.03; parsed_body=0.0. Banner checks are advisory; review against the source before treating this as a parser defect.,118sdoc13|banner_check_discrepancy|506|SENATOR JOHN BARRASSO|2023|BANNER ORGANIZATION TOTALS|106.03
warning,banner_check_missing,118sdoc13,GPO-CDOC-118sdoc13.pdf,507,INTERN COMPENSATION - BARRASSO,2023,BANNER NET PAYROLL,0.0,status=banner_missing; banner=0.0; parsed_body=0.0. Banner checks are advisory; review against the source before treating this as a parser defect.,118sdoc13|banner_check_missing|507|INTERN COMPENSATION - BARRASSO|2023|BANNER NET PAYROLL|0.0
warning,banner_check_discrepancy,118sdoc13,GPO-CDOC-118sdoc13.pdf,508,SENATOR JOHN BARRASSO,2024,BANNER ORGANIZATION TOTALS,1791632.32,status=fail; banner=1791632.32; parsed_body=1720017.79. Banner checks are advisory; review against the source before treating this as a parser defect.,118sdoc13|banner_check_discrepancy|508|SENATOR JOHN BARRASSO|2024|BANNER ORGANIZATION TOTALS|1791632.32
warning,banner_check_missing,118sdoc13,GPO-CDOC-118sdoc13.pdf,524,SENATOR MICHAEL BENNET,2022,BANNER NET PAYROLL,1880.29,status=banner_missing; banner=1880.29; parsed_body=0.0. Banner checks are advisory; review against the source before treating this as a parser defect.,118sdoc13|banner_check_missing|524|SENATOR MICHAEL BENNET|2022|BANNER NET PAYROLL|1880.29
warning,banner_check_missing,118sdoc13,GPO-CDOC-118sdoc13.pdf,525,INTERN COMPENSATION - BENNET,2022,BANNER NET PAYROLL,0.0,status=banner_missing; banner=0.0; parsed_body=0.0. Banner checks are advisory; review against the source before treating this as a parser defect.,118sdoc13|banner_check_missing|525|INTERN COMPENSATION - BENNET|2022|BANNER NET PAYROLL|0.0
warning,banner_check_missing,118sdoc13,GPO-CDOC-118sdoc13.pdf,526,SENATOR MICHAEL BENNET,2023,BANNER NET PAYROLL,0.0,status=banner_missing; banner=0.0; parsed_body=0.0. Banner checks are advisory; review against the source before treating this as a parser defect.,118sdoc13|banner_check_missing|526|SENATOR MICHAEL BENNET|2023|BANNER NET PAYROLL|0.0
warning,banner_check_missing,118sdoc13,GPO-CDOC-118sdoc13.pdf,527,INTERN COMPENSATION - BENNET,2023,BANNER NET PAYROLL,0.0,status=banner_missing; banner=0.0; parsed_body=0.0. Banner checks are advisory; review against the source before treating this as a parser defect.,118sdoc13|banner_check_missing|527|INTERN COMPENSATION - BENNET|2023|BANNER NET PAYROLL|0.0
warning,banner_check_discrepancy,118sdoc13,GPO-CDOC-118sdoc13.pdf,528,SENATOR MICHAEL BENNET,2024,BANNER ORGANIZATION TOTALS,2141564.98,status=fail; banner=2141564.98; parsed_body=2099074.41. Banner checks are advisory; review against the source before treating this as a parser defect.,118sdoc13|banner_check_discrepancy|528|SENATOR MICHAEL BENNET|2024|BANNER ORGANIZATION TOTALS|2141564.98
warning,banner_check_missing,118sdoc13,GPO-CDOC-118sdoc13.pdf,543,SENATOR MARSHA BLACKBURN,2022,BANNER NET PAYROLL,0.0,status=banner_missing; banner=0.0; parsed_body=0.0. Banner checks are advisory; review against the source before treating this as a parser defect.,118sdoc13|banner_check_missing|543|SENATOR MARSHA BLACKBURN|2022|BANNER NET PAYROLL|0.0
warning,banner_check_missing,118sdoc13,GPO-CDOC-118sdoc13.pdf,544,INTERN COMPENSATION - BLACKBURN,2022,BANNER NET PAYROLL,0.0,status=banner_missing; banner=0.0; parsed_body=0.0. Banner checks are advisory; review against the source before treating this as a parser defect.,118sdoc13|banner_check_missing|544|INTERN COMPENSATION - BLACKBURN|2022|BANNER NET PAYROLL|0.0
warning,banner_check_missing,118sdoc13,GPO-CDOC-118sdoc13.pdf,545,SENATOR MARSHA BLACKBURN,2023,BANNER NET PAYROLL,0.0,status=banner_missing; banner=0.0; parsed_body=0.0. Banner checks are advisory; review against the source before treating this as a parser defect.,118sdoc13|banner_check_missing|545|SENATOR MARSHA BLACKBURN|2023|BANNER NET PAYROLL|0.0
warning,banner_check_discrepancy,118sdoc13,GPO-CDOC-118sdoc13.pdf,545,SENATOR MARSHA BLACKBURN,2023,BANNER ORGANIZATION TOTALS,54.16,status=fail; banner=54.16; parsed_body=0.0. Banner checks are advisory; review against the source before treating this as a parser defect.,118sdoc13|banner_check_discrepancy|545|SENATOR MARSHA BLACKBURN|2023|BANNER ORGANIZATION TOTALS|54.16
warning,banner_check_missing,118sdoc13,GPO-CDOC-118sdoc13.pdf,546,INTERN COMPENSATION - BLACKBURN,2023,BANNER NET PAYROLL,0.0,status=banner_missing; banner=0.0; parsed_body=0.0. Banner checks are advisory; review against the source before treating this as a parser defect.,118sdoc13|banner_check_missing|546|INTERN COMPENSATION - BLACKBURN|2023|BANNER NET PAYROLL|0.0
warning,banner_check_discrepancy,118sdoc13,GPO-CDOC-118sdoc13.pdf,547,SENATOR MARSHA BLACKBURN,2024,BANNER ORGANIZATION TOTALS,2361250.78,status=fail; banner=2361250.78; parsed_body=2254205.95. Banner checks are advisory; review against the source before treating this as a parser defect.,118sdoc13|banner_check_discrepancy|547|SENATOR MARSHA BLACKBURN|2024|BANNER ORGANIZATION TOTALS|2361250.78
warning,banner_check_discrepancy,118sdoc13,GPO-CDOC-118sdoc13.pdf,596,INTERN COMPENSATION - BLACKBURN,2024,BANNER ORGANIZATION TOTALS,24745.43,status=fail; banner=24745.43; parsed_body=24774.31. Banner checks are advisory; review against the source before treating this as a parser defect.,118sdoc13|banner_check_discrepancy|596|INTERN COMPENSATION - BLACKBURN|2024|BANNER ORGANIZATION TOTALS|24745.43
warning,banner_check_missing,118sdoc13,GPO-CDOC-118sdoc13.pdf,597,SENATOR RICHARD BLUMENTHAL,2022,BANNER NET PAYROLL,24231.36,status=banner_missing; banner=24231.36; parsed_body=0.0. Banner checks are advisory; review against the source before treating this as a parser defect.,118sdoc13|banner_check_missing|597|SENATOR RICHARD BLUMENTHAL|2022|BANNER NET PAYROLL|24231.36
warning,banner_check_missing,118sdoc13,GPO-CDOC-118sdoc13.pdf,603,INTERN COMPENSATION - BLUMENTHAL,2022,BANNER NET PAYROLL,0.0,status=banner_missing; banner=0.0; parsed_body=0.0. Banner checks are advisory; review against the source before treating this as a parser defect.,118sdoc13|banner_check_missing|603|INTERN COMPENSATION - BLUMENTHAL|2022|BANNER NET PAYROLL|0.0
warning,banner_check_missing,118sdoc13,GPO-CDOC-118sdoc13.pdf,604,SENATOR RICHARD BLUMENTHAL,2023,BANNER NET PAYROLL,0.0,status=banner_missing; banner=0.0; parsed_body=0.0. Banner checks are advisory; review against the source before treating this as a parser defect.,118sdoc13|banner_check_missing|604|SENATOR RICHARD BLUMENTHAL|2023|BANNER NET PAYROLL|0.0
warning,banner_check_discrepancy,118sdoc13,GPO-CDOC-118sdoc13.pdf,604,SENATOR RICHARD BLUMENTHAL,2023,BANNER ORGANIZATION TOTALS,6588.0,status=fail; banner=6588.0; parsed_body=0.0. Banner checks are advisory; review against the source before treating this as a parser defect.,118sdoc13|banner_check_discrepancy|604|SENATOR RICHARD BLUMENTHAL|2023|BANNER ORGANIZATION TOTALS|6588.0
warning,banner_check_missing,118sdoc13,GPO-CDOC-118sdoc13.pdf,605,INTERN COMPENSATION - BLUMENTHAL,2023,BANNER NET PAYROLL,0.0,status=banner_missing; banner=0.0; parsed_body=0.0. Banner checks are advisory; review against the source before treating this as a parser defect.,118sdoc13|banner_check_missing|605|INTERN COMPENSATION - BLUMENTHAL|2023|BANNER NET PAYROLL|0.0
warning,banner_check_discrepancy,118sdoc13,GPO-CDOC-118sdoc13.pdf,606,SENATOR RICHARD BLUMENTHAL,2024,BANNER ORGANIZATION TOTALS,2163915.75,status=fail; banner=2163915.75; parsed_body=2110706.2. Banner checks are advisory; review against the source before treating this as a parser defect.,118sdoc13|banner_check_discrepancy|606|SENATOR RICHARD BLUMENTHAL|2024|BANNER ORGANIZATION TOTALS|2163915.75
warning,banner_check_missing,118sdoc13,GPO-CDOC-118sdoc13.pdf,617,SENATOR ROY BLUNT,2022,BANNER NET PAYROLL,0.0,status=banner_missing; banner=0.0; parsed_body=0.0. Banner checks are advisory; review against the source before treating this as a parser defect.,118sdoc13|banner_check_missing|617|SENATOR ROY BLUNT|2022|BANNER NET PAYROLL|0.0
warning,banner_check_missing,118sdoc13,GPO-CDOC-118sdoc13.pdf,618,INTERN COMPENSATION - BLUNT,2022,BANNER NET PAYROLL,0.0,status=banner_missing; banner=0.0; parsed_body=0.0. Banner checks are advisory; review against the source before treating this as a parser defect.,118sdoc13|banner_check_missing|618|INTERN COMPENSATION - BLUNT|2022|BANNER NET PAYROLL|0.0
warning,banner_check_missing,118sdoc13,GPO-CDOC-118sdoc13.pdf,619,SENATOR ROY BLUNT,2023,BANNER NET PAYROLL,0.0,status=banner_missing; banner=0.0; parsed_body=0.0. Banner checks are advisory; review against the source before treating this as a parser defect.,118sdoc13|banner_check_missing|619|SENATOR ROY BLUNT|2023|BANNER NET PAYROLL|0.0
warning,banner_check_discrepancy,118sdoc13,GPO-CDOC-118sdoc13.pdf,619,SENATOR ROY BLUNT,2023,BANNER ORGANIZATION TOTALS,1702.33,status=fail; banner=1702.33; parsed_body=0.0. Banner checks are advisory; review against the source before treating this as a parser defect.,118sdoc13|banner_check_discrepancy|619|SENATOR ROY BLUNT|2023|BANNER ORGANIZATION TOTALS|1702.33
warning,banner_check_missing,118sdoc13,GPO-CDOC-118sdoc13.pdf,620,INTERN COMPENSATION - BLUNT,2023,BANNER NET PAYROLL,0.0,status=banner_missing; banner=0.0; parsed_body=0.0. Banner checks are advisory; review against the source before treating this as a parser defect.,118sdoc13|banner_check_missing|620|INTERN COMPENSATION - BLUNT|2023|BANNER NET PAYROLL|0.0
warning,banner_check_missing,118sdoc13,GPO-CDOC-118sdoc13.pdf,621,SENATOR CORY BOOKER,2022,BANNER NET PAYROLL,226.42,status=banner_missing; banner=226.42; parsed_body=0.0. Banner checks are advisory; review against the source before treating this as a parser defect.,118sdoc13|banner_check_missing|621|SENATOR CORY BOOKER|2022|BANNER NET PAYROLL|226.42
warning,banner_check_missing,118sdoc13,GPO-CDOC-118sdoc13.pdf,622,INTERN COMPENSATION - BOOKER,2022,BANNER NET PAYROLL,0.0,status=banner_missing; banner=0.0; parsed_body=0.0. Banner checks are advisory; review against the source before treating this as a parser defect.,118sdoc13|banner_check_missing|622|INTERN COMPENSATION - BOOKER|2022|BANNER NET PAYROLL|0.0
warning,banner_check_discrepancy,118sdoc13,GPO-CDOC-118sdoc13.pdf,623,SENATOR CORY BOOKER,2023,BANNER ORGANIZATION TOTALS,126745.53,status=fail; banner=126745.53; parsed_body=59330.11. Banner checks are advisory; review against the source before treating this as a parser defect.,118sdoc13|banner_check_discrepancy|623|SENATOR CORY BOOKER|2023|BANNER ORGANIZATION TOTALS|126745.53
warning,banner_check_missing,118sdoc13,GPO-CDOC-118sdoc13.pdf,625,INTERN COMPENSATION - BOOKER,2023,BANNER NET PAYROLL,0.0,status=banner_missing; banner=0.0; parsed_body=0.0. Banner checks are advisory; review against the source before treating this as a parser defect.,118sdoc13|banner_check_missing|625|INTERN COMPENSATION - BOOKER|2023|BANNER NET PAYROLL|0.0
warning,banner_check_discrepancy,118sdoc13,GPO-CDOC-118sdoc13.pdf,626,SENATOR CORY BOOKER,2024,BANNER NET PAYROLL,2380052.54,status=fail; banner=2380052.54; parsed_body=2368752.86. Banner checks are advisory; review against the source before treating this as a parser defect.,118sdoc13|banner_check_discrepancy|626|SENATOR CORY BOOKER|2024|BANNER NET PAYROLL|2380052.54
warning,banner_check_discrepancy,118sdoc13,GPO-CDOC-118sdoc13.pdf,626,SENATOR CORY BOOKER,2024,BANNER ORGANIZATION TOTALS,2433662.41,status=fail; banner=2433662.41; parsed_body=2405749.3. Banner checks are advisory; review against the source before treating this as a parser defect.,118sdoc13|banner_check_discrepancy|626|SENATOR CORY BOOKER|2024|BANNER ORGANIZATION TOTALS|2433662.41
warning,banner_check_discrepancy,118sdoc13,GPO-CDOC-118sdoc13.pdf,634,INTERN COMPENSATION - BOOKER,2024,BANNER NET PAYROLL,44700.23,status=fail; banner=44700.23; parsed_body=55999.91. Banner checks are advisory; review against the source before treating this as a parser defect.,118sdoc13|banner_check_discrepancy|634|INTERN COMPENSATION - BOOKER|2024|BANNER NET PAYROLL|44700.23
warning,banner_check_discrepancy,118sdoc13,GPO-CDOC-118sdoc13.pdf,634,INTERN COMPENSATION - BOOKER,2024,BANNER ORGANIZATION TOTALS,44700.23,status=fail; banner=44700.23; parsed_body=57499.9. Banner checks are advisory; review against the source before treating this as a parser defect.,118sdoc13|banner_check_discrepancy|634|INTERN COMPENSATION - BOOKER|2024|BANNER ORGANIZATION TOTALS|44700.23
warning,banner_check_missing,118sdoc13,GPO-CDOC-118sdoc13.pdf,635,SENATOR JOHN BOOZMAN,2022,BANNER NET PAYROLL,0.0,status=banner_missing; banner=0.0; parsed_body=0.0. Banner checks are advisory; review against the source before treating this as a parser defect.,118sdoc13|banner_check_missing|635|SENATOR JOHN BOOZMAN|2022|BANNER NET PAYROLL|0.0
warning,banner_check_missing,118sdoc13,GPO-CDOC-118sdoc13.pdf,636,INTERN COMPENSATION - BOOZMAN,2022,BANNER NET PAYROLL,0.0,status=banner_missing; banner=0.0; parsed_body=0.0. Banner checks are advisory; review against the source before treating this as a parser defect.,118sdoc13|banner_check_missing|636|INTERN COMPENSATION - BOOZMAN|2022|BANNER NET PAYROLL|0.0
warning,banner_check_missing,118sdoc13,GPO-CDOC-118sdoc13.pdf,637,SENATOR JOHN BOOZMAN,2023,BANNER NET PAYROLL,0.0,status=banner_missing; banner=0.0; parsed_body=0.0. Banner checks are advisory; review against the source before treating this as a parser defect.,118sdoc13|banner_check_missing|637|SENATOR JOHN BOOZMAN|2023|BANNER NET PAYROLL|0.0
warning,banner_check_missing,118sdoc13,GPO-CDOC-118sdoc13.pdf,638,INTERN COMPENSATION - BOOZMAN,2023,BANNER NET PAYROLL,0.0,status=banner_missing; banner=0.0; parsed_body=0.0. Banner checks are advisory; review against the source before treating this as a parser defect.,118sdoc13|banner_check_missing|638|INTERN COMPENSATION - BOOZMAN|2023|BANNER NET PAYROLL|0.0
warning,banner_check_discrepancy,118sdoc13,GPO-CDOC-118sdoc13.pdf,639,SENATOR JOHN BOOZMAN,2024,BANNER ORGANIZATION TOTALS,1788036.84,status=fail; banner=1788036.84; parsed_body=1749751.59. Banner checks are advisory; review against the source before treating this as a parser defect.,118sdoc13|banner_check_discrepancy|639|SENATOR JOHN BOOZMAN|2024|BANNER ORGANIZATION TOTALS|1788036.84
warning,banner_check_missing,118sdoc13,GPO-CDOC-118sdoc13.pdf,659,SENATOR MIKE BRAUN,2022,BANNER NET PAYROLL,0.0,status=banner_missing; banner=0.0; parsed_body=0.0. Banner checks are advisory; review against the source before treating this as a parser defect.,118sdoc13|banner_check_missing|659|SENATOR MIKE BRAUN|2022|BANNER NET PAYROLL|0.0
warning,banner_check_missing,118sdoc13,GPO-CDOC-118sdoc13.pdf,660,INTERN COMPENSATION - BRAUN,2022,BANNER NET PAYROLL,0.0,status=banner_missing; banner=0.0; parsed_body=0.0. Banner checks are advisory; review against the source before treating this as a parser defect.,118sdoc13|banner_check_missing|660|INTERN COMPENSATION - BRAUN|2022|BANNER NET PAYROLL|0.0
warning,banner_check_missing,118sdoc13,GPO-CDOC-118sdoc13.pdf,661,SENATOR MIKE BRAUN,2023,BANNER NET PAYROLL,0.0,status=banner_missing; banner=0.0; parsed_body=0.0. Banner checks are advisory; review against the source before treating this as a parser defect.,118sdoc13|banner_check_missing|661|SENATOR MIKE BRAUN|2023|BANNER NET PAYROLL|0.0
warning,banner_check_missing,118sdoc13,GPO-CDOC-118sdoc13.pdf,662,INTERN COMPENSATION - BRAUN,2023,BANNER NET PAYROLL,0.0,status=banner_missing; banner=0.0; parsed_body=0.0. Banner checks are advisory; review against the source before treating this as a parser defect.,118sdoc13|banner_check_missing|662|INTERN COMPENSATION - BRAUN|2023|BANNER NET PAYROLL|0.0
warning,banner_check_discrepancy,118sdoc13,GPO-CDOC-118sdoc13.pdf,663,SENATOR MIKE BRAUN,2024,BANNER ORGANIZATION TOTALS,1940099.89,status=fail; banner=1940099.89; parsed_body=1904372.72. Banner checks are advisory; review against the source before treating this as a parser defect.,118sdoc13|banner_check_discrepancy|663|SENATOR MIKE BRAUN|2024|BANNER ORGANIZATION TOTALS|1940099.89
warning,banner_check_missing,118sdoc13,GPO-CDOC-118sdoc13.pdf,680,SENATOR KATIE BRITT,2023,BANNER NET PAYROLL,3026.66,status=banner_missing; banner=3026.66; parsed_body=0.0. Banner checks are advisory; review against the source before treating this as a parser defect.,118sdoc13|banner_check_missing|680|SENATOR KATIE BRITT|2023|BANNER NET PAYROLL|3026.66
warning,banner_check_missing,118sdoc13,GPO-CDOC-118sdoc13.pdf,682,INTERN COMPENSATION - BRITT,2023,BANNER NET PAYROLL,0.0,status=banner_missing; banner=0.0; parsed_body=0.0. Banner checks are advisory; review against the source before treating this as a parser defect.,118sdoc13|banner_check_missing|682|INTERN COMPENSATION - BRITT|2023|BANNER NET PAYROLL|0.0
warning,banner_check_discrepancy,118sdoc13,GPO-CDOC-118sdoc13.pdf,683,SENATOR KATIE BRITT,2024,BANNER ORGANIZATION TOTALS,1918087.15,status=fail; banner=1918087.15; parsed_body=1883766.09. Banner checks are advisory; review against the source before treating this as a parser defect.,118sdoc13|banner_check_discrepancy|683|SENATOR KATIE BRITT|2024|BANNER ORGANIZATION TOTALS|1918087.15
warning,banner_check_missing,118sdoc13,GPO-CDOC-118sdoc13.pdf,700,SENATOR SHERROD BROWN,2022,BANNER NET PAYROLL,0.0,status=banner_missing; banner=0.0; parsed_body=0.0. Banner checks are advisory; review against the source before treating this as a parser defect.,118sdoc13|banner_check_missing|700|SENATOR SHERROD BROWN|2022|BANNER NET PAYROLL|0.0
warning,banner_check_missing,118sdoc13,GPO-CDOC-118sdoc13.pdf,701,INTERN COMPENSATION - BROWN,2022,BANNER NET PAYROLL,0.0,status=banner_missing; banner=0.0; parsed_body=0.0. Banner checks are advisory; review against the source before treating this as a parser defect.,118sdoc13|banner_check_missing|701|INTERN COMPENSATION - BROWN|2022|BANNER NET PAYROLL|0.0
warning,banner_check_missing,118sdoc13,GPO-CDOC-118sdoc13.pdf,702,SENATOR SHERROD BROWN,2023,BANNER NET PAYROLL,819.75,status=banner_missing; banner=819.75; parsed_body=0.0. Banner checks are advisory; review against the source before treating this as a parser defect.,118sdoc13|banner_check_missing|702|SENATOR SHERROD BROWN|2023|BANNER NET PAYROLL|819.75
warning,banner_check_missing,118sdoc13,GPO-CDOC-118sdoc13.pdf,703,INTERN COMPENSATION - BROWN,2023,BANNER NET PAYROLL,0.0,status=banner_missing; banner=0.0; parsed_body=0.0. Banner checks are advisory; review against the source before treating this as a parser defect.,118sdoc13|banner_check_missing|703|INTERN COMPENSATION - BROWN|2023|BANNER NET PAYROLL|0.0
warning,banner_check_discrepancy,118sdoc13,GPO-CDOC-118sdoc13.pdf,704,SENATOR SHERROD BROWN,2024,BANNER ORGANIZATION TOTALS,2730134.01,status=fail; banner=2730134.01; parsed_body=2678058.91. Banner checks are advisory; review against the source before treating this as a parser defect.,118sdoc13|banner_check_discrepancy|704|SENATOR SHERROD BROWN|2024|BANNER ORGANIZATION TOTALS|2730134.01
warning,banner_check_missing,118sdoc13,GPO-CDOC-118sdoc13.pdf,736,SENATOR THEODORE BUDD,2023,BANNER NET PAYROLL,799.1,status=banner_missing; banner=799.1; parsed_body=0.0. Banner checks are advisory; review against the source before treating this as a parser defect.,118sdoc13|banner_check_missing|736|SENATOR THEODORE BUDD|2023|BANNER NET PAYROLL|799.1
warning,banner_check_missing,118sdoc13,GPO-CDOC-118sdoc13.pdf,737,INTERN COMPENSATION - BUDD,2023,BANNER NET PAYROLL,0.0,status=banner_missing; banner=0.0; parsed_body=0.0. Banner checks are advisory; review against the source before treating this as a parser defect.,118sdoc13|banner_check_missing|737|INTERN COMPENSATION - BUDD|2023|BANNER NET PAYROLL|0.0
warning,banner_check_discrepancy,118sdoc13,GPO-CDOC-118sdoc13.pdf,738,SENATOR THEODORE BUDD,2024,BANNER ORGANIZATION TOTALS,2469643.66,status=fail; banner=2469643.66; parsed_body=2359276.12. Banner checks are advisory; review against the source before treating this as a parser defect.,118sdoc13|banner_check_discrepancy|738|SENATOR THEODORE BUDD|2024|BANNER ORGANIZATION TOTALS|2469643.66
warning,banner_check_missing,118sdoc13,GPO-CDOC-118sdoc13.pdf,762,SENATOR RICHARD BURR,2022,BANNER NET PAYROLL,0.0,status=banner_missing; banner=0.0; parsed_body=0.0. Banner checks are advisory; review against the source before treating this as a parser defect.,118sdoc13|banner_check_missing|762|SENATOR RICHARD BURR|2022|BANNER NET PAYROLL|0.0
warning,banner_check_missing,118sdoc13,GPO-CDOC-118sdoc13.pdf,763,INTERN COMPENSATION - BURR,2022,BANNER NET PAYROLL,0.0,status=banner_missing; banner=0.0; parsed_body=0.0. Banner checks are advisory; review against the source before treating this as a parser defect.,118sdoc13|banner_check_missing|763|INTERN COMPENSATION - BURR|2022|BANNER NET PAYROLL|0.0
warning,banner_check_missing,118sdoc13,GPO-CDOC-118sdoc13.pdf,764,SENATOR RICHARD BURR,2023,BANNER NET PAYROLL,0.0,status=banner_missing; banner=0.0; parsed_body=0.0. Banner checks are advisory; review against the source before treating this as a parser defect.,118sdoc13|banner_check_missing|764|SENATOR RICHARD BURR|2023|BANNER NET PAYROLL|0.0
warning,banner_check_missing,118sdoc13,GPO-CDOC-118sdoc13.pdf,765,INTERN COMPENSATION - BURR,2023,BANNER NET PAYROLL,0.0,status=banner_missing; banner=0.0; parsed_body=0.0. Banner checks are advisory; review against the source before treating this as a parser defect.,118sdoc13|banner_check_missing|765|INTERN COMPENSATION - BURR|2023|BANNER NET PAYROLL|0.0
warning,banner_check_discrepancy,118sdoc13,GPO-CDOC-118sdoc13.pdf,766,SENATOR LAPHONZA BUTLER,2024,BANNER NET PAYROLL,3325802.8,status=fail; banner=3325802.8; parsed_body=3325786.0. Banner checks are advisory; review against the source before treating this as a parser defect.,118sdoc13|banner_check_discrepancy|766|SENATOR LAPHONZA BUTLER|2024|BANNER NET PAYROLL|3325802.8
warning,banner_check_discrepancy,118sdoc13,GPO-CDOC-118sdoc13.pdf,766,SENATOR LAPHONZA BUTLER,2024,BANNER ORGANIZATION TOTALS,3434434.52,status=fail; banner=3434434.52; parsed_body=3376808.4. Banner checks are advisory; review against the source before treating this as a parser defect.,118sdoc13|banner_check_discrepancy|766|SENATOR LAPHONZA BUTLER|2024|BANNER ORGANIZATION TOTALS|3434434.52
warning,banner_check_discrepancy,118sdoc13,GPO-CDOC-118sdoc13.pdf,778,INTERN COMPENSATION - BUTLER,2024,BANNER NET PAYROLL,73628.17,status=fail; banner=73628.17; parsed_body=73644.97. Banner checks are advisory; review against the source before treating this as a parser defect.,118sdoc13|banner_check_discrepancy|778|INTERN COMPENSATION - BUTLER|2024|BANNER NET PAYROLL|73628.17
warning,banner_check_discrepancy,118sdoc13,GPO-CDOC-118sdoc13.pdf,778,INTERN COMPENSATION - BUTLER,2024,BANNER ORGANIZATION TOTALS,73628.17,status=fail; banner=73628.17; parsed_body=73644.97. Banner checks are advisory; review against the source before treating this as a parser defect.,118sdoc13|banner_check_discrepancy|778|INTERN COMPENSATION - BUTLER|2024|BANNER ORGANIZATION TOTALS|73628.17
warning,banner_check_missing,118sdoc13,GPO-CDOC-118sdoc13.pdf,780,SENATOR MARIA CANTWELL,2022,BANNER NET PAYROLL,0.0,status=banner_missing; banner=0.0; parsed_body=0.0. Banner checks are advisory; review against the source before treating this as a parser defect.,118sdoc13|banner_check_missing|780|SENATOR MARIA CANTWELL|2022|BANNER NET PAYROLL|0.0
warning,banner_check_missing,118sdoc13,GPO-CDOC-118sdoc13.pdf,781,INTERN COMPENSATION - CANTWELL,2022,BANNER NET PAYROLL,0.0,status=banner_missing; banner=0.0; parsed_body=0.0. Banner checks are advisory; review against the source before treating this as a parser defect.,118sdoc13|banner_check_missing|781|INTERN COMPENSATION - CANTWELL|2022|BANNER NET PAYROLL|0.0
warning,banner_check_missing,118sdoc13,GPO-CDOC-118sdoc13.pdf,782,SENATOR MARIA CANTWELL,2023,BANNER NET PAYROLL,211.43,status=banner_missing; banner=211.43; parsed_body=0.0. Banner checks are advisory; review against the source before treating this as a parser defect.,118sdoc13|banner_check_missing|782|SENATOR MARIA CANTWELL|2023|BANNER NET PAYROLL|211.43
warning,banner_check_discrepancy,118sdoc13,GPO-CDOC-118sdoc13.pdf,782,SENATOR MARIA CANTWELL,2023,BANNER ORGANIZATION TOTALS,211.43,status=fail; banner=211.43; parsed_body=0.0. Banner checks are advisory; review against the source before treating this as a parser defect.,118sdoc13|banner_check_discrepancy|782|SENATOR MARIA CANTWELL|2023|BANNER ORGANIZATION TOTALS|211.43
warning,banner_check_discrepancy,118sdoc13,GPO-CDOC-118sdoc13.pdf,784,SENATOR MARIA CANTWELL,2024,BANNER NET PAYROLL,2218482.88,status=fail; banner=2218482.88; parsed_body=2217961.81. Banner checks are advisory; review against the source before treating this as a parser defect.,118sdoc13|banner_check_discrepancy|784|SENATOR MARIA CANTWELL|2024|BANNER NET PAYROLL|2218482.88
warning,banner_check_discrepancy,118sdoc13,GPO-CDOC-118sdoc13.pdf,784,SENATOR MARIA CANTWELL,2024,BANNER ORGANIZATION TOTALS,2347430.9,status=fail; banner=2347430.9; parsed_body=2308293.45. Banner checks are advisory; review against the source before treating this as a parser defect.,118sdoc13|banner_check_discrepancy|784|SENATOR MARIA CANTWELL|2024|BANNER ORGANIZATION TOTALS|2347430.9
warning,banner_check_missing,118sdoc13,GPO-CDOC-118sdoc13.pdf,799,SENATOR SHELLEY MOORE CAPITO,2022,BANNER NET PAYROLL,0.0,status=banner_missing; banner=0.0; parsed_body=0.0. Banner checks are advisory; review against the source before treating this as a parser defect.,118sdoc13|banner_check_missing|799|SENATOR SHELLEY MOORE CAPITO|2022|BANNER NET PAYROLL|0.0
warning,banner_check_missing,118sdoc13,GPO-CDOC-118sdoc13.pdf,800,INTERN COMPENSATION - CAPITO,2022,BANNER NET PAYROLL,0.0,status=banner_missing; banner=0.0; parsed_body=0.0. Banner checks are advisory; review against the source before treating this as a parser defect.,118sdoc13|banner_check_missing|800|INTERN COMPENSATION - CAPITO|2022|BANNER NET PAYROLL|0.0
warning,banner_check_missing,118sdoc13,GPO-CDOC-118sdoc13.pdf,801,SENATOR SHELLEY MOORE CAPITO,2023,BANNER NET PAYROLL,0.0,status=banner_missing; banner=0.0; parsed_body=0.0. Banner checks are advisory; review against the source before treating this as a parser defect.,118sdoc13|banner_check_missing|801|SENATOR SHELLEY MOORE CAPITO|2023|BANNER NET PAYROLL|0.0
warning,banner_check_missing,118sdoc13,GPO-CDOC-118sdoc13.pdf,802,INTERN COMPENSATION - CAPITO,2023,BANNER NET PAYROLL,0.0,status=banner_missing; banner=0.0; parsed_body=0.0. Banner checks are advisory; review against the source before treating this as a parser defect.,118sdoc13|banner_check_missing|802|INTERN COMPENSATION - CAPITO|2023|BANNER NET PAYROLL|0.0
warning,banner_check_discrepancy,118sdoc13,GPO-CDOC-118sdoc13.pdf,803,SENATOR SHELLEY MOORE CAPITO,2024,BANNER ORGANIZATION TOTALS,1554236.53,status=fail; banner=1554236.53; parsed_body=1515523.83. Banner checks are advisory; review against the source before treating this as a parser defect.,118sdoc13|banner_check_discrepancy|803|SENATOR SHELLEY MOORE CAPITO|2024|BANNER ORGANIZATION TOTALS|1554236.53
warning,banner_check_missing,118sdoc13,GPO-CDOC-118sdoc13.pdf,821,SENATOR BENJAMIN L. CARDIN,2022,BANNER NET PAYROLL,0.0,status=banner_missing; banner=0.0; parsed_body=0.0. Banner checks are advisory; review against the source before treating this as a parser defect.,118sdoc13|banner_check_missing|821|SENATOR BENJAMIN L. CARDIN|2022|BANNER NET PAYROLL|0.0
warning,banner_check_missing,118sdoc13,GPO-CDOC-118sdoc13.pdf,822,INTERN COMPENSATION - CARDIN,2022,BANNER NET PAYROLL,0.0,status=banner_missing; banner=0.0; parsed_body=0.0. Banner checks are advisory; review against the source before treating this as a parser defect.,118sdoc13|banner_check_missing|822|INTERN COMPENSATION - CARDIN|2022|BANNER NET PAYROLL|0.0
warning,banner_check_missing,118sdoc13,GPO-CDOC-118sdoc13.pdf,823,SENATOR BENJAMIN L. CARDIN,2023,BANNER NET PAYROLL,471.6,status=banner_missing; banner=471.6; parsed_body=0.0. Banner checks are advisory; review against the source before treating this as a parser defect.,118sdoc13|banner_check_missing|823|SENATOR BENJAMIN L. CARDIN|2023|BANNER NET PAYROLL|471.6
warning,banner_check_missing,118sdoc13,GPO-CDOC-118sdoc13.pdf,824,INTERN COMPENSATION - CARDIN,2023,BANNER NET PAYROLL,0.0,status=banner_missing; banner=0.0; parsed_body=0.0. Banner checks are advisory; review against the source before treating this as a parser defect.,118sdoc13|banner_check_missing|824|INTERN COMPENSATION - CARDIN|2023|BANNER NET PAYROLL|0.0
warning,banner_check_discrepancy,118sdoc13,GPO-CDOC-118sdoc13.pdf,825,SENATOR BENJAMIN L. CARDIN,2024,BANNER NET PAYROLL,2175409.32,status=fail; banner=2175409.32; parsed_body=2174164.37. Banner checks are advisory; review against the source before treating this as a parser defect.,118sdoc13|banner_check_discrepancy|825|SENATOR BENJAMIN L. CARDIN|2024|BANNER NET PAYROLL|2175409.32
warning,banner_check_discrepancy,118sdoc13,GPO-CDOC-118sdoc13.pdf,825,SENATOR BENJAMIN L. CARDIN,2024,BANNER ORGANIZATION TOTALS,2225483.61,status=fail; banner=2225483.61; parsed_body=2194447.22. Banner checks are advisory; review against the source before treating this as a parser defect.,118sdoc13|banner_check_discrepancy|825|SENATOR BENJAMIN L. CARDIN|2024|BANNER ORGANIZATION TOTALS|2225483.61
warning,banner_check_discrepancy,118sdoc13,GPO-CDOC-118sdoc13.pdf,831,INTERN COMPENSATION - CARDIN,2024,BANNER NET PAYROLL,56000.05,status=fail; banner=56000.05; parsed_body=57245.0. Banner checks are advisory; review against the source before treating this as a parser defect.,118sdoc13|banner_check_discrepancy|831|INTERN COMPENSATION - CARDIN|2024|BANNER NET PAYROLL|56000.05
warning,banner_check_discrepancy,118sdoc13,GPO-CDOC-118sdoc13.pdf,831,INTERN COMPENSATION - CARDIN,2024,BANNER ORGANIZATION TOTALS,56000.05,status=fail; banner=56000.05; parsed_body=57245.0. Banner checks are advisory; review against the source before treating this as a parser defect.,118sdoc13|banner_check_discrepancy|831|INTERN COMPENSATION - CARDIN|2024|BANNER ORGANIZATION TOTALS|56000.05
warning,banner_check_missing,118sdoc13,GPO-CDOC-118sdoc13.pdf,832,SENATOR THOMAS R. CARPER,2022,BANNER NET PAYROLL,0.0,status=banner_missing; banner=0.0; parsed_body=0.0. Banner checks are advisory; review against the source before treating this as a parser defect.,118sdoc13|banner_check_missing|832|SENATOR THOMAS R. CARPER|2022|BANNER NET PAYROLL|0.0
warning,banner_check_missing,118sdoc13,GPO-CDOC-118sdoc13.pdf,833,INTERN COMPENSATION - CARPER,2022,BANNER NET PAYROLL,0.0,status=banner_missing; banner=0.0; parsed_body=0.0. Banner checks are advisory; review against the source before treating this as a parser defect.,118sdoc13|banner_check_missing|833|INTERN COMPENSATION - CARPER|2022|BANNER NET PAYROLL|0.0
warning,banner_check_missing,118sdoc13,GPO-CDOC-118sdoc13.pdf,834,SENATOR THOMAS R. CARPER,2023,BANNER NET PAYROLL,0.0,status=banner_missing; banner=0.0; parsed_body=0.0. Banner checks are advisory; review against the source before treating this as a parser defect.,118sdoc13|banner_check_missing|834|SENATOR THOMAS R. CARPER|2023|BANNER NET PAYROLL|0.0
warning,banner_check_missing,118sdoc13,GPO-CDOC-118sdoc13.pdf,835,INTERN COMPENSATION - CARPER,2023,BANNER NET PAYROLL,0.0,status=banner_missing; banner=0.0; parsed_body=0.0. Banner checks are advisory; review against the source before treating this as a parser defect.,118sdoc13|banner_check_missing|835|INTERN COMPENSATION - CARPER|2023|BANNER NET PAYROLL|0.0
warning,banner_check_discrepancy,118sdoc13,GPO-CDOC-118sdoc13.pdf,836,SENATOR THOMAS R. CARPER,2024,BANNER ORGANIZATION TOTALS,2262602.79,status=fail; banner=2262602.79; parsed_body=2242982.26. Banner checks are advisory; review against the source before treating this as a parser defect.,118sdoc13|banner_check_discrepancy|836|SENATOR THOMAS R. CARPER|2024|BANNER ORGANIZATION TOTALS|2262602.79
warning,banner_check_missing,118sdoc13,GPO-CDOC-118sdoc13.pdf,849,SENATOR ROBERT CASEY,2022,BANNER NET PAYROLL,1669.0,status=banner_missing; banner=1669.0; parsed_body=0.0. Banner checks are advisory; review against the source before treating this as a parser defect.,118sdoc13|banner_check_missing|849|SENATOR ROBERT CASEY|2022|BANNER NET PAYROLL|1669.0
warning,banner_check_missing,118sdoc13,GPO-CDOC-118sdoc13.pdf,850,INTERN COMPENSATION - CASEY,2022,BANNER NET PAYROLL,0.0,status=banner_missing; banner=0.0; parsed_body=0.0. Banner checks are advisory; review against the source before treating this as a parser defect.,118sdoc13|banner_check_missing|850|INTERN COMPENSATION - CASEY|2022|BANNER NET PAYROLL|0.0
warning,banner_check_missing,118sdoc13,GPO-CDOC-118sdoc13.pdf,851,SENATOR ROBERT CASEY,2023,BANNER NET PAYROLL,574.48,status=banner_missing; banner=574.48; parsed_body=0.0. Banner checks are advisory; review against the source before treating this as a parser defect.,118sdoc13|banner_check_missing|851|SENATOR ROBERT CASEY|2023|BANNER NET PAYROLL|574.48
warning,banner_check_discrepancy,118sdoc13,GPO-CDOC-118sdoc13.pdf,851,SENATOR ROBERT CASEY,2023,BANNER ORGANIZATION TOTALS,621.45,status=fail; banner=621.45; parsed_body=574.48. Banner checks are advisory; review against the source before treating this as a parser defect.,118sdoc13|banner_check_discrepancy|851|SENATOR ROBERT CASEY|2023|BANNER ORGANIZATION TOTALS|621.45
warning,banner_check_missing,118sdoc13,GPO-CDOC-118sdoc13.pdf,852,INTERN COMPENSATION - CASEY,2023,BANNER NET PAYROLL,0.0,status=banner_missing; banner=0.0; parsed_body=0.0. Banner checks are advisory; review against the source before treating this as a parser defect.,118sdoc13|banner_check_missing|852|INTERN COMPENSATION - CASEY|2023|BANNER NET PAYROLL|0.0
warning,banner_check_discrepancy,118sdoc13,GPO-CDOC-118sdoc13.pdf,853,SENATOR ROBERT CASEY,2024,BANNER ORGANIZATION TOTALS,2852301.53,status=fail; banner=2852301.53; parsed_body=2770279.83. Banner checks are advisory; review against the source before treating this as a parser defect.,118sdoc13|banner_check_discrepancy|853|SENATOR ROBERT CASEY|2024|BANNER ORGANIZATION TOTALS|2852301.53
warning,banner_check_missing,118sdoc13,GPO-CDOC-118sdoc13.pdf,888,SENATOR BILL CASSIDY,2022,BANNER NET PAYROLL,0.0,status=banner_missing; banner=0.0; parsed_body=0.0. Banner checks are advisory; review against the source before treating this as a parser defect.,118sdoc13|banner_check_missing|888|SENATOR BILL CASSIDY|2022|BANNER NET PAYROLL|0.0
warning,banner_check_missing,118sdoc13,GPO-CDOC-118sdoc13.pdf,889,INTERN COMPENSATION - CASSIDY,2022,BANNER NET PAYROLL,0.0,status=banner_missing; banner=0.0; parsed_body=0.0. Banner checks are advisory; review against the source before treating this as a parser defect.,118sdoc13|banner_check_missing|889|INTERN COMPENSATION - CASSIDY|2022|BANNER NET PAYROLL|0.0
warning,banner_check_missing,118sdoc13,GPO-CDOC-118sdoc13.pdf,890,SENATOR BILL CASSIDY,2023,BANNER NET PAYROLL,1170.6,status=banner_missing; banner=1170.6; parsed_body=0.0. Banner checks are advisory; review against the source before treating this as a parser defect.,118sdoc13|banner_check_missing|890|SENATOR BILL CASSIDY|2023|BANNER NET PAYROLL|1170.6
warning,banner_check_missing,118sdoc13,GPO-CDOC-118sdoc13.pdf,891,INTERN COMPENSATION - CASSIDY,2023,BANNER NET PAYROLL,0.0,status=banner_missing; banner=0.0; parsed_body=0.0. Banner checks are advisory; review against the source before treating this as a parser defect.,118sdoc13|banner_check_missing|891|INTERN COMPENSATION - CASSIDY|2023|BANNER NET PAYROLL|0.0
warning,banner_check_discrepancy,118sdoc13,GPO-CDOC-118sdoc13.pdf,892,SENATOR BILL CASSIDY,2024,BANNER ORGANIZATION TOTALS,2033318.57,status=fail; banner=2033318.57; parsed_body=1976804.95. Banner checks are advisory; review against the source before treating this as a parser defect.,118sdoc13|banner_check_discrepancy|892|SENATOR BILL CASSIDY|2024|BANNER ORGANIZATION TOTALS|2033318.57
warning,banner_check_missing,118sdoc13,GPO-CDOC-118sdoc13.pdf,916,SENATOR SUSAN M. COLLINS,2022,BANNER NET PAYROLL,0.0,status=banner_missing; banner=0.0; parsed_body=0.0. Banner checks are advisory; review against the source before treating this as a parser defect.,118sdoc13|banner_check_missing|916|SENATOR SUSAN M. COLLINS|2022|BANNER NET PAYROLL|0.0
warning,banner_check_missing,118sdoc13,GPO-CDOC-118sdoc13.pdf,917,INTERN COMPENSATION - COLLINS,2022,BANNER NET PAYROLL,0.0,status=banner_missing; banner=0.0; parsed_body=0.0. Banner checks are advisory; review against the source before treating this as a parser defect.,118sdoc13|banner_check_missing|917|INTERN COMPENSATION - COLLINS|2022|BANNER NET PAYROLL|0.0
warning,banner_check_missing,118sdoc13,GPO-CDOC-118sdoc13.pdf,918,SENATOR SUSAN M. COLLINS,2023,BANNER NET PAYROLL,0.0,status=banner_missing; banner=0.0; parsed_body=0.0. Banner checks are advisory; review against the source before treating this as a parser defect.,118sdoc13|banner_check_missing|918|SENATOR SUSAN M. COLLINS|2023|BANNER NET PAYROLL|0.0
warning,banner_check_missing,118sdoc13,GPO-CDOC-118sdoc13.pdf,919,INTERN COMPENSATION - COLLINS,2023,BANNER NET PAYROLL,0.0,status=banner_missing; banner=0.0; parsed_body=0.0. Banner checks are advisory; review against the source before treating this as a parser defect.,118sdoc13|banner_check_missing|919|INTERN COMPENSATION - COLLINS|2023|BANNER NET PAYROLL|0.0
warning,banner_check_discrepancy,118sdoc13,GPO-CDOC-118sdoc13.pdf,920,SENATOR SUSAN M. COLLINS,2024,BANNER ORGANIZATION TOTALS,2069698.05,status=fail; banner=2069698.05; parsed_body=1970632.51. Banner checks are advisory; review against the source before treating this as a parser defect.,118sdoc13|banner_check_discrepancy|920|SENATOR SUSAN M. COLLINS|2024|BANNER ORGANIZATION TOTALS|2069698.05
warning,banner_check_missing,118sdoc13,GPO-CDOC-118sdoc13.pdf,942,SENATOR CHRISTOPHER A. COONS,2022,BANNER NET PAYROLL,0.0,status=banner_missing; banner=0.0; parsed_body=0.0. Banner checks are advisory; review against the source before treating this as a parser defect.,118sdoc13|banner_check_missing|942|SENATOR CHRISTOPHER A. COONS|2022|BANNER NET PAYROLL|0.0
warning,banner_check_missing,118sdoc13,GPO-CDOC-118sdoc13.pdf,943,INTERN COMPENSATION - COONS,2022,BANNER NET PAYROLL,0.0,status=banner_missing; banner=0.0; parsed_body=0.0. Banner checks are advisory; review against the source before treating this as a parser defect.,118sdoc13|banner_check_missing|943|INTERN COMPENSATION - COONS|2022|BANNER NET PAYROLL|0.0
warning,banner_check_missing,118sdoc13,GPO-CDOC-118sdoc13.pdf,944,SENATOR CHRISTOPHER A. COONS,2023,BANNER NET PAYROLL,0.0,status=banner_missing; banner=0.0; parsed_body=0.0. Banner checks are advisory; review against the source before treating this as a parser defect.,118sdoc13|banner_check_missing|944|SENATOR CHRISTOPHER A. COONS|2023|BANNER NET PAYROLL|0.0
warning,banner_check_discrepancy,118sdoc13,GPO-CDOC-118sdoc13.pdf,944,SENATOR CHRISTOPHER A. COONS,2023,BANNER ORGANIZATION TOTALS,49.5,status=fail; banner=49.5; parsed_body=0.0. Banner checks are advisory; review against the source before treating this as a parser defect.,118sdoc13|banner_check_discrepancy|944|SENATOR CHRISTOPHER A. COONS|2023|BANNER ORGANIZATION TOTALS|49.5
warning,banner_check_missing,118sdoc13,GPO-CDOC-118sdoc13.pdf,945,INTERN COMPENSATION - COONS,2023,BANNER NET PAYROLL,0.0,status=banner_missing; banner=0.0; parsed_body=0.0. Banner checks are advisory; review against the source before treating this as a parser defect.,118sdoc13|banner_check_missing|945|INTERN COMPENSATION - COONS|2023|BANNER NET PAYROLL|0.0
warning,banner_check_discrepancy,118sdoc13,GPO-CDOC-118sdoc13.pdf,946,SENATOR CHRISTOPHER A. COONS,2024,BANNER NET PAYROLL,2085487.33,status=fail; banner=2085487.33; parsed_body=2118483.14. Banner checks are advisory; review against the source before treating this as a parser defect.,118sdoc13|banner_check_discrepancy|946|SENATOR CHRISTOPHER A. COONS|2024|BANNER NET PAYROLL|2085487.33
warning,banner_check_discrepancy,118sdoc13,GPO-CDOC-118sdoc13.pdf,946,SENATOR CHRISTOPHER A. COONS,2024,BANNER ORGANIZATION TOTALS,2216521.9,status=fail; banner=2216521.9; parsed_body=2160030.42. Banner checks are advisory; review against the source before treating this as a parser defect.,118sdoc13|banner_check_discrepancy|946|SENATOR CHRISTOPHER A. COONS|2024|BANNER ORGANIZATION TOTALS|2216521.9
warning,banner_check_missing,118sdoc13,GPO-CDOC-118sdoc13.pdf,960,SENATOR JOHN CORNYN,2022,BANNER NET PAYROLL,0.0,status=banner_missing; banner=0.0; parsed_body=0.0. Banner checks are advisory; review against the source before treating this as a parser defect.,118sdoc13|banner_check_missing|960|SENATOR JOHN CORNYN|2022|BANNER NET PAYROLL|0.0
warning,banner_check_missing,118sdoc13,GPO-CDOC-118sdoc13.pdf,961,INTERN COMPENSATION - CORNYN,2022,BANNER NET PAYROLL,0.0,status=banner_missing; banner=0.0; parsed_body=0.0. Banner checks are advisory; review against the source before treating this as a parser defect.,118sdoc13|banner_check_missing|961|INTERN COMPENSATION - CORNYN|2022|BANNER NET PAYROLL|0.0
warning,banner_check_missing,118sdoc13,GPO-CDOC-118sdoc13.pdf,962,SENATOR JOHN CORNYN,2023,BANNER NET PAYROLL,113.87,status=banner_missing; banner=113.87; parsed_body=0.0. Banner checks are advisory; review against the source before treating this as a parser defect.,118sdoc13|banner_check_missing|962|SENATOR JOHN CORNYN|2023|BANNER NET PAYROLL|113.87
warning,banner_check_missing,118sdoc13,GPO-CDOC-118sdoc13.pdf,963,INTERN COMPENSATION - CORNYN,2023,BANNER NET PAYROLL,0.0,status=banner_missing; banner=0.0; parsed_body=0.0. Banner checks are advisory; review against the source before treating this as a parser defect.,118sdoc13|banner_check_missing|963|INTERN COMPENSATION - CORNYN|2023|BANNER NET PAYROLL|0.0
warning,banner_check_discrepancy,118sdoc13,GPO-CDOC-118sdoc13.pdf,964,SENATOR JOHN CORNYN,2024,BANNER NET PAYROLL,2398977.5,status=fail; banner=2398977.5; parsed_body=2498977.5. Banner checks are advisory; review against the source before treating this as a parser defect.,118sdoc13|banner_check_discrepancy|964|SENATOR JOHN CORNYN|2024|BANNER NET PAYROLL|2398977.5
warning,banner_check_discrepancy,118sdoc13,GPO-CDOC-118sdoc13.pdf,964,SENATOR JOHN CORNYN,2024,BANNER ORGANIZATION TOTALS,2752624.44,status=fail; banner=2752624.44; parsed_body=2642941.7. Banner checks are advisory; review against the source before treating this as a parser defect.,118sdoc13|banner_check_discrepancy|964|SENATOR JOHN CORNYN|2024|BANNER ORGANIZATION TOTALS|2752624.44
warning,banner_check_missing,118sdoc13,GPO-CDOC-118sdoc13.pdf,980,SENATOR CATHERINE CORTEZ MASTO,2022,BANNER NET PAYROLL,0.0,status=banner_missing; banner=0.0; parsed_body=0.0. Banner checks are advisory; review against the source before treating this as a parser defect.,118sdoc13|banner_check_missing|980|SENATOR CATHERINE CORTEZ MASTO|2022|BANNER NET PAYROLL|0.0
warning,banner_check_discrepancy,118sdoc13,GPO-CDOC-118sdoc13.pdf,980,SENATOR CATHERINE CORTEZ MASTO,2022,BANNER ORGANIZATION TOTALS,24426.0,status=fail; banner=24426.0; parsed_body=0.0. Banner checks are advisory; review against the source before treating this as a parser defect.,118sdoc13|banner_check_discrepancy|980|SENATOR CATHERINE CORTEZ MASTO|2022|BANNER ORGANIZATION TOTALS|24426.0
warning,banner_check_missing,118sdoc13,GPO-CDOC-118sdoc13.pdf,981,INTERN COMPENSATION - CORTEZ MASTO,2022,BANNER NET PAYROLL,0.0,status=banner_missing; banner=0.0; parsed_body=0.0. Banner checks are advisory; review against the source before treating this as a parser defect.,118sdoc13|banner_check_missing|981|INTERN COMPENSATION - CORTEZ MASTO|2022|BANNER NET PAYROLL|0.0
warning,banner_check_missing,118sdoc13,GPO-CDOC-118sdoc13.pdf,982,SENATOR CATHERINE CORTEZ MASTO,2023,BANNER NET PAYROLL,1225.24,status=banner_missing; banner=1225.24; parsed_body=0.0. Banner checks are advisory; review against the source before treating this as a parser defect.,118sdoc13|banner_check_missing|982|SENATOR CATHERINE CORTEZ MASTO|2023|BANNER NET PAYROLL|1225.24
warning,banner_check_discrepancy,118sdoc13,GPO-CDOC-118sdoc13.pdf,982,SENATOR CATHERINE CORTEZ MASTO,2023,BANNER ORGANIZATION TOTALS,22198.76,status=fail; banner=22198.76; parsed_body=1225.24. Banner checks are advisory; review against the source before treating this as a parser defect.,118sdoc13|banner_check_discrepancy|982|SENATOR CATHERINE CORTEZ MASTO|2023|BANNER ORGANIZATION TOTALS|22198.76
warning,banner_check_missing,118sdoc13,GPO-CDOC-118sdoc13.pdf,983,INTERN COMPENSATION - CORTEZ MASTO,2023,BANNER NET PAYROLL,0.0,status=banner_missing; banner=0.0; parsed_body=0.0. Banner checks are advisory; review against the source before treating this as a parser defect.,118sdoc13|banner_check_missing|983|INTERN COMPENSATION - CORTEZ MASTO|2023|BANNER NET PAYROLL|0.0
warning,banner_check_discrepancy,118sdoc13,GPO-CDOC-118sdoc13.pdf,984,SENATOR CATHERINE CORTEZ MASTO,2024,BANNER NET PAYROLL,1999385.49,status=fail; banner=1999385.49; parsed_body=1955773.75. Banner checks are advisory; review against the source before treating this as a parser defect.,118sdoc13|banner_check_discrepancy|984|SENATOR CATHERINE CORTEZ MASTO|2024|BANNER NET PAYROLL|1999385.49
warning,banner_check_discrepancy,118sdoc13,GPO-CDOC-118sdoc13.pdf,984,SENATOR CATHERINE CORTEZ MASTO,2024,BANNER ORGANIZATION TOTALS,2146154.69,status=fail; banner=2146154.69; parsed_body=2035035.56. Banner checks are advisory; review against the source before treating this as a parser defect.,118sdoc13|banner_check_discrepancy|984|SENATOR CATHERINE CORTEZ MASTO|2024|BANNER ORGANIZATION TOTALS|2146154.69
warning,banner_check_discrepancy,118sdoc13,GPO-CDOC-118sdoc13.pdf,994,INTERN COMPENSATION - CORTEZ MASTO,2024,BANNER NET PAYROLL,32787.05,status=fail; banner=32787.05; parsed_body=76398.79. Banner checks are advisory; review against the source before treating this as a parser defect.,118sdoc13|banner_check_discrepancy|994|INTERN COMPENSATION - CORTEZ MASTO|2024|BANNER NET PAYROLL|32787.05
warning,banner_check_discrepancy,118sdoc13,GPO-CDOC-118sdoc13.pdf,994,INTERN COMPENSATION - CORTEZ MASTO,2024,BANNER ORGANIZATION TOTALS,32787.05,status=fail; banner=32787.05; parsed_body=76398.79. Banner checks are advisory; review against the source before treating this as a parser defect.,118sdoc13|banner_check_discrepancy|994|INTERN COMPENSATION - CORTEZ MASTO|2024|BANNER ORGANIZATION TOTALS|32787.05
warning,banner_check_missing,118sdoc13,GPO-CDOC-118sdoc13.pdf,996,SENATOR TOM COTTON,2022,BANNER NET PAYROLL,0.0,status=banner_missing; banner=0.0; parsed_body=0.0. Banner checks are advisory; review against the source before treating this as a parser defect.,118sdoc13|banner_check_missing|996|SENATOR TOM COTTON|2022|BANNER NET PAYROLL|0.0
warning,banner_check_missing,118sdoc13,GPO-CDOC-118sdoc13.pdf,997,INTERN COMPENSATION - COTTON,2022,BANNER NET PAYROLL,0.0,status=banner_missing; banner=0.0; parsed_body=0.0. Banner checks are advisory; review against the source before treating this as a parser defect.,118sdoc13|banner_check_missing|997|INTERN COMPENSATION - COTTON|2022|BANNER NET PAYROLL|0.0
warning,banner_check_missing,118sdoc13,GPO-CDOC-118sdoc13.pdf,998,SENATOR TOM COTTON,2023,BANNER NET PAYROLL,0.0,status=banner_missing; banner=0.0; parsed_body=0.0. Banner checks are advisory; review against the source before treating this as a parser defect.,118sdoc13|banner_check_missing|998|SENATOR TOM COTTON|2023|BANNER NET PAYROLL|0.0
warning,banner_check_missing,118sdoc13,GPO-CDOC-118sdoc13.pdf,999,INTERN COMPENSATION - COTTON,2023,BANNER NET PAYROLL,0.0,status=banner_missing; banner=0.0; parsed_body=0.0. Banner checks are advisory; review against the source before treating this as a parser defect.,118sdoc13|banner_check_missing|999|INTERN COMPENSATION - COTTON|2023|BANNER NET PAYROLL|0.0
warning,banner_check_discrepancy,118sdoc13,GPO-CDOC-118sdoc13.pdf,1000,SENATOR TOM COTTON,2024,BANNER ORGANIZATION TOTALS,2190920.79,status=fail; banner=2190920.79; parsed_body=2132002.41. Banner checks are advisory; review against the source before treating this as a parser defect.,118sdoc13|banner_check_discrepancy|1000|SENATOR TOM COTTON|2024|BANNER ORGANIZATION TOTALS|2190920.79
warning,banner_check_missing,118sdoc13,GPO-CDOC-118sdoc13.pdf,1015,SENATOR KEVIN CRAMER,2022,BANNER NET PAYROLL,0.0,status=banner_missing; banner=0.0; parsed_body=0.0. Banner checks are advisory; review against the source before treating this as a parser defect.,118sdoc13|banner_check_missing|1015|SENATOR KEVIN CRAMER|2022|BANNER NET PAYROLL|0.0
warning,banner_check_missing,118sdoc13,GPO-CDOC-118sdoc13.pdf,1016,INTERN COMPENSATION - CRAMER,2022,BANNER NET PAYROLL,0.0,status=banner_missing; banner=0.0; parsed_body=0.0. Banner checks are advisory; review against the source before treating this as a parser defect.,118sdoc13|banner_check_missing|1016|INTERN COMPENSATION - CRAMER|2022|BANNER NET PAYROLL|0.0
warning,banner_check_missing,118sdoc13,GPO-CDOC-118sdoc13.pdf,1017,SENATOR KEVIN CRAMER,2023,BANNER NET PAYROLL,0.0,status=banner_missing; banner=0.0; parsed_body=0.0. Banner checks are advisory; review against the source before treating this as a parser defect.,118sdoc13|banner_check_missing|1017|SENATOR KEVIN CRAMER|2023|BANNER NET PAYROLL|0.0
warning,banner_check_missing,118sdoc13,GPO-CDOC-118sdoc13.pdf,1018,INTERN COMPENSATION - CRAMER,2023,BANNER NET PAYROLL,0.0,status=banner_missing; banner=0.0; parsed_body=0.0. Banner checks are advisory; review against the source before treating this as a parser defect.,118sdoc13|banner_check_missing|1018|INTERN COMPENSATION - CRAMER|2023|BANNER NET PAYROLL|0.0
warning,banner_check_discrepancy,118sdoc13,GPO-CDOC-118sdoc13.pdf,1019,SENATOR KEVIN CRAMER,2024,BANNER ORGANIZATION TOTALS,1899146.85,status=fail; banner=1899146.85; parsed_body=1854803.22. Banner checks are advisory; review against the source before treating this as a parser defect.,118sdoc13|banner_check_discrepancy|1019|SENATOR KEVIN CRAMER|2024|BANNER ORGANIZATION TOTALS|1899146.85
warning,banner_check_missing,118sdoc13,GPO-CDOC-118sdoc13.pdf,1038,SENATOR MICHAEL D. CRAPO,2022,BANNER NET PAYROLL,0.0,status=banner_missing; banner=0.0; parsed_body=0.0. Banner checks are advisory; review against the source before treating this as a parser defect.,118sdoc13|banner_check_missing|1038|SENATOR MICHAEL D. CRAPO|2022|BANNER NET PAYROLL|0.0
warning,banner_check_missing,118sdoc13,GPO-CDOC-118sdoc13.pdf,1039,INTERN COMPENSATION - CRAPO,2022,BANNER NET PAYROLL,0.0,status=banner_missing; banner=0.0; parsed_body=0.0. Banner checks are advisory; review against the source before treating this as a parser defect.,118sdoc13|banner_check_missing|1039|INTERN COMPENSATION - CRAPO|2022|BANNER NET PAYROLL|0.0
warning,banner_check_missing,118sdoc13,GPO-CDOC-118sdoc13.pdf,1040,SENATOR MICHAEL D. CRAPO,2023,BANNER NET PAYROLL,0.0,status=banner_missing; banner=0.0; parsed_body=0.0. Banner checks are advisory; review against the source before treating this as a parser defect.,118sdoc13|banner_check_missing|1040|SENATOR MICHAEL D. CRAPO|2023|BANNER NET PAYROLL|0.0
warning,banner_check_discrepancy,118sdoc13,GPO-CDOC-118sdoc13.pdf,1040,SENATOR MICHAEL D. CRAPO,2023,BANNER ORGANIZATION TOTALS,86318.86,status=fail; banner=86318.86; parsed_body=86302.96. Banner checks are advisory; review against the source before treating this as a parser defect.,118sdoc13|banner_check_discrepancy|1040|SENATOR MICHAEL D. CRAPO|2023|BANNER ORGANIZATION TOTALS|86318.86
warning,banner_check_missing,118sdoc13,GPO-CDOC-118sdoc13.pdf,1041,INTERN COMPENSATION - CRAPO,2023,BANNER NET PAYROLL,0.0,status=banner_missing; banner=0.0; parsed_body=0.0. Banner checks are advisory; review against the source before treating this as a parser defect.,118sdoc13|banner_check_missing|1041|INTERN COMPENSATION - CRAPO|2023|BANNER NET PAYROLL|0.0
warning,banner_check_discrepancy,118sdoc13,GPO-CDOC-118sdoc13.pdf,1042,SENATOR MICHAEL D. CRAPO,2024,BANNER NET PAYROLL,2251848.56,status=fail; banner=2251848.56; parsed_body=2241968.33. Banner checks are advisory; review against the source before treating this as a parser defect.,118sdoc13|banner_check_discrepancy|1042|SENATOR MICHAEL D. CRAPO|2024|BANNER NET PAYROLL|2251848.56
warning,banner_check_discrepancy,118sdoc13,GPO-CDOC-118sdoc13.pdf,1042,SENATOR MICHAEL D. CRAPO,2024,BANNER ORGANIZATION TOTALS,2390298.21,status=fail; banner=2390298.21; parsed_body=2355216.45. Banner checks are advisory; review against the source before treating this as a parser defect.,118sdoc13|banner_check_discrepancy|1042|SENATOR MICHAEL D. CRAPO|2024|BANNER ORGANIZATION TOTALS|2390298.21
warning,banner_check_discrepancy,118sdoc13,GPO-CDOC-118sdoc13.pdf,1050,INTERN COMPENSATION - CRAPO,2024,BANNER NET PAYROLL,27910.01,status=fail; banner=27910.01; parsed_body=37790.24. Banner checks are advisory; review against the source before treating this as a parser defect.,118sdoc13|banner_check_discrepancy|1050|INTERN COMPENSATION - CRAPO|2024|BANNER NET PAYROLL|27910.01
warning,banner_check_discrepancy,118sdoc13,GPO-CDOC-118sdoc13.pdf,1050,INTERN COMPENSATION - CRAPO,2024,BANNER ORGANIZATION TOTALS,27910.01,status=fail; banner=27910.01; parsed_body=37790.24. Banner checks are advisory; review against the source before treating this as a parser defect.,118sdoc13|banner_check_discrepancy|1050|INTERN COMPENSATION - CRAPO|2024|BANNER ORGANIZATION TOTALS|27910.01
warning,banner_check_missing,118sdoc13,GPO-CDOC-118sdoc13.pdf,1051,SENATOR TED CRUZ,2022,BANNER NET PAYROLL,0.0,status=banner_missing; banner=0.0; parsed_body=0.0. Banner checks are advisory; review against the source before treating this as a parser defect.,118sdoc13|banner_check_missing|1051|SENATOR TED CRUZ|2022|BANNER NET PAYROLL|0.0
warning,banner_check_missing,118sdoc13,GPO-CDOC-118sdoc13.pdf,1052,INTERN COMPENSATION - CRUZ,2022,BANNER NET PAYROLL,0.0,status=banner_missing; banner=0.0; parsed_body=0.0. Banner checks are advisory; review against the source before treating this as a parser defect.,118sdoc13|banner_check_missing|1052|INTERN COMPENSATION - CRUZ|2022|BANNER NET PAYROLL|0.0
warning,banner_check_missing,118sdoc13,GPO-CDOC-118sdoc13.pdf,1053,SENATOR TED CRUZ,2023,BANNER NET PAYROLL,766.67,status=banner_missing; banner=766.67; parsed_body=0.0. Banner checks are advisory; review against the source before treating this as a parser defect.,118sdoc13|banner_check_missing|1053|SENATOR TED CRUZ|2023|BANNER NET PAYROLL|766.67
warning,banner_check_missing,118sdoc13,GPO-CDOC-118sdoc13.pdf,1054,INTERN COMPENSATION - CRUZ,2023,BANNER NET PAYROLL,0.0,status=banner_missing; banner=0.0; parsed_body=0.0. Banner checks are advisory; review against the source before treating this as a parser defect.,118sdoc13|banner_check_missing|1054|INTERN COMPENSATION - CRUZ|2023|BANNER NET PAYROLL|0.0
warning,banner_check_discrepancy,118sdoc13,GPO-CDOC-118sdoc13.pdf,1055,SENATOR TED CRUZ,2024,BANNER ORGANIZATION TOTALS,3159567.24,status=fail; banner=3159567.24; parsed_body=3084057.37. Banner checks are advisory; review against the source before treating this as a parser defect.,118sdoc13|banner_check_discrepancy|1055|SENATOR TED CRUZ|2024|BANNER ORGANIZATION TOTALS|3159567.24
warning,banner_check_missing,118sdoc13,GPO-CDOC-118sdoc13.pdf,1083,SENATOR STEVE DAINES,2022,BANNER NET PAYROLL,0.0,status=banner_missing; banner=0.0; parsed_body=0.0. Banner checks are advisory; review against the source before treating this as a parser defect.,118sdoc13|banner_check_missing|1083|SENATOR STEVE DAINES|2022|BANNER NET PAYROLL|0.0
warning,banner_check_missing,118sdoc13,GPO-CDOC-118sdoc13.pdf,1084,INTERN COMPENSATION - DAINES,2022,BANNER NET PAYROLL,0.0,status=banner_missing; banner=0.0; parsed_body=0.0. Banner checks are advisory; review against the source before treating this as a parser defect.,118sdoc13|banner_check_missing|1084|INTERN COMPENSATION - DAINES|2022|BANNER NET PAYROLL|0.0
warning,banner_check_missing,118sdoc13,GPO-CDOC-118sdoc13.pdf,1085,SENATOR STEVE DAINES,2023,BANNER NET PAYROLL,0.0,status=banner_missing; banner=0.0; parsed_body=0.0. Banner checks are advisory; review against the source before treating this as a parser defect.,118sdoc13|banner_check_missing|1085|SENATOR STEVE DAINES|2023|BANNER NET PAYROLL|0.0
warning,banner_check_missing,118sdoc13,GPO-CDOC-118sdoc13.pdf,1086,INTERN COMPENSATION - DAINES,2023,BANNER NET PAYROLL,0.0,status=banner_missing; banner=0.0; parsed_body=0.0. Banner checks are advisory; review against the source before treating this as a parser defect.,118sdoc13|banner_check_missing|1086|INTERN COMPENSATION - DAINES|2023|BANNER NET PAYROLL|0.0
warning,banner_check_discrepancy,118sdoc13,GPO-CDOC-118sdoc13.pdf,1087,SENATOR STEVE DAINES,2024,BANNER ORGANIZATION TOTALS,1897235.29,status=fail; banner=1897235.29; parsed_body=1815659.19. Banner checks are advisory; review against the source before treating this as a parser defect.,118sdoc13|banner_check_discrepancy|1087|SENATOR STEVE DAINES|2024|BANNER ORGANIZATION TOTALS|1897235.29
warning,banner_check_missing,118sdoc13,GPO-CDOC-118sdoc13.pdf,1109,SENATOR TAMMY DUCKWORTH,2022,BANNER NET PAYROLL,0.0,status=banner_missing; banner=0.0; parsed_body=0.0. Banner checks are advisory; review against the source before treating this as a parser defect.,118sdoc13|banner_check_missing|1109|SENATOR TAMMY DUCKWORTH|2022|BANNER NET PAYROLL|0.0
warning,banner_check_missing,118sdoc13,GPO-CDOC-118sdoc13.pdf,1110,INTERN COMPENSATION - DUCKWORTH,2022,BANNER NET PAYROLL,0.0,status=banner_missing; banner=0.0; parsed_body=0.0. Banner checks are advisory; review against the source before treating this as a parser defect.,118sdoc13|banner_check_missing|1110|INTERN COMPENSATION - DUCKWORTH|2022|BANNER NET PAYROLL|0.0
warning,banner_check_missing,118sdoc13,GPO-CDOC-118sdoc13.pdf,1111,SENATOR TAMMY DUCKWORTH,2023,BANNER NET PAYROLL,176.48,status=banner_missing; banner=176.48; parsed_body=0.0. Banner checks are advisory; review against the source before treating this as a parser defect.,118sdoc13|banner_check_missing|1111|SENATOR TAMMY DUCKWORTH|2023|BANNER NET PAYROLL|176.48
warning,banner_check_missing,118sdoc13,GPO-CDOC-118sdoc13.pdf,1112,INTERN COMPENSATION - DUCKWORTH,2023,BANNER NET PAYROLL,0.0,status=banner_missing; banner=0.0; parsed_body=0.0. Banner checks are advisory; review against the source before treating this as a parser defect.,118sdoc13|banner_check_missing|1112|INTERN COMPENSATION - DUCKWORTH|2023|BANNER NET PAYROLL|0.0
warning,banner_check_discrepancy,118sdoc13,GPO-CDOC-118sdoc13.pdf,1113,SENATOR TAMMY DUCKWORTH,2024,BANNER ORGANIZATION TOTALS,2768753.5,status=fail; banner=2768753.5; parsed_body=2724501.01. Banner checks are advisory; review against the source before treating this as a parser defect.,118sdoc13|banner_check_discrepancy|1113|SENATOR TAMMY DUCKWORTH|2024|BANNER ORGANIZATION TOTALS|2768753.5
warning,banner_check_missing,118sdoc13,GPO-CDOC-118sdoc13.pdf,1132,SENATOR RICHARD J. DURBIN,2022,BANNER NET PAYROLL,0.0,status=banner_missing; banner=0.0; parsed_body=0.0. Banner checks are advisory; review against the source before treating this as a parser defect.,118sdoc13|banner_check_missing|1132|SENATOR RICHARD J. DURBIN|2022|BANNER NET PAYROLL|0.0
warning,banner_check_missing,118sdoc13,GPO-CDOC-118sdoc13.pdf,1133,INTERN COMPENSATION - DURBIN,2022,BANNER NET PAYROLL,0.0,status=banner_missing; banner=0.0; parsed_body=0.0. Banner checks are advisory; review against the source before treating this as a parser defect.,118sdoc13|banner_check_missing|1133|INTERN COMPENSATION - DURBIN|2022|BANNER NET PAYROLL|0.0
warning,banner_check_missing,118sdoc13,GPO-CDOC-118sdoc13.pdf,1134,SENATOR RICHARD J. DURBIN,2023,BANNER NET PAYROLL,189.02,status=banner_missing; banner=189.02; parsed_body=0.0. Banner checks are advisory; review against the source before treating this as a parser defect.,118sdoc13|banner_check_missing|1134|SENATOR RICHARD J. DURBIN|2023|BANNER NET PAYROLL|189.02
warning,banner_check_discrepancy,118sdoc13,GPO-CDOC-118sdoc13.pdf,1134,SENATOR RICHARD J. DURBIN,2023,BANNER ORGANIZATION TOTALS,1354.08,status=fail; banner=1354.08; parsed_body=189.02. Banner checks are advisory; review against the source before treating this as a parser defect.,118sdoc13|banner_check_discrepancy|1134|SENATOR RICHARD J. DURBIN|2023|BANNER ORGANIZATION TOTALS|1354.08
warning,banner_check_missing,118sdoc13,GPO-CDOC-118sdoc13.pdf,1135,INTERN COMPENSATION - DURBIN,2023,BANNER NET PAYROLL,0.0,status=banner_missing; banner=0.0; parsed_body=0.0. Banner checks are advisory; review against the source before treating this as a parser defect.,118sdoc13|banner_check_missing|1135|INTERN COMPENSATION - DURBIN|2023|BANNER NET PAYROLL|0.0
warning,banner_check_discrepancy,118sdoc13,GPO-CDOC-118sdoc13.pdf,1136,SENATOR RICHARD J. DURBIN,2024,BANNER NET PAYROLL,2388714.87,status=fail; banner=2388714.87; parsed_body=2448714.87. Banner checks are advisory; review against the source before treating this as a parser defect.,118sdoc13|banner_check_discrepancy|1136|SENATOR RICHARD J. DURBIN|2024|BANNER NET PAYROLL|2388714.87
warning,banner_check_discrepancy,118sdoc13,GPO-CDOC-118sdoc13.pdf,1136,SENATOR RICHARD J. DURBIN,2024,BANNER ORGANIZATION TOTALS,2464435.63,status=fail; banner=2464435.63; parsed_body=2484217.79. Banner checks are advisory; review against the source before treating this as a parser defect.,118sdoc13|banner_check_discrepancy|1136|SENATOR RICHARD J. DURBIN|2024|BANNER ORGANIZATION TOTALS|2464435.63
warning,banner_check_missing,118sdoc13,GPO-CDOC-118sdoc13.pdf,1147,SENATOR JONI ERNST,2022,BANNER NET PAYROLL,895.09,status=banner_missing; banner=895.09; parsed_body=0.0. Banner checks are advisory; review against the source before treating this as a parser defect.,118sdoc13|banner_check_missing|1147|SENATOR JONI ERNST|2022|BANNER NET PAYROLL|895.09
warning,banner_check_discrepancy,118sdoc13,GPO-CDOC-118sdoc13.pdf,1147,SENATOR JONI ERNST,2022,BANNER ORGANIZATION TOTALS,23010.29,status=fail; banner=23010.29; parsed_body=23033.29. Banner checks are advisory; review against the source before treating this as a parser defect.,118sdoc13|banner_check_discrepancy|1147|SENATOR JONI ERNST|2022|BANNER ORGANIZATION TOTALS|23010.29
warning,banner_check_missing,118sdoc13,GPO-CDOC-118sdoc13.pdf,1148,INTERN COMPENSATION - ERNST,2022,BANNER NET PAYROLL,0.0,status=banner_missing; banner=0.0; parsed_body=0.0. Banner checks are advisory; review against the source before treating this as a parser defect.,118sdoc13|banner_check_missing|1148|INTERN COMPENSATION - ERNST|2022|BANNER NET PAYROLL|0.0
warning,banner_check_missing,118sdoc13,GPO-CDOC-118sdoc13.pdf,1149,SENATOR JONI ERNST,2023,BANNER NET PAYROLL,159.16,status=banner_missing; banner=159.16; parsed_body=0.0. Banner checks are advisory; review against the source before treating this as a parser defect.,118sdoc13|banner_check_missing|1149|SENATOR JONI ERNST|2023|BANNER NET PAYROLL|159.16
warning,banner_check_missing,118sdoc13,GPO-CDOC-118sdoc13.pdf,1150,INTERN COMPENSATION - ERNST,2023,BANNER NET PAYROLL,0.0,status=banner_missing; banner=0.0; parsed_body=0.0. Banner checks are advisory; review against the source before treating this as a parser defect.,118sdoc13|banner_check_missing|1150|INTERN COMPENSATION - ERNST|2023|BANNER NET PAYROLL|0.0
warning,banner_check_discrepancy,118sdoc13,GPO-CDOC-118sdoc13.pdf,1151,SENATOR JONI ERNST,2024,BANNER ORGANIZATION TOTALS,2249473.12,status=fail; banner=2249473.12; parsed_body=2214802.22. Banner checks are advisory; review against the source before treating this as a parser defect.,118sdoc13|banner_check_discrepancy|1151|SENATOR JONI ERNST|2024|BANNER ORGANIZATION TOTALS|2249473.12
warning,banner_check_missing,118sdoc13,GPO-CDOC-118sdoc13.pdf,1179,SENATOR DIANNE FEINSTEIN,2022,BANNER NET PAYROLL,0.0,status=banner_missing; banner=0.0; parsed_body=0.0. Banner checks are advisory; review against the source before treating this as a parser defect.,118sdoc13|banner_check_missing|1179|SENATOR DIANNE FEINSTEIN|2022|BANNER NET PAYROLL|0.0
warning,banner_check_missing,118sdoc13,GPO-CDOC-118sdoc13.pdf,1180,INTERN COMPENSATION - FEINSTEIN,2022,BANNER NET PAYROLL,0.0,status=banner_missing; banner=0.0; parsed_body=0.0. Banner checks are advisory; review against the source before treating this as a parser defect.,118sdoc13|banner_check_missing|1180|INTERN COMPENSATION - FEINSTEIN|2022|BANNER NET PAYROLL|0.0
warning,banner_check_missing,118sdoc13,GPO-CDOC-118sdoc13.pdf,1181,SENATOR DIANNE FEINSTEIN,2023,BANNER NET PAYROLL,267.9,status=banner_missing; banner=267.9; parsed_body=0.0. Banner checks are advisory; review against the source before treating this as a parser defect.,118sdoc13|banner_check_missing|1181|SENATOR DIANNE FEINSTEIN|2023|BANNER NET PAYROLL|267.9
warning,banner_check_missing,118sdoc13,GPO-CDOC-118sdoc13.pdf,1182,INTERN COMPENSATION - FEINSTEIN,2023,BANNER NET PAYROLL,0.0,status=banner_missing; banner=0.0; parsed_body=0.0. Banner checks are advisory; review against the source before treating this as a parser defect.,118sdoc13|banner_check_missing|1182|INTERN COMPENSATION - FEINSTEIN|2023|BANNER NET PAYROLL|0.0
warning,banner_check_missing,118sdoc13,GPO-CDOC-118sdoc13.pdf,1183,SENATOR JOHN FETTERMAN,2023,BANNER NET PAYROLL,0.0,status=banner_missing; banner=0.0; parsed_body=0.0. Banner checks are advisory; review against the source before treating this as a parser defect.,118sdoc13|banner_check_missing|1183|SENATOR JOHN FETTERMAN|2023|BANNER NET PAYROLL|0.0
warning,banner_check_missing,118sdoc13,GPO-CDOC-118sdoc13.pdf,1184,INTERN COMPENSATION - FETTERMAN,2023,BANNER NET PAYROLL,0.0,status=banner_missing; banner=0.0; parsed_body=0.0. Banner checks are advisory; review against the source before treating this as a parser defect.,118sdoc13|banner_check_missing|1184|INTERN COMPENSATION - FETTERMAN|2023|BANNER NET PAYROLL|0.0
warning,banner_check_discrepancy,118sdoc13,GPO-CDOC-118sdoc13.pdf,1185,SENATOR JOHN FETTERMAN,2024,BANNER NET PAYROLL,2734129.06,status=fail; banner=2734129.06; parsed_body=2733083.1. Banner checks are advisory; review against the source before treating this as a parser defect.,118sdoc13|banner_check_discrepancy|1185|SENATOR JOHN FETTERMAN|2024|BANNER NET PAYROLL|2734129.06
warning,banner_check_discrepancy,118sdoc13,GPO-CDOC-118sdoc13.pdf,1185,SENATOR JOHN FETTERMAN,2024,BANNER ORGANIZATION TOTALS,2868226.65,status=fail; banner=2868226.65; parsed_body=2833590.64. Banner checks are advisory; review against the source before treating this as a parser defect.,118sdoc13|banner_check_discrepancy|1185|SENATOR JOHN FETTERMAN|2024|BANNER ORGANIZATION TOTALS|2868226.65
warning,banner_check_discrepancy,118sdoc13,GPO-CDOC-118sdoc13.pdf,1204,INTERN COMPENSATION - FETTERMAN,2024,BANNER NET PAYROLL,58582.48,status=fail; banner=58582.48; parsed_body=59628.44. Banner checks are advisory; review against the source before treating this as a parser defect.,118sdoc13|banner_check_discrepancy|1204|INTERN COMPENSATION - FETTERMAN|2024|BANNER NET PAYROLL|58582.48
warning,banner_check_discrepancy,118sdoc13,GPO-CDOC-118sdoc13.pdf,1204,INTERN COMPENSATION - FETTERMAN,2024,BANNER ORGANIZATION TOTALS,58582.48,status=fail; banner=58582.48; parsed_body=59628.44. Banner checks are advisory; review against the source before treating this as a parser defect.,118sdoc13|banner_check_discrepancy|1204|INTERN COMPENSATION - FETTERMAN|2024|BANNER ORGANIZATION TOTALS|58582.48
warning,banner_check_missing,118sdoc13,GPO-CDOC-118sdoc13.pdf,1205,SENATOR DEB FISCHER,2022,BANNER NET PAYROLL,0.0,status=banner_missing; banner=0.0; parsed_body=0.0. Banner checks are advisory; review against the source before treating this as a parser defect.,118sdoc13|banner_check_missing|1205|SENATOR DEB FISCHER|2022|BANNER NET PAYROLL|0.0
warning,banner_check_missing,118sdoc13,GPO-CDOC-118sdoc13.pdf,1206,INTERN COMPENSATION - FISCHER,2022,BANNER NET PAYROLL,0.0,status=banner_missing; banner=0.0; parsed_body=0.0. Banner checks are advisory; review against the source before treating this as a parser defect.,118sdoc13|banner_check_missing|1206|INTERN COMPENSATION - FISCHER|2022|BANNER NET PAYROLL|0.0
warning,banner_check_missing,118sdoc13,GPO-CDOC-118sdoc13.pdf,1207,SENATOR DEB FISCHER,2023,BANNER NET PAYROLL,0.0,status=banner_missing; banner=0.0; parsed_body=0.0. Banner checks are advisory; review against the source before treating this as a parser defect.,118sdoc13|banner_check_missing|1207|SENATOR DEB FISCHER|2023|BANNER NET PAYROLL|0.0
warning,banner_check_missing,118sdoc13,GPO-CDOC-118sdoc13.pdf,1208,INTERN COMPENSATION - FISCHER,2023,BANNER NET PAYROLL,0.0,status=banner_missing; banner=0.0; parsed_body=0.0. Banner checks are advisory; review against the source before treating this as a parser defect.,118sdoc13|banner_check_missing|1208|INTERN COMPENSATION - FISCHER|2023|BANNER NET PAYROLL|0.0
warning,banner_check_discrepancy,118sdoc13,GPO-CDOC-118sdoc13.pdf,1209,SENATOR DEB FISCHER,2024,BANNER NET PAYROLL,1739561.57,status=fail; banner=1739561.57; parsed_body=1799561.57. Banner checks are advisory; review against the source before treating this as a parser defect.,118sdoc13|banner_check_discrepancy|1209|SENATOR DEB FISCHER|2024|BANNER NET PAYROLL|1739561.57
warning,banner_check_discrepancy,118sdoc13,GPO-CDOC-118sdoc13.pdf,1209,SENATOR DEB FISCHER,2024,BANNER ORGANIZATION TOTALS,1814256.41,status=fail; banner=1814256.41; parsed_body=1844885.27. Banner checks are advisory; review against the source before treating this as a parser defect.,118sdoc13|banner_check_discrepancy|1209|SENATOR DEB FISCHER|2024|BANNER ORGANIZATION TOTALS|1814256.41
warning,banner_check_missing,118sdoc13,GPO-CDOC-118sdoc13.pdf,1220,SENATOR KIRSTEN GILLIBRAND,2022,BANNER NET PAYROLL,654.11,status=banner_missing; banner=654.11; parsed_body=0.0. Banner checks are advisory; review against the source before treating this as a parser defect.,118sdoc13|banner_check_missing|1220|SENATOR KIRSTEN GILLIBRAND|2022|BANNER NET PAYROLL|654.11
warning,banner_check_missing,118sdoc13,GPO-CDOC-118sdoc13.pdf,1222,SENATOR KIRSTEN GILLIBRAND,2023,BANNER NET PAYROLL,296.4,status=banner_missing; banner=296.4; parsed_body=0.0. Banner checks are advisory; review against the source before treating this as a parser defect.,118sdoc13|banner_check_missing|1222|SENATOR KIRSTEN GILLIBRAND|2023|BANNER NET PAYROLL|296.4
warning,banner_check_discrepancy,118sdoc13,GPO-CDOC-118sdoc13.pdf,1222,SENATOR KIRSTEN GILLIBRAND,2023,BANNER ORGANIZATION TOTALS,346.4,status=fail; banner=346.4; parsed_body=296.4. Banner checks are advisory; review against the source before treating this as a parser defect.,118sdoc13|banner_check_discrepancy|1222|SENATOR KIRSTEN GILLIBRAND|2023|BANNER ORGANIZATION TOTALS|346.4
warning,banner_check_missing,118sdoc13,GPO-CDOC-118sdoc13.pdf,1223,INTERN COMPENSATION - GILLIBRAND,2023,BANNER NET PAYROLL,0.0,status=banner_missing; banner=0.0; parsed_body=0.0. Banner checks are advisory; review against the source before treating this as a parser defect.,118sdoc13|banner_check_missing|1223|INTERN COMPENSATION - GILLIBRAND|2023|BANNER NET PAYROLL|0.0
warning,banner_check_discrepancy,118sdoc13,GPO-CDOC-118sdoc13.pdf,1224,SENATOR KIRSTEN GILLIBRAND,2024,BANNER ORGANIZATION TOTALS,2941113.2,status=fail; banner=2941113.2; parsed_body=2880413.62. Banner checks are advisory; review against the source before treating this as a parser defect.,118sdoc13|banner_check_discrepancy|1224|SENATOR KIRSTEN GILLIBRAND|2024|BANNER ORGANIZATION TOTALS|2941113.2
warning,banner_check_missing,118sdoc13,GPO-CDOC-118sdoc13.pdf,1251,SENATOR LINDSEY GRAHAM,2022,BANNER NET PAYROLL,0.0,status=banner_missing; banner=0.0; parsed_body=0.0. Banner checks are advisory; review against the source before treating this as a parser defect.,118sdoc13|banner_check_missing|1251|SENATOR LINDSEY GRAHAM|2022|BANNER NET PAYROLL|0.0
warning,banner_check_discrepancy,118sdoc13,GPO-CDOC-118sdoc13.pdf,1251,SENATOR LINDSEY GRAHAM,2022,BANNER ORGANIZATION TOTALS,5.02,status=fail; banner=5.02; parsed_body=0.0. Banner checks are advisory; review against the source before treating this as a parser defect.,118sdoc13|banner_check_discrepancy|1251|SENATOR LINDSEY GRAHAM|2022|BANNER ORGANIZATION TOTALS|5.02
warning,banner_check_missing,118sdoc13,GPO-CDOC-118sdoc13.pdf,1252,INTERN COMPENSATION - GRAHAM,2022,BANNER NET PAYROLL,0.0,status=banner_missing; banner=0.0; parsed_body=0.0. Banner checks are advisory; review against the source before treating this as a parser defect.,118sdoc13|banner_check_missing|1252|INTERN COMPENSATION - GRAHAM|2022|BANNER NET PAYROLL|0.0
warning,banner_check_missing,118sdoc13,GPO-CDOC-118sdoc13.pdf,1253,SENATOR LINDSEY GRAHAM,2023,BANNER NET PAYROLL,0.0,status=banner_missing; banner=0.0; parsed_body=0.0. Banner checks are advisory; review against the source before treating this as a parser defect.,118sdoc13|banner_check_missing|1253|SENATOR LINDSEY GRAHAM|2023|BANNER NET PAYROLL|0.0
warning,banner_check_discrepancy,118sdoc13,GPO-CDOC-118sdoc13.pdf,1253,SENATOR LINDSEY GRAHAM,2023,BANNER ORGANIZATION TOTALS,3709.41,status=fail; banner=3709.41; parsed_body=3426.36. Banner checks are advisory; review against the source before treating this as a parser defect.,118sdoc13|banner_check_discrepancy|1253|SENATOR LINDSEY GRAHAM|2023|BANNER ORGANIZATION TOTALS|3709.41
warning,banner_check_missing,118sdoc13,GPO-CDOC-118sdoc13.pdf,1254,INTERN COMPENSATION - GRAHAM,2023,BANNER NET PAYROLL,0.0,status=banner_missing; banner=0.0; parsed_body=0.0. Banner checks are advisory; review against the source before treating this as a parser defect.,118sdoc13|banner_check_missing|1254|INTERN COMPENSATION - GRAHAM|2023|BANNER NET PAYROLL|0.0
warning,banner_check_discrepancy,118sdoc13,GPO-CDOC-118sdoc13.pdf,1255,SENATOR LINDSEY GRAHAM,2024,BANNER ORGANIZATION TOTALS,2034671.91,status=fail; banner=2034671.91; parsed_body=1997426.86. Banner checks are advisory; review against the source before treating this as a parser defect.,118sdoc13|banner_check_discrepancy|1255|SENATOR LINDSEY GRAHAM|2024|BANNER ORGANIZATION TOTALS|2034671.91
warning,banner_check_missing,118sdoc13,GPO-CDOC-118sdoc13.pdf,1263,SENATOR CHARLES E. GRASSLEY,2022,BANNER NET PAYROLL,0.0,status=banner_missing; banner=0.0; parsed_body=0.0. Banner checks are advisory; review against the source before treating this as a parser defect.,118sdoc13|banner_check_missing|1263|SENATOR CHARLES E. GRASSLEY|2022|BANNER NET PAYROLL|0.0
warning,banner_check_missing,118sdoc13,GPO-CDOC-118sdoc13.pdf,1264,INTERN COMPENSATION - GRASSLEY,2022,BANNER NET PAYROLL,0.0,status=banner_missing; banner=0.0; parsed_body=0.0. Banner checks are advisory; review against the source before treating this as a parser defect.,118sdoc13|banner_check_missing|1264|INTERN COMPENSATION - GRASSLEY|2022|BANNER NET PAYROLL|0.0
warning,banner_check_missing,118sdoc13,GPO-CDOC-118sdoc13.pdf,1265,SENATOR CHARLES E. GRASSLEY,2023,BANNER NET PAYROLL,0.0,status=banner_missing; banner=0.0; parsed_body=0.0. Banner checks are advisory; review against the source before treating this as a parser defect.,118sdoc13|banner_check_missing|1265|SENATOR CHARLES E. GRASSLEY|2023|BANNER NET PAYROLL|0.0
warning,banner_check_discrepancy,118sdoc13,GPO-CDOC-118sdoc13.pdf,1265,SENATOR CHARLES E. GRASSLEY,2023,BANNER ORGANIZATION TOTALS,13.65,status=fail; banner=13.65; parsed_body=0.0. Banner checks are advisory; review against the source before treating this as a parser defect.,118sdoc13|banner_check_discrepancy|1265|SENATOR CHARLES E. GRASSLEY|2023|BANNER ORGANIZATION TOTALS|13.65
warning,banner_check_missing,118sdoc13,GPO-CDOC-118sdoc13.pdf,1266,INTERN COMPENSATION - GRASSLEY,2023,BANNER NET PAYROLL,0.0,status=banner_missing; banner=0.0; parsed_body=0.0. Banner checks are advisory; review against the source before treating this as a parser defect.,118sdoc13|banner_check_missing|1266|INTERN COMPENSATION - GRASSLEY|2023|BANNER NET PAYROLL|0.0
warning,banner_check_discrepancy,118sdoc13,GPO-CDOC-118sdoc13.pdf,1267,SENATOR CHARLES E. GRASSLEY,2024,BANNER NET PAYROLL,1169423.92,status=fail; banner=1169423.92; parsed_body=1167759.56. Banner checks are advisory; review against the source before treating this as a parser defect.,118sdoc13|banner_check_discrepancy|1267|SENATOR CHARLES E. GRASSLEY|2024|BANNER NET PAYROLL|1169423.92
warning,banner_check_discrepancy,118sdoc13,GPO-CDOC-118sdoc13.pdf,1267,SENATOR CHARLES E. GRASSLEY,2024,BANNER ORGANIZATION TOTALS,1339361.37,status=fail; banner=1339361.37; parsed_body=1251149.15. Banner checks are advisory; review against the source before treating this as a parser defect.,118sdoc13|banner_check_discrepancy|1267|SENATOR CHARLES E. GRASSLEY|2024|BANNER ORGANIZATION TOTALS|1339361.37
warning,banner_check_discrepancy,118sdoc13,GPO-CDOC-118sdoc13.pdf,1289,INTERN COMPENSATION - GRASSLEY,2024,BANNER NET PAYROLL,37427.1,status=fail; banner=37427.1; parsed_body=39091.46. Banner checks are advisory; review against the source before treating this as a parser defect.,118sdoc13|banner_check_discrepancy|1289|INTERN COMPENSATION - GRASSLEY|2024|BANNER NET PAYROLL|37427.1
warning,banner_check_discrepancy,118sdoc13,GPO-CDOC-118sdoc13.pdf,1289,INTERN COMPENSATION - GRASSLEY,2024,BANNER ORGANIZATION TOTALS,37427.1,status=fail; banner=37427.1; parsed_body=39091.46. Banner checks are advisory; review against the source before treating this as a parser defect.,118sdoc13|banner_check_discrepancy|1289|INTERN COMPENSATION - GRASSLEY|2024|BANNER ORGANIZATION TOTALS|37427.1
warning,banner_check_missing,118sdoc13,GPO-CDOC-118sdoc13.pdf,1290,SENATOR BILL HAGERTY,2022,BANNER NET PAYROLL,0.0,status=banner_missing; banner=0.0; parsed_body=0.0. Banner checks are advisory; review against the source before treating this as a parser defect.,118sdoc13|banner_check_missing|1290|SENATOR BILL HAGERTY|2022|BANNER NET PAYROLL|0.0
warning,banner_check_missing,118sdoc13,GPO-CDOC-118sdoc13.pdf,1291,INTERN COMPENSATION - HAGERTY,2022,BANNER NET PAYROLL,0.0,status=banner_missing; banner=0.0; parsed_body=0.0. Banner checks are advisory; review against the source before treating this as a parser defect.,118sdoc13|banner_check_missing|1291|INTERN COMPENSATION - HAGERTY|2022|BANNER NET PAYROLL|0.0
warning,banner_check_missing,118sdoc13,GPO-CDOC-118sdoc13.pdf,1292,SENATOR BILL HAGERTY,2023,BANNER NET PAYROLL,265.1,status=banner_missing; banner=265.1; parsed_body=0.0. Banner checks are advisory; review against the source before treating this as a parser defect.,118sdoc13|banner_check_missing|1292|SENATOR BILL HAGERTY|2023|BANNER NET PAYROLL|265.1
warning,banner_check_missing,118sdoc13,GPO-CDOC-118sdoc13.pdf,1293,INTERN COMPENSATION - HAGERTY,2023,BANNER NET PAYROLL,0.0,status=banner_missing; banner=0.0; parsed_body=0.0. Banner checks are advisory; review against the source before treating this as a parser defect.,118sdoc13|banner_check_missing|1293|INTERN COMPENSATION - HAGERTY|2023|BANNER NET PAYROLL|0.0
warning,banner_check_discrepancy,118sdoc13,GPO-CDOC-118sdoc13.pdf,1294,SENATOR BILL HAGERTY,2024,BANNER ORGANIZATION TOTALS,2395369.25,status=fail; banner=2395369.25; parsed_body=2344543.42. Banner checks are advisory; review against the source before treating this as a parser defect.,118sdoc13|banner_check_discrepancy|1294|SENATOR BILL HAGERTY|2024|BANNER ORGANIZATION TOTALS|2395369.25
warning,banner_check_missing,118sdoc13,GPO-CDOC-118sdoc13.pdf,1312,SENATOR MAGGIE HASSAN,2022,BANNER NET PAYROLL,0.0,status=banner_missing; banner=0.0; parsed_body=0.0. Banner checks are advisory; review against the source before treating this as a parser defect.,118sdoc13|banner_check_missing|1312|SENATOR MAGGIE HASSAN|2022|BANNER NET PAYROLL|0.0
warning,banner_check_missing,118sdoc13,GPO-CDOC-118sdoc13.pdf,1313,INTERN COMPENSATION - HASSAN,2022,BANNER NET PAYROLL,0.0,status=banner_missing; banner=0.0; parsed_body=0.0. Banner checks are advisory; review against the source before treating this as a parser defect.,118sdoc13|banner_check_missing|1313|INTERN COMPENSATION - HASSAN|2022|BANNER NET PAYROLL|0.0
warning,banner_check_missing,118sdoc13,GPO-CDOC-118sdoc13.pdf,1314,SENATOR MAGGIE HASSAN,2023,BANNER NET PAYROLL,0.0,status=banner_missing; banner=0.0; parsed_body=0.0. Banner checks are advisory; review against the source before treating this as a parser defect.,118sdoc13|banner_check_missing|1314|SENATOR MAGGIE HASSAN|2023|BANNER NET PAYROLL|0.0
warning,banner_check_missing,118sdoc13,GPO-CDOC-118sdoc13.pdf,1315,INTERN COMPENSATION - HASSAN,2023,BANNER NET PAYROLL,0.0,status=banner_missing; banner=0.0; parsed_body=0.0. Banner checks are advisory; review against the source before treating this as a parser defect.,118sdoc13|banner_check_missing|1315|INTERN COMPENSATION - HASSAN|2023|BANNER NET PAYROLL|0.0
warning,banner_check_discrepancy,118sdoc13,GPO-CDOC-118sdoc13.pdf,1316,SENATOR MAGGIE HASSAN,2024,BANNER ORGANIZATION TOTALS,2045666.65,status=fail; banner=2045666.65; parsed_body=2023927.22. Banner checks are advisory; review against the source before treating this as a parser defect.,118sdoc13|banner_check_discrepancy|1316|SENATOR MAGGIE HASSAN|2024|BANNER ORGANIZATION TOTALS|2045666.65
warning,banner_check_missing,118sdoc13,GPO-CDOC-118sdoc13.pdf,1330,SENATOR JOSH HAWLEY,2022,BANNER NET PAYROLL,0.0,status=banner_missing; banner=0.0; parsed_body=0.0. Banner checks are advisory; review against the source before treating this as a parser defect.,118sdoc13|banner_check_missing|1330|SENATOR JOSH HAWLEY|2022|BANNER NET PAYROLL|0.0
warning,banner_check_missing,118sdoc13,GPO-CDOC-118sdoc13.pdf,1331,INTERN COMPENSATION - HAWLEY,2022,BANNER NET PAYROLL,0.0,status=banner_missing; banner=0.0; parsed_body=0.0. Banner checks are advisory; review against the source before treating this as a parser defect.,118sdoc13|banner_check_missing|1331|INTERN COMPENSATION - HAWLEY|2022|BANNER NET PAYROLL|0.0
warning,banner_check_missing,118sdoc13,GPO-CDOC-118sdoc13.pdf,1332,SENATOR JOSH HAWLEY,2023,BANNER NET PAYROLL,0.0,status=banner_missing; banner=0.0; parsed_body=0.0. Banner checks are advisory; review against the source before treating this as a parser defect.,118sdoc13|banner_check_missing|1332|SENATOR JOSH HAWLEY|2023|BANNER NET PAYROLL|0.0
warning,banner_check_discrepancy,118sdoc13,GPO-CDOC-118sdoc13.pdf,1332,SENATOR JOSH HAWLEY,2023,BANNER ORGANIZATION TOTALS,13711.06,status=fail; banner=13711.06; parsed_body=13493.0. Banner checks are advisory; review against the source before treating this as a parser defect.,118sdoc13|banner_check_discrepancy|1332|SENATOR JOSH HAWLEY|2023|BANNER ORGANIZATION TOTALS|13711.06
warning,banner_check_missing,118sdoc13,GPO-CDOC-118sdoc13.pdf,1333,INTERN COMPENSATION - HAWLEY,2023,BANNER NET PAYROLL,0.0,status=banner_missing; banner=0.0; parsed_body=0.0. Banner checks are advisory; review against the source before treating this as a parser defect.,118sdoc13|banner_check_missing|1333|INTERN COMPENSATION - HAWLEY|2023|BANNER NET PAYROLL|0.0
warning,banner_check_discrepancy,118sdoc13,GPO-CDOC-118sdoc13.pdf,1334,SENATOR JOSH HAWLEY,2024,BANNER ORGANIZATION TOTALS,1815472.87,status=fail; banner=1815472.87; parsed_body=1770853.59. Banner checks are advisory; review against the source before treating this as a parser defect.,118sdoc13|banner_check_discrepancy|1334|SENATOR JOSH HAWLEY|2024|BANNER ORGANIZATION TOTALS|1815472.87
warning,banner_check_missing,118sdoc13,GPO-CDOC-118sdoc13.pdf,1366,SENATOR MARTIN HEINRICH,2022,BANNER NET PAYROLL,0.0,status=banner_missing; banner=0.0; parsed_body=0.0. Banner checks are advisory; review against the source before treating this as a parser defect.,118sdoc13|banner_check_missing|1366|SENATOR MARTIN HEINRICH|2022|BANNER NET PAYROLL|0.0
warning,banner_check_missing,118sdoc13,GPO-CDOC-118sdoc13.pdf,1367,INTERN COMPENSATION - HEINRICH,2022,BANNER NET PAYROLL,0.0,status=banner_missing; banner=0.0; parsed_body=0.0. Banner checks are advisory; review against the source before treating this as a parser defect.,118sdoc13|banner_check_missing|1367|INTERN COMPENSATION - HEINRICH|2022|BANNER NET PAYROLL|0.0
warning,banner_check_missing,118sdoc13,GPO-CDOC-118sdoc13.pdf,1368,SENATOR MARTIN HEINRICH,2023,BANNER NET PAYROLL,832.7,status=banner_missing; banner=832.7; parsed_body=0.0. Banner checks are advisory; review against the source before treating this as a parser defect.,118sdoc13|banner_check_missing|1368|SENATOR MARTIN HEINRICH|2023|BANNER NET PAYROLL|832.7
warning,banner_check_discrepancy,118sdoc13,GPO-CDOC-118sdoc13.pdf,1368,SENATOR MARTIN HEINRICH,2023,BANNER ORGANIZATION TOTALS,18971.2,status=fail; banner=18971.2; parsed_body=6613.81. Banner checks are advisory; review against the source before treating this as a parser defect.,118sdoc13|banner_check_discrepancy|1368|SENATOR MARTIN HEINRICH|2023|BANNER ORGANIZATION TOTALS|18971.2
warning,banner_check_missing,118sdoc13,GPO-CDOC-118sdoc13.pdf,1369,INTERN COMPENSATION - HEINRICH,2023,BANNER NET PAYROLL,0.0,status=banner_missing; banner=0.0; parsed_body=0.0. Banner checks are advisory; review against the source before treating this as a parser defect.,118sdoc13|banner_check_missing|1369|INTERN COMPENSATION - HEINRICH|2023|BANNER NET PAYROLL|0.0
warning,banner_check_discrepancy,118sdoc13,GPO-CDOC-118sdoc13.pdf,1370,SENATOR MARTIN HEINRICH,2024,BANNER ORGANIZATION TOTALS,2159420.7,status=fail; banner=2159420.7; parsed_body=2137608.87. Banner checks are advisory; review against the source before treating this as a parser defect.,118sdoc13|banner_check_discrepancy|1370|SENATOR MARTIN HEINRICH|2024|BANNER ORGANIZATION TOTALS|2159420.7
warning,banner_check_discrepancy,118sdoc13,GPO-CDOC-118sdoc13.pdf,1388,SENATOR GEORGE HELMY,2024,BANNER ORGANIZATION TOTALS,68603.5,status=fail; banner=68603.5; parsed_body=66954.94. Banner checks are advisory; review against the source before treating this as a parser defect.,118sdoc13|banner_check_discrepancy|1388|SENATOR GEORGE HELMY|2024|BANNER ORGANIZATION TOTALS|68603.5
warning,banner_check_missing,118sdoc13,GPO-CDOC-118sdoc13.pdf,1390,SENATOR JOHN HICKENLOOPER,2022,BANNER NET PAYROLL,0.0,status=banner_missing; banner=0.0; parsed_body=0.0. Banner checks are advisory; review against the source before treating this as a parser defect.,118sdoc13|banner_check_missing|1390|SENATOR JOHN HICKENLOOPER|2022|BANNER NET PAYROLL|0.0
warning,banner_check_missing,118sdoc13,GPO-CDOC-118sdoc13.pdf,1391,INTERN COMPENSATION - HICKENLOOPER,2022,BANNER NET PAYROLL,0.0,status=banner_missing; banner=0.0; parsed_body=0.0. Banner checks are advisory; review against the source before treating this as a parser defect.,118sdoc13|banner_check_missing|1391|INTERN COMPENSATION - HICKENLOOPER|2022|BANNER NET PAYROLL|0.0
warning,banner_check_missing,118sdoc13,GPO-CDOC-118sdoc13.pdf,1392,SENATOR JOHN HICKENLOOPER,2023,BANNER NET PAYROLL,0.0,status=banner_missing; banner=0.0; parsed_body=0.0. Banner checks are advisory; review against the source before treating this as a parser defect.,118sdoc13|banner_check_missing|1392|SENATOR JOHN HICKENLOOPER|2023|BANNER NET PAYROLL|0.0
warning,banner_check_missing,118sdoc13,GPO-CDOC-118sdoc13.pdf,1393,INTERN COMPENSATION - HICKENLOOPER,2023,BANNER NET PAYROLL,0.0,status=banner_missing; banner=0.0; parsed_body=0.0. Banner checks are advisory; review against the source before treating this as a parser defect.,118sdoc13|banner_check_missing|1393|INTERN COMPENSATION - HICKENLOOPER|2023|BANNER NET PAYROLL|0.0
warning,banner_check_discrepancy,118sdoc13,GPO-CDOC-118sdoc13.pdf,1394,SENATOR JOHN HICKENLOOPER,2024,BANNER NET PAYROLL,1946591.15,status=fail; banner=1946591.15; parsed_body=1940578.3. Banner checks are advisory; review against the source before treating this as a parser defect.,118sdoc13|banner_check_discrepancy|1394|SENATOR JOHN HICKENLOOPER|2024|BANNER NET PAYROLL|1946591.15
warning,banner_check_discrepancy,118sdoc13,GPO-CDOC-118sdoc13.pdf,1394,SENATOR JOHN HICKENLOOPER,2024,BANNER ORGANIZATION TOTALS,2143749.67,status=fail; banner=2143749.67; parsed_body=1996333.55. Banner checks are advisory; review against the source before treating this as a parser defect.,118sdoc13|banner_check_discrepancy|1394|SENATOR JOHN HICKENLOOPER|2024|BANNER ORGANIZATION TOTALS|2143749.67
warning,banner_check_discrepancy,118sdoc13,GPO-CDOC-118sdoc13.pdf,1405,INTERN COMPENSATION - HICKENLOOPER,2024,BANNER NET PAYROLL,32514.72,status=fail; banner=32514.72; parsed_body=38527.57. Banner checks are advisory; review against the source before treating this as a parser defect.,118sdoc13|banner_check_discrepancy|1405|INTERN COMPENSATION - HICKENLOOPER|2024|BANNER NET PAYROLL|32514.72
warning,banner_check_discrepancy,118sdoc13,GPO-CDOC-118sdoc13.pdf,1405,INTERN COMPENSATION - HICKENLOOPER,2024,BANNER ORGANIZATION TOTALS,32514.72,status=fail; banner=32514.72; parsed_body=38527.57. Banner checks are advisory; review against the source before treating this as a parser defect.,118sdoc13|banner_check_discrepancy|1405|INTERN COMPENSATION - HICKENLOOPER|2024|BANNER ORGANIZATION TOTALS|32514.72
warning,banner_check_missing,118sdoc13,GPO-CDOC-118sdoc13.pdf,1406,SENATOR MAZIE HIRONO,2022,BANNER NET PAYROLL,0.0,status=banner_missing; banner=0.0; parsed_body=0.0. Banner checks are advisory; review against the source before treating this as a parser defect.,118sdoc13|banner_check_missing|1406|SENATOR MAZIE HIRONO|2022|BANNER NET PAYROLL|0.0
warning,banner_check_missing,118sdoc13,GPO-CDOC-118sdoc13.pdf,1407,INTERN COMPENSATION - HIRONO,2022,BANNER NET PAYROLL,0.0,status=banner_missing; banner=0.0; parsed_body=0.0. Banner checks are advisory; review against the source before treating this as a parser defect.,118sdoc13|banner_check_missing|1407|INTERN COMPENSATION - HIRONO|2022|BANNER NET PAYROLL|0.0
warning,banner_check_missing,118sdoc13,GPO-CDOC-118sdoc13.pdf,1408,SENATOR MAZIE HIRONO,2023,BANNER NET PAYROLL,313.59,status=banner_missing; banner=313.59; parsed_body=0.0. Banner checks are advisory; review against the source before treating this as a parser defect.,118sdoc13|banner_check_missing|1408|SENATOR MAZIE HIRONO|2023|BANNER NET PAYROLL|313.59
warning,banner_check_missing,118sdoc13,GPO-CDOC-118sdoc13.pdf,1409,INTERN COMPENSATION - HIRONO,2023,BANNER NET PAYROLL,0.0,status=banner_missing; banner=0.0; parsed_body=0.0. Banner checks are advisory; review against the source before treating this as a parser defect.,118sdoc13|banner_check_missing|1409|INTERN COMPENSATION - HIRONO|2023|BANNER NET PAYROLL|0.0
warning,banner_check_discrepancy,118sdoc13,GPO-CDOC-118sdoc13.pdf,1410,SENATOR MAZIE HIRONO,2024,BANNER NET PAYROLL,1842747.34,status=fail; banner=1842747.34; parsed_body=1885630.41. Banner checks are advisory; review against the source before treating this as a parser defect.,118sdoc13|banner_check_discrepancy|1410|SENATOR MAZIE HIRONO|2024|BANNER NET PAYROLL|1842747.34
warning,banner_check_discrepancy,118sdoc13,GPO-CDOC-118sdoc13.pdf,1410,SENATOR MAZIE HIRONO,2024,BANNER ORGANIZATION TOTALS,2014336.26,status=fail; banner=2014336.26; parsed_body=2012342.7. Banner checks are advisory; review against the source before treating this as a parser defect.,118sdoc13|banner_check_discrepancy|1410|SENATOR MAZIE HIRONO|2024|BANNER ORGANIZATION TOTALS|2014336.26
warning,banner_check_discrepancy,118sdoc13,GPO-CDOC-118sdoc13.pdf,1417,INTERN COMPENSATION - HIRONO,2024,BANNER NET PAYROLL,34757.86,status=fail; banner=34757.86; parsed_body=34770.61. Banner checks are advisory; review against the source before treating this as a parser defect.,118sdoc13|banner_check_discrepancy|1417|INTERN COMPENSATION - HIRONO|2024|BANNER NET PAYROLL|34757.86
warning,banner_check_discrepancy,118sdoc13,GPO-CDOC-118sdoc13.pdf,1417,INTERN COMPENSATION - HIRONO,2024,BANNER ORGANIZATION TOTALS,34757.86,status=fail; banner=34757.86; parsed_body=34770.61. Banner checks are advisory; review against the source before treating this as a parser defect.,118sdoc13|banner_check_discrepancy|1417|INTERN COMPENSATION - HIRONO|2024|BANNER ORGANIZATION TOTALS|34757.86
warning,banner_check_missing,118sdoc13,GPO-CDOC-118sdoc13.pdf,1418,SENATOR JOHN HOEVEN,2022,BANNER NET PAYROLL,0.0,status=banner_missing; banner=0.0; parsed_body=0.0. Banner checks are advisory; review against the source before treating this as a parser defect.,118sdoc13|banner_check_missing|1418|SENATOR JOHN HOEVEN|2022|BANNER NET PAYROLL|0.0
warning,banner_check_missing,118sdoc13,GPO-CDOC-118sdoc13.pdf,1419,INTERN COMPENSATION - HOEVEN,2022,BANNER NET PAYROLL,0.0,status=banner_missing; banner=0.0; parsed_body=0.0. Banner checks are advisory; review against the source before treating this as a parser defect.,118sdoc13|banner_check_missing|1419|INTERN COMPENSATION - HOEVEN|2022|BANNER NET PAYROLL|0.0
warning,banner_check_discrepancy,118sdoc13,GPO-CDOC-118sdoc13.pdf,1420,SENATOR JOHN HOEVEN,2023,BANNER ORGANIZATION TOTALS,9818.46,status=fail; banner=9818.46; parsed_body=412.14. Banner checks are advisory; review against the source before treating this as a parser defect.,118sdoc13|banner_check_discrepancy|1420|SENATOR JOHN HOEVEN|2023|BANNER ORGANIZATION TOTALS|9818.46
warning,banner_check_missing,118sdoc13,GPO-CDOC-118sdoc13.pdf,1421,INTERN COMPENSATION - HOEVEN,2023,BANNER NET PAYROLL,0.0,status=banner_missing; banner=0.0; parsed_body=0.0. Banner checks are advisory; review against the source before treating this as a parser defect.,118sdoc13|banner_check_missing|1421|INTERN COMPENSATION - HOEVEN|2023|BANNER NET PAYROLL|0.0
warning,banner_check_discrepancy,118sdoc13,GPO-CDOC-118sdoc13.pdf,1422,SENATOR JOHN HOEVEN,2024,BANNER ORGANIZATION TOTALS,1690060.45,status=fail; banner=1690060.45; parsed_body=1665277.21. Banner checks are advisory; review against the source before treating this as a parser defect.,118sdoc13|banner_check_discrepancy|1422|SENATOR JOHN HOEVEN|2024|BANNER ORGANIZATION TOTALS|1690060.45
warning,banner_check_missing,118sdoc13,GPO-CDOC-118sdoc13.pdf,1432,SENATOR CINDY HYDE-SMITH,2022,BANNER NET PAYROLL,0.0,status=banner_missing; banner=0.0; parsed_body=0.0. Banner checks are advisory; review against the source before treating this as a parser defect.,118sdoc13|banner_check_missing|1432|SENATOR CINDY HYDE-SMITH|2022|BANNER NET PAYROLL|0.0
warning,banner_check_missing,118sdoc13,GPO-CDOC-118sdoc13.pdf,1433,INTERN COMPENSATION - HYDE-SMITH,2022,BANNER NET PAYROLL,0.0,status=banner_missing; banner=0.0; parsed_body=0.0. Banner checks are advisory; review against the source before treating this as a parser defect.,118sdoc13|banner_check_missing|1433|INTERN COMPENSATION - HYDE-SMITH|2022|BANNER NET PAYROLL|0.0
warning,banner_check_missing,118sdoc13,GPO-CDOC-118sdoc13.pdf,1434,SENATOR CINDY HYDE-SMITH,2023,BANNER NET PAYROLL,0.0,status=banner_missing; banner=0.0; parsed_body=0.0. Banner checks are advisory; review against the source before treating this as a parser defect.,118sdoc13|banner_check_missing|1434|SENATOR CINDY HYDE-SMITH|2023|BANNER NET PAYROLL|0.0
warning,banner_check_missing,118sdoc13,GPO-CDOC-118sdoc13.pdf,1435,INTERN COMPENSATION - HYDE-SMITH,2023,BANNER NET PAYROLL,0.0,status=banner_missing; banner=0.0; parsed_body=0.0. Banner checks are advisory; review against the source before treating this as a parser defect.,118sdoc13|banner_check_missing|1435|INTERN COMPENSATION - HYDE-SMITH|2023|BANNER NET PAYROLL|0.0
warning,banner_check_discrepancy,118sdoc13,GPO-CDOC-118sdoc13.pdf,1436,SENATOR CINDY HYDE-SMITH,2024,BANNER ORGANIZATION TOTALS,1839266.54,status=fail; banner=1839266.54; parsed_body=1814337.73. Banner checks are advisory; review against the source before treating this as a parser defect.,118sdoc13|banner_check_discrepancy|1436|SENATOR CINDY HYDE-SMITH|2024|BANNER ORGANIZATION TOTALS|1839266.54
warning,banner_check_missing,118sdoc13,GPO-CDOC-118sdoc13.pdf,1454,SENATOR JAMES M. INHOFE,2022,BANNER NET PAYROLL,0.0,status=banner_missing; banner=0.0; parsed_body=0.0. Banner checks are advisory; review against the source before treating this as a parser defect.,118sdoc13|banner_check_missing|1454|SENATOR JAMES M. INHOFE|2022|BANNER NET PAYROLL|0.0
warning,banner_check_missing,118sdoc13,GPO-CDOC-118sdoc13.pdf,1455,INTERN COMPENSATION - INHOFE,2022,BANNER NET PAYROLL,0.0,status=banner_missing; banner=0.0; parsed_body=0.0. Banner checks are advisory; review against the source before treating this as a parser defect.,118sdoc13|banner_check_missing|1455|INTERN COMPENSATION - INHOFE|2022|BANNER NET PAYROLL|0.0
warning,banner_check_missing,118sdoc13,GPO-CDOC-118sdoc13.pdf,1456,SENATOR JAMES M. INHOFE,2023,BANNER NET PAYROLL,0.0,status=banner_missing; banner=0.0; parsed_body=0.0. Banner checks are advisory; review against the source before treating this as a parser defect.,118sdoc13|banner_check_missing|1456|SENATOR JAMES M. INHOFE|2023|BANNER NET PAYROLL|0.0
warning,banner_check_missing,118sdoc13,GPO-CDOC-118sdoc13.pdf,1457,INTERN COMPENSATION - INHOFE,2023,BANNER NET PAYROLL,0.0,status=banner_missing; banner=0.0; parsed_body=0.0. Banner checks are advisory; review against the source before treating this as a parser defect.,118sdoc13|banner_check_missing|1457|INTERN COMPENSATION - INHOFE|2023|BANNER NET PAYROLL|0.0
warning,banner_check_missing,118sdoc13,GPO-CDOC-118sdoc13.pdf,1458,SENATOR RON JOHNSON,2022,BANNER NET PAYROLL,0.0,status=banner_missing; banner=0.0; parsed_body=0.0. Banner checks are advisory; review against the source before treating this as a parser defect.,118sdoc13|banner_check_missing|1458|SENATOR RON JOHNSON|2022|BANNER NET PAYROLL|0.0
warning,banner_check_missing,118sdoc13,GPO-CDOC-118sdoc13.pdf,1459,INTERN COMPENSATION - JOHNSON,2022,BANNER NET PAYROLL,0.0,status=banner_missing; banner=0.0; parsed_body=0.0. Banner checks are advisory; review against the source before treating this as a parser defect.,118sdoc13|banner_check_missing|1459|INTERN COMPENSATION - JOHNSON|2022|BANNER NET PAYROLL|0.0
warning,banner_check_missing,118sdoc13,GPO-CDOC-118sdoc13.pdf,1460,SENATOR RON JOHNSON,2023,BANNER NET PAYROLL,239.07,status=banner_missing; banner=239.07; parsed_body=0.0. Banner checks are advisory; review against the source before treating this as a parser defect.,118sdoc13|banner_check_missing|1460|SENATOR RON JOHNSON|2023|BANNER NET PAYROLL|239.07
warning,banner_check_missing,118sdoc13,GPO-CDOC-118sdoc13.pdf,1461,INTERN COMPENSATION - JOHNSON,2023,BANNER NET PAYROLL,0.0,status=banner_missing; banner=0.0; parsed_body=0.0. Banner checks are advisory; review against the source before treating this as a parser defect.,118sdoc13|banner_check_missing|1461|INTERN COMPENSATION - JOHNSON|2023|BANNER NET PAYROLL|0.0
warning,banner_check_discrepancy,118sdoc13,GPO-CDOC-118sdoc13.pdf,1462,SENATOR RON JOHNSON,2024,BANNER ORGANIZATION TOTALS,2348629.84,status=fail; banner=2348629.84; parsed_body=2318300.48. Banner checks are advisory; review against the source before treating this as a parser defect.,118sdoc13|banner_check_discrepancy|1462|SENATOR RON JOHNSON|2024|BANNER ORGANIZATION TOTALS|2348629.84
warning,banner_check_missing,118sdoc13,GPO-CDOC-118sdoc13.pdf,1478,SENATOR TIM KAINE,2022,BANNER NET PAYROLL,0.0,status=banner_missing; banner=0.0; parsed_body=0.0. Banner checks are advisory; review against the source before treating this as a parser defect.,118sdoc13|banner_check_missing|1478|SENATOR TIM KAINE|2022|BANNER NET PAYROLL|0.0
warning,banner_check_missing,118sdoc13,GPO-CDOC-118sdoc13.pdf,1479,INTERN COMPENSATION - KAINE,2022,BANNER NET PAYROLL,0.0,status=banner_missing; banner=0.0; parsed_body=0.0. Banner checks are advisory; review against the source before treating this as a parser defect.,118sdoc13|banner_check_missing|1479|INTERN COMPENSATION - KAINE|2022|BANNER NET PAYROLL|0.0
warning,banner_check_discrepancy,118sdoc13,GPO-CDOC-118sdoc13.pdf,1480,SENATOR TIM KAINE,2023,BANNER ORGANIZATION TOTALS,6225.08,status=fail; banner=6225.08; parsed_body=3485.08. Banner checks are advisory; review against the source before treating this as a parser defect.,118sdoc13|banner_check_discrepancy|1480|SENATOR TIM KAINE|2023|BANNER ORGANIZATION TOTALS|6225.08
warning,banner_check_missing,118sdoc13,GPO-CDOC-118sdoc13.pdf,1481,INTERN COMPENSATION - KAINE,2023,BANNER NET PAYROLL,0.0,status=banner_missing; banner=0.0; parsed_body=0.0. Banner checks are advisory; review against the source before treating this as a parser defect.,118sdoc13|banner_check_missing|1481|INTERN COMPENSATION - KAINE|2023|BANNER NET PAYROLL|0.0
warning,banner_check_discrepancy,118sdoc13,GPO-CDOC-118sdoc13.pdf,1482,SENATOR TIM KAINE,2024,BANNER NET PAYROLL,2017575.14,status=fail; banner=2017575.14; parsed_body=1996927.14. Banner checks are advisory; review against the source before treating this as a parser defect.,118sdoc13|banner_check_discrepancy|1482|SENATOR TIM KAINE|2024|BANNER NET PAYROLL|2017575.14
warning,banner_check_discrepancy,118sdoc13,GPO-CDOC-118sdoc13.pdf,1482,SENATOR TIM KAINE,2024,BANNER ORGANIZATION TOTALS,2091336.04,status=fail; banner=2091336.04; parsed_body=2030344.29. Banner checks are advisory; review against the source before treating this as a parser defect.,118sdoc13|banner_check_discrepancy|1482|SENATOR TIM KAINE|2024|BANNER ORGANIZATION TOTALS|2091336.04
warning,banner_check_discrepancy,118sdoc13,GPO-CDOC-118sdoc13.pdf,1493,INTERN COMPENSATION - KAINE,2024,BANNER NET PAYROLL,41581.32,status=fail; banner=41581.32; parsed_body=62229.32. Banner checks are advisory; review against the source before treating this as a parser defect.,118sdoc13|banner_check_discrepancy|1493|INTERN COMPENSATION - KAINE|2024|BANNER NET PAYROLL|41581.32
warning,banner_check_discrepancy,118sdoc13,GPO-CDOC-118sdoc13.pdf,1493,INTERN COMPENSATION - KAINE,2024,BANNER ORGANIZATION TOTALS,41581.32,status=fail; banner=41581.32; parsed_body=62229.32. Banner checks are advisory; review against the source before treating this as a parser defect.,118sdoc13|banner_check_discrepancy|1493|INTERN COMPENSATION - KAINE|2024|BANNER ORGANIZATION TOTALS|41581.32
warning,banner_check_missing,118sdoc13,GPO-CDOC-118sdoc13.pdf,1514,SENATOR MARK KELLY,2022,BANNER NET PAYROLL,0.0,status=banner_missing; banner=0.0; parsed_body=0.0. Banner checks are advisory; review against the source before treating this as a parser defect.,118sdoc13|banner_check_missing|1514|SENATOR MARK KELLY|2022|BANNER NET PAYROLL|0.0
warning,banner_check_missing,118sdoc13,GPO-CDOC-118sdoc13.pdf,1515,INTERN COMPENSATION - KELLY,2022,BANNER NET PAYROLL,0.0,status=banner_missing; banner=0.0; parsed_body=0.0. Banner checks are advisory; review against the source before treating this as a parser defect.,118sdoc13|banner_check_missing|1515|INTERN COMPENSATION - KELLY|2022|BANNER NET PAYROLL|0.0
warning,banner_check_missing,118sdoc13,GPO-CDOC-118sdoc13.pdf,1516,SENATOR MARK KELLY,2023,BANNER NET PAYROLL,0.0,status=banner_missing; banner=0.0; parsed_body=0.0. Banner checks are advisory; review against the source before treating this as a parser defect.,118sdoc13|banner_check_missing|1516|SENATOR MARK KELLY|2023|BANNER NET PAYROLL|0.0
warning,banner_check_missing,118sdoc13,GPO-CDOC-118sdoc13.pdf,1517,INTERN COMPENSATION - KELLY,2023,BANNER NET PAYROLL,0.0,status=banner_missing; banner=0.0; parsed_body=0.0. Banner checks are advisory; review against the source before treating this as a parser defect.,118sdoc13|banner_check_missing|1517|INTERN COMPENSATION - KELLY|2023|BANNER NET PAYROLL|0.0
warning,banner_check_discrepancy,118sdoc13,GPO-CDOC-118sdoc13.pdf,1518,SENATOR MARK KELLY,2024,BANNER NET PAYROLL,2223440.73,status=fail; banner=2223440.73; parsed_body=2223232.1. Banner checks are advisory; review against the source before treating this as a parser defect.,118sdoc13|banner_check_discrepancy|1518|SENATOR MARK KELLY|2024|BANNER NET PAYROLL|2223440.73
warning,banner_check_discrepancy,118sdoc13,GPO-CDOC-118sdoc13.pdf,1518,SENATOR MARK KELLY,2024,BANNER ORGANIZATION TOTALS,2415614.07,status=fail; banner=2415614.07; parsed_body=2347763.18. Banner checks are advisory; review against the source before treating this as a parser defect.,118sdoc13|banner_check_discrepancy|1518|SENATOR MARK KELLY|2024|BANNER ORGANIZATION TOTALS|2415614.07
warning,banner_check_discrepancy,118sdoc13,GPO-CDOC-118sdoc13.pdf,1534,INTERN COMPENSATION - KELLY,2024,BANNER NET PAYROLL,20564.32,status=fail; banner=20564.32; parsed_body=20772.95. Banner checks are advisory; review against the source before treating this as a parser defect.,118sdoc13|banner_check_discrepancy|1534|INTERN COMPENSATION - KELLY|2024|BANNER NET PAYROLL|20564.32
warning,banner_check_discrepancy,118sdoc13,GPO-CDOC-118sdoc13.pdf,1534,INTERN COMPENSATION - KELLY,2024,BANNER ORGANIZATION TOTALS,20564.32,status=fail; banner=20564.32; parsed_body=20772.95. Banner checks are advisory; review against the source before treating this as a parser defect.,118sdoc13|banner_check_discrepancy|1534|INTERN COMPENSATION - KELLY|2024|BANNER ORGANIZATION TOTALS|20564.32
warning,banner_check_missing,118sdoc13,GPO-CDOC-118sdoc13.pdf,1535,SENATOR JOHN N. KENNEDY,2022,BANNER NET PAYROLL,0.0,status=banner_missing; banner=0.0; parsed_body=0.0. Banner checks are advisory; review against the source before treating this as a parser defect.,118sdoc13|banner_check_missing|1535|SENATOR JOHN N. KENNEDY|2022|BANNER NET PAYROLL|0.0
warning,banner_check_missing,118sdoc13,GPO-CDOC-118sdoc13.pdf,1536,INTERN COMPENSATION - KENNEDY,2022,BANNER NET PAYROLL,0.0,status=banner_missing; banner=0.0; parsed_body=0.0. Banner checks are advisory; review against the source before treating this as a parser defect.,118sdoc13|banner_check_missing|1536|INTERN COMPENSATION - KENNEDY|2022|BANNER NET PAYROLL|0.0
warning,banner_check_missing,118sdoc13,GPO-CDOC-118sdoc13.pdf,1537,SENATOR JOHN N. KENNEDY,2023,BANNER NET PAYROLL,0.0,status=banner_missing; banner=0.0; parsed_body=0.0. Banner checks are advisory; review against the source before treating this as a parser defect.,118sdoc13|banner_check_missing|1537|SENATOR JOHN N. KENNEDY|2023|BANNER NET PAYROLL|0.0
warning,banner_check_missing,118sdoc13,GPO-CDOC-118sdoc13.pdf,1538,INTERN COMPENSATION - KENNEDY,2023,BANNER NET PAYROLL,0.0,status=banner_missing; banner=0.0; parsed_body=0.0. Banner checks are advisory; review against the source before treating this as a parser defect.,118sdoc13|banner_check_missing|1538|INTERN COMPENSATION - KENNEDY|2023|BANNER NET PAYROLL|0.0
warning,banner_check_discrepancy,118sdoc13,GPO-CDOC-118sdoc13.pdf,1539,SENATOR JOHN N. KENNEDY,2024,BANNER NET PAYROLL,2070060.05,status=fail; banner=2070060.05; parsed_body=2068026.81. Banner checks are advisory; review against the source before treating this as a parser defect.,118sdoc13|banner_check_discrepancy|1539|SENATOR JOHN N. KENNEDY|2024|BANNER NET PAYROLL|2070060.05
warning,banner_check_discrepancy,118sdoc13,GPO-CDOC-118sdoc13.pdf,1539,SENATOR JOHN N. KENNEDY,2024,BANNER ORGANIZATION TOTALS,2261883.81,status=fail; banner=2261883.81; parsed_body=2185275.36. Banner checks are advisory; review against the source before treating this as a parser defect.,118sdoc13|banner_check_discrepancy|1539|SENATOR JOHN N. KENNEDY|2024|BANNER ORGANIZATION TOTALS|2261883.81
warning,banner_check_discrepancy,118sdoc13,GPO-CDOC-118sdoc13.pdf,1574,INTERN COMPENSATION - KENNEDY,2024,BANNER NET PAYROLL,36966.68,status=fail; banner=36966.68; parsed_body=38999.92. Banner checks are advisory; review against the source before treating this as a parser defect.,118sdoc13|banner_check_discrepancy|1574|INTERN COMPENSATION - KENNEDY|2024|BANNER NET PAYROLL|36966.68
warning,banner_check_discrepancy,118sdoc13,GPO-CDOC-118sdoc13.pdf,1574,INTERN COMPENSATION - KENNEDY,2024,BANNER ORGANIZATION TOTALS,36966.68,status=fail; banner=36966.68; parsed_body=38999.92. Banner checks are advisory; review against the source before treating this as a parser defect.,118sdoc13|banner_check_discrepancy|1574|INTERN COMPENSATION - KENNEDY|2024|BANNER ORGANIZATION TOTALS|36966.68
warning,banner_check_missing,118sdoc13,GPO-CDOC-118sdoc13.pdf,1575,SENATOR ANGUS KING,2022,BANNER NET PAYROLL,0.0,status=banner_missing; banner=0.0; parsed_body=0.0. Banner checks are advisory; review against the source before treating this as a parser defect.,118sdoc13|banner_check_missing|1575|SENATOR ANGUS KING|2022|BANNER NET PAYROLL|0.0
warning,banner_check_missing,118sdoc13,GPO-CDOC-118sdoc13.pdf,1576,INTERN COMPENSATION - KING,2022,BANNER NET PAYROLL,0.0,status=banner_missing; banner=0.0; parsed_body=0.0. Banner checks are advisory; review against the source before treating this as a parser defect.,118sdoc13|banner_check_missing|1576|INTERN COMPENSATION - KING|2022|BANNER NET PAYROLL|0.0
warning,banner_check_missing,118sdoc13,GPO-CDOC-118sdoc13.pdf,1577,SENATOR ANGUS KING,2023,BANNER NET PAYROLL,0.0,status=banner_missing; banner=0.0; parsed_body=0.0. Banner checks are advisory; review against the source before treating this as a parser defect.,118sdoc13|banner_check_missing|1577|SENATOR ANGUS KING|2023|BANNER NET PAYROLL|0.0
warning,banner_check_discrepancy,118sdoc13,GPO-CDOC-118sdoc13.pdf,1577,SENATOR ANGUS KING,2023,BANNER ORGANIZATION TOTALS,2340.78,status=fail; banner=2340.78; parsed_body=0.0. Banner checks are advisory; review against the source before treating this as a parser defect.,118sdoc13|banner_check_discrepancy|1577|SENATOR ANGUS KING|2023|BANNER ORGANIZATION TOTALS|2340.78
warning,banner_check_missing,118sdoc13,GPO-CDOC-118sdoc13.pdf,1578,INTERN COMPENSATION - KING,2023,BANNER NET PAYROLL,0.0,status=banner_missing; banner=0.0; parsed_body=0.0. Banner checks are advisory; review against the source before treating this as a parser defect.,118sdoc13|banner_check_missing|1578|INTERN COMPENSATION - KING|2023|BANNER NET PAYROLL|0.0
warning,banner_check_discrepancy,118sdoc13,GPO-CDOC-118sdoc13.pdf,1579,SENATOR ANGUS KING,2024,BANNER ORGANIZATION TOTALS,2039674.71,status=fail; banner=2039674.71; parsed_body=1997582.24. Banner checks are advisory; review against the source before treating this as a parser defect.,118sdoc13|banner_check_discrepancy|1579|SENATOR ANGUS KING|2024|BANNER ORGANIZATION TOTALS|2039674.71
warning,banner_check_missing,118sdoc13,GPO-CDOC-118sdoc13.pdf,1592,SENATOR AMY KLOBUCHAR,2022,BANNER NET PAYROLL,0.0,status=banner_missing; banner=0.0; parsed_body=0.0. Banner checks are advisory; review against the source before treating this as a parser defect.,118sdoc13|banner_check_missing|1592|SENATOR AMY KLOBUCHAR|2022|BANNER NET PAYROLL|0.0
warning,banner_check_missing,118sdoc13,GPO-CDOC-118sdoc13.pdf,1593,INTERN COMPENSATION - KLOBUCHAR,2022,BANNER NET PAYROLL,0.0,status=banner_missing; banner=0.0; parsed_body=0.0. Banner checks are advisory; review against the source before treating this as a parser defect.,118sdoc13|banner_check_missing|1593|INTERN COMPENSATION - KLOBUCHAR|2022|BANNER NET PAYROLL|0.0
warning,banner_check_missing,118sdoc13,GPO-CDOC-118sdoc13.pdf,1594,SENATOR AMY KLOBUCHAR,2023,BANNER NET PAYROLL,39.95,status=banner_missing; banner=39.95; parsed_body=0.0. Banner checks are advisory; review against the source before treating this as a parser defect.,118sdoc13|banner_check_missing|1594|SENATOR AMY KLOBUCHAR|2023|BANNER NET PAYROLL|39.95
warning,banner_check_missing,118sdoc13,GPO-CDOC-118sdoc13.pdf,1595,INTERN COMPENSATION - KLOBUCHAR,2023,BANNER NET PAYROLL,0.0,status=banner_missing; banner=0.0; parsed_body=0.0. Banner checks are advisory; review against the source before treating this as a parser defect.,118sdoc13|banner_check_missing|1595|INTERN COMPENSATION - KLOBUCHAR|2023|BANNER NET PAYROLL|0.0
warning,banner_check_discrepancy,118sdoc13,GPO-CDOC-118sdoc13.pdf,1596,SENATOR AMY KLOBUCHAR,2024,BANNER NET PAYROLL,2141721.13,status=fail; banner=2141721.13; parsed_body=2140833.25. Banner checks are advisory; review against the source before treating this as a parser defect.,118sdoc13|banner_check_discrepancy|1596|SENATOR AMY KLOBUCHAR|2024|BANNER NET PAYROLL|2141721.13
warning,banner_check_discrepancy,118sdoc13,GPO-CDOC-118sdoc13.pdf,1596,SENATOR AMY KLOBUCHAR,2024,BANNER ORGANIZATION TOTALS,2220464.42,status=fail; banner=2220464.42; parsed_body=2192503.81. Banner checks are advisory; review against the source before treating this as a parser defect.,118sdoc13|banner_check_discrepancy|1596|SENATOR AMY KLOBUCHAR|2024|BANNER ORGANIZATION TOTALS|2220464.42
warning,banner_check_discrepancy,118sdoc13,GPO-CDOC-118sdoc13.pdf,1615,INTERN COMPENSATION - KLOBUCHAR,2024,BANNER NET PAYROLL,11195.41,status=fail; banner=11195.41; parsed_body=12083.29. Banner checks are advisory; review against the source before treating this as a parser defect.,118sdoc13|banner_check_discrepancy|1615|INTERN COMPENSATION - KLOBUCHAR|2024|BANNER NET PAYROLL|11195.41
warning,banner_check_discrepancy,118sdoc13,GPO-CDOC-118sdoc13.pdf,1615,INTERN COMPENSATION - KLOBUCHAR,2024,BANNER ORGANIZATION TOTALS,11195.41,status=fail; banner=11195.41; parsed_body=12083.29. Banner checks are advisory; review against the source before treating this as a parser defect.,118sdoc13|banner_check_discrepancy|1615|INTERN COMPENSATION - KLOBUCHAR|2024|BANNER ORGANIZATION TOTALS|11195.41
warning,banner_check_missing,118sdoc13,GPO-CDOC-118sdoc13.pdf,1616,SENATOR JAMES LANKFORD,2022,BANNER NET PAYROLL,0.0,status=banner_missing; banner=0.0; parsed_body=0.0. Banner checks are advisory; review against the source before treating this as a parser defect.,118sdoc13|banner_check_missing|1616|SENATOR JAMES LANKFORD|2022|BANNER NET PAYROLL|0.0
warning,banner_check_missing,118sdoc13,GPO-CDOC-118sdoc13.pdf,1617,INTERN COMPENSATION - LANKFORD,2022,BANNER NET PAYROLL,0.0,status=banner_missing; banner=0.0; parsed_body=0.0. Banner checks are advisory; review against the source before treating this as a parser defect.,118sdoc13|banner_check_missing|1617|INTERN COMPENSATION - LANKFORD|2022|BANNER NET PAYROLL|0.0
warning,banner_check_missing,118sdoc13,GPO-CDOC-118sdoc13.pdf,1618,SENATOR JAMES LANKFORD,2023,BANNER NET PAYROLL,0.0,status=banner_missing; banner=0.0; parsed_body=0.0. Banner checks are advisory; review against the source before treating this as a parser defect.,118sdoc13|banner_check_missing|1618|SENATOR JAMES LANKFORD|2023|BANNER NET PAYROLL|0.0
warning,banner_check_discrepancy,118sdoc13,GPO-CDOC-118sdoc13.pdf,1618,SENATOR JAMES LANKFORD,2023,BANNER ORGANIZATION TOTALS,69.99,status=fail; banner=69.99; parsed_body=0.0. Banner checks are advisory; review against the source before treating this as a parser defect.,118sdoc13|banner_check_discrepancy|1618|SENATOR JAMES LANKFORD|2023|BANNER ORGANIZATION TOTALS|69.99
warning,banner_check_missing,118sdoc13,GPO-CDOC-118sdoc13.pdf,1619,INTERN COMPENSATION - LANKFORD,2023,BANNER NET PAYROLL,0.0,status=banner_missing; banner=0.0; parsed_body=0.0. Banner checks are advisory; review against the source before treating this as a parser defect.,118sdoc13|banner_check_missing|1619|INTERN COMPENSATION - LANKFORD|2023|BANNER NET PAYROLL|0.0
warning,banner_check_discrepancy,118sdoc13,GPO-CDOC-118sdoc13.pdf,1620,SENATOR JAMES LANKFORD,2024,BANNER NET PAYROLL,1706986.13,status=fail; banner=1706986.13; parsed_body=1802723.64. Banner checks are advisory; review against the source before treating this as a parser defect.,118sdoc13|banner_check_discrepancy|1620|SENATOR JAMES LANKFORD|2024|BANNER NET PAYROLL|1706986.13
warning,banner_check_discrepancy,118sdoc13,GPO-CDOC-118sdoc13.pdf,1620,SENATOR JAMES LANKFORD,2024,BANNER ORGANIZATION TOTALS,1847187.15,status=fail; banner=1847187.15; parsed_body=1903037.27. Banner checks are advisory; review against the source before treating this as a parser defect.,118sdoc13|banner_check_discrepancy|1620|SENATOR JAMES LANKFORD|2024|BANNER ORGANIZATION TOTALS|1847187.15
warning,banner_check_missing,118sdoc13,GPO-CDOC-118sdoc13.pdf,1652,SENATOR PATRICK J. LEAHY,2022,BANNER NET PAYROLL,0.0,status=banner_missing; banner=0.0; parsed_body=0.0. Banner checks are advisory; review against the source before treating this as a parser defect.,118sdoc13|banner_check_missing|1652|SENATOR PATRICK J. LEAHY|2022|BANNER NET PAYROLL|0.0
warning,banner_check_missing,118sdoc13,GPO-CDOC-118sdoc13.pdf,1653,INTERN COMPENSATION - LEAHY,2022,BANNER NET PAYROLL,0.0,status=banner_missing; banner=0.0; parsed_body=0.0. Banner checks are advisory; review against the source before treating this as a parser defect.,118sdoc13|banner_check_missing|1653|INTERN COMPENSATION - LEAHY|2022|BANNER NET PAYROLL|0.0
warning,banner_check_missing,118sdoc13,GPO-CDOC-118sdoc13.pdf,1654,SENATOR PATRICK J. LEAHY,2023,BANNER NET PAYROLL,0.0,status=banner_missing; banner=0.0; parsed_body=0.0. Banner checks are advisory; review against the source before treating this as a parser defect.,118sdoc13|banner_check_missing|1654|SENATOR PATRICK J. LEAHY|2023|BANNER NET PAYROLL|0.0
warning,banner_check_missing,118sdoc13,GPO-CDOC-118sdoc13.pdf,1655,INTERN COMPENSATION - LEAHY,2023,BANNER NET PAYROLL,0.0,status=banner_missing; banner=0.0; parsed_body=0.0. Banner checks are advisory; review against the source before treating this as a parser defect.,118sdoc13|banner_check_missing|1655|INTERN COMPENSATION - LEAHY|2023|BANNER NET PAYROLL|0.0
warning,banner_check_missing,118sdoc13,GPO-CDOC-118sdoc13.pdf,1656,SENATOR MIKE LEE,2022,BANNER NET PAYROLL,45.02,status=banner_missing; banner=45.02; parsed_body=0.0. Banner checks are advisory; review against the source before treating this as a parser defect.,118sdoc13|banner_check_missing|1656|SENATOR MIKE LEE|2022|BANNER NET PAYROLL|45.02
warning,banner_check_discrepancy,118sdoc13,GPO-CDOC-118sdoc13.pdf,1656,SENATOR MIKE LEE,2022,BANNER ORGANIZATION TOTALS,45.02,status=fail; banner=45.02; parsed_body=0.0. Banner checks are advisory; review against the source before treating this as a parser defect.,118sdoc13|banner_check_discrepancy|1656|SENATOR MIKE LEE|2022|BANNER ORGANIZATION TOTALS|45.02
warning,banner_check_missing,118sdoc13,GPO-CDOC-118sdoc13.pdf,1657,INTERN COMPENSATION - LEE,2022,BANNER NET PAYROLL,0.0,status=banner_missing; banner=0.0; parsed_body=0.0. Banner checks are advisory; review against the source before treating this as a parser defect.,118sdoc13|banner_check_missing|1657|INTERN COMPENSATION - LEE|2022|BANNER NET PAYROLL|0.0
warning,banner_check_missing,118sdoc13,GPO-CDOC-118sdoc13.pdf,1658,SENATOR MIKE LEE,2023,BANNER NET PAYROLL,0.0,status=banner_missing; banner=0.0; parsed_body=0.0. Banner checks are advisory; review against the source before treating this as a parser defect.,118sdoc13|banner_check_missing|1658|SENATOR MIKE LEE|2023|BANNER NET PAYROLL|0.0
warning,banner_check_missing,118sdoc13,GPO-CDOC-118sdoc13.pdf,1659,INTERN COMPENSATION - LEE,2023,BANNER NET PAYROLL,0.0,status=banner_missing; banner=0.0; parsed_body=0.0. Banner checks are advisory; review against the source before treating this as a parser defect.,118sdoc13|banner_check_missing|1659|INTERN COMPENSATION - LEE|2023|BANNER NET PAYROLL|0.0
warning,banner_check_discrepancy,118sdoc13,GPO-CDOC-118sdoc13.pdf,1660,SENATOR MIKE LEE,2024,BANNER ORGANIZATION TOTALS,2071569.08,status=fail; banner=2071569.08; parsed_body=2012308.72. Banner checks are advisory; review against the source before treating this as a parser defect.,118sdoc13|banner_check_discrepancy|1660|SENATOR MIKE LEE|2024|BANNER ORGANIZATION TOTALS|2071569.08
warning,banner_check_missing,118sdoc13,GPO-CDOC-118sdoc13.pdf,1677,SENATOR BEN RAY LUJAN,2022,BANNER NET PAYROLL,16.96,status=banner_missing; banner=16.96; parsed_body=0.0. Banner checks are advisory; review against the source before treating this as a parser defect.,118sdoc13|banner_check_missing|1677|SENATOR BEN RAY LUJAN|2022|BANNER NET PAYROLL|16.96
warning,banner_check_missing,118sdoc13,GPO-CDOC-118sdoc13.pdf,1678,INTERN COMPENSATION - LUJAN,2022,BANNER NET PAYROLL,0.0,status=banner_missing; banner=0.0; parsed_body=0.0. Banner checks are advisory; review against the source before treating this as a parser defect.,118sdoc13|banner_check_missing|1678|INTERN COMPENSATION - LUJAN|2022|BANNER NET PAYROLL|0.0
warning,banner_check_missing,118sdoc13,GPO-CDOC-118sdoc13.pdf,1679,SENATOR BEN RAY LUJAN,2023,BANNER NET PAYROLL,72.01,status=banner_missing; banner=72.01; parsed_body=0.0. Banner checks are advisory; review against the source before treating this as a parser defect.,118sdoc13|banner_check_missing|1679|SENATOR BEN RAY LUJAN|2023|BANNER NET PAYROLL|72.01
warning,banner_check_missing,118sdoc13,GPO-CDOC-118sdoc13.pdf,1681,INTERN COMPENSATION - LUJAN,2023,BANNER NET PAYROLL,0.0,status=banner_missing; banner=0.0; parsed_body=0.0. Banner checks are advisory; review against the source before treating this as a parser defect.,118sdoc13|banner_check_missing|1681|INTERN COMPENSATION - LUJAN|2023|BANNER NET PAYROLL|0.0
warning,banner_check_discrepancy,118sdoc13,GPO-CDOC-118sdoc13.pdf,1682,SENATOR BEN RAY LUJAN,2024,BANNER ORGANIZATION TOTALS,1933758.68,status=fail; banner=1933758.68; parsed_body=1906082.2. Banner checks are advisory; review against the source before treating this as a parser defect.,118sdoc13|banner_check_discrepancy|1682|SENATOR BEN RAY LUJAN|2024|BANNER ORGANIZATION TOTALS|1933758.68
warning,banner_check_missing,118sdoc13,GPO-CDOC-118sdoc13.pdf,1694,SENATOR CYNTHIA LUMMIS,2022,BANNER NET PAYROLL,0.0,status=banner_missing; banner=0.0; parsed_body=0.0. Banner checks are advisory; review against the source before treating this as a parser defect.,118sdoc13|banner_check_missing|1694|SENATOR CYNTHIA LUMMIS|2022|BANNER NET PAYROLL|0.0
warning,banner_check_missing,118sdoc13,GPO-CDOC-118sdoc13.pdf,1695,INTERN COMPENSATION - LUMMIS,2022,BANNER NET PAYROLL,0.0,status=banner_missing; banner=0.0; parsed_body=0.0. Banner checks are advisory; review against the source before treating this as a parser defect.,118sdoc13|banner_check_missing|1695|INTERN COMPENSATION - LUMMIS|2022|BANNER NET PAYROLL|0.0
warning,banner_check_missing,118sdoc13,GPO-CDOC-118sdoc13.pdf,1696,SENATOR CYNTHIA LUMMIS,2023,BANNER NET PAYROLL,0.0,status=banner_missing; banner=0.0; parsed_body=0.0. Banner checks are advisory; review against the source before treating this as a parser defect.,118sdoc13|banner_check_missing|1696|SENATOR CYNTHIA LUMMIS|2023|BANNER NET PAYROLL|0.0
warning,banner_check_missing,118sdoc13,GPO-CDOC-118sdoc13.pdf,1697,INTERN COMPENSATION - LUMMIS,2023,BANNER NET PAYROLL,0.0,status=banner_missing; banner=0.0; parsed_body=0.0. Banner checks are advisory; review against the source before treating this as a parser defect.,118sdoc13|banner_check_missing|1697|INTERN COMPENSATION - LUMMIS|2023|BANNER NET PAYROLL|0.0
warning,banner_check_discrepancy,118sdoc13,GPO-CDOC-118sdoc13.pdf,1698,SENATOR CYNTHIA LUMMIS,2024,BANNER ORGANIZATION TOTALS,2214975.12,status=fail; banner=2214975.12; parsed_body=2125283.78. Banner checks are advisory; review against the source before treating this as a parser defect.,118sdoc13|banner_check_discrepancy|1698|SENATOR CYNTHIA LUMMIS|2024|BANNER ORGANIZATION TOTALS|2214975.12
warning,banner_check_missing,118sdoc13,GPO-CDOC-118sdoc13.pdf,1723,SENATOR JOE MANCHIN,2022,BANNER NET PAYROLL,0.0,status=banner_missing; banner=0.0; parsed_body=0.0. Banner checks are advisory; review against the source before treating this as a parser defect.,118sdoc13|banner_check_missing|1723|SENATOR JOE MANCHIN|2022|BANNER NET PAYROLL|0.0
warning,banner_check_missing,118sdoc13,GPO-CDOC-118sdoc13.pdf,1724,INTERN COMPENSATION - MANCHIN,2022,BANNER NET PAYROLL,0.0,status=banner_missing; banner=0.0; parsed_body=0.0. Banner checks are advisory; review against the source before treating this as a parser defect.,118sdoc13|banner_check_missing|1724|INTERN COMPENSATION - MANCHIN|2022|BANNER NET PAYROLL|0.0
warning,banner_check_missing,118sdoc13,GPO-CDOC-118sdoc13.pdf,1725,SENATOR JOE MANCHIN,2023,BANNER NET PAYROLL,0.0,status=banner_missing; banner=0.0; parsed_body=0.0. Banner checks are advisory; review against the source before treating this as a parser defect.,118sdoc13|banner_check_missing|1725|SENATOR JOE MANCHIN|2023|BANNER NET PAYROLL|0.0
warning,banner_check_missing,118sdoc13,GPO-CDOC-118sdoc13.pdf,1726,INTERN COMPENSATION - MANCHIN,2023,BANNER NET PAYROLL,0.0,status=banner_missing; banner=0.0; parsed_body=0.0. Banner checks are advisory; review against the source before treating this as a parser defect.,118sdoc13|banner_check_missing|1726|INTERN COMPENSATION - MANCHIN|2023|BANNER NET PAYROLL|0.0
warning,banner_check_discrepancy,118sdoc13,GPO-CDOC-118sdoc13.pdf,1727,SENATOR JOE MANCHIN,2024,BANNER ORGANIZATION TOTALS,1797013.0,status=fail; banner=1797013.0; parsed_body=1748218.64. Banner checks are advisory; review against the source before treating this as a parser defect.,118sdoc13|banner_check_discrepancy|1727|SENATOR JOE MANCHIN|2024|BANNER ORGANIZATION TOTALS|1797013.0
warning,banner_check_missing,118sdoc13,GPO-CDOC-118sdoc13.pdf,1742,SENATOR EDWARD MARKEY,2022,BANNER NET PAYROLL,0.0,status=banner_missing; banner=0.0; parsed_body=0.0. Banner checks are advisory; review against the source before treating this as a parser defect.,118sdoc13|banner_check_missing|1742|SENATOR EDWARD MARKEY|2022|BANNER NET PAYROLL|0.0
warning,banner_check_missing,118sdoc13,GPO-CDOC-118sdoc13.pdf,1743,INTERN COMPENSATION - MARKEY,2022,BANNER NET PAYROLL,0.0,status=banner_missing; banner=0.0; parsed_body=0.0. Banner checks are advisory; review against the source before treating this as a parser defect.,118sdoc13|banner_check_missing|1743|INTERN COMPENSATION - MARKEY|2022|BANNER NET PAYROLL|0.0
warning,banner_check_missing,118sdoc13,GPO-CDOC-118sdoc13.pdf,1744,SENATOR EDWARD MARKEY,2023,BANNER NET PAYROLL,1777.09,status=banner_missing; banner=1777.09; parsed_body=0.0. Banner checks are advisory; review against the source before treating this as a parser defect.,118sdoc13|banner_check_missing|1744|SENATOR EDWARD MARKEY|2023|BANNER NET PAYROLL|1777.09
warning,banner_check_discrepancy,118sdoc13,GPO-CDOC-118sdoc13.pdf,1744,SENATOR EDWARD MARKEY,2023,BANNER ORGANIZATION TOTALS,31593.63,status=fail; banner=31593.63; parsed_body=31348.53. Banner checks are advisory; review against the source before treating this as a parser defect.,118sdoc13|banner_check_discrepancy|1744|SENATOR EDWARD MARKEY|2023|BANNER ORGANIZATION TOTALS|31593.63
warning,banner_check_missing,118sdoc13,GPO-CDOC-118sdoc13.pdf,1745,INTERN COMPENSATION - MARKEY,2023,BANNER NET PAYROLL,0.0,status=banner_missing; banner=0.0; parsed_body=0.0. Banner checks are advisory; review against the source before treating this as a parser defect.,118sdoc13|banner_check_missing|1745|INTERN COMPENSATION - MARKEY|2023|BANNER NET PAYROLL|0.0
warning,banner_check_discrepancy,118sdoc13,GPO-CDOC-118sdoc13.pdf,1746,SENATOR EDWARD MARKEY,2024,BANNER ORGANIZATION TOTALS,2194172.43,status=fail; banner=2194172.43; parsed_body=2133240.63. Banner checks are advisory; review against the source before treating this as a parser defect.,118sdoc13|banner_check_discrepancy|1746|SENATOR EDWARD MARKEY|2024|BANNER ORGANIZATION TOTALS|2194172.43
warning,banner_check_missing,118sdoc13,GPO-CDOC-118sdoc13.pdf,1757,SENATOR ROGER MARSHALL,2022,BANNER NET PAYROLL,39.5,status=banner_missing; banner=39.5; parsed_body=0.0. Banner checks are advisory; review against the source before treating this as a parser defect.,118sdoc13|banner_check_missing|1757|SENATOR ROGER MARSHALL|2022|BANNER NET PAYROLL|39.5
warning,banner_check_missing,118sdoc13,GPO-CDOC-118sdoc13.pdf,1758,INTERN COMPENSATION - MARSHALL,2022,BANNER NET PAYROLL,0.0,status=banner_missing; banner=0.0; parsed_body=0.0. Banner checks are advisory; review against the source before treating this as a parser defect.,118sdoc13|banner_check_missing|1758|INTERN COMPENSATION - MARSHALL|2022|BANNER NET PAYROLL|0.0
warning,banner_check_missing,118sdoc13,GPO-CDOC-118sdoc13.pdf,1759,SENATOR ROGER MARSHALL,2023,BANNER NET PAYROLL,0.0,status=banner_missing; banner=0.0; parsed_body=0.0. Banner checks are advisory; review against the source before treating this as a parser defect.,118sdoc13|banner_check_missing|1759|SENATOR ROGER MARSHALL|2023|BANNER NET PAYROLL|0.0
warning,banner_check_discrepancy,118sdoc13,GPO-CDOC-118sdoc13.pdf,1759,SENATOR ROGER MARSHALL,2023,BANNER ORGANIZATION TOTALS,87738.08,status=fail; banner=87738.08; parsed_body=0.0. Banner checks are advisory; review against the source before treating this as a parser defect.,118sdoc13|banner_check_discrepancy|1759|SENATOR ROGER MARSHALL|2023|BANNER ORGANIZATION TOTALS|87738.08
warning,banner_check_missing,118sdoc13,GPO-CDOC-118sdoc13.pdf,1760,INTERN COMPENSATION - MARSHALL,2023,BANNER NET PAYROLL,0.0,status=banner_missing; banner=0.0; parsed_body=0.0. Banner checks are advisory; review against the source before treating this as a parser defect.,118sdoc13|banner_check_missing|1760|INTERN COMPENSATION - MARSHALL|2023|BANNER NET PAYROLL|0.0
warning,banner_check_discrepancy,118sdoc13,GPO-CDOC-118sdoc13.pdf,1761,SENATOR ROGER MARSHALL,2024,BANNER ORGANIZATION TOTALS,1737395.16,status=fail; banner=1737395.16; parsed_body=1673478.62. Banner checks are advisory; review against the source before treating this as a parser defect.,118sdoc13|banner_check_discrepancy|1761|SENATOR ROGER MARSHALL|2024|BANNER ORGANIZATION TOTALS|1737395.16
warning,banner_check_missing,118sdoc13,GPO-CDOC-118sdoc13.pdf,1784,"SENATOR A. MITCHELL MCCONNELL, JR.",2022,BANNER NET PAYROLL,0.0,status=banner_missing; banner=0.0; parsed_body=0.0. Banner checks are advisory; review against the source before treating this as a parser defect.,"118sdoc13|banner_check_missing|1784|SENATOR A. MITCHELL MCCONNELL, JR.|2022|BANNER NET PAYROLL|0.0"
warning,banner_check_missing,118sdoc13,GPO-CDOC-118sdoc13.pdf,1785,"INTERN COMPENSATION - MCCONNELL, JR.",2022,BANNER NET PAYROLL,0.0,status=banner_missing; banner=0.0; parsed_body=0.0. Banner checks are advisory; review against the source before treating this as a parser defect.,"118sdoc13|banner_check_missing|1785|INTERN COMPENSATION - MCCONNELL, JR.|2022|BANNER NET PAYROLL|0.0"
warning,banner_check_missing,118sdoc13,GPO-CDOC-118sdoc13.pdf,1786,"SENATOR A. MITCHELL MCCONNELL, JR.",2023,BANNER NET PAYROLL,1576.01,status=banner_missing; banner=1576.01; parsed_body=0.0. Banner checks are advisory; review against the source before treating this as a parser defect.,"118sdoc13|banner_check_missing|1786|SENATOR A. MITCHELL MCCONNELL, JR.|2023|BANNER NET PAYROLL|1576.01"
warning,banner_check_missing,118sdoc13,GPO-CDOC-118sdoc13.pdf,1787,"INTERN COMPENSATION - MCCONNELL, JR.",2023,BANNER NET PAYROLL,0.0,status=banner_missing; banner=0.0; parsed_body=0.0. Banner checks are advisory; review against the source before treating this as a parser defect.,"118sdoc13|banner_check_missing|1787|INTERN COMPENSATION - MCCONNELL, JR.|2023|BANNER NET PAYROLL|0.0"
warning,banner_check_discrepancy,118sdoc13,GPO-CDOC-118sdoc13.pdf,1788,"SENATOR A. MITCHELL MCCONNELL, JR.",2024,BANNER ORGANIZATION TOTALS,2188780.92,status=fail; banner=2188780.92; parsed_body=2157193.42. Banner checks are advisory; review against the source before treating this as a parser defect.,"118sdoc13|banner_check_discrepancy|1788|SENATOR A. MITCHELL MCCONNELL, JR.|2024|BANNER ORGANIZATION TOTALS|2188780.92"
warning,banner_check_missing,118sdoc13,GPO-CDOC-118sdoc13.pdf,1816,SENATOR ROBERT MENENDEZ,2022,BANNER NET PAYROLL,0.0,status=banner_missing; banner=0.0; parsed_body=0.0. Banner checks are advisory; review against the source before treating this as a parser defect.,118sdoc13|banner_check_missing|1816|SENATOR ROBERT MENENDEZ|2022|BANNER NET PAYROLL|0.0
warning,banner_check_missing,118sdoc13,GPO-CDOC-118sdoc13.pdf,1817,INTERN COMPENSATION - MENENDEZ,2022,BANNER NET PAYROLL,0.0,status=banner_missing; banner=0.0; parsed_body=0.0. Banner checks are advisory; review against the source before treating this as a parser defect.,118sdoc13|banner_check_missing|1817|INTERN COMPENSATION - MENENDEZ|2022|BANNER NET PAYROLL|0.0
warning,banner_check_missing,118sdoc13,GPO-CDOC-118sdoc13.pdf,1818,SENATOR ROBERT MENENDEZ,2023,BANNER NET PAYROLL,0.0,status=banner_missing; banner=0.0; parsed_body=0.0. Banner checks are advisory; review against the source before treating this as a parser defect.,118sdoc13|banner_check_missing|1818|SENATOR ROBERT MENENDEZ|2023|BANNER NET PAYROLL|0.0
warning,banner_check_missing,118sdoc13,GPO-CDOC-118sdoc13.pdf,1819,INTERN COMPENSATION - MENENDEZ,2023,BANNER NET PAYROLL,0.0,status=banner_missing; banner=0.0; parsed_body=0.0. Banner checks are advisory; review against the source before treating this as a parser defect.,118sdoc13|banner_check_missing|1819|INTERN COMPENSATION - MENENDEZ|2023|BANNER NET PAYROLL|0.0
warning,banner_check_discrepancy,118sdoc13,GPO-CDOC-118sdoc13.pdf,1820,SENATOR ROBERT MENENDEZ,2024,BANNER ORGANIZATION TOTALS,1453027.68,status=fail; banner=1453027.68; parsed_body=1411034.2. Banner checks are advisory; review against the source before treating this as a parser defect.,118sdoc13|banner_check_discrepancy|1820|SENATOR ROBERT MENENDEZ|2024|BANNER ORGANIZATION TOTALS|1453027.68
warning,banner_check_missing,118sdoc13,GPO-CDOC-118sdoc13.pdf,1824,INTERN COMPENSATION - MENENDEZ,2024,BANNER NET PAYROLL,0.0,status=banner_missing; banner=0.0; parsed_body=0.0. Banner checks are advisory; review against the source before treating this as a parser defect.,118sdoc13|banner_check_missing|1824|INTERN COMPENSATION - MENENDEZ|2024|BANNER NET PAYROLL|0.0
warning,banner_check_missing,118sdoc13,GPO-CDOC-118sdoc13.pdf,1825,SENATOR JEFF MERKLEY,2022,BANNER NET PAYROLL,0.0,status=banner_missing; banner=0.0; parsed_body=0.0. Banner checks are advisory; review against the source before treating this as a parser defect.,118sdoc13|banner_check_missing|1825|SENATOR JEFF MERKLEY|2022|BANNER NET PAYROLL|0.0
warning,banner_check_missing,118sdoc13,GPO-CDOC-118sdoc13.pdf,1826,INTERN COMPENSATION - MERKLEY,2022,BANNER NET PAYROLL,0.0,status=banner_missing; banner=0.0; parsed_body=0.0. Banner checks are advisory; review against the source before treating this as a parser defect.,118sdoc13|banner_check_missing|1826|INTERN COMPENSATION - MERKLEY|2022|BANNER NET PAYROLL|0.0
warning,banner_check_missing,118sdoc13,GPO-CDOC-118sdoc13.pdf,1827,SENATOR JEFF MERKLEY,2023,BANNER NET PAYROLL,0.0,status=banner_missing; banner=0.0; parsed_body=0.0. Banner checks are advisory; review against the source before treating this as a parser defect.,118sdoc13|banner_check_missing|1827|SENATOR JEFF MERKLEY|2023|BANNER NET PAYROLL|0.0
warning,banner_check_missing,118sdoc13,GPO-CDOC-118sdoc13.pdf,1828,INTERN COMPENSATION - MERKLEY,2023,BANNER NET PAYROLL,0.0,status=banner_missing; banner=0.0; parsed_body=0.0. Banner checks are advisory; review against the source before treating this as a parser defect.,118sdoc13|banner_check_missing|1828|INTERN COMPENSATION - MERKLEY|2023|BANNER NET PAYROLL|0.0
warning,banner_check_discrepancy,118sdoc13,GPO-CDOC-118sdoc13.pdf,1829,SENATOR JEFF MERKLEY,2024,BANNER ORGANIZATION TOTALS,2177219.98,status=fail; banner=2177219.98; parsed_body=2128579.42. Banner checks are advisory; review against the source before treating this as a parser defect.,118sdoc13|banner_check_discrepancy|1829|SENATOR JEFF MERKLEY|2024|BANNER ORGANIZATION TOTALS|2177219.98
warning,banner_check_missing,118sdoc13,GPO-CDOC-118sdoc13.pdf,1844,SENATOR JERRY MORAN,2022,BANNER NET PAYROLL,0.0,status=banner_missing; banner=0.0; parsed_body=0.0. Banner checks are advisory; review against the source before treating this as a parser defect.,118sdoc13|banner_check_missing|1844|SENATOR JERRY MORAN|2022|BANNER NET PAYROLL|0.0
warning,banner_check_missing,118sdoc13,GPO-CDOC-118sdoc13.pdf,1845,INTERN COMPENSATION - MORAN,2022,BANNER NET PAYROLL,0.0,status=banner_missing; banner=0.0; parsed_body=0.0. Banner checks are advisory; review against the source before treating this as a parser defect.,118sdoc13|banner_check_missing|1845|INTERN COMPENSATION - MORAN|2022|BANNER NET PAYROLL|0.0
warning,banner_check_missing,118sdoc13,GPO-CDOC-118sdoc13.pdf,1846,SENATOR JERRY MORAN,2023,BANNER NET PAYROLL,0.0,status=banner_missing; banner=0.0; parsed_body=0.0. Banner checks are advisory; review against the source before treating this as a parser defect.,118sdoc13|banner_check_missing|1846|SENATOR JERRY MORAN|2023|BANNER NET PAYROLL|0.0
warning,banner_check_missing,118sdoc13,GPO-CDOC-118sdoc13.pdf,1847,INTERN COMPENSATION - MORAN,2023,BANNER NET PAYROLL,0.0,status=banner_missing; banner=0.0; parsed_body=0.0. Banner checks are advisory; review against the source before treating this as a parser defect.,118sdoc13|banner_check_missing|1847|INTERN COMPENSATION - MORAN|2023|BANNER NET PAYROLL|0.0
warning,banner_check_discrepancy,118sdoc13,GPO-CDOC-118sdoc13.pdf,1848,SENATOR JERRY MORAN,2024,BANNER NET PAYROLL,1798143.51,status=fail; banner=1798143.51; parsed_body=1797371.57. Banner checks are advisory; review against the source before treating this as a parser defect.,118sdoc13|banner_check_discrepancy|1848|SENATOR JERRY MORAN|2024|BANNER NET PAYROLL|1798143.51
warning,banner_check_discrepancy,118sdoc13,GPO-CDOC-118sdoc13.pdf,1848,SENATOR JERRY MORAN,2024,BANNER ORGANIZATION TOTALS,1978893.4,status=fail; banner=1978893.4; parsed_body=1942560.1. Banner checks are advisory; review against the source before treating this as a parser defect.,118sdoc13|banner_check_discrepancy|1848|SENATOR JERRY MORAN|2024|BANNER ORGANIZATION TOTALS|1978893.4
warning,banner_check_discrepancy,118sdoc13,GPO-CDOC-118sdoc13.pdf,1874,INTERN COMPENSATION - MORAN,2024,BANNER NET PAYROLL,48309.07,status=fail; banner=48309.07; parsed_body=49081.01. Banner checks are advisory; review against the source before treating this as a parser defect.,118sdoc13|banner_check_discrepancy|1874|INTERN COMPENSATION - MORAN|2024|BANNER NET PAYROLL|48309.07
warning,banner_check_discrepancy,118sdoc13,GPO-CDOC-118sdoc13.pdf,1874,INTERN COMPENSATION - MORAN,2024,BANNER ORGANIZATION TOTALS,48309.07,status=fail; banner=48309.07; parsed_body=49081.01. Banner checks are advisory; review against the source before treating this as a parser defect.,118sdoc13|banner_check_discrepancy|1874|INTERN COMPENSATION - MORAN|2024|BANNER ORGANIZATION TOTALS|48309.07
warning,banner_check_missing,118sdoc13,GPO-CDOC-118sdoc13.pdf,1875,SENATOR MARKWAYNE MULLIN,2023,BANNER NET PAYROLL,1542.9,status=banner_missing; banner=1542.9; parsed_body=0.0. Banner checks are advisory; review against the source before treating this as a parser defect.,118sdoc13|banner_check_missing|1875|SENATOR MARKWAYNE MULLIN|2023|BANNER NET PAYROLL|1542.9
warning,banner_check_discrepancy,118sdoc13,GPO-CDOC-118sdoc13.pdf,1875,SENATOR MARKWAYNE MULLIN,2023,BANNER ORGANIZATION TOTALS,4827.82,status=fail; banner=4827.82; parsed_body=2996.51. Banner checks are advisory; review against the source before treating this as a parser defect.,118sdoc13|banner_check_discrepancy|1875|SENATOR MARKWAYNE MULLIN|2023|BANNER ORGANIZATION TOTALS|4827.82
warning,banner_check_missing,118sdoc13,GPO-CDOC-118sdoc13.pdf,1876,INTERN COMPENSATION - MULLIN,2023,BANNER NET PAYROLL,0.0,status=banner_missing; banner=0.0; parsed_body=0.0. Banner checks are advisory; review against the source before treating this as a parser defect.,118sdoc13|banner_check_missing|1876|INTERN COMPENSATION - MULLIN|2023|BANNER NET PAYROLL|0.0
warning,banner_check_discrepancy,118sdoc13,GPO-CDOC-118sdoc13.pdf,1877,SENATOR MARKWAYNE MULLIN,2024,BANNER ORGANIZATION TOTALS,1792073.06,status=fail; banner=1792073.06; parsed_body=1764592.74. Banner checks are advisory; review against the source before treating this as a parser defect.,118sdoc13|banner_check_discrepancy|1877|SENATOR MARKWAYNE MULLIN|2024|BANNER ORGANIZATION TOTALS|1792073.06
warning,banner_check_missing,118sdoc13,GPO-CDOC-118sdoc13.pdf,1890,SENATOR LISA MURKOWSKI,2022,BANNER NET PAYROLL,1284.03,status=banner_missing; banner=1284.03; parsed_body=0.0. Banner checks are advisory; review against the source before treating this as a parser defect.,118sdoc13|banner_check_missing|1890|SENATOR LISA MURKOWSKI|2022|BANNER NET PAYROLL|1284.03
warning,banner_check_discrepancy,118sdoc13,GPO-CDOC-118sdoc13.pdf,1890,SENATOR LISA MURKOWSKI,2022,BANNER ORGANIZATION TOTALS,3109.57,status=fail; banner=3109.57; parsed_body=1284.03. Banner checks are advisory; review against the source before treating this as a parser defect.,118sdoc13|banner_check_discrepancy|1890|SENATOR LISA MURKOWSKI|2022|BANNER ORGANIZATION TOTALS|3109.57
warning,banner_check_missing,118sdoc13,GPO-CDOC-118sdoc13.pdf,1891,INTERN COMPENSATION - MURKOWSKI,2022,BANNER NET PAYROLL,0.0,status=banner_missing; banner=0.0; parsed_body=0.0. Banner checks are advisory; review against the source before treating this as a parser defect.,118sdoc13|banner_check_missing|1891|INTERN COMPENSATION - MURKOWSKI|2022|BANNER NET PAYROLL|0.0
warning,banner_check_missing,118sdoc13,GPO-CDOC-118sdoc13.pdf,1892,SENATOR LISA MURKOWSKI,2023,BANNER NET PAYROLL,10143.05,status=banner_missing; banner=10143.05; parsed_body=0.0. Banner checks are advisory; review against the source before treating this as a parser defect.,118sdoc13|banner_check_missing|1892|SENATOR LISA MURKOWSKI|2023|BANNER NET PAYROLL|10143.05
warning,banner_check_missing,118sdoc13,GPO-CDOC-118sdoc13.pdf,1894,INTERN COMPENSATION - MURKOWSKI,2023,BANNER NET PAYROLL,0.0,status=banner_missing; banner=0.0; parsed_body=0.0. Banner checks are advisory; review against the source before treating this as a parser defect.,118sdoc13|banner_check_missing|1894|INTERN COMPENSATION - MURKOWSKI|2023|BANNER NET PAYROLL|0.0
warning,banner_check_discrepancy,118sdoc13,GPO-CDOC-118sdoc13.pdf,1895,SENATOR LISA MURKOWSKI,2024,BANNER NET PAYROLL,1811867.23,status=fail; banner=1811867.23; parsed_body=1964981.13. Banner checks are advisory; review against the source before treating this as a parser defect.,118sdoc13|banner_check_discrepancy|1895|SENATOR LISA MURKOWSKI|2024|BANNER NET PAYROLL|1811867.23
warning,banner_check_discrepancy,118sdoc13,GPO-CDOC-118sdoc13.pdf,1895,SENATOR LISA MURKOWSKI,2024,BANNER ORGANIZATION TOTALS,2115755.25,status=fail; banner=2115755.25; parsed_body=2201119.65. Banner checks are advisory; review against the source before treating this as a parser defect.,118sdoc13|banner_check_discrepancy|1895|SENATOR LISA MURKOWSKI|2024|BANNER ORGANIZATION TOTALS|2115755.25
warning,banner_check_discrepancy,118sdoc13,GPO-CDOC-118sdoc13.pdf,1915,INTERN COMPENSATION - MURKOWSKI,2024,BANNER NET PAYROLL,64558.34,status=fail; banner=64558.34; parsed_body=76804.82. Banner checks are advisory; review against the source before treating this as a parser defect.,118sdoc13|banner_check_discrepancy|1915|INTERN COMPENSATION - MURKOWSKI|2024|BANNER NET PAYROLL|64558.34
warning,banner_check_discrepancy,118sdoc13,GPO-CDOC-118sdoc13.pdf,1915,INTERN COMPENSATION - MURKOWSKI,2024,BANNER ORGANIZATION TOTALS,64558.34,status=fail; banner=64558.34; parsed_body=76804.82. Banner checks are advisory; review against the source before treating this as a parser defect.,118sdoc13|banner_check_discrepancy|1915|INTERN COMPENSATION - MURKOWSKI|2024|BANNER ORGANIZATION TOTALS|64558.34
warning,banner_check_missing,118sdoc13,GPO-CDOC-118sdoc13.pdf,1916,SENATOR CHRIS MURPHY,2022,BANNER NET PAYROLL,66.77,status=banner_missing; banner=66.77; parsed_body=0.0. Banner checks are advisory; review against the source before treating this as a parser defect.,118sdoc13|banner_check_missing|1916|SENATOR CHRIS MURPHY|2022|BANNER NET PAYROLL|66.77
warning,banner_check_discrepancy,118sdoc13,GPO-CDOC-118sdoc13.pdf,1916,SENATOR CHRIS MURPHY,2022,BANNER ORGANIZATION TOTALS,66.77,status=fail; banner=66.77; parsed_body=0.0. Banner checks are advisory; review against the source before treating this as a parser defect.,118sdoc13|banner_check_discrepancy|1916|SENATOR CHRIS MURPHY|2022|BANNER ORGANIZATION TOTALS|66.77
warning,banner_check_missing,118sdoc13,GPO-CDOC-118sdoc13.pdf,1917,INTERN COMPENSATION - MURPHY,2022,BANNER NET PAYROLL,0.0,status=banner_missing; banner=0.0; parsed_body=0.0. Banner checks are advisory; review against the source before treating this as a parser defect.,118sdoc13|banner_check_missing|1917|INTERN COMPENSATION - MURPHY|2022|BANNER NET PAYROLL|0.0
warning,banner_check_missing,118sdoc13,GPO-CDOC-118sdoc13.pdf,1918,SENATOR CHRIS MURPHY,2023,BANNER NET PAYROLL,919.8,status=banner_missing; banner=919.8; parsed_body=0.0. Banner checks are advisory; review against the source before treating this as a parser defect.,118sdoc13|banner_check_missing|1918|SENATOR CHRIS MURPHY|2023|BANNER NET PAYROLL|919.8
warning,banner_check_discrepancy,118sdoc13,GPO-CDOC-118sdoc13.pdf,1918,SENATOR CHRIS MURPHY,2023,BANNER ORGANIZATION TOTALS,10880.75,status=fail; banner=10880.75; parsed_body=10624.55. Banner checks are advisory; review against the source before treating this as a parser defect.,118sdoc13|banner_check_discrepancy|1918|SENATOR CHRIS MURPHY|2023|BANNER ORGANIZATION TOTALS|10880.75
warning,banner_check_missing,118sdoc13,GPO-CDOC-118sdoc13.pdf,1920,INTERN COMPENSATION - MURPHY,2023,BANNER NET PAYROLL,0.0,status=banner_missing; banner=0.0; parsed_body=0.0. Banner checks are advisory; review against the source before treating this as a parser defect.,118sdoc13|banner_check_missing|1920|INTERN COMPENSATION - MURPHY|2023|BANNER NET PAYROLL|0.0
warning,banner_check_discrepancy,118sdoc13,GPO-CDOC-118sdoc13.pdf,1921,SENATOR CHRIS MURPHY,2024,BANNER ORGANIZATION TOTALS,2175128.65,status=fail; banner=2175128.65; parsed_body=2091094.44. Banner checks are advisory; review against the source before treating this as a parser defect.,118sdoc13|banner_check_discrepancy|1921|SENATOR CHRIS MURPHY|2024|BANNER ORGANIZATION TOTALS|2175128.65
warning,banner_check_missing,118sdoc13,GPO-CDOC-118sdoc13.pdf,1945,SENATOR PATTY MURRAY,2022,BANNER NET PAYROLL,0.0,status=banner_missing; banner=0.0; parsed_body=0.0. Banner checks are advisory; review against the source before treating this as a parser defect.,118sdoc13|banner_check_missing|1945|SENATOR PATTY MURRAY|2022|BANNER NET PAYROLL|0.0
warning,banner_check_discrepancy,118sdoc13,GPO-CDOC-118sdoc13.pdf,1945,SENATOR PATTY MURRAY,2022,BANNER ORGANIZATION TOTALS,1446.09,status=fail; banner=1446.09; parsed_body=0.0. Banner checks are advisory; review against the source before treating this as a parser defect.,118sdoc13|banner_check_discrepancy|1945|SENATOR PATTY MURRAY|2022|BANNER ORGANIZATION TOTALS|1446.09
warning,banner_check_missing,118sdoc13,GPO-CDOC-118sdoc13.pdf,1946,INTERN COMPENSATION - MURRAY,2022,BANNER NET PAYROLL,0.0,status=banner_missing; banner=0.0; parsed_body=0.0. Banner checks are advisory; review against the source before treating this as a parser defect.,118sdoc13|banner_check_missing|1946|INTERN COMPENSATION - MURRAY|2022|BANNER NET PAYROLL|0.0
warning,banner_check_missing,118sdoc13,GPO-CDOC-118sdoc13.pdf,1947,SENATOR PATTY MURRAY,2023,BANNER NET PAYROLL,0.0,status=banner_missing; banner=0.0; parsed_body=0.0. Banner checks are advisory; review against the source before treating this as a parser defect.,118sdoc13|banner_check_missing|1947|SENATOR PATTY MURRAY|2023|BANNER NET PAYROLL|0.0
warning,banner_check_discrepancy,118sdoc13,GPO-CDOC-118sdoc13.pdf,1947,SENATOR PATTY MURRAY,2023,BANNER ORGANIZATION TOTALS,190.16,status=fail; banner=190.16; parsed_body=0.0. Banner checks are advisory; review against the source before treating this as a parser defect.,118sdoc13|banner_check_discrepancy|1947|SENATOR PATTY MURRAY|2023|BANNER ORGANIZATION TOTALS|190.16
warning,banner_check_missing,118sdoc13,GPO-CDOC-118sdoc13.pdf,1948,INTERN COMPENSATION - MURRAY,2023,BANNER NET PAYROLL,0.0,status=banner_missing; banner=0.0; parsed_body=0.0. Banner checks are advisory; review against the source before treating this as a parser defect.,118sdoc13|banner_check_missing|1948|INTERN COMPENSATION - MURRAY|2023|BANNER NET PAYROLL|0.0
warning,banner_check_discrepancy,118sdoc13,GPO-CDOC-118sdoc13.pdf,1949,SENATOR PATTY MURRAY,2024,BANNER ORGANIZATION TOTALS,2219388.81,status=fail; banner=2219388.81; parsed_body=2159202.67. Banner checks are advisory; review against the source before treating this as a parser defect.,118sdoc13|banner_check_discrepancy|1949|SENATOR PATTY MURRAY|2024|BANNER ORGANIZATION TOTALS|2219388.81
warning,banner_check_missing,118sdoc13,GPO-CDOC-118sdoc13.pdf,1968,SENATOR JON OSSOFF,2022,BANNER NET PAYROLL,0.0,status=banner_missing; banner=0.0; parsed_body=0.0. Banner checks are advisory; review against the source before treating this as a parser defect.,118sdoc13|banner_check_missing|1968|SENATOR JON OSSOFF|2022|BANNER NET PAYROLL|0.0
warning,banner_check_missing,118sdoc13,GPO-CDOC-118sdoc13.pdf,1969,INTERN COMPENSATION - OSSOFF,2022,BANNER NET PAYROLL,0.0,status=banner_missing; banner=0.0; parsed_body=0.0. Banner checks are advisory; review against the source before treating this as a parser defect.,118sdoc13|banner_check_missing|1969|INTERN COMPENSATION - OSSOFF|2022|BANNER NET PAYROLL|0.0
warning,banner_check_missing,118sdoc13,GPO-CDOC-118sdoc13.pdf,1970,SENATOR JON OSSOFF,2023,BANNER NET PAYROLL,709.2,status=banner_missing; banner=709.2; parsed_body=0.0. Banner checks are advisory; review against the source before treating this as a parser defect.,118sdoc13|banner_check_missing|1970|SENATOR JON OSSOFF|2023|BANNER NET PAYROLL|709.2
warning,banner_check_missing,118sdoc13,GPO-CDOC-118sdoc13.pdf,1971,INTERN COMPENSATION - OSSOFF,2023,BANNER NET PAYROLL,0.0,status=banner_missing; banner=0.0; parsed_body=0.0. Banner checks are advisory; review against the source before treating this as a parser defect.,118sdoc13|banner_check_missing|1971|INTERN COMPENSATION - OSSOFF|2023|BANNER NET PAYROLL|0.0
warning,banner_check_discrepancy,118sdoc13,GPO-CDOC-118sdoc13.pdf,1972,SENATOR JON OSSOFF,2024,BANNER NET PAYROLL,2463673.02,status=fail; banner=2463673.02; parsed_body=2460986.43. Banner checks are advisory; review against the source before treating this as a parser defect.,118sdoc13|banner_check_discrepancy|1972|SENATOR JON OSSOFF|2024|BANNER NET PAYROLL|2463673.02
warning,banner_check_discrepancy,118sdoc13,GPO-CDOC-118sdoc13.pdf,1972,SENATOR JON OSSOFF,2024,BANNER ORGANIZATION TOTALS,2668152.27,status=fail; banner=2668152.27; parsed_body=2591310.6. Banner checks are advisory; review against the source before treating this as a parser defect.,118sdoc13|banner_check_discrepancy|1972|SENATOR JON OSSOFF|2024|BANNER ORGANIZATION TOTALS|2668152.27
warning,banner_check_discrepancy,118sdoc13,GPO-CDOC-118sdoc13.pdf,1999,INTERN COMPENSATION - OSSOFF,2024,BANNER NET PAYROLL,34765.1,status=fail; banner=34765.1; parsed_body=37406.41. Banner checks are advisory; review against the source before treating this as a parser defect.,118sdoc13|banner_check_discrepancy|1999|INTERN COMPENSATION - OSSOFF|2024|BANNER NET PAYROLL|34765.1
warning,banner_check_discrepancy,118sdoc13,GPO-CDOC-118sdoc13.pdf,1999,INTERN COMPENSATION - OSSOFF,2024,BANNER ORGANIZATION TOTALS,34765.1,status=fail; banner=34765.1; parsed_body=37406.41. Banner checks are advisory; review against the source before treating this as a parser defect.,118sdoc13|banner_check_discrepancy|1999|INTERN COMPENSATION - OSSOFF|2024|BANNER ORGANIZATION TOTALS|34765.1
warning,banner_check_missing,118sdoc13,GPO-CDOC-118sdoc13.pdf,2000,SENATOR ALEX PADILLA,2022,BANNER NET PAYROLL,0.0,status=banner_missing; banner=0.0; parsed_body=0.0. Banner checks are advisory; review against the source before treating this as a parser defect.,118sdoc13|banner_check_missing|2000|SENATOR ALEX PADILLA|2022|BANNER NET PAYROLL|0.0
warning,banner_check_missing,118sdoc13,GPO-CDOC-118sdoc13.pdf,2001,INTERN COMPENSATION - PADILLA,2022,BANNER NET PAYROLL,0.0,status=banner_missing; banner=0.0; parsed_body=0.0. Banner checks are advisory; review against the source before treating this as a parser defect.,118sdoc13|banner_check_missing|2001|INTERN COMPENSATION - PADILLA|2022|BANNER NET PAYROLL|0.0
warning,banner_check_missing,118sdoc13,GPO-CDOC-118sdoc13.pdf,2002,SENATOR ALEX PADILLA,2023,BANNER NET PAYROLL,0.0,status=banner_missing; banner=0.0; parsed_body=0.0. Banner checks are advisory; review against the source before treating this as a parser defect.,118sdoc13|banner_check_missing|2002|SENATOR ALEX PADILLA|2023|BANNER NET PAYROLL|0.0
warning,banner_check_missing,118sdoc13,GPO-CDOC-118sdoc13.pdf,2003,INTERN COMPENSATION - PADILLA,2023,BANNER NET PAYROLL,0.0,status=banner_missing; banner=0.0; parsed_body=0.0. Banner checks are advisory; review against the source before treating this as a parser defect.,118sdoc13|banner_check_missing|2003|INTERN COMPENSATION - PADILLA|2023|BANNER NET PAYROLL|0.0
warning,banner_check_discrepancy,118sdoc13,GPO-CDOC-118sdoc13.pdf,2004,SENATOR ALEX PADILLA,2024,BANNER NET PAYROLL,3036713.94,status=fail; banner=3036713.94; parsed_body=3033372.65. Banner checks are advisory; review against the source before treating this as a parser defect.,118sdoc13|banner_check_discrepancy|2004|SENATOR ALEX PADILLA|2024|BANNER NET PAYROLL|3036713.94
warning,banner_check_discrepancy,118sdoc13,GPO-CDOC-118sdoc13.pdf,2004,SENATOR ALEX PADILLA,2024,BANNER ORGANIZATION TOTALS,3146375.15,status=fail; banner=3146375.15; parsed_body=3094546.47. Banner checks are advisory; review against the source before treating this as a parser defect.,118sdoc13|banner_check_discrepancy|2004|SENATOR ALEX PADILLA|2024|BANNER ORGANIZATION TOTALS|3146375.15
warning,banner_check_discrepancy,118sdoc13,GPO-CDOC-118sdoc13.pdf,2021,INTERN COMPENSATION - PADILLA,2024,BANNER NET PAYROLL,0.0,status=fail; banner=0.0; parsed_body=3341.29. Banner checks are advisory; review against the source before treating this as a parser defect.,118sdoc13|banner_check_discrepancy|2021|INTERN COMPENSATION - PADILLA|2024|BANNER NET PAYROLL|0.0
warning,banner_check_discrepancy,118sdoc13,GPO-CDOC-118sdoc13.pdf,2021,INTERN COMPENSATION - PADILLA,2024,BANNER ORGANIZATION TOTALS,0.0,status=fail; banner=0.0; parsed_body=3341.29. Banner checks are advisory; review against the source before treating this as a parser defect.,118sdoc13|banner_check_discrepancy|2021|INTERN COMPENSATION - PADILLA|2024|BANNER ORGANIZATION TOTALS|0.0
warning,banner_check_missing,118sdoc13,GPO-CDOC-118sdoc13.pdf,2022,SENATOR RAND PAUL,2022,BANNER NET PAYROLL,0.0,status=banner_missing; banner=0.0; parsed_body=0.0. Banner checks are advisory; review against the source before treating this as a parser defect.,118sdoc13|banner_check_missing|2022|SENATOR RAND PAUL|2022|BANNER NET PAYROLL|0.0
warning,banner_check_missing,118sdoc13,GPO-CDOC-118sdoc13.pdf,2023,INTERN COMPENSATION - PAUL,2022,BANNER NET PAYROLL,0.0,status=banner_missing; banner=0.0; parsed_body=0.0. Banner checks are advisory; review against the source before treating this as a parser defect.,118sdoc13|banner_check_missing|2023|INTERN COMPENSATION - PAUL|2022|BANNER NET PAYROLL|0.0
warning,banner_check_missing,118sdoc13,GPO-CDOC-118sdoc13.pdf,2024,SENATOR RAND PAUL,2023,BANNER NET PAYROLL,0.0,status=banner_missing; banner=0.0; parsed_body=0.0. Banner checks are advisory; review against the source before treating this as a parser defect.,118sdoc13|banner_check_missing|2024|SENATOR RAND PAUL|2023|BANNER NET PAYROLL|0.0
warning,banner_check_discrepancy,118sdoc13,GPO-CDOC-118sdoc13.pdf,2024,SENATOR RAND PAUL,2023,BANNER ORGANIZATION TOTALS,39.44,status=fail; banner=39.44; parsed_body=197.0. Banner checks are advisory; review against the source before treating this as a parser defect.,118sdoc13|banner_check_discrepancy|2024|SENATOR RAND PAUL|2023|BANNER ORGANIZATION TOTALS|39.44
warning,banner_check_missing,118sdoc13,GPO-CDOC-118sdoc13.pdf,2025,INTERN COMPENSATION - PAUL,2023,BANNER NET PAYROLL,0.0,status=banner_missing; banner=0.0; parsed_body=0.0. Banner checks are advisory; review against the source before treating this as a parser defect.,118sdoc13|banner_check_missing|2025|INTERN COMPENSATION - PAUL|2023|BANNER NET PAYROLL|0.0
warning,banner_check_discrepancy,118sdoc13,GPO-CDOC-118sdoc13.pdf,2026,SENATOR RAND PAUL,2024,BANNER ORGANIZATION TOTALS,1634426.63,status=fail; banner=1634426.63; parsed_body=1571099.69. Banner checks are advisory; review against the source before treating this as a parser defect.,118sdoc13|banner_check_discrepancy|2026|SENATOR RAND PAUL|2024|BANNER ORGANIZATION TOTALS|1634426.63
warning,banner_check_missing,118sdoc13,GPO-CDOC-118sdoc13.pdf,2059,SENATOR GARY PETERS,2022,BANNER NET PAYROLL,356.0,status=banner_missing; banner=356.0; parsed_body=0.0. Banner checks are advisory; review against the source before treating this as a parser defect.,118sdoc13|banner_check_missing|2059|SENATOR GARY PETERS|2022|BANNER NET PAYROLL|356.0
warning,banner_check_missing,118sdoc13,GPO-CDOC-118sdoc13.pdf,2060,INTERN COMPENSATION - PETERS,2022,BANNER NET PAYROLL,0.0,status=banner_missing; banner=0.0; parsed_body=0.0. Banner checks are advisory; review against the source before treating this as a parser defect.,118sdoc13|banner_check_missing|2060|INTERN COMPENSATION - PETERS|2022|BANNER NET PAYROLL|0.0
warning,banner_check_missing,118sdoc13,GPO-CDOC-118sdoc13.pdf,2061,SENATOR GARY PETERS,2023,BANNER NET PAYROLL,1249.0,status=banner_missing; banner=1249.0; parsed_body=0.0. Banner checks are advisory; review against the source before treating this as a parser defect.,118sdoc13|banner_check_missing|2061|SENATOR GARY PETERS|2023|BANNER NET PAYROLL|1249.0
warning,banner_check_discrepancy,118sdoc13,GPO-CDOC-118sdoc13.pdf,2061,SENATOR GARY PETERS,2023,BANNER ORGANIZATION TOTALS,53799.06,status=fail; banner=53799.06; parsed_body=1249.0. Banner checks are advisory; review against the source before treating this as a parser defect.,118sdoc13|banner_check_discrepancy|2061|SENATOR GARY PETERS|2023|BANNER ORGANIZATION TOTALS|53799.06
warning,banner_check_missing,118sdoc13,GPO-CDOC-118sdoc13.pdf,2062,INTERN COMPENSATION - PETERS,2023,BANNER NET PAYROLL,0.0,status=banner_missing; banner=0.0; parsed_body=0.0. Banner checks are advisory; review against the source before treating this as a parser defect.,118sdoc13|banner_check_missing|2062|INTERN COMPENSATION - PETERS|2023|BANNER NET PAYROLL|0.0
warning,banner_check_discrepancy,118sdoc13,GPO-CDOC-118sdoc13.pdf,2063,SENATOR GARY PETERS,2024,BANNER ORGANIZATION TOTALS,2350499.6,status=fail; banner=2350499.6; parsed_body=2360925.36. Banner checks are advisory; review against the source before treating this as a parser defect.,118sdoc13|banner_check_discrepancy|2063|SENATOR GARY PETERS|2024|BANNER ORGANIZATION TOTALS|2350499.6
warning,banner_check_missing,118sdoc13,GPO-CDOC-118sdoc13.pdf,2081,SENATOR ROB PORTMAN,2022,BANNER NET PAYROLL,0.0,status=banner_missing; banner=0.0; parsed_body=0.0. Banner checks are advisory; review against the source before treating this as a parser defect.,118sdoc13|banner_check_missing|2081|SENATOR ROB PORTMAN|2022|BANNER NET PAYROLL|0.0
warning,banner_check_missing,118sdoc13,GPO-CDOC-118sdoc13.pdf,2082,INTERN COMPENSATION - PORTMAN,2022,BANNER NET PAYROLL,0.0,status=banner_missing; banner=0.0; parsed_body=0.0. Banner checks are advisory; review against the source before treating this as a parser defect.,118sdoc13|banner_check_missing|2082|INTERN COMPENSATION - PORTMAN|2022|BANNER NET PAYROLL|0.0
warning,banner_check_missing,118sdoc13,GPO-CDOC-118sdoc13.pdf,2083,SENATOR ROB PORTMAN,2023,BANNER NET PAYROLL,0.0,status=banner_missing; banner=0.0; parsed_body=0.0. Banner checks are advisory; review against the source before treating this as a parser defect.,118sdoc13|banner_check_missing|2083|SENATOR ROB PORTMAN|2023|BANNER NET PAYROLL|0.0
warning,banner_check_missing,118sdoc13,GPO-CDOC-118sdoc13.pdf,2085,SENATOR JOHN F. REED,2022,BANNER NET PAYROLL,0.0,status=banner_missing; banner=0.0; parsed_body=0.0. Banner checks are advisory; review against the source before treating this as a parser defect.,118sdoc13|banner_check_missing|2085|SENATOR JOHN F. REED|2022|BANNER NET PAYROLL|0.0
warning,banner_check_missing,118sdoc13,GPO-CDOC-118sdoc13.pdf,2086,INTERN COMPENSATION - REED,2022,BANNER NET PAYROLL,0.0,status=banner_missing; banner=0.0; parsed_body=0.0. Banner checks are advisory; review against the source before treating this as a parser defect.,118sdoc13|banner_check_missing|2086|INTERN COMPENSATION - REED|2022|BANNER NET PAYROLL|0.0
warning,banner_check_missing,118sdoc13,GPO-CDOC-118sdoc13.pdf,2087,SENATOR JOHN F. REED,2023,BANNER NET PAYROLL,124.87,status=banner_missing; banner=124.87; parsed_body=0.0. Banner checks are advisory; review against the source before treating this as a parser defect.,118sdoc13|banner_check_missing|2087|SENATOR JOHN F. REED|2023|BANNER NET PAYROLL|124.87
warning,banner_check_missing,118sdoc13,GPO-CDOC-118sdoc13.pdf,2088,INTERN COMPENSATION - REED,2023,BANNER NET PAYROLL,0.0,status=banner_missing; banner=0.0; parsed_body=0.0. Banner checks are advisory; review against the source before treating this as a parser defect.,118sdoc13|banner_check_missing|2088|INTERN COMPENSATION - REED|2023|BANNER NET PAYROLL|0.0
warning,banner_check_discrepancy,118sdoc13,GPO-CDOC-118sdoc13.pdf,2089,SENATOR JOHN F. REED,2024,BANNER ORGANIZATION TOTALS,1757836.57,status=fail; banner=1757836.57; parsed_body=1729070.29. Banner checks are advisory; review against the source before treating this as a parser defect.,118sdoc13|banner_check_discrepancy|2089|SENATOR JOHN F. REED|2024|BANNER ORGANIZATION TOTALS|1757836.57
warning,banner_check_missing,118sdoc13,GPO-CDOC-118sdoc13.pdf,2096,SENATOR JOHN PETER RICKETTS,2023,BANNER NET PAYROLL,0.0,status=banner_missing; banner=0.0; parsed_body=0.0. Banner checks are advisory; review against the source before treating this as a parser defect.,118sdoc13|banner_check_missing|2096|SENATOR JOHN PETER RICKETTS|2023|BANNER NET PAYROLL|0.0
warning,banner_check_missing,118sdoc13,GPO-CDOC-118sdoc13.pdf,2097,INTERN COMPENSATION - RICKETTS,2023,BANNER NET PAYROLL,0.0,status=banner_missing; banner=0.0; parsed_body=0.0. Banner checks are advisory; review against the source before treating this as a parser defect.,118sdoc13|banner_check_missing|2097|INTERN COMPENSATION - RICKETTS|2023|BANNER NET PAYROLL|0.0
warning,banner_check_discrepancy,118sdoc13,GPO-CDOC-118sdoc13.pdf,2098,SENATOR JOHN PETER RICKETTS,2024,BANNER NET PAYROLL,1425704.21,status=fail; banner=1425704.21; parsed_body=1425412.54. Banner checks are advisory; review against the source before treating this as a parser defect.,118sdoc13|banner_check_discrepancy|2098|SENATOR JOHN PETER RICKETTS|2024|BANNER NET PAYROLL|1425704.21
warning,banner_check_discrepancy,118sdoc13,GPO-CDOC-118sdoc13.pdf,2098,SENATOR JOHN PETER RICKETTS,2024,BANNER ORGANIZATION TOTALS,1674900.21,status=fail; banner=1674900.21; parsed_body=1562292.72. Banner checks are advisory; review against the source before treating this as a parser defect.,118sdoc13|banner_check_discrepancy|2098|SENATOR JOHN PETER RICKETTS|2024|BANNER ORGANIZATION TOTALS|1674900.21
warning,banner_check_missing,118sdoc13,GPO-CDOC-118sdoc13.pdf,2117,SENATOR JAMES E. RISCH,2022,BANNER NET PAYROLL,0.0,status=banner_missing; banner=0.0; parsed_body=0.0. Banner checks are advisory; review against the source before treating this as a parser defect.,118sdoc13|banner_check_missing|2117|SENATOR JAMES E. RISCH|2022|BANNER NET PAYROLL|0.0
warning,banner_check_missing,118sdoc13,GPO-CDOC-118sdoc13.pdf,2118,INTERN COMPENSATION - RISCH,2022,BANNER NET PAYROLL,0.0,status=banner_missing; banner=0.0; parsed_body=0.0. Banner checks are advisory; review against the source before treating this as a parser defect.,118sdoc13|banner_check_missing|2118|INTERN COMPENSATION - RISCH|2022|BANNER NET PAYROLL|0.0
warning,banner_check_missing,118sdoc13,GPO-CDOC-118sdoc13.pdf,2119,SENATOR JAMES E. RISCH,2023,BANNER NET PAYROLL,0.0,status=banner_missing; banner=0.0; parsed_body=0.0. Banner checks are advisory; review against the source before treating this as a parser defect.,118sdoc13|banner_check_missing|2119|SENATOR JAMES E. RISCH|2023|BANNER NET PAYROLL|0.0
warning,banner_check_missing,118sdoc13,GPO-CDOC-118sdoc13.pdf,2120,INTERN COMPENSATION - RISCH,2023,BANNER NET PAYROLL,0.0,status=banner_missing; banner=0.0; parsed_body=0.0. Banner checks are advisory; review against the source before treating this as a parser defect.,118sdoc13|banner_check_missing|2120|INTERN COMPENSATION - RISCH|2023|BANNER NET PAYROLL|0.0
warning,banner_check_discrepancy,118sdoc13,GPO-CDOC-118sdoc13.pdf,2121,SENATOR JAMES E. RISCH,2024,BANNER ORGANIZATION TOTALS,1886723.84,status=fail; banner=1886723.84; parsed_body=1837904.54. Banner checks are advisory; review against the source before treating this as a parser defect.,118sdoc13|banner_check_discrepancy|2121|SENATOR JAMES E. RISCH|2024|BANNER ORGANIZATION TOTALS|1886723.84
warning,banner_check_missing,118sdoc13,GPO-CDOC-118sdoc13.pdf,2137,SENATOR MITT ROMNEY,2022,BANNER NET PAYROLL,0.0,status=banner_missing; banner=0.0; parsed_body=0.0. Banner checks are advisory; review against the source before treating this as a parser defect.,118sdoc13|banner_check_missing|2137|SENATOR MITT ROMNEY|2022|BANNER NET PAYROLL|0.0
warning,banner_check_missing,118sdoc13,GPO-CDOC-118sdoc13.pdf,2138,INTERN COMPENSATION - ROMNEY,2022,BANNER NET PAYROLL,0.0,status=banner_missing; banner=0.0; parsed_body=0.0. Banner checks are advisory; review against the source before treating this as a parser defect.,118sdoc13|banner_check_missing|2138|INTERN COMPENSATION - ROMNEY|2022|BANNER NET PAYROLL|0.0
warning,banner_check_missing,118sdoc13,GPO-CDOC-118sdoc13.pdf,2139,SENATOR MITT ROMNEY,2023,BANNER NET PAYROLL,0.0,status=banner_missing; banner=0.0; parsed_body=0.0. Banner checks are advisory; review against the source before treating this as a parser defect.,118sdoc13|banner_check_missing|2139|SENATOR MITT ROMNEY|2023|BANNER NET PAYROLL|0.0
warning,banner_check_missing,118sdoc13,GPO-CDOC-118sdoc13.pdf,2140,INTERN COMPENSATION - ROMNEY,2023,BANNER NET PAYROLL,0.0,status=banner_missing; banner=0.0; parsed_body=0.0. Banner checks are advisory; review against the source before treating this as a parser defect.,118sdoc13|banner_check_missing|2140|INTERN COMPENSATION - ROMNEY|2023|BANNER NET PAYROLL|0.0
warning,banner_check_discrepancy,118sdoc13,GPO-CDOC-118sdoc13.pdf,2141,SENATOR MITT ROMNEY,2024,BANNER NET PAYROLL,2103704.77,status=fail; banner=2103704.77; parsed_body=2096471.35. Banner checks are advisory; review against the source before treating this as a parser defect.,118sdoc13|banner_check_discrepancy|2141|SENATOR MITT ROMNEY|2024|BANNER NET PAYROLL|2103704.77
warning,banner_check_discrepancy,118sdoc13,GPO-CDOC-118sdoc13.pdf,2141,SENATOR MITT ROMNEY,2024,BANNER ORGANIZATION TOTALS,2268201.65,status=fail; banner=2268201.65; parsed_body=2217753.48. Banner checks are advisory; review against the source before treating this as a parser defect.,118sdoc13|banner_check_discrepancy|2141|SENATOR MITT ROMNEY|2024|BANNER ORGANIZATION TOTALS|2268201.65
warning,banner_check_discrepancy,118sdoc13,GPO-CDOC-118sdoc13.pdf,2155,INTERN COMPENSATION - ROMNEY,2024,BANNER NET PAYROLL,15783.19,status=fail; banner=15783.19; parsed_body=23016.61. Banner checks are advisory; review against the source before treating this as a parser defect.,118sdoc13|banner_check_discrepancy|2155|INTERN COMPENSATION - ROMNEY|2024|BANNER NET PAYROLL|15783.19
warning,banner_check_discrepancy,118sdoc13,GPO-CDOC-118sdoc13.pdf,2155,INTERN COMPENSATION - ROMNEY,2024,BANNER ORGANIZATION TOTALS,15783.19,status=fail; banner=15783.19; parsed_body=23016.61. Banner checks are advisory; review against the source before treating this as a parser defect.,118sdoc13|banner_check_discrepancy|2155|INTERN COMPENSATION - ROMNEY|2024|BANNER ORGANIZATION TOTALS|15783.19
warning,banner_check_missing,118sdoc13,GPO-CDOC-118sdoc13.pdf,2156,SENATOR JACKY ROSEN,2022,BANNER NET PAYROLL,0.0,status=banner_missing; banner=0.0; parsed_body=0.0. Banner checks are advisory; review against the source before treating this as a parser defect.,118sdoc13|banner_check_missing|2156|SENATOR JACKY ROSEN|2022|BANNER NET PAYROLL|0.0
warning,banner_check_missing,118sdoc13,GPO-CDOC-118sdoc13.pdf,2157,INTERN COMPENSATION - ROSEN,2022,BANNER NET PAYROLL,0.0,status=banner_missing; banner=0.0; parsed_body=0.0. Banner checks are advisory; review against the source before treating this as a parser defect.,118sdoc13|banner_check_missing|2157|INTERN COMPENSATION - ROSEN|2022|BANNER NET PAYROLL|0.0
warning,banner_check_missing,118sdoc13,GPO-CDOC-118sdoc13.pdf,2158,SENATOR JACKY ROSEN,2023,BANNER NET PAYROLL,0.0,status=banner_missing; banner=0.0; parsed_body=0.0. Banner checks are advisory; review against the source before treating this as a parser defect.,118sdoc13|banner_check_missing|2158|SENATOR JACKY ROSEN|2023|BANNER NET PAYROLL|0.0
warning,banner_check_missing,118sdoc13,GPO-CDOC-118sdoc13.pdf,2159,INTERN COMPENSATION - ROSEN,2023,BANNER NET PAYROLL,0.0,status=banner_missing; banner=0.0; parsed_body=0.0. Banner checks are advisory; review against the source before treating this as a parser defect.,118sdoc13|banner_check_missing|2159|INTERN COMPENSATION - ROSEN|2023|BANNER NET PAYROLL|0.0
warning,banner_check_discrepancy,118sdoc13,GPO-CDOC-118sdoc13.pdf,2160,SENATOR JACKY ROSEN,2024,BANNER ORGANIZATION TOTALS,2314421.36,status=fail; banner=2314421.36; parsed_body=2274907.48. Banner checks are advisory; review against the source before treating this as a parser defect.,118sdoc13|banner_check_discrepancy|2160|SENATOR JACKY ROSEN|2024|BANNER ORGANIZATION TOTALS|2314421.36
warning,banner_check_missing,118sdoc13,GPO-CDOC-118sdoc13.pdf,2173,SENATOR MIKE ROUNDS,2022,BANNER NET PAYROLL,0.0,status=banner_missing; banner=0.0; parsed_body=0.0. Banner checks are advisory; review against the source before treating this as a parser defect.,118sdoc13|banner_check_missing|2173|SENATOR MIKE ROUNDS|2022|BANNER NET PAYROLL|0.0
warning,banner_check_missing,118sdoc13,GPO-CDOC-118sdoc13.pdf,2174,INTERN COMPENSATION - ROUNDS,2022,BANNER NET PAYROLL,0.0,status=banner_missing; banner=0.0; parsed_body=0.0. Banner checks are advisory; review against the source before treating this as a parser defect.,118sdoc13|banner_check_missing|2174|INTERN COMPENSATION - ROUNDS|2022|BANNER NET PAYROLL|0.0
warning,banner_check_missing,118sdoc13,GPO-CDOC-118sdoc13.pdf,2175,SENATOR MIKE ROUNDS,2023,BANNER NET PAYROLL,0.0,status=banner_missing; banner=0.0; parsed_body=0.0. Banner checks are advisory; review against the source before treating this as a parser defect.,118sdoc13|banner_check_missing|2175|SENATOR MIKE ROUNDS|2023|BANNER NET PAYROLL|0.0
warning,banner_check_missing,118sdoc13,GPO-CDOC-118sdoc13.pdf,2176,INTERN COMPENSATION - ROUNDS,2023,BANNER NET PAYROLL,0.0,status=banner_missing; banner=0.0; parsed_body=0.0. Banner checks are advisory; review against the source before treating this as a parser defect.,118sdoc13|banner_check_missing|2176|INTERN COMPENSATION - ROUNDS|2023|BANNER NET PAYROLL|0.0
warning,banner_check_discrepancy,118sdoc13,GPO-CDOC-118sdoc13.pdf,2177,SENATOR MIKE ROUNDS,2024,BANNER ORGANIZATION TOTALS,1963951.18,status=fail; banner=1963951.18; parsed_body=1905178.84. Banner checks are advisory; review against the source before treating this as a parser defect.,118sdoc13|banner_check_discrepancy|2177|SENATOR MIKE ROUNDS|2024|BANNER ORGANIZATION TOTALS|1963951.18
warning,banner_check_missing,118sdoc13,GPO-CDOC-118sdoc13.pdf,2198,SENATOR MARCO RUBIO,2022,BANNER NET PAYROLL,0.0,status=banner_missing; banner=0.0; parsed_body=0.0. Banner checks are advisory; review against the source before treating this as a parser defect.,118sdoc13|banner_check_missing|2198|SENATOR MARCO RUBIO|2022|BANNER NET PAYROLL|0.0
warning,banner_check_missing,118sdoc13,GPO-CDOC-118sdoc13.pdf,2199,INTERN COMPENSATION - RUBIO,2022,BANNER NET PAYROLL,0.0,status=banner_missing; banner=0.0; parsed_body=0.0. Banner checks are advisory; review against the source before treating this as a parser defect.,118sdoc13|banner_check_missing|2199|INTERN COMPENSATION - RUBIO|2022|BANNER NET PAYROLL|0.0
warning,banner_check_missing,118sdoc13,GPO-CDOC-118sdoc13.pdf,2200,SENATOR MARCO RUBIO,2023,BANNER NET PAYROLL,0.0,status=banner_missing; banner=0.0; parsed_body=0.0. Banner checks are advisory; review against the source before treating this as a parser defect.,118sdoc13|banner_check_missing|2200|SENATOR MARCO RUBIO|2023|BANNER NET PAYROLL|0.0
warning,banner_check_missing,118sdoc13,GPO-CDOC-118sdoc13.pdf,2201,INTERN COMPENSATION - RUBIO,2023,BANNER NET PAYROLL,0.0,status=banner_missing; banner=0.0; parsed_body=0.0. Banner checks are advisory; review against the source before treating this as a parser defect.,118sdoc13|banner_check_missing|2201|INTERN COMPENSATION - RUBIO|2023|BANNER NET PAYROLL|0.0
warning,banner_check_discrepancy,118sdoc13,GPO-CDOC-118sdoc13.pdf,2202,SENATOR MARCO RUBIO,2024,BANNER ORGANIZATION TOTALS,2742789.12,status=fail; banner=2742789.12; parsed_body=2661524.6. Banner checks are advisory; review against the source before treating this as a parser defect.,118sdoc13|banner_check_discrepancy|2202|SENATOR MARCO RUBIO|2024|BANNER ORGANIZATION TOTALS|2742789.12
warning,banner_check_missing,118sdoc13,GPO-CDOC-118sdoc13.pdf,2223,SENATOR BERNARD SANDERS,2022,BANNER NET PAYROLL,0.0,status=banner_missing; banner=0.0; parsed_body=0.0. Banner checks are advisory; review against the source before treating this as a parser defect.,118sdoc13|banner_check_missing|2223|SENATOR BERNARD SANDERS|2022|BANNER NET PAYROLL|0.0
warning,banner_check_discrepancy,118sdoc13,GPO-CDOC-118sdoc13.pdf,2223,SENATOR BERNARD SANDERS,2022,BANNER ORGANIZATION TOTALS,5954.97,status=fail; banner=5954.97; parsed_body=0.0. Banner checks are advisory; review against the source before treating this as a parser defect.,118sdoc13|banner_check_discrepancy|2223|SENATOR BERNARD SANDERS|2022|BANNER ORGANIZATION TOTALS|5954.97
warning,banner_check_missing,118sdoc13,GPO-CDOC-118sdoc13.pdf,2224,INTERN COMPENSATION - SANDERS,2022,BANNER NET PAYROLL,0.0,status=banner_missing; banner=0.0; parsed_body=0.0. Banner checks are advisory; review against the source before treating this as a parser defect.,118sdoc13|banner_check_missing|2224|INTERN COMPENSATION - SANDERS|2022|BANNER NET PAYROLL|0.0
warning,banner_check_missing,118sdoc13,GPO-CDOC-118sdoc13.pdf,2225,SENATOR BERNARD SANDERS,2023,BANNER NET PAYROLL,0.0,status=banner_missing; banner=0.0; parsed_body=0.0. Banner checks are advisory; review against the source before treating this as a parser defect.,118sdoc13|banner_check_missing|2225|SENATOR BERNARD SANDERS|2023|BANNER NET PAYROLL|0.0
warning,banner_check_discrepancy,118sdoc13,GPO-CDOC-118sdoc13.pdf,2225,SENATOR BERNARD SANDERS,2023,BANNER ORGANIZATION TOTALS,75.0,status=fail; banner=75.0; parsed_body=0.0. Banner checks are advisory; review against the source before treating this as a parser defect.,118sdoc13|banner_check_discrepancy|2225|SENATOR BERNARD SANDERS|2023|BANNER ORGANIZATION TOTALS|75.0
warning,banner_check_missing,118sdoc13,GPO-CDOC-118sdoc13.pdf,2226,INTERN COMPENSATION - SANDERS,2023,BANNER NET PAYROLL,0.0,status=banner_missing; banner=0.0; parsed_body=0.0. Banner checks are advisory; review against the source before treating this as a parser defect.,118sdoc13|banner_check_missing|2226|INTERN COMPENSATION - SANDERS|2023|BANNER NET PAYROLL|0.0
warning,banner_check_discrepancy,118sdoc13,GPO-CDOC-118sdoc13.pdf,2227,SENATOR BERNARD SANDERS,2024,BANNER ORGANIZATION TOTALS,2075736.93,status=fail; banner=2075736.93; parsed_body=1968375.03. Banner checks are advisory; review against the source before treating this as a parser defect.,118sdoc13|banner_check_discrepancy|2227|SENATOR BERNARD SANDERS|2024|BANNER ORGANIZATION TOTALS|2075736.93
warning,banner_check_missing,118sdoc13,GPO-CDOC-118sdoc13.pdf,2237,SENATOR BEN SASSE,2022,BANNER NET PAYROLL,0.0,status=banner_missing; banner=0.0; parsed_body=0.0. Banner checks are advisory; review against the source before treating this as a parser defect.,118sdoc13|banner_check_missing|2237|SENATOR BEN SASSE|2022|BANNER NET PAYROLL|0.0
warning,banner_check_missing,118sdoc13,GPO-CDOC-118sdoc13.pdf,2238,INTERN COMPENSATION - SASSE,2022,BANNER NET PAYROLL,0.0,status=banner_missing; banner=0.0; parsed_body=0.0. Banner checks are advisory; review against the source before treating this as a parser defect.,118sdoc13|banner_check_missing|2238|INTERN COMPENSATION - SASSE|2022|BANNER NET PAYROLL|0.0
warning,banner_check_missing,118sdoc13,GPO-CDOC-118sdoc13.pdf,2239,SENATOR BEN SASSE,2023,BANNER NET PAYROLL,0.0,status=banner_missing; banner=0.0; parsed_body=0.0. Banner checks are advisory; review against the source before treating this as a parser defect.,118sdoc13|banner_check_missing|2239|SENATOR BEN SASSE|2023|BANNER NET PAYROLL|0.0
warning,banner_check_missing,118sdoc13,GPO-CDOC-118sdoc13.pdf,2240,INTERN COMPENSATION - SASSE,2023,BANNER NET PAYROLL,0.0,status=banner_missing; banner=0.0; parsed_body=0.0. Banner checks are advisory; review against the source before treating this as a parser defect.,118sdoc13|banner_check_missing|2240|INTERN COMPENSATION - SASSE|2023|BANNER NET PAYROLL|0.0
warning,banner_check_missing,118sdoc13,GPO-CDOC-118sdoc13.pdf,2241,SENATOR BRIAN SCHATZ,2022,BANNER NET PAYROLL,0.0,status=banner_missing; banner=0.0; parsed_body=0.0. Banner checks are advisory; review against the source before treating this as a parser defect.,118sdoc13|banner_check_missing|2241|SENATOR BRIAN SCHATZ|2022|BANNER NET PAYROLL|0.0
warning,banner_check_missing,118sdoc13,GPO-CDOC-118sdoc13.pdf,2242,INTERN COMPENSATION - SCHATZ,2022,BANNER NET PAYROLL,0.0,status=banner_missing; banner=0.0; parsed_body=0.0. Banner checks are advisory; review against the source before treating this as a parser defect.,118sdoc13|banner_check_missing|2242|INTERN COMPENSATION - SCHATZ|2022|BANNER NET PAYROLL|0.0
warning,banner_check_missing,118sdoc13,GPO-CDOC-118sdoc13.pdf,2243,SENATOR BRIAN SCHATZ,2023,BANNER NET PAYROLL,0.0,status=banner_missing; banner=0.0; parsed_body=0.0. Banner checks are advisory; review against the source before treating this as a parser defect.,118sdoc13|banner_check_missing|2243|SENATOR BRIAN SCHATZ|2023|BANNER NET PAYROLL|0.0
warning,banner_check_missing,118sdoc13,GPO-CDOC-118sdoc13.pdf,2244,INTERN COMPENSATION - SCHATZ,2023,BANNER NET PAYROLL,0.0,status=banner_missing; banner=0.0; parsed_body=0.0. Banner checks are advisory; review against the source before treating this as a parser defect.,118sdoc13|banner_check_missing|2244|INTERN COMPENSATION - SCHATZ|2023|BANNER NET PAYROLL|0.0
warning,banner_check_discrepancy,118sdoc13,GPO-CDOC-118sdoc13.pdf,2245,SENATOR BRIAN SCHATZ,2024,BANNER NET PAYROLL,1909033.33,status=fail; banner=1909033.33; parsed_body=2019665.03. Banner checks are advisory; review against the source before treating this as a parser defect.,118sdoc13|banner_check_discrepancy|2245|SENATOR BRIAN SCHATZ|2024|BANNER NET PAYROLL|1909033.33
warning,banner_check_discrepancy,118sdoc13,GPO-CDOC-118sdoc13.pdf,2245,SENATOR BRIAN SCHATZ,2024,BANNER ORGANIZATION TOTALS,2076789.13,status=fail; banner=2076789.13; parsed_body=2107055.23. Banner checks are advisory; review against the source before treating this as a parser defect.,118sdoc13|banner_check_discrepancy|2245|SENATOR BRIAN SCHATZ|2024|BANNER ORGANIZATION TOTALS|2076789.13
warning,banner_check_discrepancy,118sdoc13,GPO-CDOC-118sdoc13.pdf,2251,INTERN COMPENSATION - SCHATZ,2024,BANNER NET PAYROLL,33897.73,status=fail; banner=33897.73; parsed_body=39369.04. Banner checks are advisory; review against the source before treating this as a parser defect.,118sdoc13|banner_check_discrepancy|2251|INTERN COMPENSATION - SCHATZ|2024|BANNER NET PAYROLL|33897.73
warning,banner_check_discrepancy,118sdoc13,GPO-CDOC-118sdoc13.pdf,2251,INTERN COMPENSATION - SCHATZ,2024,BANNER ORGANIZATION TOTALS,33897.73,status=fail; banner=33897.73; parsed_body=39369.04. Banner checks are advisory; review against the source before treating this as a parser defect.,118sdoc13|banner_check_discrepancy|2251|INTERN COMPENSATION - SCHATZ|2024|BANNER ORGANIZATION TOTALS|33897.73
warning,banner_check_missing,118sdoc13,GPO-CDOC-118sdoc13.pdf,2252,SENATOR ERIC SCHMITT,2023,BANNER NET PAYROLL,31.89,status=banner_missing; banner=31.89; parsed_body=0.0. Banner checks are advisory; review against the source before treating this as a parser defect.,118sdoc13|banner_check_missing|2252|SENATOR ERIC SCHMITT|2023|BANNER NET PAYROLL|31.89
warning,banner_check_missing,118sdoc13,GPO-CDOC-118sdoc13.pdf,2253,INTERN COMPENSATION - SCHMITT,2023,BANNER NET PAYROLL,0.0,status=banner_missing; banner=0.0; parsed_body=0.0. Banner checks are advisory; review against the source before treating this as a parser defect.,118sdoc13|banner_check_missing|2253|INTERN COMPENSATION - SCHMITT|2023|BANNER NET PAYROLL|0.0
warning,banner_check_discrepancy,118sdoc13,GPO-CDOC-118sdoc13.pdf,2254,SENATOR ERIC SCHMITT,2024,BANNER ORGANIZATION TOTALS,2171623.22,status=fail; banner=2171623.22; parsed_body=2105123.28. Banner checks are advisory; review against the source before treating this as a parser defect.,118sdoc13|banner_check_discrepancy|2254|SENATOR ERIC SCHMITT|2024|BANNER ORGANIZATION TOTALS|2171623.22
warning,banner_check_missing,118sdoc13,GPO-CDOC-118sdoc13.pdf,2280,SENATOR CHARLES E. SCHUMER,2022,BANNER NET PAYROLL,0.0,status=banner_missing; banner=0.0; parsed_body=0.0. Banner checks are advisory; review against the source before treating this as a parser defect.,118sdoc13|banner_check_missing|2280|SENATOR CHARLES E. SCHUMER|2022|BANNER NET PAYROLL|0.0
warning,banner_check_missing,118sdoc13,GPO-CDOC-118sdoc13.pdf,2281,INTERN COMPENSATION - SCHUMER,2022,BANNER NET PAYROLL,0.0,status=banner_missing; banner=0.0; parsed_body=0.0. Banner checks are advisory; review against the source before treating this as a parser defect.,118sdoc13|banner_check_missing|2281|INTERN COMPENSATION - SCHUMER|2022|BANNER NET PAYROLL|0.0
warning,banner_check_missing,118sdoc13,GPO-CDOC-118sdoc13.pdf,2282,SENATOR CHARLES E. SCHUMER,2023,BANNER NET PAYROLL,1125.0,status=banner_missing; banner=1125.0; parsed_body=0.0. Banner checks are advisory; review against the source before treating this as a parser defect.,118sdoc13|banner_check_missing|2282|SENATOR CHARLES E. SCHUMER|2023|BANNER NET PAYROLL|1125.0
warning,banner_check_missing,118sdoc13,GPO-CDOC-118sdoc13.pdf,2283,INTERN COMPENSATION - SCHUMER,2023,BANNER NET PAYROLL,0.0,status=banner_missing; banner=0.0; parsed_body=0.0. Banner checks are advisory; review against the source before treating this as a parser defect.,118sdoc13|banner_check_missing|2283|INTERN COMPENSATION - SCHUMER|2023|BANNER NET PAYROLL|0.0
warning,banner_check_discrepancy,118sdoc13,GPO-CDOC-118sdoc13.pdf,2284,SENATOR CHARLES E. SCHUMER,2024,BANNER ORGANIZATION TOTALS,3201483.14,status=fail; banner=3201483.14; parsed_body=3121502.7. Banner checks are advisory; review against the source before treating this as a parser defect.,118sdoc13|banner_check_discrepancy|2284|SENATOR CHARLES E. SCHUMER|2024|BANNER ORGANIZATION TOTALS|3201483.14
warning,banner_check_missing,118sdoc13,GPO-CDOC-118sdoc13.pdf,2300,SENATOR RICK SCOTT,2022,BANNER NET PAYROLL,0.0,status=banner_missing; banner=0.0; parsed_body=0.0. Banner checks are advisory; review against the source before treating this as a parser defect.,118sdoc13|banner_check_missing|2300|SENATOR RICK SCOTT|2022|BANNER NET PAYROLL|0.0
warning,banner_check_missing,118sdoc13,GPO-CDOC-118sdoc13.pdf,2301,INTERN COMPENSATION - R SCOTT,2022,BANNER NET PAYROLL,0.0,status=banner_missing; banner=0.0; parsed_body=0.0. Banner checks are advisory; review against the source before treating this as a parser defect.,118sdoc13|banner_check_missing|2301|INTERN COMPENSATION - R SCOTT|2022|BANNER NET PAYROLL|0.0
warning,banner_check_missing,118sdoc13,GPO-CDOC-118sdoc13.pdf,2302,SENATOR RICK SCOTT,2023,BANNER NET PAYROLL,0.0,status=banner_missing; banner=0.0; parsed_body=0.0. Banner checks are advisory; review against the source before treating this as a parser defect.,118sdoc13|banner_check_missing|2302|SENATOR RICK SCOTT|2023|BANNER NET PAYROLL|0.0
warning,banner_check_missing,118sdoc13,GPO-CDOC-118sdoc13.pdf,2303,INTERN COMPENSATION - R SCOTT,2023,BANNER NET PAYROLL,0.0,status=banner_missing; banner=0.0; parsed_body=0.0. Banner checks are advisory; review against the source before treating this as a parser defect.,118sdoc13|banner_check_missing|2303|INTERN COMPENSATION - R SCOTT|2023|BANNER NET PAYROLL|0.0
warning,banner_check_discrepancy,118sdoc13,GPO-CDOC-118sdoc13.pdf,2304,SENATOR RICK SCOTT,2024,BANNER ORGANIZATION TOTALS,2700005.46,status=fail; banner=2700005.46; parsed_body=2645338.0. Banner checks are advisory; review against the source before treating this as a parser defect.,118sdoc13|banner_check_discrepancy|2304|SENATOR RICK SCOTT|2024|BANNER ORGANIZATION TOTALS|2700005.46
warning,banner_check_missing,118sdoc13,GPO-CDOC-118sdoc13.pdf,2312,SENATOR TIM SCOTT,2022,BANNER NET PAYROLL,0.0,status=banner_missing; banner=0.0; parsed_body=0.0. Banner checks are advisory; review against the source before treating this as a parser defect.,118sdoc13|banner_check_missing|2312|SENATOR TIM SCOTT|2022|BANNER NET PAYROLL|0.0
warning,banner_check_missing,118sdoc13,GPO-CDOC-118sdoc13.pdf,2313,INTERN COMPENSATION - T SCOTT,2022,BANNER NET PAYROLL,0.0,status=banner_missing; banner=0.0; parsed_body=0.0. Banner checks are advisory; review against the source before treating this as a parser defect.,118sdoc13|banner_check_missing|2313|INTERN COMPENSATION - T SCOTT|2022|BANNER NET PAYROLL|0.0
warning,banner_check_missing,118sdoc13,GPO-CDOC-118sdoc13.pdf,2314,SENATOR TIM SCOTT,2023,BANNER NET PAYROLL,0.0,status=banner_missing; banner=0.0; parsed_body=0.0. Banner checks are advisory; review against the source before treating this as a parser defect.,118sdoc13|banner_check_missing|2314|SENATOR TIM SCOTT|2023|BANNER NET PAYROLL|0.0
warning,banner_check_missing,118sdoc13,GPO-CDOC-118sdoc13.pdf,2315,INTERN COMPENSATION - T SCOTT,2023,BANNER NET PAYROLL,0.0,status=banner_missing; banner=0.0; parsed_body=0.0. Banner checks are advisory; review against the source before treating this as a parser defect.,118sdoc13|banner_check_missing|2315|INTERN COMPENSATION - T SCOTT|2023|BANNER NET PAYROLL|0.0
warning,banner_check_discrepancy,118sdoc13,GPO-CDOC-118sdoc13.pdf,2316,SENATOR TIM SCOTT,2024,BANNER NET PAYROLL,1822037.18,status=fail; banner=1822037.18; parsed_body=1818637.44. Banner checks are advisory; review against the source before treating this as a parser defect.,118sdoc13|banner_check_discrepancy|2316|SENATOR TIM SCOTT|2024|BANNER NET PAYROLL|1822037.18
warning,banner_check_discrepancy,118sdoc13,GPO-CDOC-118sdoc13.pdf,2316,SENATOR TIM SCOTT,2024,BANNER ORGANIZATION TOTALS,1963010.08,status=fail; banner=1963010.08; parsed_body=1923842.51. Banner checks are advisory; review against the source before treating this as a parser defect.,118sdoc13|banner_check_discrepancy|2316|SENATOR TIM SCOTT|2024|BANNER ORGANIZATION TOTALS|1963010.08
warning,banner_check_discrepancy,118sdoc13,GPO-CDOC-118sdoc13.pdf,2334,INTERN COMPENSATION - T SCOTT,2024,BANNER NET PAYROLL,33550.0,status=fail; banner=33550.0; parsed_body=36949.74. Banner checks are advisory; review against the source before treating this as a parser defect.,118sdoc13|banner_check_discrepancy|2334|INTERN COMPENSATION - T SCOTT|2024|BANNER NET PAYROLL|33550.0
warning,banner_check_discrepancy,118sdoc13,GPO-CDOC-118sdoc13.pdf,2334,INTERN COMPENSATION - T SCOTT,2024,BANNER ORGANIZATION TOTALS,33550.0,status=fail; banner=33550.0; parsed_body=36949.74. Banner checks are advisory; review against the source before treating this as a parser defect.,118sdoc13|banner_check_discrepancy|2334|INTERN COMPENSATION - T SCOTT|2024|BANNER ORGANIZATION TOTALS|33550.0
warning,banner_check_missing,118sdoc13,GPO-CDOC-118sdoc13.pdf,2336,SENATOR JEANNE SHAHEEN,2022,BANNER NET PAYROLL,0.0,status=banner_missing; banner=0.0; parsed_body=0.0. Banner checks are advisory; review against the source before treating this as a parser defect.,118sdoc13|banner_check_missing|2336|SENATOR JEANNE SHAHEEN|2022|BANNER NET PAYROLL|0.0
warning,banner_check_missing,118sdoc13,GPO-CDOC-118sdoc13.pdf,2337,INTERN COMPENSATION - SHAHEEN,2022,BANNER NET PAYROLL,0.0,status=banner_missing; banner=0.0; parsed_body=0.0. Banner checks are advisory; review against the source before treating this as a parser defect.,118sdoc13|banner_check_missing|2337|INTERN COMPENSATION - SHAHEEN|2022|BANNER NET PAYROLL|0.0
warning,banner_check_missing,118sdoc13,GPO-CDOC-118sdoc13.pdf,2338,SENATOR JEANNE SHAHEEN,2023,BANNER NET PAYROLL,1213.33,status=banner_missing; banner=1213.33; parsed_body=0.0. Banner checks are advisory; review against the source before treating this as a parser defect.,118sdoc13|banner_check_missing|2338|SENATOR JEANNE SHAHEEN|2023|BANNER NET PAYROLL|1213.33
warning,banner_check_missing,118sdoc13,GPO-CDOC-118sdoc13.pdf,2339,INTERN COMPENSATION - SHAHEEN,2023,BANNER NET PAYROLL,0.0,status=banner_missing; banner=0.0; parsed_body=0.0. Banner checks are advisory; review against the source before treating this as a parser defect.,118sdoc13|banner_check_missing|2339|INTERN COMPENSATION - SHAHEEN|2023|BANNER NET PAYROLL|0.0
warning,banner_check_discrepancy,118sdoc13,GPO-CDOC-118sdoc13.pdf,2340,SENATOR JEANNE SHAHEEN,2024,BANNER ORGANIZATION TOTALS,2146485.36,status=fail; banner=2146485.36; parsed_body=2110534.42. Banner checks are advisory; review against the source before treating this as a parser defect.,118sdoc13|banner_check_discrepancy|2340|SENATOR JEANNE SHAHEEN|2024|BANNER ORGANIZATION TOTALS|2146485.36
warning,banner_check_missing,118sdoc13,GPO-CDOC-118sdoc13.pdf,2355,SENATOR RICHARD C. SHELBY,2022,BANNER NET PAYROLL,0.0,status=banner_missing; banner=0.0; parsed_body=0.0. Banner checks are advisory; review against the source before treating this as a parser defect.,118sdoc13|banner_check_missing|2355|SENATOR RICHARD C. SHELBY|2022|BANNER NET PAYROLL|0.0
warning,banner_check_missing,118sdoc13,GPO-CDOC-118sdoc13.pdf,2357,SENATOR RICHARD C. SHELBY,2023,BANNER NET PAYROLL,0.0,status=banner_missing; banner=0.0; parsed_body=0.0. Banner checks are advisory; review against the source before treating this as a parser defect.,118sdoc13|banner_check_missing|2357|SENATOR RICHARD C. SHELBY|2023|BANNER NET PAYROLL|0.0
warning,banner_check_missing,118sdoc13,GPO-CDOC-118sdoc13.pdf,2359,SENATOR KYRSTEN SINEMA,2022,BANNER NET PAYROLL,0.0,status=banner_missing; banner=0.0; parsed_body=0.0. Banner checks are advisory; review against the source before treating this as a parser defect.,118sdoc13|banner_check_missing|2359|SENATOR KYRSTEN SINEMA|2022|BANNER NET PAYROLL|0.0
warning,banner_check_missing,118sdoc13,GPO-CDOC-118sdoc13.pdf,2360,INTERN COMPENSATION - SINEMA,2022,BANNER NET PAYROLL,0.0,status=banner_missing; banner=0.0; parsed_body=0.0. Banner checks are advisory; review against the source before treating this as a parser defect.,118sdoc13|banner_check_missing|2360|INTERN COMPENSATION - SINEMA|2022|BANNER NET PAYROLL|0.0
warning,banner_check_missing,118sdoc13,GPO-CDOC-118sdoc13.pdf,2361,SENATOR KYRSTEN SINEMA,2023,BANNER NET PAYROLL,101.21,status=banner_missing; banner=101.21; parsed_body=0.0. Banner checks are advisory; review against the source before treating this as a parser defect.,118sdoc13|banner_check_missing|2361|SENATOR KYRSTEN SINEMA|2023|BANNER NET PAYROLL|101.21
warning,banner_check_discrepancy,118sdoc13,GPO-CDOC-118sdoc13.pdf,2361,SENATOR KYRSTEN SINEMA,2023,BANNER ORGANIZATION TOTALS,726.01,status=fail; banner=726.01; parsed_body=486.21. Banner checks are advisory; review against the source before treating this as a parser defect.,118sdoc13|banner_check_discrepancy|2361|SENATOR KYRSTEN SINEMA|2023|BANNER ORGANIZATION TOTALS|726.01
warning,banner_check_missing,118sdoc13,GPO-CDOC-118sdoc13.pdf,2362,INTERN COMPENSATION - SINEMA,2023,BANNER NET PAYROLL,0.0,status=banner_missing; banner=0.0; parsed_body=0.0. Banner checks are advisory; review against the source before treating this as a parser defect.,118sdoc13|banner_check_missing|2362|INTERN COMPENSATION - SINEMA|2023|BANNER NET PAYROLL|0.0
warning,banner_check_discrepancy,118sdoc13,GPO-CDOC-118sdoc13.pdf,2363,SENATOR KYRSTEN SINEMA,2024,BANNER NET PAYROLL,2142949.15,status=fail; banner=2142949.15; parsed_body=2136554.81. Banner checks are advisory; review against the source before treating this as a parser defect.,118sdoc13|banner_check_discrepancy|2363|SENATOR KYRSTEN SINEMA|2024|BANNER NET PAYROLL|2142949.15
warning,banner_check_discrepancy,118sdoc13,GPO-CDOC-118sdoc13.pdf,2363,SENATOR KYRSTEN SINEMA,2024,BANNER ORGANIZATION TOTALS,2363352.67,status=fail; banner=2363352.67; parsed_body=2287778.6. Banner checks are advisory; review against the source before treating this as a parser defect.,118sdoc13|banner_check_discrepancy|2363|SENATOR KYRSTEN SINEMA|2024|BANNER ORGANIZATION TOTALS|2363352.67
warning,banner_check_discrepancy,118sdoc13,GPO-CDOC-118sdoc13.pdf,2381,INTERN COMPENSATION - SINEMA,2024,BANNER NET PAYROLL,48000.0,status=fail; banner=48000.0; parsed_body=54394.34. Banner checks are advisory; review against the source before treating this as a parser defect.,118sdoc13|banner_check_discrepancy|2381|INTERN COMPENSATION - SINEMA|2024|BANNER NET PAYROLL|48000.0
warning,banner_check_discrepancy,118sdoc13,GPO-CDOC-118sdoc13.pdf,2381,INTERN COMPENSATION - SINEMA,2024,BANNER ORGANIZATION TOTALS,48000.0,status=fail; banner=48000.0; parsed_body=54394.34. Banner checks are advisory; review against the source before treating this as a parser defect.,118sdoc13|banner_check_discrepancy|2381|INTERN COMPENSATION - SINEMA|2024|BANNER ORGANIZATION TOTALS|48000.0
warning,banner_check_missing,118sdoc13,GPO-CDOC-118sdoc13.pdf,2382,SENATOR TINA SMITH,2022,BANNER NET PAYROLL,624.26,status=banner_missing; banner=624.26; parsed_body=0.0. Banner checks are advisory; review against the source before treating this as a parser defect.,118sdoc13|banner_check_missing|2382|SENATOR TINA SMITH|2022|BANNER NET PAYROLL|624.26
warning,banner_check_discrepancy,118sdoc13,GPO-CDOC-118sdoc13.pdf,2382,SENATOR TINA SMITH,2022,BANNER ORGANIZATION TOTALS,846.34,status=fail; banner=846.34; parsed_body=624.26. Banner checks are advisory; review against the source before treating this as a parser defect.,118sdoc13|banner_check_discrepancy|2382|SENATOR TINA SMITH|2022|BANNER ORGANIZATION TOTALS|846.34
warning,banner_check_missing,118sdoc13,GPO-CDOC-118sdoc13.pdf,2383,INTERN COMPENSATION - SMITH,2022,BANNER NET PAYROLL,0.0,status=banner_missing; banner=0.0; parsed_body=0.0. Banner checks are advisory; review against the source before treating this as a parser defect.,118sdoc13|banner_check_missing|2383|INTERN COMPENSATION - SMITH|2022|BANNER NET PAYROLL|0.0
warning,banner_check_missing,118sdoc13,GPO-CDOC-118sdoc13.pdf,2384,SENATOR TINA SMITH,2023,BANNER NET PAYROLL,0.0,status=banner_missing; banner=0.0; parsed_body=0.0. Banner checks are advisory; review against the source before treating this as a parser defect.,118sdoc13|banner_check_missing|2384|SENATOR TINA SMITH|2023|BANNER NET PAYROLL|0.0
warning,banner_check_discrepancy,118sdoc13,GPO-CDOC-118sdoc13.pdf,2384,SENATOR TINA SMITH,2023,BANNER ORGANIZATION TOTALS,169.71,status=fail; banner=169.71; parsed_body=0.0. Banner checks are advisory; review against the source before treating this as a parser defect.,118sdoc13|banner_check_discrepancy|2384|SENATOR TINA SMITH|2023|BANNER ORGANIZATION TOTALS|169.71
warning,banner_check_missing,118sdoc13,GPO-CDOC-118sdoc13.pdf,2385,INTERN COMPENSATION - SMITH,2023,BANNER NET PAYROLL,0.0,status=banner_missing; banner=0.0; parsed_body=0.0. Banner checks are advisory; review against the source before treating this as a parser defect.,118sdoc13|banner_check_missing|2385|INTERN COMPENSATION - SMITH|2023|BANNER NET PAYROLL|0.0
warning,banner_check_discrepancy,118sdoc13,GPO-CDOC-118sdoc13.pdf,2386,SENATOR TINA SMITH,2024,BANNER ORGANIZATION TOTALS,2284511.6,status=fail; banner=2284511.6; parsed_body=2253466.37. Banner checks are advisory; review against the source before treating this as a parser defect.,118sdoc13|banner_check_discrepancy|2386|SENATOR TINA SMITH|2024|BANNER ORGANIZATION TOTALS|2284511.6
warning,banner_check_missing,118sdoc13,GPO-CDOC-118sdoc13.pdf,2403,SENATOR DEBBIE A. STABENOW,2022,BANNER NET PAYROLL,568.16,status=banner_missing; banner=568.16; parsed_body=0.0. Banner checks are advisory; review against the source before treating this as a parser defect.,118sdoc13|banner_check_missing|2403|SENATOR DEBBIE A. STABENOW|2022|BANNER NET PAYROLL|568.16
warning,banner_check_missing,118sdoc13,GPO-CDOC-118sdoc13.pdf,2404,INTERN COMPENSATION - STABENOW,2022,BANNER NET PAYROLL,0.0,status=banner_missing; banner=0.0; parsed_body=0.0. Banner checks are advisory; review against the source before treating this as a parser defect.,118sdoc13|banner_check_missing|2404|INTERN COMPENSATION - STABENOW|2022|BANNER NET PAYROLL|0.0
warning,banner_check_missing,118sdoc13,GPO-CDOC-118sdoc13.pdf,2405,SENATOR DEBBIE A. STABENOW,2023,BANNER NET PAYROLL,247.87,status=banner_missing; banner=247.87; parsed_body=0.0. Banner checks are advisory; review against the source before treating this as a parser defect.,118sdoc13|banner_check_missing|2405|SENATOR DEBBIE A. STABENOW|2023|BANNER NET PAYROLL|247.87
warning,banner_check_missing,118sdoc13,GPO-CDOC-118sdoc13.pdf,2406,INTERN COMPENSATION - STABENOW,2023,BANNER NET PAYROLL,0.0,status=banner_missing; banner=0.0; parsed_body=0.0. Banner checks are advisory; review against the source before treating this as a parser defect.,118sdoc13|banner_check_missing|2406|INTERN COMPENSATION - STABENOW|2023|BANNER NET PAYROLL|0.0
warning,banner_check_discrepancy,118sdoc13,GPO-CDOC-118sdoc13.pdf,2407,SENATOR DEBBIE A. STABENOW,2024,BANNER ORGANIZATION TOTALS,2565078.65,status=fail; banner=2565078.65; parsed_body=2534801.09. Banner checks are advisory; review against the source before treating this as a parser defect.,118sdoc13|banner_check_discrepancy|2407|SENATOR DEBBIE A. STABENOW|2024|BANNER ORGANIZATION TOTALS|2565078.65
warning,banner_check_missing,118sdoc13,GPO-CDOC-118sdoc13.pdf,2417,SENATOR DAN SULLIVAN,2022,BANNER NET PAYROLL,0.0,status=banner_missing; banner=0.0; parsed_body=0.0. Banner checks are advisory; review against the source before treating this as a parser defect.,118sdoc13|banner_check_missing|2417|SENATOR DAN SULLIVAN|2022|BANNER NET PAYROLL|0.0
warning,banner_check_discrepancy,118sdoc13,GPO-CDOC-118sdoc13.pdf,2417,SENATOR DAN SULLIVAN,2022,BANNER ORGANIZATION TOTALS,787.13,status=fail; banner=787.13; parsed_body=0.0. Banner checks are advisory; review against the source before treating this as a parser defect.,118sdoc13|banner_check_discrepancy|2417|SENATOR DAN SULLIVAN|2022|BANNER ORGANIZATION TOTALS|787.13
warning,banner_check_missing,118sdoc13,GPO-CDOC-118sdoc13.pdf,2418,INTERN COMPENSATION - SULLIVAN,2022,BANNER NET PAYROLL,0.0,status=banner_missing; banner=0.0; parsed_body=0.0. Banner checks are advisory; review against the source before treating this as a parser defect.,118sdoc13|banner_check_missing|2418|INTERN COMPENSATION - SULLIVAN|2022|BANNER NET PAYROLL|0.0
warning,banner_check_missing,118sdoc13,GPO-CDOC-118sdoc13.pdf,2419,SENATOR DAN SULLIVAN,2023,BANNER NET PAYROLL,5367.04,status=banner_missing; banner=5367.04; parsed_body=0.0. Banner checks are advisory; review against the source before treating this as a parser defect.,118sdoc13|banner_check_missing|2419|SENATOR DAN SULLIVAN|2023|BANNER NET PAYROLL|5367.04
warning,banner_check_discrepancy,118sdoc13,GPO-CDOC-118sdoc13.pdf,2419,SENATOR DAN SULLIVAN,2023,BANNER ORGANIZATION TOTALS,6087.04,status=fail; banner=6087.04; parsed_body=5367.04. Banner checks are advisory; review against the source before treating this as a parser defect.,118sdoc13|banner_check_discrepancy|2419|SENATOR DAN SULLIVAN|2023|BANNER ORGANIZATION TOTALS|6087.04
warning,banner_check_missing,118sdoc13,GPO-CDOC-118sdoc13.pdf,2421,INTERN COMPENSATION - SULLIVAN,2023,BANNER NET PAYROLL,0.0,status=banner_missing; banner=0.0; parsed_body=0.0. Banner checks are advisory; review against the source before treating this as a parser defect.,118sdoc13|banner_check_missing|2421|INTERN COMPENSATION - SULLIVAN|2023|BANNER NET PAYROLL|0.0
warning,banner_check_discrepancy,118sdoc13,GPO-CDOC-118sdoc13.pdf,2422,SENATOR DAN SULLIVAN,2024,BANNER NET PAYROLL,1886313.4,status=fail; banner=1886313.4; parsed_body=1997728.65. Banner checks are advisory; review against the source before treating this as a parser defect.,118sdoc13|banner_check_discrepancy|2422|SENATOR DAN SULLIVAN|2024|BANNER NET PAYROLL|1886313.4
warning,banner_check_discrepancy,118sdoc13,GPO-CDOC-118sdoc13.pdf,2422,SENATOR DAN SULLIVAN,2024,BANNER ORGANIZATION TOTALS,2153084.17,status=fail; banner=2153084.17; parsed_body=2196303.96. Banner checks are advisory; review against the source before treating this as a parser defect.,118sdoc13|banner_check_discrepancy|2422|SENATOR DAN SULLIVAN|2024|BANNER ORGANIZATION TOTALS|2153084.17
warning,banner_check_missing,118sdoc13,GPO-CDOC-118sdoc13.pdf,2437,SENATOR JON TESTER,2022,BANNER NET PAYROLL,0.0,status=banner_missing; banner=0.0; parsed_body=0.0. Banner checks are advisory; review against the source before treating this as a parser defect.,118sdoc13|banner_check_missing|2437|SENATOR JON TESTER|2022|BANNER NET PAYROLL|0.0
warning,banner_check_missing,118sdoc13,GPO-CDOC-118sdoc13.pdf,2438,INTERN COMPENSATION - TESTER,2022,BANNER NET PAYROLL,0.0,status=banner_missing; banner=0.0; parsed_body=0.0. Banner checks are advisory; review against the source before treating this as a parser defect.,118sdoc13|banner_check_missing|2438|INTERN COMPENSATION - TESTER|2022|BANNER NET PAYROLL|0.0
warning,banner_check_missing,118sdoc13,GPO-CDOC-118sdoc13.pdf,2439,SENATOR JON TESTER,2023,BANNER NET PAYROLL,0.0,status=banner_missing; banner=0.0; parsed_body=0.0. Banner checks are advisory; review against the source before treating this as a parser defect.,118sdoc13|banner_check_missing|2439|SENATOR JON TESTER|2023|BANNER NET PAYROLL|0.0
warning,banner_check_missing,118sdoc13,GPO-CDOC-118sdoc13.pdf,2440,INTERN COMPENSATION - TESTER,2023,BANNER NET PAYROLL,0.0,status=banner_missing; banner=0.0; parsed_body=0.0. Banner checks are advisory; review against the source before treating this as a parser defect.,118sdoc13|banner_check_missing|2440|INTERN COMPENSATION - TESTER|2023|BANNER NET PAYROLL|0.0
warning,banner_check_discrepancy,118sdoc13,GPO-CDOC-118sdoc13.pdf,2441,SENATOR JON TESTER,2024,BANNER ORGANIZATION TOTALS,1914352.98,status=fail; banner=1914352.98; parsed_body=1883178.61. Banner checks are advisory; review against the source before treating this as a parser defect.,118sdoc13|banner_check_discrepancy|2441|SENATOR JON TESTER|2024|BANNER ORGANIZATION TOTALS|1914352.98
warning,banner_check_missing,118sdoc13,GPO-CDOC-118sdoc13.pdf,2455,SENATOR JOHN R. THUNE,2022,BANNER NET PAYROLL,0.0,status=banner_missing; banner=0.0; parsed_body=0.0. Banner checks are advisory; review against the source before treating this as a parser defect.,118sdoc13|banner_check_missing|2455|SENATOR JOHN R. THUNE|2022|BANNER NET PAYROLL|0.0
warning,banner_check_missing,118sdoc13,GPO-CDOC-118sdoc13.pdf,2456,INTERN COMPENSATION - THUNE,2022,BANNER NET PAYROLL,0.0,status=banner_missing; banner=0.0; parsed_body=0.0. Banner checks are advisory; review against the source before treating this as a parser defect.,118sdoc13|banner_check_missing|2456|INTERN COMPENSATION - THUNE|2022|BANNER NET PAYROLL|0.0
warning,banner_check_missing,118sdoc13,GPO-CDOC-118sdoc13.pdf,2457,SENATOR JOHN R. THUNE,2023,BANNER NET PAYROLL,0.0,status=banner_missing; banner=0.0; parsed_body=0.0. Banner checks are advisory; review against the source before treating this as a parser defect.,118sdoc13|banner_check_missing|2457|SENATOR JOHN R. THUNE|2023|BANNER NET PAYROLL|0.0
warning,banner_check_missing,118sdoc13,GPO-CDOC-118sdoc13.pdf,2458,INTERN COMPENSATION - THUNE,2023,BANNER NET PAYROLL,0.0,status=banner_missing; banner=0.0; parsed_body=0.0. Banner checks are advisory; review against the source before treating this as a parser defect.,118sdoc13|banner_check_missing|2458|INTERN COMPENSATION - THUNE|2023|BANNER NET PAYROLL|0.0
warning,banner_check_discrepancy,118sdoc13,GPO-CDOC-118sdoc13.pdf,2459,SENATOR JOHN R. THUNE,2024,BANNER ORGANIZATION TOTALS,1965458.87,status=fail; banner=1965458.87; parsed_body=1935667.17. Banner checks are advisory; review against the source before treating this as a parser defect.,118sdoc13|banner_check_discrepancy|2459|SENATOR JOHN R. THUNE|2024|BANNER ORGANIZATION TOTALS|1965458.87
warning,banner_check_missing,118sdoc13,GPO-CDOC-118sdoc13.pdf,2468,SENATOR THOM TILLIS,2022,BANNER NET PAYROLL,0.0,status=banner_missing; banner=0.0; parsed_body=0.0. Banner checks are advisory; review against the source before treating this as a parser defect.,118sdoc13|banner_check_missing|2468|SENATOR THOM TILLIS|2022|BANNER NET PAYROLL|0.0
warning,banner_check_missing,118sdoc13,GPO-CDOC-118sdoc13.pdf,2469,INTERN COMPENSATION - TILLIS,2022,BANNER NET PAYROLL,0.0,status=banner_missing; banner=0.0; parsed_body=0.0. Banner checks are advisory; review against the source before treating this as a parser defect.,118sdoc13|banner_check_missing|2469|INTERN COMPENSATION - TILLIS|2022|BANNER NET PAYROLL|0.0
warning,banner_check_missing,118sdoc13,GPO-CDOC-118sdoc13.pdf,2470,SENATOR THOM TILLIS,2023,BANNER NET PAYROLL,0.0,status=banner_missing; banner=0.0; parsed_body=0.0. Banner checks are advisory; review against the source before treating this as a parser defect.,118sdoc13|banner_check_missing|2470|SENATOR THOM TILLIS|2023|BANNER NET PAYROLL|0.0
warning,banner_check_missing,118sdoc13,GPO-CDOC-118sdoc13.pdf,2471,INTERN COMPENSATION - TILLIS,2023,BANNER NET PAYROLL,0.0,status=banner_missing; banner=0.0; parsed_body=0.0. Banner checks are advisory; review against the source before treating this as a parser defect.,118sdoc13|banner_check_missing|2471|INTERN COMPENSATION - TILLIS|2023|BANNER NET PAYROLL|0.0
warning,banner_check_discrepancy,118sdoc13,GPO-CDOC-118sdoc13.pdf,2472,SENATOR THOM TILLIS,2024,BANNER ORGANIZATION TOTALS,2458450.35,status=fail; banner=2458450.35; parsed_body=2416676.91. Banner checks are advisory; review against the source before treating this as a parser defect.,118sdoc13|banner_check_discrepancy|2472|SENATOR THOM TILLIS|2024|BANNER ORGANIZATION TOTALS|2458450.35
warning,banner_check_missing,118sdoc13,GPO-CDOC-118sdoc13.pdf,2493,SENATOR PATRICK J. TOOMEY,2022,BANNER NET PAYROLL,0.0,status=banner_missing; banner=0.0; parsed_body=0.0. Banner checks are advisory; review against the source before treating this as a parser defect.,118sdoc13|banner_check_missing|2493|SENATOR PATRICK J. TOOMEY|2022|BANNER NET PAYROLL|0.0
warning,banner_check_missing,118sdoc13,GPO-CDOC-118sdoc13.pdf,2494,INTERN COMPENSATION - TOOMEY,2022,BANNER NET PAYROLL,0.0,status=banner_missing; banner=0.0; parsed_body=0.0. Banner checks are advisory; review against the source before treating this as a parser defect.,118sdoc13|banner_check_missing|2494|INTERN COMPENSATION - TOOMEY|2022|BANNER NET PAYROLL|0.0
warning,banner_check_missing,118sdoc13,GPO-CDOC-118sdoc13.pdf,2495,SENATOR PATRICK J. TOOMEY,2023,BANNER NET PAYROLL,0.0,status=banner_missing; banner=0.0; parsed_body=0.0. Banner checks are advisory; review against the source before treating this as a parser defect.,118sdoc13|banner_check_missing|2495|SENATOR PATRICK J. TOOMEY|2023|BANNER NET PAYROLL|0.0
warning,banner_check_missing,118sdoc13,GPO-CDOC-118sdoc13.pdf,2496,INTERN COMPENSATION - TOOMEY,2023,BANNER NET PAYROLL,0.0,status=banner_missing; banner=0.0; parsed_body=0.0. Banner checks are advisory; review against the source before treating this as a parser defect.,118sdoc13|banner_check_missing|2496|INTERN COMPENSATION - TOOMEY|2023|BANNER NET PAYROLL|0.0
warning,banner_check_missing,118sdoc13,GPO-CDOC-118sdoc13.pdf,2497,SENATOR TOMMY TUBERVILLE,2022,BANNER NET PAYROLL,0.0,status=banner_missing; banner=0.0; parsed_body=0.0. Banner checks are advisory; review against the source before treating this as a parser defect.,118sdoc13|banner_check_missing|2497|SENATOR TOMMY TUBERVILLE|2022|BANNER NET PAYROLL|0.0
warning,banner_check_missing,118sdoc13,GPO-CDOC-118sdoc13.pdf,2498,INTERN COMPENSATION - TUBERVILLE,2022,BANNER NET PAYROLL,0.0,status=banner_missing; banner=0.0; parsed_body=0.0. Banner checks are advisory; review against the source before treating this as a parser defect.,118sdoc13|banner_check_missing|2498|INTERN COMPENSATION - TUBERVILLE|2022|BANNER NET PAYROLL|0.0
warning,banner_check_missing,118sdoc13,GPO-CDOC-118sdoc13.pdf,2499,SENATOR TOMMY TUBERVILLE,2023,BANNER NET PAYROLL,0.0,status=banner_missing; banner=0.0; parsed_body=0.0. Banner checks are advisory; review against the source before treating this as a parser defect.,118sdoc13|banner_check_missing|2499|SENATOR TOMMY TUBERVILLE|2023|BANNER NET PAYROLL|0.0
warning,banner_check_missing,118sdoc13,GPO-CDOC-118sdoc13.pdf,2500,INTERN COMPENSATION - TUBERVILLE,2023,BANNER NET PAYROLL,0.0,status=banner_missing; banner=0.0; parsed_body=0.0. Banner checks are advisory; review against the source before treating this as a parser defect.,118sdoc13|banner_check_missing|2500|INTERN COMPENSATION - TUBERVILLE|2023|BANNER NET PAYROLL|0.0
warning,banner_check_discrepancy,118sdoc13,GPO-CDOC-118sdoc13.pdf,2501,SENATOR TOMMY TUBERVILLE,2024,BANNER ORGANIZATION TOTALS,1916127.85,status=fail; banner=1916127.85; parsed_body=1850429.1. Banner checks are advisory; review against the source before treating this as a parser defect.,118sdoc13|banner_check_discrepancy|2501|SENATOR TOMMY TUBERVILLE|2024|BANNER ORGANIZATION TOTALS|1916127.85
warning,banner_check_missing,118sdoc13,GPO-CDOC-118sdoc13.pdf,2516,SENATOR JD VANCE,2023,BANNER NET PAYROLL,2093.0,status=banner_missing; banner=2093.0; parsed_body=0.0. Banner checks are advisory; review against the source before treating this as a parser defect.,118sdoc13|banner_check_missing|2516|SENATOR JD VANCE|2023|BANNER NET PAYROLL|2093.0
warning,banner_check_missing,118sdoc13,GPO-CDOC-118sdoc13.pdf,2517,INTERN COMPENSATION - VANCE,2023,BANNER NET PAYROLL,0.0,status=banner_missing; banner=0.0; parsed_body=0.0. Banner checks are advisory; review against the source before treating this as a parser defect.,118sdoc13|banner_check_missing|2517|INTERN COMPENSATION - VANCE|2023|BANNER NET PAYROLL|0.0
warning,banner_check_discrepancy,118sdoc13,GPO-CDOC-118sdoc13.pdf,2518,SENATOR JD VANCE,2024,BANNER ORGANIZATION TOTALS,2275913.52,status=fail; banner=2275913.52; parsed_body=2214660.26. Banner checks are advisory; review against the source before treating this as a parser defect.,118sdoc13|banner_check_discrepancy|2518|SENATOR JD VANCE|2024|BANNER ORGANIZATION TOTALS|2275913.52
warning,banner_check_missing,118sdoc13,GPO-CDOC-118sdoc13.pdf,2542,SENATOR CHRIS VAN HOLLEN,2022,BANNER NET PAYROLL,0.0,status=banner_missing; banner=0.0; parsed_body=0.0. Banner checks are advisory; review against the source before treating this as a parser defect.,118sdoc13|banner_check_missing|2542|SENATOR CHRIS VAN HOLLEN|2022|BANNER NET PAYROLL|0.0
warning,banner_check_missing,118sdoc13,GPO-CDOC-118sdoc13.pdf,2543,INTERN COMPENSATION - VAN HOLLEN,2022,BANNER NET PAYROLL,0.0,status=banner_missing; banner=0.0; parsed_body=0.0. Banner checks are advisory; review against the source before treating this as a parser defect.,118sdoc13|banner_check_missing|2543|INTERN COMPENSATION - VAN HOLLEN|2022|BANNER NET PAYROLL|0.0
warning,banner_check_missing,118sdoc13,GPO-CDOC-118sdoc13.pdf,2544,SENATOR CHRIS VAN HOLLEN,2023,BANNER NET PAYROLL,796.03,status=banner_missing; banner=796.03; parsed_body=0.0. Banner checks are advisory; review against the source before treating this as a parser defect.,118sdoc13|banner_check_missing|2544|SENATOR CHRIS VAN HOLLEN|2023|BANNER NET PAYROLL|796.03
warning,banner_check_missing,118sdoc13,GPO-CDOC-118sdoc13.pdf,2545,INTERN COMPENSATION - VAN HOLLEN,2023,BANNER NET PAYROLL,0.0,status=banner_missing; banner=0.0; parsed_body=0.0. Banner checks are advisory; review against the source before treating this as a parser defect.,118sdoc13|banner_check_missing|2545|INTERN COMPENSATION - VAN HOLLEN|2023|BANNER NET PAYROLL|0.0
warning,banner_check_discrepancy,118sdoc13,GPO-CDOC-118sdoc13.pdf,2546,SENATOR CHRIS VAN HOLLEN,2024,BANNER ORGANIZATION TOTALS,2339625.11,status=fail; banner=2339625.11; parsed_body=2280130.45. Banner checks are advisory; review against the source before treating this as a parser defect.,118sdoc13|banner_check_discrepancy|2546|SENATOR CHRIS VAN HOLLEN|2024|BANNER ORGANIZATION TOTALS|2339625.11
warning,banner_check_missing,118sdoc13,GPO-CDOC-118sdoc13.pdf,2563,SENATOR MARK WARNER,2022,BANNER NET PAYROLL,0.0,status=banner_missing; banner=0.0; parsed_body=0.0. Banner checks are advisory; review against the source before treating this as a parser defect.,118sdoc13|banner_check_missing|2563|SENATOR MARK WARNER|2022|BANNER NET PAYROLL|0.0
warning,banner_check_missing,118sdoc13,GPO-CDOC-118sdoc13.pdf,2564,INTERN COMPENSATION - WARNER,2022,BANNER NET PAYROLL,0.0,status=banner_missing; banner=0.0; parsed_body=0.0. Banner checks are advisory; review against the source before treating this as a parser defect.,118sdoc13|banner_check_missing|2564|INTERN COMPENSATION - WARNER|2022|BANNER NET PAYROLL|0.0
warning,banner_check_missing,118sdoc13,GPO-CDOC-118sdoc13.pdf,2565,SENATOR MARK WARNER,2023,BANNER NET PAYROLL,1196.24,status=banner_missing; banner=1196.24; parsed_body=0.0. Banner checks are advisory; review against the source before treating this as a parser defect.,118sdoc13|banner_check_missing|2565|SENATOR MARK WARNER|2023|BANNER NET PAYROLL|1196.24
warning,banner_check_missing,118sdoc13,GPO-CDOC-118sdoc13.pdf,2566,INTERN COMPENSATION - WARNER,2023,BANNER NET PAYROLL,0.0,status=banner_missing; banner=0.0; parsed_body=0.0. Banner checks are advisory; review against the source before treating this as a parser defect.,118sdoc13|banner_check_missing|2566|INTERN COMPENSATION - WARNER|2023|BANNER NET PAYROLL|0.0
warning,banner_check_discrepancy,118sdoc13,GPO-CDOC-118sdoc13.pdf,2567,SENATOR MARK WARNER,2024,BANNER ORGANIZATION TOTALS,2512415.63,status=fail; banner=2512415.63; parsed_body=2467537.75. Banner checks are advisory; review against the source before treating this as a parser defect.,118sdoc13|banner_check_discrepancy|2567|SENATOR MARK WARNER|2024|BANNER ORGANIZATION TOTALS|2512415.63
warning,banner_check_missing,118sdoc13,GPO-CDOC-118sdoc13.pdf,2595,SENATOR RAPHAEL WARNOCK,2022,BANNER NET PAYROLL,0.0,status=banner_missing; banner=0.0; parsed_body=0.0. Banner checks are advisory; review against the source before treating this as a parser defect.,118sdoc13|banner_check_missing|2595|SENATOR RAPHAEL WARNOCK|2022|BANNER NET PAYROLL|0.0
warning,banner_check_missing,118sdoc13,GPO-CDOC-118sdoc13.pdf,2596,INTERN COMPENSATION - WARNOCK,2022,BANNER NET PAYROLL,0.0,status=banner_missing; banner=0.0; parsed_body=0.0. Banner checks are advisory; review against the source before treating this as a parser defect.,118sdoc13|banner_check_missing|2596|INTERN COMPENSATION - WARNOCK|2022|BANNER NET PAYROLL|0.0
warning,banner_check_missing,118sdoc13,GPO-CDOC-118sdoc13.pdf,2597,SENATOR RAPHAEL WARNOCK,2023,BANNER NET PAYROLL,5975.85,status=banner_missing; banner=5975.85; parsed_body=0.0. Banner checks are advisory; review against the source before treating this as a parser defect.,118sdoc13|banner_check_missing|2597|SENATOR RAPHAEL WARNOCK|2023|BANNER NET PAYROLL|5975.85
warning,banner_check_missing,118sdoc13,GPO-CDOC-118sdoc13.pdf,2599,INTERN COMPENSATION - WARNOCK,2023,BANNER NET PAYROLL,0.0,status=banner_missing; banner=0.0; parsed_body=0.0. Banner checks are advisory; review against the source before treating this as a parser defect.,118sdoc13|banner_check_missing|2599|INTERN COMPENSATION - WARNOCK|2023|BANNER NET PAYROLL|0.0
warning,banner_check_discrepancy,118sdoc13,GPO-CDOC-118sdoc13.pdf,2600,SENATOR RAPHAEL WARNOCK,2024,BANNER NET PAYROLL,2436849.81,status=fail; banner=2436849.81; parsed_body=2433471.09. Banner checks are advisory; review against the source before treating this as a parser defect.,118sdoc13|banner_check_discrepancy|2600|SENATOR RAPHAEL WARNOCK|2024|BANNER NET PAYROLL|2436849.81
warning,banner_check_discrepancy,118sdoc13,GPO-CDOC-118sdoc13.pdf,2600,SENATOR RAPHAEL WARNOCK,2024,BANNER ORGANIZATION TOTALS,2652391.49,status=fail; banner=2652391.49; parsed_body=2531214.9. Banner checks are advisory; review against the source before treating this as a parser defect.,118sdoc13|banner_check_discrepancy|2600|SENATOR RAPHAEL WARNOCK|2024|BANNER ORGANIZATION TOTALS|2652391.49
warning,banner_check_discrepancy,118sdoc13,GPO-CDOC-118sdoc13.pdf,2630,INTERN COMPENSATION - WARNOCK,2024,BANNER NET PAYROLL,43101.86,status=fail; banner=43101.86; parsed_body=46480.58. Banner checks are advisory; review against the source before treating this as a parser defect.,118sdoc13|banner_check_discrepancy|2630|INTERN COMPENSATION - WARNOCK|2024|BANNER NET PAYROLL|43101.86
warning,banner_check_discrepancy,118sdoc13,GPO-CDOC-118sdoc13.pdf,2630,INTERN COMPENSATION - WARNOCK,2024,BANNER ORGANIZATION TOTALS,43101.86,status=fail; banner=43101.86; parsed_body=46480.58. Banner checks are advisory; review against the source before treating this as a parser defect.,118sdoc13|banner_check_discrepancy|2630|INTERN COMPENSATION - WARNOCK|2024|BANNER ORGANIZATION TOTALS|43101.86
warning,banner_check_missing,118sdoc13,GPO-CDOC-118sdoc13.pdf,2631,SENATOR ELIZABETH WARREN,2022,BANNER NET PAYROLL,0.0,status=banner_missing; banner=0.0; parsed_body=0.0. Banner checks are advisory; review against the source before treating this as a parser defect.,118sdoc13|banner_check_missing|2631|SENATOR ELIZABETH WARREN|2022|BANNER NET PAYROLL|0.0
warning,banner_check_missing,118sdoc13,GPO-CDOC-118sdoc13.pdf,2632,INTERN COMPENSATION - WARREN,2022,BANNER NET PAYROLL,0.0,status=banner_missing; banner=0.0; parsed_body=0.0. Banner checks are advisory; review against the source before treating this as a parser defect.,118sdoc13|banner_check_missing|2632|INTERN COMPENSATION - WARREN|2022|BANNER NET PAYROLL|0.0
warning,banner_check_missing,118sdoc13,GPO-CDOC-118sdoc13.pdf,2633,SENATOR ELIZABETH WARREN,2023,BANNER NET PAYROLL,0.0,status=banner_missing; banner=0.0; parsed_body=0.0. Banner checks are advisory; review against the source before treating this as a parser defect.,118sdoc13|banner_check_missing|2633|SENATOR ELIZABETH WARREN|2023|BANNER NET PAYROLL|0.0
warning,banner_check_missing,118sdoc13,GPO-CDOC-118sdoc13.pdf,2634,INTERN COMPENSATION - WARREN,2023,BANNER NET PAYROLL,0.0,status=banner_missing; banner=0.0; parsed_body=0.0. Banner checks are advisory; review against the source before treating this as a parser defect.,118sdoc13|banner_check_missing|2634|INTERN COMPENSATION - WARREN|2023|BANNER NET PAYROLL|0.0
warning,banner_check_discrepancy,118sdoc13,GPO-CDOC-118sdoc13.pdf,2635,SENATOR ELIZABETH WARREN,2024,BANNER ORGANIZATION TOTALS,2202549.35,status=fail; banner=2202549.35; parsed_body=2072280.71. Banner checks are advisory; review against the source before treating this as a parser defect.,118sdoc13|banner_check_discrepancy|2635|SENATOR ELIZABETH WARREN|2024|BANNER ORGANIZATION TOTALS|2202549.35
warning,banner_check_missing,118sdoc13,GPO-CDOC-118sdoc13.pdf,2648,SENATOR PETER WELCH,2023,BANNER NET PAYROLL,0.0,status=banner_missing; banner=0.0; parsed_body=0.0. Banner checks are advisory; review against the source before treating this as a parser defect.,118sdoc13|banner_check_missing|2648|SENATOR PETER WELCH|2023|BANNER NET PAYROLL|0.0
warning,banner_check_missing,118sdoc13,GPO-CDOC-118sdoc13.pdf,2649,INTERN COMPENSATION - WELCH,2023,BANNER NET PAYROLL,0.0,status=banner_missing; banner=0.0; parsed_body=0.0. Banner checks are advisory; review against the source before treating this as a parser defect.,118sdoc13|banner_check_missing|2649|INTERN COMPENSATION - WELCH|2023|BANNER NET PAYROLL|0.0
warning,banner_check_discrepancy,118sdoc13,GPO-CDOC-118sdoc13.pdf,2650,SENATOR PETER WELCH,2024,BANNER NET PAYROLL,1988019.19,status=fail; banner=1988019.19; parsed_body=1979707.59. Banner checks are advisory; review against the source before treating this as a parser defect.,118sdoc13|banner_check_discrepancy|2650|SENATOR PETER WELCH|2024|BANNER NET PAYROLL|1988019.19
warning,banner_check_discrepancy,118sdoc13,GPO-CDOC-118sdoc13.pdf,2650,SENATOR PETER WELCH,2024,BANNER ORGANIZATION TOTALS,2110978.98,status=fail; banner=2110978.98; parsed_body=2070706.68. Banner checks are advisory; review against the source before treating this as a parser defect.,118sdoc13|banner_check_discrepancy|2650|SENATOR PETER WELCH|2024|BANNER ORGANIZATION TOTALS|2110978.98
warning,banner_check_discrepancy,118sdoc13,GPO-CDOC-118sdoc13.pdf,2666,INTERN COMPENSATION - WELCH,2024,BANNER NET PAYROLL,35568.6,status=fail; banner=35568.6; parsed_body=43880.2. Banner checks are advisory; review against the source before treating this as a parser defect.,118sdoc13|banner_check_discrepancy|2666|INTERN COMPENSATION - WELCH|2024|BANNER NET PAYROLL|35568.6
warning,banner_check_discrepancy,118sdoc13,GPO-CDOC-118sdoc13.pdf,2666,INTERN COMPENSATION - WELCH,2024,BANNER ORGANIZATION TOTALS,35568.6,status=fail; banner=35568.6; parsed_body=43880.2. Banner checks are advisory; review against the source before treating this as a parser defect.,118sdoc13|banner_check_discrepancy|2666|INTERN COMPENSATION - WELCH|2024|BANNER ORGANIZATION TOTALS|35568.6
warning,banner_check_missing,118sdoc13,GPO-CDOC-118sdoc13.pdf,2667,SENATOR SHELDON WHITEHOUSE,2022,BANNER NET PAYROLL,0.0,status=banner_missing; banner=0.0; parsed_body=0.0. Banner checks are advisory; review against the source before treating this as a parser defect.,118sdoc13|banner_check_missing|2667|SENATOR SHELDON WHITEHOUSE|2022|BANNER NET PAYROLL|0.0
warning,banner_check_discrepancy,118sdoc13,GPO-CDOC-118sdoc13.pdf,2667,SENATOR SHELDON WHITEHOUSE,2022,BANNER ORGANIZATION TOTALS,465.17,status=fail; banner=465.17; parsed_body=11.81. Banner checks are advisory; review against the source before treating this as a parser defect.,118sdoc13|banner_check_discrepancy|2667|SENATOR SHELDON WHITEHOUSE|2022|BANNER ORGANIZATION TOTALS|465.17
warning,banner_check_missing,118sdoc13,GPO-CDOC-118sdoc13.pdf,2668,INTERN COMPENSATION - WHITEHOUSE,2022,BANNER NET PAYROLL,0.0,status=banner_missing; banner=0.0; parsed_body=0.0. Banner checks are advisory; review against the source before treating this as a parser defect.,118sdoc13|banner_check_missing|2668|INTERN COMPENSATION - WHITEHOUSE|2022|BANNER NET PAYROLL|0.0
warning,banner_check_missing,118sdoc13,GPO-CDOC-118sdoc13.pdf,2669,SENATOR SHELDON WHITEHOUSE,2023,BANNER NET PAYROLL,0.0,status=banner_missing; banner=0.0; parsed_body=0.0. Banner checks are advisory; review against the source before treating this as a parser defect.,118sdoc13|banner_check_missing|2669|SENATOR SHELDON WHITEHOUSE|2023|BANNER NET PAYROLL|0.0
warning,banner_check_missing,118sdoc13,GPO-CDOC-118sdoc13.pdf,2670,INTERN COMPENSATION - WHITEHOUSE,2023,BANNER NET PAYROLL,0.0,status=banner_missing; banner=0.0; parsed_body=0.0. Banner checks are advisory; review against the source before treating this as a parser defect.,118sdoc13|banner_check_missing|2670|INTERN COMPENSATION - WHITEHOUSE|2023|BANNER NET PAYROLL|0.0
warning,banner_check_discrepancy,118sdoc13,GPO-CDOC-118sdoc13.pdf,2671,SENATOR SHELDON WHITEHOUSE,2024,BANNER ORGANIZATION TOTALS,2142553.29,status=fail; banner=2142553.29; parsed_body=2082069.76. Banner checks are advisory; review against the source before treating this as a parser defect.,118sdoc13|banner_check_discrepancy|2671|SENATOR SHELDON WHITEHOUSE|2024|BANNER ORGANIZATION TOTALS|2142553.29
warning,banner_check_missing,118sdoc13,GPO-CDOC-118sdoc13.pdf,2682,SENATOR ROGER WICKER,2022,BANNER NET PAYROLL,0.0,status=banner_missing; banner=0.0; parsed_body=0.0. Banner checks are advisory; review against the source before treating this as a parser defect.,118sdoc13|banner_check_missing|2682|SENATOR ROGER WICKER|2022|BANNER NET PAYROLL|0.0
warning,banner_check_missing,118sdoc13,GPO-CDOC-118sdoc13.pdf,2683,INTERN COMPENSATION - WICKER,2022,BANNER NET PAYROLL,0.0,status=banner_missing; banner=0.0; parsed_body=0.0. Banner checks are advisory; review against the source before treating this as a parser defect.,118sdoc13|banner_check_missing|2683|INTERN COMPENSATION - WICKER|2022|BANNER NET PAYROLL|0.0
warning,banner_check_missing,118sdoc13,GPO-CDOC-118sdoc13.pdf,2684,SENATOR ROGER WICKER,2023,BANNER NET PAYROLL,0.0,status=banner_missing; banner=0.0; parsed_body=0.0. Banner checks are advisory; review against the source before treating this as a parser defect.,118sdoc13|banner_check_missing|2684|SENATOR ROGER WICKER|2023|BANNER NET PAYROLL|0.0
warning,banner_check_missing,118sdoc13,GPO-CDOC-118sdoc13.pdf,2685,INTERN COMPENSATION - WICKER,2023,BANNER NET PAYROLL,0.0,status=banner_missing; banner=0.0; parsed_body=0.0. Banner checks are advisory; review against the source before treating this as a parser defect.,118sdoc13|banner_check_missing|2685|INTERN COMPENSATION - WICKER|2023|BANNER NET PAYROLL|0.0
warning,banner_check_discrepancy,118sdoc13,GPO-CDOC-118sdoc13.pdf,2686,SENATOR ROGER WICKER,2024,BANNER NET PAYROLL,1903491.5,status=fail; banner=1903491.5; parsed_body=1891671.45. Banner checks are advisory; review against the source before treating this as a parser defect.,118sdoc13|banner_check_discrepancy|2686|SENATOR ROGER WICKER|2024|BANNER NET PAYROLL|1903491.5
warning,banner_check_discrepancy,118sdoc13,GPO-CDOC-118sdoc13.pdf,2686,SENATOR ROGER WICKER,2024,BANNER ORGANIZATION TOTALS,2008328.57,status=fail; banner=2008328.57; parsed_body=1955531.93. Banner checks are advisory; review against the source before treating this as a parser defect.,118sdoc13|banner_check_discrepancy|2686|SENATOR ROGER WICKER|2024|BANNER ORGANIZATION TOTALS|2008328.57
warning,banner_check_discrepancy,118sdoc13,GPO-CDOC-118sdoc13.pdf,2699,INTERN COMPENSATION - WICKER,2024,BANNER NET PAYROLL,45955.64,status=fail; banner=45955.64; parsed_body=57775.69. Banner checks are advisory; review against the source before treating this as a parser defect.,118sdoc13|banner_check_discrepancy|2699|INTERN COMPENSATION - WICKER|2024|BANNER NET PAYROLL|45955.64
warning,banner_check_discrepancy,118sdoc13,GPO-CDOC-118sdoc13.pdf,2699,INTERN COMPENSATION - WICKER,2024,BANNER ORGANIZATION TOTALS,45955.64,status=fail; banner=45955.64; parsed_body=57775.69. Banner checks are advisory; review against the source before treating this as a parser defect.,118sdoc13|banner_check_discrepancy|2699|INTERN COMPENSATION - WICKER|2024|BANNER ORGANIZATION TOTALS|45955.64
warning,banner_check_missing,118sdoc13,GPO-CDOC-118sdoc13.pdf,2701,SENATOR RON WYDEN,2022,BANNER NET PAYROLL,0.0,status=banner_missing; banner=0.0; parsed_body=0.0. Banner checks are advisory; review against the source before treating this as a parser defect.,118sdoc13|banner_check_missing|2701|SENATOR RON WYDEN|2022|BANNER NET PAYROLL|0.0
warning,banner_check_missing,118sdoc13,GPO-CDOC-118sdoc13.pdf,2702,INTERN COMPENSATION - WYDEN,2022,BANNER NET PAYROLL,0.0,status=banner_missing; banner=0.0; parsed_body=0.0. Banner checks are advisory; review against the source before treating this as a parser defect.,118sdoc13|banner_check_missing|2702|INTERN COMPENSATION - WYDEN|2022|BANNER NET PAYROLL|0.0
warning,banner_check_missing,118sdoc13,GPO-CDOC-118sdoc13.pdf,2703,SENATOR RON WYDEN,2023,BANNER NET PAYROLL,0.0,status=banner_missing; banner=0.0; parsed_body=0.0. Banner checks are advisory; review against the source before treating this as a parser defect.,118sdoc13|banner_check_missing|2703|SENATOR RON WYDEN|2023|BANNER NET PAYROLL|0.0
warning,banner_check_discrepancy,118sdoc13,GPO-CDOC-118sdoc13.pdf,2703,SENATOR RON WYDEN,2023,BANNER ORGANIZATION TOTALS,110.0,status=fail; banner=110.0; parsed_body=0.0. Banner checks are advisory; review against the source before treating this as a parser defect.,118sdoc13|banner_check_discrepancy|2703|SENATOR RON WYDEN|2023|BANNER ORGANIZATION TOTALS|110.0
warning,banner_check_missing,118sdoc13,GPO-CDOC-118sdoc13.pdf,2704,INTERN COMPENSATION - WYDEN,2023,BANNER NET PAYROLL,0.0,status=banner_missing; banner=0.0; parsed_body=0.0. Banner checks are advisory; review against the source before treating this as a parser defect.,118sdoc13|banner_check_missing|2704|INTERN COMPENSATION - WYDEN|2023|BANNER NET PAYROLL|0.0
warning,banner_check_discrepancy,118sdoc13,GPO-CDOC-118sdoc13.pdf,2705,SENATOR RON WYDEN,2024,BANNER ORGANIZATION TOTALS,2196944.15,status=fail; banner=2196944.15; parsed_body=2144677.04. Banner checks are advisory; review against the source before treating this as a parser defect.,118sdoc13|banner_check_discrepancy|2705|SENATOR RON WYDEN|2024|BANNER ORGANIZATION TOTALS|2196944.15
warning,banner_check_missing,118sdoc13,GPO-CDOC-118sdoc13.pdf,2720,SENATOR TODD YOUNG,2022,BANNER NET PAYROLL,0.0,status=banner_missing; banner=0.0; parsed_body=0.0. Banner checks are advisory; review against the source before treating this as a parser defect.,118sdoc13|banner_check_missing|2720|SENATOR TODD YOUNG|2022|BANNER NET PAYROLL|0.0
warning,banner_check_missing,118sdoc13,GPO-CDOC-118sdoc13.pdf,2721,INTERN COMPENSATION - YOUNG,2022,BANNER NET PAYROLL,0.0,status=banner_missing; banner=0.0; parsed_body=0.0. Banner checks are advisory; review against the source before treating this as a parser defect.,118sdoc13|banner_check_missing|2721|INTERN COMPENSATION - YOUNG|2022|BANNER NET PAYROLL|0.0
warning,banner_check_missing,118sdoc13,GPO-CDOC-118sdoc13.pdf,2722,SENATOR TODD YOUNG,2023,BANNER NET PAYROLL,0.0,status=banner_missing; banner=0.0; parsed_body=0.0. Banner checks are advisory; review against the source before treating this as a parser defect.,118sdoc13|banner_check_missing|2722|SENATOR TODD YOUNG|2023|BANNER NET PAYROLL|0.0
warning,banner_check_discrepancy,118sdoc13,GPO-CDOC-118sdoc13.pdf,2722,SENATOR TODD YOUNG,2023,BANNER ORGANIZATION TOTALS,657.85,status=fail; banner=657.85; parsed_body=0.0. Banner checks are advisory; review against the source before treating this as a parser defect.,118sdoc13|banner_check_discrepancy|2722|SENATOR TODD YOUNG|2023|BANNER ORGANIZATION TOTALS|657.85
warning,banner_check_missing,118sdoc13,GPO-CDOC-118sdoc13.pdf,2723,INTERN COMPENSATION - YOUNG,2023,BANNER NET PAYROLL,0.0,status=banner_missing; banner=0.0; parsed_body=0.0. Banner checks are advisory; review against the source before treating this as a parser defect.,118sdoc13|banner_check_missing|2723|INTERN COMPENSATION - YOUNG|2023|BANNER NET PAYROLL|0.0
warning,banner_check_discrepancy,118sdoc13,GPO-CDOC-118sdoc13.pdf,2724,SENATOR TODD YOUNG,2024,BANNER ORGANIZATION TOTALS,2372829.39,status=fail; banner=2372829.39; parsed_body=2305837.24. Banner checks are advisory; review against the source before treating this as a parser defect.,118sdoc13|banner_check_discrepancy|2724|SENATOR TODD YOUNG|2024|BANNER ORGANIZATION TOTALS|2372829.39
warning,banner_check_missing,118sdoc13,GPO-CDOC-118sdoc13.pdf,2742,STATIONERY,,BANNER NET PAYROLL,0.0,status=banner_missing; banner=0.0; parsed_body=0.0. Banner checks are advisory; review against the source before treating this as a parser defect.,118sdoc13|banner_check_missing|2742|STATIONERY||BANNER NET PAYROLL|0.0
warning,banner_check_discrepancy,118sdoc13,GPO-CDOC-118sdoc13.pdf,2742,STATIONERY,,BANNER ORGANIZATION TOTALS,572932.53,status=fail; banner=572932.53; parsed_body=0.0. Banner checks are advisory; review against the source before treating this as a parser defect.,118sdoc13|banner_check_discrepancy|2742|STATIONERY||BANNER ORGANIZATION TOTALS|572932.53
warning,banner_check_missing,118sdoc13,GPO-CDOC-118sdoc13.pdf,2743,LEGAL COUNSEL,2022,BANNER NET PAYROLL,0.0,status=banner_missing; banner=0.0; parsed_body=0.0. Banner checks are advisory; review against the source before treating this as a parser defect.,118sdoc13|banner_check_missing|2743|LEGAL COUNSEL|2022|BANNER NET PAYROLL|0.0
warning,banner_check_missing,118sdoc13,GPO-CDOC-118sdoc13.pdf,2744,LEGAL COUNSEL,2023,BANNER NET PAYROLL,0.0,status=banner_missing; banner=0.0; parsed_body=0.0. Banner checks are advisory; review against the source before treating this as a parser defect.,118sdoc13|banner_check_missing|2744|LEGAL COUNSEL|2023|BANNER NET PAYROLL|0.0
warning,banner_check_discrepancy,118sdoc13,GPO-CDOC-118sdoc13.pdf,2745,LEGAL COUNSEL,2024,BANNER ORGANIZATION TOTALS,555951.63,status=fail; banner=555951.63; parsed_body=549404.64. Banner checks are advisory; review against the source before treating this as a parser defect.,118sdoc13|banner_check_discrepancy|2745|LEGAL COUNSEL|2024|BANNER ORGANIZATION TOTALS|555951.63
warning,banner_check_missing,118sdoc13,GPO-CDOC-118sdoc13.pdf,2747,SECRETARY FOR THE MAJORITY (D),2022,BANNER NET PAYROLL,0.0,status=banner_missing; banner=0.0; parsed_body=0.0. Banner checks are advisory; review against the source before treating this as a parser defect.,118sdoc13|banner_check_missing|2747|SECRETARY FOR THE MAJORITY (D)|2022|BANNER NET PAYROLL|0.0
warning,banner_check_missing,118sdoc13,GPO-CDOC-118sdoc13.pdf,2748,SECRETARY FOR THE MAJORITY (D),2023,BANNER NET PAYROLL,0.0,status=banner_missing; banner=0.0; parsed_body=0.0. Banner checks are advisory; review against the source before treating this as a parser defect.,118sdoc13|banner_check_missing|2748|SECRETARY FOR THE MAJORITY (D)|2023|BANNER NET PAYROLL|0.0
warning,banner_check_discrepancy,118sdoc13,GPO-CDOC-118sdoc13.pdf,2749,SECRETARY FOR THE MAJORITY (D),2024,BANNER ORGANIZATION TOTALS,4132.47,status=fail; banner=4132.47; parsed_body=87.25. Banner checks are advisory; review against the source before treating this as a parser defect.,118sdoc13|banner_check_discrepancy|2749|SECRETARY FOR THE MAJORITY (D)|2024|BANNER ORGANIZATION TOTALS|4132.47
warning,banner_check_missing,118sdoc13,GPO-CDOC-118sdoc13.pdf,2750,SECRETARY FOR THE MINORITY (R),2022,BANNER NET PAYROLL,0.0,status=banner_missing; banner=0.0; parsed_body=0.0. Banner checks are advisory; review against the source before treating this as a parser defect.,118sdoc13|banner_check_missing|2750|SECRETARY FOR THE MINORITY (R)|2022|BANNER NET PAYROLL|0.0
warning,banner_check_missing,118sdoc13,GPO-CDOC-118sdoc13.pdf,2751,SECRETARY FOR THE MINORITY (R),2023,BANNER NET PAYROLL,0.0,status=banner_missing; banner=0.0; parsed_body=0.0. Banner checks are advisory; review against the source before treating this as a parser defect.,118sdoc13|banner_check_missing|2751|SECRETARY FOR THE MINORITY (R)|2023|BANNER NET PAYROLL|0.0
warning,banner_check_missing,118sdoc13,GPO-CDOC-118sdoc13.pdf,2752,SECRETARY FOR THE MINORITY (R),2024,BANNER NET PAYROLL,3053.22,status=banner_missing; banner=3053.22; parsed_body=0.0. Banner checks are advisory; review against the source before treating this as a parser defect.,118sdoc13|banner_check_missing|2752|SECRETARY FOR THE MINORITY (R)|2024|BANNER NET PAYROLL|3053.22
warning,banner_check_discrepancy,118sdoc13,GPO-CDOC-118sdoc13.pdf,2752,SECRETARY FOR THE MINORITY (R),2024,BANNER ORGANIZATION TOTALS,3954.42,status=fail; banner=3954.42; parsed_body=0.0. Banner checks are advisory; review against the source before treating this as a parser defect.,118sdoc13|banner_check_discrepancy|2752|SECRETARY FOR THE MINORITY (R)|2024|BANNER ORGANIZATION TOTALS|3954.42
warning,banner_check_discrepancy,118sdoc13,GPO-CDOC-118sdoc13.pdf,2755,SERGEANT AT ARMS AND DOORKEEPER OF THE SENATE,2024,BANNER ORGANIZATION TOTALS,297.7,status=fail; banner=297.7; parsed_body=0.0. Banner checks are advisory; review against the source before treating this as a parser defect.,118sdoc13|banner_check_discrepancy|2755|SERGEANT AT ARMS AND DOORKEEPER OF THE SENATE|2024|BANNER ORGANIZATION TOTALS|297.7
warning,banner_check_discrepancy,118sdoc13,GPO-CDOC-118sdoc13.pdf,2762,SECRETARY OF THE SENATE,2024,BANNER ORGANIZATION TOTALS,374.4,status=fail; banner=374.4; parsed_body=0.0. Banner checks are advisory; review against the source before treating this as a parser defect.,118sdoc13|banner_check_discrepancy|2762|SECRETARY OF THE SENATE|2024|BANNER ORGANIZATION TOTALS|374.4
warning,banner_check_missing,118sdoc13,GPO-CDOC-118sdoc13.pdf,2766,JOINT ECONOMIC COMMITTEE,2022,BANNER NET PAYROLL,0.0,status=banner_missing; banner=0.0; parsed_body=0.0. Banner checks are advisory; review against the source before treating this as a parser defect.,118sdoc13|banner_check_missing|2766|JOINT ECONOMIC COMMITTEE|2022|BANNER NET PAYROLL|0.0
warning,banner_check_missing,118sdoc13,GPO-CDOC-118sdoc13.pdf,2767,JOINT ECONOMIC COMMITTEE,2023,BANNER NET PAYROLL,0.0,status=banner_missing; banner=0.0; parsed_body=0.0. Banner checks are advisory; review against the source before treating this as a parser defect.,118sdoc13|banner_check_missing|2767|JOINT ECONOMIC COMMITTEE|2023|BANNER NET PAYROLL|0.0
warning,banner_check_discrepancy,118sdoc13,GPO-CDOC-118sdoc13.pdf,2768,JOINT ECONOMIC COMMITTEE,2024,BANNER ORGANIZATION TOTALS,1829526.71,status=fail; banner=1829526.71; parsed_body=1784935.9. Banner checks are advisory; review against the source before treating this as a parser defect.,118sdoc13|banner_check_discrepancy|2768|JOINT ECONOMIC COMMITTEE|2024|BANNER ORGANIZATION TOTALS|1829526.71
warning,banner_check_missing,118sdoc13,GPO-CDOC-118sdoc13.pdf,2771,LEGISLATIVE COUNSEL,2022,BANNER NET PAYROLL,0.0,status=banner_missing; banner=0.0; parsed_body=0.0. Banner checks are advisory; review against the source before treating this as a parser defect.,118sdoc13|banner_check_missing|2771|LEGISLATIVE COUNSEL|2022|BANNER NET PAYROLL|0.0
warning,banner_check_missing,118sdoc13,GPO-CDOC-118sdoc13.pdf,2772,LEGISLATIVE COUNSEL,2023,BANNER NET PAYROLL,0.0,status=banner_missing; banner=0.0; parsed_body=0.0. Banner checks are advisory; review against the source before treating this as a parser defect.,118sdoc13|banner_check_missing|2772|LEGISLATIVE COUNSEL|2023|BANNER NET PAYROLL|0.0
warning,banner_check_discrepancy,118sdoc13,GPO-CDOC-118sdoc13.pdf,2773,LEGISLATIVE COUNSEL,2024,BANNER ORGANIZATION TOTALS,4408750.93,status=fail; banner=4408750.93; parsed_body=4359932.81. Banner checks are advisory; review against the source before treating this as a parser defect.,118sdoc13|banner_check_discrepancy|2773|LEGISLATIVE COUNSEL|2024|BANNER ORGANIZATION TOTALS|4408750.93
warning,banner_check_discrepancy,118sdoc13,GPO-CDOC-118sdoc13.pdf,2775,JOINT CONGRESSIONAL COMMITTEE ON INAUGURAL CEREMONIES,2024,BANNER NET PAYROLL,247124.47,status=fail; banner=247124.47; parsed_body=211990.32. Banner checks are advisory; review against the source before treating this as a parser defect.,118sdoc13|banner_check_discrepancy|2775|JOINT CONGRESSIONAL COMMITTEE ON INAUGURAL CEREMONIES|2024|BANNER NET PAYROLL|247124.47
warning,banner_check_discrepancy,118sdoc13,GPO-CDOC-118sdoc13.pdf,2775,JOINT CONGRESSIONAL COMMITTEE ON INAUGURAL CEREMONIES,2024,BANNER ORGANIZATION TOTALS,258401.69,status=fail; banner=258401.69; parsed_body=222812.25. Banner checks are advisory; review against the source before treating this as a parser defect.,118sdoc13|banner_check_discrepancy|2775|JOINT CONGRESSIONAL COMMITTEE ON INAUGURAL CEREMONIES|2024|BANNER ORGANIZATION TOTALS|258401.69
warning,banner_check_missing,118sdoc13,GPO-CDOC-118sdoc13.pdf,2776,OFFICE OF CONGRESSIONAL ACCESSIBILITY SERVICES,2022,BANNER NET PAYROLL,0.0,status=banner_missing; banner=0.0; parsed_body=0.0. Banner checks are advisory; review against the source before treating this as a parser defect.,118sdoc13|banner_check_missing|2776|OFFICE OF CONGRESSIONAL ACCESSIBILITY SERVICES|2022|BANNER NET PAYROLL|0.0
warning,banner_check_missing,118sdoc13,GPO-CDOC-118sdoc13.pdf,2777,OFFICE OF CONGRESSIONAL ACCESSIBILITY SERVICES,2023,BANNER NET PAYROLL,0.0,status=banner_missing; banner=0.0; parsed_body=0.0. Banner checks are advisory; review against the source before treating this as a parser defect.,118sdoc13|banner_check_missing|2777|OFFICE OF CONGRESSIONAL ACCESSIBILITY SERVICES|2023|BANNER NET PAYROLL|0.0
warning,banner_check_discrepancy,118sdoc13,GPO-CDOC-118sdoc13.pdf,2778,OFFICE OF CONGRESSIONAL ACCESSIBILITY SERVICES,2024,BANNER NET PAYROLL,592693.3,status=fail; banner=592693.3; parsed_body=412802.75. Banner checks are advisory; review against the source before treating this as a parser defect.,118sdoc13|banner_check_discrepancy|2778|OFFICE OF CONGRESSIONAL ACCESSIBILITY SERVICES|2024|BANNER NET PAYROLL|592693.3
warning,banner_check_discrepancy,118sdoc13,GPO-CDOC-118sdoc13.pdf,2778,OFFICE OF CONGRESSIONAL ACCESSIBILITY SERVICES,2024,BANNER ORGANIZATION TOTALS,618642.11,status=fail; banner=618642.11; parsed_body=437961.37. Banner checks are advisory; review against the source before treating this as a parser defect.,118sdoc13|banner_check_discrepancy|2778|OFFICE OF CONGRESSIONAL ACCESSIBILITY SERVICES|2024|BANNER ORGANIZATION TOTALS|618642.11
warning,banner_check_missing,118sdoc13,GPO-CDOC-118sdoc13.pdf,2782,HEALTH AND PROMOTION,,BANNER NET PAYROLL,0.0,status=banner_missing; banner=0.0; parsed_body=0.0. Banner checks are advisory; review against the source before treating this as a parser defect.,118sdoc13|banner_check_missing|2782|HEALTH AND PROMOTION||BANNER NET PAYROLL|0.0
warning,banner_check_missing,118sdoc13,GPO-CDOC-118sdoc13.pdf,2784,GIFT SHOP,,BANNER NET PAYROLL,506725.49,status=banner_missing; banner=506725.49; parsed_body=0.0. Banner checks are advisory; review against the source before treating this as a parser defect.,118sdoc13|banner_check_missing|2784|GIFT SHOP||BANNER NET PAYROLL|506725.49
warning,banner_check_discrepancy,118sdoc13,GPO-CDOC-118sdoc13.pdf,2784,GIFT SHOP,,BANNER ORGANIZATION TOTALS,23555.73,status=fail; banner=23555.73; parsed_body=27053.88. Banner checks are advisory; review against the source before treating this as a parser defect.,118sdoc13|banner_check_discrepancy|2784|GIFT SHOP||BANNER ORGANIZATION TOTALS|23555.73
warning,banner_check_missing,118sdoc13,GPO-CDOC-118sdoc13.pdf,2785,PHOTOGRAPHIC STUDIO,,BANNER NET PAYROLL,0.0,status=banner_missing; banner=0.0; parsed_body=0.0. Banner checks are advisory; review against the source before treating this as a parser defect.,118sdoc13|banner_check_missing|2785|PHOTOGRAPHIC STUDIO||BANNER NET PAYROLL|0.0
warning,banner_check_discrepancy,118sdoc13,GPO-CDOC-118sdoc13.pdf,2785,PHOTOGRAPHIC STUDIO,,BANNER ORGANIZATION TOTALS,5481.5,status=fail; banner=5481.5; parsed_body=11675.37. Banner checks are advisory; review against the source before treating this as a parser defect.,118sdoc13|banner_check_discrepancy|2785|PHOTOGRAPHIC STUDIO||BANNER ORGANIZATION TOTALS|5481.5
warning,banner_check_missing,118sdoc13,GPO-CDOC-118sdoc13.pdf,2786,RECORDING STUDIO,,BANNER NET PAYROLL,0.0,status=banner_missing; banner=0.0; parsed_body=0.0. Banner checks are advisory; review against the source before treating this as a parser defect.,118sdoc13|banner_check_missing|2786|RECORDING STUDIO||BANNER NET PAYROLL|0.0
warning,banner_check_discrepancy,118sdoc13,GPO-CDOC-118sdoc13.pdf,2786,RECORDING STUDIO,,BANNER ORGANIZATION TOTALS,28428.15,status=fail; banner=28428.15; parsed_body=22507.75. Banner checks are advisory; review against the source before treating this as a parser defect.,118sdoc13|banner_check_discrepancy|2786|RECORDING STUDIO||BANNER ORGANIZATION TOTALS|28428.15
warning,banner_check_missing,118sdoc13,GPO-CDOC-118sdoc13.pdf,2787,DANIEL WEBSTER SENATE PAGE RESIDENCE,,BANNER NET PAYROLL,0.0,status=banner_missing; banner=0.0; parsed_body=0.0. Banner checks are advisory; review against the source before treating this as a parser defect.,118sdoc13|banner_check_missing|2787|DANIEL WEBSTER SENATE PAGE RESIDENCE||BANNER NET PAYROLL|0.0
warning,banner_check_discrepancy,118sdoc13,GPO-CDOC-118sdoc13.pdf,2787,DANIEL WEBSTER SENATE PAGE RESIDENCE,,BANNER ORGANIZATION TOTALS,101486.87,status=fail; banner=101486.87; parsed_body=68320.96. Banner checks are advisory; review against the source before treating this as a parser defect.,118sdoc13|banner_check_discrepancy|2787|DANIEL WEBSTER SENATE PAGE RESIDENCE||BANNER ORGANIZATION TOTALS|101486.87
warning,banner_check_missing,118sdoc13,GPO-CDOC-118sdoc13.pdf,2789,SENATE HAIR CARE,,BANNER NET PAYROLL,0.0,status=banner_missing; banner=0.0; parsed_body=0.0. Banner checks are advisory; review against the source before treating this as a parser defect.,118sdoc13|banner_check_missing|2789|SENATE HAIR CARE||BANNER NET PAYROLL|0.0
warning,banner_check_discrepancy,118sdoc13,GPO-CDOC-118sdoc13.pdf,2789,SENATE HAIR CARE,,BANNER ORGANIZATION TOTALS,11792.36,status=fail; banner=11792.36; parsed_body=158071.54. Banner checks are advisory; review against the source before treating this as a parser defect.,118sdoc13|banner_check_discrepancy|2789|SENATE HAIR CARE||BANNER ORGANIZATION TOTALS|11792.36
warning,banner_check_missing,118sdoc13,GPO-CDOC-118sdoc13.pdf,2792,"AGRICULTURE, NUTRITION AND FORESTRY S.RES. 70C (117TH) EXPENSES OF INQUIRIES AND INVESTIGATIONS",,BANNER NET PAYROLL,0.0,status=banner_missing; banner=0.0; parsed_body=0.0. Banner checks are advisory; review against the source before treating this as a parser defect.,"118sdoc13|banner_check_missing|2792|AGRICULTURE, NUTRITION AND FORESTRY S.RES. 70C (117TH) EXPENSES OF INQUIRIES AND INVESTIGATIONS||BANNER NET PAYROLL|0.0"
warning,banner_check_missing,118sdoc13,GPO-CDOC-118sdoc13.pdf,2793,"AGRICULTURE, NUTRITION AND FORESTRY S.RES. 70D (117TH) EXPENSES OF INQUIRIES AND INVESTIGATIONS",,BANNER NET PAYROLL,0.0,status=banner_missing; banner=0.0; parsed_body=0.0. Banner checks are advisory; review against the source before treating this as a parser defect.,"118sdoc13|banner_check_missing|2793|AGRICULTURE, NUTRITION AND FORESTRY S.RES. 70D (117TH) EXPENSES OF INQUIRIES AND INVESTIGATIONS||BANNER NET PAYROLL|0.0"
warning,banner_check_missing,118sdoc13,GPO-CDOC-118sdoc13.pdf,2794,"AGRICULTURE, NUTRITION AND FORESTRY S.RES. 59B (118TH) EXPENSES OF INQUIRIES AND INVESTIGATIONS",,BANNER NET PAYROLL,0.0,status=banner_missing; banner=0.0; parsed_body=0.0. Banner checks are advisory; review against the source before treating this as a parser defect.,"118sdoc13|banner_check_missing|2794|AGRICULTURE, NUTRITION AND FORESTRY S.RES. 59B (118TH) EXPENSES OF INQUIRIES AND INVESTIGATIONS||BANNER NET PAYROLL|0.0"
warning,banner_check_discrepancy,118sdoc13,GPO-CDOC-118sdoc13.pdf,2795,"AGRICULTURE, NUTRITION AND FORESTRY S.RES. 59C (118TH) EXPENSES OF INQUIRIES AND INVESTIGATIONS",,BANNER ORGANIZATION TOTALS,3649458.34,status=fail; banner=3649458.34; parsed_body=3462427.28. Banner checks are advisory; review against the source before treating this as a parser defect.,"118sdoc13|banner_check_discrepancy|2795|AGRICULTURE, NUTRITION AND FORESTRY S.RES. 59C (118TH) EXPENSES OF INQUIRIES AND INVESTIGATIONS||BANNER ORGANIZATION TOTALS|3649458.34"
warning,banner_check_missing,118sdoc13,GPO-CDOC-118sdoc13.pdf,2804,ARMED SERVICES S.RES. 70C (117TH) EXPENSES OF INQUIRIES AND INVESTIGATIONS,,BANNER NET PAYROLL,0.0,status=banner_missing; banner=0.0; parsed_body=0.0. Banner checks are advisory; review against the source before treating this as a parser defect.,118sdoc13|banner_check_missing|2804|ARMED SERVICES S.RES. 70C (117TH) EXPENSES OF INQUIRIES AND INVESTIGATIONS||BANNER NET PAYROLL|0.0
warning,banner_check_missing,118sdoc13,GPO-CDOC-118sdoc13.pdf,2805,ARMED SERVICES S.RES. 70D (117TH) EXPENSES OF INQUIRIES AND INVESTIGATIONS,,BANNER NET PAYROLL,0.0,status=banner_missing; banner=0.0; parsed_body=0.0. Banner checks are advisory; review against the source before treating this as a parser defect.,118sdoc13|banner_check_missing|2805|ARMED SERVICES S.RES. 70D (117TH) EXPENSES OF INQUIRIES AND INVESTIGATIONS||BANNER NET PAYROLL|0.0
warning,banner_check_missing,118sdoc13,GPO-CDOC-118sdoc13.pdf,2806,ARMED SERVICES S.RES. 59B (118TH) EXPENSES OF INQUIRIES AND INVESTIGATIONS,,BANNER NET PAYROLL,0.0,status=banner_missing; banner=0.0; parsed_body=0.0. Banner checks are advisory; review against the source before treating this as a parser defect.,118sdoc13|banner_check_missing|2806|ARMED SERVICES S.RES. 59B (118TH) EXPENSES OF INQUIRIES AND INVESTIGATIONS||BANNER NET PAYROLL|0.0
warning,banner_check_discrepancy,118sdoc13,GPO-CDOC-118sdoc13.pdf,2806,ARMED SERVICES S.RES. 59B (118TH) EXPENSES OF INQUIRIES AND INVESTIGATIONS,,BANNER ORGANIZATION TOTALS,46706.21,status=fail; banner=46706.21; parsed_body=11928.68. Banner checks are advisory; review against the source before treating this as a parser defect.,118sdoc13|banner_check_discrepancy|2806|ARMED SERVICES S.RES. 59B (118TH) EXPENSES OF INQUIRIES AND INVESTIGATIONS||BANNER ORGANIZATION TOTALS|46706.21
warning,banner_check_discrepancy,118sdoc13,GPO-CDOC-118sdoc13.pdf,2807,ARMED SERVICES S.RES. 59C (118TH) EXPENSES OF INQUIRIES AND INVESTIGATIONS,,BANNER ORGANIZATION TOTALS,4358703.13,status=fail; banner=4358703.13; parsed_body=4305160.29. Banner checks are advisory; review against the source before treating this as a parser defect.,118sdoc13|banner_check_discrepancy|2807|ARMED SERVICES S.RES. 59C (118TH) EXPENSES OF INQUIRIES AND INVESTIGATIONS||BANNER ORGANIZATION TOTALS|4358703.13
warning,banner_check_missing,118sdoc13,GPO-CDOC-118sdoc13.pdf,2810,"BANKING, HOUSING AND URBAN AFFAIRS S.RES. 70C (117TH) EXPENSES OF INQUIRIES AND INVESTIGATIONS",,BANNER NET PAYROLL,0.0,status=banner_missing; banner=0.0; parsed_body=0.0. Banner checks are advisory; review against the source before treating this as a parser defect.,"118sdoc13|banner_check_missing|2810|BANKING, HOUSING AND URBAN AFFAIRS S.RES. 70C (117TH) EXPENSES OF INQUIRIES AND INVESTIGATIONS||BANNER NET PAYROLL|0.0"
warning,banner_check_missing,118sdoc13,GPO-CDOC-118sdoc13.pdf,2811,"BANKING, HOUSING AND URBAN AFFAIRS S.RES. 70D (117TH) EXPENSES OF INQUIRIES AND INVESTIGATIONS",,BANNER NET PAYROLL,0.0,status=banner_missing; banner=0.0; parsed_body=0.0. Banner checks are advisory; review against the source before treating this as a parser defect.,"118sdoc13|banner_check_missing|2811|BANKING, HOUSING AND URBAN AFFAIRS S.RES. 70D (117TH) EXPENSES OF INQUIRIES AND INVESTIGATIONS||BANNER NET PAYROLL|0.0"
warning,banner_check_missing,118sdoc13,GPO-CDOC-118sdoc13.pdf,2812,"BANKING, HOUSING AND URBAN AFFAIRS S.RES. 59B (118TH) EXPENSES OF INQUIRIES AND INVESTIGATIONS",,BANNER NET PAYROLL,0.0,status=banner_missing; banner=0.0; parsed_body=0.0. Banner checks are advisory; review against the source before treating this as a parser defect.,"118sdoc13|banner_check_missing|2812|BANKING, HOUSING AND URBAN AFFAIRS S.RES. 59B (118TH) EXPENSES OF INQUIRIES AND INVESTIGATIONS||BANNER NET PAYROLL|0.0"
warning,banner_check_discrepancy,118sdoc13,GPO-CDOC-118sdoc13.pdf,2813,"BANKING, HOUSING AND URBAN AFFAIRS S.RES. 59C (118TH) EXPENSES OF INQUIRIES AND INVESTIGATIONS",,BANNER ORGANIZATION TOTALS,4060440.99,status=fail; banner=4060440.99; parsed_body=3866590.76. Banner checks are advisory; review against the source before treating this as a parser defect.,"118sdoc13|banner_check_discrepancy|2813|BANKING, HOUSING AND URBAN AFFAIRS S.RES. 59C (118TH) EXPENSES OF INQUIRIES AND INVESTIGATIONS||BANNER ORGANIZATION TOTALS|4060440.99"
warning,banner_check_missing,118sdoc13,GPO-CDOC-118sdoc13.pdf,2818,BUDGET S.RES. 70C (117TH) EXPENSES OF INQUIRIES AND INVESTIGATIONS,,BANNER NET PAYROLL,0.0,status=banner_missing; banner=0.0; parsed_body=0.0. Banner checks are advisory; review against the source before treating this as a parser defect.,118sdoc13|banner_check_missing|2818|BUDGET S.RES. 70C (117TH) EXPENSES OF INQUIRIES AND INVESTIGATIONS||BANNER NET PAYROLL|0.0
warning,banner_check_missing,118sdoc13,GPO-CDOC-118sdoc13.pdf,2819,BUDGET S.RES. 70D (117TH) EXPENSES OF INQUIRIES AND INVESTIGATIONS,,BANNER NET PAYROLL,0.0,status=banner_missing; banner=0.0; parsed_body=0.0. Banner checks are advisory; review against the source before treating this as a parser defect.,118sdoc13|banner_check_missing|2819|BUDGET S.RES. 70D (117TH) EXPENSES OF INQUIRIES AND INVESTIGATIONS||BANNER NET PAYROLL|0.0
warning,banner_check_missing,118sdoc13,GPO-CDOC-118sdoc13.pdf,2820,BUDGET S.RES. 59B (118TH) EXPENSES OF INQUIRIES AND INVESTIGATIONS,,BANNER NET PAYROLL,0.0,status=banner_missing; banner=0.0; parsed_body=0.0. Banner checks are advisory; review against the source before treating this as a parser defect.,118sdoc13|banner_check_missing|2820|BUDGET S.RES. 59B (118TH) EXPENSES OF INQUIRIES AND INVESTIGATIONS||BANNER NET PAYROLL|0.0
warning,banner_check_discrepancy,118sdoc13,GPO-CDOC-118sdoc13.pdf,2821,BUDGET S.RES. 59C (118TH) EXPENSES OF INQUIRIES AND INVESTIGATIONS,,BANNER ORGANIZATION TOTALS,3269169.93,status=fail; banner=3269169.93; parsed_body=3087225.66. Banner checks are advisory; review against the source before treating this as a parser defect.,118sdoc13|banner_check_discrepancy|2821|BUDGET S.RES. 59C (118TH) EXPENSES OF INQUIRIES AND INVESTIGATIONS||BANNER ORGANIZATION TOTALS|3269169.93
warning,banner_check_missing,118sdoc13,GPO-CDOC-118sdoc13.pdf,2824,"COMMERCE, SCIENCE AND TRANSPORTATION S.RES. 70C (117TH) EXPENSES OF INQUIRIES AND INVESTIGATIONS",,BANNER NET PAYROLL,0.0,status=banner_missing; banner=0.0; parsed_body=0.0. Banner checks are advisory; review against the source before treating this as a parser defect.,"118sdoc13|banner_check_missing|2824|COMMERCE, SCIENCE AND TRANSPORTATION S.RES. 70C (117TH) EXPENSES OF INQUIRIES AND INVESTIGATIONS||BANNER NET PAYROLL|0.0"
warning,banner_check_missing,118sdoc13,GPO-CDOC-118sdoc13.pdf,2825,"COMMERCE, SCIENCE AND TRANSPORTATION S.RES. 70D (117TH) EXPENSES OF INQUIRIES AND INVESTIGATIONS",,BANNER NET PAYROLL,0.0,status=banner_missing; banner=0.0; parsed_body=0.0. Banner checks are advisory; review against the source before treating this as a parser defect.,"118sdoc13|banner_check_missing|2825|COMMERCE, SCIENCE AND TRANSPORTATION S.RES. 70D (117TH) EXPENSES OF INQUIRIES AND INVESTIGATIONS||BANNER NET PAYROLL|0.0"
warning,banner_check_missing,118sdoc13,GPO-CDOC-118sdoc13.pdf,2826,"COMMERCE, SCIENCE AND TRANSPORTATION S.RES. 59B (118TH) EXPENSES OF INQUIRIES AND INVESTIGATIONS",,BANNER NET PAYROLL,0.0,status=banner_missing; banner=0.0; parsed_body=0.0. Banner checks are advisory; review against the source before treating this as a parser defect.,"118sdoc13|banner_check_missing|2826|COMMERCE, SCIENCE AND TRANSPORTATION S.RES. 59B (118TH) EXPENSES OF INQUIRIES AND INVESTIGATIONS||BANNER NET PAYROLL|0.0"
warning,banner_check_discrepancy,118sdoc13,GPO-CDOC-118sdoc13.pdf,2827,"COMMERCE, SCIENCE AND TRANSPORTATION S.RES. 59C (118TH) EXPENSES OF INQUIRIES AND INVESTIGATIONS",,BANNER ORGANIZATION TOTALS,5165563.94,status=fail; banner=5165563.94; parsed_body=4973879.63. Banner checks are advisory; review against the source before treating this as a parser defect.,"118sdoc13|banner_check_discrepancy|2827|COMMERCE, SCIENCE AND TRANSPORTATION S.RES. 59C (118TH) EXPENSES OF INQUIRIES AND INVESTIGATIONS||BANNER ORGANIZATION TOTALS|5165563.94"
warning,banner_check_missing,118sdoc13,GPO-CDOC-118sdoc13.pdf,2834,ENERGY AND NATURAL RESOURCES S.RES. 70C (117TH) EXPENSES OF INQUIRIES AND INVESTIGATIONS,,BANNER NET PAYROLL,0.0,status=banner_missing; banner=0.0; parsed_body=0.0. Banner checks are advisory; review against the source before treating this as a parser defect.,118sdoc13|banner_check_missing|2834|ENERGY AND NATURAL RESOURCES S.RES. 70C (117TH) EXPENSES OF INQUIRIES AND INVESTIGATIONS||BANNER NET PAYROLL|0.0
warning,banner_check_missing,118sdoc13,GPO-CDOC-118sdoc13.pdf,2835,ENERGY AND NATURAL RESOURCES S.RES. 70D (117TH) EXPENSES OF INQUIRIES AND INVESTIGATIONS,,BANNER NET PAYROLL,0.0,status=banner_missing; banner=0.0; parsed_body=0.0. Banner checks are advisory; review against the source before treating this as a parser defect.,118sdoc13|banner_check_missing|2835|ENERGY AND NATURAL RESOURCES S.RES. 70D (117TH) EXPENSES OF INQUIRIES AND INVESTIGATIONS||BANNER NET PAYROLL|0.0
warning,banner_check_missing,118sdoc13,GPO-CDOC-118sdoc13.pdf,2836,ENERGY AND NATURAL RESOURCES S.RES. 59B (118TH) EXPENSES OF INQUIRIES AND INVESTIGATIONS,,BANNER NET PAYROLL,0.0,status=banner_missing; banner=0.0; parsed_body=0.0. Banner checks are advisory; review against the source before treating this as a parser defect.,118sdoc13|banner_check_missing|2836|ENERGY AND NATURAL RESOURCES S.RES. 59B (118TH) EXPENSES OF INQUIRIES AND INVESTIGATIONS||BANNER NET PAYROLL|0.0
warning,banner_check_discrepancy,118sdoc13,GPO-CDOC-118sdoc13.pdf,2837,ENERGY AND NATURAL RESOURCES S.RES. 59C (118TH) EXPENSES OF INQUIRIES AND INVESTIGATIONS,,BANNER ORGANIZATION TOTALS,2664267.01,status=fail; banner=2664267.01; parsed_body=2632969.96. Banner checks are advisory; review against the source before treating this as a parser defect.,118sdoc13|banner_check_discrepancy|2837|ENERGY AND NATURAL RESOURCES S.RES. 59C (118TH) EXPENSES OF INQUIRIES AND INVESTIGATIONS||BANNER ORGANIZATION TOTALS|2664267.01
warning,banner_check_missing,118sdoc13,GPO-CDOC-118sdoc13.pdf,2843,ENVIRONMENT AND PUBLIC WORKS S.RES. 70C (117TH) EXPENSES OF INQUIRIES AND INVESTIGATIONS,,BANNER NET PAYROLL,0.0,status=banner_missing; banner=0.0; parsed_body=0.0. Banner checks are advisory; review against the source before treating this as a parser defect.,118sdoc13|banner_check_missing|2843|ENVIRONMENT AND PUBLIC WORKS S.RES. 70C (117TH) EXPENSES OF INQUIRIES AND INVESTIGATIONS||BANNER NET PAYROLL|0.0
warning,banner_check_missing,118sdoc13,GPO-CDOC-118sdoc13.pdf,2844,ENVIRONMENT AND PUBLIC WORKS S.RES. 70D (117TH) EXPENSES OF INQUIRIES AND INVESTIGATIONS,,BANNER NET PAYROLL,0.0,status=banner_missing; banner=0.0; parsed_body=0.0. Banner checks are advisory; review against the source before treating this as a parser defect.,118sdoc13|banner_check_missing|2844|ENVIRONMENT AND PUBLIC WORKS S.RES. 70D (117TH) EXPENSES OF INQUIRIES AND INVESTIGATIONS||BANNER NET PAYROLL|0.0
warning,banner_check_missing,118sdoc13,GPO-CDOC-118sdoc13.pdf,2845,ENVIRONMENT AND PUBLIC WORKS S.RES. 59B (118TH) EXPENSES OF INQUIRIES AND INVESTIGATIONS,,BANNER NET PAYROLL,0.0,status=banner_missing; banner=0.0; parsed_body=0.0. Banner checks are advisory; review against the source before treating this as a parser defect.,118sdoc13|banner_check_missing|2845|ENVIRONMENT AND PUBLIC WORKS S.RES. 59B (118TH) EXPENSES OF INQUIRIES AND INVESTIGATIONS||BANNER NET PAYROLL|0.0
warning,banner_check_discrepancy,118sdoc13,GPO-CDOC-118sdoc13.pdf,2846,ENVIRONMENT AND PUBLIC WORKS S.RES. 59C (118TH) EXPENSES OF INQUIRIES AND INVESTIGATIONS,,BANNER ORGANIZATION TOTALS,2987378.91,status=fail; banner=2987378.91; parsed_body=2894830.8. Banner checks are advisory; review against the source before treating this as a parser defect.,118sdoc13|banner_check_discrepancy|2846|ENVIRONMENT AND PUBLIC WORKS S.RES. 59C (118TH) EXPENSES OF INQUIRIES AND INVESTIGATIONS||BANNER ORGANIZATION TOTALS|2987378.91
warning,banner_check_missing,118sdoc13,GPO-CDOC-118sdoc13.pdf,2850,ETHICS COMMITTEE ON ETHICS - FY 2022 EXPENSES OF INQUIRIES AND INVESTIGATIONS,,BANNER NET PAYROLL,0.0,status=banner_missing; banner=0.0; parsed_body=0.0. Banner checks are advisory; review against the source before treating this as a parser defect.,118sdoc13|banner_check_missing|2850|ETHICS COMMITTEE ON ETHICS - FY 2022 EXPENSES OF INQUIRIES AND INVESTIGATIONS||BANNER NET PAYROLL|0.0
warning,banner_check_missing,118sdoc13,GPO-CDOC-118sdoc13.pdf,2851,ETHICS COMMITTEE ON ETHICS - FY 2023 EXPENSES OF INQUIRIES AND INVESTIGATIONS,,BANNER NET PAYROLL,0.0,status=banner_missing; banner=0.0; parsed_body=0.0. Banner checks are advisory; review against the source before treating this as a parser defect.,118sdoc13|banner_check_missing|2851|ETHICS COMMITTEE ON ETHICS - FY 2023 EXPENSES OF INQUIRIES AND INVESTIGATIONS||BANNER NET PAYROLL|0.0
warning,banner_check_discrepancy,118sdoc13,GPO-CDOC-118sdoc13.pdf,2852,ETHICS COMMITTEE ON ETHICS - FY 2024 EXPENSES OF INQUIRIES AND INVESTIGATIONS,,BANNER NET PAYROLL,1348809.08,status=fail; banner=1348809.08; parsed_body=1272159.1. Banner checks are advisory; review against the source before treating this as a parser defect.,118sdoc13|banner_check_discrepancy|2852|ETHICS COMMITTEE ON ETHICS - FY 2024 EXPENSES OF INQUIRIES AND INVESTIGATIONS||BANNER NET PAYROLL|1348809.08
warning,banner_check_discrepancy,118sdoc13,GPO-CDOC-118sdoc13.pdf,2852,ETHICS COMMITTEE ON ETHICS - FY 2024 EXPENSES OF INQUIRIES AND INVESTIGATIONS,,BANNER ORGANIZATION TOTALS,1371254.4,status=fail; banner=1371254.4; parsed_body=1286891.35. Banner checks are advisory; review against the source before treating this as a parser defect.,118sdoc13|banner_check_discrepancy|2852|ETHICS COMMITTEE ON ETHICS - FY 2024 EXPENSES OF INQUIRIES AND INVESTIGATIONS||BANNER ORGANIZATION TOTALS|1371254.4
warning,banner_check_missing,118sdoc13,GPO-CDOC-118sdoc13.pdf,2855,FINANCE S.RES. 70C (117TH) EXPENSES OF INQUIRIES AND INVESTIGATIONS,,BANNER NET PAYROLL,0.0,status=banner_missing; banner=0.0; parsed_body=0.0. Banner checks are advisory; review against the source before treating this as a parser defect.,118sdoc13|banner_check_missing|2855|FINANCE S.RES. 70C (117TH) EXPENSES OF INQUIRIES AND INVESTIGATIONS||BANNER NET PAYROLL|0.0
warning,banner_check_missing,118sdoc13,GPO-CDOC-118sdoc13.pdf,2856,FINANCE S.RES. 70D (117TH) EXPENSES OF INQUIRIES AND INVESTIGATIONS,,BANNER NET PAYROLL,0.0,status=banner_missing; banner=0.0; parsed_body=0.0. Banner checks are advisory; review against the source before treating this as a parser defect.,118sdoc13|banner_check_missing|2856|FINANCE S.RES. 70D (117TH) EXPENSES OF INQUIRIES AND INVESTIGATIONS||BANNER NET PAYROLL|0.0
warning,banner_check_missing,118sdoc13,GPO-CDOC-118sdoc13.pdf,2857,FINANCE S.RES. 59B (118TH) EXPENSES OF INQUIRIES AND INVESTIGATIONS,,BANNER NET PAYROLL,0.0,status=banner_missing; banner=0.0; parsed_body=0.0. Banner checks are advisory; review against the source before treating this as a parser defect.,118sdoc13|banner_check_missing|2857|FINANCE S.RES. 59B (118TH) EXPENSES OF INQUIRIES AND INVESTIGATIONS||BANNER NET PAYROLL|0.0
warning,banner_check_discrepancy,118sdoc13,GPO-CDOC-118sdoc13.pdf,2858,FINANCE S.RES. 59C (118TH) EXPENSES OF INQUIRIES AND INVESTIGATIONS,,BANNER NET PAYROLL,5568474.91,status=fail; banner=5568474.91; parsed_body=5568995.98. Banner checks are advisory; review against the source before treating this as a parser defect.,118sdoc13|banner_check_discrepancy|2858|FINANCE S.RES. 59C (118TH) EXPENSES OF INQUIRIES AND INVESTIGATIONS||BANNER NET PAYROLL|5568474.91
warning,banner_check_discrepancy,118sdoc13,GPO-CDOC-118sdoc13.pdf,2858,FINANCE S.RES. 59C (118TH) EXPENSES OF INQUIRIES AND INVESTIGATIONS,,BANNER ORGANIZATION TOTALS,5742632.66,status=fail; banner=5742632.66; parsed_body=5602502.77. Banner checks are advisory; review against the source before treating this as a parser defect.,118sdoc13|banner_check_discrepancy|2858|FINANCE S.RES. 59C (118TH) EXPENSES OF INQUIRIES AND INVESTIGATIONS||BANNER ORGANIZATION TOTALS|5742632.66
warning,banner_check_missing,118sdoc13,GPO-CDOC-118sdoc13.pdf,2864,FOREIGN RELATIONS S.RES. 70C (117TH) EXPENSES OF INQUIRIES AND INVESTIGATIONS,,BANNER NET PAYROLL,60.0,status=banner_missing; banner=60.0; parsed_body=0.0. Banner checks are advisory; review against the source before treating this as a parser defect.,118sdoc13|banner_check_missing|2864|FOREIGN RELATIONS S.RES. 70C (117TH) EXPENSES OF INQUIRIES AND INVESTIGATIONS||BANNER NET PAYROLL|60.0
warning,banner_check_missing,118sdoc13,GPO-CDOC-118sdoc13.pdf,2865,FOREIGN RELATIONS S.RES. 70D (117TH) EXPENSES OF INQUIRIES AND INVESTIGATIONS,,BANNER NET PAYROLL,0.0,status=banner_missing; banner=0.0; parsed_body=0.0. Banner checks are advisory; review against the source before treating this as a parser defect.,118sdoc13|banner_check_missing|2865|FOREIGN RELATIONS S.RES. 70D (117TH) EXPENSES OF INQUIRIES AND INVESTIGATIONS||BANNER NET PAYROLL|0.0
warning,banner_check_missing,118sdoc13,GPO-CDOC-118sdoc13.pdf,2866,FOREIGN RELATIONS S.RES. 59B (118TH) EXPENSES OF INQUIRIES AND INVESTIGATIONS,,BANNER NET PAYROLL,0.0,status=banner_missing; banner=0.0; parsed_body=0.0. Banner checks are advisory; review against the source before treating this as a parser defect.,118sdoc13|banner_check_missing|2866|FOREIGN RELATIONS S.RES. 59B (118TH) EXPENSES OF INQUIRIES AND INVESTIGATIONS||BANNER NET PAYROLL|0.0
warning,banner_check_discrepancy,118sdoc13,GPO-CDOC-118sdoc13.pdf,2867,FOREIGN RELATIONS S.RES. 59C (118TH) EXPENSES OF INQUIRIES AND INVESTIGATIONS,,BANNER NET PAYROLL,4592147.16,status=fail; banner=4592147.16; parsed_body=4591647.16. Banner checks are advisory; review against the source before treating this as a parser defect.,118sdoc13|banner_check_discrepancy|2867|FOREIGN RELATIONS S.RES. 59C (118TH) EXPENSES OF INQUIRIES AND INVESTIGATIONS||BANNER NET PAYROLL|4592147.16
warning,banner_check_discrepancy,118sdoc13,GPO-CDOC-118sdoc13.pdf,2867,FOREIGN RELATIONS S.RES. 59C (118TH) EXPENSES OF INQUIRIES AND INVESTIGATIONS,,BANNER ORGANIZATION TOTALS,4714514.67,status=fail; banner=4714514.67; parsed_body=4677424.41. Banner checks are advisory; review against the source before treating this as a parser defect.,118sdoc13|banner_check_discrepancy|2867|FOREIGN RELATIONS S.RES. 59C (118TH) EXPENSES OF INQUIRIES AND INVESTIGATIONS||BANNER ORGANIZATION TOTALS|4714514.67
warning,banner_check_missing,118sdoc13,GPO-CDOC-118sdoc13.pdf,2878,HOMELAND SECURITY AND GOVERNMENTAL AFFAIRS S.RES. 70C (117TH) EXPENSES OF INQUIRIES AND INVESTIGATIONS,,BANNER NET PAYROLL,0.0,status=banner_missing; banner=0.0; parsed_body=0.0. Banner checks are advisory; review against the source before treating this as a parser defect.,118sdoc13|banner_check_missing|2878|HOMELAND SECURITY AND GOVERNMENTAL AFFAIRS S.RES. 70C (117TH) EXPENSES OF INQUIRIES AND INVESTIGATIONS||BANNER NET PAYROLL|0.0
warning,banner_check_missing,118sdoc13,GPO-CDOC-118sdoc13.pdf,2879,HOMELAND SECURITY AND GOVERNMENTAL AFFAIRS S.RES. 70D (117TH) EXPENSES OF INQUIRIES AND INVESTIGATIONS,,BANNER NET PAYROLL,0.0,status=banner_missing; banner=0.0; parsed_body=0.0. Banner checks are advisory; review against the source before treating this as a parser defect.,118sdoc13|banner_check_missing|2879|HOMELAND SECURITY AND GOVERNMENTAL AFFAIRS S.RES. 70D (117TH) EXPENSES OF INQUIRIES AND INVESTIGATIONS||BANNER NET PAYROLL|0.0
warning,banner_check_missing,118sdoc13,GPO-CDOC-118sdoc13.pdf,2880,HOMELAND SECURITY AND GOVERNMENTAL AFFAIRS S.RES. 59B (118TH) EXPENSES OF INQUIRIES AND INVESTIGATIONS,,BANNER NET PAYROLL,0.0,status=banner_missing; banner=0.0; parsed_body=0.0. Banner checks are advisory; review against the source before treating this as a parser defect.,118sdoc13|banner_check_missing|2880|HOMELAND SECURITY AND GOVERNMENTAL AFFAIRS S.RES. 59B (118TH) EXPENSES OF INQUIRIES AND INVESTIGATIONS||BANNER NET PAYROLL|0.0
warning,banner_check_discrepancy,118sdoc13,GPO-CDOC-118sdoc13.pdf,2881,HOMELAND SECURITY AND GOVERNMENTAL AFFAIRS S.RES. 59C (118TH) EXPENSES OF INQUIRIES AND INVESTIGATIONS,,BANNER ORGANIZATION TOTALS,5988956.0,status=fail; banner=5988956.0; parsed_body=5833165.34. Banner checks are advisory; review against the source before treating this as a parser defect.,118sdoc13|banner_check_discrepancy|2881|HOMELAND SECURITY AND GOVERNMENTAL AFFAIRS S.RES. 59C (118TH) EXPENSES OF INQUIRIES AND INVESTIGATIONS||BANNER ORGANIZATION TOTALS|5988956.0
warning,banner_check_missing,118sdoc13,GPO-CDOC-118sdoc13.pdf,2894,"HEALTH, EDUCATION, LABOR, AND PENSIONS S.RES. 70C (117TH) EXPENSES OF INQUIRIES AND INVESTIGATIONS",,BANNER NET PAYROLL,0.0,status=banner_missing; banner=0.0; parsed_body=0.0. Banner checks are advisory; review against the source before treating this as a parser defect.,"118sdoc13|banner_check_missing|2894|HEALTH, EDUCATION, LABOR, AND PENSIONS S.RES. 70C (117TH) EXPENSES OF INQUIRIES AND INVESTIGATIONS||BANNER NET PAYROLL|0.0"
warning,banner_check_missing,118sdoc13,GPO-CDOC-118sdoc13.pdf,2895,"HEALTH, EDUCATION, LABOR, AND PENSIONS S.RES. 70D (117TH) EXPENSES OF INQUIRIES AND INVESTIGATIONS",,BANNER NET PAYROLL,0.0,status=banner_missing; banner=0.0; parsed_body=0.0. Banner checks are advisory; review against the source before treating this as a parser defect.,"118sdoc13|banner_check_missing|2895|HEALTH, EDUCATION, LABOR, AND PENSIONS S.RES. 70D (117TH) EXPENSES OF INQUIRIES AND INVESTIGATIONS||BANNER NET PAYROLL|0.0"
warning,banner_check_missing,118sdoc13,GPO-CDOC-118sdoc13.pdf,2896,"HEALTH, EDUCATION, LABOR, AND PENSIONS S.RES. 59B (118TH) EXPENSES OF INQUIRIES AND INVESTIGATIONS",,BANNER NET PAYROLL,0.0,status=banner_missing; banner=0.0; parsed_body=0.0. Banner checks are advisory; review against the source before treating this as a parser defect.,"118sdoc13|banner_check_missing|2896|HEALTH, EDUCATION, LABOR, AND PENSIONS S.RES. 59B (118TH) EXPENSES OF INQUIRIES AND INVESTIGATIONS||BANNER NET PAYROLL|0.0"
warning,banner_check_discrepancy,118sdoc13,GPO-CDOC-118sdoc13.pdf,2897,"HEALTH, EDUCATION, LABOR, AND PENSIONS S.RES. 59C (118TH) EXPENSES OF INQUIRIES AND INVESTIGATIONS",,BANNER ORGANIZATION TOTALS,5872382.18,status=fail; banner=5872382.18; parsed_body=5801204.28. Banner checks are advisory; review against the source before treating this as a parser defect.,"118sdoc13|banner_check_discrepancy|2897|HEALTH, EDUCATION, LABOR, AND PENSIONS S.RES. 59C (118TH) EXPENSES OF INQUIRIES AND INVESTIGATIONS||BANNER ORGANIZATION TOTALS|5872382.18"
warning,banner_check_missing,118sdoc13,GPO-CDOC-118sdoc13.pdf,2903,INDIAN AFFAIRS S.RES. 70C (117TH) EXPENSES OF INQUIRIES AND INVESTIGATIONS,,BANNER NET PAYROLL,0.0,status=banner_missing; banner=0.0; parsed_body=0.0. Banner checks are advisory; review against the source before treating this as a parser defect.,118sdoc13|banner_check_missing|2903|INDIAN AFFAIRS S.RES. 70C (117TH) EXPENSES OF INQUIRIES AND INVESTIGATIONS||BANNER NET PAYROLL|0.0
warning,banner_check_missing,118sdoc13,GPO-CDOC-118sdoc13.pdf,2904,INDIAN AFFAIRS S.RES. 70D (117TH) EXPENSES OF INQUIRIES AND INVESTIGATIONS,,BANNER NET PAYROLL,0.0,status=banner_missing; banner=0.0; parsed_body=0.0. Banner checks are advisory; review against the source before treating this as a parser defect.,118sdoc13|banner_check_missing|2904|INDIAN AFFAIRS S.RES. 70D (117TH) EXPENSES OF INQUIRIES AND INVESTIGATIONS||BANNER NET PAYROLL|0.0
warning,banner_check_missing,118sdoc13,GPO-CDOC-118sdoc13.pdf,2905,INDIAN AFFAIRS S.RES. 59B (118TH) EXPENSES OF INQUIRIES AND INVESTIGATIONS,,BANNER NET PAYROLL,0.0,status=banner_missing; banner=0.0; parsed_body=0.0. Banner checks are advisory; review against the source before treating this as a parser defect.,118sdoc13|banner_check_missing|2905|INDIAN AFFAIRS S.RES. 59B (118TH) EXPENSES OF INQUIRIES AND INVESTIGATIONS||BANNER NET PAYROLL|0.0
warning,banner_check_discrepancy,118sdoc13,GPO-CDOC-118sdoc13.pdf,2906,INDIAN AFFAIRS S.RES. 59C (118TH) EXPENSES OF INQUIRIES AND INVESTIGATIONS,,BANNER ORGANIZATION TOTALS,1267163.53,status=fail; banner=1267163.53; parsed_body=1209550.82. Banner checks are advisory; review against the source before treating this as a parser defect.,118sdoc13|banner_check_discrepancy|2906|INDIAN AFFAIRS S.RES. 59C (118TH) EXPENSES OF INQUIRIES AND INVESTIGATIONS||BANNER ORGANIZATION TOTALS|1267163.53
warning,banner_check_missing,118sdoc13,GPO-CDOC-118sdoc13.pdf,2910,INTELLIGENCE S.RES. 70C (117TH) EXPENSES OF INQUIRIES AND INVESTIGATIONS,,BANNER NET PAYROLL,39.42,status=banner_missing; banner=39.42; parsed_body=0.0. Banner checks are advisory; review against the source before treating this as a parser defect.,118sdoc13|banner_check_missing|2910|INTELLIGENCE S.RES. 70C (117TH) EXPENSES OF INQUIRIES AND INVESTIGATIONS||BANNER NET PAYROLL|39.42
warning,banner_check_missing,118sdoc13,GPO-CDOC-118sdoc13.pdf,2911,INTELLIGENCE S.RES. 70D (117TH) EXPENSES OF INQUIRIES AND INVESTIGATIONS,,BANNER NET PAYROLL,0.0,status=banner_missing; banner=0.0; parsed_body=0.0. Banner checks are advisory; review against the source before treating this as a parser defect.,118sdoc13|banner_check_missing|2911|INTELLIGENCE S.RES. 70D (117TH) EXPENSES OF INQUIRIES AND INVESTIGATIONS||BANNER NET PAYROLL|0.0
warning,banner_check_missing,118sdoc13,GPO-CDOC-118sdoc13.pdf,2912,INTELLIGENCE S.RES. 59B (118TH) EXPENSES OF INQUIRIES AND INVESTIGATIONS,,BANNER NET PAYROLL,0.0,status=banner_missing; banner=0.0; parsed_body=0.0. Banner checks are advisory; review against the source before treating this as a parser defect.,118sdoc13|banner_check_missing|2912|INTELLIGENCE S.RES. 59B (118TH) EXPENSES OF INQUIRIES AND INVESTIGATIONS||BANNER NET PAYROLL|0.0
warning,banner_check_discrepancy,118sdoc13,GPO-CDOC-118sdoc13.pdf,2913,INTELLIGENCE S.RES. 59C (118TH) EXPENSES OF INQUIRIES AND INVESTIGATIONS,,BANNER ORGANIZATION TOTALS,4117161.99,status=fail; banner=4117161.99; parsed_body=3990194.27. Banner checks are advisory; review against the source before treating this as a parser defect.,118sdoc13|banner_check_discrepancy|2913|INTELLIGENCE S.RES. 59C (118TH) EXPENSES OF INQUIRIES AND INVESTIGATIONS||BANNER ORGANIZATION TOTALS|4117161.99
warning,banner_check_missing,118sdoc13,GPO-CDOC-118sdoc13.pdf,2918,JUDICIARY S.RES. 70C (117TH) EXPENSES OF INQUIRIES AND INVESTIGATIONS,,BANNER NET PAYROLL,0.0,status=banner_missing; banner=0.0; parsed_body=0.0. Banner checks are advisory; review against the source before treating this as a parser defect.,118sdoc13|banner_check_missing|2918|JUDICIARY S.RES. 70C (117TH) EXPENSES OF INQUIRIES AND INVESTIGATIONS||BANNER NET PAYROLL|0.0
warning,banner_check_missing,118sdoc13,GPO-CDOC-118sdoc13.pdf,2919,JUDICIARY S.RES. 70D (117TH) EXPENSES OF INQUIRIES AND INVESTIGATIONS,,BANNER NET PAYROLL,0.0,status=banner_missing; banner=0.0; parsed_body=0.0. Banner checks are advisory; review against the source before treating this as a parser defect.,118sdoc13|banner_check_missing|2919|JUDICIARY S.RES. 70D (117TH) EXPENSES OF INQUIRIES AND INVESTIGATIONS||BANNER NET PAYROLL|0.0
warning,banner_check_missing,118sdoc13,GPO-CDOC-118sdoc13.pdf,2920,JUDICIARY S.RES. 59B (118TH) EXPENSES OF INQUIRIES AND INVESTIGATIONS,,BANNER NET PAYROLL,0.0,status=banner_missing; banner=0.0; parsed_body=0.0. Banner checks are advisory; review against the source before treating this as a parser defect.,118sdoc13|banner_check_missing|2920|JUDICIARY S.RES. 59B (118TH) EXPENSES OF INQUIRIES AND INVESTIGATIONS||BANNER NET PAYROLL|0.0
warning,banner_check_discrepancy,118sdoc13,GPO-CDOC-118sdoc13.pdf,2921,JUDICIARY S.RES. 59C (118TH) EXPENSES OF INQUIRIES AND INVESTIGATIONS,,BANNER ORGANIZATION TOTALS,6124752.81,status=fail; banner=6124752.81; parsed_body=5988443.98. Banner checks are advisory; review against the source before treating this as a parser defect.,118sdoc13|banner_check_discrepancy|2921|JUDICIARY S.RES. 59C (118TH) EXPENSES OF INQUIRIES AND INVESTIGATIONS||BANNER ORGANIZATION TOTALS|6124752.81
warning,banner_check_missing,118sdoc13,GPO-CDOC-118sdoc13.pdf,2929,RULES AND ADMINISTRATION S.RES. 70C (117TH) EXPENSES OF INQUIRIES AND INVESTIGATIONS,,BANNER NET PAYROLL,0.0,status=banner_missing; banner=0.0; parsed_body=0.0. Banner checks are advisory; review against the source before treating this as a parser defect.,118sdoc13|banner_check_missing|2929|RULES AND ADMINISTRATION S.RES. 70C (117TH) EXPENSES OF INQUIRIES AND INVESTIGATIONS||BANNER NET PAYROLL|0.0
warning,banner_check_missing,118sdoc13,GPO-CDOC-118sdoc13.pdf,2930,RULES AND ADMINISTRATION S.RES. 70D (117TH) EXPENSES OF INQUIRIES AND INVESTIGATIONS,,BANNER NET PAYROLL,0.0,status=banner_missing; banner=0.0; parsed_body=0.0. Banner checks are advisory; review against the source before treating this as a parser defect.,118sdoc13|banner_check_missing|2930|RULES AND ADMINISTRATION S.RES. 70D (117TH) EXPENSES OF INQUIRIES AND INVESTIGATIONS||BANNER NET PAYROLL|0.0
warning,banner_check_missing,118sdoc13,GPO-CDOC-118sdoc13.pdf,2931,RULES AND ADMINISTRATION S.RES. 59B (118TH) EXPENSES OF INQUIRIES AND INVESTIGATIONS,,BANNER NET PAYROLL,0.0,status=banner_missing; banner=0.0; parsed_body=0.0. Banner checks are advisory; review against the source before treating this as a parser defect.,118sdoc13|banner_check_missing|2931|RULES AND ADMINISTRATION S.RES. 59B (118TH) EXPENSES OF INQUIRIES AND INVESTIGATIONS||BANNER NET PAYROLL|0.0
warning,banner_check_discrepancy,118sdoc13,GPO-CDOC-118sdoc13.pdf,2932,RULES AND ADMINISTRATION S.RES. 59C (118TH) EXPENSES OF INQUIRIES AND INVESTIGATIONS,,BANNER NET PAYROLL,1738058.13,status=fail; banner=1738058.13; parsed_body=1773192.28. Banner checks are advisory; review against the source before treating this as a parser defect.,118sdoc13|banner_check_discrepancy|2932|RULES AND ADMINISTRATION S.RES. 59C (118TH) EXPENSES OF INQUIRIES AND INVESTIGATIONS||BANNER NET PAYROLL|1738058.13
warning,banner_check_discrepancy,118sdoc13,GPO-CDOC-118sdoc13.pdf,2932,RULES AND ADMINISTRATION S.RES. 59C (118TH) EXPENSES OF INQUIRIES AND INVESTIGATIONS,,BANNER ORGANIZATION TOTALS,1786009.57,status=fail; banner=1786009.57; parsed_body=1801330.98. Banner checks are advisory; review against the source before treating this as a parser defect.,118sdoc13|banner_check_discrepancy|2932|RULES AND ADMINISTRATION S.RES. 59C (118TH) EXPENSES OF INQUIRIES AND INVESTIGATIONS||BANNER ORGANIZATION TOTALS|1786009.57
warning,banner_check_missing,118sdoc13,GPO-CDOC-118sdoc13.pdf,2935,SMALL BUSINESS AND ENTREPRENEURSHIP S.RES. 70C (117TH) EXPENSES OF INQUIRIES AND INVESTIGATIONS,,BANNER NET PAYROLL,0.0,status=banner_missing; banner=0.0; parsed_body=0.0. Banner checks are advisory; review against the source before treating this as a parser defect.,118sdoc13|banner_check_missing|2935|SMALL BUSINESS AND ENTREPRENEURSHIP S.RES. 70C (117TH) EXPENSES OF INQUIRIES AND INVESTIGATIONS||BANNER NET PAYROLL|0.0
warning,banner_check_missing,118sdoc13,GPO-CDOC-118sdoc13.pdf,2936,SMALL BUSINESS AND ENTREPRENEURSHIP S.RES. 70D (117TH) EXPENSES OF INQUIRIES AND INVESTIGATIONS,,BANNER NET PAYROLL,0.0,status=banner_missing; banner=0.0; parsed_body=0.0. Banner checks are advisory; review against the source before treating this as a parser defect.,118sdoc13|banner_check_missing|2936|SMALL BUSINESS AND ENTREPRENEURSHIP S.RES. 70D (117TH) EXPENSES OF INQUIRIES AND INVESTIGATIONS||BANNER NET PAYROLL|0.0
warning,banner_check_missing,118sdoc13,GPO-CDOC-118sdoc13.pdf,2937,SMALL BUSINESS AND ENTREPRENEURSHIP S.RES. 59B (118TH) EXPENSES OF INQUIRIES AND INVESTIGATIONS,,BANNER NET PAYROLL,464.39,status=banner_missing; banner=464.39; parsed_body=0.0. Banner checks are advisory; review against the source before treating this as a parser defect.,118sdoc13|banner_check_missing|2937|SMALL BUSINESS AND ENTREPRENEURSHIP S.RES. 59B (118TH) EXPENSES OF INQUIRIES AND INVESTIGATIONS||BANNER NET PAYROLL|464.39
warning,banner_check_discrepancy,118sdoc13,GPO-CDOC-118sdoc13.pdf,2938,SMALL BUSINESS AND ENTREPRENEURSHIP S.RES. 59C (118TH) EXPENSES OF INQUIRIES AND INVESTIGATIONS,,BANNER ORGANIZATION TOTALS,2020758.65,status=fail; banner=2020758.65; parsed_body=1867295.41. Banner checks are advisory; review against the source before treating this as a parser defect.,118sdoc13|banner_check_discrepancy|2938|SMALL BUSINESS AND ENTREPRENEURSHIP S.RES. 59C (118TH) EXPENSES OF INQUIRIES AND INVESTIGATIONS||BANNER ORGANIZATION TOTALS|2020758.65
warning,banner_check_missing,118sdoc13,GPO-CDOC-118sdoc13.pdf,2947,SPECIAL COMMITTEE ON AGING S.RES. 70C (117TH) EXPENSES OF INQUIRIES AND INVESTIGATIONS,,BANNER NET PAYROLL,0.0,status=banner_missing; banner=0.0; parsed_body=0.0. Banner checks are advisory; review against the source before treating this as a parser defect.,118sdoc13|banner_check_missing|2947|SPECIAL COMMITTEE ON AGING S.RES. 70C (117TH) EXPENSES OF INQUIRIES AND INVESTIGATIONS||BANNER NET PAYROLL|0.0
warning,banner_check_missing,118sdoc13,GPO-CDOC-118sdoc13.pdf,2948,SPECIAL COMMITTEE ON AGING S.RES. 70D (117TH) EXPENSES OF INQUIRIES AND INVESTIGATIONS,,BANNER NET PAYROLL,0.0,status=banner_missing; banner=0.0; parsed_body=0.0. Banner checks are advisory; review against the source before treating this as a parser defect.,118sdoc13|banner_check_missing|2948|SPECIAL COMMITTEE ON AGING S.RES. 70D (117TH) EXPENSES OF INQUIRIES AND INVESTIGATIONS||BANNER NET PAYROLL|0.0
warning,banner_check_missing,118sdoc13,GPO-CDOC-118sdoc13.pdf,2949,SPECIAL COMMITTEE ON AGING S.RES. 59B (118TH) EXPENSES OF INQUIRIES AND INVESTIGATIONS,,BANNER NET PAYROLL,0.0,status=banner_missing; banner=0.0; parsed_body=0.0. Banner checks are advisory; review against the source before treating this as a parser defect.,118sdoc13|banner_check_missing|2949|SPECIAL COMMITTEE ON AGING S.RES. 59B (118TH) EXPENSES OF INQUIRIES AND INVESTIGATIONS||BANNER NET PAYROLL|0.0
warning,banner_check_discrepancy,118sdoc13,GPO-CDOC-118sdoc13.pdf,2950,SPECIAL COMMITTEE ON AGING S.RES. 59C (118TH) EXPENSES OF INQUIRIES AND INVESTIGATIONS,,BANNER ORGANIZATION TOTALS,1668871.75,status=fail; banner=1668871.75; parsed_body=1636754.79. Banner checks are advisory; review against the source before treating this as a parser defect.,118sdoc13|banner_check_discrepancy|2950|SPECIAL COMMITTEE ON AGING S.RES. 59C (118TH) EXPENSES OF INQUIRIES AND INVESTIGATIONS||BANNER ORGANIZATION TOTALS|1668871.75
warning,banner_check_missing,118sdoc13,GPO-CDOC-118sdoc13.pdf,2955,VETERANS' AFFAIRS S.RES. 70C (117TH) EXPENSES OF INQUIRIES AND INVESTIGATIONS,,BANNER NET PAYROLL,0.0,status=banner_missing; banner=0.0; parsed_body=0.0. Banner checks are advisory; review against the source before treating this as a parser defect.,118sdoc13|banner_check_missing|2955|VETERANS' AFFAIRS S.RES. 70C (117TH) EXPENSES OF INQUIRIES AND INVESTIGATIONS||BANNER NET PAYROLL|0.0
warning,banner_check_missing,118sdoc13,GPO-CDOC-118sdoc13.pdf,2956,VETERANS' AFFAIRS S.RES. 70D (117TH) EXPENSES OF INQUIRIES AND INVESTIGATIONS,,BANNER NET PAYROLL,0.0,status=banner_missing; banner=0.0; parsed_body=0.0. Banner checks are advisory; review against the source before treating this as a parser defect.,118sdoc13|banner_check_missing|2956|VETERANS' AFFAIRS S.RES. 70D (117TH) EXPENSES OF INQUIRIES AND INVESTIGATIONS||BANNER NET PAYROLL|0.0
warning,banner_check_missing,118sdoc13,GPO-CDOC-118sdoc13.pdf,2957,VETERANS' AFFAIRS S.RES. 59B (118TH) EXPENSES OF INQUIRIES AND INVESTIGATIONS,,BANNER NET PAYROLL,0.0,status=banner_missing; banner=0.0; parsed_body=0.0. Banner checks are advisory; review against the source before treating this as a parser defect.,118sdoc13|banner_check_missing|2957|VETERANS' AFFAIRS S.RES. 59B (118TH) EXPENSES OF INQUIRIES AND INVESTIGATIONS||BANNER NET PAYROLL|0.0
warning,banner_check_discrepancy,118sdoc13,GPO-CDOC-118sdoc13.pdf,2958,VETERANS' AFFAIRS S.RES. 59C (118TH) EXPENSES OF INQUIRIES AND INVESTIGATIONS,,BANNER ORGANIZATION TOTALS,2124403.29,status=fail; banner=2124403.29; parsed_body=2107234.3. Banner checks are advisory; review against the source before treating this as a parser defect.,118sdoc13|banner_check_discrepancy|2958|VETERANS' AFFAIRS S.RES. 59C (118TH) EXPENSES OF INQUIRIES AND INVESTIGATIONS||BANNER ORGANIZATION TOTALS|2124403.29
warning,banner_check_missing,118sdoc13,GPO-CDOC-118sdoc13.pdf,2968,MEMBER COMPENSATION,2022,BANNER NET PAYROLL,0.0,status=banner_missing; banner=0.0; parsed_body=0.0. Banner checks are advisory; review against the source before treating this as a parser defect.,118sdoc13|banner_check_missing|2968|MEMBER COMPENSATION|2022|BANNER NET PAYROLL|0.0
warning,banner_check_missing,118sdoc13,GPO-CDOC-118sdoc13.pdf,2969,MEMBER COMPENSATION,2023,BANNER NET PAYROLL,0.0,status=banner_missing; banner=0.0; parsed_body=0.0. Banner checks are advisory; review against the source before treating this as a parser defect.,118sdoc13|banner_check_missing|2969|MEMBER COMPENSATION|2023|BANNER NET PAYROLL|0.0
warning,banner_check_discrepancy,118sdoc13,GPO-CDOC-118sdoc13.pdf,2970,MEMBER COMPENSATION,2024,BANNER NET PAYROLL,12148309.79,status=fail; banner=12148309.79; parsed_body=12148307.09. Banner checks are advisory; review against the source before treating this as a parser defect.,118sdoc13|banner_check_discrepancy|2970|MEMBER COMPENSATION|2024|BANNER NET PAYROLL|12148309.79
warning,banner_check_discrepancy,118sdoc13,GPO-CDOC-118sdoc13.pdf,2970,MEMBER COMPENSATION,2024,BANNER ORGANIZATION TOTALS,12148309.79,status=fail; banner=12148309.79; parsed_body=12148307.09. Banner checks are advisory; review against the source before treating this as a parser defect.,118sdoc13|banner_check_discrepancy|2970|MEMBER COMPENSATION|2024|BANNER ORGANIZATION TOTALS|12148309.79
