source_doc,source_pdf,source_page,reference_page,classification,assigned_to_block,block_start_page,block_reference_start,office,funding_year,word_count,visual_row_count,reason
118sdoc13,GPO-CDOC-118sdoc13-2.pdf,1,1,other,False,,,,,30,17,non_data
118sdoc13,GPO-CDOC-118sdoc13-2.pdf,2,2,other,False,,,,,0,0,non_data
118sdoc13,GPO-CDOC-118sdoc13-2.pdf,3,3,other,False,,,,,1,1,non_data
118sdoc13,GPO-CDOC-118sdoc13-2.pdf,4,4,other,False,,,,,0,0,non_data
118sdoc13,GPO-CDOC-118sdoc13-2.pdf,5,5,toc,False,,,,,93,67,non_data
118sdoc13,GPO-CDOC-118sdoc13-2.pdf,6,6,toc,False,,,,,68,64,non_data
118sdoc13,GPO-CDOC-118sdoc13-2.pdf,7,7,toc,False,,,,,67,58,non_data
118sdoc13,GPO-CDOC-118sdoc13-2.pdf,8,8,toc,False,,,,,99,46,non_data
118sdoc13,GPO-CDOC-118sdoc13-2.pdf,9,9,other,False,,,,,40,32,non_data
118sdoc13,GPO-CDOC-118sdoc13-2.pdf,10,10,other,False,,,,,0,0,non_data
118sdoc13,GPO-CDOC-118sdoc13-2.pdf,11,11,other,False,,,,,115,37,non_data
118sdoc13,GPO-CDOC-118sdoc13-2.pdf,12,12,other,False,,,,,248,45,non_data
118sdoc13,GPO-CDOC-118sdoc13-2.pdf,13,13,other,False,,,,,207,38,non_data
118sdoc13,GPO-CDOC-118sdoc13-2.pdf,14,14,other,False,,,,,155,35,non_data
118sdoc13,GPO-CDOC-118sdoc13-2.pdf,15,15,other,False,,,,,166,46,non_data
118sdoc13,GPO-CDOC-118sdoc13-2.pdf,16,16,other,False,,,,,139,47,non_data
118sdoc13,GPO-CDOC-118sdoc13-2.pdf,17,17,other,False,,,,,30,9,non_data
118sdoc13,GPO-CDOC-118sdoc13-2.pdf,18,18,other,False,,,,,0,0,non_data
118sdoc13,GPO-CDOC-118sdoc13-2.pdf,19,19,banner,True,19,19,SENATOR MARK KELLY,2022,73,34,block_start
118sdoc13,GPO-CDOC-118sdoc13-2.pdf,20,20,banner,True,20,20,INTERN COMPENSATION - KELLY,2022,55,28,block_start
118sdoc13,GPO-CDOC-118sdoc13-2.pdf,21,21,banner,True,21,21,SENATOR MARK KELLY,2023,73,34,block_start
118sdoc13,GPO-CDOC-118sdoc13-2.pdf,22,22,banner,True,22,22,INTERN COMPENSATION - KELLY,2023,55,28,block_start
118sdoc13,GPO-CDOC-118sdoc13-2.pdf,23,23,banner,True,23,23,SENATOR MARK KELLY,2024,134,56,block_start
118sdoc13,GPO-CDOC-118sdoc13-2.pdf,24,24,data,True,23,23,SENATOR MARK KELLY,2024,164,59,block_data
118sdoc13,GPO-CDOC-118sdoc13-2.pdf,25,25,data,True,23,23,SENATOR MARK KELLY,2024,153,57,block_data
118sdoc13,GPO-CDOC-118sdoc13-2.pdf,26,26,data,True,23,23,SENATOR MARK KELLY,2024,180,58,block_data
118sdoc13,GPO-CDOC-118sdoc13-2.pdf,27,27,data,True,23,23,SENATOR MARK KELLY,2024,186,58,block_data
118sdoc13,GPO-CDOC-118sdoc13-2.pdf,28,28,data,True,23,23,SENATOR MARK KELLY,2024,193,58,block_data
118sdoc13,GPO-CDOC-118sdoc13-2.pdf,29,29,data,True,23,23,SENATOR MARK KELLY,2024,187,58,block_data
118sdoc13,GPO-CDOC-118sdoc13-2.pdf,30,30,data,True,23,23,SENATOR MARK KELLY,2024,184,58,block_data
118sdoc13,GPO-CDOC-118sdoc13-2.pdf,31,31,data,True,23,23,SENATOR MARK KELLY,2024,191,58,block_data
118sdoc13,GPO-CDOC-118sdoc13-2.pdf,32,32,data,True,23,23,SENATOR MARK KELLY,2024,185,58,block_data
118sdoc13,GPO-CDOC-118sdoc13-2.pdf,33,33,data,True,23,23,SENATOR MARK KELLY,2024,178,58,block_data
118sdoc13,GPO-CDOC-118sdoc13-2.pdf,34,34,data,True,23,23,SENATOR MARK KELLY,2024,196,58,block_data
118sdoc13,GPO-CDOC-118sdoc13-2.pdf,35,35,data,True,23,23,SENATOR MARK KELLY,2024,188,58,block_data
118sdoc13,GPO-CDOC-118sdoc13-2.pdf,36,36,data,True,23,23,SENATOR MARK KELLY,2024,181,59,block_data
118sdoc13,GPO-CDOC-118sdoc13-2.pdf,37,37,data,True,23,23,SENATOR MARK KELLY,2024,208,57,block_data
118sdoc13,GPO-CDOC-118sdoc13-2.pdf,38,38,data,True,23,23,SENATOR MARK KELLY,2024,55,17,block_data
118sdoc13,GPO-CDOC-118sdoc13-2.pdf,39,39,banner,True,39,39,INTERN COMPENSATION - KELLY,2024,86,37,block_start
118sdoc13,GPO-CDOC-118sdoc13-2.pdf,40,40,banner,True,40,40,SENATOR JOHN N. KENNEDY,2022,73,34,block_start
118sdoc13,GPO-CDOC-118sdoc13-2.pdf,41,41,banner,True,41,41,INTERN COMPENSATION - KENNEDY,2022,55,28,block_start
118sdoc13,GPO-CDOC-118sdoc13-2.pdf,42,42,banner,True,42,42,SENATOR JOHN N. KENNEDY,2023,73,34,block_start
118sdoc13,GPO-CDOC-118sdoc13-2.pdf,43,43,banner,True,43,43,INTERN COMPENSATION - KENNEDY,2023,55,28,block_start
118sdoc13,GPO-CDOC-118sdoc13-2.pdf,44,44,banner,True,44,44,SENATOR JOHN N. KENNEDY,2024,136,55,block_start
118sdoc13,GPO-CDOC-118sdoc13-2.pdf,45,45,data,True,44,44,SENATOR JOHN N. KENNEDY,2024,162,54,block_data
118sdoc13,GPO-CDOC-118sdoc13-2.pdf,46,46,data,True,44,44,SENATOR JOHN N. KENNEDY,2024,187,58,block_data
118sdoc13,GPO-CDOC-118sdoc13-2.pdf,47,47,data,True,44,44,SENATOR JOHN N. KENNEDY,2024,205,58,block_data
118sdoc13,GPO-CDOC-118sdoc13-2.pdf,48,48,data,True,44,44,SENATOR JOHN N. KENNEDY,2024,181,61,block_data
118sdoc13,GPO-CDOC-118sdoc13-2.pdf,49,49,data,True,44,44,SENATOR JOHN N. KENNEDY,2024,184,58,block_data
118sdoc13,GPO-CDOC-118sdoc13-2.pdf,50,50,data,True,44,44,SENATOR JOHN N. KENNEDY,2024,197,58,block_data
118sdoc13,GPO-CDOC-118sdoc13-2.pdf,51,51,data,True,44,44,SENATOR JOHN N. KENNEDY,2024,200,58,block_data
118sdoc13,GPO-CDOC-118sdoc13-2.pdf,52,52,data,True,44,44,SENATOR JOHN N. KENNEDY,2024,195,58,block_data
118sdoc13,GPO-CDOC-118sdoc13-2.pdf,53,53,data,True,44,44,SENATOR JOHN N. KENNEDY,2024,192,58,block_data
118sdoc13,GPO-CDOC-118sdoc13-2.pdf,54,54,data,True,44,44,SENATOR JOHN N. KENNEDY,2024,208,58,block_data
118sdoc13,GPO-CDOC-118sdoc13-2.pdf,55,55,data,True,44,44,SENATOR JOHN N. KENNEDY,2024,203,58,block_data
118sdoc13,GPO-CDOC-118sdoc13-2.pdf,56,56,data,True,44,44,SENATOR JOHN N. KENNEDY,2024,207,59,block_data
118sdoc13,GPO-CDOC-118sdoc13-2.pdf,57,57,data,True,44,44,SENATOR JOHN N. KENNEDY,2024,171,58,block_data
118sdoc13,GPO-CDOC-118sdoc13-2.pdf,58,58,data,True,44,44,SENATOR JOHN N. KENNEDY,2024,191,59,block_data
118sdoc13,GPO-CDOC-118sdoc13-2.pdf,59,59,data,True,44,44,SENATOR JOHN N. KENNEDY,2024,198,58,block_data
118sdoc13,GPO-CDOC-118sdoc13-2.pdf,60,60,data,True,44,44,SENATOR JOHN N. KENNEDY,2024,196,59,block_data
118sdoc13,GPO-CDOC-118sdoc13-2.pdf,61,61,data,True,44,44,SENATOR JOHN N. KENNEDY,2024,197,58,block_data
118sdoc13,GPO-CDOC-118sdoc13-2.pdf,62,62,data,True,44,44,SENATOR JOHN N. KENNEDY,2024,201,58,block_data
118sdoc13,GPO-CDOC-118sdoc13-2.pdf,63,63,data,True,44,44,SENATOR JOHN N. KENNEDY,2024,193,58,block_data
118sdoc13,GPO-CDOC-118sdoc13-2.pdf,64,64,data,True,44,44,SENATOR JOHN N. KENNEDY,2024,190,59,block_data
118sdoc13,GPO-CDOC-118sdoc13-2.pdf,65,65,data,True,44,44,SENATOR JOHN N. KENNEDY,2024,201,58,block_data
118sdoc13,GPO-CDOC-118sdoc13-2.pdf,66,66,data,True,44,44,SENATOR JOHN N. KENNEDY,2024,203,58,block_data
118sdoc13,GPO-CDOC-118sdoc13-2.pdf,67,67,data,True,44,44,SENATOR JOHN N. KENNEDY,2024,204,58,block_data
118sdoc13,GPO-CDOC-118sdoc13-2.pdf,68,68,data,True,44,44,SENATOR JOHN N. KENNEDY,2024,212,58,block_data
118sdoc13,GPO-CDOC-118sdoc13-2.pdf,69,69,data,True,44,44,SENATOR JOHN N. KENNEDY,2024,208,58,block_data
118sdoc13,GPO-CDOC-118sdoc13-2.pdf,70,70,data,True,44,44,SENATOR JOHN N. KENNEDY,2024,187,59,block_data
118sdoc13,GPO-CDOC-118sdoc13-2.pdf,71,71,data,True,44,44,SENATOR JOHN N. KENNEDY,2024,208,58,block_data
118sdoc13,GPO-CDOC-118sdoc13-2.pdf,72,72,data,True,44,44,SENATOR JOHN N. KENNEDY,2024,192,59,block_data
118sdoc13,GPO-CDOC-118sdoc13-2.pdf,73,73,data,True,44,44,SENATOR JOHN N. KENNEDY,2024,204,58,block_data
118sdoc13,GPO-CDOC-118sdoc13-2.pdf,74,74,data,True,44,44,SENATOR JOHN N. KENNEDY,2024,189,59,block_data
118sdoc13,GPO-CDOC-118sdoc13-2.pdf,75,75,data,True,44,44,SENATOR JOHN N. KENNEDY,2024,203,58,block_data
118sdoc13,GPO-CDOC-118sdoc13-2.pdf,76,76,data,True,44,44,SENATOR JOHN N. KENNEDY,2024,201,59,block_data
118sdoc13,GPO-CDOC-118sdoc13-2.pdf,77,77,data,True,44,44,SENATOR JOHN N. KENNEDY,2024,277,58,block_data
118sdoc13,GPO-CDOC-118sdoc13-2.pdf,78,78,data,True,44,44,SENATOR JOHN N. KENNEDY,2024,39,14,block_data
118sdoc13,GPO-CDOC-118sdoc13-2.pdf,79,79,banner,True,79,79,INTERN COMPENSATION - KENNEDY,2024,125,50,block_start
118sdoc13,GPO-CDOC-118sdoc13-2.pdf,80,80,banner,True,80,80,SENATOR ANGUS KING,2022,73,34,block_start
118sdoc13,GPO-CDOC-118sdoc13-2.pdf,81,81,banner,True,81,81,INTERN COMPENSATION - KING,2022,55,28,block_start
118sdoc13,GPO-CDOC-118sdoc13-2.pdf,82,82,banner,True,82,82,SENATOR ANGUS KING,2023,73,34,block_start
118sdoc13,GPO-CDOC-118sdoc13-2.pdf,83,83,banner,True,83,83,INTERN COMPENSATION - KING,2023,55,28,block_start
118sdoc13,GPO-CDOC-118sdoc13-2.pdf,84,84,banner,True,84,84,SENATOR ANGUS KING,2024,136,55,block_start
118sdoc13,GPO-CDOC-118sdoc13-2.pdf,85,85,data,True,84,84,SENATOR ANGUS KING,2024,174,56,block_data
118sdoc13,GPO-CDOC-118sdoc13-2.pdf,86,86,data,True,84,84,SENATOR ANGUS KING,2024,259,59,block_data
118sdoc13,GPO-CDOC-118sdoc13-2.pdf,87,87,data,True,84,84,SENATOR ANGUS KING,2024,194,58,block_data
118sdoc13,GPO-CDOC-118sdoc13-2.pdf,88,88,data,True,84,84,SENATOR ANGUS KING,2024,220,59,block_data
118sdoc13,GPO-CDOC-118sdoc13-2.pdf,89,89,data,True,84,84,SENATOR ANGUS KING,2024,223,59,block_data
118sdoc13,GPO-CDOC-118sdoc13-2.pdf,90,90,data,True,84,84,SENATOR ANGUS KING,2024,185,60,block_data
118sdoc13,GPO-CDOC-118sdoc13-2.pdf,91,91,data,True,84,84,SENATOR ANGUS KING,2024,194,59,block_data
118sdoc13,GPO-CDOC-118sdoc13-2.pdf,92,92,data,True,84,84,SENATOR ANGUS KING,2024,225,58,block_data
118sdoc13,GPO-CDOC-118sdoc13-2.pdf,93,93,data,True,84,84,SENATOR ANGUS KING,2024,191,60,block_data
118sdoc13,GPO-CDOC-118sdoc13-2.pdf,94,94,data,True,84,84,SENATOR ANGUS KING,2024,172,58,block_data
118sdoc13,GPO-CDOC-118sdoc13-2.pdf,95,95,data,True,84,84,SENATOR ANGUS KING,2024,239,54,block_data
118sdoc13,GPO-CDOC-118sdoc13-2.pdf,96,96,banner,True,96,96,INTERN COMPENSATION - KING,2024,77,34,block_start
118sdoc13,GPO-CDOC-118sdoc13-2.pdf,97,97,banner,True,97,97,SENATOR AMY KLOBUCHAR,2022,73,34,block_start
118sdoc13,GPO-CDOC-118sdoc13-2.pdf,98,98,banner,True,98,98,INTERN COMPENSATION - KLOBUCHAR,2022,55,28,block_start
118sdoc13,GPO-CDOC-118sdoc13-2.pdf,99,99,banner,True,99,99,SENATOR AMY KLOBUCHAR,2023,86,37,block_start
118sdoc13,GPO-CDOC-118sdoc13-2.pdf,100,100,banner,True,100,100,INTERN COMPENSATION - KLOBUCHAR,2023,55,28,block_start
118sdoc13,GPO-CDOC-118sdoc13-2.pdf,101,101,banner,True,101,101,SENATOR AMY KLOBUCHAR,2024,134,56,block_start
118sdoc13,GPO-CDOC-118sdoc13-2.pdf,102,102,data,True,101,101,SENATOR AMY KLOBUCHAR,2024,166,58,block_data
118sdoc13,GPO-CDOC-118sdoc13-2.pdf,103,103,data,True,101,101,SENATOR AMY KLOBUCHAR,2024,171,57,block_data
118sdoc13,GPO-CDOC-118sdoc13-2.pdf,104,104,data,True,101,101,SENATOR AMY KLOBUCHAR,2024,191,58,block_data
118sdoc13,GPO-CDOC-118sdoc13-2.pdf,105,105,data,True,101,101,SENATOR AMY KLOBUCHAR,2024,201,58,block_data
118sdoc13,GPO-CDOC-118sdoc13-2.pdf,106,106,data,True,101,101,SENATOR AMY KLOBUCHAR,2024,214,58,block_data
118sdoc13,GPO-CDOC-118sdoc13-2.pdf,107,107,data,True,101,101,SENATOR AMY KLOBUCHAR,2024,208,58,block_data
118sdoc13,GPO-CDOC-118sdoc13-2.pdf,108,108,data,True,101,101,SENATOR AMY KLOBUCHAR,2024,198,58,block_data
118sdoc13,GPO-CDOC-118sdoc13-2.pdf,109,109,data,True,101,101,SENATOR AMY KLOBUCHAR,2024,197,58,block_data
118sdoc13,GPO-CDOC-118sdoc13-2.pdf,110,110,data,True,101,101,SENATOR AMY KLOBUCHAR,2024,207,58,block_data
118sdoc13,GPO-CDOC-118sdoc13-2.pdf,111,111,data,True,101,101,SENATOR AMY KLOBUCHAR,2024,216,58,block_data
118sdoc13,GPO-CDOC-118sdoc13-2.pdf,112,112,data,True,101,101,SENATOR AMY KLOBUCHAR,2024,216,58,block_data
118sdoc13,GPO-CDOC-118sdoc13-2.pdf,113,113,data,True,101,101,SENATOR AMY KLOBUCHAR,2024,206,58,block_data
118sdoc13,GPO-CDOC-118sdoc13-2.pdf,114,114,data,True,101,101,SENATOR AMY KLOBUCHAR,2024,216,58,block_data
118sdoc13,GPO-CDOC-118sdoc13-2.pdf,115,115,data,True,101,101,SENATOR AMY KLOBUCHAR,2024,201,58,block_data
118sdoc13,GPO-CDOC-118sdoc13-2.pdf,116,116,data,True,101,101,SENATOR AMY KLOBUCHAR,2024,207,58,block_data
118sdoc13,GPO-CDOC-118sdoc13-2.pdf,117,117,data,True,101,101,SENATOR AMY KLOBUCHAR,2024,208,58,block_data
118sdoc13,GPO-CDOC-118sdoc13-2.pdf,118,118,data,True,101,101,SENATOR AMY KLOBUCHAR,2024,222,57,block_data
118sdoc13,GPO-CDOC-118sdoc13-2.pdf,119,119,data,True,101,101,SENATOR AMY KLOBUCHAR,2024,27,13,block_data
118sdoc13,GPO-CDOC-118sdoc13-2.pdf,120,120,banner,True,120,120,INTERN COMPENSATION - KLOBUCHAR,2024,89,38,block_start
118sdoc13,GPO-CDOC-118sdoc13-2.pdf,121,121,banner,True,121,121,SENATOR JAMES LANKFORD,2022,73,34,block_start
118sdoc13,GPO-CDOC-118sdoc13-2.pdf,122,122,banner,True,122,122,INTERN COMPENSATION - LANKFORD,2022,55,28,block_start
118sdoc13,GPO-CDOC-118sdoc13-2.pdf,123,123,banner,True,123,123,SENATOR JAMES LANKFORD,2023,73,34,block_start
118sdoc13,GPO-CDOC-118sdoc13-2.pdf,124,124,banner,True,124,124,INTERN COMPENSATION - LANKFORD,2023,55,28,block_start
118sdoc13,GPO-CDOC-118sdoc13-2.pdf,125,125,banner,True,125,125,SENATOR JAMES LANKFORD,2024,136,55,block_start
118sdoc13,GPO-CDOC-118sdoc13-2.pdf,126,126,data,True,125,125,SENATOR JAMES LANKFORD,2024,157,57,block_data
118sdoc13,GPO-CDOC-118sdoc13-2.pdf,127,127,data,True,125,125,SENATOR JAMES LANKFORD,2024,194,57,block_data
118sdoc13,GPO-CDOC-118sdoc13-2.pdf,128,128,data,True,125,125,SENATOR JAMES LANKFORD,2024,200,58,block_data
118sdoc13,GPO-CDOC-118sdoc13-2.pdf,129,129,data,True,125,125,SENATOR JAMES LANKFORD,2024,206,59,block_data
118sdoc13,GPO-CDOC-118sdoc13-2.pdf,130,130,data,True,125,125,SENATOR JAMES LANKFORD,2024,193,59,block_data
118sdoc13,GPO-CDOC-118sdoc13-2.pdf,131,131,data,True,125,125,SENATOR JAMES LANKFORD,2024,194,61,block_data
118sdoc13,GPO-CDOC-118sdoc13-2.pdf,132,132,data,True,125,125,SENATOR JAMES LANKFORD,2024,206,59,block_data
118sdoc13,GPO-CDOC-118sdoc13-2.pdf,133,133,data,True,125,125,SENATOR JAMES LANKFORD,2024,182,60,block_data
118sdoc13,GPO-CDOC-118sdoc13-2.pdf,134,134,data,True,125,125,SENATOR JAMES LANKFORD,2024,205,60,block_data
118sdoc13,GPO-CDOC-118sdoc13-2.pdf,135,135,data,True,125,125,SENATOR JAMES LANKFORD,2024,202,58,block_data
118sdoc13,GPO-CDOC-118sdoc13-2.pdf,136,136,data,True,125,125,SENATOR JAMES LANKFORD,2024,191,58,block_data
118sdoc13,GPO-CDOC-118sdoc13-2.pdf,137,137,data,True,125,125,SENATOR JAMES LANKFORD,2024,186,60,block_data
118sdoc13,GPO-CDOC-118sdoc13-2.pdf,138,138,data,True,125,125,SENATOR JAMES LANKFORD,2024,188,59,block_data
118sdoc13,GPO-CDOC-118sdoc13-2.pdf,139,139,data,True,125,125,SENATOR JAMES LANKFORD,2024,195,59,block_data
118sdoc13,GPO-CDOC-118sdoc13-2.pdf,140,140,data,True,125,125,SENATOR JAMES LANKFORD,2024,198,59,block_data
118sdoc13,GPO-CDOC-118sdoc13-2.pdf,141,141,data,True,125,125,SENATOR JAMES LANKFORD,2024,205,60,block_data
118sdoc13,GPO-CDOC-118sdoc13-2.pdf,142,142,data,True,125,125,SENATOR JAMES LANKFORD,2024,206,60,block_data
118sdoc13,GPO-CDOC-118sdoc13-2.pdf,143,143,data,True,125,125,SENATOR JAMES LANKFORD,2024,184,58,block_data
118sdoc13,GPO-CDOC-118sdoc13-2.pdf,144,144,data,True,125,125,SENATOR JAMES LANKFORD,2024,193,59,block_data
118sdoc13,GPO-CDOC-118sdoc13-2.pdf,145,145,data,True,125,125,SENATOR JAMES LANKFORD,2024,211,60,block_data
118sdoc13,GPO-CDOC-118sdoc13-2.pdf,146,146,data,True,125,125,SENATOR JAMES LANKFORD,2024,191,60,block_data
118sdoc13,GPO-CDOC-118sdoc13-2.pdf,147,147,data,True,125,125,SENATOR JAMES LANKFORD,2024,199,59,block_data
118sdoc13,GPO-CDOC-118sdoc13-2.pdf,148,148,data,True,125,125,SENATOR JAMES LANKFORD,2024,212,59,block_data
118sdoc13,GPO-CDOC-118sdoc13-2.pdf,149,149,data,True,125,125,SENATOR JAMES LANKFORD,2024,206,58,block_data
118sdoc13,GPO-CDOC-118sdoc13-2.pdf,150,150,data,True,125,125,SENATOR JAMES LANKFORD,2024,173,58,block_data
118sdoc13,GPO-CDOC-118sdoc13-2.pdf,151,151,data,True,125,125,SENATOR JAMES LANKFORD,2024,168,61,block_data
118sdoc13,GPO-CDOC-118sdoc13-2.pdf,152,152,data,True,125,125,SENATOR JAMES LANKFORD,2024,190,57,block_data
118sdoc13,GPO-CDOC-118sdoc13-2.pdf,153,153,data,True,125,125,SENATOR JAMES LANKFORD,2024,208,58,block_data
118sdoc13,GPO-CDOC-118sdoc13-2.pdf,154,154,data,True,125,125,SENATOR JAMES LANKFORD,2024,235,57,block_data
118sdoc13,GPO-CDOC-118sdoc13-2.pdf,155,155,data,True,125,125,SENATOR JAMES LANKFORD,2024,74,19,block_data
118sdoc13,GPO-CDOC-118sdoc13-2.pdf,156,156,banner,True,156,156,INTERN COMPENSATION - LANKFORD,2024,101,42,block_start
118sdoc13,GPO-CDOC-118sdoc13-2.pdf,157,157,banner,True,157,157,SENATOR PATRICK J. LEAHY,2022,73,34,block_start
118sdoc13,GPO-CDOC-118sdoc13-2.pdf,158,158,banner,True,158,158,INTERN COMPENSATION - LEAHY,2022,55,28,block_start
118sdoc13,GPO-CDOC-118sdoc13-2.pdf,159,159,banner,True,159,159,SENATOR PATRICK J. LEAHY,2023,73,34,block_start
118sdoc13,GPO-CDOC-118sdoc13-2.pdf,160,160,banner,True,160,160,INTERN COMPENSATION - LEAHY,2023,55,28,block_start
118sdoc13,GPO-CDOC-118sdoc13-2.pdf,161,161,banner,True,161,161,SENATOR MIKE LEE,2022,73,34,block_start
118sdoc13,GPO-CDOC-118sdoc13-2.pdf,162,162,banner,True,162,162,INTERN COMPENSATION - LEE,2022,55,28,block_start
118sdoc13,GPO-CDOC-118sdoc13-2.pdf,163,163,banner,True,163,163,SENATOR MIKE LEE,2023,73,34,block_start
118sdoc13,GPO-CDOC-118sdoc13-2.pdf,164,164,banner,True,164,164,INTERN COMPENSATION - LEE,2023,55,28,block_start
118sdoc13,GPO-CDOC-118sdoc13-2.pdf,165,165,banner,True,165,165,SENATOR MIKE LEE,2024,136,55,block_start
118sdoc13,GPO-CDOC-118sdoc13-2.pdf,166,166,data,True,165,165,SENATOR MIKE LEE,2024,163,56,block_data
118sdoc13,GPO-CDOC-118sdoc13-2.pdf,167,167,data,True,165,165,SENATOR MIKE LEE,2024,180,58,block_data
118sdoc13,GPO-CDOC-118sdoc13-2.pdf,168,168,data,True,165,165,SENATOR MIKE LEE,2024,188,58,block_data
118sdoc13,GPO-CDOC-118sdoc13-2.pdf,169,169,data,True,165,165,SENATOR MIKE LEE,2024,180,58,block_data
118sdoc13,GPO-CDOC-118sdoc13-2.pdf,170,170,data,True,165,165,SENATOR MIKE LEE,2024,198,57,block_data
118sdoc13,GPO-CDOC-118sdoc13-2.pdf,171,171,data,True,165,165,SENATOR MIKE LEE,2024,190,59,block_data
118sdoc13,GPO-CDOC-118sdoc13-2.pdf,172,172,data,True,165,165,SENATOR MIKE LEE,2024,171,57,block_data
118sdoc13,GPO-CDOC-118sdoc13-2.pdf,173,173,data,True,165,165,SENATOR MIKE LEE,2024,194,58,block_data
118sdoc13,GPO-CDOC-118sdoc13-2.pdf,174,174,data,True,165,165,SENATOR MIKE LEE,2024,195,59,block_data
118sdoc13,GPO-CDOC-118sdoc13-2.pdf,175,175,data,True,165,165,SENATOR MIKE LEE,2024,172,60,block_data
118sdoc13,GPO-CDOC-118sdoc13-2.pdf,176,176,data,True,165,165,SENATOR MIKE LEE,2024,178,58,block_data
118sdoc13,GPO-CDOC-118sdoc13-2.pdf,177,177,data,True,165,165,SENATOR MIKE LEE,2024,186,58,block_data
118sdoc13,GPO-CDOC-118sdoc13-2.pdf,178,178,data,True,165,165,SENATOR MIKE LEE,2024,185,58,block_data
118sdoc13,GPO-CDOC-118sdoc13-2.pdf,179,179,data,True,165,165,SENATOR MIKE LEE,2024,184,60,block_data
118sdoc13,GPO-CDOC-118sdoc13-2.pdf,180,180,data,True,165,165,SENATOR MIKE LEE,2024,83,26,block_data
118sdoc13,GPO-CDOC-118sdoc13-2.pdf,181,181,banner,True,181,181,INTERN COMPENSATION - LEE,2024,92,39,block_start
118sdoc13,GPO-CDOC-118sdoc13-2.pdf,182,182,banner,True,182,182,SENATOR BEN RAY LUJAN,2022,83,37,block_start
118sdoc13,GPO-CDOC-118sdoc13-2.pdf,183,183,banner,True,183,183,INTERN COMPENSATION - LUJAN,2022,55,28,block_start
118sdoc13,GPO-CDOC-118sdoc13-2.pdf,184,184,banner,True,184,184,SENATOR BEN RAY LUJAN,2023,160,55,block_start
118sdoc13,GPO-CDOC-118sdoc13-2.pdf,185,185,data,True,184,184,SENATOR BEN RAY LUJAN,2023,83,28,block_data
118sdoc13,GPO-CDOC-118sdoc13-2.pdf,186,186,banner,True,186,186,INTERN COMPENSATION - LUJAN,2023,55,28,block_start
118sdoc13,GPO-CDOC-118sdoc13-2.pdf,187,187,banner,True,187,187,SENATOR BEN RAY LUJAN,2024,136,52,block_start
118sdoc13,GPO-CDOC-118sdoc13-2.pdf,188,188,data,True,187,187,SENATOR BEN RAY LUJAN,2024,160,56,block_data
118sdoc13,GPO-CDOC-118sdoc13-2.pdf,189,189,data,True,187,187,SENATOR BEN RAY LUJAN,2024,201,58,block_data
118sdoc13,GPO-CDOC-118sdoc13-2.pdf,190,190,data,True,187,187,SENATOR BEN RAY LUJAN,2024,191,58,block_data
118sdoc13,GPO-CDOC-118sdoc13-2.pdf,191,191,data,True,187,187,SENATOR BEN RAY LUJAN,2024,204,58,block_data
118sdoc13,GPO-CDOC-118sdoc13-2.pdf,192,192,data,True,187,187,SENATOR BEN RAY LUJAN,2024,194,59,block_data
118sdoc13,GPO-CDOC-118sdoc13-2.pdf,193,193,data,True,187,187,SENATOR BEN RAY LUJAN,2024,193,59,block_data
118sdoc13,GPO-CDOC-118sdoc13-2.pdf,194,194,data,True,187,187,SENATOR BEN RAY LUJAN,2024,204,58,block_data
118sdoc13,GPO-CDOC-118sdoc13-2.pdf,195,195,data,True,187,187,SENATOR BEN RAY LUJAN,2024,200,59,block_data
118sdoc13,GPO-CDOC-118sdoc13-2.pdf,196,196,data,True,187,187,SENATOR BEN RAY LUJAN,2024,193,59,block_data
118sdoc13,GPO-CDOC-118sdoc13-2.pdf,197,197,data,True,187,187,SENATOR BEN RAY LUJAN,2024,78,21,block_data
118sdoc13,GPO-CDOC-118sdoc13-2.pdf,198,198,banner,True,198,198,INTERN COMPENSATION - LUJAN,2024,92,39,block_start
118sdoc13,GPO-CDOC-118sdoc13-2.pdf,199,199,banner,True,199,199,SENATOR CYNTHIA LUMMIS,2022,73,34,block_start
118sdoc13,GPO-CDOC-118sdoc13-2.pdf,200,200,banner,True,200,200,INTERN COMPENSATION - LUMMIS,2022,55,28,block_start
118sdoc13,GPO-CDOC-118sdoc13-2.pdf,201,201,banner,True,201,201,SENATOR CYNTHIA LUMMIS,2023,82,36,block_start
118sdoc13,GPO-CDOC-118sdoc13-2.pdf,202,202,banner,True,202,202,INTERN COMPENSATION - LUMMIS,2023,55,28,block_start
118sdoc13,GPO-CDOC-118sdoc13-2.pdf,203,203,banner,True,203,203,SENATOR CYNTHIA LUMMIS,2024,136,55,block_start
118sdoc13,GPO-CDOC-118sdoc13-2.pdf,204,204,data,True,203,203,SENATOR CYNTHIA LUMMIS,2024,159,59,block_data
118sdoc13,GPO-CDOC-118sdoc13-2.pdf,205,205,data,True,203,203,SENATOR CYNTHIA LUMMIS,2024,170,58,block_data
118sdoc13,GPO-CDOC-118sdoc13-2.pdf,206,206,data,True,203,203,SENATOR CYNTHIA LUMMIS,2024,169,59,block_data
118sdoc13,GPO-CDOC-118sdoc13-2.pdf,207,207,data,True,203,203,SENATOR CYNTHIA LUMMIS,2024,195,58,block_data
118sdoc13,GPO-CDOC-118sdoc13-2.pdf,208,208,data,True,203,203,SENATOR CYNTHIA LUMMIS,2024,182,58,block_data
118sdoc13,GPO-CDOC-118sdoc13-2.pdf,209,209,data,True,203,203,SENATOR CYNTHIA LUMMIS,2024,188,58,block_data
118sdoc13,GPO-CDOC-118sdoc13-2.pdf,210,210,data,True,203,203,SENATOR CYNTHIA LUMMIS,2024,198,58,block_data
118sdoc13,GPO-CDOC-118sdoc13-2.pdf,211,211,data,True,203,203,SENATOR CYNTHIA LUMMIS,2024,193,58,block_data
118sdoc13,GPO-CDOC-118sdoc13-2.pdf,212,212,data,True,203,203,SENATOR CYNTHIA LUMMIS,2024,187,58,block_data
118sdoc13,GPO-CDOC-118sdoc13-2.pdf,213,213,data,True,203,203,SENATOR CYNTHIA LUMMIS,2024,179,58,block_data
118sdoc13,GPO-CDOC-118sdoc13-2.pdf,214,214,data,True,203,203,SENATOR CYNTHIA LUMMIS,2024,196,58,block_data
118sdoc13,GPO-CDOC-118sdoc13-2.pdf,215,215,data,True,203,203,SENATOR CYNTHIA LUMMIS,2024,170,60,block_data
118sdoc13,GPO-CDOC-118sdoc13-2.pdf,216,216,data,True,203,203,SENATOR CYNTHIA LUMMIS,2024,182,59,block_data
118sdoc13,GPO-CDOC-118sdoc13-2.pdf,217,217,data,True,203,203,SENATOR CYNTHIA LUMMIS,2024,194,58,block_data
118sdoc13,GPO-CDOC-118sdoc13-2.pdf,218,218,data,True,203,203,SENATOR CYNTHIA LUMMIS,2024,187,58,block_data
118sdoc13,GPO-CDOC-118sdoc13-2.pdf,219,219,data,True,203,203,SENATOR CYNTHIA LUMMIS,2024,199,58,block_data
118sdoc13,GPO-CDOC-118sdoc13-2.pdf,220,220,data,True,203,203,SENATOR CYNTHIA LUMMIS,2024,192,58,block_data
118sdoc13,GPO-CDOC-118sdoc13-2.pdf,221,221,data,True,203,203,SENATOR CYNTHIA LUMMIS,2024,172,58,block_data
118sdoc13,GPO-CDOC-118sdoc13-2.pdf,222,222,data,True,203,203,SENATOR CYNTHIA LUMMIS,2024,174,59,block_data
118sdoc13,GPO-CDOC-118sdoc13-2.pdf,223,223,data,True,203,203,SENATOR CYNTHIA LUMMIS,2024,172,59,block_data
118sdoc13,GPO-CDOC-118sdoc13-2.pdf,224,224,data,True,203,203,SENATOR CYNTHIA LUMMIS,2024,195,58,block_data
118sdoc13,GPO-CDOC-118sdoc13-2.pdf,225,225,data,True,203,203,SENATOR CYNTHIA LUMMIS,2024,213,58,block_data
118sdoc13,GPO-CDOC-118sdoc13-2.pdf,226,226,data,True,203,203,SENATOR CYNTHIA LUMMIS,2024,135,30,block_data
118sdoc13,GPO-CDOC-118sdoc13-2.pdf,227,227,banner,True,227,227,INTERN COMPENSATION - LUMMIS,2024,83,36,block_start
118sdoc13,GPO-CDOC-118sdoc13-2.pdf,228,228,banner,True,228,228,SENATOR JOE MANCHIN,2022,73,34,block_start
118sdoc13,GPO-CDOC-118sdoc13-2.pdf,229,229,banner,True,229,229,INTERN COMPENSATION - MANCHIN,2022,55,28,block_start
118sdoc13,GPO-CDOC-118sdoc13-2.pdf,230,230,banner,True,230,230,SENATOR JOE MANCHIN,2023,73,34,block_start
118sdoc13,GPO-CDOC-118sdoc13-2.pdf,231,231,banner,True,231,231,INTERN COMPENSATION - MANCHIN,2023,55,28,block_start
118sdoc13,GPO-CDOC-118sdoc13-2.pdf,232,232,banner,True,232,232,SENATOR JOE MANCHIN,2024,136,52,block_start
118sdoc13,GPO-CDOC-118sdoc13-2.pdf,233,233,data,True,232,232,SENATOR JOE MANCHIN,2024,166,58,block_data
118sdoc13,GPO-CDOC-118sdoc13-2.pdf,234,234,data,True,232,232,SENATOR JOE MANCHIN,2024,168,56,block_data
118sdoc13,GPO-CDOC-118sdoc13-2.pdf,235,235,data,True,232,232,SENATOR JOE MANCHIN,2024,185,60,block_data
118sdoc13,GPO-CDOC-118sdoc13-2.pdf,236,236,data,True,232,232,SENATOR JOE MANCHIN,2024,155,61,block_data
118sdoc13,GPO-CDOC-118sdoc13-2.pdf,237,237,data,True,232,232,SENATOR JOE MANCHIN,2024,176,59,block_data
118sdoc13,GPO-CDOC-118sdoc13-2.pdf,238,238,data,True,232,232,SENATOR JOE MANCHIN,2024,185,56,block_data
118sdoc13,GPO-CDOC-118sdoc13-2.pdf,239,239,data,True,232,232,SENATOR JOE MANCHIN,2024,155,59,block_data
118sdoc13,GPO-CDOC-118sdoc13-2.pdf,240,240,data,True,232,232,SENATOR JOE MANCHIN,2024,202,59,block_data
118sdoc13,GPO-CDOC-118sdoc13-2.pdf,241,241,data,True,232,232,SENATOR JOE MANCHIN,2024,167,62,block_data
118sdoc13,GPO-CDOC-118sdoc13-2.pdf,242,242,data,True,232,232,SENATOR JOE MANCHIN,2024,190,59,block_data
118sdoc13,GPO-CDOC-118sdoc13-2.pdf,243,243,data,True,232,232,SENATOR JOE MANCHIN,2024,187,59,block_data
118sdoc13,GPO-CDOC-118sdoc13-2.pdf,244,244,data,True,232,232,SENATOR JOE MANCHIN,2024,211,58,block_data
118sdoc13,GPO-CDOC-118sdoc13-2.pdf,245,245,data,True,232,232,SENATOR JOE MANCHIN,2024,102,28,block_data
118sdoc13,GPO-CDOC-118sdoc13-2.pdf,246,246,banner,True,246,246,INTERN COMPENSATION - MANCHIN,2024,131,52,block_start
118sdoc13,GPO-CDOC-118sdoc13-2.pdf,247,247,banner,True,247,247,SENATOR EDWARD MARKEY,2022,82,36,block_start
118sdoc13,GPO-CDOC-118sdoc13-2.pdf,248,248,banner,True,248,248,INTERN COMPENSATION - MARKEY,2022,55,28,block_start
118sdoc13,GPO-CDOC-118sdoc13-2.pdf,249,249,banner,True,249,249,SENATOR EDWARD MARKEY,2023,116,47,block_start
118sdoc13,GPO-CDOC-118sdoc13-2.pdf,250,250,banner,True,250,250,INTERN COMPENSATION - MARKEY,2023,55,28,block_start
118sdoc13,GPO-CDOC-118sdoc13-2.pdf,251,251,banner,True,251,251,SENATOR EDWARD MARKEY,2024,136,55,block_start
118sdoc13,GPO-CDOC-118sdoc13-2.pdf,252,252,data,True,251,251,SENATOR EDWARD MARKEY,2024,162,58,block_data
118sdoc13,GPO-CDOC-118sdoc13-2.pdf,253,253,data,True,251,251,SENATOR EDWARD MARKEY,2024,193,58,block_data
118sdoc13,GPO-CDOC-118sdoc13-2.pdf,254,254,data,True,251,251,SENATOR EDWARD MARKEY,2024,192,58,block_data
118sdoc13,GPO-CDOC-118sdoc13-2.pdf,255,255,data,True,251,251,SENATOR EDWARD MARKEY,2024,187,59,block_data
118sdoc13,GPO-CDOC-118sdoc13-2.pdf,256,256,data,True,251,251,SENATOR EDWARD MARKEY,2024,198,59,block_data
118sdoc13,GPO-CDOC-118sdoc13-2.pdf,257,257,data,True,251,251,SENATOR EDWARD MARKEY,2024,173,59,block_data
118sdoc13,GPO-CDOC-118sdoc13-2.pdf,258,258,data,True,251,251,SENATOR EDWARD MARKEY,2024,198,58,block_data
118sdoc13,GPO-CDOC-118sdoc13-2.pdf,259,259,data,True,251,251,SENATOR EDWARD MARKEY,2024,216,58,block_data
118sdoc13,GPO-CDOC-118sdoc13-2.pdf,260,260,data,True,251,251,SENATOR EDWARD MARKEY,2024,159,34,block_data
118sdoc13,GPO-CDOC-118sdoc13-2.pdf,261,261,banner,True,261,261,INTERN COMPENSATION - MARKEY,2024,113,46,block_start
118sdoc13,GPO-CDOC-118sdoc13-2.pdf,262,262,banner,True,262,262,SENATOR ROGER MARSHALL,2022,83,37,block_start
118sdoc13,GPO-CDOC-118sdoc13-2.pdf,263,263,banner,True,263,263,INTERN COMPENSATION - MARSHALL,2022,55,28,block_start
118sdoc13,GPO-CDOC-118sdoc13-2.pdf,264,264,banner,True,264,264,SENATOR ROGER MARSHALL,2023,73,34,block_start
118sdoc13,GPO-CDOC-118sdoc13-2.pdf,265,265,banner,True,265,265,INTERN COMPENSATION - MARSHALL,2023,55,28,block_start
118sdoc13,GPO-CDOC-118sdoc13-2.pdf,266,266,banner,True,266,266,SENATOR ROGER MARSHALL,2024,136,55,block_start
118sdoc13,GPO-CDOC-118sdoc13-2.pdf,267,267,data,True,266,266,SENATOR ROGER MARSHALL,2024,157,57,block_data
118sdoc13,GPO-CDOC-118sdoc13-2.pdf,268,268,data,True,266,266,SENATOR ROGER MARSHALL,2024,172,58,block_data
118sdoc13,GPO-CDOC-118sdoc13-2.pdf,269,269,data,True,266,266,SENATOR ROGER MARSHALL,2024,178,58,block_data
118sdoc13,GPO-CDOC-118sdoc13-2.pdf,270,270,data,True,266,266,SENATOR ROGER MARSHALL,2024,172,56,block_data
118sdoc13,GPO-CDOC-118sdoc13-2.pdf,271,271,data,True,266,266,SENATOR ROGER MARSHALL,2024,168,59,block_data
118sdoc13,GPO-CDOC-118sdoc13-2.pdf,272,272,data,True,266,266,SENATOR ROGER MARSHALL,2024,182,58,block_data
118sdoc13,GPO-CDOC-118sdoc13-2.pdf,273,273,data,True,266,266,SENATOR ROGER MARSHALL,2024,181,59,block_data
118sdoc13,GPO-CDOC-118sdoc13-2.pdf,274,274,data,True,266,266,SENATOR ROGER MARSHALL,2024,179,58,block_data
118sdoc13,GPO-CDOC-118sdoc13-2.pdf,275,275,data,True,266,266,SENATOR ROGER MARSHALL,2024,164,58,block_data
118sdoc13,GPO-CDOC-118sdoc13-2.pdf,276,276,data,True,266,266,SENATOR ROGER MARSHALL,2024,171,58,block_data
118sdoc13,GPO-CDOC-118sdoc13-2.pdf,277,277,data,True,266,266,SENATOR ROGER MARSHALL,2024,146,56,block_data
118sdoc13,GPO-CDOC-118sdoc13-2.pdf,278,278,data,True,266,266,SENATOR ROGER MARSHALL,2024,175,59,block_data
118sdoc13,GPO-CDOC-118sdoc13-2.pdf,279,279,data,True,266,266,SENATOR ROGER MARSHALL,2024,177,59,block_data
118sdoc13,GPO-CDOC-118sdoc13-2.pdf,280,280,data,True,266,266,SENATOR ROGER MARSHALL,2024,177,59,block_data
118sdoc13,GPO-CDOC-118sdoc13-2.pdf,281,281,data,True,266,266,SENATOR ROGER MARSHALL,2024,175,60,block_data
118sdoc13,GPO-CDOC-118sdoc13-2.pdf,282,282,data,True,266,266,SENATOR ROGER MARSHALL,2024,182,59,block_data
118sdoc13,GPO-CDOC-118sdoc13-2.pdf,283,283,data,True,266,266,SENATOR ROGER MARSHALL,2024,180,58,block_data
118sdoc13,GPO-CDOC-118sdoc13-2.pdf,284,284,data,True,266,266,SENATOR ROGER MARSHALL,2024,169,60,block_data
118sdoc13,GPO-CDOC-118sdoc13-2.pdf,285,285,data,True,266,266,SENATOR ROGER MARSHALL,2024,178,58,block_data
118sdoc13,GPO-CDOC-118sdoc13-2.pdf,286,286,data,True,266,266,SENATOR ROGER MARSHALL,2024,175,59,block_data
118sdoc13,GPO-CDOC-118sdoc13-2.pdf,287,287,data,True,266,266,SENATOR ROGER MARSHALL,2024,106,25,block_data
118sdoc13,GPO-CDOC-118sdoc13-2.pdf,288,288,banner,True,288,288,INTERN COMPENSATION - MARSHALL,2024,113,46,block_start
118sdoc13,GPO-CDOC-118sdoc13-2.pdf,289,289,banner,True,289,289,"SENATOR A. MITCHELL MCCONNELL, JR.",2022,73,34,block_start
118sdoc13,GPO-CDOC-118sdoc13-2.pdf,290,290,banner,True,290,290,"INTERN COMPENSATION - MCCONNELL, JR.",2022,55,28,block_start
118sdoc13,GPO-CDOC-118sdoc13-2.pdf,291,291,banner,True,291,291,"SENATOR A. MITCHELL MCCONNELL, JR.",2023,95,39,block_start
118sdoc13,GPO-CDOC-118sdoc13-2.pdf,292,292,banner,True,292,292,"INTERN COMPENSATION - MCCONNELL, JR.",2023,55,28,block_start
118sdoc13,GPO-CDOC-118sdoc13-2.pdf,293,293,banner,True,293,293,"SENATOR A. MITCHELL MCCONNELL, JR.",2024,134,53,block_start
118sdoc13,GPO-CDOC-118sdoc13-2.pdf,294,294,data,True,293,293,"SENATOR A. MITCHELL MCCONNELL, JR.",2024,181,57,block_data
118sdoc13,GPO-CDOC-118sdoc13-2.pdf,295,295,data,True,293,293,"SENATOR A. MITCHELL MCCONNELL, JR.",2024,210,58,block_data
118sdoc13,GPO-CDOC-118sdoc13-2.pdf,296,296,data,True,293,293,"SENATOR A. MITCHELL MCCONNELL, JR.",2024,216,58,block_data
118sdoc13,GPO-CDOC-118sdoc13-2.pdf,297,297,data,True,293,293,"SENATOR A. MITCHELL MCCONNELL, JR.",2024,211,58,block_data
118sdoc13,GPO-CDOC-118sdoc13-2.pdf,298,298,data,True,293,293,"SENATOR A. MITCHELL MCCONNELL, JR.",2024,216,58,block_data
118sdoc13,GPO-CDOC-118sdoc13-2.pdf,299,299,data,True,293,293,"SENATOR A. MITCHELL MCCONNELL, JR.",2024,216,58,block_data
118sdoc13,GPO-CDOC-118sdoc13-2.pdf,300,300,data,True,293,293,"SENATOR A. MITCHELL MCCONNELL, JR.",2024,206,59,block_data
118sdoc13,GPO-CDOC-118sdoc13-2.pdf,301,301,data,True,293,293,"SENATOR A. MITCHELL MCCONNELL, JR.",2024,201,58,block_data
118sdoc13,GPO-CDOC-118sdoc13-2.pdf,302,302,data,True,293,293,"SENATOR A. MITCHELL MCCONNELL, JR.",2024,216,58,block_data
118sdoc13,GPO-CDOC-118sdoc13-2.pdf,303,303,data,True,293,293,"SENATOR A. MITCHELL MCCONNELL, JR.",2024,206,58,block_data
118sdoc13,GPO-CDOC-118sdoc13-2.pdf,304,304,data,True,293,293,"SENATOR A. MITCHELL MCCONNELL, JR.",2024,216,58,block_data
118sdoc13,GPO-CDOC-118sdoc13-2.pdf,305,305,data,True,293,293,"SENATOR A. MITCHELL MCCONNELL, JR.",2024,206,58,block_data
118sdoc13,GPO-CDOC-118sdoc13-2.pdf,306,306,data,True,293,293,"SENATOR A. MITCHELL MCCONNELL, JR.",2024,204,58,block_data
118sdoc13,GPO-CDOC-118sdoc13-2.pdf,307,307,data,True,293,293,"SENATOR A. MITCHELL MCCONNELL, JR.",2024,208,58,block_data
118sdoc13,GPO-CDOC-118sdoc13-2.pdf,308,308,data,True,293,293,"SENATOR A. MITCHELL MCCONNELL, JR.",2024,206,58,block_data
118sdoc13,GPO-CDOC-118sdoc13-2.pdf,309,309,data,True,293,293,"SENATOR A. MITCHELL MCCONNELL, JR.",2024,211,58,block_data
118sdoc13,GPO-CDOC-118sdoc13-2.pdf,310,310,data,True,293,293,"SENATOR A. MITCHELL MCCONNELL, JR.",2024,212,58,block_data
118sdoc13,GPO-CDOC-118sdoc13-2.pdf,311,311,data,True,293,293,"SENATOR A. MITCHELL MCCONNELL, JR.",2024,212,58,block_data
118sdoc13,GPO-CDOC-118sdoc13-2.pdf,312,312,data,True,293,293,"SENATOR A. MITCHELL MCCONNELL, JR.",2024,206,58,block_data
118sdoc13,GPO-CDOC-118sdoc13-2.pdf,313,313,data,True,293,293,"SENATOR A. MITCHELL MCCONNELL, JR.",2024,206,59,block_data
118sdoc13,GPO-CDOC-118sdoc13-2.pdf,314,314,data,True,293,293,"SENATOR A. MITCHELL MCCONNELL, JR.",2024,216,58,block_data
118sdoc13,GPO-CDOC-118sdoc13-2.pdf,315,315,data,True,293,293,"SENATOR A. MITCHELL MCCONNELL, JR.",2024,212,58,block_data
118sdoc13,GPO-CDOC-118sdoc13-2.pdf,316,316,data,True,293,293,"SENATOR A. MITCHELL MCCONNELL, JR.",2024,196,59,block_data
118sdoc13,GPO-CDOC-118sdoc13-2.pdf,317,317,data,True,293,293,"SENATOR A. MITCHELL MCCONNELL, JR.",2024,216,58,block_data
118sdoc13,GPO-CDOC-118sdoc13-2.pdf,318,318,data,True,293,293,"SENATOR A. MITCHELL MCCONNELL, JR.",2024,216,58,block_data
118sdoc13,GPO-CDOC-118sdoc13-2.pdf,319,319,data,True,293,293,"SENATOR A. MITCHELL MCCONNELL, JR.",2024,167,43,block_data
118sdoc13,GPO-CDOC-118sdoc13-2.pdf,320,320,banner,True,320,320,"INTERN COMPENSATION - MCCONNELL, JR.",2024,119,48,block_start
118sdoc13,GPO-CDOC-118sdoc13-2.pdf,321,321,banner,True,321,321,SENATOR ROBERT MENENDEZ,2022,73,34,block_start
118sdoc13,GPO-CDOC-118sdoc13-2.pdf,322,322,banner,True,322,322,INTERN COMPENSATION - MENENDEZ,2022,55,28,block_start
118sdoc13,GPO-CDOC-118sdoc13-2.pdf,323,323,banner,True,323,323,SENATOR ROBERT MENENDEZ,2023,73,34,block_start
118sdoc13,GPO-CDOC-118sdoc13-2.pdf,324,324,banner,True,324,324,INTERN COMPENSATION - MENENDEZ,2023,55,28,block_start
118sdoc13,GPO-CDOC-118sdoc13-2.pdf,325,325,banner,True,325,325,SENATOR ROBERT MENENDEZ,2024,136,55,block_start
118sdoc13,GPO-CDOC-118sdoc13-2.pdf,326,326,data,True,325,325,SENATOR ROBERT MENENDEZ,2024,178,57,block_data
118sdoc13,GPO-CDOC-118sdoc13-2.pdf,327,327,data,True,325,325,SENATOR ROBERT MENENDEZ,2024,189,58,block_data
118sdoc13,GPO-CDOC-118sdoc13-2.pdf,328,328,data,True,325,325,SENATOR ROBERT MENENDEZ,2024,115,34,block_data
118sdoc13,GPO-CDOC-118sdoc13-2.pdf,329,329,banner,True,329,329,INTERN COMPENSATION - MENENDEZ,2024,55,28,block_start
118sdoc13,GPO-CDOC-118sdoc13-2.pdf,330,330,banner,True,330,330,SENATOR JEFF MERKLEY,2022,82,36,block_start
118sdoc13,GPO-CDOC-118sdoc13-2.pdf,331,331,banner,True,331,331,INTERN COMPENSATION - MERKLEY,2022,55,28,block_start
118sdoc13,GPO-CDOC-118sdoc13-2.pdf,332,332,banner,True,332,332,SENATOR JEFF MERKLEY,2023,82,36,block_start
118sdoc13,GPO-CDOC-118sdoc13-2.pdf,333,333,banner,True,333,333,INTERN COMPENSATION - MERKLEY,2023,55,28,block_start
118sdoc13,GPO-CDOC-118sdoc13-2.pdf,334,334,banner,True,334,334,SENATOR JEFF MERKLEY,2024,136,55,block_start
118sdoc13,GPO-CDOC-118sdoc13-2.pdf,335,335,data,True,334,334,SENATOR JEFF MERKLEY,2024,169,56,block_data
118sdoc13,GPO-CDOC-118sdoc13-2.pdf,336,336,data,True,334,334,SENATOR JEFF MERKLEY,2024,187,58,block_data
118sdoc13,GPO-CDOC-118sdoc13-2.pdf,337,337,data,True,334,334,SENATOR JEFF MERKLEY,2024,192,58,block_data
118sdoc13,GPO-CDOC-118sdoc13-2.pdf,338,338,data,True,334,334,SENATOR JEFF MERKLEY,2024,187,59,block_data
118sdoc13,GPO-CDOC-118sdoc13-2.pdf,339,339,data,True,334,334,SENATOR JEFF MERKLEY,2024,184,59,block_data
118sdoc13,GPO-CDOC-118sdoc13-2.pdf,340,340,data,True,334,334,SENATOR JEFF MERKLEY,2024,187,59,block_data
118sdoc13,GPO-CDOC-118sdoc13-2.pdf,341,341,data,True,334,334,SENATOR JEFF MERKLEY,2024,173,58,block_data
118sdoc13,GPO-CDOC-118sdoc13-2.pdf,342,342,data,True,334,334,SENATOR JEFF MERKLEY,2024,185,61,block_data
118sdoc13,GPO-CDOC-118sdoc13-2.pdf,343,343,data,True,334,334,SENATOR JEFF MERKLEY,2024,178,60,block_data
118sdoc13,GPO-CDOC-118sdoc13-2.pdf,344,344,data,True,334,334,SENATOR JEFF MERKLEY,2024,181,58,block_data
118sdoc13,GPO-CDOC-118sdoc13-2.pdf,345,345,data,True,334,334,SENATOR JEFF MERKLEY,2024,193,59,block_data
118sdoc13,GPO-CDOC-118sdoc13-2.pdf,346,346,data,True,334,334,SENATOR JEFF MERKLEY,2024,191,58,block_data
118sdoc13,GPO-CDOC-118sdoc13-2.pdf,347,347,data,True,334,334,SENATOR JEFF MERKLEY,2024,62,18,block_data
118sdoc13,GPO-CDOC-118sdoc13-2.pdf,348,348,banner,True,348,348,INTERN COMPENSATION - MERKLEY,2024,77,34,block_start
118sdoc13,GPO-CDOC-118sdoc13-2.pdf,349,349,banner,True,349,349,SENATOR JERRY MORAN,2022,73,34,block_start
118sdoc13,GPO-CDOC-118sdoc13-2.pdf,350,350,banner,True,350,350,INTERN COMPENSATION - MORAN,2022,55,28,block_start
118sdoc13,GPO-CDOC-118sdoc13-2.pdf,351,351,banner,True,351,351,SENATOR JERRY MORAN,2023,73,34,block_start
118sdoc13,GPO-CDOC-118sdoc13-2.pdf,352,352,banner,True,352,352,INTERN COMPENSATION - MORAN,2023,55,28,block_start
118sdoc13,GPO-CDOC-118sdoc13-2.pdf,353,353,banner,True,353,353,SENATOR JERRY MORAN,2024,136,55,block_start
118sdoc13,GPO-CDOC-118sdoc13-2.pdf,354,354,data,True,353,353,SENATOR JERRY MORAN,2024,160,56,block_data
118sdoc13,GPO-CDOC-118sdoc13-2.pdf,355,355,data,True,353,353,SENATOR JERRY MORAN,2024,182,58,block_data
118sdoc13,GPO-CDOC-118sdoc13-2.pdf,356,356,data,True,353,353,SENATOR JERRY MORAN,2024,194,57,block_data
118sdoc13,GPO-CDOC-118sdoc13-2.pdf,357,357,data,True,353,353,SENATOR JERRY MORAN,2024,165,57,block_data
118sdoc13,GPO-CDOC-118sdoc13-2.pdf,358,358,data,True,353,353,SENATOR JERRY MORAN,2024,171,59,block_data
118sdoc13,GPO-CDOC-118sdoc13-2.pdf,359,359,data,True,353,353,SENATOR JERRY MORAN,2024,200,58,block_data
118sdoc13,GPO-CDOC-118sdoc13-2.pdf,360,360,data,True,353,353,SENATOR JERRY MORAN,2024,166,59,block_data
118sdoc13,GPO-CDOC-118sdoc13-2.pdf,361,361,data,True,353,353,SENATOR JERRY MORAN,2024,193,58,block_data
118sdoc13,GPO-CDOC-118sdoc13-2.pdf,362,362,data,True,353,353,SENATOR JERRY MORAN,2024,201,58,block_data
118sdoc13,GPO-CDOC-118sdoc13-2.pdf,363,363,data,True,353,353,SENATOR JERRY MORAN,2024,177,59,block_data
118sdoc13,GPO-CDOC-118sdoc13-2.pdf,364,364,data,True,353,353,SENATOR JERRY MORAN,2024,187,58,block_data
118sdoc13,GPO-CDOC-118sdoc13-2.pdf,365,365,data,True,353,353,SENATOR JERRY MORAN,2024,176,59,block_data
118sdoc13,GPO-CDOC-118sdoc13-2.pdf,366,366,data,True,353,353,SENATOR JERRY MORAN,2024,176,58,block_data
118sdoc13,GPO-CDOC-118sdoc13-2.pdf,367,367,data,True,353,353,SENATOR JERRY MORAN,2024,178,59,block_data
118sdoc13,GPO-CDOC-118sdoc13-2.pdf,368,368,data,True,353,353,SENATOR JERRY MORAN,2024,180,58,block_data
118sdoc13,GPO-CDOC-118sdoc13-2.pdf,369,369,data,True,353,353,SENATOR JERRY MORAN,2024,192,58,block_data
118sdoc13,GPO-CDOC-118sdoc13-2.pdf,370,370,data,True,353,353,SENATOR JERRY MORAN,2024,185,58,block_data
118sdoc13,GPO-CDOC-118sdoc13-2.pdf,371,371,data,True,353,353,SENATOR JERRY MORAN,2024,183,58,block_data
118sdoc13,GPO-CDOC-118sdoc13-2.pdf,372,372,data,True,353,353,SENATOR JERRY MORAN,2024,195,58,block_data
118sdoc13,GPO-CDOC-118sdoc13-2.pdf,373,373,data,True,353,353,SENATOR JERRY MORAN,2024,171,59,block_data
118sdoc13,GPO-CDOC-118sdoc13-2.pdf,374,374,data,True,353,353,SENATOR JERRY MORAN,2024,171,61,block_data
118sdoc13,GPO-CDOC-118sdoc13-2.pdf,375,375,data,True,353,353,SENATOR JERRY MORAN,2024,185,60,block_data
118sdoc13,GPO-CDOC-118sdoc13-2.pdf,376,376,data,True,353,353,SENATOR JERRY MORAN,2024,196,58,block_data
118sdoc13,GPO-CDOC-118sdoc13-2.pdf,377,377,data,True,353,353,SENATOR JERRY MORAN,2024,195,58,block_data
118sdoc13,GPO-CDOC-118sdoc13-2.pdf,378,378,data,True,353,353,SENATOR JERRY MORAN,2024,184,43,block_data
118sdoc13,GPO-CDOC-118sdoc13-2.pdf,379,379,banner,True,379,379,INTERN COMPENSATION - MORAN,2024,86,37,block_start
118sdoc13,GPO-CDOC-118sdoc13-2.pdf,380,380,banner,True,380,380,SENATOR MARKWAYNE MULLIN,2023,102,43,block_start
118sdoc13,GPO-CDOC-118sdoc13-2.pdf,381,381,banner,True,381,381,INTERN COMPENSATION - MULLIN,2023,55,28,block_start
118sdoc13,GPO-CDOC-118sdoc13-2.pdf,382,382,banner,True,382,382,SENATOR MARKWAYNE MULLIN,2024,136,55,block_start
118sdoc13,GPO-CDOC-118sdoc13-2.pdf,383,383,data,True,382,382,SENATOR MARKWAYNE MULLIN,2024,155,58,block_data
118sdoc13,GPO-CDOC-118sdoc13-2.pdf,384,384,data,True,382,382,SENATOR MARKWAYNE MULLIN,2024,198,58,block_data
118sdoc13,GPO-CDOC-118sdoc13-2.pdf,385,385,data,True,382,382,SENATOR MARKWAYNE MULLIN,2024,155,61,block_data
118sdoc13,GPO-CDOC-118sdoc13-2.pdf,386,386,data,True,382,382,SENATOR MARKWAYNE MULLIN,2024,193,59,block_data
118sdoc13,GPO-CDOC-118sdoc13-2.pdf,387,387,data,True,382,382,SENATOR MARKWAYNE MULLIN,2024,167,58,block_data
118sdoc13,GPO-CDOC-118sdoc13-2.pdf,388,388,data,True,382,382,SENATOR MARKWAYNE MULLIN,2024,197,59,block_data
118sdoc13,GPO-CDOC-118sdoc13-2.pdf,389,389,data,True,382,382,SENATOR MARKWAYNE MULLIN,2024,179,59,block_data
118sdoc13,GPO-CDOC-118sdoc13-2.pdf,390,390,data,True,382,382,SENATOR MARKWAYNE MULLIN,2024,189,60,block_data
118sdoc13,GPO-CDOC-118sdoc13-2.pdf,391,391,data,True,382,382,SENATOR MARKWAYNE MULLIN,2024,183,59,block_data
118sdoc13,GPO-CDOC-118sdoc13-2.pdf,392,392,data,True,382,382,SENATOR MARKWAYNE MULLIN,2024,183,59,block_data
118sdoc13,GPO-CDOC-118sdoc13-2.pdf,393,393,data,True,382,382,SENATOR MARKWAYNE MULLIN,2024,196,43,block_data
118sdoc13,GPO-CDOC-118sdoc13-2.pdf,394,394,banner,True,394,394,INTERN COMPENSATION - MULLIN,2024,95,40,block_start
118sdoc13,GPO-CDOC-118sdoc13-2.pdf,395,395,banner,True,395,395,SENATOR LISA MURKOWSKI,2022,103,43,block_start
118sdoc13,GPO-CDOC-118sdoc13-2.pdf,396,396,banner,True,396,396,INTERN COMPENSATION - MURKOWSKI,2022,55,28,block_start
118sdoc13,GPO-CDOC-118sdoc13-2.pdf,397,397,banner,True,397,397,SENATOR LISA MURKOWSKI,2023,138,55,block_start
118sdoc13,GPO-CDOC-118sdoc13-2.pdf,398,398,data,True,397,397,SENATOR LISA MURKOWSKI,2023,50,21,block_data
118sdoc13,GPO-CDOC-118sdoc13-2.pdf,399,399,banner,True,399,399,INTERN COMPENSATION - MURKOWSKI,2023,55,28,block_start
118sdoc13,GPO-CDOC-118sdoc13-2.pdf,400,400,banner,True,400,400,SENATOR LISA MURKOWSKI,2024,136,55,block_start
118sdoc13,GPO-CDOC-118sdoc13-2.pdf,401,401,data,True,400,400,SENATOR LISA MURKOWSKI,2024,160,59,block_data
118sdoc13,GPO-CDOC-118sdoc13-2.pdf,402,402,data,True,400,400,SENATOR LISA MURKOWSKI,2024,178,59,block_data
118sdoc13,GPO-CDOC-118sdoc13-2.pdf,403,403,data,True,400,400,SENATOR LISA MURKOWSKI,2024,190,59,block_data
118sdoc13,GPO-CDOC-118sdoc13-2.pdf,404,404,data,True,400,400,SENATOR LISA MURKOWSKI,2024,196,58,block_data
118sdoc13,GPO-CDOC-118sdoc13-2.pdf,405,405,data,True,400,400,SENATOR LISA MURKOWSKI,2024,185,58,block_data
118sdoc13,GPO-CDOC-118sdoc13-2.pdf,406,406,data,True,400,400,SENATOR LISA MURKOWSKI,2024,191,58,block_data
118sdoc13,GPO-CDOC-118sdoc13-2.pdf,407,407,data,True,400,400,SENATOR LISA MURKOWSKI,2024,181,58,block_data
118sdoc13,GPO-CDOC-118sdoc13-2.pdf,408,408,data,True,400,400,SENATOR LISA MURKOWSKI,2024,194,59,block_data
118sdoc13,GPO-CDOC-118sdoc13-2.pdf,409,409,data,True,400,400,SENATOR LISA MURKOWSKI,2024,173,58,block_data
118sdoc13,GPO-CDOC-118sdoc13-2.pdf,410,410,data,True,400,400,SENATOR LISA MURKOWSKI,2024,202,59,block_data
118sdoc13,GPO-CDOC-118sdoc13-2.pdf,411,411,data,True,400,400,SENATOR LISA MURKOWSKI,2024,219,59,block_data
118sdoc13,GPO-CDOC-118sdoc13-2.pdf,412,412,data,True,400,400,SENATOR LISA MURKOWSKI,2024,237,58,block_data
118sdoc13,GPO-CDOC-118sdoc13-2.pdf,413,413,data,True,400,400,SENATOR LISA MURKOWSKI,2024,183,57,block_data
118sdoc13,GPO-CDOC-118sdoc13-2.pdf,414,414,data,True,400,400,SENATOR LISA MURKOWSKI,2024,222,59,block_data
118sdoc13,GPO-CDOC-118sdoc13-2.pdf,415,415,data,True,400,400,SENATOR LISA MURKOWSKI,2024,208,58,block_data
118sdoc13,GPO-CDOC-118sdoc13-2.pdf,416,416,data,True,400,400,SENATOR LISA MURKOWSKI,2024,187,58,block_data
118sdoc13,GPO-CDOC-118sdoc13-2.pdf,417,417,data,True,400,400,SENATOR LISA MURKOWSKI,2024,215,59,block_data
118sdoc13,GPO-CDOC-118sdoc13-2.pdf,418,418,data,True,400,400,SENATOR LISA MURKOWSKI,2024,208,59,block_data
118sdoc13,GPO-CDOC-118sdoc13-2.pdf,419,419,data,True,400,400,SENATOR LISA MURKOWSKI,2024,186,37,block_data
118sdoc13,GPO-CDOC-118sdoc13-2.pdf,420,420,banner,True,420,420,INTERN COMPENSATION - MURKOWSKI,2024,113,46,block_start
118sdoc13,GPO-CDOC-118sdoc13-2.pdf,421,421,banner,True,421,421,SENATOR CHRIS MURPHY,2022,73,34,block_start
118sdoc13,GPO-CDOC-118sdoc13-2.pdf,422,422,banner,True,422,422,INTERN COMPENSATION - MURPHY,2022,55,28,block_start
118sdoc13,GPO-CDOC-118sdoc13-2.pdf,423,423,banner,True,423,423,SENATOR CHRIS MURPHY,2023,126,57,block_start
118sdoc13,GPO-CDOC-118sdoc13-2.pdf,424,424,data,True,423,423,SENATOR CHRIS MURPHY,2023,18,11,block_data
118sdoc13,GPO-CDOC-118sdoc13-2.pdf,425,425,banner,True,425,425,INTERN COMPENSATION - MURPHY,2023,55,28,block_start
118sdoc13,GPO-CDOC-118sdoc13-2.pdf,426,426,banner,True,426,426,SENATOR CHRIS MURPHY,2024,134,56,block_start
118sdoc13,GPO-CDOC-118sdoc13-2.pdf,427,427,data,True,426,426,SENATOR CHRIS MURPHY,2024,159,57,block_data
118sdoc13,GPO-CDOC-118sdoc13-2.pdf,428,428,data,True,426,426,SENATOR CHRIS MURPHY,2024,206,58,block_data
118sdoc13,GPO-CDOC-118sdoc13-2.pdf,429,429,data,True,426,426,SENATOR CHRIS MURPHY,2024,193,59,block_data
118sdoc13,GPO-CDOC-118sdoc13-2.pdf,430,430,data,True,426,426,SENATOR CHRIS MURPHY,2024,211,58,block_data
118sdoc13,GPO-CDOC-118sdoc13-2.pdf,431,431,data,True,426,426,SENATOR CHRIS MURPHY,2024,192,58,block_data
118sdoc13,GPO-CDOC-118sdoc13-2.pdf,432,432,data,True,426,426,SENATOR CHRIS MURPHY,2024,196,59,block_data
118sdoc13,GPO-CDOC-118sdoc13-2.pdf,433,433,data,True,426,426,SENATOR CHRIS MURPHY,2024,197,59,block_data
118sdoc13,GPO-CDOC-118sdoc13-2.pdf,434,434,data,True,426,426,SENATOR CHRIS MURPHY,2024,205,58,block_data
118sdoc13,GPO-CDOC-118sdoc13-2.pdf,435,435,data,True,426,426,SENATOR CHRIS MURPHY,2024,181,59,block_data
118sdoc13,GPO-CDOC-118sdoc13-2.pdf,436,436,data,True,426,426,SENATOR CHRIS MURPHY,2024,193,58,block_data
118sdoc13,GPO-CDOC-118sdoc13-2.pdf,437,437,data,True,426,426,SENATOR CHRIS MURPHY,2024,193,58,block_data
118sdoc13,GPO-CDOC-118sdoc13-2.pdf,438,438,data,True,426,426,SENATOR CHRIS MURPHY,2024,204,56,block_data
118sdoc13,GPO-CDOC-118sdoc13-2.pdf,439,439,data,True,426,426,SENATOR CHRIS MURPHY,2024,184,60,block_data
118sdoc13,GPO-CDOC-118sdoc13-2.pdf,440,440,data,True,426,426,SENATOR CHRIS MURPHY,2024,204,58,block_data
118sdoc13,GPO-CDOC-118sdoc13-2.pdf,441,441,data,True,426,426,SENATOR CHRIS MURPHY,2024,194,58,block_data
118sdoc13,GPO-CDOC-118sdoc13-2.pdf,442,442,data,True,426,426,SENATOR CHRIS MURPHY,2024,205,58,block_data
118sdoc13,GPO-CDOC-118sdoc13-2.pdf,443,443,data,True,426,426,SENATOR CHRIS MURPHY,2024,208,58,block_data
118sdoc13,GPO-CDOC-118sdoc13-2.pdf,444,444,data,True,426,426,SENATOR CHRIS MURPHY,2024,194,59,block_data
118sdoc13,GPO-CDOC-118sdoc13-2.pdf,445,445,data,True,426,426,SENATOR CHRIS MURPHY,2024,175,57,block_data
118sdoc13,GPO-CDOC-118sdoc13-2.pdf,446,446,data,True,426,426,SENATOR CHRIS MURPHY,2024,199,58,block_data
118sdoc13,GPO-CDOC-118sdoc13-2.pdf,447,447,data,True,426,426,SENATOR CHRIS MURPHY,2024,139,36,block_data
118sdoc13,GPO-CDOC-118sdoc13-2.pdf,448,448,banner,True,448,448,INTERN COMPENSATION - MURPHY,2024,142,55,block_start
118sdoc13,GPO-CDOC-118sdoc13-2.pdf,449,449,data,True,448,448,INTERN COMPENSATION - MURPHY,2024,32,16,block_data
118sdoc13,GPO-CDOC-118sdoc13-2.pdf,450,450,banner,True,450,450,SENATOR PATTY MURRAY,2022,73,34,block_start
118sdoc13,GPO-CDOC-118sdoc13-2.pdf,451,451,banner,True,451,451,INTERN COMPENSATION - MURRAY,2022,55,28,block_start
118sdoc13,GPO-CDOC-118sdoc13-2.pdf,452,452,banner,True,452,452,SENATOR PATTY MURRAY,2023,73,34,block_start
118sdoc13,GPO-CDOC-118sdoc13-2.pdf,453,453,banner,True,453,453,INTERN COMPENSATION - MURRAY,2023,55,28,block_start
118sdoc13,GPO-CDOC-118sdoc13-2.pdf,454,454,banner,True,454,454,SENATOR PATTY MURRAY,2024,136,55,block_start
118sdoc13,GPO-CDOC-118sdoc13-2.pdf,455,455,data,True,454,454,SENATOR PATTY MURRAY,2024,157,57,block_data
118sdoc13,GPO-CDOC-118sdoc13-2.pdf,456,456,data,True,454,454,SENATOR PATTY MURRAY,2024,181,58,block_data
118sdoc13,GPO-CDOC-118sdoc13-2.pdf,457,457,data,True,454,454,SENATOR PATTY MURRAY,2024,197,58,block_data
118sdoc13,GPO-CDOC-118sdoc13-2.pdf,458,458,data,True,454,454,SENATOR PATTY MURRAY,2024,178,58,block_data
118sdoc13,GPO-CDOC-118sdoc13-2.pdf,459,459,data,True,454,454,SENATOR PATTY MURRAY,2024,187,58,block_data
118sdoc13,GPO-CDOC-118sdoc13-2.pdf,460,460,data,True,454,454,SENATOR PATTY MURRAY,2024,188,58,block_data
118sdoc13,GPO-CDOC-118sdoc13-2.pdf,461,461,data,True,454,454,SENATOR PATTY MURRAY,2024,173,58,block_data
118sdoc13,GPO-CDOC-118sdoc13-2.pdf,462,462,data,True,454,454,SENATOR PATTY MURRAY,2024,192,58,block_data
118sdoc13,GPO-CDOC-118sdoc13-2.pdf,463,463,data,True,454,454,SENATOR PATTY MURRAY,2024,187,58,block_data
118sdoc13,GPO-CDOC-118sdoc13-2.pdf,464,464,data,True,454,454,SENATOR PATTY MURRAY,2024,192,58,block_data
118sdoc13,GPO-CDOC-118sdoc13-2.pdf,465,465,data,True,454,454,SENATOR PATTY MURRAY,2024,197,57,block_data
118sdoc13,GPO-CDOC-118sdoc13-2.pdf,466,466,data,True,454,454,SENATOR PATTY MURRAY,2024,195,58,block_data
118sdoc13,GPO-CDOC-118sdoc13-2.pdf,467,467,data,True,454,454,SENATOR PATTY MURRAY,2024,185,58,block_data
118sdoc13,GPO-CDOC-118sdoc13-2.pdf,468,468,data,True,454,454,SENATOR PATTY MURRAY,2024,177,59,block_data
118sdoc13,GPO-CDOC-118sdoc13-2.pdf,469,469,data,True,454,454,SENATOR PATTY MURRAY,2024,181,59,block_data
118sdoc13,GPO-CDOC-118sdoc13-2.pdf,470,470,data,True,454,454,SENATOR PATTY MURRAY,2024,194,59,block_data
118sdoc13,GPO-CDOC-118sdoc13-2.pdf,471,471,data,True,454,454,SENATOR PATTY MURRAY,2024,192,48,block_data
118sdoc13,GPO-CDOC-118sdoc13-2.pdf,472,472,banner,True,472,472,INTERN COMPENSATION - MURRAY,2024,68,32,block_start
118sdoc13,GPO-CDOC-118sdoc13-2.pdf,473,473,banner,True,473,473,SENATOR JON OSSOFF,2022,73,34,block_start
118sdoc13,GPO-CDOC-118sdoc13-2.pdf,474,474,banner,True,474,474,INTERN COMPENSATION - OSSOFF,2022,55,28,block_start
118sdoc13,GPO-CDOC-118sdoc13-2.pdf,475,475,banner,True,475,475,SENATOR JON OSSOFF,2023,110,43,block_start
118sdoc13,GPO-CDOC-118sdoc13-2.pdf,476,476,banner,True,476,476,INTERN COMPENSATION - OSSOFF,2023,55,28,block_start
118sdoc13,GPO-CDOC-118sdoc13-2.pdf,477,477,banner,True,477,477,SENATOR JON OSSOFF,2024,134,56,block_start
118sdoc13,GPO-CDOC-118sdoc13-2.pdf,478,478,data,True,477,477,SENATOR JON OSSOFF,2024,161,57,block_data
118sdoc13,GPO-CDOC-118sdoc13-2.pdf,479,479,data,True,477,477,SENATOR JON OSSOFF,2024,175,57,block_data
118sdoc13,GPO-CDOC-118sdoc13-2.pdf,480,480,data,True,477,477,SENATOR JON OSSOFF,2024,204,58,block_data
118sdoc13,GPO-CDOC-118sdoc13-2.pdf,481,481,data,True,477,477,SENATOR JON OSSOFF,2024,197,58,block_data
118sdoc13,GPO-CDOC-118sdoc13-2.pdf,482,482,data,True,477,477,SENATOR JON OSSOFF,2024,211,58,block_data
118sdoc13,GPO-CDOC-118sdoc13-2.pdf,483,483,data,True,477,477,SENATOR JON OSSOFF,2024,233,58,block_data
118sdoc13,GPO-CDOC-118sdoc13-2.pdf,484,484,data,True,477,477,SENATOR JON OSSOFF,2024,195,58,block_data
118sdoc13,GPO-CDOC-118sdoc13-2.pdf,485,485,data,True,477,477,SENATOR JON OSSOFF,2024,209,58,block_data
118sdoc13,GPO-CDOC-118sdoc13-2.pdf,486,486,data,True,477,477,SENATOR JON OSSOFF,2024,187,58,block_data
118sdoc13,GPO-CDOC-118sdoc13-2.pdf,487,487,data,True,477,477,SENATOR JON OSSOFF,2024,191,58,block_data
118sdoc13,GPO-CDOC-118sdoc13-2.pdf,488,488,data,True,477,477,SENATOR JON OSSOFF,2024,201,59,block_data
118sdoc13,GPO-CDOC-118sdoc13-2.pdf,489,489,data,True,477,477,SENATOR JON OSSOFF,2024,199,58,block_data
118sdoc13,GPO-CDOC-118sdoc13-2.pdf,490,490,data,True,477,477,SENATOR JON OSSOFF,2024,199,58,block_data
118sdoc13,GPO-CDOC-118sdoc13-2.pdf,491,491,data,True,477,477,SENATOR JON OSSOFF,2024,182,58,block_data
118sdoc13,GPO-CDOC-118sdoc13-2.pdf,492,492,data,True,477,477,SENATOR JON OSSOFF,2024,200,58,block_data
118sdoc13,GPO-CDOC-118sdoc13-2.pdf,493,493,data,True,477,477,SENATOR JON OSSOFF,2024,193,58,block_data
118sdoc13,GPO-CDOC-118sdoc13-2.pdf,494,494,data,True,477,477,SENATOR JON OSSOFF,2024,192,58,block_data
118sdoc13,GPO-CDOC-118sdoc13-2.pdf,495,495,data,True,477,477,SENATOR JON OSSOFF,2024,184,58,block_data
118sdoc13,GPO-CDOC-118sdoc13-2.pdf,496,496,data,True,477,477,SENATOR JON OSSOFF,2024,194,58,block_data
118sdoc13,GPO-CDOC-118sdoc13-2.pdf,497,497,data,True,477,477,SENATOR JON OSSOFF,2024,183,58,block_data
118sdoc13,GPO-CDOC-118sdoc13-2.pdf,498,498,data,True,477,477,SENATOR JON OSSOFF,2024,189,57,block_data
118sdoc13,GPO-CDOC-118sdoc13-2.pdf,499,499,data,True,477,477,SENATOR JON OSSOFF,2024,170,58,block_data
118sdoc13,GPO-CDOC-118sdoc13-2.pdf,500,500,data,True,477,477,SENATOR JON OSSOFF,2024,187,58,block_data
118sdoc13,GPO-CDOC-118sdoc13-2.pdf,501,501,data,True,477,477,SENATOR JON OSSOFF,2024,206,58,block_data
118sdoc13,GPO-CDOC-118sdoc13-2.pdf,502,502,data,True,477,477,SENATOR JON OSSOFF,2024,191,59,block_data
118sdoc13,GPO-CDOC-118sdoc13-2.pdf,503,503,data,True,477,477,SENATOR JON OSSOFF,2024,120,31,block_data
118sdoc13,GPO-CDOC-118sdoc13-2.pdf,504,504,banner,True,504,504,INTERN COMPENSATION - OSSOFF,2024,116,47,block_start
118sdoc13,GPO-CDOC-118sdoc13-2.pdf,505,505,banner,True,505,505,SENATOR ALEX PADILLA,2022,73,34,block_start
118sdoc13,GPO-CDOC-118sdoc13-2.pdf,506,506,banner,True,506,506,INTERN COMPENSATION - PADILLA,2022,55,28,block_start
118sdoc13,GPO-CDOC-118sdoc13-2.pdf,507,507,banner,True,507,507,SENATOR ALEX PADILLA,2023,70,30,block_start
118sdoc13,GPO-CDOC-118sdoc13-2.pdf,508,508,banner,True,508,508,INTERN COMPENSATION - PADILLA,2023,55,28,block_start
118sdoc13,GPO-CDOC-118sdoc13-2.pdf,509,509,banner,True,509,509,SENATOR ALEX PADILLA,2024,136,52,block_start
118sdoc13,GPO-CDOC-118sdoc13-2.pdf,510,510,data,True,509,509,SENATOR ALEX PADILLA,2024,166,58,block_data
118sdoc13,GPO-CDOC-118sdoc13-2.pdf,511,511,data,True,509,509,SENATOR ALEX PADILLA,2024,161,57,block_data
118sdoc13,GPO-CDOC-118sdoc13-2.pdf,512,512,data,True,509,509,SENATOR ALEX PADILLA,2024,204,58,block_data
118sdoc13,GPO-CDOC-118sdoc13-2.pdf,513,513,data,True,509,509,SENATOR ALEX PADILLA,2024,213,58,block_data
118sdoc13,GPO-CDOC-118sdoc13-2.pdf,514,514,data,True,509,509,SENATOR ALEX PADILLA,2024,210,58,block_data
118sdoc13,GPO-CDOC-118sdoc13-2.pdf,515,515,data,True,509,509,SENATOR ALEX PADILLA,2024,211,58,block_data
118sdoc13,GPO-CDOC-118sdoc13-2.pdf,516,516,data,True,509,509,SENATOR ALEX PADILLA,2024,188,58,block_data
118sdoc13,GPO-CDOC-118sdoc13-2.pdf,517,517,data,True,509,509,SENATOR ALEX PADILLA,2024,191,57,block_data
118sdoc13,GPO-CDOC-118sdoc13-2.pdf,518,518,data,True,509,509,SENATOR ALEX PADILLA,2024,207,58,block_data
118sdoc13,GPO-CDOC-118sdoc13-2.pdf,519,519,data,True,509,509,SENATOR ALEX PADILLA,2024,204,58,block_data
118sdoc13,GPO-CDOC-118sdoc13-2.pdf,520,520,data,True,509,509,SENATOR ALEX PADILLA,2024,187,59,block_data
118sdoc13,GPO-CDOC-118sdoc13-2.pdf,521,521,data,True,509,509,SENATOR ALEX PADILLA,2024,200,58,block_data
118sdoc13,GPO-CDOC-118sdoc13-2.pdf,522,522,data,True,509,509,SENATOR ALEX PADILLA,2024,216,58,block_data
118sdoc13,GPO-CDOC-118sdoc13-2.pdf,523,523,data,True,509,509,SENATOR ALEX PADILLA,2024,195,60,block_data
118sdoc13,GPO-CDOC-118sdoc13-2.pdf,524,524,data,True,509,509,SENATOR ALEX PADILLA,2024,211,58,block_data
118sdoc13,GPO-CDOC-118sdoc13-2.pdf,525,525,data,True,509,509,SENATOR ALEX PADILLA,2024,109,28,block_data
118sdoc13,GPO-CDOC-118sdoc13-2.pdf,526,526,banner,True,526,526,INTERN COMPENSATION - PADILLA,2024,101,42,block_start
118sdoc13,GPO-CDOC-118sdoc13-2.pdf,527,527,banner,True,527,527,SENATOR RAND PAUL,2022,73,34,block_start
118sdoc13,GPO-CDOC-118sdoc13-2.pdf,528,528,banner,True,528,528,INTERN COMPENSATION - PAUL,2022,55,28,block_start
118sdoc13,GPO-CDOC-118sdoc13-2.pdf,529,529,banner,True,529,529,SENATOR RAND PAUL,2023,85,36,block_start
118sdoc13,GPO-CDOC-118sdoc13-2.pdf,530,530,banner,True,530,530,INTERN COMPENSATION - PAUL,2023,55,28,block_start
118sdoc13,GPO-CDOC-118sdoc13-2.pdf,531,531,banner,True,531,531,SENATOR RAND PAUL,2024,136,54,block_start
118sdoc13,GPO-CDOC-118sdoc13-2.pdf,532,532,data,True,531,531,SENATOR RAND PAUL,2024,170,57,block_data
118sdoc13,GPO-CDOC-118sdoc13-2.pdf,533,533,data,True,531,531,SENATOR RAND PAUL,2024,189,58,block_data
118sdoc13,GPO-CDOC-118sdoc13-2.pdf,534,534,data,True,531,531,SENATOR RAND PAUL,2024,206,58,block_data
118sdoc13,GPO-CDOC-118sdoc13-2.pdf,535,535,data,True,531,531,SENATOR RAND PAUL,2024,204,58,block_data
118sdoc13,GPO-CDOC-118sdoc13-2.pdf,536,536,data,True,531,531,SENATOR RAND PAUL,2024,207,58,block_data
118sdoc13,GPO-CDOC-118sdoc13-2.pdf,537,537,data,True,531,531,SENATOR RAND PAUL,2024,207,58,block_data
118sdoc13,GPO-CDOC-118sdoc13-2.pdf,538,538,data,True,531,531,SENATOR RAND PAUL,2024,182,59,block_data
118sdoc13,GPO-CDOC-118sdoc13-2.pdf,539,539,data,True,531,531,SENATOR RAND PAUL,2024,193,58,block_data
118sdoc13,GPO-CDOC-118sdoc13-2.pdf,540,540,data,True,531,531,SENATOR RAND PAUL,2024,192,59,block_data
118sdoc13,GPO-CDOC-118sdoc13-2.pdf,541,541,data,True,531,531,SENATOR RAND PAUL,2024,207,58,block_data
118sdoc13,GPO-CDOC-118sdoc13-2.pdf,542,542,data,True,531,531,SENATOR RAND PAUL,2024,181,59,block_data
118sdoc13,GPO-CDOC-118sdoc13-2.pdf,543,543,data,True,531,531,SENATOR RAND PAUL,2024,198,58,block_data
118sdoc13,GPO-CDOC-118sdoc13-2.pdf,544,544,data,True,531,531,SENATOR RAND PAUL,2024,192,58,block_data
118sdoc13,GPO-CDOC-118sdoc13-2.pdf,545,545,data,True,531,531,SENATOR RAND PAUL,2024,198,58,block_data
118sdoc13,GPO-CDOC-118sdoc13-2.pdf,546,546,data,True,531,531,SENATOR RAND PAUL,2024,204,58,block_data
118sdoc13,GPO-CDOC-118sdoc13-2.pdf,547,547,data,True,531,531,SENATOR RAND PAUL,2024,192,58,block_data
118sdoc13,GPO-CDOC-118sdoc13-2.pdf,548,548,data,True,531,531,SENATOR RAND PAUL,2024,192,59,block_data
118sdoc13,GPO-CDOC-118sdoc13-2.pdf,549,549,data,True,531,531,SENATOR RAND PAUL,2024,187,58,block_data
118sdoc13,GPO-CDOC-118sdoc13-2.pdf,550,550,data,True,531,531,SENATOR RAND PAUL,2024,199,59,block_data
118sdoc13,GPO-CDOC-118sdoc13-2.pdf,551,551,data,True,531,531,SENATOR RAND PAUL,2024,166,58,block_data
118sdoc13,GPO-CDOC-118sdoc13-2.pdf,552,552,data,True,531,531,SENATOR RAND PAUL,2024,192,59,block_data
118sdoc13,GPO-CDOC-118sdoc13-2.pdf,553,553,data,True,531,531,SENATOR RAND PAUL,2024,207,58,block_data
118sdoc13,GPO-CDOC-118sdoc13-2.pdf,554,554,data,True,531,531,SENATOR RAND PAUL,2024,186,58,block_data
118sdoc13,GPO-CDOC-118sdoc13-2.pdf,555,555,data,True,531,531,SENATOR RAND PAUL,2024,197,58,block_data
118sdoc13,GPO-CDOC-118sdoc13-2.pdf,556,556,data,True,531,531,SENATOR RAND PAUL,2024,191,58,block_data
118sdoc13,GPO-CDOC-118sdoc13-2.pdf,557,557,data,True,531,531,SENATOR RAND PAUL,2024,200,58,block_data
118sdoc13,GPO-CDOC-118sdoc13-2.pdf,558,558,data,True,531,531,SENATOR RAND PAUL,2024,186,58,block_data
118sdoc13,GPO-CDOC-118sdoc13-2.pdf,559,559,data,True,531,531,SENATOR RAND PAUL,2024,191,58,block_data
118sdoc13,GPO-CDOC-118sdoc13-2.pdf,560,560,data,True,531,531,SENATOR RAND PAUL,2024,203,59,block_data
118sdoc13,GPO-CDOC-118sdoc13-2.pdf,561,561,data,True,531,531,SENATOR RAND PAUL,2024,238,58,block_data
118sdoc13,GPO-CDOC-118sdoc13-2.pdf,562,562,data,True,531,531,SENATOR RAND PAUL,2024,67,18,block_data
118sdoc13,GPO-CDOC-118sdoc13-2.pdf,563,563,banner,True,563,563,INTERN COMPENSATION - PAUL,2024,89,38,block_start
118sdoc13,GPO-CDOC-118sdoc13-2.pdf,564,564,banner,True,564,564,SENATOR GARY PETERS,2022,83,37,block_start
118sdoc13,GPO-CDOC-118sdoc13-2.pdf,565,565,banner,True,565,565,INTERN COMPENSATION - PETERS,2022,55,28,block_start
118sdoc13,GPO-CDOC-118sdoc13-2.pdf,566,566,banner,True,566,566,SENATOR GARY PETERS,2023,99,41,block_start
118sdoc13,GPO-CDOC-118sdoc13-2.pdf,567,567,banner,True,567,567,INTERN COMPENSATION - PETERS,2023,55,28,block_start
118sdoc13,GPO-CDOC-118sdoc13-2.pdf,568,568,banner,True,568,568,SENATOR GARY PETERS,2024,134,53,block_start
118sdoc13,GPO-CDOC-118sdoc13-2.pdf,569,569,data,True,568,568,SENATOR GARY PETERS,2024,161,56,block_data
118sdoc13,GPO-CDOC-118sdoc13-2.pdf,570,570,data,True,568,568,SENATOR GARY PETERS,2024,184,59,block_data
118sdoc13,GPO-CDOC-118sdoc13-2.pdf,571,571,data,True,568,568,SENATOR GARY PETERS,2024,200,58,block_data
118sdoc13,GPO-CDOC-118sdoc13-2.pdf,572,572,data,True,568,568,SENATOR GARY PETERS,2024,202,59,block_data
118sdoc13,GPO-CDOC-118sdoc13-2.pdf,573,573,data,True,568,568,SENATOR GARY PETERS,2024,195,58,block_data
118sdoc13,GPO-CDOC-118sdoc13-2.pdf,574,574,data,True,568,568,SENATOR GARY PETERS,2024,203,58,block_data
118sdoc13,GPO-CDOC-118sdoc13-2.pdf,575,575,data,True,568,568,SENATOR GARY PETERS,2024,192,56,block_data
118sdoc13,GPO-CDOC-118sdoc13-2.pdf,576,576,data,True,568,568,SENATOR GARY PETERS,2024,194,59,block_data
118sdoc13,GPO-CDOC-118sdoc13-2.pdf,577,577,data,True,568,568,SENATOR GARY PETERS,2024,208,58,block_data
118sdoc13,GPO-CDOC-118sdoc13-2.pdf,578,578,data,True,568,568,SENATOR GARY PETERS,2024,180,57,block_data
118sdoc13,GPO-CDOC-118sdoc13-2.pdf,579,579,data,True,568,568,SENATOR GARY PETERS,2024,181,58,block_data
118sdoc13,GPO-CDOC-118sdoc13-2.pdf,580,580,data,True,568,568,SENATOR GARY PETERS,2024,189,58,block_data
118sdoc13,GPO-CDOC-118sdoc13-2.pdf,581,581,data,True,568,568,SENATOR GARY PETERS,2024,191,58,block_data
118sdoc13,GPO-CDOC-118sdoc13-2.pdf,582,582,data,True,568,568,SENATOR GARY PETERS,2024,195,59,block_data
118sdoc13,GPO-CDOC-118sdoc13-2.pdf,583,583,data,True,568,568,SENATOR GARY PETERS,2024,166,59,block_data
118sdoc13,GPO-CDOC-118sdoc13-2.pdf,584,584,data,True,568,568,SENATOR GARY PETERS,2024,173,47,block_data
118sdoc13,GPO-CDOC-118sdoc13-2.pdf,585,585,banner,True,585,585,INTERN COMPENSATION - PETERS,2024,95,40,block_start
118sdoc13,GPO-CDOC-118sdoc13-2.pdf,586,586,banner,True,586,586,SENATOR ROB PORTMAN,2022,70,30,block_start
118sdoc13,GPO-CDOC-118sdoc13-2.pdf,587,587,banner,True,587,587,INTERN COMPENSATION - PORTMAN,2022,55,28,block_start
118sdoc13,GPO-CDOC-118sdoc13-2.pdf,588,588,banner,True,588,588,SENATOR ROB PORTMAN,2023,73,34,block_start
118sdoc13,GPO-CDOC-118sdoc13-2.pdf,589,589,banner,True,589,589,INTERN COMPENSATION - PORTMAN,2023,52,27,block_start
118sdoc13,GPO-CDOC-118sdoc13-2.pdf,590,590,banner,True,590,590,SENATOR JOHN F. REED,2022,73,34,block_start
118sdoc13,GPO-CDOC-118sdoc13-2.pdf,591,591,banner,True,591,591,INTERN COMPENSATION - REED,2022,55,28,block_start
118sdoc13,GPO-CDOC-118sdoc13-2.pdf,592,592,banner,True,592,592,SENATOR JOHN F. REED,2023,100,41,block_start
118sdoc13,GPO-CDOC-118sdoc13-2.pdf,593,593,banner,True,593,593,INTERN COMPENSATION - REED,2023,55,28,block_start
118sdoc13,GPO-CDOC-118sdoc13-2.pdf,594,594,banner,True,594,594,SENATOR JOHN F. REED,2024,136,55,block_start
118sdoc13,GPO-CDOC-118sdoc13-2.pdf,595,595,data,True,594,594,SENATOR JOHN F. REED,2024,185,56,block_data
118sdoc13,GPO-CDOC-118sdoc13-2.pdf,596,596,data,True,594,594,SENATOR JOHN F. REED,2024,201,59,block_data
118sdoc13,GPO-CDOC-118sdoc13-2.pdf,597,597,data,True,594,594,SENATOR JOHN F. REED,2024,210,58,block_data
118sdoc13,GPO-CDOC-118sdoc13-2.pdf,598,598,data,True,594,594,SENATOR JOHN F. REED,2024,222,55,block_data
118sdoc13,GPO-CDOC-118sdoc13-2.pdf,599,599,banner,True,599,599,INTERN COMPENSATION - REED,2024,138,54,block_start
118sdoc13,GPO-CDOC-118sdoc13-2.pdf,600,600,data,True,599,599,INTERN COMPENSATION - REED,2024,18,11,block_data
118sdoc13,GPO-CDOC-118sdoc13-2.pdf,601,601,banner,True,601,601,SENATOR JOHN PETER RICKETTS,2023,89,37,block_start
118sdoc13,GPO-CDOC-118sdoc13-2.pdf,602,602,banner,True,602,602,INTERN COMPENSATION - RICKETTS,2023,55,28,block_start
118sdoc13,GPO-CDOC-118sdoc13-2.pdf,603,603,banner,True,603,603,SENATOR JOHN PETER RICKETTS,2024,136,55,block_start
118sdoc13,GPO-CDOC-118sdoc13-2.pdf,604,604,data,True,603,603,SENATOR JOHN PETER RICKETTS,2024,164,58,block_data
118sdoc13,GPO-CDOC-118sdoc13-2.pdf,605,605,data,True,603,603,SENATOR JOHN PETER RICKETTS,2024,201,58,block_data
118sdoc13,GPO-CDOC-118sdoc13-2.pdf,606,606,data,True,603,603,SENATOR JOHN PETER RICKETTS,2024,211,58,block_data
118sdoc13,GPO-CDOC-118sdoc13-2.pdf,607,607,data,True,603,603,SENATOR JOHN PETER RICKETTS,2024,200,58,block_data
118sdoc13,GPO-CDOC-118sdoc13-2.pdf,608,608,data,True,603,603,SENATOR JOHN PETER RICKETTS,2024,193,58,block_data
118sdoc13,GPO-CDOC-118sdoc13-2.pdf,609,609,data,True,603,603,SENATOR JOHN PETER RICKETTS,2024,193,57,block_data
118sdoc13,GPO-CDOC-118sdoc13-2.pdf,610,610,data,True,603,603,SENATOR JOHN PETER RICKETTS,2024,179,58,block_data
118sdoc13,GPO-CDOC-118sdoc13-2.pdf,611,611,data,True,603,603,SENATOR JOHN PETER RICKETTS,2024,204,58,block_data
118sdoc13,GPO-CDOC-118sdoc13-2.pdf,612,612,data,True,603,603,SENATOR JOHN PETER RICKETTS,2024,184,59,block_data
118sdoc13,GPO-CDOC-118sdoc13-2.pdf,613,613,data,True,603,603,SENATOR JOHN PETER RICKETTS,2024,188,58,block_data
118sdoc13,GPO-CDOC-118sdoc13-2.pdf,614,614,data,True,603,603,SENATOR JOHN PETER RICKETTS,2024,182,58,block_data
118sdoc13,GPO-CDOC-118sdoc13-2.pdf,615,615,data,True,603,603,SENATOR JOHN PETER RICKETTS,2024,176,60,block_data
118sdoc13,GPO-CDOC-118sdoc13-2.pdf,616,616,data,True,603,603,SENATOR JOHN PETER RICKETTS,2024,192,58,block_data
118sdoc13,GPO-CDOC-118sdoc13-2.pdf,617,617,data,True,603,603,SENATOR JOHN PETER RICKETTS,2024,193,58,block_data
118sdoc13,GPO-CDOC-118sdoc13-2.pdf,618,618,data,True,603,603,SENATOR JOHN PETER RICKETTS,2024,183,59,block_data
118sdoc13,GPO-CDOC-118sdoc13-2.pdf,619,619,data,True,603,603,SENATOR JOHN PETER RICKETTS,2024,279,57,block_data
118sdoc13,GPO-CDOC-118sdoc13-2.pdf,620,620,data,True,603,603,SENATOR JOHN PETER RICKETTS,2024,27,13,block_data
118sdoc13,GPO-CDOC-118sdoc13-2.pdf,621,621,banner,True,621,621,INTERN COMPENSATION - RICKETTS,2024,110,45,block_start
118sdoc13,GPO-CDOC-118sdoc13-2.pdf,622,622,banner,True,622,622,SENATOR JAMES E. RISCH,2022,73,34,block_start
118sdoc13,GPO-CDOC-118sdoc13-2.pdf,623,623,banner,True,623,623,INTERN COMPENSATION - RISCH,2022,55,28,block_start
118sdoc13,GPO-CDOC-118sdoc13-2.pdf,624,624,banner,True,624,624,SENATOR JAMES E. RISCH,2023,73,34,block_start
118sdoc13,GPO-CDOC-118sdoc13-2.pdf,625,625,banner,True,625,625,INTERN COMPENSATION - RISCH,2023,55,28,block_start
118sdoc13,GPO-CDOC-118sdoc13-2.pdf,626,626,banner,True,626,626,SENATOR JAMES E. RISCH,2024,136,52,block_start
118sdoc13,GPO-CDOC-118sdoc13-2.pdf,627,627,data,True,626,626,SENATOR JAMES E. RISCH,2024,161,57,block_data
118sdoc13,GPO-CDOC-118sdoc13-2.pdf,628,628,data,True,626,626,SENATOR JAMES E. RISCH,2024,171,59,block_data
118sdoc13,GPO-CDOC-118sdoc13-2.pdf,629,629,data,True,626,626,SENATOR JAMES E. RISCH,2024,177,58,block_data
118sdoc13,GPO-CDOC-118sdoc13-2.pdf,630,630,data,True,626,626,SENATOR JAMES E. RISCH,2024,170,58,block_data
118sdoc13,GPO-CDOC-118sdoc13-2.pdf,631,631,data,True,626,626,SENATOR JAMES E. RISCH,2024,176,58,block_data
118sdoc13,GPO-CDOC-118sdoc13-2.pdf,632,632,data,True,626,626,SENATOR JAMES E. RISCH,2024,183,58,block_data
118sdoc13,GPO-CDOC-118sdoc13-2.pdf,633,633,data,True,626,626,SENATOR JAMES E. RISCH,2024,183,59,block_data
118sdoc13,GPO-CDOC-118sdoc13-2.pdf,634,634,data,True,626,626,SENATOR JAMES E. RISCH,2024,187,58,block_data
118sdoc13,GPO-CDOC-118sdoc13-2.pdf,635,635,data,True,626,626,SENATOR JAMES E. RISCH,2024,183,58,block_data
118sdoc13,GPO-CDOC-118sdoc13-2.pdf,636,636,data,True,626,626,SENATOR JAMES E. RISCH,2024,165,58,block_data
118sdoc13,GPO-CDOC-118sdoc13-2.pdf,637,637,data,True,626,626,SENATOR JAMES E. RISCH,2024,172,58,block_data
118sdoc13,GPO-CDOC-118sdoc13-2.pdf,638,638,data,True,626,626,SENATOR JAMES E. RISCH,2024,172,60,block_data
118sdoc13,GPO-CDOC-118sdoc13-2.pdf,639,639,data,True,626,626,SENATOR JAMES E. RISCH,2024,175,59,block_data
118sdoc13,GPO-CDOC-118sdoc13-2.pdf,640,640,data,True,626,626,SENATOR JAMES E. RISCH,2024,32,13,block_data
118sdoc13,GPO-CDOC-118sdoc13-2.pdf,641,641,banner,True,641,641,INTERN COMPENSATION - RISCH,2024,92,39,block_start
118sdoc13,GPO-CDOC-118sdoc13-2.pdf,642,642,banner,True,642,642,SENATOR MITT ROMNEY,2022,73,34,block_start
118sdoc13,GPO-CDOC-118sdoc13-2.pdf,643,643,banner,True,643,643,INTERN COMPENSATION - ROMNEY,2022,55,28,block_start
118sdoc13,GPO-CDOC-118sdoc13-2.pdf,644,644,banner,True,644,644,SENATOR MITT ROMNEY,2023,73,34,block_start
118sdoc13,GPO-CDOC-118sdoc13-2.pdf,645,645,banner,True,645,645,INTERN COMPENSATION - ROMNEY,2023,55,28,block_start
118sdoc13,GPO-CDOC-118sdoc13-2.pdf,646,646,banner,True,646,646,SENATOR MITT ROMNEY,2024,134,56,block_start
118sdoc13,GPO-CDOC-118sdoc13-2.pdf,647,647,data,True,646,646,SENATOR MITT ROMNEY,2024,161,56,block_data
118sdoc13,GPO-CDOC-118sdoc13-2.pdf,648,648,data,True,646,646,SENATOR MITT ROMNEY,2024,188,58,block_data
118sdoc13,GPO-CDOC-118sdoc13-2.pdf,649,649,data,True,646,646,SENATOR MITT ROMNEY,2024,191,58,block_data
118sdoc13,GPO-CDOC-118sdoc13-2.pdf,650,650,data,True,646,646,SENATOR MITT ROMNEY,2024,191,58,block_data
118sdoc13,GPO-CDOC-118sdoc13-2.pdf,651,651,data,True,646,646,SENATOR MITT ROMNEY,2024,185,58,block_data
118sdoc13,GPO-CDOC-118sdoc13-2.pdf,652,652,data,True,646,646,SENATOR MITT ROMNEY,2024,195,58,block_data
118sdoc13,GPO-CDOC-118sdoc13-2.pdf,653,653,data,True,646,646,SENATOR MITT ROMNEY,2024,196,58,block_data
118sdoc13,GPO-CDOC-118sdoc13-2.pdf,654,654,data,True,646,646,SENATOR MITT ROMNEY,2024,184,58,block_data
118sdoc13,GPO-CDOC-118sdoc13-2.pdf,655,655,data,True,646,646,SENATOR MITT ROMNEY,2024,183,58,block_data
118sdoc13,GPO-CDOC-118sdoc13-2.pdf,656,656,data,True,646,646,SENATOR MITT ROMNEY,2024,166,58,block_data
118sdoc13,GPO-CDOC-118sdoc13-2.pdf,657,657,data,True,646,646,SENATOR MITT ROMNEY,2024,181,58,block_data
118sdoc13,GPO-CDOC-118sdoc13-2.pdf,658,658,data,True,646,646,SENATOR MITT ROMNEY,2024,183,58,block_data
118sdoc13,GPO-CDOC-118sdoc13-2.pdf,659,659,data,True,646,646,SENATOR MITT ROMNEY,2024,183,47,block_data
118sdoc13,GPO-CDOC-118sdoc13-2.pdf,660,660,banner,True,660,660,INTERN COMPENSATION - ROMNEY,2024,98,41,block_start
118sdoc13,GPO-CDOC-118sdoc13-2.pdf,661,661,banner,True,661,661,SENATOR JACKY ROSEN,2022,73,34,block_start
118sdoc13,GPO-CDOC-118sdoc13-2.pdf,662,662,banner,True,662,662,INTERN COMPENSATION - ROSEN,2022,55,28,block_start
118sdoc13,GPO-CDOC-118sdoc13-2.pdf,663,663,banner,True,663,663,SENATOR JACKY ROSEN,2023,82,36,block_start
118sdoc13,GPO-CDOC-118sdoc13-2.pdf,664,664,banner,True,664,664,INTERN COMPENSATION - ROSEN,2023,55,28,block_start
118sdoc13,GPO-CDOC-118sdoc13-2.pdf,665,665,banner,True,665,665,SENATOR JACKY ROSEN,2024,136,52,block_start
118sdoc13,GPO-CDOC-118sdoc13-2.pdf,666,666,data,True,665,665,SENATOR JACKY ROSEN,2024,159,56,block_data
118sdoc13,GPO-CDOC-118sdoc13-2.pdf,667,667,data,True,665,665,SENATOR JACKY ROSEN,2024,191,59,block_data
118sdoc13,GPO-CDOC-118sdoc13-2.pdf,668,668,data,True,665,665,SENATOR JACKY ROSEN,2024,201,58,block_data
118sdoc13,GPO-CDOC-118sdoc13-2.pdf,669,669,data,True,665,665,SENATOR JACKY ROSEN,2024,211,58,block_data
118sdoc13,GPO-CDOC-118sdoc13-2.pdf,670,670,data,True,665,665,SENATOR JACKY ROSEN,2024,194,58,block_data
118sdoc13,GPO-CDOC-118sdoc13-2.pdf,671,671,data,True,665,665,SENATOR JACKY ROSEN,2024,208,58,block_data
118sdoc13,GPO-CDOC-118sdoc13-2.pdf,672,672,data,True,665,665,SENATOR JACKY ROSEN,2024,189,58,block_data
118sdoc13,GPO-CDOC-118sdoc13-2.pdf,673,673,data,True,665,665,SENATOR JACKY ROSEN,2024,207,59,block_data
118sdoc13,GPO-CDOC-118sdoc13-2.pdf,674,674,data,True,665,665,SENATOR JACKY ROSEN,2024,181,59,block_data
118sdoc13,GPO-CDOC-118sdoc13-2.pdf,675,675,data,True,665,665,SENATOR JACKY ROSEN,2024,188,58,block_data
118sdoc13,GPO-CDOC-118sdoc13-2.pdf,676,676,data,True,665,665,SENATOR JACKY ROSEN,2024,85,22,block_data
118sdoc13,GPO-CDOC-118sdoc13-2.pdf,677,677,banner,True,677,677,INTERN COMPENSATION - ROSEN,2024,80,35,block_start
118sdoc13,GPO-CDOC-118sdoc13-2.pdf,678,678,banner,True,678,678,SENATOR MIKE ROUNDS,2022,73,34,block_start
118sdoc13,GPO-CDOC-118sdoc13-2.pdf,679,679,banner,True,679,679,INTERN COMPENSATION - ROUNDS,2022,55,28,block_start
118sdoc13,GPO-CDOC-118sdoc13-2.pdf,680,680,banner,True,680,680,SENATOR MIKE ROUNDS,2023,82,36,block_start
118sdoc13,GPO-CDOC-118sdoc13-2.pdf,681,681,banner,True,681,681,INTERN COMPENSATION - ROUNDS,2023,55,28,block_start
118sdoc13,GPO-CDOC-118sdoc13-2.pdf,682,682,banner,True,682,682,SENATOR MIKE ROUNDS,2024,134,56,block_start
118sdoc13,GPO-CDOC-118sdoc13-2.pdf,683,683,data,True,682,682,SENATOR MIKE ROUNDS,2024,164,60,block_data
118sdoc13,GPO-CDOC-118sdoc13-2.pdf,684,684,data,True,682,682,SENATOR MIKE ROUNDS,2024,216,58,block_data
118sdoc13,GPO-CDOC-118sdoc13-2.pdf,685,685,data,True,682,682,SENATOR MIKE ROUNDS,2024,194,59,block_data
118sdoc13,GPO-CDOC-118sdoc13-2.pdf,686,686,data,True,682,682,SENATOR MIKE ROUNDS,2024,213,58,block_data
118sdoc13,GPO-CDOC-118sdoc13-2.pdf,687,687,data,True,682,682,SENATOR MIKE ROUNDS,2024,181,59,block_data
118sdoc13,GPO-CDOC-118sdoc13-2.pdf,688,688,data,True,682,682,SENATOR MIKE ROUNDS,2024,209,58,block_data
118sdoc13,GPO-CDOC-118sdoc13-2.pdf,689,689,data,True,682,682,SENATOR MIKE ROUNDS,2024,195,58,block_data
118sdoc13,GPO-CDOC-118sdoc13-2.pdf,690,690,data,True,682,682,SENATOR MIKE ROUNDS,2024,188,58,block_data
118sdoc13,GPO-CDOC-118sdoc13-2.pdf,691,691,data,True,682,682,SENATOR MIKE ROUNDS,2024,192,59,block_data
118sdoc13,GPO-CDOC-118sdoc13-2.pdf,692,692,data,True,682,682,SENATOR MIKE ROUNDS,2024,199,59,block_data
118sdoc13,GPO-CDOC-118sdoc13-2.pdf,693,693,data,True,682,682,SENATOR MIKE ROUNDS,2024,196,59,block_data
118sdoc13,GPO-CDOC-118sdoc13-2.pdf,694,694,data,True,682,682,SENATOR MIKE ROUNDS,2024,179,59,block_data
118sdoc13,GPO-CDOC-118sdoc13-2.pdf,695,695,data,True,682,682,SENATOR MIKE ROUNDS,2024,214,59,block_data
118sdoc13,GPO-CDOC-118sdoc13-2.pdf,696,696,data,True,682,682,SENATOR MIKE ROUNDS,2024,192,58,block_data
118sdoc13,GPO-CDOC-118sdoc13-2.pdf,697,697,data,True,682,682,SENATOR MIKE ROUNDS,2024,194,59,block_data
118sdoc13,GPO-CDOC-118sdoc13-2.pdf,698,698,data,True,682,682,SENATOR MIKE ROUNDS,2024,196,58,block_data
118sdoc13,GPO-CDOC-118sdoc13-2.pdf,699,699,data,True,682,682,SENATOR MIKE ROUNDS,2024,192,57,block_data
118sdoc13,GPO-CDOC-118sdoc13-2.pdf,700,700,data,True,682,682,SENATOR MIKE ROUNDS,2024,233,57,block_data
118sdoc13,GPO-CDOC-118sdoc13-2.pdf,701,701,data,True,682,682,SENATOR MIKE ROUNDS,2024,88,21,block_data
118sdoc13,GPO-CDOC-118sdoc13-2.pdf,702,702,banner,True,702,702,INTERN COMPENSATION - ROUNDS,2024,101,42,block_start
118sdoc13,GPO-CDOC-118sdoc13-2.pdf,703,703,banner,True,703,703,SENATOR MARCO RUBIO,2022,73,34,block_start
118sdoc13,GPO-CDOC-118sdoc13-2.pdf,704,704,banner,True,704,704,INTERN COMPENSATION - RUBIO,2022,55,28,block_start
118sdoc13,GPO-CDOC-118sdoc13-2.pdf,705,705,banner,True,705,705,SENATOR MARCO RUBIO,2023,73,34,block_start
118sdoc13,GPO-CDOC-118sdoc13-2.pdf,706,706,banner,True,706,706,INTERN COMPENSATION - RUBIO,2023,55,28,block_start
118sdoc13,GPO-CDOC-118sdoc13-2.pdf,707,707,banner,True,707,707,SENATOR MARCO RUBIO,2024,136,55,block_start
118sdoc13,GPO-CDOC-118sdoc13-2.pdf,708,708,data,True,707,707,SENATOR MARCO RUBIO,2024,166,58,block_data
118sdoc13,GPO-CDOC-118sdoc13-2.pdf,709,709,data,True,707,707,SENATOR MARCO RUBIO,2024,174,57,block_data
118sdoc13,GPO-CDOC-118sdoc13-2.pdf,710,710,data,True,707,707,SENATOR MARCO RUBIO,2024,197,57,block_data
118sdoc13,GPO-CDOC-118sdoc13-2.pdf,711,711,data,True,707,707,SENATOR MARCO RUBIO,2024,184,58,block_data
118sdoc13,GPO-CDOC-118sdoc13-2.pdf,712,712,data,True,707,707,SENATOR MARCO RUBIO,2024,196,58,block_data
118sdoc13,GPO-CDOC-118sdoc13-2.pdf,713,713,data,True,707,707,SENATOR MARCO RUBIO,2024,185,59,block_data
118sdoc13,GPO-CDOC-118sdoc13-2.pdf,714,714,data,True,707,707,SENATOR MARCO RUBIO,2024,196,58,block_data
118sdoc13,GPO-CDOC-118sdoc13-2.pdf,715,715,data,True,707,707,SENATOR MARCO RUBIO,2024,175,61,block_data
118sdoc13,GPO-CDOC-118sdoc13-2.pdf,716,716,data,True,707,707,SENATOR MARCO RUBIO,2024,197,59,block_data
118sdoc13,GPO-CDOC-118sdoc13-2.pdf,717,717,data,True,707,707,SENATOR MARCO RUBIO,2024,176,59,block_data
118sdoc13,GPO-CDOC-118sdoc13-2.pdf,718,718,data,True,707,707,SENATOR MARCO RUBIO,2024,180,60,block_data
118sdoc13,GPO-CDOC-118sdoc13-2.pdf,719,719,data,True,707,707,SENATOR MARCO RUBIO,2024,192,59,block_data
118sdoc13,GPO-CDOC-118sdoc13-2.pdf,720,720,data,True,707,707,SENATOR MARCO RUBIO,2024,183,59,block_data
118sdoc13,GPO-CDOC-118sdoc13-2.pdf,721,721,data,True,707,707,SENATOR MARCO RUBIO,2024,175,59,block_data
118sdoc13,GPO-CDOC-118sdoc13-2.pdf,722,722,data,True,707,707,SENATOR MARCO RUBIO,2024,189,58,block_data
118sdoc13,GPO-CDOC-118sdoc13-2.pdf,723,723,data,True,707,707,SENATOR MARCO RUBIO,2024,192,58,block_data
118sdoc13,GPO-CDOC-118sdoc13-2.pdf,724,724,data,True,707,707,SENATOR MARCO RUBIO,2024,242,57,block_data
118sdoc13,GPO-CDOC-118sdoc13-2.pdf,725,725,data,True,707,707,SENATOR MARCO RUBIO,2024,69,19,block_data
118sdoc13,GPO-CDOC-118sdoc13-2.pdf,726,726,banner,True,726,726,INTERN COMPENSATION - RUBIO,2024,138,54,block_start
118sdoc13,GPO-CDOC-118sdoc13-2.pdf,727,727,data,True,726,726,INTERN COMPENSATION - RUBIO,2024,18,11,block_data
118sdoc13,GPO-CDOC-118sdoc13-2.pdf,728,728,banner,True,728,728,SENATOR BERNARD SANDERS,2022,73,34,block_start
118sdoc13,GPO-CDOC-118sdoc13-2.pdf,729,729,banner,True,729,729,INTERN COMPENSATION - SANDERS,2022,55,28,block_start
118sdoc13,GPO-CDOC-118sdoc13-2.pdf,730,730,banner,True,730,730,SENATOR BERNARD SANDERS,2023,73,34,block_start
118sdoc13,GPO-CDOC-118sdoc13-2.pdf,731,731,banner,True,731,731,INTERN COMPENSATION - SANDERS,2023,55,28,block_start
118sdoc13,GPO-CDOC-118sdoc13-2.pdf,732,732,banner,True,732,732,SENATOR BERNARD SANDERS,2024,136,52,block_start
118sdoc13,GPO-CDOC-118sdoc13-2.pdf,733,733,data,True,732,732,SENATOR BERNARD SANDERS,2024,162,57,block_data
118sdoc13,GPO-CDOC-118sdoc13-2.pdf,734,734,data,True,732,732,SENATOR BERNARD SANDERS,2024,201,58,block_data
118sdoc13,GPO-CDOC-118sdoc13-2.pdf,735,735,data,True,732,732,SENATOR BERNARD SANDERS,2024,206,58,block_data
118sdoc13,GPO-CDOC-118sdoc13-2.pdf,736,736,data,True,732,732,SENATOR BERNARD SANDERS,2024,205,59,block_data
118sdoc13,GPO-CDOC-118sdoc13-2.pdf,737,737,data,True,732,732,SENATOR BERNARD SANDERS,2024,205,59,block_data
118sdoc13,GPO-CDOC-118sdoc13-2.pdf,738,738,data,True,732,732,SENATOR BERNARD SANDERS,2024,200,59,block_data
118sdoc13,GPO-CDOC-118sdoc13-2.pdf,739,739,data,True,732,732,SENATOR BERNARD SANDERS,2024,206,59,block_data
118sdoc13,GPO-CDOC-118sdoc13-2.pdf,740,740,data,True,732,732,SENATOR BERNARD SANDERS,2024,62,18,block_data
118sdoc13,GPO-CDOC-118sdoc13-2.pdf,741,741,banner,True,741,741,INTERN COMPENSATION - SANDERS,2024,74,33,block_start
118sdoc13,GPO-CDOC-118sdoc13-2.pdf,742,742,banner,True,742,742,SENATOR BEN SASSE,2022,70,30,block_start
118sdoc13,GPO-CDOC-118sdoc13-2.pdf,743,743,banner,True,743,743,INTERN COMPENSATION - SASSE,2022,55,28,block_start
118sdoc13,GPO-CDOC-118sdoc13-2.pdf,744,744,banner,True,744,744,SENATOR BEN SASSE,2023,70,30,block_start
118sdoc13,GPO-CDOC-118sdoc13-2.pdf,745,745,banner,True,745,745,INTERN COMPENSATION - SASSE,2023,55,28,block_start
118sdoc13,GPO-CDOC-118sdoc13-2.pdf,746,746,banner,True,746,746,SENATOR BRIAN SCHATZ,2022,73,34,block_start
118sdoc13,GPO-CDOC-118sdoc13-2.pdf,747,747,banner,True,747,747,INTERN COMPENSATION - SCHATZ,2022,55,28,block_start
118sdoc13,GPO-CDOC-118sdoc13-2.pdf,748,748,banner,True,748,748,SENATOR BRIAN SCHATZ,2023,91,38,block_start
118sdoc13,GPO-CDOC-118sdoc13-2.pdf,749,749,banner,True,749,749,INTERN COMPENSATION - SCHATZ,2023,55,28,block_start
118sdoc13,GPO-CDOC-118sdoc13-2.pdf,750,750,banner,True,750,750,SENATOR BRIAN SCHATZ,2024,136,55,block_start
118sdoc13,GPO-CDOC-118sdoc13-2.pdf,751,751,data,True,750,750,SENATOR BRIAN SCHATZ,2024,158,59,block_data
118sdoc13,GPO-CDOC-118sdoc13-2.pdf,752,752,data,True,750,750,SENATOR BRIAN SCHATZ,2024,200,58,block_data
118sdoc13,GPO-CDOC-118sdoc13-2.pdf,753,753,data,True,750,750,SENATOR BRIAN SCHATZ,2024,184,58,block_data
118sdoc13,GPO-CDOC-118sdoc13-2.pdf,754,754,data,True,750,750,SENATOR BRIAN SCHATZ,2024,184,58,block_data
118sdoc13,GPO-CDOC-118sdoc13-2.pdf,755,755,data,True,750,750,SENATOR BRIAN SCHATZ,2024,159,41,block_data
118sdoc13,GPO-CDOC-118sdoc13-2.pdf,756,756,banner,True,756,756,INTERN COMPENSATION - SCHATZ,2024,95,40,block_start
118sdoc13,GPO-CDOC-118sdoc13-2.pdf,757,757,banner,True,757,757,SENATOR ERIC SCHMITT,2023,86,37,block_start
118sdoc13,GPO-CDOC-118sdoc13-2.pdf,758,758,banner,True,758,758,INTERN COMPENSATION - SCHMITT,2023,55,28,block_start
118sdoc13,GPO-CDOC-118sdoc13-2.pdf,759,759,banner,True,759,759,SENATOR ERIC SCHMITT,2024,136,54,block_start
118sdoc13,GPO-CDOC-118sdoc13-2.pdf,760,760,data,True,759,759,SENATOR ERIC SCHMITT,2024,179,56,block_data
118sdoc13,GPO-CDOC-118sdoc13-2.pdf,761,761,data,True,759,759,SENATOR ERIC SCHMITT,2024,206,58,block_data
118sdoc13,GPO-CDOC-118sdoc13-2.pdf,762,762,data,True,759,759,SENATOR ERIC SCHMITT,2024,207,58,block_data
118sdoc13,GPO-CDOC-118sdoc13-2.pdf,763,763,data,True,759,759,SENATOR ERIC SCHMITT,2024,212,58,block_data
118sdoc13,GPO-CDOC-118sdoc13-2.pdf,764,764,data,True,759,759,SENATOR ERIC SCHMITT,2024,207,58,block_data
118sdoc13,GPO-CDOC-118sdoc13-2.pdf,765,765,data,True,759,759,SENATOR ERIC SCHMITT,2024,208,58,block_data
118sdoc13,GPO-CDOC-118sdoc13-2.pdf,766,766,data,True,759,759,SENATOR ERIC SCHMITT,2024,217,58,block_data
118sdoc13,GPO-CDOC-118sdoc13-2.pdf,767,767,data,True,759,759,SENATOR ERIC SCHMITT,2024,195,58,block_data
118sdoc13,GPO-CDOC-118sdoc13-2.pdf,768,768,data,True,759,759,SENATOR ERIC SCHMITT,2024,199,58,block_data
118sdoc13,GPO-CDOC-118sdoc13-2.pdf,769,769,data,True,759,759,SENATOR ERIC SCHMITT,2024,216,58,block_data
118sdoc13,GPO-CDOC-118sdoc13-2.pdf,770,770,data,True,759,759,SENATOR ERIC SCHMITT,2024,177,58,block_data
118sdoc13,GPO-CDOC-118sdoc13-2.pdf,771,771,data,True,759,759,SENATOR ERIC SCHMITT,2024,192,58,block_data
118sdoc13,GPO-CDOC-118sdoc13-2.pdf,772,772,data,True,759,759,SENATOR ERIC SCHMITT,2024,186,58,block_data
118sdoc13,GPO-CDOC-118sdoc13-2.pdf,773,773,data,True,759,759,SENATOR ERIC SCHMITT,2024,194,59,block_data
118sdoc13,GPO-CDOC-118sdoc13-2.pdf,774,774,data,True,759,759,SENATOR ERIC SCHMITT,2024,203,58,block_data
118sdoc13,GPO-CDOC-118sdoc13-2.pdf,775,775,data,True,759,759,SENATOR ERIC SCHMITT,2024,197,58,block_data
118sdoc13,GPO-CDOC-118sdoc13-2.pdf,776,776,data,True,759,759,SENATOR ERIC SCHMITT,2024,190,58,block_data
118sdoc13,GPO-CDOC-118sdoc13-2.pdf,777,777,data,True,759,759,SENATOR ERIC SCHMITT,2024,198,58,block_data
118sdoc13,GPO-CDOC-118sdoc13-2.pdf,778,778,data,True,759,759,SENATOR ERIC SCHMITT,2024,181,58,block_data
118sdoc13,GPO-CDOC-118sdoc13-2.pdf,779,779,data,True,759,759,SENATOR ERIC SCHMITT,2024,185,60,block_data
118sdoc13,GPO-CDOC-118sdoc13-2.pdf,780,780,data,True,759,759,SENATOR ERIC SCHMITT,2024,189,58,block_data
118sdoc13,GPO-CDOC-118sdoc13-2.pdf,781,781,data,True,759,759,SENATOR ERIC SCHMITT,2024,196,59,block_data
118sdoc13,GPO-CDOC-118sdoc13-2.pdf,782,782,data,True,759,759,SENATOR ERIC SCHMITT,2024,236,57,block_data
118sdoc13,GPO-CDOC-118sdoc13-2.pdf,783,783,data,True,759,759,SENATOR ERIC SCHMITT,2024,158,31,block_data
118sdoc13,GPO-CDOC-118sdoc13-2.pdf,784,784,banner,True,784,784,INTERN COMPENSATION - SCHMITT,2024,107,44,block_start
118sdoc13,GPO-CDOC-118sdoc13-2.pdf,785,785,banner,True,785,785,SENATOR CHARLES E. SCHUMER,2022,73,34,block_start
118sdoc13,GPO-CDOC-118sdoc13-2.pdf,786,786,banner,True,786,786,INTERN COMPENSATION - SCHUMER,2022,55,28,block_start
118sdoc13,GPO-CDOC-118sdoc13-2.pdf,787,787,banner,True,787,787,SENATOR CHARLES E. SCHUMER,2023,87,40,block_start
118sdoc13,GPO-CDOC-118sdoc13-2.pdf,788,788,banner,True,788,788,INTERN COMPENSATION - SCHUMER,2023,55,28,block_start
118sdoc13,GPO-CDOC-118sdoc13-2.pdf,789,789,banner,True,789,789,SENATOR CHARLES E. SCHUMER,2024,136,55,block_start
118sdoc13,GPO-CDOC-118sdoc13-2.pdf,790,790,data,True,789,789,SENATOR CHARLES E. SCHUMER,2024,166,58,block_data
118sdoc13,GPO-CDOC-118sdoc13-2.pdf,791,791,data,True,789,789,SENATOR CHARLES E. SCHUMER,2024,179,57,block_data
118sdoc13,GPO-CDOC-118sdoc13-2.pdf,792,792,data,True,789,789,SENATOR CHARLES E. SCHUMER,2024,195,59,block_data
118sdoc13,GPO-CDOC-118sdoc13-2.pdf,793,793,data,True,789,789,SENATOR CHARLES E. SCHUMER,2024,192,58,block_data
118sdoc13,GPO-CDOC-118sdoc13-2.pdf,794,794,data,True,789,789,SENATOR CHARLES E. SCHUMER,2024,180,59,block_data
118sdoc13,GPO-CDOC-118sdoc13-2.pdf,795,795,data,True,789,789,SENATOR CHARLES E. SCHUMER,2024,184,58,block_data
118sdoc13,GPO-CDOC-118sdoc13-2.pdf,796,796,data,True,789,789,SENATOR CHARLES E. SCHUMER,2024,201,58,block_data
118sdoc13,GPO-CDOC-118sdoc13-2.pdf,797,797,data,True,789,789,SENATOR CHARLES E. SCHUMER,2024,173,58,block_data
118sdoc13,GPO-CDOC-118sdoc13-2.pdf,798,798,data,True,789,789,SENATOR CHARLES E. SCHUMER,2024,207,58,block_data
118sdoc13,GPO-CDOC-118sdoc13-2.pdf,799,799,data,True,789,789,SENATOR CHARLES E. SCHUMER,2024,186,58,block_data
118sdoc13,GPO-CDOC-118sdoc13-2.pdf,800,800,data,True,789,789,SENATOR CHARLES E. SCHUMER,2024,176,57,block_data
118sdoc13,GPO-CDOC-118sdoc13-2.pdf,801,801,data,True,789,789,SENATOR CHARLES E. SCHUMER,2024,192,58,block_data
118sdoc13,GPO-CDOC-118sdoc13-2.pdf,802,802,data,True,789,789,SENATOR CHARLES E. SCHUMER,2024,76,20,block_data
118sdoc13,GPO-CDOC-118sdoc13-2.pdf,803,803,banner,True,803,803,INTERN COMPENSATION - SCHUMER,2024,142,55,block_start
118sdoc13,GPO-CDOC-118sdoc13-2.pdf,804,804,data,True,803,803,INTERN COMPENSATION - SCHUMER,2024,77,30,block_data
118sdoc13,GPO-CDOC-118sdoc13-2.pdf,805,805,banner,True,805,805,SENATOR RICK SCOTT,2022,73,34,block_start
118sdoc13,GPO-CDOC-118sdoc13-2.pdf,806,806,banner,True,806,806,INTERN COMPENSATION - R SCOTT,2022,55,28,block_start
118sdoc13,GPO-CDOC-118sdoc13-2.pdf,807,807,banner,True,807,807,SENATOR RICK SCOTT,2023,73,34,block_start
118sdoc13,GPO-CDOC-118sdoc13-2.pdf,808,808,banner,True,808,808,INTERN COMPENSATION - R SCOTT,2023,55,28,block_start
118sdoc13,GPO-CDOC-118sdoc13-2.pdf,809,809,banner,True,809,809,SENATOR RICK SCOTT,2024,136,52,block_start
118sdoc13,GPO-CDOC-118sdoc13-2.pdf,810,810,data,True,809,809,SENATOR RICK SCOTT,2024,163,56,block_data
118sdoc13,GPO-CDOC-118sdoc13-2.pdf,811,811,data,True,809,809,SENATOR RICK SCOTT,2024,186,58,block_data
118sdoc13,GPO-CDOC-118sdoc13-2.pdf,812,812,data,True,809,809,SENATOR RICK SCOTT,2024,208,58,block_data
118sdoc13,GPO-CDOC-118sdoc13-2.pdf,813,813,data,True,809,809,SENATOR RICK SCOTT,2024,197,59,block_data
118sdoc13,GPO-CDOC-118sdoc13-2.pdf,814,814,data,True,809,809,SENATOR RICK SCOTT,2024,196,58,block_data
118sdoc13,GPO-CDOC-118sdoc13-2.pdf,815,815,data,True,809,809,SENATOR RICK SCOTT,2024,107,40,block_data
118sdoc13,GPO-CDOC-118sdoc13-2.pdf,816,816,banner,True,816,816,INTERN COMPENSATION - R SCOTT,2024,68,32,block_start
118sdoc13,GPO-CDOC-118sdoc13-2.pdf,817,817,banner,True,817,817,SENATOR TIM SCOTT,2022,73,34,block_start
118sdoc13,GPO-CDOC-118sdoc13-2.pdf,818,818,banner,True,818,818,INTERN COMPENSATION - T SCOTT,2022,55,28,block_start
118sdoc13,GPO-CDOC-118sdoc13-2.pdf,819,819,banner,True,819,819,SENATOR TIM SCOTT,2023,73,34,block_start
118sdoc13,GPO-CDOC-118sdoc13-2.pdf,820,820,banner,True,820,820,INTERN COMPENSATION - T SCOTT,2023,55,28,block_start
118sdoc13,GPO-CDOC-118sdoc13-2.pdf,821,821,banner,True,821,821,SENATOR TIM SCOTT,2024,136,52,block_start
118sdoc13,GPO-CDOC-118sdoc13-2.pdf,822,822,data,True,821,821,SENATOR TIM SCOTT,2024,161,55,block_data
118sdoc13,GPO-CDOC-118sdoc13-2.pdf,823,823,data,True,821,821,SENATOR TIM SCOTT,2024,200,59,block_data
118sdoc13,GPO-CDOC-118sdoc13-2.pdf,824,824,data,True,821,821,SENATOR TIM SCOTT,2024,174,60,block_data
118sdoc13,GPO-CDOC-118sdoc13-2.pdf,825,825,data,True,821,821,SENATOR TIM SCOTT,2024,193,58,block_data
118sdoc13,GPO-CDOC-118sdoc13-2.pdf,826,826,data,True,821,821,SENATOR TIM SCOTT,2024,191,58,block_data
118sdoc13,GPO-CDOC-118sdoc13-2.pdf,827,827,data,True,821,821,SENATOR TIM SCOTT,2024,190,58,block_data
118sdoc13,GPO-CDOC-118sdoc13-2.pdf,828,828,data,True,821,821,SENATOR TIM SCOTT,2024,177,58,block_data
118sdoc13,GPO-CDOC-118sdoc13-2.pdf,829,829,data,True,821,821,SENATOR TIM SCOTT,2024,202,58,block_data
118sdoc13,GPO-CDOC-118sdoc13-2.pdf,830,830,data,True,821,821,SENATOR TIM SCOTT,2024,191,58,block_data
118sdoc13,GPO-CDOC-118sdoc13-2.pdf,831,831,data,True,821,821,SENATOR TIM SCOTT,2024,190,59,block_data
118sdoc13,GPO-CDOC-118sdoc13-2.pdf,832,832,data,True,821,821,SENATOR TIM SCOTT,2024,191,60,block_data
118sdoc13,GPO-CDOC-118sdoc13-2.pdf,833,833,data,True,821,821,SENATOR TIM SCOTT,2024,172,60,block_data
118sdoc13,GPO-CDOC-118sdoc13-2.pdf,834,834,data,True,821,821,SENATOR TIM SCOTT,2024,192,60,block_data
118sdoc13,GPO-CDOC-118sdoc13-2.pdf,835,835,data,True,821,821,SENATOR TIM SCOTT,2024,189,59,block_data
118sdoc13,GPO-CDOC-118sdoc13-2.pdf,836,836,data,True,821,821,SENATOR TIM SCOTT,2024,175,60,block_data
118sdoc13,GPO-CDOC-118sdoc13-2.pdf,837,837,data,True,821,821,SENATOR TIM SCOTT,2024,198,60,block_data
118sdoc13,GPO-CDOC-118sdoc13-2.pdf,838,838,data,True,821,821,SENATOR TIM SCOTT,2024,167,53,block_data
118sdoc13,GPO-CDOC-118sdoc13-2.pdf,839,839,banner,True,839,839,INTERN COMPENSATION - T SCOTT,2024,142,55,block_start
118sdoc13,GPO-CDOC-118sdoc13-2.pdf,840,840,data,True,839,839,INTERN COMPENSATION - T SCOTT,2024,32,16,block_data
118sdoc13,GPO-CDOC-118sdoc13-2.pdf,841,841,banner,True,841,841,SENATOR JEANNE SHAHEEN,2022,70,30,block_start
118sdoc13,GPO-CDOC-118sdoc13-2.pdf,842,842,banner,True,842,842,INTERN COMPENSATION - SHAHEEN,2022,55,28,block_start
118sdoc13,GPO-CDOC-118sdoc13-2.pdf,843,843,banner,True,843,843,SENATOR JEANNE SHAHEEN,2023,88,40,block_start
118sdoc13,GPO-CDOC-118sdoc13-2.pdf,844,844,banner,True,844,844,INTERN COMPENSATION - SHAHEEN,2023,55,28,block_start
118sdoc13,GPO-CDOC-118sdoc13-2.pdf,845,845,banner,True,845,845,SENATOR JEANNE SHAHEEN,2024,136,52,block_start
118sdoc13,GPO-CDOC-118sdoc13-2.pdf,846,846,data,True,845,845,SENATOR JEANNE SHAHEEN,2024,159,56,block_data
118sdoc13,GPO-CDOC-118sdoc13-2.pdf,847,847,data,True,845,845,SENATOR JEANNE SHAHEEN,2024,158,60,block_data
118sdoc13,GPO-CDOC-118sdoc13-2.pdf,848,848,data,True,845,845,SENATOR JEANNE SHAHEEN,2024,192,58,block_data
118sdoc13,GPO-CDOC-118sdoc13-2.pdf,849,849,data,True,845,845,SENATOR JEANNE SHAHEEN,2024,167,61,block_data
118sdoc13,GPO-CDOC-118sdoc13-2.pdf,850,850,data,True,845,845,SENATOR JEANNE SHAHEEN,2024,196,58,block_data
118sdoc13,GPO-CDOC-118sdoc13-2.pdf,851,851,data,True,845,845,SENATOR JEANNE SHAHEEN,2024,168,61,block_data
118sdoc13,GPO-CDOC-118sdoc13-2.pdf,852,852,data,True,845,845,SENATOR JEANNE SHAHEEN,2024,151,60,block_data
118sdoc13,GPO-CDOC-118sdoc13-2.pdf,853,853,data,True,845,845,SENATOR JEANNE SHAHEEN,2024,179,57,block_data
118sdoc13,GPO-CDOC-118sdoc13-2.pdf,854,854,data,True,845,845,SENATOR JEANNE SHAHEEN,2024,168,59,block_data
118sdoc13,GPO-CDOC-118sdoc13-2.pdf,855,855,data,True,845,845,SENATOR JEANNE SHAHEEN,2024,187,57,block_data
118sdoc13,GPO-CDOC-118sdoc13-2.pdf,856,856,data,True,845,845,SENATOR JEANNE SHAHEEN,2024,165,58,block_data
118sdoc13,GPO-CDOC-118sdoc13-2.pdf,857,857,data,True,845,845,SENATOR JEANNE SHAHEEN,2024,177,60,block_data
118sdoc13,GPO-CDOC-118sdoc13-2.pdf,858,858,data,True,845,845,SENATOR JEANNE SHAHEEN,2024,193,50,block_data
118sdoc13,GPO-CDOC-118sdoc13-2.pdf,859,859,banner,True,859,859,INTERN COMPENSATION - SHAHEEN,2024,110,45,block_start
118sdoc13,GPO-CDOC-118sdoc13-2.pdf,860,860,banner,True,860,860,SENATOR RICHARD C. SHELBY,2022,70,30,block_start
118sdoc13,GPO-CDOC-118sdoc13-2.pdf,861,861,banner,True,861,861,INTERN COMPENSATION - SHELBY,2022,52,27,block_start
118sdoc13,GPO-CDOC-118sdoc13-2.pdf,862,862,banner,True,862,862,SENATOR RICHARD C. SHELBY,2023,70,30,block_start
118sdoc13,GPO-CDOC-118sdoc13-2.pdf,863,863,banner,True,863,863,INTERN COMPENSATION - SHELBY,2023,52,27,block_start
118sdoc13,GPO-CDOC-118sdoc13-2.pdf,864,864,banner,True,864,864,SENATOR KYRSTEN SINEMA,2022,85,36,block_start
118sdoc13,GPO-CDOC-118sdoc13-2.pdf,865,865,banner,True,865,865,INTERN COMPENSATION - SINEMA,2022,55,28,block_start
118sdoc13,GPO-CDOC-118sdoc13-2.pdf,866,866,banner,True,866,866,SENATOR KYRSTEN SINEMA,2023,108,43,block_start
118sdoc13,GPO-CDOC-118sdoc13-2.pdf,867,867,banner,True,867,867,INTERN COMPENSATION - SINEMA,2023,55,28,block_start
118sdoc13,GPO-CDOC-118sdoc13-2.pdf,868,868,banner,True,868,868,SENATOR KYRSTEN SINEMA,2024,132,54,block_start
118sdoc13,GPO-CDOC-118sdoc13-2.pdf,869,869,data,True,868,868,SENATOR KYRSTEN SINEMA,2024,158,59,block_data
118sdoc13,GPO-CDOC-118sdoc13-2.pdf,870,870,data,True,868,868,SENATOR KYRSTEN SINEMA,2024,190,58,block_data
118sdoc13,GPO-CDOC-118sdoc13-2.pdf,871,871,data,True,868,868,SENATOR KYRSTEN SINEMA,2024,199,58,block_data
118sdoc13,GPO-CDOC-118sdoc13-2.pdf,872,872,data,True,868,868,SENATOR KYRSTEN SINEMA,2024,202,58,block_data
118sdoc13,GPO-CDOC-118sdoc13-2.pdf,873,873,data,True,868,868,SENATOR KYRSTEN SINEMA,2024,193,58,block_data
118sdoc13,GPO-CDOC-118sdoc13-2.pdf,874,874,data,True,868,868,SENATOR KYRSTEN SINEMA,2024,190,58,block_data
118sdoc13,GPO-CDOC-118sdoc13-2.pdf,875,875,data,True,868,868,SENATOR KYRSTEN SINEMA,2024,185,58,block_data
118sdoc13,GPO-CDOC-118sdoc13-2.pdf,876,876,data,True,868,868,SENATOR KYRSTEN SINEMA,2024,192,59,block_data
118sdoc13,GPO-CDOC-118sdoc13-2.pdf,877,877,data,True,868,868,SENATOR KYRSTEN SINEMA,2024,188,58,block_data
118sdoc13,GPO-CDOC-118sdoc13-2.pdf,878,878,data,True,868,868,SENATOR KYRSTEN SINEMA,2024,198,59,block_data
118sdoc13,GPO-CDOC-118sdoc13-2.pdf,879,879,data,True,868,868,SENATOR KYRSTEN SINEMA,2024,204,58,block_data
118sdoc13,GPO-CDOC-118sdoc13-2.pdf,880,880,data,True,868,868,SENATOR KYRSTEN SINEMA,2024,204,58,block_data
118sdoc13,GPO-CDOC-118sdoc13-2.pdf,881,881,data,True,868,868,SENATOR KYRSTEN SINEMA,2024,208,58,block_data
118sdoc13,GPO-CDOC-118sdoc13-2.pdf,882,882,data,True,868,868,SENATOR KYRSTEN SINEMA,2024,194,58,block_data
118sdoc13,GPO-CDOC-118sdoc13-2.pdf,883,883,data,True,868,868,SENATOR KYRSTEN SINEMA,2024,183,58,block_data
118sdoc13,GPO-CDOC-118sdoc13-2.pdf,884,884,data,True,868,868,SENATOR KYRSTEN SINEMA,2024,245,58,block_data
118sdoc13,GPO-CDOC-118sdoc13-2.pdf,885,885,data,True,868,868,SENATOR KYRSTEN SINEMA,2024,74,19,block_data
118sdoc13,GPO-CDOC-118sdoc13-2.pdf,886,886,banner,True,886,886,INTERN COMPENSATION - SINEMA,2024,113,46,block_start
118sdoc13,GPO-CDOC-118sdoc13-2.pdf,887,887,banner,True,887,887,SENATOR TINA SMITH,2022,85,38,block_start
118sdoc13,GPO-CDOC-118sdoc13-2.pdf,888,888,banner,True,888,888,INTERN COMPENSATION - SMITH,2022,55,28,block_start
118sdoc13,GPO-CDOC-118sdoc13-2.pdf,889,889,banner,True,889,889,SENATOR TINA SMITH,2023,70,30,block_start
118sdoc13,GPO-CDOC-118sdoc13-2.pdf,890,890,banner,True,890,890,INTERN COMPENSATION - SMITH,2023,55,28,block_start
118sdoc13,GPO-CDOC-118sdoc13-2.pdf,891,891,banner,True,891,891,SENATOR TINA SMITH,2024,136,52,block_start
118sdoc13,GPO-CDOC-118sdoc13-2.pdf,892,892,data,True,891,891,SENATOR TINA SMITH,2024,163,58,block_data
118sdoc13,GPO-CDOC-118sdoc13-2.pdf,893,893,data,True,891,891,SENATOR TINA SMITH,2024,195,58,block_data
118sdoc13,GPO-CDOC-118sdoc13-2.pdf,894,894,data,True,891,891,SENATOR TINA SMITH,2024,204,58,block_data
118sdoc13,GPO-CDOC-118sdoc13-2.pdf,895,895,data,True,891,891,SENATOR TINA SMITH,2024,188,59,block_data
118sdoc13,GPO-CDOC-118sdoc13-2.pdf,896,896,data,True,891,891,SENATOR TINA SMITH,2024,202,58,block_data
118sdoc13,GPO-CDOC-118sdoc13-2.pdf,897,897,data,True,891,891,SENATOR TINA SMITH,2024,208,58,block_data
118sdoc13,GPO-CDOC-118sdoc13-2.pdf,898,898,data,True,891,891,SENATOR TINA SMITH,2024,202,58,block_data
118sdoc13,GPO-CDOC-118sdoc13-2.pdf,899,899,data,True,891,891,SENATOR TINA SMITH,2024,185,59,block_data
118sdoc13,GPO-CDOC-118sdoc13-2.pdf,900,900,data,True,891,891,SENATOR TINA SMITH,2024,199,58,block_data
118sdoc13,GPO-CDOC-118sdoc13-2.pdf,901,901,data,True,891,891,SENATOR TINA SMITH,2024,200,58,block_data
118sdoc13,GPO-CDOC-118sdoc13-2.pdf,902,902,data,True,891,891,SENATOR TINA SMITH,2024,183,59,block_data
118sdoc13,GPO-CDOC-118sdoc13-2.pdf,903,903,data,True,891,891,SENATOR TINA SMITH,2024,194,58,block_data
118sdoc13,GPO-CDOC-118sdoc13-2.pdf,904,904,data,True,891,891,SENATOR TINA SMITH,2024,177,58,block_data
118sdoc13,GPO-CDOC-118sdoc13-2.pdf,905,905,data,True,891,891,SENATOR TINA SMITH,2024,191,58,block_data
118sdoc13,GPO-CDOC-118sdoc13-2.pdf,906,906,data,True,891,891,SENATOR TINA SMITH,2024,204,51,block_data
118sdoc13,GPO-CDOC-118sdoc13-2.pdf,907,907,banner,True,907,907,INTERN COMPENSATION - SMITH,2024,122,49,block_start
118sdoc13,GPO-CDOC-118sdoc13-2.pdf,908,908,banner,True,908,908,SENATOR DEBBIE A. STABENOW,2022,88,40,block_start
118sdoc13,GPO-CDOC-118sdoc13-2.pdf,909,909,banner,True,909,909,INTERN COMPENSATION - STABENOW,2022,55,28,block_start
118sdoc13,GPO-CDOC-118sdoc13-2.pdf,910,910,banner,True,910,910,SENATOR DEBBIE A. STABENOW,2023,83,37,block_start
118sdoc13,GPO-CDOC-118sdoc13-2.pdf,911,911,banner,True,911,911,INTERN COMPENSATION - STABENOW,2023,55,28,block_start
118sdoc13,GPO-CDOC-118sdoc13-2.pdf,912,912,banner,True,912,912,SENATOR DEBBIE A. STABENOW,2024,136,52,block_start
118sdoc13,GPO-CDOC-118sdoc13-2.pdf,913,913,data,True,912,912,SENATOR DEBBIE A. STABENOW,2024,171,56,block_data
118sdoc13,GPO-CDOC-118sdoc13-2.pdf,914,914,data,True,912,912,SENATOR DEBBIE A. STABENOW,2024,194,58,block_data
118sdoc13,GPO-CDOC-118sdoc13-2.pdf,915,915,data,True,912,912,SENATOR DEBBIE A. STABENOW,2024,188,59,block_data
118sdoc13,GPO-CDOC-118sdoc13-2.pdf,916,916,data,True,912,912,SENATOR DEBBIE A. STABENOW,2024,196,57,block_data
118sdoc13,GPO-CDOC-118sdoc13-2.pdf,917,917,data,True,912,912,SENATOR DEBBIE A. STABENOW,2024,181,57,block_data
118sdoc13,GPO-CDOC-118sdoc13-2.pdf,918,918,data,True,912,912,SENATOR DEBBIE A. STABENOW,2024,199,58,block_data
118sdoc13,GPO-CDOC-118sdoc13-2.pdf,919,919,data,True,912,912,SENATOR DEBBIE A. STABENOW,2024,172,58,block_data
118sdoc13,GPO-CDOC-118sdoc13-2.pdf,920,920,data,True,912,912,SENATOR DEBBIE A. STABENOW,2024,217,55,block_data
118sdoc13,GPO-CDOC-118sdoc13-2.pdf,921,921,banner,True,921,921,INTERN COMPENSATION - STABENOW,2024,92,39,block_start
118sdoc13,GPO-CDOC-118sdoc13-2.pdf,922,922,banner,True,922,922,SENATOR DAN SULLIVAN,2022,73,34,block_start
118sdoc13,GPO-CDOC-118sdoc13-2.pdf,923,923,banner,True,923,923,INTERN COMPENSATION - SULLIVAN,2022,55,28,block_start
118sdoc13,GPO-CDOC-118sdoc13-2.pdf,924,924,banner,True,924,924,SENATOR DAN SULLIVAN,2023,145,55,block_start
118sdoc13,GPO-CDOC-118sdoc13-2.pdf,925,925,data,True,924,924,SENATOR DAN SULLIVAN,2023,19,12,block_data
118sdoc13,GPO-CDOC-118sdoc13-2.pdf,926,926,banner,True,926,926,INTERN COMPENSATION - SULLIVAN,2023,55,28,block_start
118sdoc13,GPO-CDOC-118sdoc13-2.pdf,927,927,banner,True,927,927,SENATOR DAN SULLIVAN,2024,136,55,block_start
118sdoc13,GPO-CDOC-118sdoc13-2.pdf,928,928,data,True,927,927,SENATOR DAN SULLIVAN,2024,161,58,block_data
118sdoc13,GPO-CDOC-118sdoc13-2.pdf,929,929,data,True,927,927,SENATOR DAN SULLIVAN,2024,185,58,block_data
118sdoc13,GPO-CDOC-118sdoc13-2.pdf,930,930,data,True,927,927,SENATOR DAN SULLIVAN,2024,176,58,block_data
118sdoc13,GPO-CDOC-118sdoc13-2.pdf,931,931,data,True,927,927,SENATOR DAN SULLIVAN,2024,180,57,block_data
118sdoc13,GPO-CDOC-118sdoc13-2.pdf,932,932,data,True,927,927,SENATOR DAN SULLIVAN,2024,178,58,block_data
118sdoc13,GPO-CDOC-118sdoc13-2.pdf,933,933,data,True,927,927,SENATOR DAN SULLIVAN,2024,190,58,block_data
118sdoc13,GPO-CDOC-118sdoc13-2.pdf,934,934,data,True,927,927,SENATOR DAN SULLIVAN,2024,181,59,block_data
118sdoc13,GPO-CDOC-118sdoc13-2.pdf,935,935,data,True,927,927,SENATOR DAN SULLIVAN,2024,164,58,block_data
118sdoc13,GPO-CDOC-118sdoc13-2.pdf,936,936,data,True,927,927,SENATOR DAN SULLIVAN,2024,201,58,block_data
118sdoc13,GPO-CDOC-118sdoc13-2.pdf,937,937,data,True,927,927,SENATOR DAN SULLIVAN,2024,189,59,block_data
118sdoc13,GPO-CDOC-118sdoc13-2.pdf,938,938,data,True,927,927,SENATOR DAN SULLIVAN,2024,174,59,block_data
118sdoc13,GPO-CDOC-118sdoc13-2.pdf,939,939,data,True,927,927,SENATOR DAN SULLIVAN,2024,193,57,block_data
118sdoc13,GPO-CDOC-118sdoc13-2.pdf,940,940,data,True,927,927,SENATOR DAN SULLIVAN,2024,160,30,block_data
118sdoc13,GPO-CDOC-118sdoc13-2.pdf,941,941,banner,True,941,941,INTERN COMPENSATION - SULLIVAN,2024,113,46,block_start
118sdoc13,GPO-CDOC-118sdoc13-2.pdf,942,942,banner,True,942,942,SENATOR JON TESTER,2022,73,34,block_start
118sdoc13,GPO-CDOC-118sdoc13-2.pdf,943,943,banner,True,943,943,INTERN COMPENSATION - TESTER,2022,55,28,block_start
118sdoc13,GPO-CDOC-118sdoc13-2.pdf,944,944,banner,True,944,944,SENATOR JON TESTER,2023,73,34,block_start
118sdoc13,GPO-CDOC-118sdoc13-2.pdf,945,945,banner,True,945,945,INTERN COMPENSATION - TESTER,2023,55,28,block_start
118sdoc13,GPO-CDOC-118sdoc13-2.pdf,946,946,banner,True,946,946,SENATOR JON TESTER,2024,136,55,block_start
118sdoc13,GPO-CDOC-118sdoc13-2.pdf,947,947,data,True,946,946,SENATOR JON TESTER,2024,168,57,block_data
118sdoc13,GPO-CDOC-118sdoc13-2.pdf,948,948,data,True,946,946,SENATOR JON TESTER,2024,183,58,block_data
118sdoc13,GPO-CDOC-118sdoc13-2.pdf,949,949,data,True,946,946,SENATOR JON TESTER,2024,213,58,block_data
118sdoc13,GPO-CDOC-118sdoc13-2.pdf,950,950,data,True,946,946,SENATOR JON TESTER,2024,212,58,block_data
118sdoc13,GPO-CDOC-118sdoc13-2.pdf,951,951,data,True,946,946,SENATOR JON TESTER,2024,187,58,block_data
118sdoc13,GPO-CDOC-118sdoc13-2.pdf,952,952,data,True,946,946,SENATOR JON TESTER,2024,188,58,block_data
118sdoc13,GPO-CDOC-118sdoc13-2.pdf,953,953,data,True,946,946,SENATOR JON TESTER,2024,180,58,block_data
118sdoc13,GPO-CDOC-118sdoc13-2.pdf,954,954,data,True,946,946,SENATOR JON TESTER,2024,187,58,block_data
118sdoc13,GPO-CDOC-118sdoc13-2.pdf,955,955,data,True,946,946,SENATOR JON TESTER,2024,188,58,block_data
118sdoc13,GPO-CDOC-118sdoc13-2.pdf,956,956,data,True,946,946,SENATOR JON TESTER,2024,172,59,block_data
118sdoc13,GPO-CDOC-118sdoc13-2.pdf,957,957,data,True,946,946,SENATOR JON TESTER,2024,217,58,block_data
118sdoc13,GPO-CDOC-118sdoc13-2.pdf,958,958,data,True,946,946,SENATOR JON TESTER,2024,76,20,block_data
118sdoc13,GPO-CDOC-118sdoc13-2.pdf,959,959,banner,True,959,959,INTERN COMPENSATION - TESTER,2024,107,44,block_start
118sdoc13,GPO-CDOC-118sdoc13-2.pdf,960,960,banner,True,960,960,SENATOR JOHN R. THUNE,2022,73,34,block_start
118sdoc13,GPO-CDOC-118sdoc13-2.pdf,961,961,banner,True,961,961,INTERN COMPENSATION - THUNE,2022,55,28,block_start
118sdoc13,GPO-CDOC-118sdoc13-2.pdf,962,962,banner,True,962,962,SENATOR JOHN R. THUNE,2023,73,34,block_start
118sdoc13,GPO-CDOC-118sdoc13-2.pdf,963,963,banner,True,963,963,INTERN COMPENSATION - THUNE,2023,55,28,block_start
118sdoc13,GPO-CDOC-118sdoc13-2.pdf,964,964,banner,True,964,964,SENATOR JOHN R. THUNE,2024,136,55,block_start
118sdoc13,GPO-CDOC-118sdoc13-2.pdf,965,965,data,True,964,964,SENATOR JOHN R. THUNE,2024,164,57,block_data
118sdoc13,GPO-CDOC-118sdoc13-2.pdf,966,966,data,True,964,964,SENATOR JOHN R. THUNE,2024,181,58,block_data
118sdoc13,GPO-CDOC-118sdoc13-2.pdf,967,967,data,True,964,964,SENATOR JOHN R. THUNE,2024,195,58,block_data
118sdoc13,GPO-CDOC-118sdoc13-2.pdf,968,968,data,True,964,964,SENATOR JOHN R. THUNE,2024,186,59,block_data
118sdoc13,GPO-CDOC-118sdoc13-2.pdf,969,969,data,True,964,964,SENATOR JOHN R. THUNE,2024,157,59,block_data
118sdoc13,GPO-CDOC-118sdoc13-2.pdf,970,970,data,True,964,964,SENATOR JOHN R. THUNE,2024,171,59,block_data
118sdoc13,GPO-CDOC-118sdoc13-2.pdf,971,971,data,True,964,964,SENATOR JOHN R. THUNE,2024,62,18,block_data
118sdoc13,GPO-CDOC-118sdoc13-2.pdf,972,972,banner,True,972,972,INTERN COMPENSATION - THUNE,2024,101,42,block_start
118sdoc13,GPO-CDOC-118sdoc13-2.pdf,973,973,banner,True,973,973,SENATOR THOM TILLIS,2022,73,34,block_start
118sdoc13,GPO-CDOC-118sdoc13-2.pdf,974,974,banner,True,974,974,INTERN COMPENSATION - TILLIS,2022,55,28,block_start
118sdoc13,GPO-CDOC-118sdoc13-2.pdf,975,975,banner,True,975,975,SENATOR THOM TILLIS,2023,82,36,block_start
118sdoc13,GPO-CDOC-118sdoc13-2.pdf,976,976,banner,True,976,976,INTERN COMPENSATION - TILLIS,2023,55,28,block_start
118sdoc13,GPO-CDOC-118sdoc13-2.pdf,977,977,banner,True,977,977,SENATOR THOM TILLIS,2024,136,55,block_start
118sdoc13,GPO-CDOC-118sdoc13-2.pdf,978,978,data,True,977,977,SENATOR THOM TILLIS,2024,159,56,block_data
118sdoc13,GPO-CDOC-118sdoc13-2.pdf,979,979,data,True,977,977,SENATOR THOM TILLIS,2024,183,60,block_data
118sdoc13,GPO-CDOC-118sdoc13-2.pdf,980,980,data,True,977,977,SENATOR THOM TILLIS,2024,188,58,block_data
118sdoc13,GPO-CDOC-118sdoc13-2.pdf,981,981,data,True,977,977,SENATOR THOM TILLIS,2024,202,57,block_data
118sdoc13,GPO-CDOC-118sdoc13-2.pdf,982,982,data,True,977,977,SENATOR THOM TILLIS,2024,201,58,block_data
118sdoc13,GPO-CDOC-118sdoc13-2.pdf,983,983,data,True,977,977,SENATOR THOM TILLIS,2024,204,58,block_data
118sdoc13,GPO-CDOC-118sdoc13-2.pdf,984,984,data,True,977,977,SENATOR THOM TILLIS,2024,193,59,block_data
118sdoc13,GPO-CDOC-118sdoc13-2.pdf,985,985,data,True,977,977,SENATOR THOM TILLIS,2024,180,59,block_data
118sdoc13,GPO-CDOC-118sdoc13-2.pdf,986,986,data,True,977,977,SENATOR THOM TILLIS,2024,191,60,block_data
118sdoc13,GPO-CDOC-118sdoc13-2.pdf,987,987,data,True,977,977,SENATOR THOM TILLIS,2024,192,59,block_data
118sdoc13,GPO-CDOC-118sdoc13-2.pdf,988,988,data,True,977,977,SENATOR THOM TILLIS,2024,187,59,block_data
118sdoc13,GPO-CDOC-118sdoc13-2.pdf,989,989,data,True,977,977,SENATOR THOM TILLIS,2024,201,60,block_data
118sdoc13,GPO-CDOC-118sdoc13-2.pdf,990,990,data,True,977,977,SENATOR THOM TILLIS,2024,158,60,block_data
118sdoc13,GPO-CDOC-118sdoc13-2.pdf,991,991,data,True,977,977,SENATOR THOM TILLIS,2024,183,59,block_data
118sdoc13,GPO-CDOC-118sdoc13-2.pdf,992,992,data,True,977,977,SENATOR THOM TILLIS,2024,195,58,block_data
118sdoc13,GPO-CDOC-118sdoc13-2.pdf,993,993,data,True,977,977,SENATOR THOM TILLIS,2024,169,59,block_data
118sdoc13,GPO-CDOC-118sdoc13-2.pdf,994,994,data,True,977,977,SENATOR THOM TILLIS,2024,188,59,block_data
118sdoc13,GPO-CDOC-118sdoc13-2.pdf,995,995,data,True,977,977,SENATOR THOM TILLIS,2024,179,59,block_data
118sdoc13,GPO-CDOC-118sdoc13-2.pdf,996,996,data,True,977,977,SENATOR THOM TILLIS,2024,187,47,block_data
118sdoc13,GPO-CDOC-118sdoc13-2.pdf,997,997,banner,True,997,997,INTERN COMPENSATION - TILLIS,2024,107,44,block_start
118sdoc13,GPO-CDOC-118sdoc13-2.pdf,998,998,banner,True,998,998,SENATOR PATRICK J. TOOMEY,2022,70,30,block_start
118sdoc13,GPO-CDOC-118sdoc13-2.pdf,999,999,banner,True,999,999,INTERN COMPENSATION - TOOMEY,2022,55,28,block_start
118sdoc13,GPO-CDOC-118sdoc13-2.pdf,1000,1000,banner,True,1000,1000,SENATOR PATRICK J. TOOMEY,2023,70,30,block_start
118sdoc13,GPO-CDOC-118sdoc13-2.pdf,1001,1001,banner,True,1001,1001,INTERN COMPENSATION - TOOMEY,2023,55,28,block_start
118sdoc13,GPO-CDOC-118sdoc13-2.pdf,1002,1002,banner,True,1002,1002,SENATOR TOMMY TUBERVILLE,2022,73,34,block_start
118sdoc13,GPO-CDOC-118sdoc13-2.pdf,1003,1003,banner,True,1003,1003,INTERN COMPENSATION - TUBERVILLE,2022,55,28,block_start
118sdoc13,GPO-CDOC-118sdoc13-2.pdf,1004,1004,banner,True,1004,1004,SENATOR TOMMY TUBERVILLE,2023,92,37,block_start
118sdoc13,GPO-CDOC-118sdoc13-2.pdf,1005,1005,banner,True,1005,1005,INTERN COMPENSATION - TUBERVILLE,2023,55,28,block_start
118sdoc13,GPO-CDOC-118sdoc13-2.pdf,1006,1006,banner,True,1006,1006,SENATOR TOMMY TUBERVILLE,2024,134,56,block_start
118sdoc13,GPO-CDOC-118sdoc13-2.pdf,1007,1007,data,True,1006,1006,SENATOR TOMMY TUBERVILLE,2024,141,55,block_data
118sdoc13,GPO-CDOC-118sdoc13-2.pdf,1008,1008,data,True,1006,1006,SENATOR TOMMY TUBERVILLE,2024,192,59,block_data
118sdoc13,GPO-CDOC-118sdoc13-2.pdf,1009,1009,data,True,1006,1006,SENATOR TOMMY TUBERVILLE,2024,207,58,block_data
118sdoc13,GPO-CDOC-118sdoc13-2.pdf,1010,1010,data,True,1006,1006,SENATOR TOMMY TUBERVILLE,2024,191,59,block_data
118sdoc13,GPO-CDOC-118sdoc13-2.pdf,1011,1011,data,True,1006,1006,SENATOR TOMMY TUBERVILLE,2024,182,59,block_data
118sdoc13,GPO-CDOC-118sdoc13-2.pdf,1012,1012,data,True,1006,1006,SENATOR TOMMY TUBERVILLE,2024,207,58,block_data
118sdoc13,GPO-CDOC-118sdoc13-2.pdf,1013,1013,data,True,1006,1006,SENATOR TOMMY TUBERVILLE,2024,172,61,block_data
118sdoc13,GPO-CDOC-118sdoc13-2.pdf,1014,1014,data,True,1006,1006,SENATOR TOMMY TUBERVILLE,2024,203,58,block_data
118sdoc13,GPO-CDOC-118sdoc13-2.pdf,1015,1015,data,True,1006,1006,SENATOR TOMMY TUBERVILLE,2024,185,60,block_data
118sdoc13,GPO-CDOC-118sdoc13-2.pdf,1016,1016,data,True,1006,1006,SENATOR TOMMY TUBERVILLE,2024,207,58,block_data
118sdoc13,GPO-CDOC-118sdoc13-2.pdf,1017,1017,data,True,1006,1006,SENATOR TOMMY TUBERVILLE,2024,202,59,block_data
118sdoc13,GPO-CDOC-118sdoc13-2.pdf,1018,1018,data,True,1006,1006,SENATOR TOMMY TUBERVILLE,2024,197,57,block_data
118sdoc13,GPO-CDOC-118sdoc13-2.pdf,1019,1019,data,True,1006,1006,SENATOR TOMMY TUBERVILLE,2024,88,21,block_data
118sdoc13,GPO-CDOC-118sdoc13-2.pdf,1020,1020,banner,True,1020,1020,INTERN COMPENSATION - TUBERVILLE,2024,95,40,block_start
118sdoc13,GPO-CDOC-118sdoc13-2.pdf,1021,1021,banner,True,1021,1021,SENATOR JD VANCE,2023,138,53,block_start
118sdoc13,GPO-CDOC-118sdoc13-2.pdf,1022,1022,banner,True,1022,1022,INTERN COMPENSATION - VANCE,2023,55,28,block_start
118sdoc13,GPO-CDOC-118sdoc13-2.pdf,1023,1023,banner,True,1023,1023,SENATOR JD VANCE,2024,136,55,block_start
118sdoc13,GPO-CDOC-118sdoc13-2.pdf,1024,1024,data,True,1023,1023,SENATOR JD VANCE,2024,165,56,block_data
118sdoc13,GPO-CDOC-118sdoc13-2.pdf,1025,1025,data,True,1023,1023,SENATOR JD VANCE,2024,186,58,block_data
118sdoc13,GPO-CDOC-118sdoc13-2.pdf,1026,1026,data,True,1023,1023,SENATOR JD VANCE,2024,197,59,block_data
118sdoc13,GPO-CDOC-118sdoc13-2.pdf,1027,1027,data,True,1023,1023,SENATOR JD VANCE,2024,202,57,block_data
118sdoc13,GPO-CDOC-118sdoc13-2.pdf,1028,1028,data,True,1023,1023,SENATOR JD VANCE,2024,197,58,block_data
118sdoc13,GPO-CDOC-118sdoc13-2.pdf,1029,1029,data,True,1023,1023,SENATOR JD VANCE,2024,197,59,block_data
118sdoc13,GPO-CDOC-118sdoc13-2.pdf,1030,1030,data,True,1023,1023,SENATOR JD VANCE,2024,203,58,block_data
118sdoc13,GPO-CDOC-118sdoc13-2.pdf,1031,1031,data,True,1023,1023,SENATOR JD VANCE,2024,202,57,block_data
118sdoc13,GPO-CDOC-118sdoc13-2.pdf,1032,1032,data,True,1023,1023,SENATOR JD VANCE,2024,196,59,block_data
118sdoc13,GPO-CDOC-118sdoc13-2.pdf,1033,1033,data,True,1023,1023,SENATOR JD VANCE,2024,196,58,block_data
118sdoc13,GPO-CDOC-118sdoc13-2.pdf,1034,1034,data,True,1023,1023,SENATOR JD VANCE,2024,207,59,block_data
118sdoc13,GPO-CDOC-118sdoc13-2.pdf,1035,1035,data,True,1023,1023,SENATOR JD VANCE,2024,196,60,block_data
118sdoc13,GPO-CDOC-118sdoc13-2.pdf,1036,1036,data,True,1023,1023,SENATOR JD VANCE,2024,194,59,block_data
118sdoc13,GPO-CDOC-118sdoc13-2.pdf,1037,1037,data,True,1023,1023,SENATOR JD VANCE,2024,195,59,block_data
118sdoc13,GPO-CDOC-118sdoc13-2.pdf,1038,1038,data,True,1023,1023,SENATOR JD VANCE,2024,199,58,block_data
118sdoc13,GPO-CDOC-118sdoc13-2.pdf,1039,1039,data,True,1023,1023,SENATOR JD VANCE,2024,207,58,block_data
118sdoc13,GPO-CDOC-118sdoc13-2.pdf,1040,1040,data,True,1023,1023,SENATOR JD VANCE,2024,203,59,block_data
118sdoc13,GPO-CDOC-118sdoc13-2.pdf,1041,1041,data,True,1023,1023,SENATOR JD VANCE,2024,193,58,block_data
118sdoc13,GPO-CDOC-118sdoc13-2.pdf,1042,1042,data,True,1023,1023,SENATOR JD VANCE,2024,205,59,block_data
118sdoc13,GPO-CDOC-118sdoc13-2.pdf,1043,1043,data,True,1023,1023,SENATOR JD VANCE,2024,205,58,block_data
118sdoc13,GPO-CDOC-118sdoc13-2.pdf,1044,1044,data,True,1023,1023,SENATOR JD VANCE,2024,200,58,block_data
118sdoc13,GPO-CDOC-118sdoc13-2.pdf,1045,1045,data,True,1023,1023,SENATOR JD VANCE,2024,174,37,block_data
118sdoc13,GPO-CDOC-118sdoc13-2.pdf,1046,1046,banner,True,1046,1046,INTERN COMPENSATION - VANCE,2024,77,34,block_start
118sdoc13,GPO-CDOC-118sdoc13-2.pdf,1047,1047,banner,True,1047,1047,SENATOR CHRIS VAN HOLLEN,2022,73,34,block_start
118sdoc13,GPO-CDOC-118sdoc13-2.pdf,1048,1048,banner,True,1048,1048,INTERN COMPENSATION - VAN HOLLEN,2022,55,28,block_start
118sdoc13,GPO-CDOC-118sdoc13-2.pdf,1049,1049,banner,True,1049,1049,SENATOR CHRIS VAN HOLLEN,2023,95,42,block_start
118sdoc13,GPO-CDOC-118sdoc13-2.pdf,1050,1050,banner,True,1050,1050,INTERN COMPENSATION - VAN HOLLEN,2023,55,28,block_start
118sdoc13,GPO-CDOC-118sdoc13-2.pdf,1051,1051,banner,True,1051,1051,SENATOR CHRIS VAN HOLLEN,2024,136,55,block_start
118sdoc13,GPO-CDOC-118sdoc13-2.pdf,1052,1052,data,True,1051,1051,SENATOR CHRIS VAN HOLLEN,2024,163,56,block_data
118sdoc13,GPO-CDOC-118sdoc13-2.pdf,1053,1053,data,True,1051,1051,SENATOR CHRIS VAN HOLLEN,2024,216,58,block_data
118sdoc13,GPO-CDOC-118sdoc13-2.pdf,1054,1054,data,True,1051,1051,SENATOR CHRIS VAN HOLLEN,2024,206,58,block_data
118sdoc13,GPO-CDOC-118sdoc13-2.pdf,1055,1055,data,True,1051,1051,SENATOR CHRIS VAN HOLLEN,2024,216,58,block_data
118sdoc13,GPO-CDOC-118sdoc13-2.pdf,1056,1056,data,True,1051,1051,SENATOR CHRIS VAN HOLLEN,2024,216,58,block_data
118sdoc13,GPO-CDOC-118sdoc13-2.pdf,1057,1057,data,True,1051,1051,SENATOR CHRIS VAN HOLLEN,2024,216,58,block_data
118sdoc13,GPO-CDOC-118sdoc13-2.pdf,1058,1058,data,True,1051,1051,SENATOR CHRIS VAN HOLLEN,2024,216,58,block_data
118sdoc13,GPO-CDOC-118sdoc13-2.pdf,1059,1059,data,True,1051,1051,SENATOR CHRIS VAN HOLLEN,2024,216,58,block_data
118sdoc13,GPO-CDOC-118sdoc13-2.pdf,1060,1060,data,True,1051,1051,SENATOR CHRIS VAN HOLLEN,2024,212,58,block_data
118sdoc13,GPO-CDOC-118sdoc13-2.pdf,1061,1061,data,True,1051,1051,SENATOR CHRIS VAN HOLLEN,2024,211,58,block_data
118sdoc13,GPO-CDOC-118sdoc13-2.pdf,1062,1062,data,True,1051,1051,SENATOR CHRIS VAN HOLLEN,2024,212,58,block_data
118sdoc13,GPO-CDOC-118sdoc13-2.pdf,1063,1063,data,True,1051,1051,SENATOR CHRIS VAN HOLLEN,2024,188,60,block_data
118sdoc13,GPO-CDOC-118sdoc13-2.pdf,1064,1064,data,True,1051,1051,SENATOR CHRIS VAN HOLLEN,2024,216,58,block_data
118sdoc13,GPO-CDOC-118sdoc13-2.pdf,1065,1065,data,True,1051,1051,SENATOR CHRIS VAN HOLLEN,2024,194,58,block_data
118sdoc13,GPO-CDOC-118sdoc13-2.pdf,1066,1066,data,True,1051,1051,SENATOR CHRIS VAN HOLLEN,2024,141,34,block_data
118sdoc13,GPO-CDOC-118sdoc13-2.pdf,1067,1067,banner,True,1067,1067,INTERN COMPENSATION - VAN HOLLEN,2024,113,46,block_start
118sdoc13,GPO-CDOC-118sdoc13-2.pdf,1068,1068,banner,True,1068,1068,SENATOR MARK WARNER,2022,73,34,block_start
118sdoc13,GPO-CDOC-118sdoc13-2.pdf,1069,1069,banner,True,1069,1069,INTERN COMPENSATION - WARNER,2022,55,28,block_start
118sdoc13,GPO-CDOC-118sdoc13-2.pdf,1070,1070,banner,True,1070,1070,SENATOR MARK WARNER,2023,120,46,block_start
118sdoc13,GPO-CDOC-118sdoc13-2.pdf,1071,1071,banner,True,1071,1071,INTERN COMPENSATION - WARNER,2023,55,28,block_start
118sdoc13,GPO-CDOC-118sdoc13-2.pdf,1072,1072,banner,True,1072,1072,SENATOR MARK WARNER,2024,136,55,block_start
118sdoc13,GPO-CDOC-118sdoc13-2.pdf,1073,1073,data,True,1072,1072,SENATOR MARK WARNER,2024,160,55,block_data
118sdoc13,GPO-CDOC-118sdoc13-2.pdf,1074,1074,data,True,1072,1072,SENATOR MARK WARNER,2024,177,60,block_data
118sdoc13,GPO-CDOC-118sdoc13-2.pdf,1075,1075,data,True,1072,1072,SENATOR MARK WARNER,2024,203,58,block_data
118sdoc13,GPO-CDOC-118sdoc13-2.pdf,1076,1076,data,True,1072,1072,SENATOR MARK WARNER,2024,216,58,block_data
118sdoc13,GPO-CDOC-118sdoc13-2.pdf,1077,1077,data,True,1072,1072,SENATOR MARK WARNER,2024,208,58,block_data
118sdoc13,GPO-CDOC-118sdoc13-2.pdf,1078,1078,data,True,1072,1072,SENATOR MARK WARNER,2024,170,59,block_data
118sdoc13,GPO-CDOC-118sdoc13-2.pdf,1079,1079,data,True,1072,1072,SENATOR MARK WARNER,2024,187,59,block_data
118sdoc13,GPO-CDOC-118sdoc13-2.pdf,1080,1080,data,True,1072,1072,SENATOR MARK WARNER,2024,187,58,block_data
118sdoc13,GPO-CDOC-118sdoc13-2.pdf,1081,1081,data,True,1072,1072,SENATOR MARK WARNER,2024,211,58,block_data
118sdoc13,GPO-CDOC-118sdoc13-2.pdf,1082,1082,data,True,1072,1072,SENATOR MARK WARNER,2024,198,59,block_data
118sdoc13,GPO-CDOC-118sdoc13-2.pdf,1083,1083,data,True,1072,1072,SENATOR MARK WARNER,2024,200,58,block_data
118sdoc13,GPO-CDOC-118sdoc13-2.pdf,1084,1084,data,True,1072,1072,SENATOR MARK WARNER,2024,199,58,block_data
118sdoc13,GPO-CDOC-118sdoc13-2.pdf,1085,1085,data,True,1072,1072,SENATOR MARK WARNER,2024,203,59,block_data
118sdoc13,GPO-CDOC-118sdoc13-2.pdf,1086,1086,data,True,1072,1072,SENATOR MARK WARNER,2024,180,60,block_data
118sdoc13,GPO-CDOC-118sdoc13-2.pdf,1087,1087,data,True,1072,1072,SENATOR MARK WARNER,2024,216,58,block_data
118sdoc13,GPO-CDOC-118sdoc13-2.pdf,1088,1088,data,True,1072,1072,SENATOR MARK WARNER,2024,206,58,block_data
118sdoc13,GPO-CDOC-118sdoc13-2.pdf,1089,1089,data,True,1072,1072,SENATOR MARK WARNER,2024,199,59,block_data
118sdoc13,GPO-CDOC-118sdoc13-2.pdf,1090,1090,data,True,1072,1072,SENATOR MARK WARNER,2024,196,58,block_data
118sdoc13,GPO-CDOC-118sdoc13-2.pdf,1091,1091,data,True,1072,1072,SENATOR MARK WARNER,2024,167,59,block_data
118sdoc13,GPO-CDOC-118sdoc13-2.pdf,1092,1092,data,True,1072,1072,SENATOR MARK WARNER,2024,181,59,block_data
118sdoc13,GPO-CDOC-118sdoc13-2.pdf,1093,1093,data,True,1072,1072,SENATOR MARK WARNER,2024,186,60,block_data
118sdoc13,GPO-CDOC-118sdoc13-2.pdf,1094,1094,data,True,1072,1072,SENATOR MARK WARNER,2024,205,58,block_data
118sdoc13,GPO-CDOC-118sdoc13-2.pdf,1095,1095,data,True,1072,1072,SENATOR MARK WARNER,2024,208,58,block_data
118sdoc13,GPO-CDOC-118sdoc13-2.pdf,1096,1096,data,True,1072,1072,SENATOR MARK WARNER,2024,182,58,block_data
118sdoc13,GPO-CDOC-118sdoc13-2.pdf,1097,1097,data,True,1072,1072,SENATOR MARK WARNER,2024,168,43,block_data
118sdoc13,GPO-CDOC-118sdoc13-2.pdf,1098,1098,banner,True,1098,1098,INTERN COMPENSATION - WARNER,2024,139,54,block_start
118sdoc13,GPO-CDOC-118sdoc13-2.pdf,1099,1099,data,True,1098,1098,INTERN COMPENSATION - WARNER,2024,20,12,block_data
118sdoc13,GPO-CDOC-118sdoc13-2.pdf,1100,1100,banner,True,1100,1100,SENATOR RAPHAEL WARNOCK,2022,73,34,block_start
118sdoc13,GPO-CDOC-118sdoc13-2.pdf,1101,1101,banner,True,1101,1101,INTERN COMPENSATION - WARNOCK,2022,55,28,block_start
118sdoc13,GPO-CDOC-118sdoc13-2.pdf,1102,1102,banner,True,1102,1102,SENATOR RAPHAEL WARNOCK,2023,134,55,block_start
118sdoc13,GPO-CDOC-118sdoc13-2.pdf,1103,1103,data,True,1102,1102,SENATOR RAPHAEL WARNOCK,2023,56,22,block_data
118sdoc13,GPO-CDOC-118sdoc13-2.pdf,1104,1104,banner,True,1104,1104,INTERN COMPENSATION - WARNOCK,2023,55,28,block_start
118sdoc13,GPO-CDOC-118sdoc13-2.pdf,1105,1105,banner,True,1105,1105,SENATOR RAPHAEL WARNOCK,2024,136,55,block_start
118sdoc13,GPO-CDOC-118sdoc13-2.pdf,1106,1106,data,True,1105,1105,SENATOR RAPHAEL WARNOCK,2024,166,58,block_data
118sdoc13,GPO-CDOC-118sdoc13-2.pdf,1107,1107,data,True,1105,1105,SENATOR RAPHAEL WARNOCK,2024,178,56,block_data
118sdoc13,GPO-CDOC-118sdoc13-2.pdf,1108,1108,data,True,1105,1105,SENATOR RAPHAEL WARNOCK,2024,204,58,block_data
118sdoc13,GPO-CDOC-118sdoc13-2.pdf,1109,1109,data,True,1105,1105,SENATOR RAPHAEL WARNOCK,2024,212,59,block_data
118sdoc13,GPO-CDOC-118sdoc13-2.pdf,1110,1110,data,True,1105,1105,SENATOR RAPHAEL WARNOCK,2024,201,58,block_data
118sdoc13,GPO-CDOC-118sdoc13-2.pdf,1111,1111,data,True,1105,1105,SENATOR RAPHAEL WARNOCK,2024,202,58,block_data
118sdoc13,GPO-CDOC-118sdoc13-2.pdf,1112,1112,data,True,1105,1105,SENATOR RAPHAEL WARNOCK,2024,208,58,block_data
118sdoc13,GPO-CDOC-118sdoc13-2.pdf,1113,1113,data,True,1105,1105,SENATOR RAPHAEL WARNOCK,2024,207,58,block_data
118sdoc13,GPO-CDOC-118sdoc13-2.pdf,1114,1114,data,True,1105,1105,SENATOR RAPHAEL WARNOCK,2024,209,58,block_data
118sdoc13,GPO-CDOC-118sdoc13-2.pdf,1115,1115,data,True,1105,1105,SENATOR RAPHAEL WARNOCK,2024,196,58,block_data
118sdoc13,GPO-CDOC-118sdoc13-2.pdf,1116,1116,data,True,1105,1105,SENATOR RAPHAEL WARNOCK,2024,202,58,block_data
118sdoc13,GPO-CDOC-118sdoc13-2.pdf,1117,1117,data,True,1105,1105,SENATOR RAPHAEL WARNOCK,2024,216,58,block_data
118sdoc13,GPO-CDOC-118sdoc13-2.pdf,1118,1118,data,True,1105,1105,SENATOR RAPHAEL WARNOCK,2024,204,58,block_data
118sdoc13,GPO-CDOC-118sdoc13-2.pdf,1119,1119,data,True,1105,1105,SENATOR RAPHAEL WARNOCK,2024,192,58,block_data
118sdoc13,GPO-CDOC-118sdoc13-2.pdf,1120,1120,data,True,1105,1105,SENATOR RAPHAEL WARNOCK,2024,210,59,block_data
118sdoc13,GPO-CDOC-118sdoc13-2.pdf,1121,1121,data,True,1105,1105,SENATOR RAPHAEL WARNOCK,2024,197,59,block_data
118sdoc13,GPO-CDOC-118sdoc13-2.pdf,1122,1122,data,True,1105,1105,SENATOR RAPHAEL WARNOCK,2024,195,58,block_data
118sdoc13,GPO-CDOC-118sdoc13-2.pdf,1123,1123,data,True,1105,1105,SENATOR RAPHAEL WARNOCK,2024,213,58,block_data
118sdoc13,GPO-CDOC-118sdoc13-2.pdf,1124,1124,data,True,1105,1105,SENATOR RAPHAEL WARNOCK,2024,195,58,block_data
118sdoc13,GPO-CDOC-118sdoc13-2.pdf,1125,1125,data,True,1105,1105,SENATOR RAPHAEL WARNOCK,2024,200,58,block_data
118sdoc13,GPO-CDOC-118sdoc13-2.pdf,1126,1126,data,True,1105,1105,SENATOR RAPHAEL WARNOCK,2024,182,58,block_data
118sdoc13,GPO-CDOC-118sdoc13-2.pdf,1127,1127,data,True,1105,1105,SENATOR RAPHAEL WARNOCK,2024,212,58,block_data
118sdoc13,GPO-CDOC-118sdoc13-2.pdf,1128,1128,data,True,1105,1105,SENATOR RAPHAEL WARNOCK,2024,186,59,block_data
118sdoc13,GPO-CDOC-118sdoc13-2.pdf,1129,1129,data,True,1105,1105,SENATOR RAPHAEL WARNOCK,2024,191,58,block_data
118sdoc13,GPO-CDOC-118sdoc13-2.pdf,1130,1130,data,True,1105,1105,SENATOR RAPHAEL WARNOCK,2024,203,58,block_data
118sdoc13,GPO-CDOC-118sdoc13-2.pdf,1131,1131,data,True,1105,1105,SENATOR RAPHAEL WARNOCK,2024,208,58,block_data
118sdoc13,GPO-CDOC-118sdoc13-2.pdf,1132,1132,data,True,1105,1105,SENATOR RAPHAEL WARNOCK,2024,194,59,block_data
118sdoc13,GPO-CDOC-118sdoc13-2.pdf,1133,1133,data,True,1105,1105,SENATOR RAPHAEL WARNOCK,2024,174,59,block_data
118sdoc13,GPO-CDOC-118sdoc13-2.pdf,1134,1134,data,True,1105,1105,SENATOR RAPHAEL WARNOCK,2024,90,22,block_data
118sdoc13,GPO-CDOC-118sdoc13-2.pdf,1135,1135,banner,True,1135,1135,INTERN COMPENSATION - WARNOCK,2024,119,48,block_start
118sdoc13,GPO-CDOC-118sdoc13-2.pdf,1136,1136,banner,True,1136,1136,SENATOR ELIZABETH WARREN,2022,73,34,block_start
118sdoc13,GPO-CDOC-118sdoc13-2.pdf,1137,1137,banner,True,1137,1137,INTERN COMPENSATION - WARREN,2022,55,28,block_start
118sdoc13,GPO-CDOC-118sdoc13-2.pdf,1138,1138,banner,True,1138,1138,SENATOR ELIZABETH WARREN,2023,89,37,block_start
118sdoc13,GPO-CDOC-118sdoc13-2.pdf,1139,1139,banner,True,1139,1139,INTERN COMPENSATION - WARREN,2023,55,28,block_start
118sdoc13,GPO-CDOC-118sdoc13-2.pdf,1140,1140,banner,True,1140,1140,SENATOR ELIZABETH WARREN,2024,136,55,block_start
118sdoc13,GPO-CDOC-118sdoc13-2.pdf,1141,1141,data,True,1140,1140,SENATOR ELIZABETH WARREN,2024,166,58,block_data
118sdoc13,GPO-CDOC-118sdoc13-2.pdf,1142,1142,data,True,1140,1140,SENATOR ELIZABETH WARREN,2024,173,56,block_data
118sdoc13,GPO-CDOC-118sdoc13-2.pdf,1143,1143,data,True,1140,1140,SENATOR ELIZABETH WARREN,2024,208,58,block_data
118sdoc13,GPO-CDOC-118sdoc13-2.pdf,1144,1144,data,True,1140,1140,SENATOR ELIZABETH WARREN,2024,207,58,block_data
118sdoc13,GPO-CDOC-118sdoc13-2.pdf,1145,1145,data,True,1140,1140,SENATOR ELIZABETH WARREN,2024,211,58,block_data
118sdoc13,GPO-CDOC-118sdoc13-2.pdf,1146,1146,data,True,1140,1140,SENATOR ELIZABETH WARREN,2024,206,58,block_data
118sdoc13,GPO-CDOC-118sdoc13-2.pdf,1147,1147,data,True,1140,1140,SENATOR ELIZABETH WARREN,2024,206,58,block_data
118sdoc13,GPO-CDOC-118sdoc13-2.pdf,1148,1148,data,True,1140,1140,SENATOR ELIZABETH WARREN,2024,209,57,block_data
118sdoc13,GPO-CDOC-118sdoc13-2.pdf,1149,1149,data,True,1140,1140,SENATOR ELIZABETH WARREN,2024,195,58,block_data
118sdoc13,GPO-CDOC-118sdoc13-2.pdf,1150,1150,data,True,1140,1140,SENATOR ELIZABETH WARREN,2024,216,58,block_data
118sdoc13,GPO-CDOC-118sdoc13-2.pdf,1151,1151,data,True,1140,1140,SENATOR ELIZABETH WARREN,2024,245,47,block_data
118sdoc13,GPO-CDOC-118sdoc13-2.pdf,1152,1152,banner,True,1152,1152,INTERN COMPENSATION - WARREN,2024,80,35,block_start
118sdoc13,GPO-CDOC-118sdoc13-2.pdf,1153,1153,banner,True,1153,1153,SENATOR PETER WELCH,2023,73,34,block_start
118sdoc13,GPO-CDOC-118sdoc13-2.pdf,1154,1154,banner,True,1154,1154,INTERN COMPENSATION - WELCH,2023,55,28,block_start
118sdoc13,GPO-CDOC-118sdoc13-2.pdf,1155,1155,banner,True,1155,1155,SENATOR PETER WELCH,2024,136,55,block_start
118sdoc13,GPO-CDOC-118sdoc13-2.pdf,1156,1156,data,True,1155,1155,SENATOR PETER WELCH,2024,161,56,block_data
118sdoc13,GPO-CDOC-118sdoc13-2.pdf,1157,1157,data,True,1155,1155,SENATOR PETER WELCH,2024,182,58,block_data
118sdoc13,GPO-CDOC-118sdoc13-2.pdf,1158,1158,data,True,1155,1155,SENATOR PETER WELCH,2024,198,59,block_data
118sdoc13,GPO-CDOC-118sdoc13-2.pdf,1159,1159,data,True,1155,1155,SENATOR PETER WELCH,2024,191,58,block_data
118sdoc13,GPO-CDOC-118sdoc13-2.pdf,1160,1160,data,True,1155,1155,SENATOR PETER WELCH,2024,210,58,block_data
118sdoc13,GPO-CDOC-118sdoc13-2.pdf,1161,1161,data,True,1155,1155,SENATOR PETER WELCH,2024,289,58,block_data
118sdoc13,GPO-CDOC-118sdoc13-2.pdf,1162,1162,data,True,1155,1155,SENATOR PETER WELCH,2024,185,58,block_data
118sdoc13,GPO-CDOC-118sdoc13-2.pdf,1163,1163,data,True,1155,1155,SENATOR PETER WELCH,2024,190,58,block_data
118sdoc13,GPO-CDOC-118sdoc13-2.pdf,1164,1164,data,True,1155,1155,SENATOR PETER WELCH,2024,194,58,block_data
118sdoc13,GPO-CDOC-118sdoc13-2.pdf,1165,1165,data,True,1155,1155,SENATOR PETER WELCH,2024,183,59,block_data
118sdoc13,GPO-CDOC-118sdoc13-2.pdf,1166,1166,data,True,1155,1155,SENATOR PETER WELCH,2024,213,58,block_data
118sdoc13,GPO-CDOC-118sdoc13-2.pdf,1167,1167,data,True,1155,1155,SENATOR PETER WELCH,2024,187,60,block_data
118sdoc13,GPO-CDOC-118sdoc13-2.pdf,1168,1168,data,True,1155,1155,SENATOR PETER WELCH,2024,200,58,block_data
118sdoc13,GPO-CDOC-118sdoc13-2.pdf,1169,1169,data,True,1155,1155,SENATOR PETER WELCH,2024,209,58,block_data
118sdoc13,GPO-CDOC-118sdoc13-2.pdf,1170,1170,data,True,1155,1155,SENATOR PETER WELCH,2024,194,39,block_data
118sdoc13,GPO-CDOC-118sdoc13-2.pdf,1171,1171,banner,True,1171,1171,INTERN COMPENSATION - WELCH,2024,98,41,block_start
118sdoc13,GPO-CDOC-118sdoc13-2.pdf,1172,1172,banner,True,1172,1172,SENATOR SHELDON WHITEHOUSE,2022,82,36,block_start
118sdoc13,GPO-CDOC-118sdoc13-2.pdf,1173,1173,banner,True,1173,1173,INTERN COMPENSATION - WHITEHOUSE,2022,55,28,block_start
118sdoc13,GPO-CDOC-118sdoc13-2.pdf,1174,1174,banner,True,1174,1174,SENATOR SHELDON WHITEHOUSE,2023,73,34,block_start
118sdoc13,GPO-CDOC-118sdoc13-2.pdf,1175,1175,banner,True,1175,1175,INTERN COMPENSATION - WHITEHOUSE,2023,55,28,block_start
118sdoc13,GPO-CDOC-118sdoc13-2.pdf,1176,1176,banner,True,1176,1176,SENATOR SHELDON WHITEHOUSE,2024,136,55,block_start
118sdoc13,GPO-CDOC-118sdoc13-2.pdf,1177,1177,data,True,1176,1176,SENATOR SHELDON WHITEHOUSE,2024,168,56,block_data
118sdoc13,GPO-CDOC-118sdoc13-2.pdf,1178,1178,data,True,1176,1176,SENATOR SHELDON WHITEHOUSE,2024,206,58,block_data
118sdoc13,GPO-CDOC-118sdoc13-2.pdf,1179,1179,data,True,1176,1176,SENATOR SHELDON WHITEHOUSE,2024,198,58,block_data
118sdoc13,GPO-CDOC-118sdoc13-2.pdf,1180,1180,data,True,1176,1176,SENATOR SHELDON WHITEHOUSE,2024,223,58,block_data
118sdoc13,GPO-CDOC-118sdoc13-2.pdf,1181,1181,data,True,1176,1176,SENATOR SHELDON WHITEHOUSE,2024,194,59,block_data
118sdoc13,GPO-CDOC-118sdoc13-2.pdf,1182,1182,data,True,1176,1176,SENATOR SHELDON WHITEHOUSE,2024,205,58,block_data
118sdoc13,GPO-CDOC-118sdoc13-2.pdf,1183,1183,data,True,1176,1176,SENATOR SHELDON WHITEHOUSE,2024,212,58,block_data
118sdoc13,GPO-CDOC-118sdoc13-2.pdf,1184,1184,data,True,1176,1176,SENATOR SHELDON WHITEHOUSE,2024,205,58,block_data
118sdoc13,GPO-CDOC-118sdoc13-2.pdf,1185,1185,data,True,1176,1176,SENATOR SHELDON WHITEHOUSE,2024,202,47,block_data
118sdoc13,GPO-CDOC-118sdoc13-2.pdf,1186,1186,banner,True,1186,1186,INTERN COMPENSATION - WHITEHOUSE,2024,86,37,block_start
118sdoc13,GPO-CDOC-118sdoc13-2.pdf,1187,1187,banner,True,1187,1187,SENATOR ROGER WICKER,2022,73,34,block_start
118sdoc13,GPO-CDOC-118sdoc13-2.pdf,1188,1188,banner,True,1188,1188,INTERN COMPENSATION - WICKER,2022,55,28,block_start
118sdoc13,GPO-CDOC-118sdoc13-2.pdf,1189,1189,banner,True,1189,1189,SENATOR ROGER WICKER,2023,73,34,block_start
118sdoc13,GPO-CDOC-118sdoc13-2.pdf,1190,1190,banner,True,1190,1190,INTERN COMPENSATION - WICKER,2023,55,28,block_start
118sdoc13,GPO-CDOC-118sdoc13-2.pdf,1191,1191,banner,True,1191,1191,SENATOR ROGER WICKER,2024,136,55,block_start
118sdoc13,GPO-CDOC-118sdoc13-2.pdf,1192,1192,data,True,1191,1191,SENATOR ROGER WICKER,2024,181,56,block_data
118sdoc13,GPO-CDOC-118sdoc13-2.pdf,1193,1193,data,True,1191,1191,SENATOR ROGER WICKER,2024,196,59,block_data
118sdoc13,GPO-CDOC-118sdoc13-2.pdf,1194,1194,data,True,1191,1191,SENATOR ROGER WICKER,2024,197,59,block_data
118sdoc13,GPO-CDOC-118sdoc13-2.pdf,1195,1195,data,True,1191,1191,SENATOR ROGER WICKER,2024,185,59,block_data
118sdoc13,GPO-CDOC-118sdoc13-2.pdf,1196,1196,data,True,1191,1191,SENATOR ROGER WICKER,2024,186,59,block_data
118sdoc13,GPO-CDOC-118sdoc13-2.pdf,1197,1197,data,True,1191,1191,SENATOR ROGER WICKER,2024,198,59,block_data
118sdoc13,GPO-CDOC-118sdoc13-2.pdf,1198,1198,data,True,1191,1191,SENATOR ROGER WICKER,2024,175,59,block_data
118sdoc13,GPO-CDOC-118sdoc13-2.pdf,1199,1199,data,True,1191,1191,SENATOR ROGER WICKER,2024,193,58,block_data
118sdoc13,GPO-CDOC-118sdoc13-2.pdf,1200,1200,data,True,1191,1191,SENATOR ROGER WICKER,2024,203,58,block_data
118sdoc13,GPO-CDOC-118sdoc13-2.pdf,1201,1201,data,True,1191,1191,SENATOR ROGER WICKER,2024,172,59,block_data
118sdoc13,GPO-CDOC-118sdoc13-2.pdf,1202,1202,data,True,1191,1191,SENATOR ROGER WICKER,2024,175,59,block_data
118sdoc13,GPO-CDOC-118sdoc13-2.pdf,1203,1203,data,True,1191,1191,SENATOR ROGER WICKER,2024,190,60,block_data
118sdoc13,GPO-CDOC-118sdoc13-2.pdf,1204,1204,banner,True,1204,1204,INTERN COMPENSATION - WICKER,2024,139,54,block_start
118sdoc13,GPO-CDOC-118sdoc13-2.pdf,1205,1205,data,True,1204,1204,INTERN COMPENSATION - WICKER,2024,20,12,block_data
118sdoc13,GPO-CDOC-118sdoc13-2.pdf,1206,1206,banner,True,1206,1206,SENATOR RON WYDEN,2022,73,34,block_start
118sdoc13,GPO-CDOC-118sdoc13-2.pdf,1207,1207,banner,True,1207,1207,INTERN COMPENSATION - WYDEN,2022,55,28,block_start
118sdoc13,GPO-CDOC-118sdoc13-2.pdf,1208,1208,banner,True,1208,1208,SENATOR RON WYDEN,2023,73,34,block_start
118sdoc13,GPO-CDOC-118sdoc13-2.pdf,1209,1209,banner,True,1209,1209,INTERN COMPENSATION - WYDEN,2023,55,28,block_start
118sdoc13,GPO-CDOC-118sdoc13-2.pdf,1210,1210,banner,True,1210,1210,SENATOR RON WYDEN,2024,130,53,block_start
118sdoc13,GPO-CDOC-118sdoc13-2.pdf,1211,1211,data,True,1210,1210,SENATOR RON WYDEN,2024,151,60,block_data
118sdoc13,GPO-CDOC-118sdoc13-2.pdf,1212,1212,data,True,1210,1210,SENATOR RON WYDEN,2024,197,59,block_data
118sdoc13,GPO-CDOC-118sdoc13-2.pdf,1213,1213,data,True,1210,1210,SENATOR RON WYDEN,2024,181,59,block_data
118sdoc13,GPO-CDOC-118sdoc13-2.pdf,1214,1214,data,True,1210,1210,SENATOR RON WYDEN,2024,214,58,block_data
118sdoc13,GPO-CDOC-118sdoc13-2.pdf,1215,1215,data,True,1210,1210,SENATOR RON WYDEN,2024,206,58,block_data
118sdoc13,GPO-CDOC-118sdoc13-2.pdf,1216,1216,data,True,1210,1210,SENATOR RON WYDEN,2024,186,58,block_data
118sdoc13,GPO-CDOC-118sdoc13-2.pdf,1217,1217,data,True,1210,1210,SENATOR RON WYDEN,2024,201,58,block_data
118sdoc13,GPO-CDOC-118sdoc13-2.pdf,1218,1218,data,True,1210,1210,SENATOR RON WYDEN,2024,176,57,block_data
118sdoc13,GPO-CDOC-118sdoc13-2.pdf,1219,1219,data,True,1210,1210,SENATOR RON WYDEN,2024,228,59,block_data
118sdoc13,GPO-CDOC-118sdoc13-2.pdf,1220,1220,data,True,1210,1210,SENATOR RON WYDEN,2024,211,58,block_data
118sdoc13,GPO-CDOC-118sdoc13-2.pdf,1221,1221,data,True,1210,1210,SENATOR RON WYDEN,2024,183,58,block_data
118sdoc13,GPO-CDOC-118sdoc13-2.pdf,1222,1222,data,True,1210,1210,SENATOR RON WYDEN,2024,190,59,block_data
118sdoc13,GPO-CDOC-118sdoc13-2.pdf,1223,1223,data,True,1210,1210,SENATOR RON WYDEN,2024,135,34,block_data
118sdoc13,GPO-CDOC-118sdoc13-2.pdf,1224,1224,banner,True,1224,1224,INTERN COMPENSATION - WYDEN,2024,93,41,block_start
118sdoc13,GPO-CDOC-118sdoc13-2.pdf,1225,1225,banner,True,1225,1225,SENATOR TODD YOUNG,2022,82,36,block_start
118sdoc13,GPO-CDOC-118sdoc13-2.pdf,1226,1226,banner,True,1226,1226,INTERN COMPENSATION - YOUNG,2022,55,28,block_start
118sdoc13,GPO-CDOC-118sdoc13-2.pdf,1227,1227,banner,True,1227,1227,SENATOR TODD YOUNG,2023,73,34,block_start
118sdoc13,GPO-CDOC-118sdoc13-2.pdf,1228,1228,banner,True,1228,1228,INTERN COMPENSATION - YOUNG,2023,55,28,block_start
118sdoc13,GPO-CDOC-118sdoc13-2.pdf,1229,1229,banner,True,1229,1229,SENATOR TODD YOUNG,2024,136,55,block_start
118sdoc13,GPO-CDOC-118sdoc13-2.pdf,1230,1230,data,True,1229,1229,SENATOR TODD YOUNG,2024,168,57,block_data
118sdoc13,GPO-CDOC-118sdoc13-2.pdf,1231,1231,data,True,1229,1229,SENATOR TODD YOUNG,2024,181,59,block_data
118sdoc13,GPO-CDOC-118sdoc13-2.pdf,1232,1232,data,True,1229,1229,SENATOR TODD YOUNG,2024,200,58,block_data
118sdoc13,GPO-CDOC-118sdoc13-2.pdf,1233,1233,data,True,1229,1229,SENATOR TODD YOUNG,2024,192,58,block_data
118sdoc13,GPO-CDOC-118sdoc13-2.pdf,1234,1234,data,True,1229,1229,SENATOR TODD YOUNG,2024,170,59,block_data
118sdoc13,GPO-CDOC-118sdoc13-2.pdf,1235,1235,data,True,1229,1229,SENATOR TODD YOUNG,2024,184,61,block_data
118sdoc13,GPO-CDOC-118sdoc13-2.pdf,1236,1236,data,True,1229,1229,SENATOR TODD YOUNG,2024,188,57,block_data
118sdoc13,GPO-CDOC-118sdoc13-2.pdf,1237,1237,data,True,1229,1229,SENATOR TODD YOUNG,2024,182,60,block_data
118sdoc13,GPO-CDOC-118sdoc13-2.pdf,1238,1238,data,True,1229,1229,SENATOR TODD YOUNG,2024,185,59,block_data
118sdoc13,GPO-CDOC-118sdoc13-2.pdf,1239,1239,data,True,1229,1229,SENATOR TODD YOUNG,2024,200,60,block_data
118sdoc13,GPO-CDOC-118sdoc13-2.pdf,1240,1240,data,True,1229,1229,SENATOR TODD YOUNG,2024,186,58,block_data
118sdoc13,GPO-CDOC-118sdoc13-2.pdf,1241,1241,data,True,1229,1229,SENATOR TODD YOUNG,2024,177,59,block_data
118sdoc13,GPO-CDOC-118sdoc13-2.pdf,1242,1242,data,True,1229,1229,SENATOR TODD YOUNG,2024,176,58,block_data
118sdoc13,GPO-CDOC-118sdoc13-2.pdf,1243,1243,data,True,1229,1229,SENATOR TODD YOUNG,2024,183,58,block_data
118sdoc13,GPO-CDOC-118sdoc13-2.pdf,1244,1244,data,True,1229,1229,SENATOR TODD YOUNG,2024,88,21,block_data
118sdoc13,GPO-CDOC-118sdoc13-2.pdf,1245,1245,banner,True,1245,1245,INTERN COMPENSATION - YOUNG,2024,138,54,block_start
118sdoc13,GPO-CDOC-118sdoc13-2.pdf,1246,1246,data,True,1245,1245,INTERN COMPENSATION - YOUNG,2024,18,11,block_data
118sdoc13,GPO-CDOC-118sdoc13-2.pdf,1247,1247,banner,True,1247,1247,STATIONERY,,78,35,block_start
118sdoc13,GPO-CDOC-118sdoc13-2.pdf,1248,1248,banner,True,1248,1248,LEGAL COUNSEL,2022,66,29,block_start
118sdoc13,GPO-CDOC-118sdoc13-2.pdf,1249,1249,banner,True,1249,1249,LEGAL COUNSEL,2023,66,29,block_start
118sdoc13,GPO-CDOC-118sdoc13-2.pdf,1250,1250,banner,True,1250,1250,LEGAL COUNSEL,2024,128,49,block_start
118sdoc13,GPO-CDOC-118sdoc13-2.pdf,1251,1251,data,True,1250,1250,LEGAL COUNSEL,2024,84,22,block_data
118sdoc13,GPO-CDOC-118sdoc13-2.pdf,1252,1252,banner,True,1252,1252,SECRETARY FOR THE MAJORITY (D),2022,64,33,block_start
118sdoc13,GPO-CDOC-118sdoc13-2.pdf,1253,1253,banner,True,1253,1253,SECRETARY FOR THE MAJORITY (D),2023,70,33,block_start
118sdoc13,GPO-CDOC-118sdoc13-2.pdf,1254,1254,banner,True,1254,1254,SECRETARY FOR THE MAJORITY (D),2024,71,33,block_start
118sdoc13,GPO-CDOC-118sdoc13-2.pdf,1255,1255,banner,True,1255,1255,SECRETARY FOR THE MINORITY (R),2022,67,33,block_start
118sdoc13,GPO-CDOC-118sdoc13-2.pdf,1256,1256,banner,True,1256,1256,SECRETARY FOR THE MINORITY (R),2023,67,33,block_start
118sdoc13,GPO-CDOC-118sdoc13-2.pdf,1257,1257,banner,True,1257,1257,SECRETARY FOR THE MINORITY (R),2024,61,32,block_start
118sdoc13,GPO-CDOC-118sdoc13-2.pdf,1258,1258,banner,True,1258,1258,SERGEANT AT ARMS AND DOORKEEPER OF THE SENATE,2022,62,33,block_start
118sdoc13,GPO-CDOC-118sdoc13-2.pdf,1259,1259,banner,True,1259,1259,SERGEANT AT ARMS AND DOORKEEPER OF THE SENATE,2023,59,32,block_start
118sdoc13,GPO-CDOC-118sdoc13-2.pdf,1260,1260,banner,True,1260,1260,SERGEANT AT ARMS AND DOORKEEPER OF THE SENATE,2024,59,32,block_start
118sdoc13,GPO-CDOC-118sdoc13-2.pdf,1261,1261,banner,True,1261,1261,SECRETARY OF THE SENATE,2018,58,31,block_start
118sdoc13,GPO-CDOC-118sdoc13-2.pdf,1262,1262,banner,True,1262,1262,SECRETARY OF THE SENATE,2019,58,31,block_start
118sdoc13,GPO-CDOC-118sdoc13-2.pdf,1263,1263,banner,True,1263,1263,SECRETARY OF THE SENATE,2020,61,32,block_start
118sdoc13,GPO-CDOC-118sdoc13-2.pdf,1264,1264,banner,True,1264,1264,SECRETARY OF THE SENATE,2022,58,31,block_start
118sdoc13,GPO-CDOC-118sdoc13-2.pdf,1265,1265,banner,True,1265,1265,SECRETARY OF THE SENATE,2023,58,31,block_start
118sdoc13,GPO-CDOC-118sdoc13-2.pdf,1266,1266,banner,True,1266,1266,SECRETARY OF THE SENATE,2023,58,31,block_start
118sdoc13,GPO-CDOC-118sdoc13-2.pdf,1267,1267,banner,True,1267,1267,SECRETARY OF THE SENATE,2024,58,31,block_start
118sdoc13,GPO-CDOC-118sdoc13-2.pdf,1268,1268,banner,True,1268,1268,SECRETARY OF THE SENATE,2024,58,31,block_start
118sdoc13,GPO-CDOC-118sdoc13-2.pdf,1269,1269,banner,True,1269,1269,SAA - BUSINESS CONTINUITY AND DISASTER RECOVERY FUND,,106,40,block_start
118sdoc13,GPO-CDOC-118sdoc13-2.pdf,1270,1270,banner,True,1270,1270,SERGEANT AT ARMS FELLOWSHIPS FUND,,51,26,block_start
118sdoc13,GPO-CDOC-118sdoc13-2.pdf,1271,1271,banner,True,1271,1271,JOINT ECONOMIC COMMITTEE,2022,69,29,block_start
118sdoc13,GPO-CDOC-118sdoc13-2.pdf,1272,1272,banner,True,1272,1272,JOINT ECONOMIC COMMITTEE,2023,72,33,block_start
118sdoc13,GPO-CDOC-118sdoc13-2.pdf,1273,1273,banner,True,1273,1273,JOINT ECONOMIC COMMITTEE,2024,135,54,block_start
118sdoc13,GPO-CDOC-118sdoc13-2.pdf,1274,1274,data,True,1273,1273,JOINT ECONOMIC COMMITTEE,2024,162,56,block_data
118sdoc13,GPO-CDOC-118sdoc13-2.pdf,1275,1275,data,True,1273,1273,JOINT ECONOMIC COMMITTEE,2024,209,39,block_data
118sdoc13,GPO-CDOC-118sdoc13-2.pdf,1276,1276,banner,True,1276,1276,LEGISLATIVE COUNSEL,2022,72,33,block_start
118sdoc13,GPO-CDOC-118sdoc13-2.pdf,1277,1277,banner,True,1277,1277,LEGISLATIVE COUNSEL,2023,78,31,block_start
118sdoc13,GPO-CDOC-118sdoc13-2.pdf,1278,1278,banner,True,1278,1278,LEGISLATIVE COUNSEL,2024,135,52,block_start
118sdoc13,GPO-CDOC-118sdoc13-2.pdf,1279,1279,data,True,1278,1278,LEGISLATIVE COUNSEL,2024,121,44,block_data
118sdoc13,GPO-CDOC-118sdoc13-2.pdf,1280,1280,banner,True,1280,1280,JOINT CONGRESSIONAL COMMITTEE ON INAUGURAL CEREMONIES,2024,125,50,block_start
118sdoc13,GPO-CDOC-118sdoc13-2.pdf,1281,1281,banner,True,1281,1281,OFFICE OF CONGRESSIONAL ACCESSIBILITY SERVICES,2022,64,30,block_start
118sdoc13,GPO-CDOC-118sdoc13-2.pdf,1282,1282,banner,True,1282,1282,OFFICE OF CONGRESSIONAL ACCESSIBILITY SERVICES,2023,67,30,block_start
118sdoc13,GPO-CDOC-118sdoc13-2.pdf,1283,1283,banner,True,1283,1283,OFFICE OF CONGRESSIONAL ACCESSIBILITY SERVICES,2024,150,50,block_start
118sdoc13,GPO-CDOC-118sdoc13-2.pdf,1284,1284,data,True,1283,1283,OFFICE OF CONGRESSIONAL ACCESSIBILITY SERVICES,2024,354,57,block_data
118sdoc13,GPO-CDOC-118sdoc13-2.pdf,1285,1285,banner,True,1285,1285,OFFICE OF CONGRESSIONAL ACCESSIBILITY SERVICES,,55,28,block_start
118sdoc13,GPO-CDOC-118sdoc13-2.pdf,1286,1286,banner,True,1286,1286,COMPUTER CENTER REVOLVING FUND,,54,27,block_start
118sdoc13,GPO-CDOC-118sdoc13-2.pdf,1287,1287,banner,True,1287,1287,HEALTH AND PROMOTION,,60,29,block_start
118sdoc13,GPO-CDOC-118sdoc13-2.pdf,1288,1288,banner,True,1288,1288,PUBLIC RECORDS,,70,30,block_start
118sdoc13,GPO-CDOC-118sdoc13-2.pdf,1289,1289,banner,True,1289,1289,GIFT SHOP,,184,50,block_start
118sdoc13,GPO-CDOC-118sdoc13-2.pdf,1290,1290,banner,True,1290,1290,PHOTOGRAPHIC STUDIO,,167,48,block_start
118sdoc13,GPO-CDOC-118sdoc13-2.pdf,1291,1291,banner,True,1291,1291,RECORDING STUDIO,,132,43,block_start
118sdoc13,GPO-CDOC-118sdoc13-2.pdf,1292,1292,banner,True,1292,1292,DANIEL WEBSTER SENATE PAGE RESIDENCE,,201,53,block_start
118sdoc13,GPO-CDOC-118sdoc13-2.pdf,1293,1293,data,True,1292,1292,DANIEL WEBSTER SENATE PAGE RESIDENCE,,25,12,block_data
118sdoc13,GPO-CDOC-118sdoc13-2.pdf,1294,1294,banner,True,1294,1294,SENATE HAIR CARE,,200,52,block_start
118sdoc13,GPO-CDOC-118sdoc13-2.pdf,1295,1295,data,True,1294,1294,SENATE HAIR CARE,,144,29,block_data
118sdoc13,GPO-CDOC-118sdoc13-2.pdf,1296,1296,other,False,1294,1294,SENATE HAIR CARE,,0,0,terminates_block
118sdoc13,GPO-CDOC-118sdoc13-2.pdf,1297,1297,banner,True,1297,1297,"AGRICULTURE, NUTRITION AND FORESTRY S.RES. 70C (117TH) EXPENSES OF INQUIRIES AND INVESTIGATIONS",,71,29,block_start
118sdoc13,GPO-CDOC-118sdoc13-2.pdf,1298,1298,banner,True,1298,1298,"AGRICULTURE, NUTRITION AND FORESTRY S.RES. 70D (117TH) EXPENSES OF INQUIRIES AND INVESTIGATIONS",,71,29,block_start
118sdoc13,GPO-CDOC-118sdoc13-2.pdf,1299,1299,banner,True,1299,1299,"AGRICULTURE, NUTRITION AND FORESTRY S.RES. 59B (118TH) EXPENSES OF INQUIRIES AND INVESTIGATIONS",,71,29,block_start
118sdoc13,GPO-CDOC-118sdoc13-2.pdf,1300,1300,banner,True,1300,1300,"AGRICULTURE, NUTRITION AND FORESTRY S.RES. 59C (118TH) EXPENSES OF INQUIRIES AND INVESTIGATIONS",,134,50,block_start
118sdoc13,GPO-CDOC-118sdoc13-2.pdf,1301,1301,data,True,1300,1300,"AGRICULTURE, NUTRITION AND FORESTRY S.RES. 59C (118TH) EXPENSES OF INQUIRIES AND INVESTIGATIONS",,165,57,block_data
118sdoc13,GPO-CDOC-118sdoc13-2.pdf,1302,1302,data,True,1300,1300,"AGRICULTURE, NUTRITION AND FORESTRY S.RES. 59C (118TH) EXPENSES OF INQUIRIES AND INVESTIGATIONS",,153,55,block_data
118sdoc13,GPO-CDOC-118sdoc13-2.pdf,1303,1303,data,True,1300,1300,"AGRICULTURE, NUTRITION AND FORESTRY S.RES. 59C (118TH) EXPENSES OF INQUIRIES AND INVESTIGATIONS",,157,56,block_data
118sdoc13,GPO-CDOC-118sdoc13-2.pdf,1304,1304,data,True,1300,1300,"AGRICULTURE, NUTRITION AND FORESTRY S.RES. 59C (118TH) EXPENSES OF INQUIRIES AND INVESTIGATIONS",,168,57,block_data
118sdoc13,GPO-CDOC-118sdoc13-2.pdf,1305,1305,data,True,1300,1300,"AGRICULTURE, NUTRITION AND FORESTRY S.RES. 59C (118TH) EXPENSES OF INQUIRIES AND INVESTIGATIONS",,165,58,block_data
118sdoc13,GPO-CDOC-118sdoc13-2.pdf,1306,1306,data,True,1300,1300,"AGRICULTURE, NUTRITION AND FORESTRY S.RES. 59C (118TH) EXPENSES OF INQUIRIES AND INVESTIGATIONS",,153,59,block_data
118sdoc13,GPO-CDOC-118sdoc13-2.pdf,1307,1307,data,True,1300,1300,"AGRICULTURE, NUTRITION AND FORESTRY S.RES. 59C (118TH) EXPENSES OF INQUIRIES AND INVESTIGATIONS",,166,56,block_data
118sdoc13,GPO-CDOC-118sdoc13-2.pdf,1308,1308,data,True,1300,1300,"AGRICULTURE, NUTRITION AND FORESTRY S.RES. 59C (118TH) EXPENSES OF INQUIRIES AND INVESTIGATIONS",,126,30,block_data
118sdoc13,GPO-CDOC-118sdoc13-2.pdf,1309,1309,banner,True,1309,1309,ARMED SERVICES S.RES. 70C (117TH) EXPENSES OF INQUIRIES AND INVESTIGATIONS,,116,38,block_start
118sdoc13,GPO-CDOC-118sdoc13-2.pdf,1310,1310,banner,True,1310,1310,ARMED SERVICES S.RES. 70D (117TH) EXPENSES OF INQUIRIES AND INVESTIGATIONS,,88,34,block_start
118sdoc13,GPO-CDOC-118sdoc13-2.pdf,1311,1311,banner,True,1311,1311,ARMED SERVICES S.RES. 59B (118TH) EXPENSES OF INQUIRIES AND INVESTIGATIONS,,185,49,block_start
118sdoc13,GPO-CDOC-118sdoc13-2.pdf,1312,1312,banner,True,1312,1312,ARMED SERVICES S.RES. 59C (118TH) EXPENSES OF INQUIRIES AND INVESTIGATIONS,,135,52,block_start
118sdoc13,GPO-CDOC-118sdoc13-2.pdf,1313,1313,data,True,1312,1312,ARMED SERVICES S.RES. 59C (118TH) EXPENSES OF INQUIRIES AND INVESTIGATIONS,,190,53,block_data
118sdoc13,GPO-CDOC-118sdoc13-2.pdf,1314,1314,data,True,1312,1312,ARMED SERVICES S.RES. 59C (118TH) EXPENSES OF INQUIRIES AND INVESTIGATIONS,,25,12,block_data
118sdoc13,GPO-CDOC-118sdoc13-2.pdf,1315,1315,banner,True,1315,1315,"BANKING, HOUSING AND URBAN AFFAIRS S.RES. 70C (117TH) EXPENSES OF INQUIRIES AND INVESTIGATIONS",,72,31,block_start
118sdoc13,GPO-CDOC-118sdoc13-2.pdf,1316,1316,banner,True,1316,1316,"BANKING, HOUSING AND URBAN AFFAIRS S.RES. 70D (117TH) EXPENSES OF INQUIRIES AND INVESTIGATIONS",,72,31,block_start
118sdoc13,GPO-CDOC-118sdoc13-2.pdf,1317,1317,banner,True,1317,1317,"BANKING, HOUSING AND URBAN AFFAIRS S.RES. 59B (118TH) EXPENSES OF INQUIRIES AND INVESTIGATIONS",,72,31,block_start
118sdoc13,GPO-CDOC-118sdoc13-2.pdf,1318,1318,banner,True,1318,1318,"BANKING, HOUSING AND URBAN AFFAIRS S.RES. 59C (118TH) EXPENSES OF INQUIRIES AND INVESTIGATIONS",,133,53,block_start
118sdoc13,GPO-CDOC-118sdoc13-2.pdf,1319,1319,data,True,1318,1318,"BANKING, HOUSING AND URBAN AFFAIRS S.RES. 59C (118TH) EXPENSES OF INQUIRIES AND INVESTIGATIONS",,166,56,block_data
118sdoc13,GPO-CDOC-118sdoc13-2.pdf,1320,1320,data,True,1318,1318,"BANKING, HOUSING AND URBAN AFFAIRS S.RES. 59C (118TH) EXPENSES OF INQUIRIES AND INVESTIGATIONS",,169,58,block_data
118sdoc13,GPO-CDOC-118sdoc13-2.pdf,1321,1321,data,True,1318,1318,"BANKING, HOUSING AND URBAN AFFAIRS S.RES. 59C (118TH) EXPENSES OF INQUIRIES AND INVESTIGATIONS",,196,59,block_data
118sdoc13,GPO-CDOC-118sdoc13-2.pdf,1322,1322,data,True,1318,1318,"BANKING, HOUSING AND URBAN AFFAIRS S.RES. 59C (118TH) EXPENSES OF INQUIRIES AND INVESTIGATIONS",,195,34,block_data
118sdoc13,GPO-CDOC-118sdoc13-2.pdf,1323,1323,banner,True,1323,1323,BUDGET S.RES. 70C (117TH) EXPENSES OF INQUIRIES AND INVESTIGATIONS,,72,31,block_start
118sdoc13,GPO-CDOC-118sdoc13-2.pdf,1324,1324,banner,True,1324,1324,BUDGET S.RES. 70D (117TH) EXPENSES OF INQUIRIES AND INVESTIGATIONS,,72,31,block_start
118sdoc13,GPO-CDOC-118sdoc13-2.pdf,1325,1325,banner,True,1325,1325,BUDGET S.RES. 59B (118TH) EXPENSES OF INQUIRIES AND INVESTIGATIONS,,72,31,block_start
118sdoc13,GPO-CDOC-118sdoc13-2.pdf,1326,1326,banner,True,1326,1326,BUDGET S.RES. 59C (118TH) EXPENSES OF INQUIRIES AND INVESTIGATIONS,,135,53,block_start
118sdoc13,GPO-CDOC-118sdoc13-2.pdf,1327,1327,data,True,1326,1326,BUDGET S.RES. 59C (118TH) EXPENSES OF INQUIRIES AND INVESTIGATIONS,,165,53,block_data
118sdoc13,GPO-CDOC-118sdoc13-2.pdf,1328,1328,data,True,1326,1326,BUDGET S.RES. 59C (118TH) EXPENSES OF INQUIRIES AND INVESTIGATIONS,,111,25,block_data
118sdoc13,GPO-CDOC-118sdoc13-2.pdf,1329,1329,banner,True,1329,1329,"COMMERCE, SCIENCE AND TRANSPORTATION S.RES. 70C (117TH) EXPENSES OF INQUIRIES AND INVESTIGATIONS",,72,31,block_start
118sdoc13,GPO-CDOC-118sdoc13-2.pdf,1330,1330,banner,True,1330,1330,"COMMERCE, SCIENCE AND TRANSPORTATION S.RES. 70D (117TH) EXPENSES OF INQUIRIES AND INVESTIGATIONS",,72,31,block_start
118sdoc13,GPO-CDOC-118sdoc13-2.pdf,1331,1331,banner,True,1331,1331,"COMMERCE, SCIENCE AND TRANSPORTATION S.RES. 59B (118TH) EXPENSES OF INQUIRIES AND INVESTIGATIONS",,81,33,block_start
118sdoc13,GPO-CDOC-118sdoc13-2.pdf,1332,1332,banner,True,1332,1332,"COMMERCE, SCIENCE AND TRANSPORTATION S.RES. 59C (118TH) EXPENSES OF INQUIRIES AND INVESTIGATIONS",,135,53,block_start
118sdoc13,GPO-CDOC-118sdoc13-2.pdf,1333,1333,data,True,1332,1332,"COMMERCE, SCIENCE AND TRANSPORTATION S.RES. 59C (118TH) EXPENSES OF INQUIRIES AND INVESTIGATIONS",,166,56,block_data
118sdoc13,GPO-CDOC-118sdoc13-2.pdf,1334,1334,data,True,1332,1332,"COMMERCE, SCIENCE AND TRANSPORTATION S.RES. 59C (118TH) EXPENSES OF INQUIRIES AND INVESTIGATIONS",,161,56,block_data
118sdoc13,GPO-CDOC-118sdoc13-2.pdf,1335,1335,data,True,1332,1332,"COMMERCE, SCIENCE AND TRANSPORTATION S.RES. 59C (118TH) EXPENSES OF INQUIRIES AND INVESTIGATIONS",,168,60,block_data
118sdoc13,GPO-CDOC-118sdoc13-2.pdf,1336,1336,data,True,1332,1332,"COMMERCE, SCIENCE AND TRANSPORTATION S.RES. 59C (118TH) EXPENSES OF INQUIRIES AND INVESTIGATIONS",,171,58,block_data
118sdoc13,GPO-CDOC-118sdoc13-2.pdf,1337,1337,data,True,1332,1332,"COMMERCE, SCIENCE AND TRANSPORTATION S.RES. 59C (118TH) EXPENSES OF INQUIRIES AND INVESTIGATIONS",,244,60,block_data
118sdoc13,GPO-CDOC-118sdoc13-2.pdf,1338,1338,data,True,1332,1332,"COMMERCE, SCIENCE AND TRANSPORTATION S.RES. 59C (118TH) EXPENSES OF INQUIRIES AND INVESTIGATIONS",,32,13,block_data
118sdoc13,GPO-CDOC-118sdoc13-2.pdf,1339,1339,banner,True,1339,1339,ENERGY AND NATURAL RESOURCES S.RES. 70C (117TH) EXPENSES OF INQUIRIES AND INVESTIGATIONS,,72,31,block_start
118sdoc13,GPO-CDOC-118sdoc13-2.pdf,1340,1340,banner,True,1340,1340,ENERGY AND NATURAL RESOURCES S.RES. 70D (117TH) EXPENSES OF INQUIRIES AND INVESTIGATIONS,,72,31,block_start
118sdoc13,GPO-CDOC-118sdoc13-2.pdf,1341,1341,banner,True,1341,1341,ENERGY AND NATURAL RESOURCES S.RES. 59B (118TH) EXPENSES OF INQUIRIES AND INVESTIGATIONS,,72,31,block_start
118sdoc13,GPO-CDOC-118sdoc13-2.pdf,1342,1342,banner,True,1342,1342,ENERGY AND NATURAL RESOURCES S.RES. 59C (118TH) EXPENSES OF INQUIRIES AND INVESTIGATIONS,,135,53,block_start
118sdoc13,GPO-CDOC-118sdoc13-2.pdf,1343,1343,data,True,1342,1342,ENERGY AND NATURAL RESOURCES S.RES. 59C (118TH) EXPENSES OF INQUIRIES AND INVESTIGATIONS,,161,54,block_data
118sdoc13,GPO-CDOC-118sdoc13-2.pdf,1344,1344,data,True,1342,1342,ENERGY AND NATURAL RESOURCES S.RES. 59C (118TH) EXPENSES OF INQUIRIES AND INVESTIGATIONS,,176,59,block_data
118sdoc13,GPO-CDOC-118sdoc13-2.pdf,1345,1345,data,True,1342,1342,ENERGY AND NATURAL RESOURCES S.RES. 59C (118TH) EXPENSES OF INQUIRIES AND INVESTIGATIONS,,161,59,block_data
118sdoc13,GPO-CDOC-118sdoc13-2.pdf,1346,1346,data,True,1342,1342,ENERGY AND NATURAL RESOURCES S.RES. 59C (118TH) EXPENSES OF INQUIRIES AND INVESTIGATIONS,,218,58,block_data
118sdoc13,GPO-CDOC-118sdoc13-2.pdf,1347,1347,data,True,1342,1342,ENERGY AND NATURAL RESOURCES S.RES. 59C (118TH) EXPENSES OF INQUIRIES AND INVESTIGATIONS,,74,19,block_data
118sdoc13,GPO-CDOC-118sdoc13-2.pdf,1348,1348,banner,True,1348,1348,ENVIRONMENT AND PUBLIC WORKS S.RES. 70C (117TH) EXPENSES OF INQUIRIES AND INVESTIGATIONS,,72,31,block_start
118sdoc13,GPO-CDOC-118sdoc13-2.pdf,1349,1349,banner,True,1349,1349,ENVIRONMENT AND PUBLIC WORKS S.RES. 70D (117TH) EXPENSES OF INQUIRIES AND INVESTIGATIONS,,69,31,block_start
118sdoc13,GPO-CDOC-118sdoc13-2.pdf,1350,1350,banner,True,1350,1350,ENVIRONMENT AND PUBLIC WORKS S.RES. 59B (118TH) EXPENSES OF INQUIRIES AND INVESTIGATIONS,,69,31,block_start
118sdoc13,GPO-CDOC-118sdoc13-2.pdf,1351,1351,banner,True,1351,1351,ENVIRONMENT AND PUBLIC WORKS S.RES. 59C (118TH) EXPENSES OF INQUIRIES AND INVESTIGATIONS,,135,53,block_start
118sdoc13,GPO-CDOC-118sdoc13-2.pdf,1352,1352,data,True,1351,1351,ENVIRONMENT AND PUBLIC WORKS S.RES. 59C (118TH) EXPENSES OF INQUIRIES AND INVESTIGATIONS,,160,54,block_data
118sdoc13,GPO-CDOC-118sdoc13-2.pdf,1353,1353,data,True,1351,1351,ENVIRONMENT AND PUBLIC WORKS S.RES. 59C (118TH) EXPENSES OF INQUIRIES AND INVESTIGATIONS,,180,58,block_data
118sdoc13,GPO-CDOC-118sdoc13-2.pdf,1354,1354,data,True,1351,1351,ENVIRONMENT AND PUBLIC WORKS S.RES. 59C (118TH) EXPENSES OF INQUIRIES AND INVESTIGATIONS,,225,56,block_data
118sdoc13,GPO-CDOC-118sdoc13-2.pdf,1355,1355,banner,True,1355,1355,ETHICS COMMITTEE ON ETHICS - FY 2022 EXPENSES OF INQUIRIES AND INVESTIGATIONS,,66,30,block_start
118sdoc13,GPO-CDOC-118sdoc13-2.pdf,1356,1356,banner,True,1356,1356,ETHICS COMMITTEE ON ETHICS - FY 2023 EXPENSES OF INQUIRIES AND INVESTIGATIONS,,66,30,block_start
118sdoc13,GPO-CDOC-118sdoc13-2.pdf,1357,1357,banner,True,1357,1357,ETHICS COMMITTEE ON ETHICS - FY 2024 EXPENSES OF INQUIRIES AND INVESTIGATIONS,,130,51,block_start
118sdoc13,GPO-CDOC-118sdoc13-2.pdf,1358,1358,data,True,1357,1357,ETHICS COMMITTEE ON ETHICS - FY 2024 EXPENSES OF INQUIRIES AND INVESTIGATIONS,,241,59,block_data
118sdoc13,GPO-CDOC-118sdoc13-2.pdf,1359,1359,data,True,1357,1357,ETHICS COMMITTEE ON ETHICS - FY 2024 EXPENSES OF INQUIRIES AND INVESTIGATIONS,,46,15,block_data
118sdoc13,GPO-CDOC-118sdoc13-2.pdf,1360,1360,banner,True,1360,1360,FINANCE S.RES. 70C (117TH) EXPENSES OF INQUIRIES AND INVESTIGATIONS,,72,31,block_start
118sdoc13,GPO-CDOC-118sdoc13-2.pdf,1361,1361,banner,True,1361,1361,FINANCE S.RES. 70D (117TH) EXPENSES OF INQUIRIES AND INVESTIGATIONS,,69,31,block_start
118sdoc13,GPO-CDOC-118sdoc13-2.pdf,1362,1362,banner,True,1362,1362,FINANCE S.RES. 59B (118TH) EXPENSES OF INQUIRIES AND INVESTIGATIONS,,72,31,block_start
118sdoc13,GPO-CDOC-118sdoc13-2.pdf,1363,1363,banner,True,1363,1363,FINANCE S.RES. 59C (118TH) EXPENSES OF INQUIRIES AND INVESTIGATIONS,,135,52,block_start
118sdoc13,GPO-CDOC-118sdoc13-2.pdf,1364,1364,data,True,1363,1363,FINANCE S.RES. 59C (118TH) EXPENSES OF INQUIRIES AND INVESTIGATIONS,,159,64,block_data
118sdoc13,GPO-CDOC-118sdoc13-2.pdf,1365,1365,data,True,1363,1363,FINANCE S.RES. 59C (118TH) EXPENSES OF INQUIRIES AND INVESTIGATIONS,,157,58,block_data
118sdoc13,GPO-CDOC-118sdoc13-2.pdf,1366,1366,data,True,1363,1363,FINANCE S.RES. 59C (118TH) EXPENSES OF INQUIRIES AND INVESTIGATIONS,,188,58,block_data
118sdoc13,GPO-CDOC-118sdoc13-2.pdf,1367,1367,data,True,1363,1363,FINANCE S.RES. 59C (118TH) EXPENSES OF INQUIRIES AND INVESTIGATIONS,,265,59,block_data
118sdoc13,GPO-CDOC-118sdoc13-2.pdf,1368,1368,data,True,1363,1363,FINANCE S.RES. 59C (118TH) EXPENSES OF INQUIRIES AND INVESTIGATIONS,,18,11,block_data
118sdoc13,GPO-CDOC-118sdoc13-2.pdf,1369,1369,banner,True,1369,1369,FOREIGN RELATIONS S.RES. 70C (117TH) EXPENSES OF INQUIRIES AND INVESTIGATIONS,,82,34,block_start
118sdoc13,GPO-CDOC-118sdoc13-2.pdf,1370,1370,banner,True,1370,1370,FOREIGN RELATIONS S.RES. 70D (117TH) EXPENSES OF INQUIRIES AND INVESTIGATIONS,,81,33,block_start
118sdoc13,GPO-CDOC-118sdoc13-2.pdf,1371,1371,banner,True,1371,1371,FOREIGN RELATIONS S.RES. 59B (118TH) EXPENSES OF INQUIRIES AND INVESTIGATIONS,,72,31,block_start
118sdoc13,GPO-CDOC-118sdoc13-2.pdf,1372,1372,banner,True,1372,1372,FOREIGN RELATIONS S.RES. 59C (118TH) EXPENSES OF INQUIRIES AND INVESTIGATIONS,,135,52,block_start
118sdoc13,GPO-CDOC-118sdoc13-2.pdf,1373,1373,data,True,1372,1372,FOREIGN RELATIONS S.RES. 59C (118TH) EXPENSES OF INQUIRIES AND INVESTIGATIONS,,166,56,block_data
118sdoc13,GPO-CDOC-118sdoc13-2.pdf,1374,1374,data,True,1372,1372,FOREIGN RELATIONS S.RES. 59C (118TH) EXPENSES OF INQUIRIES AND INVESTIGATIONS,,165,54,block_data
118sdoc13,GPO-CDOC-118sdoc13-2.pdf,1375,1375,data,True,1372,1372,FOREIGN RELATIONS S.RES. 59C (118TH) EXPENSES OF INQUIRIES AND INVESTIGATIONS,,213,56,block_data
118sdoc13,GPO-CDOC-118sdoc13-2.pdf,1376,1376,data,True,1372,1372,FOREIGN RELATIONS S.RES. 59C (118TH) EXPENSES OF INQUIRIES AND INVESTIGATIONS,,200,56,block_data
118sdoc13,GPO-CDOC-118sdoc13-2.pdf,1377,1377,data,True,1372,1372,FOREIGN RELATIONS S.RES. 59C (118TH) EXPENSES OF INQUIRIES AND INVESTIGATIONS,,207,58,block_data
118sdoc13,GPO-CDOC-118sdoc13-2.pdf,1378,1378,data,True,1372,1372,FOREIGN RELATIONS S.RES. 59C (118TH) EXPENSES OF INQUIRIES AND INVESTIGATIONS,,202,59,block_data
118sdoc13,GPO-CDOC-118sdoc13-2.pdf,1379,1379,data,True,1372,1372,FOREIGN RELATIONS S.RES. 59C (118TH) EXPENSES OF INQUIRIES AND INVESTIGATIONS,,183,56,block_data
118sdoc13,GPO-CDOC-118sdoc13-2.pdf,1380,1380,data,True,1372,1372,FOREIGN RELATIONS S.RES. 59C (118TH) EXPENSES OF INQUIRIES AND INVESTIGATIONS,,188,55,block_data
118sdoc13,GPO-CDOC-118sdoc13-2.pdf,1381,1381,data,True,1372,1372,FOREIGN RELATIONS S.RES. 59C (118TH) EXPENSES OF INQUIRIES AND INVESTIGATIONS,,349,55,block_data
118sdoc13,GPO-CDOC-118sdoc13-2.pdf,1382,1382,data,True,1372,1372,FOREIGN RELATIONS S.RES. 59C (118TH) EXPENSES OF INQUIRIES AND INVESTIGATIONS,,16,10,block_data
118sdoc13,GPO-CDOC-118sdoc13-2.pdf,1383,1383,banner,True,1383,1383,HOMELAND SECURITY AND GOVERNMENTAL AFFAIRS S.RES. 70C (117TH) EXPENSES OF INQUIRIES AND INVESTIGATIONS,,73,32,block_start
118sdoc13,GPO-CDOC-118sdoc13-2.pdf,1384,1384,banner,True,1384,1384,HOMELAND SECURITY AND GOVERNMENTAL AFFAIRS S.RES. 70D (117TH) EXPENSES OF INQUIRIES AND INVESTIGATIONS,,73,32,block_start
118sdoc13,GPO-CDOC-118sdoc13-2.pdf,1385,1385,banner,True,1385,1385,HOMELAND SECURITY AND GOVERNMENTAL AFFAIRS S.RES. 59B (118TH) EXPENSES OF INQUIRIES AND INVESTIGATIONS,,82,34,block_start
118sdoc13,GPO-CDOC-118sdoc13-2.pdf,1386,1386,banner,True,1386,1386,HOMELAND SECURITY AND GOVERNMENTAL AFFAIRS S.RES. 59C (118TH) EXPENSES OF INQUIRIES AND INVESTIGATIONS,,136,53,block_start
118sdoc13,GPO-CDOC-118sdoc13-2.pdf,1387,1387,data,True,1386,1386,HOMELAND SECURITY AND GOVERNMENTAL AFFAIRS S.RES. 59C (118TH) EXPENSES OF INQUIRIES AND INVESTIGATIONS,,166,56,block_data
118sdoc13,GPO-CDOC-118sdoc13-2.pdf,1388,1388,data,True,1386,1386,HOMELAND SECURITY AND GOVERNMENTAL AFFAIRS S.RES. 59C (118TH) EXPENSES OF INQUIRIES AND INVESTIGATIONS,,166,56,block_data
118sdoc13,GPO-CDOC-118sdoc13-2.pdf,1389,1389,data,True,1386,1386,HOMELAND SECURITY AND GOVERNMENTAL AFFAIRS S.RES. 59C (118TH) EXPENSES OF INQUIRIES AND INVESTIGATIONS,,156,58,block_data
118sdoc13,GPO-CDOC-118sdoc13-2.pdf,1390,1390,data,True,1386,1386,HOMELAND SECURITY AND GOVERNMENTAL AFFAIRS S.RES. 59C (118TH) EXPENSES OF INQUIRIES AND INVESTIGATIONS,,164,60,block_data
118sdoc13,GPO-CDOC-118sdoc13-2.pdf,1391,1391,data,True,1386,1386,HOMELAND SECURITY AND GOVERNMENTAL AFFAIRS S.RES. 59C (118TH) EXPENSES OF INQUIRIES AND INVESTIGATIONS,,169,59,block_data
118sdoc13,GPO-CDOC-118sdoc13-2.pdf,1392,1392,data,True,1386,1386,HOMELAND SECURITY AND GOVERNMENTAL AFFAIRS S.RES. 59C (118TH) EXPENSES OF INQUIRIES AND INVESTIGATIONS,,159,59,block_data
118sdoc13,GPO-CDOC-118sdoc13-2.pdf,1393,1393,data,True,1386,1386,HOMELAND SECURITY AND GOVERNMENTAL AFFAIRS S.RES. 59C (118TH) EXPENSES OF INQUIRIES AND INVESTIGATIONS,,159,61,block_data
118sdoc13,GPO-CDOC-118sdoc13-2.pdf,1394,1394,data,True,1386,1386,HOMELAND SECURITY AND GOVERNMENTAL AFFAIRS S.RES. 59C (118TH) EXPENSES OF INQUIRIES AND INVESTIGATIONS,,166,60,block_data
118sdoc13,GPO-CDOC-118sdoc13-2.pdf,1395,1395,data,True,1386,1386,HOMELAND SECURITY AND GOVERNMENTAL AFFAIRS S.RES. 59C (118TH) EXPENSES OF INQUIRIES AND INVESTIGATIONS,,189,58,block_data
118sdoc13,GPO-CDOC-118sdoc13-2.pdf,1396,1396,data,True,1386,1386,HOMELAND SECURITY AND GOVERNMENTAL AFFAIRS S.RES. 59C (118TH) EXPENSES OF INQUIRIES AND INVESTIGATIONS,,158,59,block_data
118sdoc13,GPO-CDOC-118sdoc13-2.pdf,1397,1397,data,True,1386,1386,HOMELAND SECURITY AND GOVERNMENTAL AFFAIRS S.RES. 59C (118TH) EXPENSES OF INQUIRIES AND INVESTIGATIONS,,266,60,block_data
118sdoc13,GPO-CDOC-118sdoc13-2.pdf,1398,1398,data,True,1386,1386,HOMELAND SECURITY AND GOVERNMENTAL AFFAIRS S.RES. 59C (118TH) EXPENSES OF INQUIRIES AND INVESTIGATIONS,,196,36,block_data
118sdoc13,GPO-CDOC-118sdoc13-2.pdf,1399,1399,banner,True,1399,1399,"HEALTH, EDUCATION, LABOR, AND PENSIONS S.RES. 70C (117TH) EXPENSES OF INQUIRIES AND INVESTIGATIONS",,73,33,block_start
118sdoc13,GPO-CDOC-118sdoc13-2.pdf,1400,1400,banner,True,1400,1400,"HEALTH, EDUCATION, LABOR, AND PENSIONS S.RES. 70D (117TH) EXPENSES OF INQUIRIES AND INVESTIGATIONS",,73,33,block_start
118sdoc13,GPO-CDOC-118sdoc13-2.pdf,1401,1401,banner,True,1401,1401,"HEALTH, EDUCATION, LABOR, AND PENSIONS S.RES. 59B (118TH) EXPENSES OF INQUIRIES AND INVESTIGATIONS",,83,37,block_start
118sdoc13,GPO-CDOC-118sdoc13-2.pdf,1402,1402,banner,True,1402,1402,"HEALTH, EDUCATION, LABOR, AND PENSIONS S.RES. 59C (118TH) EXPENSES OF INQUIRIES AND INVESTIGATIONS",,136,54,block_start
118sdoc13,GPO-CDOC-118sdoc13-2.pdf,1403,1403,data,True,1402,1402,"HEALTH, EDUCATION, LABOR, AND PENSIONS S.RES. 59C (118TH) EXPENSES OF INQUIRIES AND INVESTIGATIONS",,165,62,block_data
118sdoc13,GPO-CDOC-118sdoc13-2.pdf,1404,1404,data,True,1402,1402,"HEALTH, EDUCATION, LABOR, AND PENSIONS S.RES. 59C (118TH) EXPENSES OF INQUIRIES AND INVESTIGATIONS",,167,59,block_data
118sdoc13,GPO-CDOC-118sdoc13-2.pdf,1405,1405,data,True,1402,1402,"HEALTH, EDUCATION, LABOR, AND PENSIONS S.RES. 59C (118TH) EXPENSES OF INQUIRIES AND INVESTIGATIONS",,162,56,block_data
118sdoc13,GPO-CDOC-118sdoc13-2.pdf,1406,1406,data,True,1402,1402,"HEALTH, EDUCATION, LABOR, AND PENSIONS S.RES. 59C (118TH) EXPENSES OF INQUIRIES AND INVESTIGATIONS",,235,60,block_data
118sdoc13,GPO-CDOC-118sdoc13-2.pdf,1407,1407,data,True,1402,1402,"HEALTH, EDUCATION, LABOR, AND PENSIONS S.RES. 59C (118TH) EXPENSES OF INQUIRIES AND INVESTIGATIONS",,49,17,block_data
118sdoc13,GPO-CDOC-118sdoc13-2.pdf,1408,1408,banner,True,1408,1408,INDIAN AFFAIRS S.RES. 70C (117TH) EXPENSES OF INQUIRIES AND INVESTIGATIONS,,70,33,block_start
118sdoc13,GPO-CDOC-118sdoc13-2.pdf,1409,1409,banner,True,1409,1409,INDIAN AFFAIRS S.RES. 70D (117TH) EXPENSES OF INQUIRIES AND INVESTIGATIONS,,73,33,block_start
118sdoc13,GPO-CDOC-118sdoc13-2.pdf,1410,1410,banner,True,1410,1410,INDIAN AFFAIRS S.RES. 59B (118TH) EXPENSES OF INQUIRIES AND INVESTIGATIONS,,73,33,block_start
118sdoc13,GPO-CDOC-118sdoc13-2.pdf,1411,1411,banner,True,1411,1411,INDIAN AFFAIRS S.RES. 59C (118TH) EXPENSES OF INQUIRIES AND INVESTIGATIONS,,133,53,block_start
118sdoc13,GPO-CDOC-118sdoc13-2.pdf,1412,1412,data,True,1411,1411,INDIAN AFFAIRS S.RES. 59C (118TH) EXPENSES OF INQUIRIES AND INVESTIGATIONS,,155,55,block_data
118sdoc13,GPO-CDOC-118sdoc13-2.pdf,1413,1413,data,True,1411,1411,INDIAN AFFAIRS S.RES. 59C (118TH) EXPENSES OF INQUIRIES AND INVESTIGATIONS,,161,58,block_data
118sdoc13,GPO-CDOC-118sdoc13-2.pdf,1414,1414,data,True,1411,1411,INDIAN AFFAIRS S.RES. 59C (118TH) EXPENSES OF INQUIRIES AND INVESTIGATIONS,,185,42,block_data
118sdoc13,GPO-CDOC-118sdoc13-2.pdf,1415,1415,banner,True,1415,1415,INTELLIGENCE S.RES. 70C (117TH) EXPENSES OF INQUIRIES AND INVESTIGATIONS,,91,38,block_start
118sdoc13,GPO-CDOC-118sdoc13-2.pdf,1416,1416,banner,True,1416,1416,INTELLIGENCE S.RES. 70D (117TH) EXPENSES OF INQUIRIES AND INVESTIGATIONS,,73,33,block_start
118sdoc13,GPO-CDOC-118sdoc13-2.pdf,1417,1417,banner,True,1417,1417,INTELLIGENCE S.RES. 59B (118TH) EXPENSES OF INQUIRIES AND INVESTIGATIONS,,73,33,block_start
118sdoc13,GPO-CDOC-118sdoc13-2.pdf,1418,1418,banner,True,1418,1418,INTELLIGENCE S.RES. 59C (118TH) EXPENSES OF INQUIRIES AND INVESTIGATIONS,,136,54,block_start
118sdoc13,GPO-CDOC-118sdoc13-2.pdf,1419,1419,data,True,1418,1418,INTELLIGENCE S.RES. 59C (118TH) EXPENSES OF INQUIRIES AND INVESTIGATIONS,,165,58,block_data
118sdoc13,GPO-CDOC-118sdoc13-2.pdf,1420,1420,data,True,1418,1418,INTELLIGENCE S.RES. 59C (118TH) EXPENSES OF INQUIRIES AND INVESTIGATIONS,,207,61,block_data
118sdoc13,GPO-CDOC-118sdoc13-2.pdf,1421,1421,data,True,1418,1418,INTELLIGENCE S.RES. 59C (118TH) EXPENSES OF INQUIRIES AND INVESTIGATIONS,,227,58,block_data
118sdoc13,GPO-CDOC-118sdoc13-2.pdf,1422,1422,data,True,1418,1418,INTELLIGENCE S.RES. 59C (118TH) EXPENSES OF INQUIRIES AND INVESTIGATIONS,,19,12,block_data
118sdoc13,GPO-CDOC-118sdoc13-2.pdf,1423,1423,banner,True,1423,1423,JUDICIARY S.RES. 70C (117TH) EXPENSES OF INQUIRIES AND INVESTIGATIONS,,70,33,block_start
118sdoc13,GPO-CDOC-118sdoc13-2.pdf,1424,1424,banner,True,1424,1424,JUDICIARY S.RES. 70D (117TH) EXPENSES OF INQUIRIES AND INVESTIGATIONS,,70,33,block_start
118sdoc13,GPO-CDOC-118sdoc13-2.pdf,1425,1425,banner,True,1425,1425,JUDICIARY S.RES. 59B (118TH) EXPENSES OF INQUIRIES AND INVESTIGATIONS,,73,33,block_start
118sdoc13,GPO-CDOC-118sdoc13-2.pdf,1426,1426,banner,True,1426,1426,JUDICIARY S.RES. 59C (118TH) EXPENSES OF INQUIRIES AND INVESTIGATIONS,,136,54,block_start
118sdoc13,GPO-CDOC-118sdoc13-2.pdf,1427,1427,data,True,1426,1426,JUDICIARY S.RES. 59C (118TH) EXPENSES OF INQUIRIES AND INVESTIGATIONS,,167,59,block_data
118sdoc13,GPO-CDOC-118sdoc13-2.pdf,1428,1428,data,True,1426,1426,JUDICIARY S.RES. 59C (118TH) EXPENSES OF INQUIRIES AND INVESTIGATIONS,,161,60,block_data
118sdoc13,GPO-CDOC-118sdoc13-2.pdf,1429,1429,data,True,1426,1426,JUDICIARY S.RES. 59C (118TH) EXPENSES OF INQUIRIES AND INVESTIGATIONS,,159,62,block_data
118sdoc13,GPO-CDOC-118sdoc13-2.pdf,1430,1430,data,True,1426,1426,JUDICIARY S.RES. 59C (118TH) EXPENSES OF INQUIRIES AND INVESTIGATIONS,,169,60,block_data
118sdoc13,GPO-CDOC-118sdoc13-2.pdf,1431,1431,data,True,1426,1426,JUDICIARY S.RES. 59C (118TH) EXPENSES OF INQUIRIES AND INVESTIGATIONS,,183,58,block_data
118sdoc13,GPO-CDOC-118sdoc13-2.pdf,1432,1432,data,True,1426,1426,JUDICIARY S.RES. 59C (118TH) EXPENSES OF INQUIRIES AND INVESTIGATIONS,,283,55,block_data
118sdoc13,GPO-CDOC-118sdoc13-2.pdf,1433,1433,data,True,1426,1426,JUDICIARY S.RES. 59C (118TH) EXPENSES OF INQUIRIES AND INVESTIGATIONS,,112,26,block_data
118sdoc13,GPO-CDOC-118sdoc13-2.pdf,1434,1434,banner,True,1434,1434,RULES AND ADMINISTRATION S.RES. 70C (117TH) EXPENSES OF INQUIRIES AND INVESTIGATIONS,,89,36,block_start
118sdoc13,GPO-CDOC-118sdoc13-2.pdf,1435,1435,banner,True,1435,1435,RULES AND ADMINISTRATION S.RES. 70D (117TH) EXPENSES OF INQUIRIES AND INVESTIGATIONS,,70,33,block_start
118sdoc13,GPO-CDOC-118sdoc13-2.pdf,1436,1436,banner,True,1436,1436,RULES AND ADMINISTRATION S.RES. 59B (118TH) EXPENSES OF INQUIRIES AND INVESTIGATIONS,,89,36,block_start
118sdoc13,GPO-CDOC-118sdoc13-2.pdf,1437,1437,banner,True,1437,1437,RULES AND ADMINISTRATION S.RES. 59C (118TH) EXPENSES OF INQUIRIES AND INVESTIGATIONS,,136,54,block_start
118sdoc13,GPO-CDOC-118sdoc13-2.pdf,1438,1438,data,True,1437,1437,RULES AND ADMINISTRATION S.RES. 59C (118TH) EXPENSES OF INQUIRIES AND INVESTIGATIONS,,179,57,block_data
118sdoc13,GPO-CDOC-118sdoc13-2.pdf,1439,1439,data,True,1437,1437,RULES AND ADMINISTRATION S.RES. 59C (118TH) EXPENSES OF INQUIRIES AND INVESTIGATIONS,,72,21,block_data
118sdoc13,GPO-CDOC-118sdoc13-2.pdf,1440,1440,banner,True,1440,1440,SMALL BUSINESS AND ENTREPRENEURSHIP S.RES. 70C (117TH) EXPENSES OF INQUIRIES AND INVESTIGATIONS,,73,33,block_start
118sdoc13,GPO-CDOC-118sdoc13-2.pdf,1441,1441,banner,True,1441,1441,SMALL BUSINESS AND ENTREPRENEURSHIP S.RES. 70D (117TH) EXPENSES OF INQUIRIES AND INVESTIGATIONS,,73,33,block_start
118sdoc13,GPO-CDOC-118sdoc13-2.pdf,1442,1442,banner,True,1442,1442,SMALL BUSINESS AND ENTREPRENEURSHIP S.RES. 59B (118TH) EXPENSES OF INQUIRIES AND INVESTIGATIONS,,83,36,block_start
118sdoc13,GPO-CDOC-118sdoc13-2.pdf,1443,1443,banner,True,1443,1443,SMALL BUSINESS AND ENTREPRENEURSHIP S.RES. 59C (118TH) EXPENSES OF INQUIRIES AND INVESTIGATIONS,,136,54,block_start
118sdoc13,GPO-CDOC-118sdoc13-2.pdf,1444,1444,data,True,1443,1443,SMALL BUSINESS AND ENTREPRENEURSHIP S.RES. 59C (118TH) EXPENSES OF INQUIRIES AND INVESTIGATIONS,,161,57,block_data
118sdoc13,GPO-CDOC-118sdoc13-2.pdf,1445,1445,data,True,1443,1443,SMALL BUSINESS AND ENTREPRENEURSHIP S.RES. 59C (118TH) EXPENSES OF INQUIRIES AND INVESTIGATIONS,,170,59,block_data
118sdoc13,GPO-CDOC-118sdoc13-2.pdf,1446,1446,data,True,1443,1443,SMALL BUSINESS AND ENTREPRENEURSHIP S.RES. 59C (118TH) EXPENSES OF INQUIRIES AND INVESTIGATIONS,,181,62,block_data
118sdoc13,GPO-CDOC-118sdoc13-2.pdf,1447,1447,data,True,1443,1443,SMALL BUSINESS AND ENTREPRENEURSHIP S.RES. 59C (118TH) EXPENSES OF INQUIRIES AND INVESTIGATIONS,,163,59,block_data
118sdoc13,GPO-CDOC-118sdoc13-2.pdf,1448,1448,data,True,1443,1443,SMALL BUSINESS AND ENTREPRENEURSHIP S.RES. 59C (118TH) EXPENSES OF INQUIRIES AND INVESTIGATIONS,,158,57,block_data
118sdoc13,GPO-CDOC-118sdoc13-2.pdf,1449,1449,data,True,1443,1443,SMALL BUSINESS AND ENTREPRENEURSHIP S.RES. 59C (118TH) EXPENSES OF INQUIRIES AND INVESTIGATIONS,,170,59,block_data
118sdoc13,GPO-CDOC-118sdoc13-2.pdf,1450,1450,data,True,1443,1443,SMALL BUSINESS AND ENTREPRENEURSHIP S.RES. 59C (118TH) EXPENSES OF INQUIRIES AND INVESTIGATIONS,,167,58,block_data
118sdoc13,GPO-CDOC-118sdoc13-2.pdf,1451,1451,data,True,1443,1443,SMALL BUSINESS AND ENTREPRENEURSHIP S.RES. 59C (118TH) EXPENSES OF INQUIRIES AND INVESTIGATIONS,,180,53,block_data
118sdoc13,GPO-CDOC-118sdoc13-2.pdf,1452,1452,banner,True,1452,1452,SPECIAL COMMITTEE ON AGING S.RES. 70C (117TH) EXPENSES OF INQUIRIES AND INVESTIGATIONS,,73,33,block_start
118sdoc13,GPO-CDOC-118sdoc13-2.pdf,1453,1453,banner,True,1453,1453,SPECIAL COMMITTEE ON AGING S.RES. 70D (117TH) EXPENSES OF INQUIRIES AND INVESTIGATIONS,,73,33,block_start
118sdoc13,GPO-CDOC-118sdoc13-2.pdf,1454,1454,banner,True,1454,1454,SPECIAL COMMITTEE ON AGING S.RES. 59B (118TH) EXPENSES OF INQUIRIES AND INVESTIGATIONS,,73,33,block_start
118sdoc13,GPO-CDOC-118sdoc13-2.pdf,1455,1455,banner,True,1455,1455,SPECIAL COMMITTEE ON AGING S.RES. 59C (118TH) EXPENSES OF INQUIRIES AND INVESTIGATIONS,,136,54,block_start
118sdoc13,GPO-CDOC-118sdoc13-2.pdf,1456,1456,data,True,1455,1455,SPECIAL COMMITTEE ON AGING S.RES. 59C (118TH) EXPENSES OF INQUIRIES AND INVESTIGATIONS,,159,59,block_data
118sdoc13,GPO-CDOC-118sdoc13-2.pdf,1457,1457,data,True,1455,1455,SPECIAL COMMITTEE ON AGING S.RES. 59C (118TH) EXPENSES OF INQUIRIES AND INVESTIGATIONS,,183,59,block_data
118sdoc13,GPO-CDOC-118sdoc13-2.pdf,1458,1458,data,True,1455,1455,SPECIAL COMMITTEE ON AGING S.RES. 59C (118TH) EXPENSES OF INQUIRIES AND INVESTIGATIONS,,166,62,block_data
118sdoc13,GPO-CDOC-118sdoc13-2.pdf,1459,1459,data,True,1455,1455,SPECIAL COMMITTEE ON AGING S.RES. 59C (118TH) EXPENSES OF INQUIRIES AND INVESTIGATIONS,,187,51,block_data
118sdoc13,GPO-CDOC-118sdoc13-2.pdf,1460,1460,banner,True,1460,1460,VETERANS' AFFAIRS S.RES. 70C (117TH) EXPENSES OF INQUIRIES AND INVESTIGATIONS,,70,33,block_start
118sdoc13,GPO-CDOC-118sdoc13-2.pdf,1461,1461,banner,True,1461,1461,VETERANS' AFFAIRS S.RES. 70D (117TH) EXPENSES OF INQUIRIES AND INVESTIGATIONS,,114,40,block_start
118sdoc13,GPO-CDOC-118sdoc13-2.pdf,1462,1462,banner,True,1462,1462,VETERANS' AFFAIRS S.RES. 59B (118TH) EXPENSES OF INQUIRIES AND INVESTIGATIONS,,89,36,block_start
118sdoc13,GPO-CDOC-118sdoc13-2.pdf,1463,1463,banner,True,1463,1463,VETERANS' AFFAIRS S.RES. 59C (118TH) EXPENSES OF INQUIRIES AND INVESTIGATIONS,,136,54,block_start
118sdoc13,GPO-CDOC-118sdoc13-2.pdf,1464,1464,data,True,1463,1463,VETERANS' AFFAIRS S.RES. 59C (118TH) EXPENSES OF INQUIRIES AND INVESTIGATIONS,,176,59,block_data
118sdoc13,GPO-CDOC-118sdoc13-2.pdf,1465,1465,data,True,1463,1463,VETERANS' AFFAIRS S.RES. 59C (118TH) EXPENSES OF INQUIRIES AND INVESTIGATIONS,,160,58,block_data
118sdoc13,GPO-CDOC-118sdoc13-2.pdf,1466,1466,data,True,1463,1463,VETERANS' AFFAIRS S.RES. 59C (118TH) EXPENSES OF INQUIRIES AND INVESTIGATIONS,,211,57,block_data
118sdoc13,GPO-CDOC-118sdoc13-2.pdf,1467,1467,data,True,1463,1463,VETERANS' AFFAIRS S.RES. 59C (118TH) EXPENSES OF INQUIRIES AND INVESTIGATIONS,,28,14,block_data
118sdoc13,GPO-CDOC-118sdoc13-2.pdf,1468,1468,banner,True,1468,1468,SPECIAL RESERVES S.RES. 70C (117TH) EXPENSES OF INQUIRIES AND INVESTIGATIONS,,52,27,block_start
118sdoc13,GPO-CDOC-118sdoc13-2.pdf,1469,1469,banner,True,1469,1469,SPECIAL RESERVES S.RES. 70D (117TH) EXPENSES OF INQUIRIES AND INVESTIGATIONS,,52,27,block_start
118sdoc13,GPO-CDOC-118sdoc13-2.pdf,1470,1470,banner,True,1470,1470,SPECIAL RESERVES S.RES. 59B (118TH) EXPENSES OF INQUIRIES AND INVESTIGATIONS,,52,27,block_start
118sdoc13,GPO-CDOC-118sdoc13-2.pdf,1471,1471,banner,True,1471,1471,SPECIAL RESERVES S.RES. 59C (118TH) EXPENSES OF INQUIRIES AND INVESTIGATIONS,,52,27,block_start
118sdoc13,GPO-CDOC-118sdoc13-2.pdf,1472,1472,other,False,1471,1471,SPECIAL RESERVES S.RES. 59C (118TH) EXPENSES OF INQUIRIES AND INVESTIGATIONS,,0,0,terminates_block
118sdoc13,GPO-CDOC-118sdoc13-2.pdf,1473,1473,banner,True,1473,1473,MEMBER COMPENSATION,2022,51,24,block_start
118sdoc13,GPO-CDOC-118sdoc13-2.pdf,1474,1474,banner,True,1474,1474,MEMBER COMPENSATION,2023,51,24,block_start
118sdoc13,GPO-CDOC-118sdoc13-2.pdf,1475,1475,banner,True,1475,1475,MEMBER COMPENSATION,2024,138,52,block_start
118sdoc13,GPO-CDOC-118sdoc13-2.pdf,1476,1476,data,True,1475,1475,MEMBER COMPENSATION,2024,163,56,block_data
118sdoc13,GPO-CDOC-118sdoc13-2.pdf,1477,1477,data,True,1475,1475,MEMBER COMPENSATION,2024,90,33,block_data
118sdoc13,GPO-CDOC-118sdoc13-2.pdf,1478,1478,other,False,1475,1475,MEMBER COMPENSATION,2024,0,0,terminates_block
118sdoc13,GPO-CDOC-118sdoc13-2.pdf,1479,1479,other,False,,,,,269,48,non_data
118sdoc13,GPO-CDOC-118sdoc13-2.pdf,1480,1480,other,False,,,,,269,48,non_data
118sdoc13,GPO-CDOC-118sdoc13-2.pdf,1481,1481,other,False,,,,,167,43,non_data
118sdoc13,GPO-CDOC-118sdoc13-2.pdf,1482,1482,other,False,,,,,275,49,non_data
118sdoc13,GPO-CDOC-118sdoc13-2.pdf,1483,1483,other,False,,,,,269,48,non_data
118sdoc13,GPO-CDOC-118sdoc13-2.pdf,1484,1484,other,False,,,,,167,43,non_data
